ID,True_Material,Pred_Material,True_SOC,Pred_SOC,True_SOH,Pred_SOH
PIP15829A00209415,LMO_10Ah,LMO_10Ah,38.8252,29.494835,0.67015,0.6980252
PIP15D26A03261343,LMO_10Ah,LMO_10Ah,61.3405,29.49399,0.71626,0.71129376
PIP15D19A03280145,LMO_10Ah,LMO_26Ah,41.6439,29.494614,0.74285,0.7803754
PIP15D01A03241499,LMO_10Ah,LMO_26Ah,47.5273,29.494905,0.79292,0.8511407
PIP15N21A50200177,LMO_10Ah,LMO_10Ah,8.6173,5.244284,0.87622,0.7530227
PIP15D25A03219538,LMO_10Ah,LMO_10Ah,26.4669,28.536993,0.8858900000000001,0.8591597
PIP15N26A01201901,LMO_10Ah,LMO_25Ah,30.3575,18.65946,0.87909,0.8949209
PIP15828A00213703,LMO_10Ah,LMO_10Ah,38.6217,29.49494,0.59307,0.63032
PIP15D01A03221296,LMO_10Ah,LMO_10Ah,58.0204,29.49469,0.87905,0.8668422
PIP15N15A03208398,LMO_10Ah,LMO_10Ah,63.7579,29.494825,0.88277,0.89325815
PIP15N15A03208683,LMO_10Ah,LMO_10Ah,53.3811,29.494146,0.8700699999999999,0.8977606
PIP15D25A03243702,LMO_10Ah,LMO_10Ah,8.8585,6.6797943,0.8977299999999999,0.8576631
PIP15D26A03252860,LMO_10Ah,LMO_10Ah,50.482,29.493803,0.9214399999999999,0.8700406
PIP15D23A03282874,LMO_10Ah,LMO_10Ah,68.8352,29.495094,0.89416,0.90225744
PJP17601527003A007037,NMC_15Ah,NMC_15Ah,33.5103,29.493668,0.7527466666666667,0.9046757
PJP17930O01003A017268,NMC_15Ah,NMC_15Ah,52.0063,29.494957,0.75258,0.7795501
PJP17601527001A008674,NMC_15Ah,LMO_24Ah,35.3566,29.49396,0.7564933333333334,0.7461646
PJP17601529001A010983,NMC_15Ah,NMC_15Ah,19.9515,16.572012,0.7735933333333332,0.850549
PJP17930O01001A011629,NMC_15Ah,NMC_15Ah,39.1115,29.4944,0.75428,0.7642669
PJP17601527001A008592,NMC_15Ah,NMC_15Ah,22.5881,15.603271,0.7639066666666667,0.7855622
PJP17601527002A007215,NMC_15Ah,NMC_15Ah,41.6439,29.494566,0.7767866666666666,0.76600695
PJP17601527003A007274,NMC_15Ah,NMC_15Ah,58.6931,29.494743,0.76566,0.78374463
PJP17601529001A003327,NMC_15Ah,NMC_15Ah,41.452,29.494713,0.7542866666666667,0.7715924
PJP17601529001A001010,NMC_15Ah,NMC_15Ah,41.3203,29.494635,0.7656533333333333,0.76876897
PJP17930O01001A006207,NMC_15Ah,NMC_15Ah,37.1093,29.494232,0.7581,0.76676136
PJP17601527001A008438,NMC_15Ah,NMC_15Ah,65.0,29.493944,0.7541066666666667,0.7827695
PJP17601527003A009662,NMC_15Ah,NMC_15Ah,34.8354,29.493774,0.7714599999999999,0.7542724
PJP17930O01003A016647,NMC_15Ah,NMC_15Ah,41.6497,29.4947,0.75896,0.7703633
PJP17530529002A000337,NMC_15Ah,NMC_15Ah,57.0066,29.494783,0.7549399999999999,0.7806578
PJP17601527003A009747,NMC_15Ah,NMC_15Ah,55.9235,29.49488,0.7671666666666667,0.78394794
PJP17601527001A012082,NMC_15Ah,NMC_15Ah,26.9765,20.439642,0.7630533333333334,0.76229006
PJP17930O01003A017730,NMC_15Ah,LMO_24Ah,8.3761,8.949153,0.7969666666666666,0.73487943
PJP17930O01003A018005,NMC_15Ah,NMC_15Ah,52.0704,29.494974,0.79294,0.7889959
02LCC02100101A87Y0026421,NMC_21Ah,NMC_21Ah,26.9765,27.503431,1.000052380952381,0.96650463
02LCC02100101A87Y0010168,NMC_21Ah,NMC_21Ah,34.3612,29.465858,1.0051,0.9777451
02LCC02100101A8BC0103482,NMC_21Ah,LMO_25Ah,8.135,16.126623,0.7755,0.7959729
02LCC02100101A87Y0074479,NMC_21Ah,NMC_15Ah,43.8556,29.493546,0.9881190476190476,0.99648666
02LCC02100101A87Y0020833,NMC_21Ah,NMC_21Ah,41.3203,29.270872,0.9979714285714285,0.93124837
02LCC02100101A87Y0027455,NMC_21Ah,NMC_15Ah,70.0,29.49491,1.011161904761905,0.97302437
02LCC02100101A87Y0173907,NMC_21Ah,LMO_24Ah,55.9235,29.494234,1.006,0.9976427
02LCC02100101A87Y0177229,NMC_21Ah,NMC_21Ah,49.0491,29.493792,0.9903,0.98159957
02LCC02100101A87Y0175162,NMC_21Ah,NMC_15Ah,34.8354,29.415236,1.001404761904762,0.9598864
02LCC02100101A87Y0172641,NMC_21Ah,LMO_24Ah,21.8027,22.338915,1.004309523809524,0.9352283
A170530525010800027,LMO_24Ah,LMO_24Ah,75.0,7.6348004,0.7957208333333333,0.8047192
A170528511010800104,LMO_24Ah,LMO_24Ah,41.9541,29.495064,0.7689125,0.7783566
A170526507010800030,LMO_24Ah,NMC_21Ah,46.7917,29.495192,0.7420833333333333,0.7636377
A170622616030800696,LMO_24Ah,LMO_24Ah,9.0996,14.887948,1.095941666666667,1.015782
A170527511010800595,LMO_24Ah,NMC_21Ah,20.5001,15.260446,0.7606625,0.7945626
A170531525010801074,LMO_24Ah,LMO_24Ah,44.7967,29.495079,0.802275,0.7965309
A170529511010800411,LMO_24Ah,LMO_10Ah,7.6527,15.2919655,0.6376916666666667,0.7640538
A170528511010802245,LMO_24Ah,NMC_21Ah,36.6803,29.494865,0.74125,0.73220086
A170525507010800198,LMO_24Ah,LMO_24Ah,44.4627,29.495008,0.825625,0.80267686
A170606528030800466,LMO_24Ah,LMO_24Ah,40.1289,29.370192,1.0524,1.0845636
A170529511010800365,LMO_24Ah,LMO_25Ah,31.8633,29.494017,0.7595833333333334,0.85682064
515092904916,LMO_25Ah,LMO_25Ah,27.7305,29.495287,0.629024,0.72994727
515092905212,LMO_25Ah,LMO_24Ah,50.482,29.495028,0.918516,0.85526514
515093002457,LMO_25Ah,LMO_25Ah,7.8938,17.818384,0.715284,0.6595989
516020603556,LMO_25Ah,LMO_25Ah,35.3767,29.495,0.6442319999999999,0.6787104
515092904019,LMO_25Ah,LMO_25Ah,41.6439,29.495155,0.7791079999999999,0.79692835
515093000451,LMO_25Ah,NMC_21Ah,8.8585,14.788445,0.934832,0.892464
515092901182,LMO_25Ah,LMO_25Ah,7.1704,17.738058,0.601472,0.708726
515092904740,LMO_25Ah,LMO_25Ah,25.6641,29.49286,0.617416,0.600719
515100100624,LMO_25Ah,LMO_25Ah,8.3761,18.779295,0.8321599999999999,0.80547076
515093001782,LMO_25Ah,NMC_21Ah,50.1002,29.49495,0.925024,0.8999119
515093002576,LMO_25Ah,LMO_25Ah,50.1557,29.495277,0.804024,0.889739
515093000724,LMO_25Ah,LMO_25Ah,38.8252,29.495203,0.7228279999999999,0.7690503
515093002348,LMO_25Ah,LMO_25Ah,21.1016,24.3725,0.782636,0.6745229
515092501338,LMO_25Ah,LMO_25Ah,32.339,29.495138,0.590388,0.5993548
515092901199,LMO_25Ah,LMO_25Ah,27.5501,29.49507,0.422888,0.5425608
515093000605,LMO_25Ah,NMC_21Ah,35.9961,29.494446,0.8718319999999999,0.857843
515100102065,LMO_25Ah,LMO_25Ah,8.6173,18.468575,0.886136,0.86972594
515093002646,LMO_25Ah,NMC_21Ah,70.0083,29.494911,0.88878,0.9272776
515100101320,LMO_25Ah,LMO_25Ah,75.0,29.493849,0.795436,0.8178398
515092904410,LMO_25Ah,NMC_21Ah,44.4627,29.494814,0.84136,0.79521996
515093001367,LMO_25Ah,LMO_25Ah,44.7967,29.49527,0.7882760000000001,0.84331924
515093004000,LMO_25Ah,LMO_25Ah,41.9541,29.495232,0.746968,0.8349388
515100100526,LMO_25Ah,NMC_21Ah,22.2517,27.081003,0.872804,0.8477457
515092904584,LMO_25Ah,LMO_25Ah,50.0064,29.495302,0.7854439999999999,0.85288024
515092905201,LMO_25Ah,LMO_24Ah,53.6027,29.495054,0.944636,0.8527023
H27734091053,LMO_26Ah,LMO_26Ah,8.3761,19.075441,0.8388307692307693,0.92826957
H27735178005,LMO_26Ah,LMO_26Ah,53.3811,29.49515,0.8490000000000001,0.9128755
H27733490499,LMO_26Ah,LMO_26Ah,70.0083,29.494665,0.8877884615384615,0.96652406
H27734592855,LMO_26Ah,LMO_26Ah,22.2517,28.266342,0.8586153846153847,0.8901493
H27734492478,LMO_26Ah,LMO_24Ah,90.0,29.493567,0.9984076923076923,0.93210816
H27733590292,LMO_26Ah,LMO_26Ah,38.0625,29.49476,0.9464884615384614,0.92038864
H27734676393,LMO_26Ah,LMO_24Ah,62.6027,29.49517,0.9604461538461538,0.912831
H27735077206,LMO_26Ah,LMO_26Ah,71.0838,29.494741,0.9195923076923077,0.8983266
H27735176665,LMO_26Ah,LMO_26Ah,53.3246,29.49514,0.998203846153846,0.8840199
H27734291854,LMO_26Ah,LMO_26Ah,24.5519,28.168398,0.9923153846153846,0.96175545
H27734591085,LMO_26Ah,LMO_26Ah,42.3415,29.494936,0.9497769230769231,0.9338503
H27734491651,LMO_26Ah,LMO_24Ah,85.0,29.493586,0.9381923076923078,0.9092856
H27735076930,LMO_26Ah,NMC_21Ah,75.214,29.494743,0.9650538461538462,0.9349653
H27734691342,LMO_26Ah,LMO_24Ah,85.0,29.493448,0.9401923076923077,0.92218584
H27735177571,LMO_26Ah,LMO_26Ah,75.0,29.493776,0.8238038461538462,0.9132932
17号,LFP_35Ah,LFP_35Ah,40.8667,27.876617,0.8172685714285713,0.85969526
1号,LFP_35Ah,LFP_35Ah,41.452,27.760252,0.7431371428571428,0.86501235
34号,LFP_35Ah,LFP_35Ah,38.5265,27.81132,0.8159685714285715,0.89180565
36号,LFP_35Ah,LFP_35Ah,32.1026,27.608551,0.88972,0.8815214
37号,LFP_35Ah,LFP_35Ah,33.7731,27.674828,0.88372,0.88262147
53号,LFP_35Ah,LFP_35Ah,53.3916,28.78539,0.9176657142857142,0.8506457
8号,LFP_35Ah,LFP_35Ah,29.7969,27.060616,0.7810742857142857,0.820419
9号,LFP_35Ah,LFP_35Ah,19.3077,18.90761,0.7772285714285714,0.84849304
02HCB68111211Y87Y0002979,LFP_68Ah,LFP_68Ah,21.1016,18.615105,0.8426367647058823,0.7800675
02HCB68111211Y88D0000337,LFP_68Ah,NMC_15Ah,44.7967,20.141031,0.8511661764705882,0.7809324
02HCB68111211Y88D0003997,LFP_68Ah,LFP_68Ah,18.1154,20.458673,0.6526647058823529,0.76257974
02HCB68111211Y87Y0011345,LFP_68Ah,LFP_68Ah,5.0,7.221908,0.8249632352941176,0.78380275
02HCB68111211Y87Y0015653,LFP_68Ah,LFP_68Ah,48.7083,20.969246,0.7779485294117647,0.78867036
02HCB68111211Y86L0000199,LFP_68Ah,LFP_68Ah,32.5404,20.286436,0.7060573529411764,0.78910875
02HCB68111211Y86X0004792,LFP_68Ah,LFP_68Ah,31.8633,20.199625,0.7697308823529412,0.7861314
02HCB68111211Y87Y0015365,LFP_68Ah,NMC_15Ah,60.1373,27.263334,0.8225014705882353,0.77269554
02HCB68111211Y86S0005042,LFP_68Ah,LFP_68Ah,41.9839,21.84109,0.6715102941176471,0.78753567
02HCB68111211Y88D0003294,LFP_68Ah,LFP_68Ah,46.8445,21.126495,0.8352544117647058,0.78699034
02HCB68111211Y88E0004340,LFP_68Ah,LFP_68Ah,44.1142,20.254408,0.8342852941176471,0.7845742
02HCB68111211Y87Y0013553,LFP_68Ah,LFP_68Ah,37.6917,20.765543,0.8047691176470588,0.7889362
02HCB68111211Y87Y0013903,LFP_68Ah,NMC_15Ah,39.9041,20.115911,0.8119000000000001,0.78154254
02HCB68111211Y87Y0009622,LFP_68Ah,NMC_15Ah,37.1305,20.16897,0.8424544117647059,0.7809217
02HCB68111211Y87Y0012947,LFP_68Ah,LFP_68Ah,39.5793,20.282007,0.8117617647058823,0.7853279
02HCB68111211Y87Y0003936,LFP_68Ah,NMC_15Ah,62.8233,28.743515,0.8382176470588236,0.77706903
02HCB68111211Y88D0005602,LFP_68Ah,NMC_15Ah,39.1172,20.157074,0.8460514705882353,0.77883583
02HCB68111211Y88E0004523,LFP_68Ah,LFP_68Ah,50.1764,20.854908,0.8356073529411765,0.78122586
02HCB68111211Y86V0003442,LFP_68Ah,LFP_68Ah,43.058,21.642118,0.6879132352941176,0.79293185
02HCB68111211Y86X0009373,LFP_68Ah,LFP_68Ah,18.8014,16.383997,0.7169970588235294,0.7913559
02HCB68111211Y88E0004411,LFP_68Ah,NMC_15Ah,59.1842,26.876394,0.8248588235294118,0.7764129
02HCB68111211Y87Y0004508,LFP_68Ah,NMC_15Ah,75.0,28.694138,0.8487455882352941,0.7897985
02HCB68111211Y86M0004883,LFP_68Ah,LFP_68Ah,39.1115,20.170576,0.7269970588235294,0.7834632
02HCB68111211Y86L0005694,LFP_68Ah,LFP_68Ah,52.0063,23.29714,0.6864426470588235,0.7836127
02HCB68111211Y88E0004333,LFP_68Ah,LFP_68Ah,29.431,20.086168,0.8231911764705881,0.7816939
02HCB68111211Y87Y0007299,LFP_68Ah,NMC_15Ah,38.262,20.14518,0.8386073529411765,0.7777168
PIP15829A00209415,LMO_10Ah,LMO_10Ah,38.8252,29.494867,0.67015,0.6743751
PIP15D26A03261343,LMO_10Ah,LMO_10Ah,61.3405,29.494005,0.71626,0.77889746
PIP15D19A03280145,LMO_10Ah,LMO_26Ah,41.6439,29.494423,0.74285,0.8734165
PIP15D01A03241499,LMO_10Ah,LMO_26Ah,47.5273,29.49491,0.79292,0.8144762
PIP15N21A50200177,LMO_10Ah,LMO_10Ah,8.6173,5.2605414,0.87622,0.78382856
PIP15D25A03219538,LMO_10Ah,LMO_10Ah,26.4669,28.80116,0.8858900000000001,0.89490014
PIP15N26A01201901,LMO_10Ah,LMO_25Ah,30.3575,18.753395,0.87909,0.8903966
PIP15828A00213703,LMO_10Ah,LMO_10Ah,38.6217,29.494967,0.59307,0.64881676
PIP15D01A03221296,LMO_10Ah,LMO_10Ah,58.0204,29.494902,0.87905,0.8922367
PIP15N15A03208398,LMO_10Ah,LMO_10Ah,63.7579,29.494825,0.88277,0.89569396
PIP15N15A03208683,LMO_10Ah,LMO_10Ah,53.3811,29.494146,0.8700699999999999,0.8972435
PIP15D25A03243702,LMO_10Ah,LMO_10Ah,8.8585,6.702802,0.8977299999999999,0.86571765
PIP15D26A03252860,LMO_10Ah,LMO_10Ah,50.482,29.493797,0.9214399999999999,0.87046224
PIP15D23A03282874,LMO_10Ah,LMO_10Ah,68.8352,29.495096,0.89416,0.9023078
PJP17601527003A007037,NMC_15Ah,NMC_15Ah,33.5103,29.493708,0.7527466666666667,0.7638173
PJP17930O01003A017268,NMC_15Ah,NMC_15Ah,52.0063,29.494959,0.75258,0.7902324
PJP17601527001A008674,NMC_15Ah,LMO_24Ah,35.3566,29.493963,0.7564933333333334,0.7476544
PJP17601529001A010983,NMC_15Ah,NMC_15Ah,19.9515,16.84916,0.7735933333333332,0.78430635
PJP17930O01001A011629,NMC_15Ah,NMC_15Ah,39.1115,29.4944,0.75428,0.76574534
PJP17601527001A008592,NMC_15Ah,NMC_15Ah,22.5881,15.662431,0.7639066666666667,0.7845308
PJP17601527002A007215,NMC_15Ah,NMC_15Ah,41.6439,29.494566,0.7767866666666666,0.7558151
PJP17601527003A007274,NMC_15Ah,NMC_15Ah,58.6931,29.494751,0.76566,0.8501446
PJP17601529001A003327,NMC_15Ah,NMC_15Ah,41.452,29.494713,0.7542866666666667,0.7675476
PJP17601529001A001010,NMC_15Ah,NMC_15Ah,41.3203,29.494637,0.7656533333333333,0.7667217
PJP17930O01001A006207,NMC_15Ah,NMC_15Ah,37.1093,29.494234,0.7581,0.7770812
PJP17601527001A008438,NMC_15Ah,NMC_15Ah,65.0,29.493944,0.7541066666666667,0.7818501
PJP17601527003A009662,NMC_15Ah,NMC_15Ah,34.8354,29.493774,0.7714599999999999,0.75499755
PJP17930O01003A016647,NMC_15Ah,NMC_15Ah,41.6497,29.4947,0.75896,0.7665655
PJP17530529002A000337,NMC_15Ah,NMC_15Ah,57.0066,29.494787,0.7549399999999999,0.7837742
PJP17601527003A009747,NMC_15Ah,NMC_15Ah,55.9235,29.49488,0.7671666666666667,0.76849073
PJP17601527001A012082,NMC_15Ah,NMC_15Ah,26.9765,20.440332,0.7630533333333334,0.7639103
PJP17930O01003A017730,NMC_15Ah,LMO_24Ah,8.3761,8.951134,0.7969666666666666,0.7457916
PJP17930O01003A018005,NMC_15Ah,NMC_15Ah,52.0704,29.495077,0.79294,0.771908
02LCC02100101A87Y0026421,NMC_21Ah,NMC_21Ah,26.9765,27.390371,1.000052380952381,0.967627
02LCC02100101A87Y0010168,NMC_21Ah,NMC_21Ah,34.3612,29.458315,1.0051,0.98939466
02LCC02100101A8BC0103482,NMC_21Ah,LMO_25Ah,8.135,16.116776,0.7755,0.7993228
02LCC02100101A87Y0074479,NMC_21Ah,NMC_15Ah,43.8556,29.493546,0.9881190476190476,0.9993227
02LCC02100101A87Y0020833,NMC_21Ah,NMC_21Ah,41.3203,29.493408,0.9979714285714285,0.9957301
02LCC02100101A87Y0027455,NMC_21Ah,NMC_15Ah,70.0,29.494913,1.011161904761905,0.9743703
02LCC02100101A87Y0173907,NMC_21Ah,LMO_24Ah,55.9235,29.49423,1.006,0.9842837
02LCC02100101A87Y0177229,NMC_21Ah,NMC_21Ah,49.0491,29.493792,0.9903,0.9816968
02LCC02100101A87Y0175162,NMC_21Ah,LMO_24Ah,34.8354,29.403015,1.001404761904762,0.96802527
02LCC02100101A87Y0172641,NMC_21Ah,LMO_24Ah,21.8027,22.314978,1.004309523809524,0.9634431
A170530525010800027,LMO_24Ah,LMO_24Ah,75.0,7.6392,0.7957208333333333,0.80395395
A170528511010800104,LMO_24Ah,NMC_21Ah,41.9541,29.495066,0.7689125,0.7761238
A170526507010800030,LMO_24Ah,NMC_21Ah,46.7917,29.495193,0.7420833333333333,0.7656067
A170622616030800696,LMO_24Ah,LMO_24Ah,9.0996,14.960923,1.095941666666667,1.0124996
A170527511010800595,LMO_24Ah,NMC_21Ah,20.5001,15.293452,0.7606625,0.7906213
A170531525010801074,LMO_24Ah,LMO_24Ah,44.7967,29.495079,0.802275,0.8022361
A170529511010800411,LMO_24Ah,LMO_10Ah,7.6527,15.268001,0.6376916666666667,0.7172272
A170528511010802245,LMO_24Ah,LMO_25Ah,36.6803,29.494865,0.74125,0.73540264
A170525507010800198,LMO_24Ah,LMO_24Ah,44.4627,29.495012,0.825625,0.7957689
A170606528030800466,LMO_24Ah,LMO_24Ah,40.1289,29.365128,1.0524,1.0870093
A170529511010800365,LMO_24Ah,LMO_25Ah,31.8633,29.493765,0.7595833333333334,0.90061665
515092904916,LMO_25Ah,LMO_25Ah,27.7305,29.495148,0.629024,0.57958573
515092905212,LMO_25Ah,LMO_24Ah,50.482,29.495028,0.918516,0.8544976
515093002457,LMO_25Ah,LMO_25Ah,7.8938,17.537722,0.715284,0.63476396
516020603556,LMO_25Ah,LMO_25Ah,35.3767,29.495193,0.6442319999999999,0.66959715
515092904019,LMO_25Ah,LMO_25Ah,41.6439,29.495157,0.7791079999999999,0.7473955
515093000451,LMO_25Ah,NMC_21Ah,8.8585,14.765008,0.934832,0.8908384
515092901182,LMO_25Ah,LMO_25Ah,7.1704,17.652163,0.601472,0.6810053
515092904740,LMO_25Ah,LMO_25Ah,25.6641,29.487326,0.617416,0.64236015
515100100624,LMO_25Ah,LMO_25Ah,8.3761,16.97234,0.8321599999999999,0.7518027
515093001782,LMO_25Ah,NMC_21Ah,50.1002,29.49495,0.925024,0.90520716
515093002576,LMO_25Ah,LMO_25Ah,50.1557,29.49528,0.804024,0.90670663
515093000724,LMO_25Ah,LMO_25Ah,38.8252,29.495201,0.7228279999999999,0.76980823
515093002348,LMO_25Ah,LMO_25Ah,21.1016,24.365313,0.782636,0.7108204
515092501338,LMO_25Ah,LMO_25Ah,32.339,29.49514,0.590388,0.5893217
515092901199,LMO_25Ah,LMO_25Ah,27.5501,29.495077,0.422888,0.587561
515093000605,LMO_25Ah,NMC_21Ah,35.9961,29.494438,0.8718319999999999,0.88500017
515100102065,LMO_25Ah,LMO_25Ah,8.6173,15.770249,0.886136,0.81403065
515093002646,LMO_25Ah,NMC_21Ah,70.0083,29.49492,0.88878,0.9321666
515100101320,LMO_25Ah,LMO_25Ah,75.0,29.49407,0.795436,0.86818796
515092904410,LMO_25Ah,NMC_21Ah,44.4627,29.495111,0.84136,0.9078528
515093001367,LMO_25Ah,NMC_21Ah,44.7967,29.495272,0.7882760000000001,0.8002506
515093004000,LMO_25Ah,LMO_25Ah,41.9541,29.495234,0.746968,0.7879601
515100100526,LMO_25Ah,NMC_21Ah,22.2517,27.056082,0.872804,0.80876535
515092904584,LMO_25Ah,LMO_25Ah,50.0064,29.495306,0.7854439999999999,0.82683116
515092905201,LMO_25Ah,LMO_24Ah,53.6027,29.495062,0.944636,0.8276088
H27734091053,LMO_26Ah,LMO_26Ah,8.3761,19.288723,0.8388307692307693,0.8899162
H27735178005,LMO_26Ah,LMO_26Ah,53.3811,29.495157,0.8490000000000001,0.9448664
H27733490499,LMO_26Ah,LMO_26Ah,70.0083,29.494675,0.8877884615384615,0.96480894
H27734592855,LMO_26Ah,LMO_26Ah,22.2517,28.06951,0.8586153846153847,0.89221126
H27734492478,LMO_26Ah,LMO_24Ah,90.0,29.493574,0.9984076923076923,0.9251993
H27733590292,LMO_26Ah,LMO_26Ah,38.0625,29.494186,0.9464884615384614,0.89148116
H27734676393,LMO_26Ah,LMO_24Ah,62.6027,29.495035,0.9604461538461538,0.8145361
H27735077206,LMO_26Ah,LMO_26Ah,71.0838,29.494753,0.9195923076923077,0.92723817
H27735176665,LMO_26Ah,LMO_26Ah,53.3246,29.494627,0.998203846153846,0.9960187
H27734291854,LMO_26Ah,LMO_26Ah,24.5519,27.913078,0.9923153846153846,0.9697132
H27734591085,LMO_26Ah,LMO_26Ah,42.3415,29.494558,0.9497769230769231,0.80576056
H27734491651,LMO_26Ah,LMO_24Ah,85.0,29.493607,0.9381923076923078,0.9311521
H27735076930,LMO_26Ah,LMO_26Ah,75.214,29.494757,0.9650538461538462,0.9254055
H27734691342,LMO_26Ah,LMO_24Ah,85.0,29.49347,0.9401923076923077,0.9214809
H27735177571,LMO_26Ah,LMO_26Ah,75.0,29.493795,0.8238038461538462,0.9456828
17号,LFP_35Ah,LFP_35Ah,40.8667,27.794497,0.8172685714285713,0.85626096
1号,LFP_35Ah,LFP_35Ah,41.452,27.731531,0.7431371428571428,0.8664091
34号,LFP_35Ah,LFP_35Ah,38.5265,27.752684,0.8159685714285715,0.891361
36号,LFP_35Ah,LFP_35Ah,32.1026,27.577408,0.88972,0.8804168
37号,LFP_35Ah,LFP_35Ah,33.7731,27.619265,0.88372,0.8890194
53号,LFP_35Ah,LFP_35Ah,53.3916,28.74262,0.9176657142857142,0.8533559
8号,LFP_35Ah,LFP_35Ah,29.7969,26.931982,0.7810742857142857,0.83037645
9号,LFP_35Ah,LFP_35Ah,19.3077,18.908215,0.7772285714285714,0.8466243
02HCB68111211Y87Y0002979,LFP_68Ah,LFP_68Ah,21.1016,18.625498,0.8426367647058823,0.7782329
02HCB68111211Y88D0000337,LFP_68Ah,LFP_68Ah,44.7967,20.148533,0.8511661764705882,0.7810502
02HCB68111211Y88D0003997,LFP_68Ah,LFP_68Ah,18.1154,20.43345,0.6526647058823529,0.8316779
02HCB68111211Y87Y0011345,LFP_68Ah,LFP_68Ah,5.0,7.221623,0.8249632352941176,0.7731991
02HCB68111211Y87Y0015653,LFP_68Ah,LFP_68Ah,48.7083,21.05641,0.7779485294117647,0.7889383
02HCB68111211Y86L0000199,LFP_68Ah,LFP_68Ah,32.5404,20.512276,0.7060573529411764,0.78492814
02HCB68111211Y86X0004792,LFP_68Ah,LFP_68Ah,31.8633,19.668127,0.7697308823529412,0.7814803
02HCB68111211Y87Y0015365,LFP_68Ah,NMC_15Ah,60.1373,27.403982,0.8225014705882353,0.77719826
02HCB68111211Y86S0005042,LFP_68Ah,LFP_68Ah,41.9839,22.018953,0.6715102941176471,0.78854483
02HCB68111211Y88D0003294,LFP_68Ah,LFP_68Ah,46.8445,21.527702,0.8352544117647058,0.787369
02HCB68111211Y88E0004340,LFP_68Ah,LFP_68Ah,44.1142,20.252548,0.8342852941176471,0.78403085
02HCB68111211Y87Y0013553,LFP_68Ah,LFP_68Ah,37.6917,20.9897,0.8047691176470588,0.7890036
02HCB68111211Y87Y0013903,LFP_68Ah,NMC_15Ah,39.9041,20.176794,0.8119000000000001,0.7815144
02HCB68111211Y87Y0009622,LFP_68Ah,NMC_15Ah,37.1305,20.178503,0.8424544117647059,0.7811203
02HCB68111211Y87Y0012947,LFP_68Ah,LFP_68Ah,39.5793,20.489859,0.8117617647058823,0.7860202
02HCB68111211Y87Y0003936,LFP_68Ah,NMC_15Ah,62.8233,28.751984,0.8382176470588236,0.78326964
02HCB68111211Y88D0005602,LFP_68Ah,NMC_15Ah,39.1172,20.155502,0.8460514705882353,0.7771593
02HCB68111211Y88E0004523,LFP_68Ah,LFP_68Ah,50.1764,20.409597,0.8356073529411765,0.78258175
02HCB68111211Y86V0003442,LFP_68Ah,LFP_68Ah,43.058,22.089361,0.6879132352941176,0.7938581
02HCB68111211Y86X0009373,LFP_68Ah,LFP_68Ah,18.8014,16.13435,0.7169970588235294,0.7909228
02HCB68111211Y88E0004411,LFP_68Ah,NMC_15Ah,59.1842,27.106636,0.8248588235294118,0.77727896
02HCB68111211Y87Y0004508,LFP_68Ah,NMC_15Ah,75.0,28.694786,0.8487455882352941,0.78224635
02HCB68111211Y86M0004883,LFP_68Ah,LFP_68Ah,39.1115,20.151987,0.7269970588235294,0.78355116
02HCB68111211Y86L0005694,LFP_68Ah,LFP_68Ah,52.0063,24.1127,0.6864426470588235,0.7842653
02HCB68111211Y88E0004333,LFP_68Ah,LFP_68Ah,29.431,20.070345,0.8231911764705881,0.78436995
02HCB68111211Y87Y0007299,LFP_68Ah,NMC_15Ah,38.262,19.889273,0.8386073529411765,0.77811575
PIP15829A00209415,LMO_10Ah,LMO_10Ah,38.8252,29.49484,0.67015,0.6588729
PIP15D26A03261343,LMO_10Ah,LMO_10Ah,61.3405,29.494009,0.71626,0.7625411
PIP15D19A03280145,LMO_10Ah,LMO_26Ah,41.6439,29.494614,0.74285,0.8089537
PIP15D01A03241499,LMO_10Ah,LMO_26Ah,47.5273,29.494905,0.79292,0.82824844
PIP15N21A50200177,LMO_10Ah,LMO_10Ah,8.6173,5.2471185,0.87622,0.78382206
PIP15D25A03219538,LMO_10Ah,LMO_10Ah,26.4669,28.52639,0.8858900000000001,0.8643324
PIP15N26A01201901,LMO_10Ah,LMO_25Ah,30.3575,18.672302,0.87909,0.89180917
PIP15828A00213703,LMO_10Ah,LMO_10Ah,38.6217,29.494947,0.59307,0.6595748
PIP15D01A03221296,LMO_10Ah,LMO_10Ah,58.0204,29.494902,0.87905,0.8811427
PIP15N15A03208398,LMO_10Ah,LMO_10Ah,63.7579,29.494825,0.88277,0.89592457
PIP15N15A03208683,LMO_10Ah,LMO_10Ah,53.3811,29.49414,0.8700699999999999,0.897556
PIP15D25A03243702,LMO_10Ah,LMO_10Ah,8.8585,6.8354363,0.8977299999999999,0.8607549
PIP15D26A03252860,LMO_10Ah,LMO_10Ah,50.482,29.493805,0.9214399999999999,0.8716667
PIP15D23A03282874,LMO_10Ah,LMO_10Ah,68.8352,29.495096,0.89416,0.89248604
PJP17601527003A007037,NMC_15Ah,NMC_15Ah,33.5103,29.493706,0.7527466666666667,0.8026487
PJP17930O01003A017268,NMC_15Ah,NMC_15Ah,52.0063,29.494963,0.75258,0.77918744
PJP17601527001A008674,NMC_15Ah,NMC_15Ah,35.3566,29.49396,0.7564933333333334,0.7868741
PJP17601529001A010983,NMC_15Ah,NMC_15Ah,19.9515,16.773382,0.7735933333333332,0.79087716
PJP17930O01001A011629,NMC_15Ah,NMC_15Ah,39.1115,29.494394,0.75428,0.7682447
PJP17601527001A008592,NMC_15Ah,NMC_15Ah,22.5881,15.691184,0.7639066666666667,0.7654276
PJP17601527002A007215,NMC_15Ah,NMC_15Ah,41.6439,29.494562,0.7767866666666666,0.76628757
PJP17601527003A007274,NMC_15Ah,NMC_15Ah,58.6931,29.494743,0.76566,0.78480357
PJP17601529001A003327,NMC_15Ah,NMC_15Ah,41.452,29.49471,0.7542866666666667,0.7675174
PJP17601529001A001010,NMC_15Ah,NMC_15Ah,41.3203,29.494883,0.7656533333333333,0.80934954
PJP17930O01001A006207,NMC_15Ah,NMC_15Ah,37.1093,29.494232,0.7581,0.7703428
PJP17601527001A008438,NMC_15Ah,NMC_15Ah,65.0,29.493948,0.7541066666666667,0.78357744
PJP17601527003A009662,NMC_15Ah,NMC_15Ah,34.8354,29.493774,0.7714599999999999,0.767355
PJP17930O01003A016647,NMC_15Ah,NMC_15Ah,41.6497,29.4947,0.75896,0.7664787
PJP17530529002A000337,NMC_15Ah,NMC_15Ah,57.0066,29.494783,0.7549399999999999,0.7810016
PJP17601527003A009747,NMC_15Ah,NMC_15Ah,55.9235,29.49488,0.7671666666666667,0.7794904
PJP17601527001A012082,NMC_15Ah,NMC_15Ah,26.9765,20.441275,0.7630533333333334,0.7646063
PJP17930O01003A017730,NMC_15Ah,LMO_24Ah,8.3761,8.964216,0.7969666666666666,0.73770684
PJP17930O01003A018005,NMC_15Ah,NMC_15Ah,52.0704,29.494972,0.79294,0.77523416
02LCC02100101A87Y0026421,NMC_21Ah,NMC_21Ah,26.9765,27.413836,1.000052380952381,0.96148044
02LCC02100101A87Y0010168,NMC_21Ah,NMC_21Ah,34.3612,29.462553,1.0051,0.9908591
02LCC02100101A8BC0103482,NMC_21Ah,LMO_25Ah,8.135,16.108023,0.7755,0.84323025
02LCC02100101A87Y0074479,NMC_21Ah,NMC_21Ah,43.8556,29.493532,0.9881190476190476,0.98540455
02LCC02100101A87Y0020833,NMC_21Ah,NMC_21Ah,41.3203,29.493402,0.9979714285714285,0.99549675
02LCC02100101A87Y0027455,NMC_21Ah,NMC_21Ah,70.0,29.49491,1.011161904761905,1.0137681
02LCC02100101A87Y0173907,NMC_21Ah,LMO_24Ah,55.9235,29.494238,1.006,1.0072881
02LCC02100101A87Y0177229,NMC_21Ah,NMC_21Ah,49.0491,29.49379,0.9903,0.94460803
02LCC02100101A87Y0175162,NMC_21Ah,LMO_24Ah,34.8354,29.414392,1.001404761904762,0.9766086
02LCC02100101A87Y0172641,NMC_21Ah,LMO_24Ah,21.8027,22.336794,1.004309523809524,0.93044853
A170530525010800027,LMO_24Ah,LMO_24Ah,75.0,7.6487274,0.7957208333333333,0.80375975
A170528511010800104,LMO_24Ah,LMO_24Ah,41.9541,29.495062,0.7689125,0.7775937
A170526507010800030,LMO_24Ah,NMC_21Ah,46.7917,29.495192,0.7420833333333333,0.7633868
A170622616030800696,LMO_24Ah,LMO_24Ah,9.0996,14.895093,1.095941666666667,0.99829125
A170527511010800595,LMO_24Ah,NMC_21Ah,20.5001,15.269054,0.7606625,0.79063267
A170531525010801074,LMO_24Ah,LMO_24Ah,44.7967,29.49508,0.802275,0.8819068
A170529511010800411,LMO_24Ah,LMO_10Ah,7.6527,15.278344,0.6376916666666667,0.7135089
A170528511010802245,LMO_24Ah,LMO_25Ah,36.6803,29.494871,0.74125,0.72453
A170525507010800198,LMO_24Ah,LMO_24Ah,44.4627,29.49501,0.825625,0.8032368
A170606528030800466,LMO_24Ah,LMO_24Ah,40.1289,29.363764,1.0524,1.0825269
A170529511010800365,LMO_24Ah,LMO_25Ah,31.8633,29.494009,0.7595833333333334,0.7870725
515092904916,LMO_25Ah,LMO_25Ah,27.7305,29.495142,0.629024,0.6278818
515092905212,LMO_25Ah,LMO_24Ah,50.482,29.495026,0.918516,0.8730786
515093002457,LMO_25Ah,LMO_25Ah,7.8938,17.536455,0.715284,0.64223105
516020603556,LMO_25Ah,LMO_25Ah,35.3767,29.495188,0.6442319999999999,0.7027587
515092904019,LMO_25Ah,LMO_25Ah,41.6439,29.494734,0.7791079999999999,0.7940061
515093000451,LMO_25Ah,NMC_21Ah,8.8585,14.454456,0.934832,0.9058838
515092901182,LMO_25Ah,LMO_25Ah,7.1704,17.665922,0.601472,0.6820249
515092904740,LMO_25Ah,LMO_25Ah,25.6641,29.481148,0.617416,0.60738474
515100100624,LMO_25Ah,LMO_25Ah,8.3761,16.186478,0.8321599999999999,0.74337107
515093001782,LMO_25Ah,NMC_21Ah,50.1002,29.494951,0.925024,0.8741649
515093002576,LMO_25Ah,LMO_25Ah,50.1557,29.49528,0.804024,0.8614187
515093000724,LMO_25Ah,LMO_25Ah,38.8252,29.4952,0.7228279999999999,0.7392239
515093002348,LMO_25Ah,LMO_25Ah,21.1016,24.278404,0.782636,0.679558
515092501338,LMO_25Ah,LMO_25Ah,32.339,29.495138,0.590388,0.6013554
515092901199,LMO_25Ah,LMO_25Ah,27.5501,29.495085,0.422888,0.5474914
515093000605,LMO_25Ah,NMC_21Ah,35.9961,29.494432,0.8718319999999999,0.8075864
515100102065,LMO_25Ah,LMO_25Ah,8.6173,15.69908,0.886136,0.82926434
515093002646,LMO_25Ah,NMC_21Ah,70.0083,29.49492,0.88878,0.8050725
515100101320,LMO_25Ah,LMO_25Ah,75.0,29.494074,0.795436,0.865722
515092904410,LMO_25Ah,LMO_25Ah,44.4627,29.495115,0.84136,0.8945175
515093001367,LMO_25Ah,LMO_25Ah,44.7967,29.49527,0.7882760000000001,0.87046736
515093004000,LMO_25Ah,LMO_25Ah,41.9541,29.494822,0.746968,0.79015326
515100100526,LMO_25Ah,NMC_21Ah,22.2517,27.019255,0.872804,0.8819754
515092904584,LMO_25Ah,LMO_25Ah,50.0064,29.495306,0.7854439999999999,0.86294764
515092905201,LMO_25Ah,LMO_24Ah,53.6027,29.495054,0.944636,0.89076346
H27734091053,LMO_26Ah,LMO_26Ah,8.3761,16.494562,0.8388307692307693,0.9691785
H27735178005,LMO_26Ah,LMO_26Ah,53.3811,29.49515,0.8490000000000001,0.934254
H27733490499,LMO_26Ah,LMO_26Ah,70.0083,29.494669,0.8877884615384615,0.95648795
H27734592855,LMO_26Ah,LMO_26Ah,22.2517,27.986727,0.8586153846153847,0.88912636
H27734492478,LMO_26Ah,LMO_24Ah,90.0,29.473963,0.9984076923076923,0.870756
H27733590292,LMO_26Ah,LMO_26Ah,38.0625,29.474625,0.9464884615384614,0.9672544
H27734676393,LMO_26Ah,LMO_24Ah,62.6027,29.495169,0.9604461538461538,0.97186416
H27735077206,LMO_26Ah,LMO_26Ah,71.0838,29.494743,0.9195923076923077,0.9440181
H27735176665,LMO_26Ah,LMO_26Ah,53.3246,29.495142,0.998203846153846,0.94227546
H27734291854,LMO_26Ah,LMO_26Ah,24.5519,29.434937,0.9923153846153846,1.0023665
H27734591085,LMO_26Ah,LMO_26Ah,42.3415,29.494934,0.9497769230769231,0.9619047
H27734491651,LMO_26Ah,LMO_24Ah,85.0,29.493605,0.9381923076923078,0.91803294
H27735076930,LMO_26Ah,LMO_26Ah,75.214,29.494751,0.9650538461538462,0.9642727
H27734691342,LMO_26Ah,LMO_24Ah,85.0,29.493467,0.9401923076923077,0.92633134
H27735177571,LMO_26Ah,LMO_26Ah,75.0,29.493797,0.8238038461538462,0.9402459
17号,LFP_35Ah,LFP_35Ah,40.8667,27.75805,0.8172685714285713,0.8252354
1号,LFP_35Ah,LFP_35Ah,41.452,27.737608,0.7431371428571428,0.8657896
34号,LFP_35Ah,LFP_35Ah,38.5265,27.749117,0.8159685714285715,0.8901114
36号,LFP_35Ah,LFP_35Ah,32.1026,27.627693,0.88972,0.8821371
37号,LFP_35Ah,LFP_35Ah,33.7731,27.637377,0.88372,0.87941366
53号,LFP_35Ah,LFP_35Ah,53.3916,28.742332,0.9176657142857142,0.8545799
8号,LFP_35Ah,LFP_35Ah,29.7969,26.964302,0.7810742857142857,0.8205541
9号,LFP_35Ah,LFP_35Ah,19.3077,18.896107,0.7772285714285714,0.85257655
02HCB68111211Y87Y0002979,LFP_68Ah,LFP_68Ah,21.1016,18.185892,0.8426367647058823,0.76252574
02HCB68111211Y88D0000337,LFP_68Ah,LFP_68Ah,44.7967,20.201384,0.8511661764705882,0.78099436
02HCB68111211Y88D0003997,LFP_68Ah,LFP_68Ah,18.1154,20.908407,0.6526647058823529,0.7577629
02HCB68111211Y87Y0011345,LFP_68Ah,LFP_68Ah,5.0,7.22133,0.8249632352941176,0.78695506
02HCB68111211Y87Y0015653,LFP_68Ah,LFP_68Ah,48.7083,20.997398,0.7779485294117647,0.788523
02HCB68111211Y86L0000199,LFP_68Ah,LFP_68Ah,32.5404,20.593592,0.7060573529411764,0.787744
02HCB68111211Y86X0004792,LFP_68Ah,LFP_68Ah,31.8633,20.250114,0.7697308823529412,0.78798485
02HCB68111211Y87Y0015365,LFP_68Ah,NMC_15Ah,60.1373,27.543882,0.8225014705882353,0.77709097
02HCB68111211Y86S0005042,LFP_68Ah,LFP_68Ah,41.9839,22.17837,0.6715102941176471,0.7918716
02HCB68111211Y88D0003294,LFP_68Ah,LFP_68Ah,46.8445,21.483168,0.8352544117647058,0.7879285
02HCB68111211Y88E0004340,LFP_68Ah,LFP_68Ah,44.1142,20.2892,0.8342852941176471,0.7842249
02HCB68111211Y87Y0013553,LFP_68Ah,LFP_68Ah,37.6917,21.130566,0.8047691176470588,0.790106
02HCB68111211Y87Y0013903,LFP_68Ah,LFP_68Ah,39.9041,19.895515,0.8119000000000001,0.76547307
02HCB68111211Y87Y0009622,LFP_68Ah,LFP_68Ah,37.1305,20.183966,0.8424544117647059,0.7817398
02HCB68111211Y87Y0012947,LFP_68Ah,LFP_68Ah,39.5793,20.55142,0.8117617647058823,0.7862611
02HCB68111211Y87Y0003936,LFP_68Ah,LFP_68Ah,62.8233,28.758156,0.8382176470588236,0.77786714
02HCB68111211Y88D0005602,LFP_68Ah,LFP_68Ah,39.1172,20.164618,0.8460514705882353,0.7786967
02HCB68111211Y88E0004523,LFP_68Ah,LFP_68Ah,50.1764,20.285528,0.8356073529411765,0.782238
02HCB68111211Y86V0003442,LFP_68Ah,LFP_68Ah,43.058,22.41876,0.6879132352941176,0.79231066
02HCB68111211Y86X0009373,LFP_68Ah,LFP_68Ah,18.8014,15.985715,0.7169970588235294,0.79471666
02HCB68111211Y88E0004411,LFP_68Ah,NMC_15Ah,59.1842,27.565018,0.8248588235294118,0.77817744
02HCB68111211Y87Y0004508,LFP_68Ah,NMC_15Ah,75.0,28.729437,0.8487455882352941,0.7923183
02HCB68111211Y86M0004883,LFP_68Ah,LFP_68Ah,39.1115,20.163277,0.7269970588235294,0.78394365
02HCB68111211Y86L0005694,LFP_68Ah,LFP_68Ah,52.0063,24.82339,0.6864426470588235,0.7844574
02HCB68111211Y88E0004333,LFP_68Ah,LFP_68Ah,29.431,19.790182,0.8231911764705881,0.7650067
02HCB68111211Y87Y0007299,LFP_68Ah,LMO_24Ah,38.262,20.148731,0.8386073529411765,0.77973145
PIP15829A00209415,LMO_10Ah,LMO_10Ah,38.8252,29.494844,0.67015,0.657449
PIP15D26A03261343,LMO_10Ah,LMO_10Ah,61.3405,29.494017,0.71626,0.7773039
PIP15D19A03280145,LMO_10Ah,LMO_26Ah,41.6439,29.494612,0.74285,0.80439967
PIP15D01A03241499,LMO_10Ah,LMO_26Ah,47.5273,29.49491,0.79292,0.8658881
PIP15N21A50200177,LMO_10Ah,LMO_10Ah,8.6173,5.2331495,0.87622,0.76951736
PIP15D25A03219538,LMO_10Ah,LMO_10Ah,26.4669,28.543161,0.8858900000000001,0.8607525
PIP15N26A01201901,LMO_10Ah,LMO_25Ah,30.3575,18.645363,0.87909,0.8837034
PIP15828A00213703,LMO_10Ah,LMO_10Ah,38.6217,29.495096,0.59307,0.6802156
PIP15D01A03221296,LMO_10Ah,LMO_10Ah,58.0204,29.494898,0.87905,0.8850932
PIP15N15A03208398,LMO_10Ah,LMO_10Ah,63.7579,29.494825,0.88277,0.8964034
PIP15N15A03208683,LMO_10Ah,LMO_10Ah,53.3811,29.494143,0.8700699999999999,0.8882451
PIP15D25A03243702,LMO_10Ah,LMO_10Ah,8.8585,6.928492,0.8977299999999999,0.86316055
PIP15D26A03252860,LMO_10Ah,LMO_10Ah,50.482,29.493803,0.9214399999999999,0.8729512
PIP15D23A03282874,LMO_10Ah,LMO_10Ah,68.8352,29.495092,0.89416,0.9023928
PJP17601527003A007037,NMC_15Ah,NMC_15Ah,33.5103,29.4937,0.7527466666666667,0.7634917
PJP17930O01003A017268,NMC_15Ah,NMC_15Ah,52.0063,29.494957,0.75258,0.7856591
PJP17601527001A008674,NMC_15Ah,NMC_15Ah,35.3566,29.493958,0.7564933333333334,0.75927585
PJP17601529001A010983,NMC_15Ah,NMC_15Ah,19.9515,16.763441,0.7735933333333332,0.7804846
PJP17930O01001A011629,NMC_15Ah,NMC_15Ah,39.1115,29.494593,0.75428,0.778122
PJP17601527001A008592,NMC_15Ah,NMC_15Ah,22.5881,15.714042,0.7639066666666667,0.782242
PJP17601527002A007215,NMC_15Ah,NMC_15Ah,41.6439,29.494562,0.7767866666666666,0.7663641
PJP17601527003A007274,NMC_15Ah,NMC_15Ah,58.6931,29.494741,0.76566,0.7872253
PJP17601529001A003327,NMC_15Ah,NMC_15Ah,41.452,29.494707,0.7542866666666667,0.7711565
PJP17601529001A001010,NMC_15Ah,NMC_15Ah,41.3203,29.494637,0.7656533333333333,0.77659935
PJP17930O01001A006207,NMC_15Ah,NMC_15Ah,37.1093,29.494226,0.7581,0.777601
PJP17601527001A008438,NMC_15Ah,NMC_15Ah,65.0,29.493952,0.7541066666666667,0.78455615
PJP17601527003A009662,NMC_15Ah,NMC_15Ah,34.8354,29.493769,0.7714599999999999,0.757242
PJP17930O01003A016647,NMC_15Ah,NMC_15Ah,41.6497,29.4947,0.75896,0.7687095
PJP17530529002A000337,NMC_15Ah,NMC_15Ah,57.0066,29.494783,0.7549399999999999,0.783703
PJP17601527003A009747,NMC_15Ah,NMC_15Ah,55.9235,29.494883,0.7671666666666667,0.78977233
PJP17601527001A012082,NMC_15Ah,NMC_15Ah,26.9765,20.442564,0.7630533333333334,0.75592965
PJP17930O01003A017730,NMC_15Ah,LMO_24Ah,8.3761,8.975316,0.7969666666666666,0.73511815
PJP17930O01003A018005,NMC_15Ah,NMC_15Ah,52.0704,29.494974,0.79294,0.7968486
02LCC02100101A87Y0026421,NMC_21Ah,NMC_21Ah,26.9765,27.357826,1.000052380952381,0.982944
02LCC02100101A87Y0010168,NMC_21Ah,NMC_21Ah,34.3612,29.467878,1.0051,0.9902374
02LCC02100101A8BC0103482,NMC_21Ah,LMO_25Ah,8.135,16.111158,0.7755,0.8016727
02LCC02100101A87Y0074479,NMC_21Ah,NMC_21Ah,43.8556,29.49353,0.9881190476190476,0.98377204
02LCC02100101A87Y0020833,NMC_21Ah,NMC_21Ah,41.3203,29.493408,0.9979714285714285,0.991652
02LCC02100101A87Y0027455,NMC_21Ah,NMC_21Ah,70.0,29.494913,1.011161904761905,0.9983759
02LCC02100101A87Y0173907,NMC_21Ah,LMO_24Ah,55.9235,29.494879,1.006,0.89759564
02LCC02100101A87Y0177229,NMC_21Ah,NMC_21Ah,49.0491,29.493788,0.9903,0.9877167
02LCC02100101A87Y0175162,NMC_21Ah,LMO_24Ah,34.8354,29.4104,1.001404761904762,0.9765928
02LCC02100101A87Y0172641,NMC_21Ah,LMO_24Ah,21.8027,22.216501,1.004309523809524,0.9614493
A170530525010800027,LMO_24Ah,LMO_24Ah,75.0,7.655119,0.7957208333333333,0.8053085
A170528511010800104,LMO_24Ah,LMO_24Ah,41.9541,29.495062,0.7689125,0.7765451
A170526507010800030,LMO_24Ah,NMC_21Ah,46.7917,29.495193,0.7420833333333333,0.74662703
A170622616030800696,LMO_24Ah,LMO_24Ah,9.0996,14.878438,1.095941666666667,1.0492285
A170527511010800595,LMO_24Ah,NMC_21Ah,20.5001,15.272391,0.7606625,0.8006069
A170531525010801074,LMO_24Ah,LMO_24Ah,44.7967,29.495077,0.802275,0.7947858
A170529511010800411,LMO_24Ah,LMO_10Ah,7.6527,15.281085,0.6376916666666667,0.6613893
A170528511010802245,LMO_24Ah,LMO_25Ah,36.6803,29.494865,0.74125,0.7554262
A170525507010800198,LMO_24Ah,LMO_24Ah,44.4627,29.495012,0.825625,0.8376193
A170606528030800466,LMO_24Ah,LMO_24Ah,40.1289,29.363485,1.0524,1.0237894
A170529511010800365,LMO_24Ah,LMO_25Ah,31.8633,29.494005,0.7595833333333334,0.76245207
515092904916,LMO_25Ah,LMO_25Ah,27.7305,29.49514,0.629024,0.66277313
515092905212,LMO_25Ah,LMO_24Ah,50.482,29.49482,0.918516,0.8976622
515093002457,LMO_25Ah,LMO_25Ah,7.8938,17.537006,0.715284,0.66962045
516020603556,LMO_25Ah,LMO_25Ah,35.3767,29.495192,0.6442319999999999,0.64196557
515092904019,LMO_25Ah,LMO_25Ah,41.6439,29.495155,0.7791079999999999,0.8287983
515093000451,LMO_25Ah,NMC_21Ah,8.8585,14.406718,0.934832,0.89693266
515092901182,LMO_25Ah,LMO_25Ah,7.1704,17.61189,0.601472,0.70264703
515092904740,LMO_25Ah,LMO_25Ah,25.6641,29.475924,0.617416,0.6735702
515100100624,LMO_25Ah,LMO_25Ah,8.3761,16.073826,0.8321599999999999,0.74835086
515093001782,LMO_25Ah,NMC_21Ah,50.1002,29.494944,0.925024,0.8436296
515093002576,LMO_25Ah,LMO_25Ah,50.1557,29.495277,0.804024,0.9126751
515093000724,LMO_25Ah,LMO_25Ah,38.8252,29.495201,0.7228279999999999,0.7296377
515093002348,LMO_25Ah,LMO_25Ah,21.1016,24.28032,0.782636,0.6729159
515092501338,LMO_25Ah,LMO_25Ah,32.339,29.495138,0.590388,0.5981289
515092901199,LMO_25Ah,LMO_25Ah,27.5501,29.495079,0.422888,0.551152
515093000605,LMO_25Ah,LMO_25Ah,35.9961,29.494429,0.8718319999999999,0.9329336
515100102065,LMO_25Ah,LMO_25Ah,8.6173,15.8558,0.886136,0.8357901
515093002646,LMO_25Ah,NMC_21Ah,70.0083,29.49492,0.88878,0.92963123
515100101320,LMO_25Ah,LMO_25Ah,75.0,29.494081,0.795436,0.86554074
515092904410,LMO_25Ah,LMO_25Ah,44.4627,29.49511,0.84136,0.9117133
515093001367,LMO_25Ah,LMO_25Ah,44.7967,29.495268,0.7882760000000001,0.8259936
515093004000,LMO_25Ah,LMO_25Ah,41.9541,29.495232,0.746968,0.76848227
515100100526,LMO_25Ah,NMC_21Ah,22.2517,26.960073,0.872804,0.84198755
515092904584,LMO_25Ah,LMO_25Ah,50.0064,29.495302,0.7854439999999999,0.8046016
515092905201,LMO_25Ah,LMO_24Ah,53.6027,29.49505,0.944636,0.81910396
H27734091053,LMO_26Ah,LMO_26Ah,8.3761,16.66136,0.8388307692307693,0.9703633
H27735178005,LMO_26Ah,LMO_26Ah,53.3811,29.495157,0.8490000000000001,0.9089567
H27733490499,LMO_26Ah,LMO_26Ah,70.0083,29.494673,0.8877884615384615,0.9501724
H27734592855,LMO_26Ah,LMO_26Ah,22.2517,26.972193,0.8586153846153847,0.86938983
H27734492478,LMO_26Ah,LMO_24Ah,90.0,29.493584,0.9984076923076923,0.9231017
H27733590292,LMO_26Ah,LMO_26Ah,38.0625,29.49425,0.9464884615384614,0.87115926
H27734676393,LMO_26Ah,LMO_24Ah,62.6027,29.495176,0.9604461538461538,0.96901065
H27735077206,LMO_26Ah,LMO_26Ah,71.0838,29.49475,0.9195923076923077,0.9498977
H27735176665,LMO_26Ah,LMO_26Ah,53.3246,29.495148,0.998203846153846,0.9322359
H27734291854,LMO_26Ah,LMO_26Ah,24.5519,27.60888,0.9923153846153846,0.9652393
H27734591085,LMO_26Ah,LMO_26Ah,42.3415,29.494934,0.9497769230769231,0.92619514
H27734491651,LMO_26Ah,LMO_26Ah,85.0,29.493616,0.9381923076923078,0.9213023
H27735076930,LMO_26Ah,LMO_26Ah,75.214,29.494757,0.9650538461538462,0.96292275
H27734691342,LMO_26Ah,LMO_24Ah,85.0,29.49347,0.9401923076923077,0.91649634
H27735177571,LMO_26Ah,LMO_26Ah,75.0,29.493807,0.8238038461538462,0.8936103
17号,LFP_35Ah,LFP_35Ah,40.8667,27.813917,0.8172685714285713,0.8586037
1号,LFP_35Ah,LFP_35Ah,41.452,27.768679,0.7431371428571428,0.866673
34号,LFP_35Ah,LFP_35Ah,38.5265,27.751114,0.8159685714285715,0.8892021
36号,LFP_35Ah,LFP_35Ah,32.1026,27.612547,0.88972,0.88083714
37号,LFP_35Ah,LFP_35Ah,33.7731,27.619356,0.88372,0.8892687
53号,LFP_35Ah,LFP_35Ah,53.3916,28.728241,0.9176657142857142,0.85488755
8号,LFP_35Ah,LFP_35Ah,29.7969,26.945536,0.7810742857142857,0.83505535
9号,LFP_35Ah,LFP_35Ah,19.3077,18.89974,0.7772285714285714,0.84112763
02HCB68111211Y87Y0002979,LFP_68Ah,LFP_68Ah,21.1016,18.144342,0.8426367647058823,0.7769189
02HCB68111211Y88D0000337,LFP_68Ah,LFP_68Ah,44.7967,20.200819,0.8511661764705882,0.7808319
02HCB68111211Y88D0003997,LFP_68Ah,LFP_68Ah,18.1154,21.14789,0.6526647058823529,0.7685871
02HCB68111211Y87Y0011345,LFP_68Ah,LFP_68Ah,5.0,7.2206416,0.8249632352941176,0.79059887
02HCB68111211Y87Y0015653,LFP_68Ah,LFP_68Ah,48.7083,21.383924,0.7779485294117647,0.78892547
02HCB68111211Y86L0000199,LFP_68Ah,LFP_68Ah,32.5404,20.664999,0.7060573529411764,0.78850645
02HCB68111211Y86X0004792,LFP_68Ah,LFP_68Ah,31.8633,20.516607,0.7697308823529412,0.78848886
02HCB68111211Y87Y0015365,LFP_68Ah,NMC_15Ah,60.1373,28.177963,0.8225014705882353,0.7743991
02HCB68111211Y86S0005042,LFP_68Ah,LFP_68Ah,41.9839,22.783182,0.6715102941176471,0.79247445
02HCB68111211Y88D0003294,LFP_68Ah,LFP_68Ah,46.8445,21.53863,0.8352544117647058,0.7879298
02HCB68111211Y88E0004340,LFP_68Ah,LFP_68Ah,44.1142,20.588997,0.8342852941176471,0.7845907
02HCB68111211Y87Y0013553,LFP_68Ah,LFP_68Ah,37.6917,21.431414,0.8047691176470588,0.790561
02HCB68111211Y87Y0013903,LFP_68Ah,LFP_68Ah,39.9041,20.193293,0.8119000000000001,0.782487
02HCB68111211Y87Y0009622,LFP_68Ah,LFP_68Ah,37.1305,20.191084,0.8424544117647059,0.78140277
02HCB68111211Y87Y0012947,LFP_68Ah,LFP_68Ah,39.5793,20.639315,0.8117617647058823,0.78653115
02HCB68111211Y87Y0003936,LFP_68Ah,LFP_68Ah,62.8233,28.758987,0.8382176470588236,0.7768344
02HCB68111211Y88D0005602,LFP_68Ah,LFP_68Ah,39.1172,20.172834,0.8460514705882353,0.778364
02HCB68111211Y88E0004523,LFP_68Ah,LFP_68Ah,50.1764,20.336178,0.8356073529411765,0.781534
02HCB68111211Y86V0003442,LFP_68Ah,LFP_68Ah,43.058,24.17504,0.6879132352941176,0.7939101
02HCB68111211Y86X0009373,LFP_68Ah,LFP_68Ah,18.8014,16.000874,0.7169970588235294,0.78817254
02HCB68111211Y88E0004411,LFP_68Ah,NMC_15Ah,59.1842,28.093819,0.8248588235294118,0.77759904
02HCB68111211Y87Y0004508,LFP_68Ah,NMC_15Ah,75.0,28.75387,0.8487455882352941,0.78384465
02HCB68111211Y86M0004883,LFP_68Ah,LFP_68Ah,39.1115,20.17657,0.7269970588235294,0.78369695
02HCB68111211Y86L0005694,LFP_68Ah,LFP_68Ah,52.0063,25.70645,0.6864426470588235,0.78410435
02HCB68111211Y88E0004333,LFP_68Ah,LFP_68Ah,29.431,20.085945,0.8231911764705881,0.78345156
02HCB68111211Y87Y0007299,LFP_68Ah,NMC_15Ah,38.262,20.089907,0.8386073529411765,0.77787226
PIP15829A00209415,LMO_10Ah,LMO_10Ah,38.8252,29.494825,0.67015,0.68103784
PIP15D26A03261343,LMO_10Ah,LMO_10Ah,61.3405,29.494019,0.71626,0.8027342
PIP15D19A03280145,LMO_10Ah,LMO_26Ah,41.6439,29.494604,0.74285,0.78927165
PIP15D01A03241499,LMO_10Ah,LMO_26Ah,47.5273,29.494904,0.79292,0.8531723
PIP15N21A50200177,LMO_10Ah,LMO_10Ah,8.6173,5.2171955,0.87622,0.78110886
PIP15D25A03219538,LMO_10Ah,LMO_10Ah,26.4669,28.537445,0.8858900000000001,0.8656058
PIP15N26A01201901,LMO_10Ah,LMO_25Ah,30.3575,18.665752,0.87909,0.8869702
PIP15828A00213703,LMO_10Ah,LMO_10Ah,38.6217,29.494898,0.59307,0.6435177
PIP15D01A03221296,LMO_10Ah,LMO_10Ah,58.0204,29.494894,0.87905,0.8912821
PIP15N15A03208398,LMO_10Ah,LMO_10Ah,63.7579,29.49482,0.88277,0.8893034
PIP15N15A03208683,LMO_10Ah,LMO_10Ah,53.3811,29.494135,0.8700699999999999,0.8976353
PIP15D25A03243702,LMO_10Ah,LMO_10Ah,8.8585,7.0564094,0.8977299999999999,0.8780239
PIP15D26A03252860,LMO_10Ah,LMO_10Ah,50.482,29.493795,0.9214399999999999,0.8820115
PIP15D23A03282874,LMO_10Ah,LMO_10Ah,68.8352,29.495094,0.89416,0.8749079
PJP17601527003A007037,NMC_15Ah,NMC_15Ah,33.5103,29.445753,0.7527466666666667,0.8698833
PJP17930O01003A017268,NMC_15Ah,NMC_15Ah,52.0063,29.494957,0.75258,0.7861574
PJP17601527001A008674,NMC_15Ah,NMC_15Ah,35.3566,29.493952,0.7564933333333334,0.7708409
PJP17601529001A010983,NMC_15Ah,NMC_15Ah,19.9515,16.684029,0.7735933333333332,0.7915068
PJP17930O01001A011629,NMC_15Ah,NMC_15Ah,39.1115,29.494392,0.75428,0.7676186
PJP17601527001A008592,NMC_15Ah,NMC_15Ah,22.5881,15.810168,0.7639066666666667,0.77751327
PJP17601527002A007215,NMC_15Ah,NMC_15Ah,41.6439,29.49456,0.7767866666666666,0.7679508
PJP17601527003A007274,NMC_15Ah,NMC_15Ah,58.6931,29.494741,0.76566,0.78606457
PJP17601529001A003327,NMC_15Ah,NMC_15Ah,41.452,29.494707,0.7542866666666667,0.7734344
PJP17601529001A001010,NMC_15Ah,NMC_15Ah,41.3203,29.494635,0.7656533333333333,0.7742258
PJP17930O01001A006207,NMC_15Ah,NMC_15Ah,37.1093,29.494226,0.7581,0.77460265
PJP17601527001A008438,NMC_15Ah,NMC_15Ah,65.0,29.493956,0.7541066666666667,0.7850032
PJP17601527003A009662,NMC_15Ah,NMC_15Ah,34.8354,29.49399,0.7714599999999999,0.89972836
PJP17930O01003A016647,NMC_15Ah,NMC_15Ah,41.6497,29.494698,0.75896,0.77071023
PJP17530529002A000337,NMC_15Ah,NMC_15Ah,57.0066,29.495056,0.7549399999999999,0.79805344
PJP17601527003A009747,NMC_15Ah,NMC_15Ah,55.9235,29.494879,0.7671666666666667,0.7831548
PJP17601527001A012082,NMC_15Ah,NMC_15Ah,26.9765,17.681166,0.7630533333333334,0.8569307
PJP17930O01003A017730,NMC_15Ah,LMO_24Ah,8.3761,9.002412,0.7969666666666666,0.73513204
PJP17930O01003A018005,NMC_15Ah,NMC_15Ah,52.0704,29.494972,0.79294,0.7830617
02LCC02100101A87Y0026421,NMC_21Ah,NMC_21Ah,26.9765,26.854528,1.000052380952381,0.98852706
02LCC02100101A87Y0010168,NMC_21Ah,NMC_21Ah,34.3612,29.465096,1.0051,0.98995763
02LCC02100101A8BC0103482,NMC_21Ah,LMO_25Ah,8.135,16.193811,0.7755,0.84350795
02LCC02100101A87Y0074479,NMC_21Ah,NMC_21Ah,43.8556,29.493582,0.9881190476190476,0.8495448
02LCC02100101A87Y0020833,NMC_21Ah,NMC_21Ah,41.3203,29.493402,0.9979714285714285,0.9957034
02LCC02100101A87Y0027455,NMC_21Ah,LMO_24Ah,70.0,29.494911,1.011161904761905,0.9919316
02LCC02100101A87Y0173907,NMC_21Ah,LMO_24Ah,55.9235,29.494226,1.006,1.0086645
02LCC02100101A87Y0177229,NMC_21Ah,NMC_21Ah,49.0491,29.493784,0.9903,0.9870536
02LCC02100101A87Y0175162,NMC_21Ah,LMO_24Ah,34.8354,29.411995,1.001404761904762,0.987689
02LCC02100101A87Y0172641,NMC_21Ah,LMO_24Ah,21.8027,22.199179,1.004309523809524,0.96696925
A170530525010800027,LMO_24Ah,LMO_24Ah,75.0,7.69435,0.7957208333333333,0.805103
A170528511010800104,LMO_24Ah,LMO_24Ah,41.9541,29.495062,0.7689125,0.77901345
A170526507010800030,LMO_24Ah,NMC_21Ah,46.7917,29.495188,0.7420833333333333,0.76410294
A170622616030800696,LMO_24Ah,LMO_24Ah,9.0996,14.859759,1.095941666666667,1.0220019
A170527511010800595,LMO_24Ah,NMC_21Ah,20.5001,14.469884,0.7606625,0.9416096
A170531525010801074,LMO_24Ah,LMO_24Ah,44.7967,29.495073,0.802275,0.8035757
A170529511010800411,LMO_24Ah,LMO_10Ah,7.6527,17.722685,0.6376916666666667,0.6252604
A170528511010802245,LMO_24Ah,LMO_25Ah,36.6803,29.494864,0.74125,0.72043294
A170525507010800198,LMO_24Ah,LMO_24Ah,44.4627,29.495008,0.825625,0.7962586
A170606528030800466,LMO_24Ah,LMO_24Ah,40.1289,29.368177,1.0524,1.088669
A170529511010800365,LMO_24Ah,LMO_25Ah,31.8633,29.494003,0.7595833333333334,0.8192442
515092904916,LMO_25Ah,LMO_25Ah,27.7305,29.495138,0.629024,0.5939139
515092905212,LMO_25Ah,NMC_15Ah,50.482,29.495024,0.918516,0.8357212
515093002457,LMO_25Ah,LMO_25Ah,7.8938,17.515575,0.715284,0.66877455
516020603556,LMO_25Ah,LMO_25Ah,35.3767,29.495186,0.6442319999999999,0.67071223
515092904019,LMO_25Ah,LMO_25Ah,41.6439,29.49515,0.7791079999999999,0.83985895
515093000451,LMO_25Ah,NMC_21Ah,8.8585,14.409135,0.934832,0.9203064
515092901182,LMO_25Ah,LMO_25Ah,7.1704,17.633728,0.601472,0.68098783
515092904740,LMO_25Ah,LMO_25Ah,25.6641,29.46581,0.617416,0.58491874
515100100624,LMO_25Ah,LMO_25Ah,8.3761,15.917118,0.8321599999999999,0.7523455
515093001782,LMO_25Ah,NMC_21Ah,50.1002,29.49494,0.925024,0.93264264
515093002576,LMO_25Ah,LMO_25Ah,50.1557,29.49527,0.804024,0.89829975
515093000724,LMO_25Ah,LMO_25Ah,38.8252,29.495193,0.7228279999999999,0.71362877
515093002348,LMO_25Ah,LMO_25Ah,21.1016,23.78861,0.782636,0.6948445
515092501338,LMO_25Ah,LMO_25Ah,32.339,29.49513,0.590388,0.59677863
515092901199,LMO_25Ah,LMO_25Ah,27.5501,29.495071,0.422888,0.54534215
515093000605,LMO_25Ah,LMO_25Ah,35.9961,29.494425,0.8718319999999999,0.89936167
515100102065,LMO_25Ah,LMO_25Ah,8.6173,15.8221855,0.886136,0.8191603
515093002646,LMO_25Ah,NMC_21Ah,70.0083,29.494919,0.88878,0.9128573
515100101320,LMO_25Ah,LMO_25Ah,75.0,29.4941,0.795436,0.86297446
515092904410,LMO_25Ah,LMO_25Ah,44.4627,29.495108,0.84136,0.8784204
515093001367,LMO_25Ah,LMO_25Ah,44.7967,29.495264,0.7882760000000001,0.89409333
515093004000,LMO_25Ah,LMO_25Ah,41.9541,29.495226,0.746968,0.69990724
515100100526,LMO_25Ah,NMC_21Ah,22.2517,26.920906,0.872804,0.91090506
515092904584,LMO_25Ah,LMO_25Ah,50.0064,29.495298,0.7854439999999999,0.7990656
515092905201,LMO_25Ah,LMO_24Ah,53.6027,29.495049,0.944636,0.8430218
H27734091053,LMO_26Ah,LMO_26Ah,8.3761,16.572088,0.8388307692307693,0.9722814
H27735178005,LMO_26Ah,LMO_26Ah,53.3811,29.495153,0.8490000000000001,0.9697118
H27733490499,LMO_26Ah,LMO_26Ah,70.0083,29.494675,0.8877884615384615,0.9675941
H27734592855,LMO_26Ah,LMO_26Ah,22.2517,29.439016,0.8586153846153847,0.863442
H27734492478,LMO_26Ah,LMO_26Ah,90.0,29.49359,0.9984076923076923,0.94583964
H27733590292,LMO_26Ah,LMO_26Ah,38.0625,29.494741,0.9464884615384614,0.9876384
H27734676393,LMO_26Ah,NMC_21Ah,62.6027,29.495169,0.9604461538461538,0.90232426
H27735077206,LMO_26Ah,LMO_26Ah,71.0838,29.494745,0.9195923076923077,0.9374295
H27735176665,LMO_26Ah,LMO_26Ah,53.3246,29.49514,0.998203846153846,0.98634243
H27734291854,LMO_26Ah,LMO_26Ah,24.5519,26.602926,0.9923153846153846,0.9743723
H27734591085,LMO_26Ah,LMO_26Ah,42.3415,29.494925,0.9497769230769231,0.9508508
H27734491651,LMO_26Ah,LMO_26Ah,85.0,29.49363,0.9381923076923078,0.92342204
H27735076930,LMO_26Ah,LMO_26Ah,75.214,29.494751,0.9650538461538462,0.9936478
H27734691342,LMO_26Ah,LMO_26Ah,85.0,29.49349,0.9401923076923077,0.913318
H27735177571,LMO_26Ah,LMO_26Ah,75.0,29.493822,0.8238038461538462,0.93267703
17号,LFP_35Ah,LFP_35Ah,40.8667,27.81145,0.8172685714285713,0.85844034
1号,LFP_35Ah,LFP_35Ah,41.452,27.73693,0.7431371428571428,0.86647815
34号,LFP_35Ah,LFP_35Ah,38.5265,27.780596,0.8159685714285715,0.88995713
36号,LFP_35Ah,LFP_35Ah,32.1026,27.596228,0.88972,0.88425064
37号,LFP_35Ah,LFP_35Ah,33.7731,27.643333,0.88372,0.8808053
53号,LFP_35Ah,LFP_35Ah,53.3916,28.784887,0.9176657142857142,0.85262465
8号,LFP_35Ah,LFP_35Ah,29.7969,26.920172,0.7810742857142857,0.8248932
9号,LFP_35Ah,LFP_35Ah,19.3077,19.5922,0.7772285714285714,0.8428068
02HCB68111211Y87Y0002979,LFP_68Ah,LFP_68Ah,21.1016,18.73089,0.8426367647058823,0.78245384
02HCB68111211Y88D0000337,LFP_68Ah,LFP_68Ah,44.7967,20.6307,0.8511661764705882,0.7793746
02HCB68111211Y88D0003997,LFP_68Ah,LFP_68Ah,18.1154,22.224848,0.6526647058823529,0.7477549
02HCB68111211Y87Y0011345,LFP_68Ah,LFP_68Ah,5.0,8.882756,0.8249632352941176,0.7697374
02HCB68111211Y87Y0015653,LFP_68Ah,LFP_68Ah,48.7083,24.990072,0.7779485294117647,0.7877838
02HCB68111211Y86L0000199,LFP_68Ah,LFP_68Ah,32.5404,22.181013,0.7060573529411764,0.78755575
02HCB68111211Y86X0004792,LFP_68Ah,LFP_68Ah,31.8633,21.067942,0.7697308823529412,0.7867637
02HCB68111211Y87Y0015365,LFP_68Ah,NMC_15Ah,60.1373,28.761255,0.8225014705882353,0.7752287
02HCB68111211Y86S0005042,LFP_68Ah,LFP_68Ah,41.9839,26.942366,0.6715102941176471,0.7913141
02HCB68111211Y88D0003294,LFP_68Ah,LFP_68Ah,46.8445,25.820396,0.8352544117647058,0.7872978
02HCB68111211Y88E0004340,LFP_68Ah,LFP_68Ah,44.1142,22.315657,0.8342852941176471,0.78366476
02HCB68111211Y87Y0013553,LFP_68Ah,LFP_68Ah,37.6917,25.052767,0.8047691176470588,0.78881234
02HCB68111211Y87Y0013903,LFP_68Ah,LFP_68Ah,39.9041,20.593353,0.8119000000000001,0.7816844
02HCB68111211Y87Y0009622,LFP_68Ah,LFP_68Ah,37.1305,20.515327,0.8424544117647059,0.7809178
02HCB68111211Y87Y0012947,LFP_68Ah,LFP_68Ah,39.5793,21.44938,0.8117617647058823,0.78552157
02HCB68111211Y87Y0003936,LFP_68Ah,LFP_68Ah,62.8233,28.76135,0.8382176470588236,0.77774626
02HCB68111211Y88D0005602,LFP_68Ah,LFP_68Ah,39.1172,20.216377,0.8460514705882353,0.7778565
02HCB68111211Y88E0004523,LFP_68Ah,LFP_68Ah,50.1764,21.20405,0.8356073529411765,0.7798428
02HCB68111211Y86V0003442,LFP_68Ah,LFP_68Ah,43.058,27.381853,0.6879132352941176,0.7934417
02HCB68111211Y86X0009373,LFP_68Ah,LFP_68Ah,18.8014,16.010988,0.7169970588235294,0.7897875
02HCB68111211Y88E0004411,LFP_68Ah,LMO_24Ah,59.1842,28.761446,0.8248588235294118,0.77549654
02HCB68111211Y87Y0004508,LFP_68Ah,NMC_15Ah,75.0,28.757395,0.8487455882352941,0.7974983
02HCB68111211Y86M0004883,LFP_68Ah,LFP_68Ah,39.1115,20.992544,0.7269970588235294,0.7828288
02HCB68111211Y86L0005694,LFP_68Ah,LFP_68Ah,52.0063,28.6687,0.6864426470588235,0.7832351
02HCB68111211Y88E0004333,LFP_68Ah,LFP_68Ah,29.431,20.325003,0.8231911764705881,0.7828347
02HCB68111211Y87Y0007299,LFP_68Ah,LFP_68Ah,38.262,19.942812,0.8386073529411765,0.7779023
PIP15829A00209415,LMO_10Ah,LMO_10Ah,38.8252,29.494797,0.67015,0.6898987
PIP15D26A03261343,LMO_10Ah,LMO_10Ah,61.3405,29.494026,0.71626,0.7907946
PIP15D19A03280145,LMO_10Ah,LMO_26Ah,41.6439,29.49459,0.74285,0.78447515
PIP15D01A03241499,LMO_10Ah,LMO_26Ah,47.5273,29.494896,0.79292,0.8021331
PIP15N21A50200177,LMO_10Ah,LMO_10Ah,8.6173,5.100159,0.87622,0.75881577
PIP15D25A03219538,LMO_10Ah,LMO_10Ah,26.4669,28.52804,0.8858900000000001,0.85323364
PIP15N26A01201901,LMO_10Ah,LMO_25Ah,30.3575,18.829199,0.87909,0.887131
PIP15828A00213703,LMO_10Ah,LMO_10Ah,38.6217,29.494879,0.59307,0.6483852
PIP15D01A03221296,LMO_10Ah,LMO_10Ah,58.0204,29.494894,0.87905,0.8929906
PIP15N15A03208398,LMO_10Ah,LMO_10Ah,63.7579,29.494598,0.88277,0.85364836
PIP15N15A03208683,LMO_10Ah,LMO_10Ah,53.3811,29.494131,0.8700699999999999,0.89281255
PIP15D25A03243702,LMO_10Ah,LMO_10Ah,8.8585,7.163734,0.8977299999999999,0.8757014
PIP15D26A03252860,LMO_10Ah,LMO_10Ah,50.482,29.462793,0.9214399999999999,0.94341874
PIP15D23A03282874,LMO_10Ah,LMO_10Ah,68.8352,29.495092,0.89416,0.89694065
PJP17601527003A007037,NMC_15Ah,NMC_15Ah,33.5103,29.493696,0.7527466666666667,0.7649114
PJP17930O01003A017268,NMC_15Ah,NMC_15Ah,52.0063,29.494955,0.75258,0.77728647
PJP17601527001A008674,NMC_15Ah,NMC_15Ah,35.3566,29.493948,0.7564933333333334,0.7529257
PJP17601529001A010983,NMC_15Ah,NMC_15Ah,19.9515,16.628084,0.7735933333333332,0.7865062
PJP17930O01001A011629,NMC_15Ah,NMC_15Ah,39.1115,29.49439,0.75428,0.7696431
PJP17601527001A008592,NMC_15Ah,NMC_15Ah,22.5881,15.862739,0.7639066666666667,0.7652819
PJP17601527002A007215,NMC_15Ah,NMC_15Ah,41.6439,29.494553,0.7767866666666666,0.7694733
PJP17601527003A007274,NMC_15Ah,NMC_15Ah,58.6931,29.494743,0.76566,0.7857075
PJP17601529001A003327,NMC_15Ah,NMC_15Ah,41.452,29.494705,0.7542866666666667,0.77713424
PJP17601529001A001010,NMC_15Ah,NMC_15Ah,41.3203,29.494629,0.7656533333333333,0.7706647
PJP17930O01001A006207,NMC_15Ah,NMC_15Ah,37.1093,29.494219,0.7581,0.80572706
PJP17601527001A008438,NMC_15Ah,NMC_15Ah,65.0,29.493965,0.7541066666666667,0.7810483
PJP17601527003A009662,NMC_15Ah,NMC_15Ah,34.8354,29.493765,0.7714599999999999,0.7623822
PJP17930O01003A016647,NMC_15Ah,NMC_15Ah,41.6497,29.494696,0.75896,0.7740213
PJP17530529002A000337,NMC_15Ah,NMC_15Ah,57.0066,29.494787,0.7549399999999999,0.7850774
PJP17601527003A009747,NMC_15Ah,NMC_15Ah,55.9235,29.49488,0.7671666666666667,0.77770734
PJP17601527001A012082,NMC_15Ah,NMC_15Ah,26.9765,20.433674,0.7630533333333334,0.7638902
PJP17930O01003A017730,NMC_15Ah,LMO_24Ah,8.3761,9.0091715,0.7969666666666666,0.73976296
PJP17930O01003A018005,NMC_15Ah,NMC_15Ah,52.0704,29.494972,0.79294,0.7787289
02LCC02100101A87Y0026421,NMC_21Ah,NMC_21Ah,26.9765,26.89047,1.000052380952381,0.9894135
02LCC02100101A87Y0010168,NMC_21Ah,NMC_21Ah,34.3612,29.445501,1.0051,0.9887654
02LCC02100101A8BC0103482,NMC_21Ah,LMO_25Ah,8.135,16.227757,0.7755,0.8101271
02LCC02100101A87Y0074479,NMC_21Ah,NMC_21Ah,43.8556,29.493528,0.9881190476190476,1.0005077
02LCC02100101A87Y0020833,NMC_21Ah,NMC_21Ah,41.3203,29.493399,0.9979714285714285,0.9956861
02LCC02100101A87Y0027455,NMC_21Ah,LMO_24Ah,70.0,29.494905,1.011161904761905,1.0149071
02LCC02100101A87Y0173907,NMC_21Ah,LMO_24Ah,55.9235,29.494873,1.006,0.93646413
02LCC02100101A87Y0177229,NMC_21Ah,NMC_21Ah,49.0491,29.49378,0.9903,0.98886734
02LCC02100101A87Y0175162,NMC_21Ah,LMO_24Ah,34.8354,29.394218,1.001404761904762,0.9855574
02LCC02100101A87Y0172641,NMC_21Ah,LMO_24Ah,21.8027,22.220383,1.004309523809524,0.9663418
A170530525010800027,LMO_24Ah,LMO_24Ah,75.0,7.868219,0.7957208333333333,0.8041995
A170528511010800104,LMO_24Ah,LMO_24Ah,41.9541,29.495054,0.7689125,0.7777796
A170526507010800030,LMO_24Ah,NMC_21Ah,46.7917,29.495186,0.7420833333333333,0.77855444
A170622616030800696,LMO_24Ah,LMO_24Ah,9.0996,14.861194,1.095941666666667,1.0798742
A170527511010800595,LMO_24Ah,NMC_21Ah,20.5001,15.637698,0.7606625,0.80130273
A170531525010801074,LMO_24Ah,LMO_24Ah,44.7967,29.495073,0.802275,0.80042917
A170529511010800411,LMO_24Ah,LMO_10Ah,7.6527,17.803833,0.6376916666666667,0.64269906
A170528511010802245,LMO_24Ah,NMC_21Ah,36.6803,29.494856,0.74125,0.751967
A170525507010800198,LMO_24Ah,LMO_24Ah,44.4627,29.495005,0.825625,0.8951779
A170606528030800466,LMO_24Ah,LMO_24Ah,40.1289,29.369669,1.0524,1.0860521
A170529511010800365,LMO_24Ah,LMO_25Ah,31.8633,29.494001,0.7595833333333334,0.78353715
515092904916,LMO_25Ah,LMO_25Ah,27.7305,29.495125,0.629024,0.6379597
515092905212,LMO_25Ah,NMC_15Ah,50.482,29.495018,0.918516,0.9053517
515093002457,LMO_25Ah,LMO_25Ah,7.8938,17.4847,0.715284,0.6420858
516020603556,LMO_25Ah,LMO_25Ah,35.3767,29.49518,0.6442319999999999,0.68948174
515092904019,LMO_25Ah,LMO_25Ah,41.6439,29.495146,0.7791079999999999,0.8389122
515093000451,LMO_25Ah,NMC_21Ah,8.8585,14.340444,0.934832,0.91438836
515092901182,LMO_25Ah,LMO_25Ah,7.1704,17.602962,0.601472,0.68195534
515092904740,LMO_25Ah,LMO_25Ah,25.6641,29.451233,0.617416,0.6117459
515100100624,LMO_25Ah,LMO_25Ah,8.3761,15.837414,0.8321599999999999,0.7534287
515093001782,LMO_25Ah,NMC_21Ah,50.1002,29.494932,0.925024,0.824254
515093002576,LMO_25Ah,LMO_25Ah,50.1557,29.495268,0.804024,0.87315387
515093000724,LMO_25Ah,LMO_25Ah,38.8252,29.495188,0.7228279999999999,0.72026736
515093002348,LMO_25Ah,LMO_25Ah,21.1016,23.755701,0.782636,0.6829605
515092501338,LMO_25Ah,LMO_25Ah,32.339,29.495125,0.590388,0.5924143
515092901199,LMO_25Ah,LMO_25Ah,27.5501,29.494926,0.422888,0.5380324
515093000605,LMO_25Ah,LMO_25Ah,35.9961,29.494415,0.8718319999999999,0.8900954
515100102065,LMO_25Ah,LMO_25Ah,8.6173,15.71984,0.886136,0.81984156
515093002646,LMO_25Ah,NMC_21Ah,70.0083,29.494925,0.88878,0.94506437
515100101320,LMO_25Ah,LMO_25Ah,75.0,29.494131,0.795436,0.8476052
515092904410,LMO_25Ah,LMO_25Ah,44.4627,29.495203,0.84136,0.97126955
515093001367,LMO_25Ah,LMO_25Ah,44.7967,29.495256,0.7882760000000001,0.7884167
515093004000,LMO_25Ah,LMO_25Ah,41.9541,29.495218,0.746968,0.7340372
515100100526,LMO_25Ah,NMC_21Ah,22.2517,26.299925,0.872804,0.9066995
515092904584,LMO_25Ah,LMO_25Ah,50.0064,29.494905,0.7854439999999999,0.7698342
515092905201,LMO_25Ah,NMC_15Ah,53.6027,29.495043,0.944636,0.84558916
H27734091053,LMO_26Ah,LMO_26Ah,8.3761,16.505135,0.8388307692307693,0.9733502
H27735178005,LMO_26Ah,LMO_26Ah,53.3811,29.495148,0.8490000000000001,0.9406448
H27733490499,LMO_26Ah,LMO_26Ah,70.0083,29.494673,0.8877884615384615,0.96364236
H27734592855,LMO_26Ah,LMO_26Ah,22.2517,25.84613,0.8586153846153847,0.87716836
H27734492478,LMO_26Ah,LMO_26Ah,90.0,29.493599,0.9984076923076923,0.9524152
H27733590292,LMO_26Ah,LMO_26Ah,38.0625,29.494734,0.9464884615384614,0.9596093
H27734676393,LMO_26Ah,NMC_21Ah,62.6027,29.495161,0.9604461538461538,0.934164
H27735077206,LMO_26Ah,LMO_26Ah,71.0838,29.494741,0.9195923076923077,0.9291293
H27735176665,LMO_26Ah,LMO_26Ah,53.3246,29.495132,0.998203846153846,0.97660375
H27734291854,LMO_26Ah,LMO_26Ah,24.5519,25.725433,0.9923153846153846,0.97292715
H27734591085,LMO_26Ah,LMO_26Ah,42.3415,29.494917,0.9497769230769231,0.9271002
H27734491651,LMO_26Ah,LMO_26Ah,85.0,29.493652,0.9381923076923078,0.9356656
H27735076930,LMO_26Ah,LMO_26Ah,75.214,29.494757,0.9650538461538462,0.9761993
H27734691342,LMO_26Ah,LMO_26Ah,85.0,29.493507,0.9401923076923077,0.93048525
H27735177571,LMO_26Ah,LMO_26Ah,75.0,29.493841,0.8238038461538462,0.8839372
17号,LFP_35Ah,LFP_35Ah,40.8667,27.667917,0.8172685714285713,0.8533812
1号,LFP_35Ah,LFP_35Ah,41.452,27.741905,0.7431371428571428,0.86333156
34号,LFP_35Ah,LFP_35Ah,38.5265,27.76666,0.8159685714285715,0.89288825
36号,LFP_35Ah,LFP_35Ah,32.1026,27.593803,0.88972,0.88047975
37号,LFP_35Ah,LFP_35Ah,33.7731,27.641068,0.88372,0.8868745
53号,LFP_35Ah,LFP_35Ah,53.3916,28.416893,0.9176657142857142,0.85436183
8号,LFP_35Ah,LFP_35Ah,29.7969,26.886665,0.7810742857142857,0.8175072
9号,LFP_35Ah,LFP_35Ah,19.3077,20.2876,0.7772285714285714,0.8398536
02HCB68111211Y87Y0002979,LFP_68Ah,LFP_68Ah,21.1016,18.725597,0.8426367647058823,0.7768547
02HCB68111211Y88D0000337,LFP_68Ah,LFP_68Ah,44.7967,21.22724,0.8511661764705882,0.77735394
02HCB68111211Y88D0003997,LFP_68Ah,LFP_68Ah,18.1154,23.013357,0.6526647058823529,0.7659134
02HCB68111211Y87Y0011345,LFP_68Ah,LFP_68Ah,5.0,7.2207875,0.8249632352941176,0.78022987
02HCB68111211Y87Y0015653,LFP_68Ah,LFP_68Ah,48.7083,26.963728,0.7779485294117647,0.7843949
02HCB68111211Y86L0000199,LFP_68Ah,LFP_68Ah,32.5404,25.402054,0.7060573529411764,0.7845327
02HCB68111211Y86X0004792,LFP_68Ah,LFP_68Ah,31.8633,23.33837,0.7697308823529412,0.78450894
02HCB68111211Y87Y0015365,LFP_68Ah,NMC_15Ah,60.1373,28.761475,0.8225014705882353,0.7734353
02HCB68111211Y86S0005042,LFP_68Ah,LFP_68Ah,41.9839,27.908049,0.6715102941176471,0.7903714
02HCB68111211Y88D0003294,LFP_68Ah,LFP_68Ah,46.8445,27.5606,0.8352544117647058,0.7847888
02HCB68111211Y88E0004340,LFP_68Ah,LFP_68Ah,44.1142,25.840363,0.8342852941176471,0.7799363
02HCB68111211Y87Y0013553,LFP_68Ah,LFP_68Ah,37.6917,26.718582,0.8047691176470588,0.7868324
02HCB68111211Y87Y0013903,LFP_68Ah,LFP_68Ah,39.9041,21.28053,0.8119000000000001,0.77705854
02HCB68111211Y87Y0009622,LFP_68Ah,LMO_24Ah,37.1305,21.039003,0.8424544117647059,0.7782828
02HCB68111211Y87Y0012947,LFP_68Ah,LFP_68Ah,39.5793,25.023565,0.8117617647058823,0.78289443
02HCB68111211Y87Y0003936,LFP_68Ah,LFP_68Ah,62.8233,28.501234,0.8382176470588236,0.77647686
02HCB68111211Y88D0005602,LFP_68Ah,LFP_68Ah,39.1172,20.475027,0.8460514705882353,0.77517587
02HCB68111211Y88E0004523,LFP_68Ah,LFP_68Ah,50.1764,24.75354,0.8356073529411765,0.7688803
02HCB68111211Y86V0003442,LFP_68Ah,LFP_68Ah,43.058,27.945198,0.6879132352941176,0.79111314
02HCB68111211Y86X0009373,LFP_68Ah,LFP_68Ah,18.8014,15.953776,0.7169970588235294,0.7880437
02HCB68111211Y88E0004411,LFP_68Ah,LFP_68Ah,59.1842,28.761469,0.8248588235294118,0.7740597
02HCB68111211Y87Y0004508,LFP_68Ah,NMC_15Ah,75.0,28.759123,0.8487455882352941,0.78759116
02HCB68111211Y86M0004883,LFP_68Ah,LFP_68Ah,39.1115,22.901285,0.7269970588235294,0.7791412
02HCB68111211Y86L0005694,LFP_68Ah,LFP_68Ah,52.0063,28.723852,0.6864426470588235,0.7799247
02HCB68111211Y88E0004333,LFP_68Ah,LFP_68Ah,29.431,20.835773,0.8231911764705881,0.7788811
02HCB68111211Y87Y0007299,LFP_68Ah,NMC_15Ah,38.262,19.97367,0.8386073529411765,0.7745342
PIP15829A00209415,LMO_10Ah,LMO_10Ah,38.8252,29.494772,0.67015,0.67570955
PIP15D26A03261343,LMO_10Ah,LMO_10Ah,61.3405,29.49404,0.71626,0.7764471
PIP15D19A03280145,LMO_10Ah,LMO_26Ah,41.6439,29.494581,0.74285,0.78128314
PIP15D01A03241499,LMO_10Ah,LMO_26Ah,47.5273,29.49488,0.79292,0.8623727
PIP15N21A50200177,LMO_10Ah,LMO_10Ah,8.6173,5.065635,0.87622,0.76573056
PIP15D25A03219538,LMO_10Ah,LMO_10Ah,26.4669,28.532341,0.8858900000000001,0.8511898
PIP15N26A01201901,LMO_10Ah,LMO_25Ah,30.3575,18.88225,0.87909,0.88628334
PIP15828A00213703,LMO_10Ah,LMO_10Ah,38.6217,29.494864,0.59307,0.64815843
PIP15D01A03221296,LMO_10Ah,LMO_10Ah,58.0204,29.494888,0.87905,0.8943986
PIP15N15A03208398,LMO_10Ah,LMO_10Ah,63.7579,29.49502,0.88277,0.7122002
PIP15N15A03208683,LMO_10Ah,LMO_10Ah,53.3811,29.49412,0.8700699999999999,0.8916541
PIP15D25A03243702,LMO_10Ah,LMO_10Ah,8.8585,7.4405785,0.8977299999999999,0.8841147
PIP15D26A03252860,LMO_10Ah,LMO_10Ah,50.482,29.493788,0.9214399999999999,0.8821996
PIP15D23A03282874,LMO_10Ah,LMO_10Ah,68.8352,29.495089,0.89416,0.8990608
PJP17601527003A007037,NMC_15Ah,NMC_15Ah,33.5103,29.493683,0.7527466666666667,0.79054594
PJP17930O01003A017268,NMC_15Ah,NMC_15Ah,52.0063,29.494955,0.75258,0.78585434
PJP17601527001A008674,NMC_15Ah,NMC_15Ah,35.3566,29.493937,0.7564933333333334,0.7569387
PJP17601529001A010983,NMC_15Ah,NMC_15Ah,19.9515,16.574059,0.7735933333333332,0.78039217
PJP17930O01001A011629,NMC_15Ah,NMC_15Ah,39.1115,29.494385,0.75428,0.7705903
PJP17601527001A008592,NMC_15Ah,NMC_15Ah,22.5881,15.94445,0.7639066666666667,0.7697982
PJP17601527002A007215,NMC_15Ah,NMC_15Ah,41.6439,29.49455,0.7767866666666666,0.776129
PJP17601527003A007274,NMC_15Ah,NMC_15Ah,58.6931,29.49475,0.76566,0.78962374
PJP17601529001A003327,NMC_15Ah,NMC_15Ah,41.452,29.494703,0.7542866666666667,0.7757239
PJP17601529001A001010,NMC_15Ah,NMC_15Ah,41.3203,29.49462,0.7656533333333333,0.77084756
PJP17930O01001A006207,NMC_15Ah,NMC_15Ah,37.1093,29.494211,0.7581,0.7765312
PJP17601527001A008438,NMC_15Ah,NMC_15Ah,65.0,29.493973,0.7541066666666667,0.78209144
PJP17601527003A009662,NMC_15Ah,NMC_15Ah,34.8354,29.493757,0.7714599999999999,0.76666635
PJP17930O01003A016647,NMC_15Ah,NMC_15Ah,41.6497,29.494692,0.75896,0.77244526
PJP17530529002A000337,NMC_15Ah,NMC_15Ah,57.0066,29.495058,0.7549399999999999,0.7717857
PJP17601527003A009747,NMC_15Ah,NMC_15Ah,55.9235,29.494879,0.7671666666666667,0.7833193
PJP17601527001A012082,NMC_15Ah,NMC_15Ah,26.9765,20.414497,0.7630533333333334,0.754289
PJP17930O01003A017730,NMC_15Ah,LMO_24Ah,8.3761,9.013839,0.7969666666666666,0.735264
PJP17930O01003A018005,NMC_15Ah,NMC_15Ah,52.0704,29.49497,0.79294,0.78528905
02LCC02100101A87Y0026421,NMC_21Ah,NMC_21Ah,26.9765,26.91169,1.000052380952381,0.99324995
02LCC02100101A87Y0010168,NMC_21Ah,NMC_21Ah,34.3612,29.415375,1.0051,0.99221
02LCC02100101A8BC0103482,NMC_21Ah,LMO_25Ah,8.135,16.243721,0.7755,0.8091826
02LCC02100101A87Y0074479,NMC_21Ah,NMC_21Ah,43.8556,29.49352,0.9881190476190476,1.0031594
02LCC02100101A87Y0020833,NMC_21Ah,NMC_21Ah,41.3203,29.493393,0.9979714285714285,0.9975357
02LCC02100101A87Y0027455,NMC_21Ah,LMO_24Ah,70.0,29.494904,1.011161904761905,0.99364454
02LCC02100101A87Y0173907,NMC_21Ah,LMO_24Ah,55.9235,29.494217,1.006,1.0099918
02LCC02100101A87Y0177229,NMC_21Ah,NMC_21Ah,49.0491,29.493769,0.9903,0.9879992
02LCC02100101A87Y0175162,NMC_21Ah,NMC_21Ah,34.8354,29.375969,1.001404761904762,0.9916521
02LCC02100101A87Y0172641,NMC_21Ah,LMO_24Ah,21.8027,22.245064,1.004309523809524,0.95952344
A170530525010800027,LMO_24Ah,LMO_24Ah,75.0,7.938108,0.7957208333333333,0.8003028
A170528511010800104,LMO_24Ah,NMC_21Ah,41.9541,29.49505,0.7689125,0.774725
A170526507010800030,LMO_24Ah,NMC_21Ah,46.7917,29.495184,0.7420833333333333,0.75399417
A170622616030800696,LMO_24Ah,LMO_24Ah,9.0996,13.673717,1.095941666666667,1.0129627
A170527511010800595,LMO_24Ah,NMC_21Ah,20.5001,13.8546095,0.7606625,0.88968277
A170531525010801074,LMO_24Ah,LMO_24Ah,44.7967,29.49507,0.802275,0.8063887
A170529511010800411,LMO_24Ah,LMO_10Ah,7.6527,17.826408,0.6376916666666667,0.6587383
A170528511010802245,LMO_24Ah,NMC_21Ah,36.6803,29.494844,0.74125,0.77148557
A170525507010800198,LMO_24Ah,LMO_24Ah,44.4627,29.495005,0.825625,0.795942
A170606528030800466,LMO_24Ah,LMO_24Ah,40.1289,29.370401,1.0524,1.0833
A170529511010800365,LMO_24Ah,LMO_25Ah,31.8633,29.493988,0.7595833333333334,0.8315484
515092904916,LMO_25Ah,LMO_25Ah,27.7305,29.495117,0.629024,0.6112101
515092905212,LMO_25Ah,NMC_15Ah,50.482,29.495012,0.918516,0.8863862
515093002457,LMO_25Ah,LMO_25Ah,7.8938,17.489733,0.715284,0.63722444
516020603556,LMO_25Ah,LMO_25Ah,35.3767,29.495176,0.6442319999999999,0.6168791
515092904019,LMO_25Ah,LMO_25Ah,41.6439,29.495138,0.7791079999999999,0.83716375
515093000451,LMO_25Ah,NMC_21Ah,8.8585,14.177513,0.934832,0.91767883
515092901182,LMO_25Ah,LMO_25Ah,7.1704,17.57065,0.601472,0.67780226
515092904740,LMO_25Ah,LMO_25Ah,25.6641,29.46903,0.617416,0.6028669
515100100624,LMO_25Ah,LMO_25Ah,8.3761,15.859108,0.8321599999999999,0.759021
515093001782,LMO_25Ah,NMC_21Ah,50.1002,29.494919,0.925024,0.90206933
515093002576,LMO_25Ah,LMO_25Ah,50.1557,29.495262,0.804024,0.81469446
515093000724,LMO_25Ah,LMO_25Ah,38.8252,29.495178,0.7228279999999999,0.78081566
515093002348,LMO_25Ah,LMO_25Ah,21.1016,23.746698,0.782636,0.7230444
515092501338,LMO_25Ah,LMO_25Ah,32.339,29.495117,0.590388,0.5924301
515092901199,LMO_25Ah,LMO_25Ah,27.5501,29.495087,0.422888,0.54738694
515093000605,LMO_25Ah,LMO_25Ah,35.9961,29.494402,0.8718319999999999,0.9107828
515100102065,LMO_25Ah,LMO_25Ah,8.6173,15.566539,0.886136,0.84899074
515093002646,LMO_25Ah,NMC_21Ah,70.0083,29.494932,0.88878,0.89739364
515100101320,LMO_25Ah,LMO_25Ah,75.0,29.494171,0.795436,0.8468172
515092904410,LMO_25Ah,LMO_25Ah,44.4627,29.495092,0.84136,0.895148
515093001367,LMO_25Ah,LMO_25Ah,44.7967,29.495255,0.7882760000000001,0.7920148
515093004000,LMO_25Ah,LMO_25Ah,41.9541,29.495216,0.746968,0.78740185
515100100526,LMO_25Ah,NMC_21Ah,22.2517,26.197311,0.872804,0.88606834
515092904584,LMO_25Ah,LMO_25Ah,50.0064,29.495287,0.7854439999999999,0.8424693
515092905201,LMO_25Ah,LMO_24Ah,53.6027,29.495035,0.944636,0.921077
H27734091053,LMO_26Ah,LMO_26Ah,8.3761,16.488625,0.8388307692307693,0.9774924
H27735178005,LMO_26Ah,LMO_26Ah,53.3811,29.495142,0.8490000000000001,0.9357733
H27733490499,LMO_26Ah,LMO_26Ah,70.0083,29.494677,0.8877884615384615,0.91251403
H27734592855,LMO_26Ah,LMO_26Ah,22.2517,25.817749,0.8586153846153847,0.8551891
H27734492478,LMO_26Ah,LMO_26Ah,90.0,29.493612,0.9984076923076923,0.9481547
H27733590292,LMO_26Ah,LMO_26Ah,38.0625,29.494722,0.9464884615384614,0.9476189
H27734676393,LMO_26Ah,NMC_21Ah,62.6027,29.495161,0.9604461538461538,0.93040055
H27735077206,LMO_26Ah,LMO_26Ah,71.0838,29.494741,0.9195923076923077,0.9354029
H27735176665,LMO_26Ah,LMO_26Ah,53.3246,29.495125,0.998203846153846,0.9817365
H27734291854,LMO_26Ah,LMO_26Ah,24.5519,25.678743,0.9923153846153846,0.9736021
H27734591085,LMO_26Ah,LMO_26Ah,42.3415,29.494905,0.9497769230769231,0.94367284
H27734491651,LMO_26Ah,LMO_26Ah,85.0,29.493673,0.9381923076923078,0.93773574
H27735076930,LMO_26Ah,LMO_26Ah,75.214,29.494759,0.9650538461538462,0.93833584
H27734691342,LMO_26Ah,LMO_26Ah,85.0,29.493528,0.9401923076923077,0.93149346
H27735177571,LMO_26Ah,LMO_26Ah,75.0,29.493881,0.8238038461538462,0.93651557
17号,LFP_35Ah,LFP_35Ah,40.8667,27.767,0.8172685714285713,0.85472196
1号,LFP_35Ah,LFP_35Ah,41.452,27.723162,0.7431371428571428,0.8654335
34号,LFP_35Ah,LFP_35Ah,38.5265,27.759794,0.8159685714285715,0.8963507
36号,LFP_35Ah,LFP_35Ah,32.1026,27.566626,0.88972,0.8838039
37号,LFP_35Ah,LFP_35Ah,33.7731,27.63024,0.88372,0.88894033
53号,LFP_35Ah,LFP_35Ah,53.3916,28.796259,0.9176657142857142,0.85007906
8号,LFP_35Ah,LFP_35Ah,29.7969,26.87663,0.7810742857142857,0.81915313
9号,LFP_35Ah,LFP_35Ah,19.3077,21.125383,0.7772285714285714,0.85256547
02HCB68111211Y87Y0002979,LFP_68Ah,LFP_68Ah,21.1016,18.578535,0.8426367647058823,0.7766392
02HCB68111211Y88D0000337,LFP_68Ah,LFP_68Ah,44.7967,24.673346,0.8511661764705882,0.77392644
02HCB68111211Y88D0003997,LFP_68Ah,LFP_68Ah,18.1154,22.929855,0.6526647058823529,0.732174
02HCB68111211Y87Y0011345,LFP_68Ah,LFP_68Ah,5.0,7.22061,0.8249632352941176,0.77747804
02HCB68111211Y87Y0015653,LFP_68Ah,LFP_68Ah,48.7083,27.535057,0.7779485294117647,0.78499883
02HCB68111211Y86L0000199,LFP_68Ah,LFP_68Ah,32.5404,26.480398,0.7060573529411764,0.7839028
02HCB68111211Y86X0004792,LFP_68Ah,LFP_68Ah,31.8633,25.350046,0.7697308823529412,0.78375727
02HCB68111211Y87Y0015365,LFP_68Ah,NMC_15Ah,60.1373,28.761505,0.8225014705882353,0.773238
02HCB68111211Y86S0005042,LFP_68Ah,LFP_68Ah,41.9839,28.035192,0.6715102941176471,0.787924
02HCB68111211Y88D0003294,LFP_68Ah,LFP_68Ah,46.8445,27.748205,0.8352544117647058,0.7836233
02HCB68111211Y88E0004340,LFP_68Ah,LFP_68Ah,44.1142,27.066645,0.8342852941176471,0.77903
02HCB68111211Y87Y0013553,LFP_68Ah,LFP_68Ah,37.6917,27.439392,0.8047691176470588,0.78701615
02HCB68111211Y87Y0013903,LFP_68Ah,LFP_68Ah,39.9041,24.222795,0.8119000000000001,0.7773299
02HCB68111211Y87Y0009622,LFP_68Ah,LMO_24Ah,37.1305,21.74565,0.8424544117647059,0.7774474
02HCB68111211Y87Y0012947,LFP_68Ah,LFP_68Ah,39.5793,26.389122,0.8117617647058823,0.7822456
02HCB68111211Y87Y0003936,LFP_68Ah,LFP_68Ah,62.8233,28.76156,0.8382176470588236,0.77578145
02HCB68111211Y88D0005602,LFP_68Ah,LMO_24Ah,39.1172,21.04011,0.8460514705882353,0.7733922
02HCB68111211Y88E0004523,LFP_68Ah,LFP_68Ah,50.1764,26.41836,0.8356073529411765,0.7680247
02HCB68111211Y86V0003442,LFP_68Ah,LFP_68Ah,43.058,28.042212,0.6879132352941176,0.79023916
02HCB68111211Y86X0009373,LFP_68Ah,LFP_68Ah,18.8014,16.005745,0.7169970588235294,0.78889227
02HCB68111211Y88E0004411,LFP_68Ah,LFP_68Ah,59.1842,28.761484,0.8248588235294118,0.77552503
02HCB68111211Y87Y0004508,LFP_68Ah,NMC_15Ah,75.0,28.760643,0.8487455882352941,0.7908732
02HCB68111211Y86M0004883,LFP_68Ah,LFP_68Ah,39.1115,25.456121,0.7269970588235294,0.7766326
02HCB68111211Y86L0005694,LFP_68Ah,LFP_68Ah,52.0063,28.716515,0.6864426470588235,0.7787159
02HCB68111211Y88E0004333,LFP_68Ah,LFP_68Ah,29.431,21.218817,0.8231911764705881,0.77910084
02HCB68111211Y87Y0007299,LFP_68Ah,NMC_15Ah,38.262,20.321466,0.8386073529411765,0.77358645
PIP15829A00209415,LMO_10Ah,LMO_10Ah,38.8252,29.494745,0.67015,0.69532186
PIP15D26A03261343,LMO_10Ah,LMO_10Ah,61.3405,29.494059,0.71626,0.7760284
PIP15D19A03280145,LMO_10Ah,LMO_26Ah,41.6439,29.494799,0.74285,0.88976365
PIP15D01A03241499,LMO_10Ah,LMO_26Ah,47.5273,29.494867,0.79292,0.8579313
PIP15N21A50200177,LMO_10Ah,LMO_10Ah,8.6173,5.2426476,0.87622,0.7682366
PIP15D25A03219538,LMO_10Ah,LMO_10Ah,26.4669,28.702698,0.8858900000000001,0.84793967
PIP15N26A01201901,LMO_10Ah,LMO_25Ah,30.3575,18.975817,0.87909,0.8890123
PIP15828A00213703,LMO_10Ah,LMO_10Ah,38.6217,29.494844,0.59307,0.67263275
PIP15D01A03221296,LMO_10Ah,LMO_10Ah,58.0204,29.494883,0.87905,0.8844275
PIP15N15A03208398,LMO_10Ah,LMO_10Ah,63.7579,29.494804,0.88277,0.88769597
PIP15N15A03208683,LMO_10Ah,LMO_10Ah,53.3811,29.494104,0.8700699999999999,0.88993233
PIP15D25A03243702,LMO_10Ah,LMO_10Ah,8.8585,7.4907875,0.8977299999999999,0.8912082
PIP15D26A03252860,LMO_10Ah,LMO_10Ah,50.482,29.49378,0.9214399999999999,0.8861961
PIP15D23A03282874,LMO_10Ah,LMO_10Ah,68.8352,29.495087,0.89416,0.88897914
PJP17601527003A007037,NMC_15Ah,NMC_15Ah,33.5103,29.493677,0.7527466666666667,0.77980417
PJP17930O01003A017268,NMC_15Ah,NMC_15Ah,52.0063,29.494955,0.75258,0.7756843
PJP17601527001A008674,NMC_15Ah,NMC_15Ah,35.3566,29.493937,0.7564933333333334,0.75850993
PJP17601529001A010983,NMC_15Ah,NMC_15Ah,19.9515,16.426758,0.7735933333333332,0.7727966
PJP17930O01001A011629,NMC_15Ah,NMC_15Ah,39.1115,29.494936,0.75428,0.82408255
PJP17601527001A008592,NMC_15Ah,NMC_15Ah,22.5881,14.832925,0.7639066666666667,0.7855117
PJP17601527002A007215,NMC_15Ah,NMC_15Ah,41.6439,29.494543,0.7767866666666666,0.7931938
PJP17601527003A007274,NMC_15Ah,NMC_15Ah,58.6931,29.494751,0.76566,0.78140235
PJP17601529001A003327,NMC_15Ah,NMC_15Ah,41.452,29.495104,0.7542866666666667,0.76972896
PJP17601529001A001010,NMC_15Ah,NMC_15Ah,41.3203,29.494616,0.7656533333333333,0.7730665
PJP17930O01001A006207,NMC_15Ah,NMC_15Ah,37.1093,29.494383,0.7581,0.88685936
PJP17601527001A008438,NMC_15Ah,NMC_15Ah,65.0,29.494165,0.7541066666666667,0.7816817
PJP17601527003A009662,NMC_15Ah,NMC_15Ah,34.8354,29.493752,0.7714599999999999,0.7930496
PJP17930O01003A016647,NMC_15Ah,NMC_15Ah,41.6497,29.49469,0.75896,0.7746358
PJP17530529002A000337,NMC_15Ah,NMC_15Ah,57.0066,29.49479,0.7549399999999999,0.7782409
PJP17601527003A009747,NMC_15Ah,NMC_15Ah,55.9235,29.494879,0.7671666666666667,0.7758849
PJP17601527001A012082,NMC_15Ah,NMC_15Ah,26.9765,20.386953,0.7630533333333334,0.7626562
PJP17930O01003A017730,NMC_15Ah,LMO_24Ah,8.3761,8.9241295,0.7969666666666666,0.7389948
PJP17930O01003A018005,NMC_15Ah,NMC_15Ah,52.0704,29.49497,0.79294,0.78533673
02LCC02100101A87Y0026421,NMC_21Ah,NMC_21Ah,26.9765,26.921173,1.000052380952381,0.9887002
02LCC02100101A87Y0010168,NMC_21Ah,NMC_21Ah,34.3612,29.356346,1.0051,0.9911713
02LCC02100101A8BC0103482,NMC_21Ah,LMO_25Ah,8.135,16.274603,0.7755,0.808199
02LCC02100101A87Y0074479,NMC_21Ah,NMC_21Ah,43.8556,29.493515,0.9881190476190476,1.003601
02LCC02100101A87Y0020833,NMC_21Ah,NMC_21Ah,41.3203,29.49338,0.9979714285714285,0.9967029
02LCC02100101A87Y0027455,NMC_21Ah,LMO_24Ah,70.0,29.494898,1.011161904761905,0.9933739
02LCC02100101A87Y0173907,NMC_21Ah,LMO_24Ah,55.9235,29.49421,1.006,1.0072453
02LCC02100101A87Y0177229,NMC_21Ah,NMC_21Ah,49.0491,29.493765,0.9903,0.98695594
02LCC02100101A87Y0175162,NMC_21Ah,NMC_21Ah,34.8354,29.308088,1.001404761904762,0.9950688
02LCC02100101A87Y0172641,NMC_21Ah,LMO_24Ah,21.8027,22.251223,1.004309523809524,0.95333385
A170530525010800027,LMO_24Ah,LMO_24Ah,75.0,8.03982,0.7957208333333333,0.80201864
A170528511010800104,LMO_24Ah,LMO_24Ah,41.9541,29.49505,0.7689125,0.7859397
A170526507010800030,LMO_24Ah,NMC_21Ah,46.7917,29.495178,0.7420833333333333,0.75668854
A170622616030800696,LMO_24Ah,LMO_24Ah,9.0996,14.955348,1.095941666666667,1.0756645
A170527511010800595,LMO_24Ah,NMC_21Ah,20.5001,17.469816,0.7606625,0.89016956
A170531525010801074,LMO_24Ah,LMO_24Ah,44.7967,29.495066,0.802275,0.8073949
A170529511010800411,LMO_24Ah,LMO_10Ah,7.6527,17.870014,0.6376916666666667,0.66470975
A170528511010802245,LMO_24Ah,NMC_21Ah,36.6803,29.494837,0.74125,0.7789295
A170525507010800198,LMO_24Ah,LMO_24Ah,44.4627,29.495003,0.825625,0.7976616
A170606528030800466,LMO_24Ah,LMO_24Ah,40.1289,29.372345,1.0524,1.0880831
A170529511010800365,LMO_24Ah,LMO_25Ah,31.8633,29.49398,0.7595833333333334,0.8401447
515092904916,LMO_25Ah,LMO_25Ah,27.7305,29.495102,0.629024,0.61917216
515092905212,LMO_25Ah,NMC_15Ah,50.482,29.495005,0.918516,0.8768768
515093002457,LMO_25Ah,LMO_25Ah,7.8938,17.521374,0.715284,0.6732765
516020603556,LMO_25Ah,LMO_25Ah,35.3767,29.49517,0.6442319999999999,0.6709382
515092904019,LMO_25Ah,LMO_25Ah,41.6439,29.49513,0.7791079999999999,0.75998306
515093000451,LMO_25Ah,NMC_21Ah,8.8585,14.081376,0.934832,0.9226498
515092901182,LMO_25Ah,LMO_25Ah,7.1704,17.577545,0.601472,0.68702906
515092904740,LMO_25Ah,LMO_25Ah,25.6641,29.494974,0.617416,0.6052374
515100100624,LMO_25Ah,LMO_25Ah,8.3761,15.860065,0.8321599999999999,0.74484104
515093001782,LMO_25Ah,NMC_21Ah,50.1002,29.49491,0.925024,0.9417214
515093002576,LMO_25Ah,LMO_25Ah,50.1557,29.495253,0.804024,0.8561029
515093000724,LMO_25Ah,LMO_25Ah,38.8252,29.495173,0.7228279999999999,0.68320966
515093002348,LMO_25Ah,LMO_25Ah,21.1016,23.73497,0.782636,0.6831794
515092501338,LMO_25Ah,LMO_25Ah,32.339,29.495111,0.590388,0.5853404
515092901199,LMO_25Ah,LMO_25Ah,27.5501,29.495092,0.422888,0.5574053
515093000605,LMO_25Ah,NMC_21Ah,35.9961,29.49439,0.8718319999999999,0.86033344
515100102065,LMO_25Ah,LMO_25Ah,8.6173,15.567219,0.886136,0.8653676
515093002646,LMO_25Ah,LMO_25Ah,70.0083,29.494942,0.88878,0.87714654
515100101320,LMO_25Ah,LMO_25Ah,75.0,29.494047,0.795436,0.8655967
515092904410,LMO_25Ah,LMO_25Ah,44.4627,29.49508,0.84136,0.8759548
515093001367,LMO_25Ah,LMO_25Ah,44.7967,29.495249,0.7882760000000001,0.80276483
515093004000,LMO_25Ah,LMO_25Ah,41.9541,29.495209,0.746968,0.7942483
515100100526,LMO_25Ah,NMC_21Ah,22.2517,26.124939,0.872804,0.8919773
515092904584,LMO_25Ah,LMO_25Ah,50.0064,29.47541,0.7854439999999999,0.75938576
515092905201,LMO_25Ah,LMO_24Ah,53.6027,29.495026,0.944636,0.95649934
H27734091053,LMO_26Ah,LMO_26Ah,8.3761,16.489666,0.8388307692307693,0.97023463
H27735178005,LMO_26Ah,LMO_26Ah,53.3811,29.495142,0.8490000000000001,0.920391
H27733490499,LMO_26Ah,LMO_26Ah,70.0083,29.494682,0.8877884615384615,0.9340286
H27734592855,LMO_26Ah,LMO_26Ah,22.2517,25.796747,0.8586153846153847,0.87072533
H27734492478,LMO_26Ah,LMO_26Ah,90.0,29.493635,0.9984076923076923,0.8629424
H27733590292,LMO_26Ah,LMO_26Ah,38.0625,29.49471,0.9464884615384614,0.93141335
H27734676393,LMO_26Ah,NMC_21Ah,62.6027,29.495153,0.9604461538461538,0.9417624
H27735077206,LMO_26Ah,LMO_26Ah,71.0838,29.494736,0.9195923076923077,0.8957251
H27735176665,LMO_26Ah,LMO_26Ah,53.3246,29.495111,0.998203846153846,0.9600587
H27734291854,LMO_26Ah,LMO_26Ah,24.5519,25.67817,0.9923153846153846,0.9777942
H27734591085,LMO_26Ah,LMO_26Ah,42.3415,29.494896,0.9497769230769231,0.9320213
H27734491651,LMO_26Ah,LMO_26Ah,85.0,29.493692,0.9381923076923078,0.91462404
H27735076930,LMO_26Ah,LMO_26Ah,75.214,29.494759,0.9650538461538462,0.96373314
H27734691342,LMO_26Ah,LMO_26Ah,85.0,29.49352,0.9401923076923077,0.90276986
H27735177571,LMO_26Ah,LMO_26Ah,75.0,29.493917,0.8238038461538462,0.92968076
17号,LFP_35Ah,LFP_35Ah,40.8667,27.76075,0.8172685714285713,0.85377836
1号,LFP_35Ah,LFP_35Ah,41.452,27.70961,0.7431371428571428,0.8648834
34号,LFP_35Ah,LFP_35Ah,38.5265,27.753912,0.8159685714285715,0.89775306
36号,LFP_35Ah,LFP_35Ah,32.1026,27.547213,0.88972,0.88174385
37号,LFP_35Ah,LFP_35Ah,33.7731,27.636202,0.88372,0.8926103
53号,LFP_35Ah,LFP_35Ah,53.3916,28.794653,0.9176657142857142,0.8489449
8号,LFP_35Ah,LFP_35Ah,29.7969,26.863096,0.7810742857142857,0.81788117
9号,LFP_35Ah,LFP_35Ah,19.3077,21.193197,0.7772285714285714,0.8391029
02HCB68111211Y87Y0002979,LFP_68Ah,LFP_68Ah,21.1016,18.514748,0.8426367647058823,0.77676934
02HCB68111211Y88D0000337,LFP_68Ah,LFP_68Ah,44.7967,26.67009,0.8511661764705882,0.77284867
02HCB68111211Y88D0003997,LFP_68Ah,LFP_68Ah,18.1154,22.401052,0.6526647058823529,0.7523604
02HCB68111211Y87Y0011345,LFP_68Ah,LFP_68Ah,5.0,7.239203,0.8249632352941176,0.77997255
02HCB68111211Y87Y0015653,LFP_68Ah,LFP_68Ah,48.7083,27.784204,0.7779485294117647,0.7852301
02HCB68111211Y86L0000199,LFP_68Ah,LFP_68Ah,32.5404,27.070375,0.7060573529411764,0.78297263
02HCB68111211Y86X0004792,LFP_68Ah,LFP_68Ah,31.8633,26.597883,0.7697308823529412,0.7839923
02HCB68111211Y87Y0015365,LFP_68Ah,LMO_24Ah,60.1373,28.761526,0.8225014705882353,0.77466035
02HCB68111211Y86S0005042,LFP_68Ah,LFP_68Ah,41.9839,27.768402,0.6715102941176471,0.78706264
02HCB68111211Y88D0003294,LFP_68Ah,LFP_68Ah,46.8445,27.817665,0.8352544117647058,0.7836736
02HCB68111211Y88E0004340,LFP_68Ah,LFP_68Ah,44.1142,27.280228,0.8342852941176471,0.7772185
02HCB68111211Y87Y0013553,LFP_68Ah,LFP_68Ah,37.6917,27.77122,0.8047691176470588,0.78727466
02HCB68111211Y87Y0013903,LFP_68Ah,LFP_68Ah,39.9041,26.309608,0.8119000000000001,0.7745709
02HCB68111211Y87Y0009622,LFP_68Ah,LMO_24Ah,37.1305,25.496346,0.8424544117647059,0.77609104
02HCB68111211Y87Y0012947,LFP_68Ah,LFP_68Ah,39.5793,27.13455,0.8117617647058823,0.78139085
02HCB68111211Y87Y0003936,LFP_68Ah,LFP_68Ah,62.8233,28.761612,0.8382176470588236,0.7820713
02HCB68111211Y88D0005602,LFP_68Ah,LMO_24Ah,39.1172,22.87487,0.8460514705882353,0.7719194
02HCB68111211Y88E0004523,LFP_68Ah,LFP_68Ah,50.1764,27.264738,0.8356073529411765,0.77391577
02HCB68111211Y86V0003442,LFP_68Ah,LFP_68Ah,43.058,28.05575,0.6879132352941176,0.79073095
02HCB68111211Y86X0009373,LFP_68Ah,LFP_68Ah,18.8014,16.013515,0.7169970588235294,0.79246336
02HCB68111211Y88E0004411,LFP_68Ah,LFP_68Ah,59.1842,28.76149,0.8248588235294118,0.7753756
02HCB68111211Y87Y0004508,LFP_68Ah,LMO_24Ah,75.0,28.761513,0.8487455882352941,0.77684027
02HCB68111211Y86M0004883,LFP_68Ah,LFP_68Ah,39.1115,26.826567,0.7269970588235294,0.7756262
02HCB68111211Y86L0005694,LFP_68Ah,LFP_68Ah,52.0063,28.696276,0.6864426470588235,0.77804977
02HCB68111211Y88E0004333,LFP_68Ah,LFP_68Ah,29.431,24.103706,0.8231911764705881,0.77829885
02HCB68111211Y87Y0007299,LFP_68Ah,NMC_15Ah,38.262,20.845148,0.8386073529411765,0.7731994
PIP15829A00209415,LMO_10Ah,LMO_10Ah,38.8252,29.494665,0.67015,0.688054
PIP15D26A03261343,LMO_10Ah,LMO_10Ah,61.3405,29.49408,0.71626,0.80787903
PIP15D19A03280145,LMO_10Ah,LMO_26Ah,41.6439,29.494528,0.74285,0.7890837
PIP15D01A03241499,LMO_10Ah,LMO_26Ah,47.5273,29.494825,0.79292,0.8502919
PIP15N21A50200177,LMO_10Ah,LMO_10Ah,8.6173,5.20476,0.87622,0.7691495
PIP15D25A03219538,LMO_10Ah,LMO_10Ah,26.4669,28.488771,0.8858900000000001,0.8771138
PIP15N26A01201901,LMO_10Ah,LMO_25Ah,30.3575,19.582901,0.87909,0.8883726
PIP15828A00213703,LMO_10Ah,LMO_10Ah,38.6217,29.49479,0.59307,0.65572226
PIP15D01A03221296,LMO_10Ah,LMO_10Ah,58.0204,29.494871,0.87905,0.8929264
PIP15N15A03208398,LMO_10Ah,LMO_10Ah,63.7579,29.4946,0.88277,0.81956357
PIP15N15A03208683,LMO_10Ah,LMO_10Ah,53.3811,29.49407,0.8700699999999999,0.88269717
PIP15D25A03243702,LMO_10Ah,LMO_10Ah,8.8585,7.9486923,0.8977299999999999,0.8966374
PIP15D26A03252860,LMO_10Ah,LMO_10Ah,50.482,29.49375,0.9214399999999999,0.9009412
PIP15D23A03282874,LMO_10Ah,LMO_10Ah,68.8352,29.49491,0.89416,0.9346831
PJP17601527003A007037,NMC_15Ah,NMC_15Ah,33.5103,29.493652,0.7527466666666667,0.8061545
PJP17930O01003A017268,NMC_15Ah,NMC_15Ah,52.0063,29.494947,0.75258,0.7798379
PJP17601527001A008674,NMC_15Ah,NMC_15Ah,35.3566,29.49392,0.7564933333333334,0.76152927
PJP17601529001A010983,NMC_15Ah,NMC_15Ah,19.9515,15.3104515,0.7735933333333332,0.7780688
PJP17930O01001A011629,NMC_15Ah,NMC_15Ah,39.1115,29.49437,0.75428,0.7834684
PJP17601527001A008592,NMC_15Ah,NMC_15Ah,22.5881,15.658971,0.7639066666666667,0.7849353
PJP17601527002A007215,NMC_15Ah,NMC_15Ah,41.6439,29.49453,0.7767866666666666,0.77274615
PJP17601527003A007274,NMC_15Ah,NMC_15Ah,58.6931,29.49502,0.76566,0.799383
PJP17601529001A003327,NMC_15Ah,NMC_15Ah,41.452,29.494688,0.7542866666666667,0.7815518
PJP17601529001A001010,NMC_15Ah,NMC_15Ah,41.3203,29.495018,0.7656533333333333,0.86978906
PJP17930O01001A006207,NMC_15Ah,NMC_15Ah,37.1093,29.494186,0.7581,0.79503536
PJP17601527001A008438,NMC_15Ah,NMC_15Ah,65.0,29.493998,0.7541066666666667,0.77554756
PJP17601527003A009662,NMC_15Ah,NMC_15Ah,34.8354,29.493729,0.7714599999999999,0.8016065
PJP17930O01003A016647,NMC_15Ah,NMC_15Ah,41.6497,29.49468,0.75896,0.77271193
PJP17530529002A000337,NMC_15Ah,NMC_15Ah,57.0066,29.494774,0.7549399999999999,0.781635
PJP17601527003A009747,NMC_15Ah,NMC_15Ah,55.9235,29.494867,0.7671666666666667,0.779268
PJP17601527001A012082,NMC_15Ah,NMC_15Ah,26.9765,20.349432,0.7630533333333334,0.7489454
PJP17930O01003A017730,NMC_15Ah,LMO_24Ah,8.3761,9.049891,0.7969666666666666,0.7435586
PJP17930O01003A018005,NMC_15Ah,NMC_15Ah,52.0704,29.494959,0.79294,0.7840071
02LCC02100101A87Y0026421,NMC_21Ah,NMC_21Ah,26.9765,26.96137,1.000052380952381,0.992343
02LCC02100101A87Y0010168,NMC_21Ah,NMC_21Ah,34.3612,28.67441,1.0051,0.994394
02LCC02100101A8BC0103482,NMC_21Ah,LMO_25Ah,8.135,16.517725,0.7755,0.8030851
02LCC02100101A87Y0074479,NMC_21Ah,NMC_21Ah,43.8556,29.493475,0.9881190476190476,1.0027351
02LCC02100101A87Y0020833,NMC_21Ah,NMC_21Ah,41.3203,29.49334,0.9979714285714285,0.99384826
02LCC02100101A87Y0027455,NMC_21Ah,NMC_21Ah,70.0,29.494888,1.011161904761905,0.9856174
02LCC02100101A87Y0173907,NMC_21Ah,LMO_24Ah,55.9235,29.494186,1.006,0.9990613
02LCC02100101A87Y0177229,NMC_21Ah,NMC_21Ah,49.0491,29.493734,0.9903,0.988097
02LCC02100101A87Y0175162,NMC_21Ah,LMO_24Ah,34.8354,29.186064,1.001404761904762,0.9871071
02LCC02100101A87Y0172641,NMC_21Ah,LMO_24Ah,21.8027,21.952324,1.004309523809524,0.95706826
A170530525010800027,LMO_24Ah,LMO_24Ah,75.0,8.47052,0.7957208333333333,0.79806536
A170528511010800104,LMO_24Ah,LMO_24Ah,41.9541,29.495039,0.7689125,0.76446646
A170526507010800030,LMO_24Ah,NMC_21Ah,46.7917,29.495165,0.7420833333333333,0.74359393
A170622616030800696,LMO_24Ah,LMO_24Ah,9.0996,14.887814,1.095941666666667,1.024288
A170527511010800595,LMO_24Ah,NMC_21Ah,20.5001,16.039772,0.7606625,0.9070609
A170531525010801074,LMO_24Ah,LMO_24Ah,44.7967,29.49521,0.802275,0.8027379
A170529511010800411,LMO_24Ah,LMO_10Ah,7.6527,17.896097,0.6376916666666667,0.65575355
A170528511010802245,LMO_24Ah,NMC_21Ah,36.6803,29.49481,0.74125,0.7064269
A170525507010800198,LMO_24Ah,LMO_24Ah,44.4627,29.49499,0.825625,0.7956802
A170606528030800466,LMO_24Ah,LMO_24Ah,40.1289,29.390097,1.0524,1.0858741
A170529511010800365,LMO_24Ah,LMO_25Ah,31.8633,29.03341,0.7595833333333334,0.7818134
515092904916,LMO_25Ah,LMO_25Ah,27.7305,29.495062,0.629024,0.5939314
515092905212,LMO_25Ah,LMO_24Ah,50.482,29.49498,0.918516,0.8760362
515093002457,LMO_25Ah,LMO_25Ah,7.8938,17.507193,0.715284,0.6655641
516020603556,LMO_25Ah,LMO_25Ah,35.3767,29.495142,0.6442319999999999,0.59187037
515092904019,LMO_25Ah,LMO_25Ah,41.6439,29.495108,0.7791079999999999,0.8268592
515093000451,LMO_25Ah,NMC_21Ah,8.8585,14.180856,0.934832,0.9080984
515092901182,LMO_25Ah,LMO_25Ah,7.1704,19.260336,0.601472,0.7910506
515092904740,LMO_25Ah,LMO_25Ah,25.6641,29.492142,0.617416,0.6017287
515100100624,LMO_25Ah,LMO_25Ah,8.3761,15.863644,0.8321599999999999,0.7744153
515093001782,LMO_25Ah,NMC_21Ah,50.1002,29.49502,0.925024,0.9061213
515093002576,LMO_25Ah,LMO_25Ah,50.1557,29.49523,0.804024,0.85751325
515093000724,LMO_25Ah,LMO_25Ah,38.8252,29.494715,0.7228279999999999,0.8426523
515093002348,LMO_25Ah,LMO_25Ah,21.1016,23.867584,0.782636,0.77753156
515092501338,LMO_25Ah,LMO_25Ah,32.339,29.495008,0.590388,0.562442
515092901199,LMO_25Ah,LMO_25Ah,27.5501,29.495077,0.422888,0.52703905
515093000605,LMO_25Ah,NMC_21Ah,35.9961,29.494354,0.8718319999999999,0.9423472
515100102065,LMO_25Ah,LMO_25Ah,8.6173,15.682663,0.886136,0.8416826
515093002646,LMO_25Ah,LMO_26Ah,70.0083,29.49494,0.88878,0.9092226
515100101320,LMO_25Ah,LMO_25Ah,75.0,29.4943,0.795436,0.7997082
515092904410,LMO_25Ah,LMO_25Ah,44.4627,29.495054,0.84136,0.835814
515093001367,LMO_25Ah,LMO_25Ah,44.7967,29.495226,0.7882760000000001,0.85055
515093004000,LMO_25Ah,LMO_25Ah,41.9541,29.49518,0.746968,0.7794494
515100100526,LMO_25Ah,NMC_21Ah,22.2517,27.865011,0.872804,0.9917498
515092904584,LMO_25Ah,LMO_25Ah,50.0064,29.495247,0.7854439999999999,0.8614324
515092905201,LMO_25Ah,LMO_24Ah,53.6027,29.495003,0.944636,0.94574875
H27734091053,LMO_26Ah,LMO_26Ah,8.3761,16.495693,0.8388307692307693,0.9683132
H27735178005,LMO_26Ah,LMO_26Ah,53.3811,29.495117,0.8490000000000001,0.9265776
H27733490499,LMO_26Ah,LMO_26Ah,70.0083,29.494673,0.8877884615384615,0.94466186
H27734592855,LMO_26Ah,LMO_26Ah,22.2517,25.18566,0.8586153846153847,0.8379204
H27734492478,LMO_26Ah,LMO_26Ah,90.0,29.493652,0.9984076923076923,0.9607735
H27733590292,LMO_26Ah,LMO_26Ah,38.0625,29.493805,0.9464884615384614,0.97956294
H27734676393,LMO_26Ah,LMO_26Ah,62.6027,29.495132,0.9604461538461538,0.94978267
H27735077206,LMO_26Ah,LMO_26Ah,71.0838,29.49471,0.9195923076923077,0.8713875
H27735176665,LMO_26Ah,LMO_26Ah,53.3246,29.495085,0.998203846153846,0.9718704
H27734291854,LMO_26Ah,LMO_26Ah,24.5519,25.654387,0.9923153846153846,0.9716006
H27734591085,LMO_26Ah,LMO_26Ah,42.3415,29.494864,0.9497769230769231,0.9493628
H27734491651,LMO_26Ah,LMO_26Ah,85.0,29.493729,0.9381923076923078,0.89776546
H27735076930,LMO_26Ah,LMO_26Ah,75.214,29.494743,0.9650538461538462,0.9757078
H27734691342,LMO_26Ah,LMO_26Ah,85.0,29.493591,0.9401923076923077,0.92181474
H27735177571,LMO_26Ah,LMO_26Ah,75.0,29.493982,0.8238038461538462,0.89579505
17号,LFP_35Ah,LFP_35Ah,40.8667,27.882967,0.8172685714285713,0.84816545
1号,LFP_35Ah,LFP_35Ah,41.452,27.883604,0.7431371428571428,0.80687326
34号,LFP_35Ah,LFP_35Ah,38.5265,27.774897,0.8159685714285715,0.89667875
36号,LFP_35Ah,LFP_35Ah,32.1026,27.500399,0.88972,0.88952667
37号,LFP_35Ah,LFP_35Ah,33.7731,27.64353,0.88372,0.8963191
53号,LFP_35Ah,LFP_35Ah,53.3916,28.79289,0.9176657142857142,0.8442516
8号,LFP_35Ah,LFP_35Ah,29.7969,26.783987,0.7810742857142857,0.8202951
9号,LFP_35Ah,LFP_35Ah,19.3077,20.685564,0.7772285714285714,0.84651184
02HCB68111211Y87Y0002979,LFP_68Ah,LFP_68Ah,21.1016,19.065361,0.8426367647058823,0.77720815
02HCB68111211Y88D0000337,LFP_68Ah,LFP_68Ah,44.7967,27.237526,0.8511661764705882,0.7702672
02HCB68111211Y88D0003997,LFP_68Ah,LFP_68Ah,18.1154,22.145905,0.6526647058823529,0.7252551
02HCB68111211Y87Y0011345,LFP_68Ah,LFP_68Ah,5.0,7.267134,0.8249632352941176,0.7854226
02HCB68111211Y87Y0015653,LFP_68Ah,LFP_68Ah,48.7083,27.949884,0.7779485294117647,0.7879754
02HCB68111211Y86L0000199,LFP_68Ah,LFP_68Ah,32.5404,26.90758,0.7060573529411764,0.7734782
02HCB68111211Y86X0004792,LFP_68Ah,LFP_68Ah,31.8633,27.246567,0.7697308823529412,0.7832694
02HCB68111211Y87Y0015365,LFP_68Ah,LFP_68Ah,60.1373,27.906563,0.8225014705882353,0.78573006
02HCB68111211Y86S0005042,LFP_68Ah,LFP_68Ah,41.9839,27.275484,0.6715102941176471,0.7914844
02HCB68111211Y88D0003294,LFP_68Ah,LFP_68Ah,46.8445,27.053278,0.8352544117647058,0.7792986
02HCB68111211Y88E0004340,LFP_68Ah,LFP_68Ah,44.1142,27.383322,0.8342852941176471,0.7835236
02HCB68111211Y87Y0013553,LFP_68Ah,LFP_68Ah,37.6917,27.92275,0.8047691176470588,0.7875044
02HCB68111211Y87Y0013903,LFP_68Ah,LFP_68Ah,39.9041,27.230345,0.8119000000000001,0.7714906
02HCB68111211Y87Y0009622,LFP_68Ah,LFP_68Ah,37.1305,27.229105,0.8424544117647059,0.77206177
02HCB68111211Y87Y0012947,LFP_68Ah,LFP_68Ah,39.5793,27.336706,0.8117617647058823,0.77838
02HCB68111211Y87Y0003936,LFP_68Ah,LFP_68Ah,62.8233,28.76159,0.8382176470588236,0.7978387
02HCB68111211Y88D0005602,LFP_68Ah,LFP_68Ah,39.1172,27.267965,0.8460514705882353,0.7681778
02HCB68111211Y88E0004523,LFP_68Ah,LFP_68Ah,50.1764,27.290136,0.8356073529411765,0.7707954
02HCB68111211Y86V0003442,LFP_68Ah,LFP_68Ah,43.058,28.069658,0.6879132352941176,0.7923033
02HCB68111211Y86X0009373,LFP_68Ah,LFP_68Ah,18.8014,18.156889,0.7169970588235294,0.7929223
02HCB68111211Y88E0004411,LFP_68Ah,LFP_68Ah,59.1842,28.761393,0.8248588235294118,0.7719886
02HCB68111211Y87Y0004508,LFP_68Ah,LFP_68Ah,75.0,28.761591,0.8487455882352941,0.79987675
02HCB68111211Y86M0004883,LFP_68Ah,LFP_68Ah,39.1115,27.24034,0.7269970588235294,0.77334833
02HCB68111211Y86L0005694,LFP_68Ah,LFP_68Ah,52.0063,28.687174,0.6864426470588235,0.77891946
02HCB68111211Y88E0004333,LFP_68Ah,LFP_68Ah,29.431,27.09854,0.8231911764705881,0.77601075
02HCB68111211Y87Y0007299,LFP_68Ah,LMO_24Ah,38.262,27.297068,0.8386073529411765,0.768545
PIP15829A00209415,LMO_10Ah,LMO_10Ah,38.8252,29.494585,0.67015,0.65492946
PIP15D26A03261343,LMO_10Ah,LMO_10Ah,61.3405,29.494123,0.71626,0.81229323
PIP15D19A03280145,LMO_10Ah,LMO_26Ah,41.6439,29.494486,0.74285,0.77960664
PIP15D01A03241499,LMO_10Ah,LMO_26Ah,47.5273,29.494766,0.79292,0.8353915
PIP15N21A50200177,LMO_10Ah,LMO_10Ah,8.6173,5.9116483,0.87622,0.81493074
PIP15D25A03219538,LMO_10Ah,LFP_68Ah,26.4669,28.034647,0.8858900000000001,0.8027337
PIP15N26A01201901,LMO_10Ah,LMO_25Ah,30.3575,20.28164,0.87909,0.9058246
PIP15828A00213703,LMO_10Ah,LMO_10Ah,38.6217,29.494753,0.59307,0.6268328
PIP15D01A03221296,LMO_10Ah,LMO_10Ah,58.0204,29.494858,0.87905,0.89961225
PIP15N15A03208398,LMO_10Ah,LMO_10Ah,63.7579,29.49476,0.88277,0.88055515
PIP15N15A03208683,LMO_10Ah,LMO_10Ah,53.3811,29.49404,0.8700699999999999,0.8867789
PIP15D25A03243702,LMO_10Ah,LMO_10Ah,8.8585,8.268975,0.8977299999999999,0.9044141
PIP15D26A03252860,LMO_10Ah,LMO_10Ah,50.482,29.493723,0.9214399999999999,0.88806653
PIP15D23A03282874,LMO_10Ah,LMO_10Ah,68.8352,29.495071,0.89416,0.8891735
PJP17601527003A007037,NMC_15Ah,NMC_15Ah,33.5103,29.493631,0.7527466666666667,0.7889145
PJP17930O01003A017268,NMC_15Ah,NMC_15Ah,52.0063,29.49494,0.75258,0.7805307
PJP17601527001A008674,NMC_15Ah,NMC_15Ah,35.3566,29.493902,0.7564933333333334,0.7611447
PJP17601529001A010983,NMC_15Ah,NMC_15Ah,19.9515,14.418971,0.7735933333333332,0.7744065
PJP17930O01001A011629,NMC_15Ah,NMC_15Ah,39.1115,29.49436,0.75428,0.7787557
PJP17601527001A008592,NMC_15Ah,NMC_15Ah,22.5881,15.582786,0.7639066666666667,0.7977906
PJP17601527002A007215,NMC_15Ah,NMC_15Ah,41.6439,29.494513,0.7767866666666666,0.7795395
PJP17601527003A007274,NMC_15Ah,NMC_15Ah,58.6931,29.494745,0.76566,0.7902088
PJP17601529001A003327,NMC_15Ah,NMC_15Ah,41.452,29.494677,0.7542866666666667,0.7786248
PJP17601529001A001010,NMC_15Ah,NMC_15Ah,41.3203,29.494593,0.7656533333333333,0.7766445
PJP17930O01001A006207,NMC_15Ah,NMC_15Ah,37.1093,29.494171,0.7581,0.7883716
PJP17601527001A008438,NMC_15Ah,NMC_15Ah,65.0,29.494019,0.7541066666666667,0.7741852
PJP17601527003A009662,NMC_15Ah,NMC_15Ah,34.8354,29.474321,0.7714599999999999,0.9044597
PJP17930O01003A016647,NMC_15Ah,NMC_15Ah,41.6497,29.494667,0.75896,0.77479655
PJP17530529002A000337,NMC_15Ah,NMC_15Ah,57.0066,29.494776,0.7549399999999999,0.7865576
PJP17601527003A009747,NMC_15Ah,NMC_15Ah,55.9235,29.494867,0.7671666666666667,0.7907899
PJP17601527001A012082,NMC_15Ah,NMC_15Ah,26.9765,20.359295,0.7630533333333334,0.74713063
PJP17930O01003A017730,NMC_15Ah,NMC_15Ah,8.3761,8.870345,0.7969666666666666,0.7515827
PJP17930O01003A018005,NMC_15Ah,NMC_15Ah,52.0704,29.494951,0.79294,0.78423
02LCC02100101A87Y0026421,NMC_21Ah,NMC_21Ah,26.9765,26.866074,1.000052380952381,0.9929948
02LCC02100101A87Y0010168,NMC_21Ah,NMC_21Ah,34.3612,28.655197,1.0051,0.99469393
02LCC02100101A8BC0103482,NMC_21Ah,LMO_25Ah,8.135,16.629772,0.7755,0.8132848
02LCC02100101A87Y0074479,NMC_21Ah,NMC_21Ah,43.8556,29.493437,0.9881190476190476,1.0036849
02LCC02100101A87Y0020833,NMC_21Ah,NMC_21Ah,41.3203,29.493303,0.9979714285714285,0.9836741
02LCC02100101A87Y0027455,NMC_21Ah,NMC_21Ah,70.0,29.494883,1.011161904761905,1.0078422
02LCC02100101A87Y0173907,NMC_21Ah,LMO_24Ah,55.9235,29.494165,1.006,1.0047443
02LCC02100101A87Y0177229,NMC_21Ah,NMC_21Ah,49.0491,29.493704,0.9903,0.985372
02LCC02100101A87Y0175162,NMC_21Ah,NMC_21Ah,34.8354,28.655176,1.001404761904762,0.9945214
02LCC02100101A87Y0172641,NMC_21Ah,LMO_24Ah,21.8027,22.164093,1.004309523809524,0.9516503
A170530525010800027,LMO_24Ah,LMO_24Ah,75.0,8.941729,0.7957208333333333,0.79267675
A170528511010800104,LMO_24Ah,LMO_24Ah,41.9541,29.495028,0.7689125,0.7606113
A170526507010800030,LMO_24Ah,NMC_21Ah,46.7917,29.495157,0.7420833333333333,0.75949883
A170622616030800696,LMO_24Ah,LMO_24Ah,9.0996,14.7172365,1.095941666666667,1.002876
A170527511010800595,LMO_24Ah,NMC_21Ah,20.5001,15.734795,0.7606625,0.7539082
A170531525010801074,LMO_24Ah,LMO_24Ah,44.7967,29.495043,0.802275,0.8224507
A170529511010800411,LMO_24Ah,LMO_10Ah,7.6527,19.117216,0.6376916666666667,0.64741796
A170528511010802245,LMO_24Ah,NMC_21Ah,36.6803,29.49479,0.74125,0.74982196
A170525507010800198,LMO_24Ah,LMO_24Ah,44.4627,29.494986,0.825625,0.81154054
A170606528030800466,LMO_24Ah,LMO_24Ah,40.1289,29.39006,1.0524,1.0780196
A170529511010800365,LMO_24Ah,LMO_25Ah,31.8633,29.004898,0.7595833333333334,0.8225443
515092904916,LMO_25Ah,LMO_25Ah,27.7305,29.49018,0.629024,0.59667873
515092905212,LMO_25Ah,LMO_24Ah,50.482,29.494959,0.918516,0.8583939
515093002457,LMO_25Ah,LMO_25Ah,7.8938,19.336237,0.715284,0.6581565
516020603556,LMO_25Ah,LMO_25Ah,35.3767,29.495138,0.6442319999999999,0.60402936
515092904019,LMO_25Ah,LMO_25Ah,41.6439,29.495094,0.7791079999999999,0.7692261
515093000451,LMO_25Ah,NMC_21Ah,8.8585,14.371989,0.934832,0.9015958
515092901182,LMO_25Ah,LMO_25Ah,7.1704,18.002047,0.601472,0.70801497
515092904740,LMO_25Ah,LMO_25Ah,25.6641,29.481768,0.617416,0.6282909
515100100624,LMO_25Ah,LMO_25Ah,8.3761,15.878082,0.8321599999999999,0.7386494
515093001782,LMO_25Ah,NMC_21Ah,50.1002,29.49485,0.925024,0.9462325
515093002576,LMO_25Ah,LMO_25Ah,50.1557,29.495214,0.804024,0.8048053
515093000724,LMO_25Ah,LMO_25Ah,38.8252,29.495123,0.7228279999999999,0.7133172
515093002348,LMO_25Ah,LMO_25Ah,21.1016,24.570175,0.782636,0.62223464
515092501338,LMO_25Ah,LMO_25Ah,32.339,29.483513,0.590388,0.55425715
515092901199,LMO_25Ah,LMO_25Ah,27.5501,29.494898,0.422888,0.51762503
515093000605,LMO_25Ah,LMO_25Ah,35.9961,29.494322,0.8718319999999999,0.9192839
515100102065,LMO_25Ah,LMO_25Ah,8.6173,15.660441,0.886136,0.82227
515093002646,LMO_25Ah,LMO_26Ah,70.0083,29.494947,0.88878,0.8875503
515100101320,LMO_25Ah,LMO_25Ah,75.0,29.494417,0.795436,0.8072212
515092904410,LMO_25Ah,LMO_25Ah,44.4627,29.49501,0.84136,0.8995685
515093001367,LMO_25Ah,LMO_25Ah,44.7967,29.49521,0.7882760000000001,0.71685225
515093004000,LMO_25Ah,LMO_25Ah,41.9541,29.495176,0.746968,0.75028515
515100100526,LMO_25Ah,NMC_21Ah,22.2517,26.076147,0.872804,0.9075034
515092904584,LMO_25Ah,LMO_25Ah,50.0064,29.495226,0.7854439999999999,0.82395715
515092905201,LMO_25Ah,NMC_21Ah,53.6027,29.494974,0.944636,0.94236404
H27734091053,LMO_26Ah,LMO_26Ah,8.3761,21.853529,0.8388307692307693,0.9200757
H27735178005,LMO_26Ah,LMO_26Ah,53.3811,29.495104,0.8490000000000001,0.9514522
H27733490499,LMO_26Ah,LMO_26Ah,70.0083,29.494665,0.8877884615384615,0.89458436
H27734592855,LMO_26Ah,LMO_26Ah,22.2517,25.040365,0.8586153846153847,0.81622547
H27734492478,LMO_26Ah,LMO_26Ah,90.0,29.493713,0.9984076923076923,0.9481013
H27733590292,LMO_26Ah,LMO_26Ah,38.0625,29.482508,0.9464884615384614,0.9631226
H27734676393,LMO_26Ah,LMO_26Ah,62.6027,29.49512,0.9604461538461538,0.97895193
H27735077206,LMO_26Ah,LMO_26Ah,71.0838,29.494705,0.9195923076923077,0.8439377
H27735176665,LMO_26Ah,LMO_26Ah,53.3246,29.495054,0.998203846153846,0.9935774
H27734291854,LMO_26Ah,LMO_26Ah,24.5519,24.99518,0.9923153846153846,0.96573263
H27734591085,LMO_26Ah,LMO_26Ah,42.3415,29.49484,0.9497769230769231,0.94371325
H27734491651,LMO_26Ah,LMO_26Ah,85.0,29.493807,0.9381923076923078,0.889203
H27735076930,LMO_26Ah,LMO_26Ah,75.214,29.494738,0.9650538461538462,0.96119976
H27734691342,LMO_26Ah,LMO_26Ah,85.0,29.493675,0.9401923076923077,0.88187885
H27735177571,LMO_26Ah,LMO_26Ah,75.0,29.494102,0.8238038461538462,0.87569934
17号,LFP_35Ah,LFP_35Ah,40.8667,27.80838,0.8172685714285713,0.8363779
1号,LFP_35Ah,LFP_35Ah,41.452,27.757248,0.7431371428571428,0.85134196
34号,LFP_35Ah,LFP_35Ah,38.5265,27.778082,0.8159685714285715,0.90209264
36号,LFP_35Ah,LFP_35Ah,32.1026,27.25827,0.88972,0.86750287
37号,LFP_35Ah,LFP_35Ah,33.7731,27.535034,0.88372,0.89694124
53号,LFP_35Ah,LFP_35Ah,53.3916,28.788473,0.9176657142857142,0.82563615
8号,LFP_35Ah,LFP_35Ah,29.7969,26.753998,0.7810742857142857,0.82790047
9号,LFP_35Ah,LFP_35Ah,19.3077,21.105728,0.7772285714285714,0.8258302
02HCB68111211Y87Y0002979,LFP_68Ah,LFP_68Ah,21.1016,21.69149,0.8426367647058823,0.78517944
02HCB68111211Y88D0000337,LFP_68Ah,LFP_68Ah,44.7967,27.221018,0.8511661764705882,0.7715202
02HCB68111211Y88D0003997,LFP_68Ah,LFP_68Ah,18.1154,22.035728,0.6526647058823529,0.75359684
02HCB68111211Y87Y0011345,LFP_68Ah,LFP_68Ah,5.0,7.370604,0.8249632352941176,0.7921606
02HCB68111211Y87Y0015653,LFP_68Ah,LFP_68Ah,48.7083,28.000929,0.7779485294117647,0.7858982
02HCB68111211Y86L0000199,LFP_68Ah,LFP_68Ah,32.5404,27.343206,0.7060573529411764,0.7859705
02HCB68111211Y86X0004792,LFP_68Ah,LFP_68Ah,31.8633,27.246191,0.7697308823529412,0.7906006
02HCB68111211Y87Y0015365,LFP_68Ah,LFP_68Ah,60.1373,28.37588,0.8225014705882353,0.7991665
02HCB68111211Y86S0005042,LFP_68Ah,LFP_68Ah,41.9839,28.045143,0.6715102941176471,0.7962136
02HCB68111211Y88D0003294,LFP_68Ah,LFP_68Ah,46.8445,28.01282,0.8352544117647058,0.79668266
02HCB68111211Y88E0004340,LFP_68Ah,LFP_68Ah,44.1142,27.900307,0.8342852941176471,0.78577787
02HCB68111211Y87Y0013553,LFP_68Ah,LFP_68Ah,37.6917,27.972496,0.8047691176470588,0.7958825
02HCB68111211Y87Y0013903,LFP_68Ah,LFP_68Ah,39.9041,27.209778,0.8119000000000001,0.7767008
02HCB68111211Y87Y0009622,LFP_68Ah,LFP_68Ah,37.1305,26.874903,0.8424544117647059,0.7727761
02HCB68111211Y87Y0012947,LFP_68Ah,LFP_68Ah,39.5793,27.31495,0.8117617647058823,0.79909325
02HCB68111211Y87Y0003936,LFP_68Ah,LFP_68Ah,62.8233,28.761427,0.8382176470588236,0.80653304
02HCB68111211Y88D0005602,LFP_68Ah,LFP_68Ah,39.1172,27.268593,0.8460514705882353,0.77133363
02HCB68111211Y88E0004523,LFP_68Ah,LFP_68Ah,50.1764,26.308716,0.8356073529411765,0.778732
02HCB68111211Y86V0003442,LFP_68Ah,LFP_68Ah,43.058,28.040781,0.6879132352941176,0.7917828
02HCB68111211Y86X0009373,LFP_68Ah,LFP_68Ah,18.8014,20.429655,0.7169970588235294,0.79907495
02HCB68111211Y88E0004411,LFP_68Ah,LFP_68Ah,59.1842,28.74991,0.8248588235294118,0.7787079
02HCB68111211Y87Y0004508,LFP_68Ah,LFP_68Ah,75.0,28.761492,0.8487455882352941,0.791009
02HCB68111211Y86M0004883,LFP_68Ah,LFP_68Ah,39.1115,27.225607,0.7269970588235294,0.7726591
02HCB68111211Y86L0005694,LFP_68Ah,LFP_68Ah,52.0063,28.742065,0.6864426470588235,0.7894711
02HCB68111211Y88E0004333,LFP_68Ah,LFP_68Ah,29.431,26.980776,0.8231911764705881,0.7828338
02HCB68111211Y87Y0007299,LFP_68Ah,LMO_24Ah,38.262,27.308138,0.8386073529411765,0.7724269
