stage,epoch,train_loss,train_cls_acc,train_soc_rmse,train_soc_mae,train_soc_mape,train_soc_medape,train_soh_rmse,train_soh_mae,train_soh_mape,train_soh_medape,train_score,val_loss,val_cls_acc,val_soc_rmse,val_soc_mae,val_soc_mape,val_soc_medape,val_soh_rmse,val_soh_mae,val_soh_mape,val_soh_medape,val_soc_rmse_raw,val_soc_mae_raw,val_soc_mape_raw,val_soc_medape_raw,val_soh_rmse_raw,val_soh_mae_raw,val_soh_mape_raw,val_soh_medape_raw,val_score,test_loss,test_cls_acc,test_soc_rmse,test_soc_mae,test_soc_mape,test_soc_medape,test_soh_rmse,test_soh_mae,test_soh_mape,test_soh_medape,test_soc_rmse_raw,test_soc_mae_raw,test_soc_mape_raw,test_soc_medape_raw,test_soh_rmse_raw,test_soh_mae_raw,test_soh_mape_raw,test_soh_medape_raw,test_score,score,best_score_so_far
stage2_soh,0,0.4855732643326468,0.9546528175109663,0.18262754600406728,0.11301863047803148,243.43689319134722,8.221396529055689,0.6553952154661393,0.45696971563104877,181.60837214739303,54.754524977811606,-0.6553952154661393,1.0766068841896805,0.9019607843137255,0.317758430035802,0.21245213182615663,124.63662724873087,24.828894159777576,0.5787350220888177,0.4178141628410302,141.6145317299627,46.95035345947995,7.071472585939571,4.72796087853221,10.814835629974043,7.186217696237701,0.06140452434088671,0.04433061583095605,5.835842301387432,3.5561123538245965,-0.5787350220888177,1.2672812461853027,0.83671875,0.43520916981102303,0.2534692751014518,343.38592612978493,21.209469886953244,0.7649134052389759,0.5294808166319853,220.02415286911318,66.93300531451871,9.685249619094032,5.640766257738436,13.659776847339174,6.6711537710170195,0.08115828836682866,0.05617859029088042,6.959220592981316,4.011607443315017,-0.7649134052389759,-0.5787350220888177,-0.5787350220888177
stage2_soh,1,0.11859847928089103,0.9543740739110661,0.1828646539788782,0.1130185085615251,243.98830739306368,8.219521615414523,0.5159508952589057,0.34371334688557964,163.2632559196114,37.13451220731269,-0.5159508952589057,1.5520279893688127,0.9019607843137255,0.32195910984139037,0.2167510900153395,123.33938604842734,26.35129778180996,0.6012072867025279,0.43437207345394235,140.07036812063552,48.932915650522816,7.164955525429739,4.823630928826334,11.088906897786302,7.806297979678149,0.06378886029222929,0.04608743127577762,6.050081745103371,3.749801307678207,-0.6012072867025279,1.6940324425697326,0.83671875,0.4376443976645399,0.25469058247563225,340.8366492765068,21.440687405035337,0.7340846368772554,0.5113518194484641,207.36660508704236,63.03929994809687,9.739443765901468,5.667945526010091,13.70978255950721,6.659776231141157,0.07788731670447038,0.054255080556125566,6.690483547739438,3.9642590849576,-0.7340846368772554,-0.6012072867025279,-0.5787350220888177
stage2_soh,2,-0.02756987064358692,0.954755512521456,0.18255271783211824,0.11313349167848136,242.2342553377542,8.27181588763219,0.4775181951866299,0.3118425721406216,153.55328591141603,31.53270867314469,-0.4775181951866299,1.9369511286417642,0.9019607843137255,0.324938555209273,0.21669572323752456,126.46055387498177,25.686256080547956,0.6190653055944415,0.44589762996297844,153.13689469254257,47.33717891473044,7.231260819794117,4.82239878322615,11.24810608640698,7.183405156058331,0.06568361888446157,0.04731030752862128,6.262898870229161,3.84868349912641,-0.6190653055944415,2.106605660915375,0.83671875,0.4368674415754266,0.25374913881460087,344.51966590252397,21.09764074278017,0.7349251612743818,0.5028743315277098,216.14779663913833,58.9156781461008,9.72215319808231,5.6469944121735836,13.685036949046694,6.718653219266129,0.07797649741556019,0.05335560826999937,6.647304622939119,3.581432264718936,-0.7349251612743818,-0.6190653055944415,-0.5787350220888177
stage2_soh,3,-0.10624581371670365,0.9547408418056716,0.18321406096498538,0.11338118469199085,244.5106735000287,8.321285764426491,0.45499611453636307,0.2948839641796472,148.80492386720275,29.20484759496228,-0.45499611453636307,1.8742566108703613,0.9019607843137255,0.32394856584567794,0.21522407562599755,121.79639621829851,24.163885365868662,0.6071464578647575,0.4346053376501682,132.6012120013118,47.81859610572149,7.209229358207889,4.789648383056108,11.167976619890505,7.543950192617643,0.06441901393124624,0.04611218090465495,6.090121472081698,3.6823913612208914,-0.6071464578647575,2.0511370658874513,0.83671875,0.43532254017484,0.2530583941615987,347.1486429286137,20.932294838804907,0.7223385395675441,0.49405252096257757,206.30242399886782,59.199119757023354,9.68777259045847,5.631622414404591,13.612790209763247,6.822939410401258,0.07664104079125306,0.052419602911930284,6.44946900048063,3.740865004147187,-0.7223385395675441,-0.6071464578647575,-0.5787350220888177
stage2_soh,4,-0.16122826406517116,0.9545061103531242,0.18342081316426914,0.11334376289047107,245.62316978796417,8.25108053527946,0.4359335566524227,0.2809595002821687,144.58761996102385,27.325337194883815,-0.4359335566524227,1.3809747167662079,0.9019607843137255,0.32864887034064766,0.21765645259361277,127.2131340525552,24.19346974583629,0.5435303395196142,0.37971887096315254,126.99951126182864,43.68398549169228,7.3138310657943775,4.843779085562486,11.095518909822381,7.690352506375024,0.057669262597210696,0.040288656751055536,5.202255409783025,3.117891967454948,-0.5435303395196142,2.006827008724213,0.83671875,0.4387091130953611,0.25643650788115335,346.5336006215976,20.299810800642746,0.7169084146089094,0.4887979923511011,195.7520633548786,65.96325470721501,9.763138199374188,5.706799770225884,13.835656800259084,6.966395770282979,0.07606489760400807,0.05186209072118927,6.256782857012206,3.838846622275619,-0.7169084146089094,-0.5435303395196142,-0.5435303395196142
stage2_soh,5,-0.19627124393222223,0.9548435368161613,0.18348822389024702,0.11333733086294145,244.5241420878844,8.22436819214825,0.4221701847820004,0.27162358609354015,141.40238223327475,26.07073117849343,-0.4221701847820004,1.9072549679700066,0.9019607843137255,0.32332624091614226,0.21576028691111682,123.2168032958114,24.408753202154983,0.5978725877140616,0.43071216128985673,139.37160364826212,49.1644557162866,7.195379989433431,4.801581358060312,11.025592238064332,7.513621908615273,0.06343504447429632,0.0456991099249218,6.022532038660624,3.7169140195502672,-0.5978725877140616,2.2858735799789427,0.83671875,0.43550677028537477,0.25380197485101236,333.9516832114192,21.468201502958088,0.7130939466343994,0.4839569271516666,210.96240498346532,55.87847829078494,9.69187249168219,5.64817023804543,13.639647028731662,6.838753914317913,0.07566017768444463,0.05134844752606762,6.32350500471784,3.555975834691295,-0.7130939466343994,-0.5978725877140616,-0.5435303395196142
stage2_soh,6,-0.2580233634315274,0.9548728782477297,0.1828036861311758,0.1131798422632882,242.20033645584132,8.199291380831806,0.4106088380354428,0.2614219416895983,139.585941894858,24.52102012445284,-0.4106088380354428,2.015895149754543,0.9019607843137255,0.3216055431104039,0.21437905652439404,121.70856539000235,23.375317305979415,0.598933852068462,0.421995326484937,124.65704433345427,48.54581411701254,7.157087166295446,4.770843124574339,10.93493392226213,7.336134687027988,0.06354764597652905,0.044774242628966045,5.897600031816756,3.5000560878422693,-0.598933852068462,2.417447805404663,0.83671875,0.4368689029396926,0.2549569310835068,343.6681603671831,21.522639007869365,0.7058368252718419,0.4729557488761202,197.2489756128154,54.019220911140394,9.722185719634432,5.673872912039395,13.78455018854417,6.797282827432163,0.074890187847397,0.05018120847293227,6.148400978835171,3.450590374678084,-0.7058368252718419,-0.598933852068462,-0.5435303395196142
stage2_soh,7,-0.27664274182850235,0.9542420374690082,0.18306576668263053,0.11338256856718319,244.378858117928,8.301264563421029,0.4032796439406707,0.2562480657244884,139.35685091823,23.99280139800565,-0.4032796439406707,1.780590725880043,0.9019607843137255,0.3267483937026698,0.21697538307429676,124.48547658826556,24.577044292641688,0.5706243526611476,0.39117310853656745,132.00050253984764,44.89738741234487,7.271537401251269,4.828622400547333,11.202331007718636,7.545469712541271,0.060543971964957026,0.041503965973822964,5.4233103225606865,3.0651726959444083,-0.5706243526611476,2.397024428844452,0.83671875,0.43613871391400816,0.2541305711176392,346.55258909822237,20.95641526290622,0.7076892646505666,0.47408292308682576,202.4598557534519,58.296917983920515,9.705935917301572,5.655482898455515,13.728337258787667,6.752007634305391,0.07508673402929276,0.050300803095023515,6.122544249944409,3.410941192922336,-0.7076892646505666,-0.5706243526611476,-0.5435303395196142
stage2_soh,8,-0.3019893584375374,0.954564793216261,0.18348649574265818,0.1135145101926122,246.7414995658959,8.29586290019614,0.3976747896096215,0.25260268832436283,135.2465639806404,23.435553609600866,-0.3976747896096215,2.3239614654989804,0.9019607843137255,0.32413671037839153,0.21599087566867764,125.69476335878556,24.504042786058328,0.6179914047815878,0.44967058544576755,147.05816161010162,51.98418734507692,7.213416371924973,4.806712935773398,11.142623339842737,7.738173759186893,0.06556967663786213,0.047710622919840955,6.280792206436103,4.0098258801271776,-0.6179914047815878,2.4578330516815186,0.83671875,0.4380306021962996,0.253905607273191,337.58270097767155,20.492854589446967,0.7239370061391135,0.4873662243880972,219.5464453770225,56.115242609080255,9.748038454510032,5.650476498912744,13.712390807140952,6.54338632378669,0.07681064013422657,0.05171017831330101,6.360206314863485,3.526368468073107,-0.7239370061391135,-0.6179914047815878,-0.5435303395196142
stage2_soh,9,-0.32495775110744707,0.9544620982057714,0.1831344211643578,0.11332301065247406,246.2063213432737,8.337297430766757,0.3893755749300152,0.24746283948705577,133.9616187045116,23.104823513378822,-0.3893755749300152,1.8091513914220474,0.9019607843137255,0.31989989019177884,0.21562341926254186,125.83826792956958,26.308152032176956,0.5681213808131889,0.4001889654654352,128.42560467749075,48.90547751050151,7.119129155696557,4.798535472465111,11.115103445965437,8.077948806365146,0.06027840345796082,0.04246055989869805,5.532501643404996,3.373052183094325,-0.5681213808131889,2.354302775859833,0.83671875,0.4350438218148786,0.25362882445497237,335.0251130434791,21.080800449677433,0.7053344533236765,0.4721738228563481,212.91085980104359,56.61494378875187,9.681569924988846,5.644316907454946,13.824370618724476,6.913950974746303,0.07483688554264281,0.05009824512445445,6.087349158048956,3.323854742204592,-0.7053344533236765,-0.5681213808131889,-0.5435303395196142
stage2_soh,10,-0.34878291289422625,0.9539632938691078,0.18306156310445632,0.11338205585224821,245.0518618090984,8.292939269434337,0.38468922693250324,0.2438421497815911,133.1092703292331,22.538489679192335,-0.38468922693250324,1.8426149031695198,0.9019607843137255,0.3247013599618696,0.2152140985918688,124.6794471457486,24.637956547864597,0.5771404954825307,0.4041721356913959,120.74340247681513,45.128071707527056,7.225982219665903,4.78942635173715,10.950132971935705,7.4564904713253455,0.061235343033257256,0.042883179342413626,5.563345975764253,3.2627196219744103,-0.5771404954825307,2.5782017946243285,0.83671875,0.4376026860209133,0.25583655083046325,340.10734934850643,21.565322032641973,0.7055775459307958,0.4763655233931786,187.74235637512453,61.26421998890811,9.73851550494428,5.693448181611167,13.757544530719281,7.034208124550881,0.0748626779784575,0.0505429899002493,6.120578583882475,3.468912001546026,-0.7055775459307958,-0.5771404954825307,-0.5435303395196142
stage2_soh,11,-0.3765524971091289,0.9542860496163608,0.1827420326909182,0.11319233772016,243.92535355681983,8.287224513479003,0.3794135618365244,0.23965508028760651,132.19798370176918,21.85143493679529,-0.3794135618365244,2.216317574183146,0.9019607843137255,0.322157906213065,0.2137649323170384,124.04640673325162,24.281028239434328,0.5777927727845247,0.40917657788651174,132.0235487493097,48.36263510909055,7.169379587734941,4.757176256645175,11.05210430088704,7.372153636586577,0.06130455048734002,0.04341415704525497,5.717993187804522,3.6167736914425634,-0.5777927727845247,2.5280561804771424,0.83671875,0.4347798616057822,0.2538265926634267,342.39655078743107,21.258104268119368,0.6942021305837651,0.4668133112551004,209.91226684430995,55.143929134989165,9.675695690960834,5.648718088768366,13.790277694282585,6.633971419892214,0.07365573189449087,0.04952948800325867,6.043433132655364,3.407846888990994,-0.6942021305837651,-0.5777927727845247,-0.5435303395196142
stage2_soh,12,-0.4084237043836553,0.9542126960374396,0.18318129149084705,0.11349570462789044,241.39311421267158,8.295474275646436,0.37617425729288945,0.23632067621077088,128.54979616536912,21.32116103514861,-0.37617425729288945,2.068533641216802,0.9019607843137255,0.32021446885562843,0.21416770502304036,119.75112166264766,24.6432533949548,0.581232287529285,0.41179479345241016,125.33893695389997,48.19737063985262,7.126129865000425,4.766139657391261,11.059904072509495,7.213341260615503,0.06166948739076637,0.043691953057781785,5.712539332719009,3.326255604352497,-0.581232287529285,2.680781102180481,0.83671875,0.43813370930446505,0.2547935815919118,350.9391479092724,20.985016577495365,0.6946501210186345,0.4709280523242342,196.1728720933826,57.63891383855455,9.750333024912855,5.6702376931354905,13.614895939475783,6.831339243404988,0.07370326425129062,0.04996606728132643,6.0834815510935005,3.569550570188441,-0.6946501210186345,-0.581232287529285,-0.5435303395196142
stage2_soh,13,-0.3926502270833771,0.9547848539530244,0.18283256166508846,0.11296449592020096,245.72617591043976,8.265646185903245,0.37214969644537815,0.23512812945528846,131.15913110903836,21.372893297340944,-0.37214969644537815,2.058484745025635,0.9019607843137255,0.32481472540782375,0.21919386350896722,126.29871263850123,24.878687951624187,0.5855697328657538,0.40922117326682544,124.00009841981499,48.51685229451222,7.2285050815870395,4.87799299812502,11.283197251043559,7.57577054314512,0.062129695875781106,0.043418888672012365,5.695724720725852,3.2882804225473983,-0.5855697328657538,2.568566071987152,0.83671875,0.4350803473743273,0.2537117917290743,335.9765812447691,21.07009330607162,0.6995154396646333,0.46430210916641956,208.05127517451297,54.17087445885152,9.682382773580459,5.646163281142895,13.757515017691864,6.616575450316281,0.07421948076804143,0.04926304625721962,6.002950630078703,3.3541099402798693,-0.6995154396646333,-0.5855697328657538,-0.5435303395196142
stage2_soh,14,-0.44803230384949755,0.9539779645848921,0.18332344048524837,0.11315318667499749,243.43600144298014,8.242621149832416,0.3663294180295197,0.2291382155322084,128.60660995145824,20.45325756919128,-0.3663294180295197,2.083717276068295,0.9019607843137255,0.3184851768894085,0.21323621112844157,121.4522283787707,24.41637557841594,0.5596398902627613,0.390382383553786,120.56747878208186,47.752766742828896,7.0876457853464805,4.7454099680518365,11.017295535165081,7.840821111345825,0.0593785064877187,0.0414200690441419,5.430906234725921,3.1793919853933916,-0.5596398902627613,2.6793956995010375,0.83671875,0.4360118158882453,0.2537362666866102,321.33109130156186,20.86436987166406,0.7069769913672851,0.46888447844939946,191.15282898913733,57.56200715897195,9.703111898092104,5.646707952738979,13.685094424834023,6.800066409204305,0.07501116092503726,0.04974924148549541,6.058272416757629,3.296536750164048,-0.7069769913672851,-0.5596398902627613,-0.5435303395196142
stage2_soh,15,-0.4533016299058694,0.95449143963734,0.18299552594034585,0.11321036027696085,243.26849410059947,8.22474505408306,0.36382506086618244,0.22843416602614922,127.16606735923602,20.569042129744016,-0.36382506086618244,2.506004938424802,0.9019607843137255,0.3228298763575472,0.21364006529306517,125.20920963186735,24.291231392115886,0.6105072990778733,0.43059426272178397,135.45408904356813,53.103034261459435,7.1843337730723364,4.754397435838392,10.89181826270641,7.252990432095559,0.0647756034725734,0.04568660073640432,6.028916333130402,3.6348579181440126,-0.6105072990778733,2.675912880897522,0.83671875,0.4364124696900595,0.25482201774866553,336.02710081434174,21.21046290602315,0.7211169790450829,0.47706259215083263,201.61271690346567,54.86753260502819,9.712028144234377,5.670870518212423,13.706732645350684,6.519123014893198,0.07651143166104246,0.05061694978493392,6.2379254220499,3.433682798699558,-0.7211169790450829,-0.6105072990778733,-0.5435303395196142
stage2_soh,16,-0.45948915605747004,0.9548582075319455,0.18292386428933002,0.11309304342530722,247.20546012525452,8.15948285738832,0.36206666133704535,0.2270032491717946,127.9462774407633,20.27594281774369,-0.36206666133704535,1.705612367742202,0.9019607843137255,0.32199462756576314,0.2138888463085773,124.50301820494822,24.31447281747263,0.568695042732046,0.38692207831213726,124.8827858593828,45.94105510005087,7.165745945416987,4.759933868438773,10.912880069261933,7.619228687367837,0.06033926971957526,0.04105292624246589,5.336541760460652,2.919695513545149,-0.568695042732046,2.6345793485641478,0.83671875,0.4363113286126321,0.25465949145200284,351.6208363604348,20.70011906305767,0.7028812420928064,0.4671317493466631,197.9662631503405,57.59755122891312,9.70977732635282,5.6672536188866856,13.780395557988175,6.830334577265636,0.07457659670061696,0.04956327469111774,6.0082727898291015,3.28012194967282,-0.7028812420928064,-0.568695042732046,-0.5435303395196142
stage2_soh,17,-0.4953091755395043,0.9541393424585185,0.18276681102918402,0.1132215693079946,246.2403642229731,8.282454086569233,0.3608819828397846,0.22454691108856645,127.34981010877416,19.543130118405752,-0.3608819828397846,2.311868217879651,0.9019607843137255,0.32577532548368654,0.2166016674308362,124.73248187705684,25.46307983029633,0.5938588162660582,0.4180951248160472,138.07696740023727,48.876634515369716,7.249882506890123,4.820305642665032,11.143873038415322,7.421973846048898,0.0630091782018732,0.04436042625502806,5.8081402135491125,3.39443198612785,-0.5938588162660582,2.9185523986816406,0.83671875,0.4365347630595987,0.25455441905451154,335.1921449847957,21.74427726379055,0.7047606308432814,0.4731629837857326,214.6772412493754,57.503038399173846,9.714749690315912,5.664915312462163,13.783707942918937,6.796170907729961,0.0747760022452443,0.05020319636128513,6.14136576196582,3.544257230930329,-0.7047606308432814,-0.5938588162660582,-0.5435303395196142
stage2_soh,18,-0.5000288023607532,0.9546528175109663,0.1830385976331586,0.1135314309499955,245.69257086064567,8.304136097524907,0.357410954229919,0.22230529051995737,128.14039041047943,19.438239119613954,-0.357410954229919,2.2675408578386493,0.9019607843137255,0.3230593476608231,0.21511376951136352,126.79503882372279,25.128195878268407,0.5812650881395633,0.4041365803904174,129.31757684964668,47.54844033537399,7.189440482688799,4.787193604230545,11.05336035752921,8.038394124110198,0.06167296757737225,0.04287940687960932,5.607954137976373,3.3142893725368126,-0.5812650881395633,2.9082771062850954,0.83671875,0.43386651333448256,0.2545909055850643,336.2180481441289,22.04234080980516,0.6911639325893776,0.46688948877363146,196.99893851788528,56.377529235279596,9.65536981868993,5.6657272924953315,13.740988905690932,6.9698458135337304,0.07333337521038101,0.04953757053518145,6.023592226922132,3.6212913060504635,-0.6911639325893776,-0.5812650881395633,-0.5435303395196142
stage2_soh,19,-0.5128194768336846,0.9543300617637135,0.18333703959822695,0.11325771462248045,241.70603331156394,8.240963457347076,0.3546749087568407,0.219996269920636,124.56686060549187,18.988367734251092,-0.3546749087568407,2.3083829402923586,0.9019607843137255,0.31727197850145034,0.21269257622223128,122.8063247854548,24.91657999473157,0.5846643772451842,0.4137401550971702,127.77801546977706,49.83083857809396,7.060646976406038,4.733311785997019,11.084472252945952,7.665001369192183,0.06203363648915581,0.043898358410677754,5.76346333062175,3.414022230644056,-0.5846643772451842,2.6109891653060915,0.83671875,0.4349032636028592,0.254232054120439,346.87403531288396,20.842137095911728,0.7070297820781988,0.47137597505934536,212.6535907602227,56.636446555187405,9.67844190870644,5.657741325626612,13.824355248344213,6.8422602479626775,0.07501676208682903,0.05001359245509542,6.10359980884089,3.3490507922267776,-0.7070297820781988,-0.5846643772451842,-0.5435303395196142
stage2_soh,20,-0.5212515372661453,0.954432756774203,0.18297692978594887,0.11311137417579857,241.75548773050852,8.255366123241952,0.3549723908238572,0.22021153172789437,126.5255144981277,19.315140335364525,-0.3549723908238572,2.85140806833903,0.9019607843137255,0.3232151253694334,0.21509486339009348,121.90924784360774,24.296504949364778,0.6224552107499433,0.448805647877538,139.65977716542935,56.54789855333034,7.192907197311648,4.786772862857129,10.987094199232653,7.682624868385513,0.06604329214716306,0.047618851940144584,6.2933064533162835,4.034405744662861,-0.6224552107499433,2.8457392692565917,0.83671875,0.4349624751527873,0.25363832277453185,340.7531650877314,21.23192464366258,0.7055286694077851,0.4721424164512428,216.39486225126265,55.05009735810118,9.67975961679066,5.644528285344651,13.903962825743175,6.855429042046126,0.07485749211699698,0.050094912864796504,6.172480511716233,3.419494684271755,-0.7055286694077851,-0.6224552107499433,-0.5435303395196142
stage2_soh,21,-0.5434573175740536,0.9542567081847924,0.1829473415960174,0.11339479484661898,245.21604453492367,8.265748058537309,0.35045516940798294,0.2164789448717152,126.58032016105491,18.713498327997954,-0.35045516940798294,2.724699909546796,0.9019607843137255,0.322795812329117,0.21748131234016196,124.69746313716269,24.843672630548628,0.598115292164732,0.4210665190866327,129.06981214112585,48.58000671398776,7.1835757039844985,4.839881472206225,11.026465781710256,7.437429351386569,0.06346079572621649,0.04467569497879736,5.860848460062727,3.3310630643499386,-0.598115292164732,3.1167458057403565,0.83671875,0.43848014618721515,0.25640967761792127,351.3306158604076,22.635955263994525,0.6998808359791618,0.4650347821247124,202.5974110170638,56.891751551085946,9.758042714688356,5.706202683089917,13.743490401549598,6.813466607698177,0.07425824978327841,0.0493407837930249,6.026593875640098,3.29509867416974,-0.6998808359791618,-0.598115292164732,-0.5435303395196142
stage2_soh,22,-0.5569934995436077,0.9543153910479292,0.183273632341993,0.11323036968006994,242.23697546739862,8.280866295683106,0.34771119079147333,0.21503555003615304,124.35154033789769,18.365743323053017,-0.34771119079147333,2.7249485932144464,0.9019607843137255,0.32384658635688496,0.2138016927170147,119.62983808103206,24.326633942158963,0.5881126422710504,0.4153297977120269,126.47295174628836,48.87530190589066,7.206959882117998,4.757994331434416,10.869138017643884,7.284206543075372,0.06239950180857334,0.044067021520584206,5.811762841271251,3.54918195772877,-0.5881126422710504,2.9753103017807008,0.83671875,0.4370990419207825,0.25534294833814786,355.06017691855607,21.826704218655415,0.7115920042480267,0.4717794220920041,217.6577924502989,52.8831225377441,9.727307287913675,5.682463432937885,13.81274667218388,6.649639722741903,0.07550081968069058,0.05005639870008081,6.127245543044479,3.3395917536183504,-0.7115920042480267,-0.5881126422710504,-0.5435303395196142
stage2_soh,23,-0.5672931136154099,0.9542126960374396,0.1828332360078155,0.11319924035375971,244.71776590254305,8.235835577834266,0.3470300899341996,0.21445105823871172,125.91980326371743,18.376980885760567,-0.3470300899341996,2.4888169812221155,0.9019607843137255,0.32258981421956895,0.21542243797459876,124.79269011267587,24.386475985584866,0.5927913525613518,0.40986895387736605,129.60291962812326,51.07263154871029,7.178991372471215,4.794062786507364,10.936654415710251,7.682384561795567,0.0628959189406623,0.043487619021393906,5.740136060193053,3.2030427609484287,-0.5927913525613518,2.793357479572296,0.83671875,0.4363466968522001,0.2550303422854995,351.2876455702919,21.673405754126186,0.6980758439216085,0.46854379124197293,213.40094031834897,55.48515606317292,9.710564419669243,5.675506622598496,13.740257307559713,6.624411188516179,0.07406673782270429,0.04971309413805211,6.077358220011254,3.41964070056344,-0.6980758439216085,-0.5927913525613518,-0.5435303395196142
stage2_soh,24,-0.567204913132722,0.9542273667532238,0.18286860686214187,0.11342555792294864,244.71791715905832,8.23671058723085,0.3453552264399496,0.2142215858911805,124.4619723189076,18.34368784674341,-0.3453552264399496,2.5497108347275677,0.9019607843137255,0.32526927264012506,0.21681416123539354,125.59740557542588,24.65981776072117,0.5830290615765679,0.40818757361129804,131.9326527078217,46.43754517418476,7.238620685103432,4.825034530938554,11.165544243535969,7.419761151604767,0.06186012740996417,0.04330922242963172,5.690562417854257,3.436955271865781,-0.5830290615765679,2.8208758354187013,0.83671875,0.4368330696245592,0.2545215438620289,350.3424241260994,21.30139879689189,0.7153161362712906,0.47237926424240867,216.48608362140885,57.090767228904305,9.721388276414435,5.66418370001565,13.661549919972163,6.9444949076549385,0.07589595484055325,0.05012004271766983,6.115837810163776,3.3810464947794823,-0.7153161362712906,-0.5830290615765679,-0.5435303395196142
stage2_soh,25,-0.5971970123594664,0.9543594031952819,0.18274525937418393,0.11327363084741765,243.5343573532649,8.323936104498369,0.34241801340117795,0.2102734422504391,122.91336563051036,17.749478665272434,-0.34241801340117795,2.831105511796241,0.9019607843137255,0.3234561907520354,0.21498157633285897,122.77321562944225,24.380740608376545,0.6197326040730483,0.43515173973168664,140.73740535908357,52.53183601660432,7.198271924360107,4.784251745417427,11.177541741405424,7.495669322219293,0.06575442010455078,0.046170154862742736,6.107213303973178,3.571740092378157,-0.6197326040730483,3.056704068183899,0.83671875,0.4373066558022233,0.2553412100569403,351.2485470404299,21.686454734558446,0.7127989050447259,0.47243141420185564,214.47598778310666,54.276558417101775,9.731927577203573,5.682424748809492,13.802915977535008,7.023272857878121,0.0756288733952912,0.05012557589491333,6.151589154612741,3.1931174271568814,-0.7127989050447259,-0.6197326040730483,-0.5435303395196142
stage2_soh,26,-0.5942411702048385,0.954755512521456,0.18214304561595135,0.11304915538095395,242.59571238600824,8.327116375923254,0.34345326482410765,0.21118025872859658,123.62931811056242,17.93001407668168,-0.34345326482410765,2.6312662732367422,0.9019607843137255,0.3225311645336052,0.21459728228110894,123.12331376823117,24.14542475770503,0.601979469785009,0.42073132140908903,139.47966578887173,52.73030309955591,7.1776861682428965,4.775699573090846,10.947781277747973,7.506269637276855,0.06387078990262803,0.044640130077479565,5.907469685809648,3.3898594884305915,-0.601979469785009,3.0008185625076296,0.83671875,0.43706710607781585,0.2557663873916681,339.3356829357533,21.539584552409202,0.7128377387473775,0.4748906821314449,220.2523130890757,56.735243815598785,9.72659657997739,5.691886747555998,13.8955891532181,6.763324631806926,0.07563299370069647,0.05038650736040194,6.178162520043792,3.352812412499799,-0.7128377387473775,-0.601979469785009,-0.5435303395196142
stage2_soh,27,-0.6091319068545122,0.9541100010269501,0.18290190184318056,0.11320007001750122,242.5990432656927,8.248014146158269,0.3397117427406643,0.2084242115786448,121.43296161291597,17.576559185087724,-0.3397117427406643,2.4908471126182405,0.9019607843137255,0.3222035201609744,0.21551692678967455,121.26584483695365,24.636074559601184,0.5745456957391879,0.3983308768310748,130.47405417149045,49.83747823428624,7.170394691510918,4.796165563341361,10.944697435703008,7.689503880572621,0.06096003146938344,0.042263414323570586,5.573290619503327,3.299879903290285,-0.5745456957391879,2.8839828968048096,0.83671875,0.44038688734863674,0.25671981028008306,349.45618244494153,21.180006135915523,0.7131268095963396,0.4748412657711015,217.5044456542533,57.81040508968104,9.800475791444041,5.71310445000208,13.843279786535714,6.928988081684395,0.0756636644866414,0.050381264221511554,6.145987261781931,3.424201333365821,-0.7131268095963396,-0.5745456957391879,-0.5435303395196142
stage2_soh,28,-0.6183788869416558,0.954696829658319,0.1830392251533753,0.11330677187727517,244.3217335358509,8.250934577995224,0.33839385141025236,0.2079292964505898,123.02973394202665,17.445316798475464,-0.33839385141025236,2.398931490206251,0.9019607843137255,0.32341972978059025,0.21653660286455323,121.69374086901388,24.668413591187957,0.5733436791840292,0.39567245482467117,120.39311082847934,44.411191394096306,7.1974605131254705,4.818857680146038,10.99577230384762,7.3888276830789605,0.06083249597904282,0.041981352356400554,5.480296404495681,2.9969812268811626,-0.5733436791840292,3.200985050201416,0.83671875,0.4381453303915211,0.2546558135698433,343.39390021644124,20.64755971763593,0.7003192900688184,0.4652814156346722,202.82802833926434,55.89986374270686,9.750591643381377,5.667171770411846,13.774598396318671,6.873341702545597,0.07430477032168217,0.04936695192314936,5.995982708866741,3.299311858147183,-0.7003192900688184,-0.5733436791840292,-0.5435303395196142
stage2_soh,29,-0.6270007958833722,0.955019585405572,0.1825778753024392,0.11313929789404258,246.1685427743685,8.303954039420553,0.33548239878880104,0.20655303516933476,122.07887368475424,17.364562037834396,-0.33548239878880104,2.4513963465597115,0.9019607843137255,0.321359602591807,0.2149927259651104,121.87006349920314,24.919710984028264,0.5783812003950293,0.40570069109546203,134.0907272508425,51.05879264511769,7.151613946797118,4.784499872017249,10.993190706180572,8.001998640106454,0.06136698340768009,0.04304536102130461,5.635333037732072,3.3865522617942956,-0.5783812003950293,3.1049524545669556,0.83671875,0.4369255457648845,0.25427398880365215,341.87308916576063,21.50707456957154,0.6978578661363564,0.4715167112088238,217.47639446130134,59.57085520526397,9.723446262700088,5.6586745501604465,13.595470908450991,6.849334993918822,0.07404361010153755,0.05002852474014204,6.091368485843821,3.5448845496645145,-0.6978578661363564,-0.5783812003950293,-0.5435303395196142
stage2_soh,30,-0.6589737469822987,0.9544180860584188,0.1830868769647443,0.11321145421500439,244.48701312595273,8.277229498462981,0.33438041081477515,0.2048808749990914,122.79088808425315,16.865010296263335,-0.33438041081477515,2.5133056472329534,0.9019607843137255,0.3234662588542274,0.2149157408287055,124.33475996213728,24.099023921993627,0.5922741239880828,0.41177411767124544,135.26112266171575,49.17432042084167,7.198495982329662,4.782786626261499,11.08926520394568,7.47628402663698,0.06284104032902674,0.0436897593310168,5.714371737527315,3.291329464290414,-0.5922741239880828,3.1157605409622193,0.83671875,0.4343132020073911,0.2539552041043862,337.2565721818711,21.178771230561672,0.6927492649159959,0.4690614027156698,218.81402945221225,55.99922423514479,9.665310535934053,5.651580238732038,13.742395474200634,6.780173656770568,0.07350158099320521,0.049768013375911656,6.0828555163931535,3.4765352293590026,-0.6927492649159959,-0.5922741239880828,-0.5435303395196142
stage2_soh,31,-0.6608237659189831,0.9547408418056716,0.18235588181156245,0.11281932088691189,242.47320002114262,8.270375018291954,0.335172160262532,0.2048805794540282,120.82951952464293,17.18246739884305,-0.335172160262532,2.538187749713075,0.9019607843137255,0.3237461896713964,0.21502396943339822,126.63849030914398,24.475844507192694,0.5860159989254654,0.4100076694854115,138.36948897059722,50.13149303009391,7.204725630113821,4.785195171680776,10.957904443200082,7.79459716108721,0.062177045274176196,0.04350233692441617,5.738940593269856,3.496558808553222,-0.5860159989254654,3.0846333742141723,0.83671875,0.43427266003162224,0.2525901517357852,338.05378054835364,21.571423999790532,0.6901143329769307,0.4651219067594866,222.54251713454605,55.99578209437318,9.664408305046907,5.621202034755368,13.703138583710825,6.683073045190639,0.07322201135215438,0.049350027827950206,6.021997507042677,3.435117796088811,-0.6901143329769307,-0.5860159989254654,-0.5435303395196142
stage2_soh,32,-0.6412446635703659,0.9547115003741032,0.18334379682485372,0.11343047935247298,248.1909767315568,8.228387896449986,0.33429030659536524,0.20528727856578308,121.95777431038572,17.284571882852966,-0.33429030659536524,2.6487146433661968,0.9019607843137255,0.3217142439513331,0.21354152476049815,122.88590635690773,24.631709753278862,0.5874783980323943,0.41228898415962856,139.28462299531608,49.93948609762376,7.159506220973594,4.752204491108103,11.012168658808111,7.227040401268042,0.06233220768552189,0.0437443873224318,5.787470011937477,3.344810547712683,-0.5874783980323943,3.1626340627670286,0.83671875,0.43720811229503653,0.2538672675473208,335.3489177736848,21.122617280816314,0.7139971905854885,0.4724163310314907,223.69466560044938,55.495387016594435,9.729734566275381,5.649623277424921,13.709822750292824,6.647105684259901,0.07575601302024343,0.05012397555129065,6.1231625210225955,3.2997492204237533,-0.7139971905854885,-0.5874783980323943,-0.5435303395196142
stage2_soh,33,-0.6737895002798906,0.9540513181638132,0.18314593501678703,0.11312503095815242,243.49564096326526,8.218144190191316,0.33364417270190977,0.2034977593839995,122.14893997498616,16.77685128746432,-0.33364417270190977,3.130224357866773,0.9019607843137255,0.3240276103109847,0.21862802589951338,122.77691028651489,25.63053238792235,0.6087194996000533,0.4384136966356606,142.76892175053058,53.86226140657953,7.210988432764697,4.8654007117680695,11.13980212049095,7.569894687412775,0.06458591566664766,0.046516252652688224,6.152992268203695,3.8786492380821653,-0.6087194996000533,3.160231852531433,0.83671875,0.43540001341426654,0.2518379665145403,351.2510438182504,19.838918023861932,0.7003501640410563,0.4691811337848776,225.48104310322725,54.43142793592112,9.689496698576347,5.604462723792059,13.596884442469598,6.5851075080677575,0.07430804608953347,0.04978071699513793,6.091536523589369,3.4225860040263854,-0.7003501640410563,-0.6087194996000533,-0.5435303395196142
stage2_soh,34,-0.6768971774084664,0.9546528175109663,0.18262754600406728,0.11301863047803148,243.43689319134722,8.221396529055689,0.33063152980473604,0.2021616076066518,120.27400424188814,16.766595225166668,-0.33063152980473604,2.8398488315881467,0.9019607843137255,0.317758430035802,0.21245213182615663,124.63662724873087,24.828894159777576,0.6000935194404711,0.42428935455368355,130.35219896485575,54.442746697523305,7.071472585939571,4.72796087853221,10.814835629974043,7.186217696237701,0.06367068816449765,0.045017641934364236,5.975004275578271,3.6301759379679086,-0.6000935194404711,3.1354621410369874,0.83671875,0.43520916981102303,0.2534692751014518,343.38592612978493,21.209469886953244,0.7015929748473952,0.4718808343688579,219.63306105997927,54.113720355315415,9.685249619094032,5.640766257738436,13.659776847339174,6.6711537710170195,0.07443990990197999,0.05006715867206255,6.150973551681103,3.4124603454515485,-0.7015929748473952,-0.6000935194404711,-0.5435303395196142
stage2_soh,35,-0.6782306753058631,0.9543740739110661,0.1828646539788782,0.1130185085615251,243.98830739306368,8.219521615414523,0.33222567237130757,0.2022903521224936,119.38173867843966,16.752961357740233,-0.33222567237130757,2.7553046918382833,0.9019607843137255,0.32195910984139037,0.2167510900153395,123.33938604842734,26.35129778180996,0.5941509726674472,0.4124494606793365,130.3349166696127,51.801616601223266,7.164955525429739,4.823630928826334,11.088906897786302,7.806297979678149,0.06304017636886798,0.04376141408594955,5.808136983249286,3.2115134506297314,-0.5941509726674472,3.2016939163208007,0.83671875,0.4376443976645399,0.25469058247563225,340.8366492765068,21.440687405035337,0.7109584540296122,0.4770297161816416,214.15838499239217,55.841853253100176,9.739443765901468,5.667945526010091,13.70978255950721,6.659776231141157,0.07543359919407237,0.05061346160265123,6.205926358881758,3.4046962779831897,-0.7109584540296122,-0.5941509726674472,-0.5435303395196142
stage2_soh,36,-0.69093863219895,0.954755512521456,0.18255271783211824,0.11313349167848136,242.2342553377542,8.27181588763219,0.3296567681183382,0.20163141890309572,120.50881997738888,16.481113352403785,-0.3296567681183382,2.9458644997839833,0.9019607843137255,0.324938555209273,0.21669572323752456,126.46055387498177,25.686256080547956,0.6035222508772471,0.4259811977627596,140.7885083868593,54.56777010005669,7.231260819794117,4.82239878322615,11.24810608640698,7.183405156058331,0.06403448094518678,0.045197148657730855,5.998470047898741,3.5529433663924324,-0.6035222508772471,3.3296881437301638,0.83671875,0.4368674415754266,0.25374913881460087,344.51966590252397,21.09764074278017,0.7090844044904291,0.47614136714510097,224.2069213795816,55.92928982751448,9.72215319808231,5.6469944121735836,13.685036949046694,6.718653219266129,0.07523476014657624,0.05051920663629274,6.193401302276621,3.4501719438699814,-0.7090844044904291,-0.6035222508772471,-0.5435303395196142
stage2_soh,37,-0.7098532333619637,0.9547408418056716,0.18321406096498538,0.11338118469199085,244.5106735000287,8.321285764426491,0.32803746747421936,0.19945188759550578,119.31507574580547,16.275748075621085,-0.32803746747421936,2.7434476132486383,0.9019607843137255,0.32394856584567794,0.21522407562599755,121.79639621829851,24.163885365868662,0.5888100236771052,0.41716122674737494,129.8674920923338,50.36008509570954,7.209229358207889,4.789648383056108,11.167976619890505,7.543950192617643,0.062473494865652235,0.04426133847823737,5.803824071529681,3.4978426100435507,-0.5888100236771052,3.283160948753357,0.83671875,0.43532254017484,0.2530583941615987,347.1486429286137,20.932294838804907,0.7030056300594212,0.473650543039912,217.66408926403778,58.57718114546287,9.68777259045847,5.631622414404591,13.612790209763247,6.822939410401258,0.07458979442260058,0.050254927020305595,6.1219094073455675,3.522157297596399,-0.7030056300594212,-0.5888100236771052,-0.5435303395196142
stage2_soh,38,-0.7235674013508309,0.9545061103531242,0.18342081316426914,0.11334376289047107,245.62316978796417,8.25108053527946,0.3274052915713614,0.1991720349226479,120.85242723978894,16.226752286273978,-0.3274052915713614,2.784064228394452,0.9019607843137255,0.32864887034064766,0.21765645259361277,127.2131340525552,24.19346974583629,0.5977689331483074,0.41739915087636487,131.29329766730723,51.20888008131473,7.3138310657943775,4.843779085562486,11.095518909822381,7.690352506375024,0.06342404659260095,0.04428658253192729,5.832978396862583,3.3091012946843734,-0.5977689331483074,3.350873589515686,0.83671875,0.4387091130953611,0.25643650788115335,346.5336006215976,20.299810800642746,0.7062186003091762,0.4733789858837554,216.70090778095323,56.980544769170365,9.763138199374188,5.706799770225884,13.835656800259084,6.966395770282979,0.0749306946660238,0.050226114459515726,6.1085495836928585,3.4347643332000812,-0.7062186003091762,-0.5977689331483074,-0.5435303395196142
stage2_soh,39,-0.717379635046631,0.9548435368161613,0.18348822389024702,0.11333733086294145,244.5241420878844,8.22436819214825,0.3255041519473509,0.19831569966734866,117.62106638251076,16.3050833030397,-0.3255041519473509,2.736550401238834,0.9019607843137255,0.32332624091614226,0.21576028691111682,123.2168032958114,24.408753202154983,0.5743485790439984,0.4049112098729786,127.59793824098762,50.18287660737961,7.195379989433431,4.801581358060312,11.025592238064332,7.513621908615273,0.06093911713649225,0.04296159605617827,5.595452859644273,3.4923471614373787,-0.5743485790439984,3.229315423965454,0.83671875,0.43550677028537477,0.25380197485101236,333.9516832114192,21.468201502958088,0.6999139520365492,0.467770861189274,216.4842684590214,57.9816731577116,9.69187249168219,5.64817023804543,13.639647028731662,6.838753914317913,0.07426176343922508,0.049631085273160104,6.052486781980596,3.3776422119541563,-0.6999139520365492,-0.5743485790439984,-0.5435303395196142
stage2_soh,40,-0.7308528591779476,0.9548728782477297,0.1828036861311758,0.1131798422632882,242.20033645584132,8.199291380831806,0.32661318130871597,0.19850881359385641,120.35659746056469,16.224926155531254,-0.32661318130871597,2.7372065815271114,0.9019607843137255,0.3216055431104039,0.21437905652439404,121.70856539000235,23.375317305979415,0.5911359593084758,0.4093685283197784,130.29721705373964,50.175966969356594,7.157087166295446,4.770843124574339,10.93493392226213,7.336134687027988,0.06272027960416061,0.04343452323116372,5.719604248963864,3.2124297771643535,-0.5911359593084758,3.287395691871643,0.83671875,0.4368689029396926,0.2549569310835068,343.6681603671831,21.522639007869365,0.7101281007085383,0.47657762543312854,230.21110798843355,54.97895897684513,9.722185719634432,5.673872912039395,13.78455018854417,6.797282827432163,0.07534549764713058,0.05056549419734169,6.179968426349293,3.372412275543061,-0.7101281007085383,-0.5911359593084758,-0.5435303395196142
stage2_soh,41,-0.7366793474614434,0.9542420374690082,0.18306576668263053,0.11338256856718319,244.378858117928,8.301264563421029,0.3241675771806471,0.19688260841147792,119.49464242348544,15.986324646520952,-0.3241675771806471,2.9892410371817792,0.9019607843137255,0.3267483937026698,0.21697538307429676,124.48547658826556,24.577044292641688,0.5959848008445094,0.41064602132411854,135.3640384069142,45.63932620019335,7.271537401251269,4.828622400547333,11.202331007718636,7.545469712541271,0.06323474787851846,0.04357006686907454,5.747599006336537,3.2855066250662235,-0.5959848008445094,3.456190323829651,0.83671875,0.43613871391400816,0.2541305711176392,346.55258909822237,20.95641526290622,0.720277197846397,0.4800143355358159,232.84996969416747,57.569473798844356,9.705935917301572,5.655482898455515,13.728337258787667,6.752007634305391,0.07642232980425556,0.05093013352466522,6.237427326151983,3.3395545205621726,-0.720277197846397,-0.5959848008445094,-0.5435303395196142
stage2_soh,42,-0.7496169867279884,0.954564793216261,0.18348649574265818,0.1135145101926122,246.7414995658959,8.29586290019614,0.3243728300172449,0.196289247392866,118.66137335962924,15.877195585269831,-0.3243728300172449,3.0185541227752086,0.9019607843137255,0.32413671037839153,0.21599087566867764,125.69476335878556,24.504042786058328,0.6084700585729462,0.4331446854406785,143.72725447798217,53.83172139796953,7.213416371924973,4.806712935773398,11.142623339842737,7.738173759186893,0.06455944965537132,0.04595720384135669,6.052257692769927,4.019720001653743,-0.6084700585729462,3.099110317230225,0.83671875,0.4380306021962996,0.253905607273191,337.58270097767155,20.492854589446967,0.7219031339085636,0.47896219115136773,246.70127309010792,56.00285650217636,9.748038454510032,5.650476498912744,13.712390807140952,6.54338632378669,0.07659484369523399,0.05081849966288201,6.2285746922685075,3.2713931530309797,-0.7219031339085636,-0.6084700585729462,-0.5435303395196142
stage2_soh,43,-0.7499695429857836,0.9544620982057714,0.1831344211643578,0.11332301065247406,246.2063213432737,8.337297430766757,0.321087411659727,0.19535403758716016,118.30861264717358,16.05391767001074,-0.321087411659727,3.200327850790585,0.9019607843137255,0.31989989019177884,0.21562341926254186,125.83826792956958,26.308152032176956,0.6116457558393618,0.4335503630869675,143.3772295699975,53.26757505538252,7.119129155696557,4.798535472465111,11.115103445965437,8.077948806365146,0.06489639518769989,0.04600024675729461,6.0792497549599105,3.74889785706868,-0.6116457558393618,3.4278998136520387,0.83671875,0.4350438218148786,0.25362882445497237,335.0251130434791,21.080800449677433,0.708513174468911,0.4761112541407783,243.83304619497204,55.62390587080934,9.681569924988846,5.644316907454946,13.824370618724476,6.913950974746303,0.0751741519123727,0.05051601160810828,6.17198782281571,3.3085861340819065,-0.708513174468911,-0.6116457558393618,-0.5435303395196142
stage2_soh,44,-0.7648893845164751,0.9539632938691078,0.18306156310445632,0.11338205585224821,245.0518618090984,8.292939269434337,0.3215059530351079,0.19498663298979732,118.63496725964342,15.838409862853048,-0.3215059530351079,2.843436855428359,0.9019607843137255,0.3247013599618696,0.2152140985918688,124.6794471457486,24.637956547864597,0.6008563881078838,0.4211754033944624,134.3160418474009,48.63006061426401,7.225982219665903,4.78942635173715,10.950132971935705,7.4564904713253455,0.06375162950357192,0.044687247742800376,5.829999793107819,3.5152782213750853,-0.6008563881078838,3.4291540384292603,0.83671875,0.4376026860209133,0.25583655083046325,340.10734934850643,21.565322032641973,0.7178723490644422,0.48436433772858434,222.39800502600565,61.63149755899912,9.73851550494428,5.693448181611167,13.757544530719281,7.034208124550881,0.07616717227977274,0.05139167430815659,6.244362901547296,3.5705204326635966,-0.7178723490644422,-0.6008563881078838,-0.5435303395196142
stage2_soh,45,-0.763641386026648,0.9542860496163608,0.1827420326909182,0.11319233772016,243.92535355681983,8.287224513479003,0.3205882660104096,0.1936418859395366,116.75750755814266,15.622870286739074,-0.3205882660104096,3.21289202746223,0.9019607843137255,0.322157906213065,0.2137649323170384,124.04640673325162,24.281028239434328,0.5947717658803221,0.4191800377651246,137.32918869891284,54.96987464329916,7.169379587734941,4.757176256645175,11.05210430088704,7.372153636586577,0.06310604332091982,0.04447553690333291,5.877960692268789,3.4314778738719847,-0.5947717658803221,3.5893223524093627,0.83671875,0.4347798616057822,0.2538265926634267,342.39655078743107,21.258104268119368,0.7022196518053304,0.47336528220512264,229.8261906203089,56.7330680205325,9.675695690960834,5.648718088768366,13.790277694282585,6.633971419892214,0.07450640112689069,0.050224660481726156,6.12982543317002,3.505360379384672,-0.7022196518053304,-0.5947717658803221,-0.5435303395196142
stage2_soh,46,-0.7691768241747479,0.9542126960374396,0.18318129149084705,0.11349570462789044,241.39311421267158,8.295474275646436,0.3210965173258458,0.19414749645992008,115.69437287965329,15.750701041023307,-0.3210965173258458,3.1275360051323386,0.9019607843137255,0.32021446885562843,0.21416770502304036,119.75112166264766,24.6432533949548,0.5920136276504719,0.41200572473508323,136.08824467662066,50.45417589828088,7.126129865000425,4.766139657391261,11.059904072509495,7.213341260615503,0.06281340133519878,0.04371433313603316,5.725349641675098,3.408382863889549,-0.5920136276504719,3.7438175678253174,0.83671875,0.43813370930446505,0.2547935815919118,350.9391479092724,20.985016577495365,0.7152729574677905,0.476906339397101,233.99969608599812,54.77606359557791,9.750333024912855,5.6702376931354905,13.614895939475783,6.831339243404988,0.07589137351440339,0.050600371168376,6.179155449000585,3.4086377717029315,-0.7152729574677905,-0.5920136276504719,-0.5435303395196142
stage2_soh,47,-0.7762465243653428,0.9547848539530244,0.18283256166508846,0.11296449592020096,245.72617591043976,8.265646185903245,0.3185163617629528,0.19283429058371207,116.44062511675726,15.572049147334836,-0.3185163617629528,3.2248014038684323,0.9019607843137255,0.32481472540782375,0.21919386350896722,126.29871263850123,24.878687951624187,0.6127122770955238,0.43168503001387065,131.22298170949193,52.45605783059581,7.2285050815870395,4.87799299812502,11.283197251043559,7.57577054314512,0.06500955445391762,0.04580233253797291,6.012807519448217,3.5354059145080337,-0.6127122770955238,3.509541654586792,0.83671875,0.4350803473743273,0.2537117917290743,335.9765812447691,21.07009330607162,0.7023480362730712,0.4699604309493225,232.44615500056005,56.52372401687646,9.682382773580459,5.646163281142895,13.757515017691864,6.616575450316281,0.07452002288274351,0.04986340141871097,6.079383763213258,3.2775303618489025,-0.7023480362730712,-0.6127122770955238,-0.5435303395196142
stage2_soh,48,-0.7967966453095493,0.9539779645848921,0.18332344048524837,0.11315318667499749,243.43600144298014,8.242621149832416,0.3160350445678365,0.1909717414258967,115.698861324253,15.392691764784935,-0.3160350445678365,3.200629197849947,0.9019607843137255,0.3184851768894085,0.21323621112844157,121.4522283787707,24.41637557841594,0.572783764269186,0.40412746667040184,132.02693731161634,51.528654066036225,7.0876457853464805,4.7454099680518365,11.017295535165081,7.840821111345825,0.06077308829209616,0.04287843990228606,5.653841065391367,3.465075063825215,-0.572783764269186,3.538025999069214,0.83671875,0.4360118158882453,0.2537362666866102,321.33109130156186,20.86436987166406,0.7062455325003235,0.4722368247083068,224.81549603653366,57.30155089027048,9.703111898092104,5.646707952738979,13.685094424834023,6.800066409204305,0.07493355220587147,0.05010492970134105,6.127417829286746,3.2316479231133073,-0.7062455325003235,-0.572783764269186,-0.5435303395196142
stage2_soh,49,-0.7825259171784709,0.9538752695744025,0.1822226713414515,0.1128373692605571,246.12863057647715,8.140716091946718,0.31567430881824793,0.19118333141060714,114.2903303488475,15.503319741351405,-0.31567430881824793,3.1937509022507014,0.9019607843137255,0.32352708957509896,0.21597236731436614,125.5444068039927,23.63042462434649,0.5933136573006715,0.4144806245962779,135.69566629346488,51.1060555913322,7.199849723833791,4.80630104640162,10.975818674538623,7.531111147431085,0.06295133613999329,0.0439769231694123,5.806867109232673,3.405699211321351,-0.5933136573006715,3.5858845710754395,0.83671875,0.43475960866403585,0.25338932933409525,352.99949367030706,21.132864208045795,0.6964966689769402,0.46837338282603014,227.4285138848465,56.82304064455957,9.67524497712036,5.638987125388871,13.651468293792993,6.8666352102127135,0.07389918534596213,0.04969501358767021,6.073801247635453,3.442231975257804,-0.6964966689769402,-0.5933136573006715,-0.5435303395196142
stage2_soh,50,-0.8075260647518867,0.9545794639320453,0.18230034728585706,0.11259329413199937,240.34819701296027,8.179596510575687,0.31552201489372755,0.1902587835311116,115.98922314004403,15.294206222110079,-0.31552201489372755,3.424737934972726,0.9019607843137255,0.3255977208148798,0.2171943093485692,125.90172643433601,24.720102477559745,0.6060240864785927,0.4254806583172039,138.34015960683922,46.358401278694615,7.245930049841351,4.833494438550179,11.075071096659881,7.829607351123515,0.06429992889496741,0.04514404078384194,5.93813441351851,3.697523469242329,-0.6060240864785927,3.666166973114014,0.83671875,0.4354603421852518,0.25333199178548965,347.3050368973848,20.797316062427978,0.7053825795370171,0.469183659648661,227.47444294623074,56.944408366865765,9.690839269566888,5.63771112178115,13.700974197642148,6.7455876368803525,0.0748419917952899,0.049780984992508485,6.09101579217956,3.3082603222904043,-0.7053825795370171,-0.6060240864785927,-0.5435303395196142
stage2_soh,51,-0.8098186807848748,0.9543887446268503,0.1831187119370318,0.11342309247962165,244.12571721606724,8.302852657765323,0.31808741562421194,0.19142400736047063,116.18052750287704,15.359680812800011,-0.31808741562421194,3.2894160018247716,0.9019607843137255,0.3213647462324069,0.2158824003675916,123.4087649001054,24.171699300827527,0.5976615287349283,0.4273106722818578,140.19411255465806,51.64517241816685,7.151728414613094,4.8042989003132055,11.151853884716807,7.679341276488859,0.06341265084728757,0.04533820760068873,5.937430337452055,3.7298083451808886,-0.5976615287349283,3.7481849908828737,0.83671875,0.43797470567598235,0.25471197607748763,358.429139875269,21.427820441854916,0.7160464486173135,0.47586865050743654,226.19045468444034,60.45231459622718,9.746794519892694,5.668421624375185,13.680850120392574,6.537728802541014,0.07597344191238442,0.050490271053035315,6.184812150174961,3.30155581814543,-0.7160464486173135,-0.5976615287349283,-0.5435303395196142
stage2_soh,52,-0.8160432437895652,0.9549315611108666,0.1836156563731588,0.11320731329863275,242.79332710730057,8.189544541459542,0.3143688925943812,0.18960317494821188,114.65224513734148,15.269344536133659,-0.3143688925943812,2.8563988133972766,0.9019607843137255,0.32222338111145843,0.21291953799698282,126.32631499609062,24.333705161724488,0.5923819893782697,0.40675098688579076,126.31225856020714,48.96991482962459,7.170836681883487,4.73836264796166,10.940960975903444,7.09782098662664,0.06285248498456768,0.04315679874489285,5.687238287292485,3.1506510900591245,-0.5923819893782697,3.632360649108887,0.83671875,0.4354014848557277,0.25341958112949214,338.398402648275,20.639439391308905,0.71463880310629,0.476326886168863,231.4899177768877,57.6654028309168,9.689529444388798,5.639660356125191,13.834640982510004,6.764622508256684,0.07582408892743284,0.050538890441446216,6.161415516190013,3.4501286350617884,-0.71463880310629,-0.5923819893782697,-0.5435303395196142
stage2_soh,53,-0.823586768648804,0.9544034153426346,0.183132509407801,0.11335405281815139,244.49284295747177,8.281047757498664,0.31348726246578607,0.18928512501249134,115.67453044335063,15.192389636924103,-0.31348726246578607,3.063584764330995,0.9019607843137255,0.3226161675406811,0.21565551999317226,123.52448143067872,24.210973443010218,0.5892081687437055,0.40850417025058583,132.8083230610453,48.86198262415206,7.179577845622445,4.799249849851152,11.220144451948645,7.485577662032275,0.06251573856527322,0.043342813737054633,5.695076074714116,3.140980414490015,-0.5892081687437055,3.560993504524231,0.83671875,0.4354597373487144,0.2532417562211776,323.8769742946699,21.700131456571928,0.7062662586464771,0.47477397191651105,220.70140026740268,56.30348657140301,9.690825809389,5.635702997813402,13.591261352853204,6.688653300768113,0.07493575127642606,0.050374124257668906,6.131964781193782,3.3504362129556053,-0.7062662586464771,-0.5892081687437055,-0.5435303395196142
stage2_soh,54,-0.8357597567885316,0.9541540131743028,0.1838070075472057,0.1136191575600742,245.1112543667618,8.240350767063394,0.31064857861446515,0.1876568886962569,114.29658364538483,15.003655271952715,-0.31064857861446515,3.5636718151616114,0.9019607843137255,0.31786694641674385,0.21309208739275004,124.01795314930773,24.804353532756135,0.6100246614209435,0.4285933714853052,130.2621577348757,51.533353146293166,7.073887535600761,4.742202603747414,11.010308512611854,7.012415928991214,0.06472439500130134,0.04547430362296823,5.952368105062942,3.4970090353222876,-0.6100246614209435,3.8418150663375856,0.83671875,0.43681700371307774,0.25484353865867887,361.03158306365503,21.467969157511497,0.7187842386136958,0.4730921016061984,230.0814401100679,55.016716880361436,9.721030741753287,5.671349449723908,13.758196569933038,6.901750862035694,0.07626392492456904,0.050195675671587045,6.138365949381025,3.2718839657184953,-0.7187842386136958,-0.6100246614209435,-0.5435303395196142
stage2_soh,55,-0.8323152608577158,0.9544620982057714,0.18325498146901384,0.11349662764518835,245.59280822944814,8.291406202803389,0.31152549506432237,0.1876379965933279,115.7090542184526,15.001388117154676,-0.31152549506432237,3.6030403436398974,0.9019607843137255,0.3256303052288859,0.21902510550274862,123.88251666595019,26.390108255780873,0.6336606941418802,0.45302230690551154,148.48241299029684,56.534638149617194,7.246655191233657,4.874237416834862,11.407275206372923,7.9045696518927615,0.06723220823385187,0.048066244843698085,6.361768657753146,3.8705693791507305,-0.6336606941418802,3.5713177919387817,0.83671875,0.43435038546730875,0.2524309833643201,348.405232459123,20.50074179665919,0.720986860178672,0.4786081806490984,241.42503445076946,56.03297765736035,9.666138025601057,5.617659863505223,13.71953118526296,6.826647572622841,0.07649762588327753,0.05078093869685461,6.270100692324727,3.4039396993553632,-0.720986860178672,-0.6336606941418802,-0.5435303395196142
stage2_soh,56,-0.8546556105291984,0.9547261710898874,0.1833403662096244,0.11345673174881968,245.20010734609286,8.302883662637383,0.30975651367814666,0.18642679568906736,113.74074418547136,14.69735816027779,-0.30975651367814666,3.3579656039967256,0.9019607843137255,0.31870650226421404,0.21493639359159358,123.94793897566696,25.325716483489224,0.5985621804880049,0.4153915546295763,132.91376252654362,51.70324592097565,7.092571213510052,4.783246237817897,11.108797638131714,7.890752660086053,0.06350821114756947,0.044073574008341374,5.813529246089754,3.461289413448899,-0.5985621804880049,3.752057123184204,0.83671875,0.43516408449821314,0.2540483657452569,348.07243919095305,21.139903610870967,0.7077833469523961,0.47366712378170633,226.11492586718109,55.06152409081331,9.6842462796908,5.653653480311824,13.735248994213853,6.830358471322773,0.075096716281571,0.05025668625816789,6.15512289588167,3.4037398050103853,-0.7077833469523961,-0.5985621804880049,-0.5435303395196142
stage2_soh,57,-0.8653336779664083,0.9541393424585185,0.1830873872722225,0.11329158515767411,245.63509484426262,8.249902961087379,0.3090374119275542,0.18549417870006302,113.20777135780288,14.603164190641102,-0.3090374119275542,3.501240046819051,0.9019607843137255,0.3235347564207499,0.2144540953449905,123.4320544386678,24.09184902813214,0.6157292852855828,0.43458398868028514,139.95905872835309,54.453800459677204,7.200020343662304,4.7725130565496094,10.960590271919854,7.437352233608324,0.0653296628727489,0.04610991575170791,6.040538406695388,3.6939009067101303,-0.6157292852855828,3.67128438949585,0.83671875,0.43558600271268516,0.25337696153837896,347.9398405412924,20.617628293651364,0.7052310589126375,0.47278694504748275,228.7854962839392,58.5750289636907,9.693635749190669,5.6387118894860935,13.593591630334577,6.96063082076445,0.07482591526369468,0.05016329817131099,6.129800096235432,3.4604164367829444,-0.7052310589126375,-0.6157292852855828,-0.5435303395196142
stage2_soh,58,-0.8643041642007085,0.9535818552587181,0.18336650241335845,0.11317985416669891,242.08543829279375,8.255555210656782,0.3101162746786384,0.1858775021432321,114.89522880222151,14.677866088222036,-0.3101162746786384,3.5493605239718566,0.9019607843137255,0.323883502560943,0.21684866293114335,125.64634743259144,25.01198169588117,0.592096220664116,0.4186584934446157,137.61064643951227,46.711999255519714,7.207781424208774,4.825802339980271,11.177949507410467,7.398557185874706,0.06282216455933959,0.044420200385408094,5.814364072430389,3.6265620488898604,-0.592096220664116,3.860561728477478,0.83671875,0.43625406835247615,0.2546104019169434,346.13974533775206,21.761295921084407,0.7125425106920505,0.4784206350941531,237.96660386588565,57.4099437328683,9.70850304274086,5.666161168557703,13.819616180383946,6.829113808637613,0.07560166962729926,0.050761039874156644,6.193881244382186,3.4964569820403186,-0.7125425106920505,-0.592096220664116,-0.5435303395196142
stage2_soh,59,-0.8697996451894825,0.9543594031952819,0.18355952229818506,0.11345740056039252,243.9690705747551,8.274689362191825,0.3086257009144576,0.18449278395082686,114.50929372589924,14.55905840813265,-0.3086257009144576,3.297857049867219,0.9019607843137255,0.3198846798476567,0.21534240743254915,123.3032812126756,24.213173306729402,0.5797434381857349,0.4006966351860148,128.84384346483358,44.10572972503651,7.11879066103736,4.7922817675613745,11.094494017246728,7.632542017549328,0.06151151857556324,0.04251442430386563,5.606999967444053,3.271616955080377,-0.5797434381857349,3.8335522651672362,0.83671875,0.4375714254834347,0.2547550140747262,344.2187063429417,20.791600144401677,0.7146919833037856,0.4770309065157562,215.43692615957107,59.41017344474067,9.73781982541887,5.669379402324906,13.602574421287574,6.776735289707648,0.07582973141424793,0.05061358789861973,6.167437567793596,3.3636600260823224,-0.7146919833037856,-0.5797434381857349,-0.5435303395196142
stage2_soh,60,-0.8735027963529302,0.9548435368161613,0.18233842214661242,0.11316220283228492,242.6786843826239,8.284510653812214,0.3081485702411516,0.184134844664632,113.47573551087073,14.443578699289695,-0.3081485702411516,3.39654777283762,0.9019607843137255,0.3257743273393647,0.21688460887948452,127.64011539477396,23.897847362640853,0.5838233901915137,0.4027158827415905,136.12558607911177,48.18569041807897,7.249860293946132,4.826602289766785,11.205145676722003,7.994251182283728,0.06194440668961631,0.04272866904618156,5.62060633583621,3.2136866643927444,-0.5838233901915137,3.8648070096969604,0.83671875,0.4353009269327663,0.25396807353645273,334.9428560897689,21.254359843312976,0.6965118444912987,0.4715475542274362,225.6352744181858,58.74860958183234,9.68729160416709,5.651866638170896,13.58607219122718,6.68623834538609,0.07390079548740035,0.050031797223774176,6.108483235567532,3.484401930693127,-0.6965118444912987,-0.5838233901915137,-0.5435303395196142
stage2_soh,61,-0.887794101633324,0.9549168903950824,0.18279772835435604,0.11339807208501926,244.62397186875,8.323242659352472,0.30608004757866764,0.18343862758369683,113.12818176589988,14.456064041044097,-0.30608004757866764,3.7748401230456783,0.9019607843137255,0.3310137699244638,0.22141031193245642,126.00304898531056,24.356354800936984,0.6107174634535366,0.42776484869822273,139.50722571904092,49.281212814789555,7.366460110359998,4.92731837483678,11.382269496255924,7.954293218839342,0.06479790218101242,0.04538639629801879,5.951644699599009,3.6064237385189397,-0.6107174634535366,3.7729715585708616,0.83671875,0.4337298517801863,0.2531144919883445,338.3970916854558,20.842616438556753,0.7089739554408734,0.47283508449763756,233.9170885818622,56.44400762087207,9.652328519566414,5.632870828943645,13.741775636151186,6.905315425022042,0.0752230413614794,0.050168405828400965,6.138604630550184,3.3637872358680747,-0.7089739554408734,-0.6107174634535366,-0.5435303395196142
stage2_soh,62,-0.8829380130366627,0.9545354517846926,0.18352772726625133,0.11332657910839185,245.36057999503763,8.228076029173918,0.30329154675447767,0.18265777337073485,113.66010002587018,14.441934749722593,-0.30329154675447767,3.6313357951594334,0.9019607843137255,0.324497109004273,0.215535401351129,122.35184445983256,24.142570977325143,0.5944039758019973,0.4125109681183947,137.96634935363986,50.741797372515535,7.2214367696926836,4.796576700678766,11.22693785215639,7.714340166454955,0.06306702032428947,0.043767940103720454,5.766560433324249,3.3056019405692463,-0.5944039758019973,3.9184282541275026,0.83671875,0.43741545482943167,0.25504031266027594,350.1576536573898,20.555410527367776,0.7188911905691632,0.4824254322515117,245.65475433939665,56.15764556779397,9.734348816942811,5.675728505718623,13.897534374255304,6.750509926256586,0.07627527266352062,0.05118595396289066,6.26754732986041,3.508761462465806,-0.7188911905691632,-0.5944039758019973,-0.5435303395196142
stage2_soh,63,-0.8834780851536463,0.9547701832372402,0.1832657005762598,0.11310737690569352,242.66349282049504,8.256225293312232,0.3040934991199493,0.18275434908499197,111.19219872079216,14.514592837588511,-0.3040934991199493,3.531404339098463,0.9019607843137255,0.3182170395046209,0.21414825319148162,124.23084355553898,24.706695049370897,0.5883827318938294,0.4050162421858997,132.93950728727384,50.26812185399316,7.081678591445198,4.76570677164973,10.883781298036658,7.559681601288237,0.0624281586621992,0.04297274011860613,5.670186888700273,3.3762993257063134,-0.5883827318938294,4.030051875114441,0.83671875,0.4355011712575822,0.25311674806471274,341.8129046126763,20.783181799192175,0.7088200979614465,0.4732274944664823,239.21866922589592,57.89846835309919,9.691747889570019,5.632921036210177,13.646146744951125,6.608852291573582,0.07520671688658173,0.0502100410268318,6.126316694595174,3.3420313815325944,-0.7088200979614465,-0.5883827318938294,-0.5435303395196142
stage2_soh,64,-0.8966750032485914,0.9544180860584188,0.18302714032387313,0.11320901316835834,242.06895291038467,8.278574234232439,0.30449897980085955,0.18260883849985501,111.24847731216687,14.387508837595373,-0.30449897980085955,3.8713984349194694,0.9019607843137255,0.3257358875135942,0.21840907431928916,125.389919170773,24.19590500484887,0.6178785756535301,0.4320894657579415,136.94852101382494,51.62208334315348,7.249004844811035,4.860528110600479,11.227819196943097,7.543523314199884,0.06555770532339912,0.04584524368650076,6.044322982644083,3.508277760118495,-0.6178785756535301,4.072434663772583,0.83671875,0.43704482547712936,0.25503735895872526,336.08799518851595,21.807377571329653,0.7200883754779083,0.4791130311521556,235.86768440716455,60.107352074181726,9.726100742126812,5.675662773333362,13.770917133531242,6.779339146190885,0.07640229551001132,0.05083450397944561,6.222359566403556,3.38636162619237,-0.7200883754779083,-0.6178785756535301,-0.5435303395196142
stage2_soh,65,-0.89158223196334,0.954828866100377,0.1823728563229756,0.1126474431510029,245.0770749287253,8.204869872155879,0.3038853369548202,0.18231540293393123,111.19555531597567,14.30690476188552,-0.3038853369548202,3.5122297558130002,0.9019607843137255,0.32313242980436246,0.2135736133693261,123.62429116412885,24.815304641508973,0.6074159059111037,0.414388437712492,129.24692199332515,47.83503852425617,7.191066870301874,4.752918598732634,10.96035177192306,7.201303973761332,0.0644476027127939,0.04396714202340716,5.842341945645196,3.2977259760982376,-0.6074159059111037,3.809031081199646,0.83671875,0.4377247438990927,0.25510655503167073,340.9547394701073,21.227458557057695,0.7132291236527953,0.47433164772519376,234.16518250300243,56.00610104864117,9.741231810344411,5.67720267939607,13.697686745348207,6.850123282541391,0.07567452013858965,0.05032719309654049,6.166172671161031,3.323217601215455,-0.7132291236527953,-0.6074159059111037,-0.5435303395196142
stage2_soh,66,-0.9134418319659308,0.9538165867112657,0.1834296493688301,0.11322974664070691,243.52151095075197,8.273159347765363,0.3023851730289196,0.18128707278517342,111.70726110428542,14.186445435075044,-0.3023851730289196,4.063844867781097,0.9019607843137255,0.32152915153856176,0.21365768090575277,123.16387650278836,24.624935621766568,0.6162308077900058,0.4347889320970531,145.33877227607715,55.10898490314065,7.1553871298683465,4.75478945792319,11.044563287861022,7.702334633297402,0.06538287505043808,0.0461316605097459,6.096344945727515,3.7051100815506937,-0.6162308077900058,4.033791613578797,0.83671875,0.4359972866810323,0.2552268826708314,352.6549084884497,20.55748527250956,0.7246323776145496,0.48311026423543807,238.63487053918234,59.947119533161185,9.70278856161763,5.679880479640613,13.780787202492997,6.736685618311013,0.07688441993510203,0.051258615510268,6.284708479121699,3.186763362864262,-0.7246323776145496,-0.6162308077900058,-0.5435303395196142
stage2_soh,67,-0.9129819949508201,0.9541100010269501,0.18286133517773964,0.1131508615889835,241.17846082901303,8.184462704371,0.30268861655956336,0.1818644014267934,112.58678064196211,14.347727200471509,-0.30268861655956336,3.857080632565068,0.9019607843137255,0.3264244489206893,0.21788010934513866,126.85610499215598,26.924269836218645,0.6160456278518085,0.4354404330239905,139.35826819257284,51.66092317992768,7.264328256100107,4.848756396744749,11.306194173896623,7.688994880507633,0.0653632272226957,0.04620078558944446,6.066175330074801,3.594637644252641,-0.6160456278518085,3.96353816986084,0.83671875,0.4362386166337125,0.25437307312749907,313.65416589832915,20.909711910344058,0.7012656944068563,0.4712594168857322,232.09939335010912,56.82971241561633,9.708159176472291,5.660879596552766,13.769133855318831,7.107344028863058,0.07440518502961123,0.05000122548414052,6.100472471625727,3.4172909404593854,-0.7012656944068563,-0.6160456278518085,-0.5435303395196142
stage2_soh,68,-0.9043407517766112,0.9551222804160615,0.18237719834166025,0.11272192619965968,239.29442081830854,8.253304224939196,0.30208943353513046,0.1809915884683976,111.38107748130307,14.229374682921797,-0.30208943353513046,3.902307150410671,0.9019607843137255,0.3289916779865835,0.22080020094564295,128.25513662007046,24.711787328065256,0.6190117034583746,0.43364126557100785,145.70951177341158,51.32720053879801,7.321459989660263,4.913740818083538,11.331083578493747,7.660470175060423,0.06567793162942565,0.04600989162684779,6.063870729656914,3.848469299361335,-0.6190117034583746,3.996915102005005,0.83671875,0.4389456098964961,0.25601229630919986,354.8783591851403,20.551240149734735,0.7166397754153886,0.4776981407630956,244.222323345928,57.81417345849047,9.76840125611103,5.697359263796615,13.858062891144368,6.893409605736794,0.07603639464277735,0.050684382303689504,6.215568789988865,3.391995714812832,-0.7166397754153886,-0.6190117034583746,-0.5435303395196142
stage2_soh,69,-0.9136689783197217,0.9545501225004768,0.18310563445437444,0.11341418212411677,241.71299098674044,8.32660199722138,0.30117522505969485,0.18028748300375122,112.43039426174927,14.06747563915805,-0.30117522505969485,3.779840270210715,0.9019607843137255,0.3260402400131692,0.2156047690773894,122.87321342997645,23.917099347929057,0.6090922025729657,0.42340429829177906,147.4005149950487,50.54747276326543,7.255777978593714,4.798120426755659,10.955735872318362,7.0403397379901005,0.06462545992766286,0.04492373633559639,5.902258345839849,3.532155059191184,-0.6090922025729657,3.930287265777588,0.83671875,0.43760416877889174,0.25400837764173045,336.6384519230205,20.51607822127187,0.7279485185346997,0.48177847326496703,235.86825510742634,57.276139570594594,9.738548502597228,5.652763575430877,13.779145953321684,6.723878874573899,0.07723626671830555,0.05111731078886354,6.2543581955695915,3.408005877293067,-0.7279485185346997,-0.6090922025729657,-0.5435303395196142
stage2_soh,70,-0.9226935751865254,0.9545501225004768,0.18294758826789118,0.11290867682979432,242.52312514673858,8.250810486767095,0.29980191501458675,0.17984559363394523,110.75665221679542,14.124625656774493,-0.29980191501458675,3.3986679703581566,0.9019607843137255,0.31967504584622797,0.21396195935404988,125.11046668376245,24.481010128247572,0.5916621139201997,0.4160956159608402,136.0448769347241,50.385394541398256,7.114125415511011,4.761560943750908,11.141632654497931,7.885308516212038,0.06277610527986634,0.0441482758140089,5.725034749097879,3.485140966877055,-0.5916621139201997,3.8252655506134032,0.83671875,0.43767304862083745,0.2548809777481438,349.2287375385837,21.26404326542917,0.7096979573624648,0.47508783121902526,238.17581050677663,58.157442534904575,9.740081371179151,5.672182628232386,13.860975889482756,6.505812699298636,0.07529985888922595,0.05040742513016714,6.135957548918396,3.4101069424827064,-0.7096979573624648,-0.5916621139201997,-0.5435303395196142
stage2_soh,71,-0.9300184887346733,0.9544620982057714,0.18329650647433862,0.11343564775296518,241.66463784738173,8.254703803395874,0.2996557185874066,0.1793769093988208,111.73568178151143,14.125300656391826,-0.2996557185874066,3.713083854376101,0.9019607843137255,0.3235691427161919,0.21526011772745965,121.02060748424013,25.32319740599238,0.5996578297071428,0.4241860978040552,140.00264115597312,52.08741067182221,7.200785584557793,4.7904504726573185,10.926973234516005,7.051453018242312,0.06362446092782781,0.045006686261467456,5.872406282492172,3.692848826882579,-0.5996578297071428,4.111060237884521,0.83671875,0.43525263825108756,0.25549775195922847,335.67179375123226,21.395136058434858,0.7134520840129924,0.4753013858167833,243.69116397090548,59.090895999915965,9.686216976222006,5.685908469982387,13.804975384001883,6.909431675263599,0.07569817651731606,0.05043008354549652,6.153225518461927,3.3081967045659164,-0.7134520840129924,-0.5996578297071428,-0.5435303395196142
stage2_soh,72,-0.9404221735564031,0.9546381467951821,0.18325882877327984,0.11321187630665643,245.9491540377466,8.197832188686444,0.29855077222526416,0.1786943654058173,111.49982594778032,13.826668127807348,-0.29855077222526416,4.254050205268112,0.9019607843137255,0.3221559859346433,0.21546293979318923,123.85867498277288,24.303319323028514,0.6204835953321852,0.43624509703915787,143.07287023315033,51.58053005633759,7.169336853396736,4.794964123726997,11.021784016350866,7.11713891498662,0.06583410123545078,0.04628616146824863,6.12509520163915,3.834581234453543,-0.6204835953321852,4.216729187965393,0.83671875,0.4374088212867972,0.2548969824452797,352.03309049559726,20.583646294791684,0.725711660299323,0.4833972200802236,247.80161329152352,56.7818336487289,9.734201192488342,5.672538800614754,13.684180089643712,6.674690356557466,0.07699893320517971,0.05128906189157095,6.284010588718326,3.328194376537348,-0.725711660299323,-0.6204835953321852,-0.5435303395196142
stage2_soh,73,-0.9509816114946184,0.954755512521456,0.1830861025465915,0.11328845532127568,243.36359384282963,8.263922298655451,0.29603770691176606,0.17749298209503575,110.06292767114687,13.785352995450713,-0.29603770691176606,4.074017635046267,0.9019607843137255,0.32441097684632036,0.216002472248111,125.41583370854356,24.60175493080706,0.6103879975100972,0.42665351849670213,142.56196920455116,48.50473361483775,7.219519963917739,4.806971008843386,11.035404497955934,7.40346181124603,0.06476294542399709,0.04526848274551986,5.978725565843711,3.6832951825601468,-0.6103879975100972,4.124203872680664,0.83671875,0.4382836388499897,0.2541501956682623,357.1203275858703,21.08323894401023,0.7282137599890985,0.4796769841988862,233.0678859100743,57.52272616926072,9.753669593106753,5.65591962792868,13.733431401075341,6.706937659202444,0.07726440917507975,0.050894340117338385,6.21903409690249,3.351452110645523,-0.7282137599890985,-0.6103879975100972,-0.5435303395196142
stage2_soh,74,-0.9397601655759983,0.954564793216261,0.18294849663662582,0.1133150056354964,242.5925969623262,8.282378477479417,0.29585668463340514,0.17792316772686462,110.69071407411911,13.903351707922024,-0.29585668463340514,4.036388422461117,0.9019607843137255,0.3221606143444611,0.2159174801462202,124.33427584865811,24.781020175610035,0.6077979889076579,0.43780589944536924,133.28680984570505,54.46299963103784,7.169439855142871,4.805079574150451,11.054381216136369,7.603992695001114,0.0644881422062869,0.04645176459521614,6.10376746478165,3.9266513188626404,-0.6077979889076579,4.226002955436707,0.83671875,0.4366680698762376,0.2552735874112841,357.3669627951533,21.044966281916842,0.721525989041331,0.4827264743675187,247.04907248631352,58.32771156973709,9.717716332300121,5.6809198581764,13.784958759633332,6.999989789800863,0.07655482814356333,0.05121789491554507,6.271873162777702,3.4844291094844078,-0.721525989041331,-0.6077979889076579,-0.5435303395196142
stage2_soh,75,-0.9573070580927875,0.9545354517846926,0.18251928832645406,0.11282958063486236,241.60146066922158,8.227415264785293,0.2961675877164347,0.17719505855893633,110.77787124237912,13.728761033977246,-0.2961675877164347,3.723747188904706,0.9019607843137255,0.31684142911266844,0.21247698192795117,120.34968482237142,24.344232481554158,0.5932940407463057,0.4166207029749,128.54550577997185,50.63429343316541,7.051065426675566,4.728513898678924,11.002127489322994,7.7491332472712475,0.06294925479854327,0.04420398821624014,5.7886637315285485,3.5390126314776342,-0.5932940407463057,4.089770865440369,0.83671875,0.43708359716679446,0.25725242182834335,340.34984589826786,21.29045526695588,0.7157323061431509,0.4802527953088429,225.5744355459426,58.32503665218472,9.7269635766409,5.724957315595773,14.02729936583357,7.093465617684418,0.07594011099501294,0.050955434410870984,6.198788689096212,3.574052426009977,-0.7157323061431509,-0.5932940407463057,-0.5435303395196142
stage2_soh,76,-0.9633529000237306,0.9539339524375394,0.1834106519050417,0.11342821018161779,244.20860402932632,8.24896358272339,0.2959649659967819,0.17691065618177634,110.43984386668545,13.493583838805948,-0.2959649659967819,3.8007964152915803,0.9019607843137255,0.3266465663837499,0.21721004746836045,126.7909288519755,24.71152187112358,0.6175112140246468,0.4292744939252004,135.57206718919215,52.22239512926994,7.269271311586362,4.8338446784561535,11.110233972250814,7.594182209277417,0.06551872778580126,0.04554657158299027,6.0027063494290225,3.731742064218816,-0.6175112140246468,4.242878007888794,0.83671875,0.43852886075059805,0.25649890505665096,361.30632545078396,20.605144599384275,0.7255724869154759,0.4842535883297387,236.79998776072156,59.67278204928563,9.759126820307392,5.708188371988304,13.93160235332814,6.9455708203981885,0.07698416673156075,0.05137992365561682,6.270633396386093,3.318244326554209,-0.7255724869154759,-0.6175112140246468,-0.5435303395196142
stage2_soh,77,-0.9563656503026209,0.9545941346478295,0.1822861921574659,0.11283736930168324,243.0404715194296,8.249530636949991,0.2951402651318974,0.17645458755367274,111.56231412009951,13.575904192559102,-0.2951402651318974,4.005768169141283,0.9019607843137255,0.32224881862684424,0.21288680084798411,123.11514546952898,23.73564380795627,0.6176320294645781,0.43907006569024104,140.1587032261573,50.352901577808,7.171402774473649,4.7376341075680655,10.793380190588152,7.086231256189336,0.06553154645814502,0.0465858942469417,6.079166939130693,3.808260886194069,-0.6176320294645781,4.063393759727478,0.83671875,0.43578640923770495,0.2534469995605832,347.7531344305008,20.874273745591545,0.7219666923969642,0.48245612917016845,264.6491803259347,56.54062258960278,9.698095644235975,5.640270532490261,13.670415420742307,6.5565828497194625,0.07660158733195738,0.05118921094513108,6.252941910860615,3.469538697064309,-0.7219666923969642,-0.6176320294645781,-0.5435303395196142
stage2_soh,78,-0.9541941832665722,0.9551222804160615,0.18327528022366843,0.11366270714462173,246.4776011041021,8.264672529683265,0.2946909550975581,0.17677024445922476,111.24159968472979,13.8092275510969,-0.2946909550975581,3.773446458928725,0.9019607843137255,0.3252014828689066,0.21683742681600374,120.47279548061536,24.431668358056804,0.6104903679831383,0.4311127384750209,136.02927203903982,55.14364126191803,7.237112075217852,4.825552288769439,11.109095189427764,7.575028883606246,0.06477380706181703,0.045741611675425925,5.989034878079054,3.732354555396112,-0.6104903679831383,3.9988416910171507,0.83671875,0.4391801323654809,0.25495410175826694,343.93700288656515,20.523756420506594,0.7179180306642696,0.4780445699176198,249.1097016875016,58.327556324205474,9.773620375584983,5.673809947554494,13.782287073787327,6.715090086910848,0.07617201915580663,0.050721138879046904,6.196074721584672,3.3464801346741586,-0.7179180306642696,-0.6104903679831383,-0.5435303395196142
stage2_soh,79,-0.9619194011788059,0.9541833546058712,0.18331137774248518,0.11301895155877498,241.7473035435956,8.197159134290851,0.294692196849326,0.1766698470929954,110.30214581722976,13.71886363600272,-0.294692196849326,3.9696708510903753,0.9019607843137255,0.3237864470989349,0.2143515083865792,123.82266909048461,24.312563990422852,0.6066697629297534,0.42490028344898245,136.67291016809858,50.78467117795182,7.205621528596158,4.770230061684616,11.000873244000779,7.249290280892926,0.06436843599035373,0.04508246226973384,5.948065394941693,3.71884551638672,-0.6066697629297534,4.077382636070252,0.83671875,0.437295401227549,0.25572003413999483,343.4238883114591,21.339645471456585,0.728720419347649,0.4846782430246094,252.0141357259371,57.32395650816877,9.731677115189814,5.6908551911361105,13.903649156577362,6.47532601464618,0.07731816637954676,0.051424980060625014,6.312798566772403,3.4141706332485646,-0.728720419347649,-0.6066697629297534,-0.5435303395196142
stage2_soh,80,-0.9806660765722782,0.953904611005971,0.18386053143598527,0.1138690589173538,245.96754007852007,8.275435650957263,0.29509352919248155,0.17571602875937437,110.509144737497,13.519213007724185,-0.29509352919248155,4.149939738067926,0.9019607843137255,0.32200180914045773,0.2144022309349156,122.56219280391684,23.617234240680745,0.6094249906299831,0.43630073992809393,148.8166394413328,54.735756849478555,7.165905765908833,4.771358853484126,10.882040646594938,7.582920307849076,0.06466076916516801,0.04629206524976808,6.108847835503503,3.92022585735019,-0.6094249906299831,4.169277906417847,0.83671875,0.43872299703995477,0.2565615951520158,352.89007676744484,21.080477454182823,0.7256652495352803,0.4848229940926103,260.4556374650845,57.586925958401636,9.763447176019017,5.709583492459954,13.86756445807399,6.867512199994513,0.07699400896389214,0.051440338333650124,6.295741833249404,3.478206027715421,-0.7256652495352803,-0.6094249906299831,-0.5435303395196142
stage2_soh,81,-0.9832820451300013,0.9542126960374396,0.18318061864384094,0.11353483714859018,243.9898409212027,8.29356364282314,0.2922401556401224,0.17461278726659718,111.3476028549998,13.42988819333504,-0.2922401556401224,4.050186722886329,0.9019607843137255,0.32078623054803945,0.21395303310424674,124.69052329331132,23.814731132114613,0.6118521170389285,0.43245760381550474,145.47130414030843,54.79367315998684,7.1388539873254215,4.7613622968392555,10.998031781577314,7.489519285157718,0.064918290374302,0.04588430360417234,6.064179833728011,3.675909658985727,-0.6118521170389285,4.16507408618927,0.83671875,0.434345594414656,0.25363361223153336,341.4977542213543,20.92384002101004,0.7004964996973564,0.4690694256340066,232.8695985562399,55.0222046159938,9.666031404362124,5.644423455786944,13.555497725296723,6.907181588794368,0.07432357248939914,0.04976886461778487,6.082818672570258,3.2340654915236753,-0.7004964996973564,-0.6118521170389285,-0.5435303395196142
stage2_soh,82,-0.9939748377083154,0.9550049146897878,0.18337441443217573,0.11336689563344583,245.346107889478,8.234941615781329,0.2904353854167122,0.17334873422717578,109.00503169502333,13.284143579975613,-0.2904353854167122,3.9542865061292463,0.9019607843137255,0.3233423795909141,0.21510674600288565,125.946830635364,24.629497864408954,0.5928745736555165,0.4121438421601174,138.65936350435695,52.692122800421515,7.195739143386356,4.787037301382331,10.980557391618737,7.574891473369975,0.06290474880494781,0.04372898757107461,5.734592038791101,3.348025537100137,-0.5928745736555165,4.180702209472656,0.83671875,0.4361079692710735,0.25332000661965137,350.8442208432252,20.827538680329837,0.7243053548726983,0.48516352996957723,256.74991072274315,58.523558054128145,9.705251718617522,5.637444401015776,13.715274766132092,6.717899610190982,0.07684972240489286,0.05147646962473855,6.286293757150893,3.4789050311274634,-0.7243053548726983,-0.5928745736555165,-0.5435303395196142
stage2_soh,83,-0.9869246854653456,0.9544767689215556,0.18273528415280146,0.11329779475939786,242.21736314300088,8.27223173645064,0.29095096814997545,0.1733838973315508,109.3857038904064,13.328253764167389,-0.29095096814997545,4.162588347640692,0.9019607843137255,0.3243180926346652,0.21716395827357238,121.1642107051115,24.80991825461404,0.6255033610069723,0.43733786769238686,140.80927431120693,51.43848597198132,7.2174528963144935,4.832818998421748,11.142348172736227,7.546427264842098,0.06636670477903883,0.04640210582899081,6.089642670915757,3.8037105694898434,-0.6255033610069723,4.167507886886597,0.83671875,0.4357021263115379,0.25433976065396563,348.40001229923945,21.20899298299298,0.7285900608492344,0.4828808392638166,236.15319374852137,57.122765910650614,9.696219991710294,5.660138252748497,13.736769085822221,6.764299683632284,0.07730433517652045,0.05123427322802025,6.261965320822876,3.5175210859128274,-0.7285900608492344,-0.6255033610069723,-0.5435303395196142
stage2_soh,84,-0.9990406159778321,0.9542273667532238,0.1832137654810961,0.1131754057778813,242.51534744747698,8.239739558134444,0.290243535304416,0.17380298965330893,111.07260160904086,13.425946836508974,-0.290243535304416,4.1427600000418865,0.9019607843137255,0.32256269882444266,0.2134687347063685,122.25037071159399,24.083717140793283,0.6111810523154119,0.4233706183448507,139.07484601046252,47.12692777691686,7.178387939941444,4.75058460372306,10.994489038185181,7.5577324602036065,0.06484708955082191,0.044920162850249856,5.944190292187983,3.471574517800713,-0.6111810523154119,3.936098003387451,0.83671875,0.4364043419670037,0.2539271847730561,343.98477496357566,20.806696488600572,0.7220324961765895,0.47529210647553555,240.45950474700845,53.33403175575859,9.711847267929164,5.65095668978841,13.750262203634048,6.68791886851159,0.07660856919694481,0.05042909899554919,6.1768628899636715,3.3850397844061964,-0.7220324961765895,-0.6111810523154119,-0.5435303395196142
stage2_soh,85,-0.9955036648693054,0.9542567081847924,0.18260317601643655,0.11294186818119473,241.18028241589568,8.170303549224128,0.29064091903567096,0.17365850852323023,109.97092551573017,13.390705572654419,-0.29064091903567096,4.0859482868044985,0.9019607843137255,0.3169076316832928,0.21074400130275855,121.27745874874111,22.82715942701562,0.6221606377048176,0.44070895740981486,145.9258438513611,53.67203229886778,7.052538714617088,4.689947730720347,10.797237797266868,6.949637421810671,0.06601203757118405,0.04675978274970317,6.108929028635005,3.7384882516332754,-0.6221606377048176,4.280134057998657,0.83671875,0.4372182519020699,0.2546675949392011,344.5217071718888,21.207404571796346,0.7246494752735541,0.48521568732139714,260.67263681797965,60.11720528233725,9.72996021553089,5.66743395584129,13.860779691700026,6.90967738906968,0.07688623401853996,0.051482003586322246,6.288574136462751,3.703030774518753,-0.7246494752735541,-0.6221606377048176,-0.5435303395196142
stage2_soh,86,-0.9973724177278142,0.9539926353006764,0.18275842752948726,0.11320350272757919,244.11169751577893,8.247643661618172,0.2910432446888683,0.17296049237302136,109.48519508622522,13.161219943579288,-0.2910432446888683,3.843945078756295,0.9019607843137255,0.324002889090354,0.21580896830989743,125.57775256851178,24.305767253300374,0.5959986683779277,0.4115905446876936,132.39217272414473,49.00658357459502,7.210438280770425,4.802664725626307,11.108265397184612,7.512699821727763,0.06323621924150988,0.04367028200321287,5.744442714706343,3.471314862250982,-0.5959986683779277,4.210286498069763,0.83671875,0.43529267809213035,0.25398569678691274,348.58693547002093,20.907227708443994,0.7244839796457624,0.47994645925318763,250.25264458808533,56.8453835970514,9.687108032482096,5.65225883022852,13.640636607105805,6.930021518163144,0.07686867472124985,0.05092293176446454,6.210734253066709,3.474226130243249,-0.7244839796457624,-0.5959986683779277,-0.5435303395196142
stage2_soh,87,-1.009119636753157,0.9549022196792981,0.18317388490774164,0.11315197729105446,245.32256981759076,8.269042466462356,0.28932837526335126,0.17280488370754613,109.226145789134,13.17477897457956,-0.28932837526335126,4.053992483662624,0.9019607843137255,0.32006018270391123,0.21567209523956418,122.90521814888888,25.312645021020938,0.5987791286649943,0.42138966973870995,135.15782984390086,51.87110901206078,7.122696343843691,4.799618719373992,11.156884618233592,7.701836077182822,0.06353122962598569,0.04470998167534051,5.844676876379342,3.5145078410728647,-0.5987791286649943,4.274333477020264,0.83671875,0.4372732608940943,0.2566485028359239,352.28055383909106,21.95335170285638,0.7319818280598083,0.49017376111878547,261.01910115859124,59.77173261167493,9.731184398879973,5.711517556976178,13.867136524688272,7.018242079621297,0.0776642060056412,0.05200806154299611,6.356265533975121,3.4623880985755804,-0.7319818280598083,-0.5987791286649943,-0.5435303395196142
stage2_soh,88,-0.9857001618752553,0.9543300617637135,0.18238716655602044,0.1128165348808907,242.69385206421393,8.182130598156052,0.29021698747508845,0.17346731572176444,109.33782380146015,13.317079982564731,-0.29021698747508845,4.092270627676272,0.9019607843137255,0.32438475499755254,0.2159621716180232,123.79761235251924,24.688769953768798,0.616807196484131,0.4388012069825302,143.23835094431135,52.038518064678286,7.2189364165837056,4.806074148921118,10.962264354651436,7.420394337087475,0.06544403062638798,0.046557367994975285,6.103677094620805,3.958470738026694,-0.616807196484131,4.0114837169647215,0.83671875,0.43748524817869927,0.2552280718840848,347.67634688187593,21.35840061239255,0.7201287427887951,0.4781539264939056,251.53120379465554,56.77770511641035,9.735902014936554,5.679906944678597,13.853830367165472,6.532927062523929,0.0764065785332073,0.050732741751335755,6.205394080003953,3.278004442227732,-0.7201287427887951,-0.616807196484131,-0.5435303395196142
stage2_soh,89,-0.9940283453915896,0.9541246717427343,0.1828585807934498,0.11336300000081492,244.44500849889687,8.27943008926473,0.2881337452976398,0.17209438313135644,108.37703629325438,13.224207059687169,-0.2881337452976398,4.04386807423012,0.9019607843137255,0.32160881809089303,0.21318216507560483,124.32988057739244,24.4290639975322,0.5940351826354578,0.42456999067582335,145.15930942804513,48.51495743483149,7.157160048499533,4.744207214183212,10.791234020974562,7.479666522136293,0.06302789089871955,0.04504741778503017,5.89117150845809,3.7558514309358833,-0.5940351826354578,4.279122424125672,0.83671875,0.4364521241826057,0.25477758944944073,346.1233606523442,21.217938004821526,0.7275649444175375,0.4861430203118289,260.67130473657454,58.485901520156986,9.71291062485627,5.6698818001476585,13.887013767747794,6.800903801365107,0.07719556901501327,0.05158039479993424,6.305032093666725,3.4872689852577476,-0.7275649444175375,-0.5940351826354578,-0.5435303395196142
stage2_soh,90,-1.0085617525502029,0.9549022196792981,0.18229078413666874,0.11279436566045996,244.12733995793968,8.23061649459172,0.2875661001989178,0.1713227403080518,109.95532445769614,13.031081977574988,-0.2875661001989178,4.323927098629522,0.9019607843137255,0.32337335098100156,0.21481865547761758,123.66854033749966,24.124643402534005,0.6111189851934058,0.431629118619158,141.3527341784463,47.66919632225988,7.196428388156123,4.780626065490109,10.964279024492301,7.708025870244714,0.06484050414997605,0.04579640026764793,6.0101063308917055,3.786777281923009,-0.6111189851934058,4.189993476867675,0.83671875,0.437744175694821,0.2540511526065529,349.96880464340865,20.665764462469642,0.7246660543381608,0.4785762710565905,256.23713787276887,56.033091978527054,9.74166425020375,5.6537154997939,13.643919678978865,6.443750489308054,0.07688799307845051,0.05077755304837117,6.21325969318467,3.35650158083514,-0.7246660543381608,-0.6111189851934058,-0.5435303395196142
stage2_soh,91,-1.0130195166270917,0.954300720332145,0.1829733647213786,0.11314815619595539,244.22839318544138,8.251408994290985,0.28792812269769824,0.17178656076678628,107.52392359631058,13.1009798109295,-0.28792812269769824,4.194358289008047,0.9019607843137255,0.32650162074884287,0.21704982929068672,122.60355562695223,24.143931295273553,0.6004020556997193,0.42000383322912394,139.24517060158325,47.889539475490196,7.266045656538966,4.830279144565955,11.087226583288693,7.3736907400820115,0.06370342425531288,0.04456294265327091,5.851882595487385,3.496671946208717,-0.6004020556997193,4.42963387966156,0.83671875,0.4355692479907068,0.25525901568562404,344.60178371773003,21.45666501966045,0.7198046396443301,0.4805124460846855,257.3219674072363,59.2672942803973,9.693262885574928,5.680595575486171,13.910208857795931,7.016212635447559,0.07637219077600636,0.050982983689516356,6.222416864447061,3.5201667399422467,-0.7198046396443301,-0.6004020556997193,-0.5435303395196142
stage2_soh,92,-1.0218549332176525,0.9542713789005766,0.18349055810357254,0.1134829044744435,244.07434719501717,8.26338093390538,0.2877044435649177,0.171322070930653,106.88270303127983,12.93174895632715,-0.2877044435649177,4.380060876584521,0.9019607843137255,0.3241585438776904,0.21702054918506275,121.78938251685042,24.289108188424514,0.6095887241938681,0.43221057094542276,136.708550544486,49.00548407166309,7.213902259873655,4.829627538047727,11.217093504829664,8.101297237527774,0.06467814150522912,0.04585809310142931,5.985138312488299,3.5038311969957423,-0.6095887241938681,4.450905418395996,0.83671875,0.4358620205690251,0.2540527388020564,341.9395089488197,20.699848137942126,0.7184882331230329,0.4796100583662337,247.47041372065078,59.200553531666344,9.699778317002696,5.653750799370428,13.621358297446529,6.591665034458073,0.07623251836429065,0.05088723920109297,6.217033552226615,3.494066365131233,-0.7184882331230329,-0.6095887241938681,-0.5435303395196142
stage2_soh,93,-1.0316411226919195,0.954300720332145,0.18269817922491624,0.11304902922744425,245.98444626410938,8.268009689616287,0.2849485016823124,0.17000447820783243,108.23565775140277,12.897863551172598,-0.2849485016823124,4.3818142928329165,0.9019607843137255,0.32636396076216034,0.21690776546248325,124.88472635811863,24.710876483622336,0.6385340687121285,0.4546278820825083,146.66900664342282,60.188681026351844,7.2629821380608055,4.827117621938591,11.194162131367579,7.54226062419357,0.06774927949444536,0.04823659841877842,6.374136903408188,4.233514700297663,-0.6385340687121285,4.297514867782593,0.83671875,0.4400623017880592,0.2580141178954364,345.83290445518656,20.552693412374513,0.7428274570464981,0.4916658238205855,263.2899157190086,58.25527201568536,9.793252386251748,5.74190828321183,13.881680197378738,7.087174223381599,0.07881494108073954,0.05216637129960999,6.407046906028972,3.5564879648071823,-0.7428274570464981,-0.6385340687121285,-0.5435303395196142
stage2_soh,94,-1.033972553194733,0.9542273667532238,0.18290700305885954,0.11345063285568789,245.02358867267037,8.237720002305894,0.2866488491534715,0.17059829835954307,108.40946023656495,12.904632722420411,-0.2866488491534715,4.073327035529941,0.9019607843137255,0.3242112451073109,0.21462348529283762,124.32764561799722,24.678336357618253,0.6318800841668393,0.4465930311137116,144.52762010721798,53.14926965765656,7.215075085722728,4.776282701220878,11.058209500529085,7.518240218755963,0.06704328324334516,0.04738409047808365,6.213935781093254,3.8628394449569528,-0.6318800841668393,4.094531297683716,0.83671875,0.43755730005757576,0.256558281785874,359.2113517962884,20.785838542949165,0.7317291053117349,0.48754982153041054,264.7674112735569,57.89658334675206,9.73750547479184,5.709509756012312,13.968478971803162,6.901173844661548,0.07763739179958266,0.05172965820438037,6.33651386672723,3.5881807816049567,-0.7317291053117349,-0.6318800841668393,-0.5435303395196142
stage2_soh,95,-1.0257666906577982,0.9545501225004768,0.18353058090817023,0.11348885979232644,243.1480718538331,8.28022533144942,0.286706894345316,0.17084263961870827,109.16330483466837,12.994835569044621,-0.286706894345316,4.463996563705743,0.9019607843137255,0.321430672772504,0.21684650504852043,125.52849789797988,26.33386515683834,0.6116288755033781,0.4306270537697071,140.81499925198128,50.04354804295194,7.153195559704822,4.825754317940981,11.130996636229282,7.893149432538038,0.0648946041625118,0.045690079908432116,6.005439912444217,3.7576443656274696,-0.6116288755033781,4.309267282485962,0.83671875,0.4368958658344051,0.25592573667436225,344.30834185599497,21.361917512945254,0.7415594496500328,0.49148637470461837,248.87427037093215,58.513041104084564,9.722785758383289,5.69543294484818,13.849429736533619,6.894588368460514,0.07868040387792839,0.05214733151941908,6.382742076756645,3.4416069996130063,-0.7415594496500328,-0.6116288755033781,-0.5435303395196142
stage2_soh,96,-1.043733446180734,0.95449143963734,0.18284444197887786,0.11346448123422911,244.99270622465932,8.274181908561093,0.28327503254038844,0.1688128441839786,107.94322902741722,12.86418332682095,-0.28327503254038844,3.9662743746065625,0.9019607843137255,0.32361356593379115,0.21765911958691683,124.95165047438569,24.375023431992567,0.6035333815706688,0.4268197054317331,138.94394934034253,51.28708798647824,7.2017741895348415,4.843838437473415,11.286456107950782,7.739827789406641,0.0640356619259622,0.04528611539139018,5.942384851802568,3.555247252921518,-0.6035333815706688,4.130032157897949,0.83671875,0.43670143145789,0.2536122617642832,339.9852468849272,20.566853068611124,0.7243500032839157,0.4810608439594944,255.09550999356756,57.163785993206034,9.718458768968292,5.643948317349738,13.792136687743277,6.514361902287797,0.07685445965829683,0.051041169403818996,6.227520333162137,3.564366473977121,-0.7243500032839157,-0.6035333815706688,-0.5435303395196142
stage2_soh,97,-1.0505450923050075,0.9542420374690082,0.18303599663435116,0.11314076943388846,246.7268020330287,8.284321631087675,0.2849734657311271,0.16915048250454326,106.71863579374453,12.819887008296856,-0.2849734657311271,4.066983567967134,0.9019607843137255,0.3214661267871868,0.21553228563336913,124.40334446661633,24.850894014826128,0.5951301510817819,0.41044440005595484,126.1332923499965,46.642668606584955,7.153984561881296,4.796507362745788,11.06414624667756,7.5354407539721135,0.06314406844811364,0.043548674595242705,5.724999524233509,3.152193572313495,-0.5951301510817819,4.3439292192459105,0.83671875,0.43745041166272086,0.25434746374921813,338.0054116199176,21.333130230540746,0.7219588946110018,0.4821315627405056,242.81560847084046,58.37698401626623,9.735126754724881,5.660309679284369,13.745308060025948,6.823123333026256,0.07660075997691637,0.0511547740327795,6.216760768374962,3.5408463386317375,-0.7219588946110018,-0.5951301510817819,-0.5435303395196142
stage2_soh,98,-1.038215510411076,0.9544034153426346,0.1834067553975461,0.11364122646005095,243.17915895087717,8.311979436142188,0.28332311958832873,0.16916476568417857,107.98960891941726,12.837917425836508,-0.28332311958832873,4.456085638906441,0.9019607843137255,0.327000625469857,0.21750632810369863,126.4268616860731,24.992254973612372,0.632116965528321,0.45006151746812406,150.1187360018228,55.82274724197262,7.277150627710018,4.840438179029224,11.19990827598317,7.707469784292852,0.06706841665807182,0.047752101306263436,6.3266502841623735,4.023524791398362,-0.632116965528321,4.142681980133057,0.83671875,0.43472482857795086,0.25218822101705884,350.5573036247309,21.02920693115547,0.7207153465239542,0.48048386033333373,256.9626984046009,54.69981223716276,9.674470972713117,5.612257371796779,13.627081029993155,6.6842701052985145,0.07646881793804583,0.050979950704820955,6.270839497294416,3.3460898173878473,-0.7207153465239542,-0.632116965528321,-0.5435303395196142
stage2_soh,99,-1.0536813804115985,0.9548728782477297,0.18332157792958706,0.11332064985926454,242.67815322100404,8.292464730060805,0.284904349988648,0.16901429490428085,105.90583945888288,12.700780980540237,-0.284904349988648,4.151348573086309,0.9019607843137255,0.322065293538063,0.21484757693046155,121.44169125452215,24.030155123578933,0.5949819651182838,0.4254124050813855,142.32925982177753,50.06136447582207,7.167318562973731,4.781269690463042,11.005156713164038,7.769501536153389,0.06312834572829316,0.045136799028426766,5.889081729926627,3.8581710967689378,-0.5949819651182838,4.359631657600403,0.83671875,0.4380246767991869,0.25723269129903203,350.96051505994586,21.100891841450427,0.7332766280897466,0.4915945672259113,269.57265683114485,60.09967203699358,9.747906589296454,5.724518227647373,13.930979599215636,7.078369938138941,0.07780158594105267,0.052158810883987786,6.371613718653769,3.6116888270785505,-0.7332766280897466,-0.5949819651182838,-0.5435303395196142
stage2_soh,100,-1.0494617545106097,0.9546381467951821,0.1832342155347825,0.11334538243956808,242.10437977259994,8.283648122122818,0.28347476654444265,0.16902828013967222,106.49594697953106,12.778718667446359,-0.28347476654444265,4.1874508839027555,0.9019607843137255,0.3224966418035608,0.21360088974036567,122.441260464025,24.66938512621813,0.5972039459434625,0.42316007454258703,138.51467778725132,50.25399055929803,7.176917891098925,4.753525613659128,10.931875104332114,6.967292906847314,0.06336410072921261,0.04489782388416437,5.893980836356868,3.6974741161441957,-0.5972039459434625,4.449218583106995,0.83671875,0.4376474729034007,0.2551968646430396,358.5916732646484,20.750580297297734,0.7208658528592827,0.4785041369745159,253.67542898992593,57.61468035381615,9.739512203007282,5.679212451224845,13.799085124606606,6.710891380850171,0.07648478685227843,0.050769899530216045,6.19011318461168,3.4115281406860407,-0.7208658528592827,-0.5972039459434625,-0.5435303395196142
stage2_soh,101,-1.0437503393890903,0.9549902439740034,0.18293581464118844,0.11299558319566352,247.48395887960461,8.227678425300395,0.28390595272852315,0.1686230305689616,107.4613529022544,12.879226585347164,-0.28390595272852315,4.185673855800255,0.9019607843137255,0.3301188423963609,0.22053957533310442,124.22403320536282,25.883166108547485,0.605846429302355,0.42219988087411314,136.94737387936638,51.03291165949173,7.346544177742037,4.907940792969957,11.295516177194932,7.862495184369148,0.0642810792418684,0.04479594611068012,5.877360873329609,3.5591605466577887,-0.605846429302355,4.314858508110047,0.83671875,0.4378243522185471,0.2556019347834081,351.4932426503009,20.965585919682546,0.729101108832645,0.4860642676088901,254.60775524943838,60.122836512492775,9.743448517861104,5.68822697962831,13.88369091064809,6.631763623794791,0.07735855801968526,0.0515720390376597,6.299658151852599,3.5973368124920686,-0.729101108832645,-0.605846429302355,-0.5435303395196142
stage2_soh,102,-1.071004480502591,0.954828866100377,0.18256030293861053,0.11343240363489561,244.16580328587744,8.286168296280625,0.28264416955643773,0.16779894230619236,106.2273095219103,12.699996556038986,-0.28264416955643773,4.078549673043045,0.9019607843137255,0.32299106522599114,0.21704791035484888,126.48803110006274,24.579546079247947,0.5890754489957134,0.41225320423277567,131.5924985087003,49.00439601166598,7.1879209089485805,4.830236440105935,11.125180557568367,7.629724554249966,0.06250165683065366,0.04374059102653558,5.735419418974345,3.430062843399755,-0.5890754489957134,4.36674861907959,0.83671875,0.4369123904281858,0.2553006406422355,355.97080706719106,20.48064547912999,0.7159929443519141,0.4833694197965087,251.14704714349318,57.741990319560514,9.723153500670724,5.681521907289661,13.702497302993958,6.8905711654273425,0.0759677650415512,0.051286112245994143,6.256802364814841,3.640753057909069,-0.7159929443519141,-0.5890754489957134,-0.5435303395196142
stage2_soh,103,-1.063216126134935,0.9548582075319455,0.18248430213593078,0.1128712134153485,239.25455763394058,8.292358877335063,0.2819006540369925,0.16766057339544294,107.13164017525143,12.558066754800526,-0.2819006540369925,4.3037110899008955,0.9019607843137255,0.32238172487681876,0.21727695934857955,125.62454798009452,24.420187398345167,0.6175235919379378,0.4384583676398239,137.58346423103478,52.67376542376149,7.174360502150895,4.835333751544128,11.154518505877562,7.656694127088123,0.06552004109819633,0.04652099230323257,6.098208762599836,3.798576783111458,-0.6175235919379378,4.419181489944458,0.83671875,0.4361005900581682,0.25329240705123085,345.13265404154527,21.343437208445216,0.7254786224646907,0.48438974953096475,261.9612389208538,61.025007986562876,9.705087499837362,5.636830193576975,13.74133380968181,6.636773131124343,0.07697420759355632,0.05139437053281598,6.278852119411876,3.576933891433783,-0.7254786224646907,-0.6175235919379378,-0.5435303395196142
stage2_soh,104,-1.0728926890794934,0.9539779645848921,0.18263926746582648,0.11301344790472403,241.63742252288276,8.261442320509502,0.28407350601515946,0.1680290269884789,107.3329367793811,12.633377965434988,-0.28407350601515946,4.339654172635546,0.9019607843137255,0.32241901003320556,0.21817565458123664,125.41055972107807,25.13773401096777,0.6022916632908342,0.4253285274868283,140.92810083641004,50.63257759228997,7.175190254995601,4.855333531566118,11.099809930631745,7.714183233570282,0.0639039140319719,0.045127899508611895,5.933404026821858,3.554588894311685,-0.6022916632908342,4.54800329208374,0.83671875,0.43781790694250666,0.25548554955657893,351.85403137717367,21.4084807402667,0.7305040108610041,0.48458321854232056,270.9771879974006,58.808961288024676,9.743305083136732,5.685636914776725,13.865612468808717,7.0788392259608415,0.0775074077150732,0.05141489784179778,6.294312299119293,3.4403353425643504,-0.7305040108610041,-0.6022916632908342,-0.5435303395196142
stage2_soh,105,-1.0741486465448422,0.9545794639320453,0.18381703950114986,0.11334457068491388,245.09129870846502,8.244346617069276,0.282549810914212,0.16750638905098506,107.14864345524299,12.625113110104053,-0.282549810914212,4.440037076613482,0.9019607843137255,0.320304582925747,0.2145472277613247,120.46974475165844,24.66024785190593,0.6019989377859177,0.42743473402133175,139.9426934564631,48.589701597335804,7.12813528520715,4.774585647759529,11.055402387765941,7.595466982022041,0.06387285548236665,0.04535137070955642,5.952719236147759,3.8302977669124694,-0.6019989377859177,4.379013323783875,0.83671875,0.43753803169995087,0.25335147535588476,351.36223629701664,21.621704873369865,0.7191483091151866,0.4756747103343514,256.8706673571687,55.33267990430445,9.737076672123393,5.638144713846385,13.734345314427122,6.680538792835697,0.0763025532693509,0.050469693753192824,6.1829724077155985,3.4110235955960073,-0.7191483091151866,-0.6019989377859177,-0.5435303395196142
stage2_soh,106,-1.0801425370147575,0.9546528175109663,0.1826030597229677,0.11305031173067198,244.83663052705296,8.24366795698833,0.2812137627612431,0.16647749705273032,104.56448995181155,12.406186899852795,-0.2812137627612431,4.411117549971038,0.9019607843137255,0.3261886875196789,0.2180814474291515,126.57441942370569,24.794514670111695,0.6123608271931956,0.439147004792832,141.59264797115122,51.19109126142357,7.259081565134648,4.853237022928112,11.080066804659563,7.907462052775081,0.06497226517081148,0.046594057583905064,6.053126851543923,3.7297430324504455,-0.6123608271931956,4.467659044265747,0.83671875,0.4355759931773036,0.2529123227630407,336.70921700857014,21.027957537346303,0.7172069640161597,0.48107801701917197,254.63500315197606,60.28623420233339,9.69341299458101,5.628371706341939,13.55944198008802,6.547803798710765,0.07609657407708256,0.05104299148736454,6.220260710992001,3.621722317763756,-0.7172069640161597,-0.6123608271931956,-0.5435303395196142
stage2_soh,107,-1.0688240626079262,0.9543447324794977,0.18341900246392873,0.11326624889458801,243.26852890766673,8.271785643996264,0.28221574838756147,0.16718429111740368,105.86532169157644,12.535612141284325,-0.28221574838756147,4.354285972258624,0.9019607843137255,0.323093257163566,0.21660600509220623,123.59340567929834,24.996791560348946,0.6107157699934703,0.43071835804091513,137.32886929808524,52.622298005713006,7.1901951129248,4.8204021740252285,11.076814689703822,7.910554710694907,0.06479772250273845,0.04569976740811649,6.015147898940613,3.743205791382466,-0.6107157699934703,4.641129660606384,0.83671875,0.43720973899294774,0.25607944082184986,349.17863663881934,21.289395865645442,0.7390385706166118,0.4939687755613704,256.1887269612953,60.079285910299646,9.729770767202242,5.6988535139427,13.86415368743798,7.013850991606349,0.07841293539570411,0.05241071741799854,6.430202045497704,3.5992522363252197,-0.7390385706166118,-0.6107157699934703,-0.5435303395196142
stage2_soh,108,-1.0864480643733896,0.9542860496163608,0.18268495730425063,0.11313002076613903,244.82072755346275,8.268417209379999,0.2808993710661512,0.16608579847673918,106.71247331258043,12.318366316093302,-0.2808993710661512,4.4820091864641975,0.9019607843137255,0.3244932400126433,0.21724084364113344,126.27758843066913,25.025686361065944,0.617932007907609,0.433768612919284,147.18069929828258,50.85516631806044,7.221350668221698,4.834530023897631,11.139732100899392,7.2419933709142414,0.06556337455373937,0.04602340334300201,6.057651475075313,3.748399991432219,-0.617932007907609,4.454935908317566,0.83671875,0.43550159722595944,0.25303742150063047,351.77087834567925,20.807923467230474,0.7206391502968766,0.48233235155566945,272.1571698457825,58.06908661937513,9.691757369172814,5.631155683759319,13.666509705104403,6.621970541695687,0.07646073342112239,0.051176077982285795,6.271531409778491,3.398224339427539,-0.7206391502968766,-0.617932007907609,-0.5435303395196142
stage2_soh,109,-1.0875502438734317,0.9541980253216554,0.18315009650166317,0.11298827593447945,242.90949819966906,8.189546595015235,0.2811388951643415,0.16589683466589164,106.20568005640669,12.397700085916332,-0.2811388951643415,4.5265086921991085,0.9019607843137255,0.32520334201434625,0.21840311875064655,122.02816456940255,24.358542051982752,0.6198527872396417,0.45194335997095514,151.4519183115532,54.16740045640594,7.237153449087959,4.860395573942411,11.261238365421617,7.66910657931137,0.06576717169188659,0.04795176719714687,6.253321950978094,4.0334272277177945,-0.6198527872396417,4.464360904693604,0.83671875,0.43700163195050257,0.2548151450186197,340.80146081101077,21.17367040803674,0.7358932295396664,0.4940537721660803,286.58497157130154,58.955539041029915,9.725139502988648,5.670717570823728,13.64156217833948,6.804775932685004,0.07807921069381447,0.052419735666218534,6.419067620652894,3.6904600193692865,-0.7358932295396664,-0.6198527872396417,-0.5435303395196142
stage2_soh,110,-1.098905860773476,0.9540513181638132,0.1832632810853363,0.11338142055308777,241.09721238764067,8.22290754266785,0.2800444078272683,0.16586161314234646,106.62510814207998,12.306387234317876,-0.2800444078272683,4.44833734923718,0.9019607843137255,0.3151867301392957,0.21175612592156612,122.87953083142607,25.16962678236193,0.6094536503588115,0.43499713921189015,144.8760278666214,53.589474422515124,7.014241357438853,4.712471795603994,10.880079139794306,7.733043543679486,0.06466380999896806,0.046153751550313676,6.084153184896659,3.769010382663187,-0.6094536503588115,4.502258992195129,0.83671875,0.4356188475834146,0.25429058054141934,344.76877479800123,21.627516322362098,0.724980735880204,0.4844645899334864,261.7614406031202,60.34162631567749,9.69436668684959,5.65904378668632,13.812180647281895,6.954834633807753,0.07692138119161199,0.05140231119502394,6.290820613333603,3.46352869560105,-0.724980735880204,-0.6094536503588115,-0.5435303395196142
stage2_soh,111,-1.1017457550955325,0.95449143963734,0.18280339232607082,0.11329073623772175,245.63063003660014,8.24011639564937,0.2801747135104495,0.1656611393519808,105.73753409690457,12.290604105096024,-0.2801747135104495,4.65622439103968,0.9019607843137255,0.32215353499887756,0.21368081564512834,122.1131540156026,24.379540589289903,0.6059406437672862,0.4225337173232772,138.11283291168724,49.66070912828934,7.16928230968227,4.755304303981748,10.990909278426697,7.416332135227,0.06429107551682037,0.04483136658392984,5.959812961367186,3.6261192693518085,-0.6059406437672862,4.576896142959595,0.83671875,0.43757666805216927,0.25647896330010556,335.2451225348568,21.329495804372932,0.7314355268619845,0.4872958390369604,258.27405031934165,56.90256460631203,9.737936494805368,5.707744583338195,13.85375864676401,6.921690002144246,0.07760624275144214,0.05170271033772987,6.340622882161904,3.4540871872402534,-0.7314355268619845,-0.6059406437672862,-0.5435303395196142
stage2_soh,112,-1.1021116891048668,0.9543447324794977,0.18325903232079935,0.11316164233322487,243.76502796619025,8.257145348128391,0.2797262415479078,0.16516477638499816,106.70976067686718,12.226757608324707,-0.2797262415479078,4.191866136999691,0.9019607843137255,0.3237273948345413,0.21556358569776457,125.95836840709563,24.254223097731252,0.602128215805651,0.41865921377240883,133.61679298273475,48.49096094262988,7.204307365290562,4.797203921912718,11.183179710902332,7.77059509229115,0.06388657204522613,0.044420276813106126,5.860377982991731,3.5835974339386536,-0.602128215805651,4.370761966705322,0.83671875,0.43383502287694636,0.25271583157173155,323.76753066938494,20.734012660515017,0.7216666624733938,0.4794929807729204,251.07198602909912,58.52644325050138,9.65466902246822,5.623998944075444,13.84225288654724,6.996838833704073,0.07656975377421212,0.05087481711904507,6.228595984257086,3.5284487114615093,-0.7216666624733938,-0.602128215805651,-0.5435303395196142
stage2_soh,113,-1.109633244364313,0.9541393424585185,0.18319633953160466,0.1130471592933668,241.17062547411146,8.215751747533991,0.27946855320948394,0.1648804696995487,106.92189011041717,12.179902980264554,-0.27946855320948394,4.362371910319609,0.9019607843137255,0.32272644633661474,0.2148015896515811,122.56356184102383,24.517900578660488,0.6112521061557383,0.43100088614349563,147.33351786551913,51.56661589525858,7.182032016491074,4.780246278489777,10.929842815242525,7.405413707610706,0.0648546284539491,0.04572974400032145,6.0027236847381165,3.631528865992045,-0.6112521061557383,4.678931403160095,0.83671875,0.4387769105564273,0.2549814820373285,374.1204991190276,20.819110843897754,0.7297488463414487,0.48846234145603373,257.4101350076579,62.47627207244303,9.76464698039149,5.6744192748751185,13.735558675655145,6.647779150873948,0.0774272837959175,0.05182647773291389,6.344285877783464,3.6945011128367624,-0.7297488463414487,-0.6112521061557383,-0.5435303395196142
stage2_soh,114,-1.1026889267994788,0.9551369511318457,0.1827438526350837,0.1131944802676462,240.30173454174732,8.263498887752483,0.2783555855418984,0.16463144523159562,107.21673611812052,12.204257246608872,-0.2783555855418984,4.648762484157786,0.9019607843137255,0.32368574632563496,0.21722640852060388,122.9040482035801,24.772139580189588,0.6031630635879438,0.4279328720498027,142.5547339071011,50.101697505780514,7.203380509348634,4.834208781250857,11.219735169334554,7.991880499016302,0.06399637071544927,0.04540422379002832,5.9955823607340495,3.7565731734938934,-0.6031630635879438,4.748318910598755,0.83671875,0.4378530271931392,0.25554931574188233,354.0263219759578,21.308066911844712,0.727493512292084,0.4915064613254799,264.7626368843844,60.03369347104793,9.744086657647694,5.687055982812882,13.890233520729499,6.9147629010942735,0.0771879899753514,0.05214946273552411,6.402397049025294,3.673849849986679,-0.727493512292084,-0.6031630635879438,-0.5435303395196142
stage2_soh,115,-1.0990164383506749,0.9543447324794977,0.18345267801880022,0.11342954198937728,246.86610872702767,8.252600799399467,0.2799135813877073,0.16547845394419777,105.54717549448013,12.241723254824494,-0.2799135813877073,4.583143423117844,0.9019607843137255,0.32900449282969085,0.22092918949977805,123.21993851583379,25.57663033234952,0.6263113661081319,0.4407937626322439,141.88782742298105,54.11473025186656,7.321745174263284,4.91661136041459,11.315100428008453,8.15063351049162,0.06645243515133016,0.04676878069201895,6.106918362992877,3.6588762382222355,-0.6263113661081319,4.715914344787597,0.83671875,0.4371195437106422,0.2546845132839735,328.91330285697575,21.140799118456066,0.7242439245691686,0.4849277482378966,257.0723098682088,61.04868738202364,9.72776353967996,5.667810460758074,13.800669487824697,6.8172633952086334,0.07684320457129998,0.05145145288213696,6.28930168389986,3.5800706048761146,-0.7242439245691686,-0.6263113661081319,-0.5435303395196142
stage2_soh,116,-1.1086867510281686,0.9545061103531242,0.18294468941013087,0.11328848570473021,244.63541049908747,8.2768226545282,0.27800616811311735,0.16409317143337127,105.7688623317948,12.085824839035466,-0.27800616811311735,4.4696706715752095,0.9019607843137255,0.3249385212370118,0.217447292864067,129.06963196252204,24.355802431961283,0.6374310551662963,0.45361482900585615,142.49062464213682,55.69419241929593,7.231260063767239,4.839124394596778,11.166991232387257,7.359102621452868,0.06763224834972749,0.04812911219463496,6.309085140168371,3.8926274414179622,-0.6374310551662963,4.486744451522827,0.83671875,0.4385973620329085,0.2543666949761246,344.94677506052295,20.24960001074902,0.7279774312375888,0.4840532533820806,258.631846553884,58.79077998908392,9.760651264332074,5.660737655636868,13.700443274699882,6.7166197056303005,0.07723933439297627,0.05135866786203204,6.2902412606812685,3.401422802873091,-0.7279774312375888,-0.6374310551662963,-0.5435303395196142
stage2_soh,117,-1.1101579647582018,0.95449143963734,0.18322278331307315,0.11350780803271744,245.52288255579802,8.283436092107264,0.2771442311669296,0.16414174973618836,105.04147024572744,12.227251095371336,-0.2771442311669296,4.1395588435378725,0.9019607843137255,0.32212084679852454,0.2166488955463922,121.510813216335,24.554372535615556,0.6089082890568477,0.4257467772076637,135.49027808361024,51.96814971399,7.168554858603619,4.8213566685163425,11.155451585927283,7.470214890497846,0.06460594646891912,0.04517227633770184,5.899213183151565,3.6297066690682875,-0.6089082890568477,4.635301208496093,0.83671875,0.44179175803633125,0.257929474723278,356.6935029725723,21.41424897982493,0.7406351457964038,0.4976524291647365,257.65500012834934,61.91771369676513,9.83174012187802,5.740024613685148,13.873565471397967,6.601901118755448,0.07858233405959653,0.052801557765857376,6.430884450603986,3.7028026654809167,-0.7406351457964038,-0.6089082890568477,-0.5435303395196142
stage2_soh,118,-1.1201854091140215,0.9546088053636137,0.18330931847562773,0.11335903770241701,242.92614051509653,8.275386517009421,0.27750767898795836,0.1633915587002026,104.35824657140941,12.05471450569678,-0.27750767898795836,4.556381393881405,0.9019607843137255,0.32580797249568066,0.21485916478285455,128.22057867406323,24.696567032618187,0.6254803649164757,0.4350894456802338,147.11040435226272,50.319473810130496,7.250609041353121,4.781527569319374,10.951320616960263,7.43670790513251,0.06636426486449287,0.046163545384393,6.107793005471758,3.608531967058687,-0.6254803649164757,4.639153146743775,0.83671875,0.43321357615556966,0.2521837224276169,352.3295275234133,20.707431350239112,0.7261390575934626,0.48356086765579676,260.5385020029524,60.94347801808236,9.640839197549514,5.612157259104535,13.54801647782882,6.543154140396052,0.07704428060347004,0.05130642510816243,6.298351314145878,3.3989469563194765,-0.7261390575934626,-0.6254803649164757,-0.5435303395196142
stage2_soh,119,-1.1065876021791703,0.9541100010269501,0.1823531468514665,0.1128215007477879,244.5004697879015,8.212523239398868,0.2775596103091551,0.16379045810836873,106.46946070158917,11.967995900643185,-0.2775596103091551,4.514168425167308,0.9019607843137255,0.32224492644590114,0.21484691495368002,124.77497420395925,24.151970907544914,0.6115046545100286,0.4287292379155463,140.32286191940887,48.29743886376729,7.1713161569421,4.7812549586724105,11.156298669716742,8.017457053099584,0.06488142415660468,0.04548871922458973,5.975349267513287,3.556166260805443,-0.6115046545100286,4.252328777313233,0.83671875,0.4358989092586337,0.2535914758795116,337.00744923074507,20.909316818378578,0.7347884368552663,0.4881317385592411,265.2700288030125,59.42129866844141,9.70059924678029,5.643485743266902,13.71734712633894,6.656525812502217,0.07796199078022424,0.05179140034369696,6.328172655542461,3.513131696222244,-0.7347884368552663,-0.6115046545100286,-0.5435303395196142
stage2_soh,120,-1.112084546526114,0.9541100010269501,0.1827238863656435,0.11321509006294125,244.18327176761102,8.272537934719812,0.27744321026972535,0.16377836673298493,106.6341860599798,12.028112152543185,-0.27744321026972535,4.741648447747324,0.9019607843137255,0.3238382164176777,0.21571690952450986,125.45187802752531,24.633316144985542,0.6062088063259631,0.4252284454565276,137.97889810186354,50.297243011351256,7.206773615476248,4.800616027257897,11.048555809654577,7.554256459174848,0.06431952790648596,0.045117280677486896,5.959983468629558,3.6107210434816457,-0.6062088063259631,4.7005859375,0.83671875,0.4378670069268089,0.255657295932906,338.30415828586933,20.383925394687488,0.7246177614463225,0.48001924500058524,248.12717517754632,57.33977737269535,9.744397766005678,5.689458999974574,13.812832106233746,6.560843706223524,0.07688286914100212,0.050930654425142,6.24154342085001,3.303988027601309,-0.7246177614463225,-0.6062088063259631,-0.5435303395196142
stage2_soh,121,-1.114932417302929,0.9544767689215556,0.1832146642067083,0.11321660445944752,246.83088403511942,8.244165643486658,0.2791591760102139,0.16477067903077752,105.70868367126698,12.202904194521766,-0.2791591760102139,4.53018944310207,0.9019607843137255,0.3234103900195415,0.21765497749141766,122.52097816136009,25.077932622370405,0.6205221443315849,0.4357074553283918,143.5998751689965,51.439725376266125,7.197252663835027,4.84374625828318,11.135799530109614,7.585531855106684,0.0658381913334777,0.046229116996676374,6.0777834011648215,3.8391368801516217,-0.6205221443315849,4.5577844142913815,0.83671875,0.4352523495832969,0.25453594566351967,334.33198496770825,20.654078459207106,0.7264319682659149,0.48691763786264347,261.6961375721641,57.92949476295723,9.686210552139512,5.664504201172515,13.689163419820545,6.908224552296673,0.07707535879958713,0.05166258271052965,6.335521505511624,3.57563727430654,-0.7264319682659149,-0.6205221443315849,-0.5435303395196142
stage2_soh,122,-1.1220380508159735,0.9547261710898874,0.1834061608442737,0.11335008543458508,243.19343307753908,8.271485667584088,0.2766497803006778,0.16317299065730162,107.2613437927413,11.961580790431677,-0.2766497803006778,4.762619729135551,0.9019607843137255,0.3272799693769308,0.2190561159605197,123.00856346626087,24.272872379976402,0.6257948559163689,0.43761295331276806,144.7978214386274,47.796603146222665,7.283367214255651,4.874927531026265,11.409527392662893,7.993662351172061,0.06639763276088911,0.04643129276433743,6.109940820757744,3.7674627375909813,-0.6257948559163689,4.6711303949356076,0.83671875,0.43774986098339075,0.25440801221993753,347.34809539696454,20.464878231944635,0.7328170573485265,0.4828798793627357,274.0435094613235,57.121186281775216,9.74179077198402,5.661657139525673,13.768215728770206,6.55487230392788,0.07775282489897205,0.051234171381290695,6.267652317832447,3.4643072116153406,-0.7328170573485265,-0.6257948559163689,-0.5435303395196142
stage2_soh,123,-1.1252952443373403,0.9543740739110661,0.18314426453744717,0.11329589668093815,243.52253122712494,8.248911944311974,0.276287620258993,0.16308948251604807,105.86814071336238,12.094643641386341,-0.276287620258993,4.9268057767082665,0.9019607843137255,0.32303133049473604,0.21698644416151094,124.05495518330595,24.710135330086032,0.6273865376462112,0.44904664270305894,148.53280261905203,54.79496322783378,7.188816981931011,4.828868556644583,11.150402120248915,7.912570075061883,0.06656651222349753,0.0476444217986548,6.261936776521922,4.036095365751179,-0.6273865376462112,4.6901702880859375,0.83671875,0.4358403753696978,0.2525275662637796,338.40041062303914,20.046588821059814,0.738431189289034,0.4914679837638687,264.50714491998946,59.077025593563974,9.699296619526901,5.619809242597136,13.575770462071466,6.451511592187163,0.07834849146179661,0.0521453802171377,6.383682125280501,3.505144699587135,-0.738431189289034,-0.6273865376462112,-0.5435303395196142
stage2_soh,124,-1.1355054186035916,0.9537432331323445,0.18292787537352437,0.11313461680566574,244.48369573051664,8.293349053492614,0.27558386192631784,0.1619924153719936,105.24433980625479,11.792074584875078,-0.27558386192631784,4.595524284886379,0.9019607843137255,0.32345588244194323,0.21553979479232985,124.75856433274198,24.74730517958733,0.6225936999353683,0.43599683026527514,136.79507957942778,50.5316418427161,7.198265063153105,4.796674473376742,11.12295562661416,7.3272749434466595,0.06605798602645638,0.0462598200467378,6.092884738293844,3.8469361287523123,-0.6225936999353683,4.589259672164917,0.83671875,0.43581684533562737,0.2522391575736037,344.8177964873972,20.11351463913214,0.716057932584714,0.4774404561245319,254.7608464466319,59.19177954677351,9.698772976485058,5.613390926186474,13.643040736858975,6.702236767132728,0.07597466037597977,0.05065704163471833,6.211546189604222,3.5439896928246664,-0.716057932584714,-0.6225936999353683,-0.5435303395196142
stage2_soh,125,-1.1341621348421462,0.9546821589425348,0.1846019503381172,0.11380909866677334,245.49101766426494,8.26564368190581,0.2760383087145911,0.16278589164925147,104.83221254882754,11.948555710826785,-0.2760383087145911,4.6218942230822995,0.9019607843137255,0.31694795508414286,0.21270891474057718,121.60002677677252,25.843815403330265,0.6013219569794923,0.4271296514599931,140.1244734312179,49.33309210545947,7.0534360812853825,4.733675387316944,10.925961220665327,8.095822598235578,0.0638010269549407,0.04531900106049651,5.958660456808302,3.7908410511933743,-0.6013219569794923,4.799274635314942,0.83671875,0.4356335555573547,0.25390522026937107,346.87508224187746,21.396384711300037,0.7341149654157139,0.4935483229410238,268.2156035584495,60.336619585543474,9.694694001641835,5.6504678864365845,13.708004852062743,6.742756215189302,0.07789053460110167,0.052366106858459424,6.397208650481062,3.7362022226602734,-0.7341149654157139,-0.6013219569794923,-0.5435303395196142
stage2_soh,126,-1.1445484211482526,0.9546088053636137,0.18220521965792943,0.1128471244221333,242.3792052958042,8.250577294303014,0.2758367039506614,0.16208539187267493,105.13589204703598,11.831303406103073,-0.2758367039506614,4.6892328785915005,0.9019607843137255,0.32372803731792216,0.2179249142693794,122.78614323014902,24.645723415170785,0.6278683462004923,0.44351378531633495,143.90356735151042,51.87036079965022,7.204321663270363,4.849753496313273,11.23339151116731,7.71045185709483,0.06661763272592061,0.04705737856969741,6.171359751612012,3.6661432517358126,-0.6278683462004923,4.8015237808227536,0.83671875,0.43624140448418935,0.25393547167313957,346.10446260816406,20.83651336065673,0.7379165806420035,0.49118008006371383,255.84646538307544,60.51204816950495,9.708221217967834,5.6511411084575105,13.625520162311863,6.566387764199618,0.07829389082767814,0.05211483326717055,6.3740383475208,3.4715319425101194,-0.7379165806420035,-0.6278683462004923,-0.5435303395196142
stage2_soh,127,-1.1407663446933176,0.9546528175109663,0.1827210593893853,0.11304147324074332,244.4713930282024,8.190578175560171,0.27572829506837665,0.16198262033780333,103.53357808922809,11.901896358008749,-0.27572829506837665,4.600335248311361,0.9019607843137255,0.32269518779882683,0.21544563974272093,126.49054796050403,24.186016721276776,0.616465489115647,0.43904211851768193,137.47643698108826,54.64965223988236,7.181336381467263,4.794579124239783,11.08890149857777,7.503573260731662,0.0654077750385547,0.04658292901627107,6.112858454793561,3.7545178896494478,-0.616465489115647,4.776326894760132,0.83671875,0.43858274767294964,0.2562538278167267,358.59768862455024,21.44413743690574,0.7279143024768607,0.4884475813310928,252.3967942361125,61.153027058757004,9.760326032847896,5.702734364101348,14.063133266883128,6.677277900285816,0.0772326363509073,0.05182491166482293,6.334272111276198,3.6762211957328024,-0.7279143024768607,-0.616465489115647,-0.5435303395196142
stage2_soh,128,-1.1398948423792117,0.9545501225004768,0.18231494279258767,0.11306506886944195,242.62082407571754,8.268667805709121,0.27532449013782956,0.16208719593601786,105.87084403981484,11.886832827354858,-0.27532449013782956,4.6150969767103005,0.9019607843137255,0.3238767355595496,0.21683696265807192,123.53087243635888,24.481597582951114,0.6038328768768583,0.4239998282691208,140.2375576098128,49.951368744299884,7.207630829730958,4.825541959287103,11.072920748044117,7.709239155914165,0.06406743876012115,0.044986922826120886,5.91990221196846,3.5356520904453683,-0.6038328768768583,4.777597832679748,0.83671875,0.4333756497155229,0.2524365056184251,344.4841248066861,20.550365885758353,0.7278867307637489,0.4899936130248534,258.48110793541736,62.376915364476865,9.644446021563548,5.617782757077274,13.574743952962184,6.657283536956124,0.07722971095696314,0.051988947600351186,6.347645062815118,3.7003652615829026,-0.7278867307637489,-0.6038328768768583,-0.5435303395196142
stage2_soh,129,-1.141113540034352,0.9536111966902865,0.18350512844841657,0.11366683762955683,246.93027946244626,8.27012669117419,0.2751187385921299,0.162022101816022,104.6211045363075,11.883277933422654,-0.2751187385921299,4.621897459965126,0.9019607843137255,0.3229776440537727,0.21543415164912813,124.01049826194743,24.543232464352563,0.6078445248608351,0.42466052816176386,138.11492324376445,50.333499087119755,7.187622230951577,4.794323465439803,11.084640279829014,7.5703813582567365,0.0644930797303014,0.045057023927819205,5.936078149003706,3.6719300104618506,-0.6078445248608351,4.783171224594116,0.83671875,0.4376102052401725,0.2549201851539692,336.807477825636,20.51526690664223,0.7290232403231187,0.4905157670458721,265.7201991908511,61.583099043268746,9.738682839459537,5.673055159278784,13.759908073286155,6.8591883982351884,0.07735029607146007,0.05204434880827811,6.357865384415386,3.6462126991882315,-0.7290232403231187,-0.6078445248608351,-0.5435303395196142
stage2_soh,130,-1.148117109867122,0.9544034153426346,0.18195536059048284,0.11276525205757204,244.47230336474738,8.26586545226371,0.2748395010508085,0.16155261925325112,104.71665795525674,11.762013909055755,-0.2748395010508085,4.440666381985533,0.9019607843137255,0.3232375746953544,0.21652749957626358,123.80339397537142,25.13045972926754,0.6003462629774148,0.42566983156527083,137.58114761243408,50.87505607641436,7.193406790014208,4.818655093377294,11.03299948985609,7.2607486932308145,0.06369750457628184,0.04516411230685714,5.90975210756104,3.550652884823977,-0.6003462629774148,4.732130718231201,0.83671875,0.43492478212622737,0.25328606646762636,333.53852116399946,21.442095287681077,0.7278452598042782,0.48514247504936064,249.38335111197452,60.76788545387079,9.678920787104948,5.636689088703273,13.684802882553223,6.405288129903811,0.07722531083524409,0.05147423567083635,6.280445183372565,3.5602513309646087,-0.7278452598042782,-0.6003462629774148,-0.5435303395196142
stage2_soh,131,-1.1602535495112647,0.9544474274899872,0.18351339873123934,0.11350221803807992,241.7157188124033,8.280170692056805,0.27450550561455994,0.1609255116506864,104.5482841987422,11.65217005687543,-0.27450550561455994,4.477160969902488,0.9019607843137255,0.31986879014297315,0.21247901290235127,123.32984990826147,24.037108641187736,0.5938101476557195,0.4228718502118307,134.25755632404193,50.93835766984173,7.118437047724706,4.728559096472075,10.949232194565205,7.307118367481484,0.06300401440021249,0.04486724291488126,5.866259082775081,3.569012692996597,-0.5938101476557195,4.766717720031738,0.83671875,0.43921318973070256,0.256326005369192,349.0990232077691,21.91197524349063,0.7327873579739711,0.4910606940720754,263.77095863961705,63.280255911222994,9.774356042147481,5.704340620726926,13.898607770869381,7.0206722373840735,0.0777496737574337,0.052102166261114705,6.352891592591514,3.7017316582734603,-0.7327873579739711,-0.5938101476557195,-0.5435303395196142
stage2_soh,132,-1.1574135815777389,0.954696829658319,0.18364611457703958,0.11362338333225588,246.07992507083355,8.281867440638315,0.2735987027872823,0.16056130715568953,104.10029364155288,11.65631048757884,-0.2735987027872823,4.792731844210158,0.9019607843137255,0.32113947236809615,0.213553073095596,125.04369094377502,24.715216684303805,0.6172182791944093,0.4402551625873528,157.62604382611215,53.69172611253586,7.146715115813682,4.752461490537037,11.074368714607685,7.183940705438815,0.06548764702651233,0.046711634539973144,6.147944906007729,3.9044328129147314,-0.6172182791944093,4.660737824440003,0.83671875,0.4367500728904243,0.25506028944655557,348.4755130469366,21.11860134639342,0.7237157161532015,0.486939822880413,274.1268105675116,58.99145361006057,9.71954124711582,5.676173073928868,13.928489570442286,6.6153437852902215,0.07678716098434328,0.05166493656922429,6.32130734583915,3.551213738421288,-0.7237157161532015,-0.6172182791944093,-0.5435303395196142
stage2_soh,133,-1.1508194557030331,0.9542273667532238,0.1825911348926577,0.11294034796587621,244.51476446440827,8.219223882484211,0.27344387428145894,0.16117585375200222,103.7050746323586,11.850498923089397,-0.27344387428145894,4.726828049678429,0.9019607843137255,0.32406612515564437,0.2155827717161646,125.22915486034972,24.610273381365857,0.6145144837987399,0.4353410748965746,151.1216704561965,52.016364596978384,7.211845551388212,4.797630892184236,11.047739274558985,7.960952808247951,0.0652007708848423,0.04619024356533928,6.085340645052155,3.6473338121254413,-0.6145144837987399,4.82935905456543,0.83671875,0.436142910038895,0.2534187258894235,347.3458093044078,20.610936213705163,0.7379058185074928,0.49439752575271995,271.1939953231356,60.55820477486368,9.706029298874803,5.639641323406848,13.897309538527328,6.735640246728277,0.07829274895147346,0.05245620836040922,6.414788671927421,3.5385056444834557,-0.7379058185074928,-0.6145144837987399,-0.5435303395196142
stage2_soh,134,-1.174108990839354,0.954755512521456,0.18343232065299853,0.11328677678623976,245.39745853154682,8.264321580088831,0.27268501161018505,0.1595906485096213,103.41128055283428,11.434159899261921,-0.27268501161018505,4.587412718230603,0.9019607843137255,0.32398913848125704,0.2155627963754038,125.09223776375579,23.98020615584007,0.6198584464115631,0.43290991585555616,140.46667653695584,49.096411923221254,7.210132271405832,4.7971863561429124,11.008192910394097,7.9891945061638285,0.06576777213724884,0.04593229448879648,6.047077223493897,3.4766808553284503,-0.6198584464115631,4.875261116027832,0.83671875,0.43661828482286313,0.25549278355374555,364.77819597379323,20.912270725718475,0.7226851742442066,0.48700264193212206,254.02424314108112,62.32792338952058,9.716608403739148,5.685797901890882,13.841516642771092,6.877616652648483,0.07667781917277158,0.05167160175077112,6.317653372979622,3.6871329778493873,-0.7226851742442066,-0.6198584464115631,-0.5435303395196142
stage2_soh,135,-1.1563782755527559,0.9540219767322448,0.18326397824669416,0.11355168227522075,242.5080163298602,8.299674586638636,0.2739014613679203,0.1609336468672001,105.87427482150709,11.803898253177845,-0.2739014613679203,5.072218481699625,0.9019607843137255,0.3218127485850129,0.2138214368080976,122.22917803687245,24.38382887327058,0.6438392847859568,0.45883026103553015,150.1924553073013,56.75154228847194,7.161698366801406,4.758433721189744,10.942445849728632,7.6858447753560215,0.06831216968962185,0.048682476188157395,6.449081155800739,3.9835749364887363,-0.6438392847859568,4.87433705329895,0.83671875,0.43685976701196627,0.2539692879980066,335.44438367198467,20.83160138611836,0.7436242897147319,0.4939924347574561,267.2372861179116,59.15104748266514,9.72198240649981,5.651893665090635,13.651345668176925,6.4995925232085465,0.07889948604364083,0.05241322768889365,6.459263824847142,3.454676464990631,-0.7436242897147319,-0.6438392847859568,-0.5435303395196142
stage2_soh,136,-1.1572628492066472,0.9536992209849918,0.1826270912485215,0.1131306341285935,242.86498097277746,8.283735851919719,0.2737006836590485,0.16101603327012792,104.46766318460605,11.660938425507936,-0.2737006836590485,4.68962485743504,0.9019607843137255,0.32610935160407706,0.21752477778697057,126.61336400559743,24.46093891362174,0.6165585502791233,0.4408823180505458,142.92687251646078,53.143879774528216,7.257316004572822,4.840848762721565,11.2742383363495,7.609962234376347,0.06541764894675063,0.04677817653490229,6.152441518574616,3.7767512021861522,-0.6165585502791233,4.655039119720459,0.83671875,0.4364513681444073,0.2524654708127855,340.6356809219652,20.630523792580114,0.7327799976152853,0.4870501169025374,268.79629474843057,60.9905823970569,9.712893799800227,5.618427355484442,13.575287757851992,6.730174853557465,0.07774889281398494,0.051676638905712835,6.315591012619167,3.567552876728021,-0.7327799976152853,-0.6165585502791233,-0.5435303395196142
stage2_soh,137,-1.1765691341023339,0.9542860496163608,0.18216338154546954,0.11289025013046523,244.9341373584621,8.271805411384038,0.27175098099251044,0.1589929564066904,103.63303953690307,11.454840941027333,-0.27175098099251044,4.493416769364301,0.9019607843137255,0.324359731776217,0.21624948049612416,125.78248640999624,24.979177669100373,0.615825022137111,0.43038533291615105,141.0879048229536,50.16731948098471,7.2183795437930565,4.812467989849144,11.17031298134225,7.43853077645012,0.06533982067486144,0.04566443301742091,5.954847479886225,3.5246264828104916,-0.615825022137111,4.666800856590271,0.83671875,0.4353566090519491,0.2537517921482504,337.5805735354596,21.356905382125177,0.7276374564442608,0.48674489272161736,260.30293608354185,60.661015098372275,9.68853076744998,5.647053460099274,13.757000282989395,6.787899597226852,0.0772032626335779,0.05164425423063461,6.311159979941005,3.5038809535819944,-0.7276374564442608,-0.615825022137111,-0.5435303395196142
stage2_soh,138,-1.174529611354314,0.9548435368161613,0.1835806782260672,0.11327681266136237,246.65767339160757,8.213325602638792,0.2727334172938108,0.1604306902864586,104.41321586568117,11.649499236017087,-0.2727334172938108,4.660633479847627,0.9019607843137255,0.3209371591173925,0.2124794244373619,122.23914518368844,24.21906016063997,0.6181076745466989,0.439773912403696,146.55169040319822,53.62254644175512,7.142212788036059,4.7285682548712575,10.760747757324811,7.115411967026223,0.06558201300830695,0.046660573281385835,6.148362827120796,3.807381155386765,-0.6181076745466989,4.65692720413208,0.83671875,0.4381062401318402,0.25446056552609664,356.7325047383398,20.32918533497908,0.7270885943195099,0.48368904728886264,278.2198128533122,59.428819549562334,9.749721719333477,5.6628266734504304,13.83964513411173,6.526006166745305,0.07714502766176401,0.0513200251307949,6.285251885025257,3.459675590435598,-0.7270885943195099,-0.6181076745466989,-0.5435303395196142
stage2_soh,139,-1.1769866868122316,0.9546528175109663,0.1833166790270009,0.11342325501228494,243.30865192195316,8.273547335788965,0.27338483824791027,0.16025080008041584,105.46565131475496,11.509726524593447,-0.27338483824791027,4.798039612115598,0.9019607843137255,0.32148749429996476,0.21628120723180472,121.60577313012942,25.754210303792973,0.6001663251268803,0.4256067884282446,138.53650874709888,52.16965084178816,7.154460079653782,4.81317404426155,10.999771043966865,7.475273753240083,0.06367841294072968,0.04515742334957221,5.943427952003383,3.6744757987410033,-0.6001663251268803,4.685395002365112,0.83671875,0.4352367152957592,0.25381822485323935,339.59721699918003,20.367506873299217,0.7314185093013321,0.4868591454658599,267.0706719136977,57.61814347944835,9.685862622941501,5.648531869506339,13.781260890380826,6.8279814269658825,0.0776044371665416,0.05165637659259144,6.326108270390718,3.541113459231677,-0.7314185093013321,-0.6001663251268803,-0.5435303395196142
stage2_soh,140,-1.178365684097058,0.9549022196792981,0.18365735450528717,0.11368486885349999,245.93124214627525,8.222354196356854,0.2714834599472262,0.15898739993218153,101.56546739485093,11.468211980828915,-0.2714834599472262,4.919189989800547,0.9019607843137255,0.3221084126363662,0.21644712574277802,126.27120158008685,24.234343961251096,0.6142369373786316,0.4395179647322306,151.13866225113287,51.96514986532611,7.168278145766065,4.816866434741059,11.106386258682258,7.522223268237058,0.06517132285550455,0.046633416906840246,6.12154093698824,3.866953818227765,-0.6142369373786316,4.819372844696045,0.83671875,0.43666631993410243,0.25410332583978745,345.54044602508066,20.765923438902973,0.7295420208750749,0.48799109352366943,263.08251731328164,60.377669319491794,9.717677388666639,5.654876575484311,13.771700689064442,6.529924279564441,0.07740533935001474,0.051776477725952105,6.330326764475714,3.3655000953284464,-0.7295420208750749,-0.6142369373786316,-0.5435303395196142
stage2_soh,141,-1.1778813849529004,0.9543447324794977,0.18314965714540155,0.1130515504352458,244.05036605282743,8.27045424952649,0.27191295128889575,0.1592371064858244,102.56328229538933,11.542338231338602,-0.27191295128889575,4.476502425997865,0.9019607843137255,0.3248332051850215,0.21639992550526763,123.02504605338505,24.597784929253933,0.605788156370231,0.42320770456857393,139.45639812257787,46.98533243386544,7.228916334996851,4.815816029294484,11.048255540135994,7.453078766517936,0.06427489640941061,0.044902877490700085,5.912677217212271,3.527681209988454,-0.605788156370231,4.805338287353516,0.83671875,0.43588832782433,0.2543799676466733,330.7505357117421,21.467323746372408,0.7316585436644208,0.4856519131026289,263.643621116501,60.94021633592202,9.700363764994362,5.6610330288419695,13.689175071530522,6.766062100471685,0.07762990511876217,0.05152828769835869,6.3064400271860634,3.4618200465777433,-0.7316585436644208,-0.605788156370231,-0.5435303395196142
stage2_soh,142,-1.1834002743006862,0.9548435368161613,0.18285915840548855,0.11310187015990317,241.485496002131,8.239094110798002,0.27189935370694285,0.15901434737038952,104.21680440794549,11.427226962240674,-0.27189935370694285,4.812449887219597,0.9019607843137255,0.3215729043581868,0.2156919693820836,122.8230668485221,24.61563476308944,0.6087478409611289,0.4313979540905897,142.22400400752196,51.89249737099395,7.156360815647512,4.800061003325291,11.117624372368248,8.253704477505114,0.0645889227212229,0.04577187341618836,5.995702351051997,3.583922072212154,-0.6087478409611289,4.8077033996582035,0.83671875,0.4372826832429503,0.25400424568979363,341.4263633538233,20.856665596603307,0.7292967652448652,0.4845590260225435,260.175733980314,57.45577947101681,9.731394086099355,5.652671621977921,13.810099815582769,6.659517104716212,0.07737931741469001,0.051412330984578467,6.290587125601698,3.422955034098207,-0.7292967652448652,-0.6087478409611289,-0.5435303395196142
stage2_soh,143,-1.181032261874963,0.9545061103531242,0.18238658283256157,0.11303286756122657,244.79424397269608,8.241865565329512,0.2729602927570959,0.15978795901280385,104.03681454216469,11.44093258522583,-0.2729602927570959,4.68389991311466,0.9019607843137255,0.3251230358158785,0.21700660802296126,120.56887812404294,24.479736813780068,0.6190333724198814,0.4315925576413671,140.63357516150603,47.11358354932089,7.235366295617689,4.8293172880707065,11.125508688694273,7.929143428590567,0.06568023073389229,0.045792521101250525,5.938250432227666,3.6100016846104177,-0.6190333724198814,4.851066279411316,0.83671875,0.4355479609520775,0.2554592443781075,332.16961105942244,21.541086011190696,0.7288486778894488,0.4875578003113333,267.6794269770828,60.801627084641986,9.692789158693516,5.685051513003411,13.795097266345582,6.733981348071447,0.07733177477449658,0.051730504763217625,6.2965166215387525,3.5973304134750457,-0.7288486778894488,-0.6190333724198814,-0.5435303395196142
stage2_soh,144,-1.1979980757036304,0.9540659888795975,0.18306880583891022,0.11323374454851305,240.84281832760732,8.256858928025046,0.27054335576332145,0.15824912928557697,103.82201001922368,11.289191321067978,-0.27054335576332145,4.563270058351405,0.9019607843137255,0.32829308282530345,0.21915556708916875,123.58298338140177,24.513259643873198,0.6135461974549624,0.43044289561518123,139.4183639690058,54.568680359026516,7.305913284790447,4.877140740380942,11.132825687591255,7.478454165317073,0.06509803446818165,0.045670540493241124,6.012790329862662,3.5491514701433537,-0.6135461974549624,4.929680871963501,0.83671875,0.4372175302757547,0.2568524255859302,348.3352939177687,21.91062161122278,0.7257122784297,0.4882653562464839,267.140798860957,63.491316420203695,9.729944156285177,5.716055702938684,13.9152489419206,7.087293562085942,0.07699899878960148,0.05180557735081683,6.314189441963849,3.785333138345,-0.7257122784297,-0.6135461974549624,-0.5435303395196142
stage2_soh,145,-1.1939369880518087,0.9542567081847924,0.18300880935096184,0.11304929690239626,244.692066243349,8.268032457904475,0.2704000788088898,0.15824761154174125,103.14615034284043,11.38831234869151,-0.2704000788088898,4.7509482533324,0.9019607843137255,0.3262363068846354,0.2179113372945793,123.84570293807388,24.684097944410556,0.6146216923778884,0.43482398529281363,145.99174105846876,51.067939381408465,7.260141297944291,4.849451351048117,11.128540255447685,7.707109859089373,0.06521214585189393,0.04613537969854587,6.030712187723749,3.705079031792889,-0.6146216923778884,4.825053882598877,0.83671875,0.4377093924823879,0.2543868915443454,355.9538672132447,20.683922866257056,0.7393550843939446,0.49161592392265446,258.5126923236054,60.61813587726188,9.740890176222,5.661187114927335,13.7549611947621,6.804022597268799,0.07844651791136786,0.052161076856764535,6.372316876103536,3.473485434943408,-0.7393550843939446,-0.6146216923778884,-0.5435303395196142
stage2_soh,146,-1.1986201768462692,0.9543153910479292,0.1825946539471003,0.1130824053846592,244.22993699319386,8.200985326527988,0.2695410554771909,0.15781338199629724,102.98931993448748,11.28366817319198,-0.2695410554771909,4.851751415402282,0.9019607843137255,0.3249065192708934,0.21461655696963564,122.81523133573053,23.9176221306792,0.6331711492416195,0.44758195395709255,144.774672946618,53.70709855290167,7.230547884310422,4.776128516648704,10.89866158877823,7.26267280489829,0.06718026689524838,0.04748901645368552,6.206663889569687,3.7907553230853184,-0.6331711492416195,4.796741199493408,0.83671875,0.43670442296884604,0.2523039413097649,335.4207720287345,20.8697000803365,0.7378268659580057,0.4922575242577295,273.7286228662208,59.480983806147364,9.718525342773159,5.614832639044342,13.569348422600015,6.6281319645175705,0.07828437198522517,0.05222915147103281,6.4049599087451385,3.584833703161162,-0.7378268659580057,-0.6331711492416195,-0.5435303395196142
stage2_soh,147,-1.1946336470192702,0.9548875489635139,0.1825510955147913,0.11316516184880608,244.6522915456732,8.213562443340388,0.27006583427408626,0.15798891000523166,103.05137949573471,11.233792356994558,-0.27006583427408626,5.044108738618738,0.9019607843137255,0.3240046335462405,0.2161710072477695,123.39449891618551,24.447790319247986,0.6214142097971315,0.4447815270555735,153.1608045368629,56.49134954209098,7.21047710231161,4.810721627291879,11.20436604551981,7.260158789789211,0.06593284061769607,0.047191887585937814,6.213901901364292,3.9757543909998914,-0.6214142097971315,4.866641926765442,0.83671875,0.4348108099944977,0.2525467078821748,338.3942976004963,20.58756588671845,0.7208295278958382,0.48740998380599193,274.0015128726762,62.008772734661505,9.676384423852534,5.620235224780259,13.695186602349002,6.679954048766305,0.07648093272730434,0.051714821243379026,6.339787293986161,3.7962937244487276,-0.7208295278958382,-0.6214142097971315,-0.5435303395196142
stage2_soh,148,-1.2055877178814267,0.954432756774203,0.18309767933340415,0.11312846636800764,243.38193488189538,8.26805811586836,0.26976543807875814,0.15778800013159966,101.81261426207361,11.309469647167553,-0.26976543807875814,4.645361099991144,0.9019607843137255,0.32306316257522355,0.216938328267276,125.73860429769665,25.452886570924058,0.6073429167042187,0.42331432163277094,136.3862332384488,48.684791504978236,7.1895253807121104,4.827797773952863,11.04633695099948,7.559793515408623,0.0644398584648052,0.04491418969726054,5.915987157699576,3.524092990831451,-0.6073429167042187,4.905321550369263,0.83671875,0.43595012638106156,0.2535843865500283,344.4927572928792,21.310216219076985,0.7291684953144735,0.4871463903225958,257.2417471764686,61.49369206231205,9.701739044950676,5.64332797562219,13.63121096089617,6.734826955055115,0.07736570781139607,0.05168685363843113,6.305944121603026,3.6237935944136854,-0.7291684953144735,-0.6073429167042187,-0.5435303395196142
stage2_soh,149,-1.1935607474556065,0.9543740739110661,0.18341973209844248,0.11331264677303951,242.44942474464122,8.281085562043572,0.2701677041738342,0.1579716501108584,102.67228735671088,11.309681953438663,-0.2701677041738342,4.642197031133315,0.9019607843137255,0.32515381603737276,0.22004333303136495,122.84851319148042,24.95090864967473,0.6069185264714602,0.4300736519973725,143.6689903431254,51.83468476051908,7.236051286075571,4.8968972973423535,11.312144188396326,8.186605980508306,0.06439483011956458,0.04563136327421675,5.99543472650407,3.736693481947376,-0.6069185264714602,4.9540094375610355,0.83671875,0.43596101693977346,0.253337303941953,340.8746333703578,20.356263517148193,0.7198476606626034,0.48179807189062557,263.60085251654885,61.33448556065509,9.70198140606559,5.637829339789713,13.680220760282424,6.4843994585304365,0.07637675536094234,0.051119390228054826,6.236212467659198,3.4750512570532326,-0.7198476606626034,-0.6069185264714602,-0.5435303395196142
stage2_soh,150,-1.1997669624842968,0.9542273667532238,0.18242987580464118,0.11304784031097248,244.61865143485932,8.20663018481656,0.2721617596007915,0.1589867901368047,103.19671808148378,11.364802883066762,-0.2721617596007915,4.7624464783014036,0.9019607843137255,0.3304645343488946,0.21883258680338222,124.2033985239781,25.367839290893862,0.6236216589761023,0.43828138009480694,144.17552934181722,51.42916454922601,7.354237289661196,4.869953059360234,11.314598964592195,7.703902056106775,0.06616705379240971,0.04650221369886056,6.076254245162882,3.7039933426336584,-0.6236216589761023,5.047356700897216,0.83671875,0.43785608527039505,0.25501302406828474,351.6694402575199,21.06392068334879,0.7270104829868618,0.4865543499476189,262.78395420583337,59.794883394163065,9.744154712835021,5.675121218824132,13.78017316595955,6.946027773572268,0.07713673994969573,0.05162403739917047,6.2934900339503725,3.6366288645156195,-0.7270104829868618,-0.6236216589761023,-0.5435303395196142
stage2_soh,151,-1.2013441142209995,0.9546381467951821,0.18344308872481963,0.11351377484341238,248.82450098442808,8.197233813284614,0.2708369228938276,0.15817487264979585,103.87737703857333,11.217470088150575,-0.2708369228938276,4.904648655536128,0.9019607843137255,0.326355620657816,0.2197101815329755,126.09855833609583,24.49430897356381,0.6112504210024061,0.42895611756864716,136.72155088315984,52.08611394541201,7.262796535371278,4.889483263708185,11.182119256629965,7.717278237772263,0.06485444965703022,0.04551279144529448,5.983330478079669,3.6540263875593872,-0.6112504210024061,5.067928695678711,0.83671875,0.440706032543131,0.2574376151442266,348.26294470299666,20.715664560713137,0.7269546818153263,0.4907934519829723,262.781091930441,58.66352198998991,9.807578125420031,5.72907865222316,13.908193911724064,7.059792173137521,0.07713081937419052,0.05207381153444548,6.372454591567758,3.6594285635972077,-0.7269546818153263,-0.6112504210024061,-0.5435303395196142
stage2_soh,152,-1.20814040193444,0.9542126960374396,0.18320056504517107,0.1136484102956487,242.88639292175165,8.35234754232592,0.2693318954185697,0.15743377782121418,102.59003527263279,11.123781234395857,-0.2693318954185697,4.896452540977329,0.9019607843137255,0.3257641688801042,0.21728552719121616,122.65387608281051,24.652410930726425,0.6229542070919583,0.4433211092736718,146.14488818630332,49.86818997430776,7.2496342251486245,4.8355244223764275,11.200713606418747,7.386101137020836,0.06609623629579724,0.047036935395705776,6.12222358806425,3.707229508865409,-0.6229542070919583,5.053671789169312,0.83671875,0.43816313836068477,0.2574004751362736,354.59078696655916,21.272428531915835,0.7451585148519224,0.494806380951195,256.7369111820609,58.759179257114035,9.750987946213494,5.728252129546637,13.890945443762025,7.071779904341417,0.07906226928845118,0.05249958841868881,6.407811817050922,3.69009350885801,-0.7451585148519224,-0.6229542070919583,-0.5435303395196142
stage2_soh,153,-1.2049785391303582,0.9546088053636137,0.18316786273746483,0.11347924189300711,244.11388118964857,8.25548432423204,0.2690528515566526,0.15785150989732522,103.25748679786196,11.349322693618625,-0.2690528515566526,4.879978320177863,0.9019607843137255,0.3241818289418255,0.21592830551432116,123.01103744951628,23.99815165668503,0.6054538282429927,0.4241064389546712,139.06088577410083,48.85240152418447,7.214420451295594,4.805320484497818,11.017972175236181,7.682867534332174,0.06423942376848985,0.044998234355898815,5.919902759810465,3.6699931791706266,-0.6054538282429927,4.673258638381958,0.83671875,0.43596757714479006,0.2537456704481883,338.4919938451525,20.956784827017206,0.7339948031708757,0.48337216917025216,261.17418807489605,57.32594042309695,9.702127398447061,5.646917226312609,13.580009665541937,6.905586482905992,0.07787778523359082,0.05128640395805667,6.2704121206646,3.4889152144288857,-0.7339948031708757,-0.6054538282429927,-0.5435303395196142
stage2_soh,154,-1.2145743969346783,0.9546528175109663,0.18356617199463407,0.11329067170288988,246.03070288006643,8.187778786716775,0.2690718106030969,0.1570921343613124,103.34312457432205,11.083914663761638,-0.2690718106030969,5.00323569353889,0.9019607843137255,0.3239425826497339,0.21799281679559498,123.80041201187043,25.24848026131469,0.6100508459491544,0.42690698401089394,142.97370351648007,46.83453774583573,7.209096206725206,4.851264615475698,11.070248660240555,7.697586503057128,0.0647271732131574,0.04529537576001135,5.993336685306354,3.673296010090685,-0.6100508459491544,4.952824068069458,0.83671875,0.4367909250390519,0.25447503669602156,360.9680274130168,20.73848432062914,0.7260598260523123,0.48449357922108904,265.61451849439607,58.29175815971985,9.720450380664426,5.663148718349126,13.80673090421555,6.66463458866626,0.07703587403585026,0.05140538699543048,6.295165013819673,3.5068332001304667,-0.7260598260523123,-0.6100508459491544,-0.5435303395196142
stage2_soh,155,-1.2180794899049132,0.9538165867112657,0.18376035056644463,0.11359946670281504,244.8753419221595,8.261162566877186,0.2686281508758791,0.1567318209006582,103.19513526461807,11.191602285413667,-0.2686281508758791,5.1059344347785505,0.9019607843137255,0.3226017339613141,0.21363858226869328,122.92909714925065,24.871946525734792,0.630946974777839,0.44382282470846,143.31332268571788,53.45869428196105,7.179256637273073,4.754364432257058,10.946549471523726,7.508716302582557,0.06694427914647406,0.0470901680435529,6.1908048996720675,3.90655641577096,-0.630946974777839,4.956045532226563,0.83671875,0.435036537525432,0.25279894812083514,348.3027238474602,20.246341410353683,0.723465077021974,0.4837421201133111,257.73993946230945,59.31778954881959,9.681407818658185,5.625848639765209,13.609659155883083,6.544928874444994,0.07676056785269093,0.051325656225192695,6.2929610756409335,3.4763721360192754,-0.723465077021974,-0.630946974777839,-0.5435303395196142
stage2_soh,156,-1.2126912350889862,0.9545501225004768,0.18231311798074903,0.1130483274405001,243.1038637977345,8.29165973832671,0.26911925038712836,0.15758004682148194,104.18258729623574,11.370666486873468,-0.26911925038712836,5.093579658807493,0.9019607843137255,0.3200302889808372,0.21159875989873328,125.23515267814844,22.617334497207903,0.612587158096977,0.436186542216798,143.03192544984552,54.93408671827273,7.122031081735032,4.708969734254135,10.753339265740518,7.628295780299286,0.06499627916851318,0.046279948726877115,6.068848112122132,3.996302193645323,-0.612587158096977,5.0116792678833,0.83671875,0.4366080135683398,0.2543405119531599,341.26219206848947,21.045452098458377,0.7321186845872591,0.48521702104590075,269.18072118870714,61.1953573641911,9.716379824768712,5.660154972341601,13.680587649686748,6.78476936849157,0.07767872665784008,0.051482145096194,6.310138562906921,3.5921302954080927,-0.7321186845872591,-0.612587158096977,-0.5435303395196142
stage2_soh,157,-1.206696077329341,0.9545207810689084,0.18293066691335272,0.11324159244238678,245.56343284978473,8.284190609793198,0.2695530035338236,0.15759892538794756,102.08788832455653,11.22591503083925,-0.2695530035338236,4.669149080912272,0.9019607843137255,0.32764498733905156,0.2202259398503777,123.72009098687327,24.586125893612568,0.6243819793632516,0.43801331060628096,141.06201014082242,52.12433010567297,7.291490411843899,4.90096107344582,11.272452879600653,7.862787926548835,0.06624772475569629,0.04647377118405675,6.064912132954236,3.6568439831045154,-0.6243819793632516,4.70984787940979,0.83671875,0.4363582493130481,0.2535742585278058,344.56251649501655,21.060890244403005,0.7332460555400755,0.4870643605787336,262.78504924231447,62.44473590385455,9.710821510913611,5.6431025841778535,13.792530096364601,6.716123951552107,0.07779834215452033,0.05167815017793296,6.310275224237317,3.6627593465648145,-0.7332460555400755,-0.6243819793632516,-0.5435303395196142
stage2_soh,158,-1.220122189131998,0.9539632938691078,0.18295157374097568,0.11344615623081157,247.61145067540517,8.340468498436039,0.2676562188342871,0.15651957075203698,101.71031066722824,11.15617624927318,-0.2676562188342871,4.843368025387035,0.9019607843137255,0.319929982051795,0.21401088813356325,124.37162082155564,25.133165325676963,0.6076435322843406,0.4312698951876704,141.0857465123369,51.90754956742548,7.119798827192419,4.762649816587274,11.12737792555218,8.025381915379,0.06447175416145794,0.04575828620317851,5.990467400841987,3.7675563043719524,-0.6076435322843406,4.935269832611084,0.83671875,0.43821138511964114,0.2568441939958575,338.3101689491159,21.348187520143462,0.7345364575986593,0.49305173932116303,258.8120236352238,61.43000763590997,9.752061641200223,5.715872515151877,14.000823412603495,6.816059203977716,0.07793525545955907,0.05231341870272458,6.387691278049987,3.5344170727510478,-0.7345364575986593,-0.6076435322843406,-0.5435303395196142
stage2_soh,159,-1.225186131048893,0.9546088053636137,0.1835143176439352,0.1133246936295633,247.00913241566775,8.264502119248512,0.2685360944652091,0.15687163540947313,102.19729941717509,11.105399105338822,-0.2685360944652091,5.3684658611522,0.9019607843137255,0.32456022674985235,0.21859780551007418,122.50493674349983,24.694263891207537,0.6184273497020973,0.44173275698341574,141.44127959886106,53.11475663384594,7.222841407195142,4.864728179947491,11.303695050615245,7.966231376426484,0.06561593095021756,0.04686840919088597,6.132417277460505,3.8939465666067763,-0.6184273497020973,5.059476757049561,0.83671875,0.43220621258280595,0.25131961739534747,328.30486312245523,21.733736800206586,0.7384102660551379,0.4931448991461366,253.88213977630863,62.15775832276461,9.618421086130503,5.592927257727775,13.681274994304777,6.675193477619999,0.07834627147998105,0.052323303079031255,6.393299644539084,3.491874617422499,-0.7384102660551379,-0.6184273497020973,-0.5435303395196142
stage2_soh,160,-1.2293229616980925,0.9546088053636137,0.18368738928198863,0.11359844295461814,246.27688720499594,8.27191417944895,0.2665594286013569,0.1553956001015999,100.39043720124279,10.96921111970539,-0.2665594286013569,5.18368241740208,0.9019607843137255,0.32106683439225236,0.21538238541277893,120.13552714223248,26.418207242951894,0.6119994105153,0.43555946953996433,147.84066541020704,53.515952705357606,7.1450986128154135,4.793171447156041,11.11281482609658,7.829605484464763,0.06493391840009947,0.04621341551568633,6.072943338194958,3.9211948541767,-0.6119994105153,5.155693578720093,0.83671875,0.4366811231899896,0.25613399789526736,349.8358176193461,22.122912867244114,0.7421924455613412,0.49772603063393034,276.10868328846726,60.342129968657346,9.71800682388627,5.70006764018633,13.868296266026714,7.032671371904315,0.07874756555185532,0.05280936697565832,6.476654275021643,3.5344623589234407,-0.7421924455613412,-0.6119994105153,-0.5435303395196142
stage2_soh,161,-1.2369472052732942,0.9545941346478295,0.18359254173522385,0.11358373821725669,243.96404304160464,8.249945238543248,0.26796212108801865,0.15627029116633548,101.08551503753137,10.96038175739658,-0.26796212108801865,4.94115852281159,0.9019607843137255,0.32205040029111076,0.214294653183178,124.95954095870695,25.504730920541853,0.6112772003646185,0.4249232951277757,137.71526108476968,52.722723537295465,7.166987125071277,4.768964792303174,11.069593586386496,7.429833367601793,0.06485729098153287,0.045084903838217956,5.932399092635383,3.6166878526732846,-0.6112772003646185,5.003438520431518,0.83671875,0.43713222610479063,0.2538057542817114,335.9432193270162,21.049820918864086,0.7351210781871416,0.48786218655877744,262.46361909268717,59.84134843044586,9.72804577673197,5.648254346405909,13.723213809143417,6.687403665445903,0.0779972844500046,0.05176280053248481,6.312206201521908,3.5347747599057646,-0.7351210781871416,-0.6112772003646185,-0.5435303395196142
stage2_soh,162,-1.2279852475732862,0.9544034153426346,0.18303822244251675,0.11303728819120241,241.36027073237798,8.243441471796698,0.26851818440902187,0.15603600618827668,101.64249120649042,11.001547940558908,-0.26851818440902187,5.123127228605981,0.9019607843137255,0.32625381673578224,0.21889629764756297,126.95465558728984,24.71940265756455,0.615023621033818,0.435245075381781,138.50106904954913,50.93616795492885,7.2605309663863045,4.871370895821725,11.137033214360365,7.8958096237882,0.0652547909951708,0.04618005789431909,6.075867317515115,3.4687025880437226,-0.615023621033818,4.867637300491333,0.83671875,0.4379855322133235,0.25431355998625804,348.8514985416541,20.714844262242828,0.7252731179521662,0.4842046787529398,263.6432994960931,60.335795915658565,9.747035456260614,5.659555176782876,13.758452086738554,6.659453045929949,0.07695240330254256,0.051374734287107184,6.272079857471872,3.619794379777124,-0.7252731179521662,-0.615023621033818,-0.5435303395196142
stage2_soh,163,-1.236799607881961,0.9544620982057714,0.1830248722465261,0.11316080386152158,245.23402170612843,8.235025495936164,0.26669338929398484,0.15553296751619405,99.89050207117107,11.10262858212734,-0.26669338929398484,4.6483744060291965,0.9019607843137255,0.32116939366369207,0.21376535044617806,122.58054457722605,24.95878968807743,0.5964844454003306,0.41920882683502986,132.45292093646614,51.14189648748995,7.1473809915278785,4.757185561791692,10.917481945649463,7.44304929350128,0.06328776080346463,0.04447859146038627,5.839987358875831,3.3911643402537166,-0.5964844454003306,5.100526237487793,0.83671875,0.4368035345046242,0.25450525586184086,347.46490377410686,20.563556414274593,0.7258014076999448,0.49097475972521354,258.871822460136,63.01490265130984,9.720730994746349,5.663821222938971,13.848814936038968,6.865588854359235,0.07700845551890824,0.05209304851725578,6.341628824141973,3.6989784601255296,-0.7258014076999448,-0.5964844454003306,-0.5435303395196142
stage2_soh,164,-1.233194994436415,0.9542713789005766,0.1826551903280678,0.11292789618756245,245.36885892881338,8.179068569338558,0.26685767335694305,0.15581780235066475,101.64225786795356,11.07391314927292,-0.26685767335694305,4.989274726194494,0.9019607843137255,0.32406431739095093,0.2136773413202415,121.58364958192448,24.194369780324067,0.607448601315371,0.4285348814492132,138.3792900280457,46.03205478465436,7.211805320957597,4.7552269855194504,10.887961708396748,7.026265882120738,0.06445107173690776,0.04546809775550242,5.961718611777055,3.7179131184053382,-0.607448601315371,5.06359076499939,0.83671875,0.4370101848650669,0.2547863065166894,336.778666167287,21.96123041081735,0.7219251527321395,0.4860675049254496,258.0616692015118,60.14998466004279,9.725329841608035,5.670075791860393,13.641259724524597,6.652314521320476,0.07659717992051261,0.05157238252107765,6.299367421299175,3.6036805960182505,-0.7219251527321395,-0.607448601315371,-0.5435303395196142
stage2_soh,165,-1.242250569286847,0.9546088053636137,0.18304597019942534,0.1131036153612031,244.46814730691952,8.305711442596483,0.26945203728917205,0.1562005495780512,100.69453918728198,10.979695921075656,-0.26945203728917205,5.009809879228181,0.9019607843137255,0.31973081330306574,0.2145400213429193,121.30383709987346,24.938169550868686,0.6107131930153574,0.4378639283982635,143.69073142343737,53.22426005656579,7.115366477918611,4.774425274389762,11.0205448948291,7.489124193090144,0.0647974490820723,0.04645792154116631,6.103311599073956,3.8999412615847686,-0.6107131930153574,4.866806197166443,0.83671875,0.43574709700867226,0.25357419005613335,357.6343679069306,21.116701383576462,0.7390431172564964,0.48673317909942854,263.0354555655173,60.18946335724374,9.697220780428694,5.643101060392775,13.645331103357034,6.745351148369165,0.07841341779999764,0.051643011400373154,6.3272359689854465,3.610057632873551,-0.7390431172564964,-0.6107131930153574,-0.5435303395196142
stage2_soh,166,-1.2394983283042447,0.954564793216261,0.18326091569862027,0.11343613820724047,245.25673082136086,8.23961590202422,0.26807613212140763,0.15578090044695295,100.57467180429006,10.967943412952412,-0.26807613212140763,4.960070116379682,0.9019607843137255,0.32378254835979997,0.21593218079822904,120.78623749250272,25.061991644007477,0.6187964641528547,0.4392410193834746,144.51426467432083,51.68273312523341,7.2055347651170285,4.805406725998679,11.066993795835264,7.4491124828171404,0.06565509446445296,0.04660403265193996,6.089899894622171,3.781493836759619,-0.6187964641528547,4.95492205619812,0.83671875,0.43792878557419396,0.2549113502987893,344.5162399407817,21.134179925673763,0.7391007814018105,0.4950102857179445,269.44299716799827,59.597526521194,9.745772602894604,5.672858546285076,13.729273146904623,6.697142116295863,0.07841953603939802,0.05252122297463448,6.42518413478672,3.7038364007490103,-0.7391007814018105,-0.6187964641528547,-0.5435303395196142
stage2_soh,167,-1.2437040717060706,0.9541246717427343,0.1837731142603383,0.11375200429702029,246.67110503647746,8.278926749589594,0.26603650824411834,0.15497530802458998,100.27426033869459,10.841769707989378,-0.26603650824411834,5.002357060301538,0.9019607843137255,0.3221746401966631,0.21674953713492653,123.92853225853726,25.07464538972139,0.6079547662595718,0.44102962351741964,158.7029955938936,55.36041914421884,7.169751989833773,4.823596370651848,11.09673641513527,7.78009483505012,0.06450477648338136,0.04679380583290737,6.142408648379526,3.8873454018528553,-0.6079547662595718,5.116216945648193,0.83671875,0.43725294219605704,0.2555464465189289,350.4831108989551,21.457806240597122,0.7332063724682104,0.49471572464244673,282.24624880373835,62.79822478963459,9.730732221683173,5.686992130434659,13.783028886100492,6.801627044651738,0.07779413172995771,0.05248996966864826,6.4056920028906745,3.6388190522608177,-0.7332063724682104,-0.6079547662595718,-0.5435303395196142
stage2_soh,168,-1.247522408664974,0.9549462318266508,0.18305496234762597,0.11310828293468214,244.1493428747131,8.153067219006317,0.2656936832337747,0.1549466710723204,102.64500125543651,10.911125268088798,-0.2656936832337747,4.971880542530733,0.9019607843137255,0.3172071792434028,0.2118062346283456,120.52398232557833,24.51361352991997,0.6050318811391582,0.4271718877997688,144.03712643724813,50.351483805050606,7.059204918120375,4.713586926825747,10.839323890296223,7.240909120895789,0.06419465464234561,0.04532348239004257,5.917410831452037,3.5038801371321253,-0.6050318811391582,4.9794471740722654,0.83671875,0.43638049834299875,0.25465414866557695,345.96267647883235,20.325174037903288,0.743920674252364,0.49451199903814996,263.66122157634084,60.348891051719384,9.711316646181437,5.667134719231564,13.697135400504568,6.8044347362198465,0.07893093282128633,0.05246835412206745,6.416935276475186,3.7620228396393274,-0.743920674252364,-0.6050318811391582,-0.5435303395196142
stage2_soh,169,-1.2537918215585813,0.9545941346478295,0.18384169566411593,0.11354180113152908,244.86316316220928,8.245866747938313,0.2663023907575007,0.1549143810531636,99.90800806587754,10.959963951102871,-0.2663023907575007,5.131115313137279,0.9019607843137255,0.3196313984851723,0.2154779370107195,121.94027092332894,24.73735579981503,0.6050873468375064,0.4338851430973805,151.04491034205296,50.588477306469585,7.113154076632231,4.795297875415721,11.124395543678093,7.68116030128855,0.0642005396237176,0.04603576734359688,6.020193977678391,3.7334190669842813,-0.6050873468375064,5.068275594711304,0.83671875,0.4385743766659666,0.2567743269546554,351.79952674240104,20.588231344212957,0.7399450230884352,0.4958440848004102,271.728682968038,62.15880174257816,9.76013974244361,5.714317677200085,13.979927902702775,6.844321963853856,0.07850911115964708,0.052609690121256915,6.420863290230656,3.5686030747163477,-0.7399450230884352,-0.6050873468375064,-0.5435303395196142
stage2_soh,170,-1.2496707507908968,0.9545794639320453,0.18391023707621304,0.11375406435494549,244.18579932602702,8.23967373534156,0.26761349965401904,0.15618439886294527,101.27094554570476,11.023010561565314,-0.26761349965401904,4.850420948103363,0.9019607843137255,0.3216132616231693,0.21652518786380395,122.73534673437177,25.49387513602909,0.6093790331582983,0.42780998953271143,140.08759322709128,47.47006215457591,7.15725893593636,4.818603647971792,10.953712582712168,7.617287187331426,0.06465589301877803,0.04539118579816019,5.957165050680358,3.7519141659022015,-0.6093790331582983,4.952536535263062,0.83671875,0.43877215453932195,0.25614076993515483,352.791695911017,21.186316184222385,0.741712530038918,0.49333662701428693,264.1596703655809,59.96734090764609,9.764541138842063,5.700218346792004,13.858414731492783,6.697705970191793,0.07869664590252799,0.052343645650497164,6.387892409124684,3.7258437225322405,-0.741712530038918,-0.6093790331582983,-0.5435303395196142
stage2_soh,171,-1.2472422128866556,0.9538019159954814,0.18340177328278456,0.11332069389426051,244.53216324116192,8.171897407478749,0.26613057726400585,0.15508235497187908,102.25898652332631,10.874301844928775,-0.26613057726400585,4.939317372265984,0.9019607843137255,0.31769740234752014,0.21167402447876976,121.37630632774304,24.23061327974662,0.615972579509859,0.438973996828438,150.97350637446067,50.91916075149245,7.070114461075282,4.710644690334324,11.064812139467536,7.954831717701959,0.0653554767004012,0.04657570121811532,6.1030354710680585,3.8263821816755503,-0.615972579509859,5.11474575996399,0.83671875,0.43650497367195734,0.25608751848667455,336.9265372697282,21.044685833576807,0.7329884822853608,0.4917213740045554,275.47692479206097,61.80122337632732,9.714086750113085,5.699033276239989,13.751967143559833,6.943866399728654,0.07777101330351768,0.05217226524501424,6.383286499894301,3.6670233389323004,-0.7329884822853608,-0.615972579509859,-0.5435303395196142
stage2_soh,172,-1.2605163737847984,0.9545501225004768,0.18246327466595622,0.11296053968525092,243.87979625582005,8.222048043081942,0.2652933082238889,0.15412534028966662,101.73909031505596,10.802436844768517,-0.2652933082238889,5.206536188312605,0.9019607843137255,0.32477955094028016,0.2178513448201485,125.94166233614824,23.83473596152458,0.6122565005544592,0.4249873041029216,135.36105372012986,53.34161434014447,7.227722300519889,4.848116264082045,11.258841796970938,7.7516702091225635,0.06496119598131511,0.04509169527215985,5.9621260611082,3.5782126951834385,-0.6122565005544592,5.217183542251587,0.83671875,0.43795731022799406,0.2553552596584268,340.7463391380479,21.05491643876723,0.7356032111220856,0.49035304700300913,256.3398510052166,62.22522820788666,9.746407397406108,5.6827374120226875,13.812475480464434,6.663986603093754,0.07804843936962992,0.05202708400409075,6.366097515721484,3.498175143003275,-0.7356032111220856,-0.6122565005544592,-0.5435303395196142
stage2_soh,173,-1.2583258577022236,0.955224975426551,0.1828939539765725,0.1133693781166879,243.41623550193748,8.308419252967484,0.26538637480432786,0.15417310034459128,101.52150780841872,10.839710601010845,-0.26538637480432786,5.022484388538436,0.9019607843137255,0.325132048886885,0.21842189207353502,124.55966717756463,25.26100565819541,0.6174659769494991,0.43436978349243016,138.83769889908345,51.20829760599079,7.2355668746693,4.860813359988678,11.232929158388984,7.510635693903552,0.06551392807440314,0.046087188307939064,6.051363862571203,3.831027907054631,-0.6174659769494991,5.1214292526245115,0.83671875,0.43709434539114883,0.2538659295278194,348.9998580764165,20.659052963439535,0.732157904109419,0.48669420814330805,263.3046340821979,61.01246888115786,9.727202770212761,5.649593500816879,13.646884095899665,6.715490130414707,0.07768288789918748,0.051638876532199715,6.322789682078921,3.522385790070211,-0.732157904109419,-0.6174659769494991,-0.5435303395196142
stage2_soh,174,-1.2601738201523063,0.9543740739110661,0.18292997823072438,0.11321830990820017,244.3029887006453,8.298573944517898,0.2645851739756286,0.15393215593285411,100.60685222179005,10.622909129687425,-0.2645851739756286,5.039864947749119,0.9019607843137255,0.32277039357409165,0.21423464276709173,124.07970364231377,24.0412029560228,0.6129503489436694,0.4343879130372193,142.3291089828305,52.5458609696715,7.183010028891912,4.767629306059184,10.9678805934315,7.3753237862631345,0.06503481418079846,0.046089111875775475,6.056918963941059,3.6520957958569777,-0.6129503489436694,5.177794504165649,0.83671875,0.43769224407086427,0.2554440679050458,348.52781312255,21.325010229194277,0.7250988344788762,0.48735815446161723,267.0309138161821,60.7536037564702,9.74050855134436,5.684713772118944,13.791686704152891,6.780189154944756,0.07693391160363133,0.05170932208380382,6.310261936009115,3.6950311262738955,-0.7250988344788762,-0.6129503489436694,-0.5435303395196142
stage2_soh,175,-1.2592547853170384,0.9543153910479292,0.1832660819787357,0.11329024691321972,245.22831464329937,8.2201205273001,0.2665627601855842,0.15447205791414703,102.40969918703708,10.748729542378186,-0.2665627601855842,4.9824740783841,0.9019607843137255,0.3204704511695163,0.21298255800251284,125.8095936084704,23.669367046955756,0.6173390729661307,0.4334272719846637,142.36991121331653,51.11945937987943,7.131826557028201,4.739765110333534,10.999443235640404,7.258185860297148,0.06550046339983137,0.04598718663426926,6.0593817322994,3.781996331404401,-0.6173390729661307,4.954538154602051,0.83671875,0.4363959408706444,0.2548289411966834,353.12459754324027,20.79547420812264,0.7301630189088868,0.48600940445849117,271.5397195483735,59.049091700920684,9.711660307908655,5.671024594291078,13.89545142976363,6.872753977038846,0.07747122803382933,0.051566217987394025,6.311318774332496,3.6738852349464444,-0.7301630189088868,-0.6173390729661307,-0.5435303395196142
stage2_soh,176,-1.272678148681257,0.9540659888795975,0.18362592807980907,0.11333357808837796,242.52252909877248,8.199518420805099,0.26516519235378644,0.153515311727517,99.88311530187663,10.592988000432129,-0.26516519235378644,5.058837664361094,0.9019607843137255,0.3221636090912904,0.21442655720108864,122.59010821475808,24.240529094986734,0.6028552732907815,0.4233751803116106,141.9694246354549,52.467746079077585,7.169506500959642,4.771900216066833,10.92866621905498,7.482552193626773,0.06396371377216323,0.0449206468807444,5.879542704081842,3.6653318277918387,-0.6028552732907815,5.133939361572265,0.83671875,0.43654843114411446,0.2551731633824602,354.43664507271836,20.909828152226076,0.7243041552576361,0.4847731605223089,260.68351612991853,59.555203134534906,9.715053863158612,5.678684997667057,13.632890118002484,6.774850509612259,0.076849595124204,0.051435050928250806,6.275355532334492,3.600535783770538,-0.7243041552576361,-0.6028552732907815,-0.5435303395196142
stage2_soh,177,-1.2748056647171149,0.9543887446268503,0.18272400458724922,0.1131288819270664,243.92195954385352,8.223031159233145,0.2651927237217878,0.15389235793336656,101.41281059705186,10.7208094375361,-0.2651927237217878,5.0399222710553335,0.9019607843137255,0.3218270476189378,0.21467883537486926,121.70634687330457,24.214232540129682,0.6404771998112595,0.4458263266959465,144.5830642833739,50.196782473468545,7.1620165809441225,4.777514475269082,11.039682203190457,7.476459167410562,0.06795544818360379,0.04730274216100238,6.1932923229386185,3.6285636258910205,-0.6404771998112595,4.901395845413208,0.83671875,0.43769412263281854,0.25296676393172673,355.0455930094563,21.160496519401825,0.7377553046355502,0.48820755303859187,264.653406822859,59.04965958737438,9.740550357314257,5.629583253213776,13.62685398514464,6.523194769971424,0.07827677923759652,0.05179944435669946,6.339666723343855,3.6587913494589177,-0.7377553046355502,-0.6404771998112595,-0.5435303395196142
stage2_soh,178,-1.2735255918209274,0.9548875489635139,0.18305936587720253,0.11331542088129286,244.79965723265516,8.252769957907663,0.26434058249149356,0.15338765346838942,101.26737188137888,10.730002913035868,-0.26434058249149356,4.834955271552591,0.9019607843137255,0.31942117123124625,0.2117376515171582,123.69646632961116,24.12814882083409,0.5905347337800144,0.4161242976291653,129.8120179717926,49.443921218354006,7.108475628722012,4.7120606617615435,10.839286072833442,7.661041322377633,0.0626564888083945,0.04415131897561756,5.7951259258378105,3.615609897615472,-0.5905347337800144,5.166608476638794,0.83671875,0.4372142835646859,0.2549489689632537,351.5514324217027,21.01449800453636,0.7263648851725959,0.48394285959329864,250.06175133936813,59.30466128888543,9.729871903195573,5.673695721098815,13.859850539970902,6.953842980633226,0.07706824119778431,0.051346954940173814,6.260420800820045,3.5728662168681713,-0.7263648851725959,-0.5905347337800144,-0.5435303395196142
stage2_soh,179,-1.279414841396775,0.9548141953845928,0.18395163054194466,0.1137146990593,244.6962642853591,8.237617896308635,0.26358973900095495,0.15273441610217015,100.27447258884574,10.519857703581764,-0.26358973900095495,5.2349016002580235,0.9019607843137255,0.3234537240070454,0.2176019629755733,124.851193899099,23.957695077015224,0.6055084571889101,0.42926991959467675,141.75789791980367,51.58143450371402,7.198217028823357,4.842566460487076,11.189982882991155,7.62953003105264,0.06424521996936115,0.04554608624068461,5.978049656885793,3.577145008845199,-0.6055084571889101,5.155697393417358,0.83671875,0.43577644756408024,0.25426499275472453,337.16803337079085,21.004213649616958,0.7301216651964485,0.48818696108282894,273.27992171575914,59.89212991203713,9.697873954753373,5.658474349922276,13.712514664228824,6.658995334737604,0.07746684035217005,0.051797259523916575,6.336992587974639,3.6996115663747924,-0.7301216651964485,-0.6055084571889101,-0.5435303395196142
stage2_soh,180,-1.278666336918399,0.9544767689215556,0.1826832037568932,0.11299349915984033,243.50267846899663,8.282183762224122,0.26333967374833595,0.153204437854742,101.06463857146113,10.601718633326643,-0.26333967374833595,5.358670984529981,0.9019607843137255,0.3217736810055151,0.2143553387793694,121.3145766893806,24.70699659548009,0.6095415451648272,0.43223200246746485,140.3270056933213,53.245486456811676,7.16082894748376,4.770315304167739,11.060633286746466,7.327163305845456,0.06467313575004487,0.04586036701326576,6.022370390967238,3.8675523619076246,-0.6095415451648272,5.400521945953369,0.83671875,0.4362301927358764,0.254918634067144,342.04490352754283,21.21731914907202,0.7322231073912319,0.49157100664306197,266.2802287286663,59.29353061598793,9.707971709022226,5.673020641019231,13.808719068308822,6.876367231914559,0.07768980605059074,0.05215631107608289,6.396311478771509,3.7213902617165626,-0.7322231073912319,-0.6095415451648272,-0.5435303395196142
stage2_soh,181,-1.2832334963398084,0.9537872452796972,0.18285407052230315,0.11328813538561164,244.47396964030398,8.219917808382824,0.2620555985886792,0.1522200933503589,99.67118608300862,10.512296572757934,-0.2620555985886792,5.20763271930171,0.9019607843137255,0.3249538783217769,0.22011688121357093,125.28274194237758,24.592155435932533,0.6188063251581111,0.43990796642359714,146.75345028839666,54.24265001043321,7.2316018240280275,4.898534056292091,11.217658882121356,7.584179212617078,0.06565614072969382,0.04667479658395754,6.126376746114354,3.7922398843340837,-0.6188063251581111,5.021385145187378,0.83671875,0.43846563675707606,0.2543051084408944,357.9106319392904,20.65928054507591,0.7375889556028927,0.49131315203849224,263.02671373584565,61.278836498251295,9.757719818337643,5.659367094058079,13.698248480990557,6.422278606179969,0.07825912939296117,0.05212895237350159,6.378990411245397,3.511043465141973,-0.7375889556028927,-0.6188063251581111,-0.5435303395196142
stage2_soh,182,-1.28734376481474,0.9546381467951821,0.1831744343228195,0.11335317391426238,244.80075404173638,8.28522137925648,0.2631317906478623,0.15238263935374252,100.6467981305279,10.597037877168171,-0.2631317906478623,5.1731457934660074,0.9019607843137255,0.3221491014088577,0.21479337263085385,120.91781521794117,23.779507612034067,0.6092849656190298,0.43461951536729054,143.5169061535571,50.9130547985652,7.16918364350281,4.780063414932689,10.92156144812755,7.731645243758642,0.06464591233282636,0.04611368517853316,6.045005985341301,3.9434761535043634,-0.6092849656190298,5.302777528762817,0.83671875,0.4373158119845922,0.25479862370775663,346.6090472558084,21.53484048936788,0.7447656720263035,0.497920912007794,268.5072624300368,62.82440777944748,9.732131341089888,5.670349901595131,13.706326921303267,6.742787139235881,0.07902058816336428,0.05283004413810444,6.452651226257767,3.658689224208194,-0.7447656720263035,-0.6092849656190298,-0.5435303395196142
stage2_soh,183,-1.2833562194133674,0.9547995246688086,0.18294518067315294,0.1131470507618446,242.80906402225716,8.263306564261292,0.2612825890686365,0.1522646208611391,99.60968298019633,10.661869255804737,-0.2612825890686365,5.178132818259445,0.9019607843137255,0.32467822896805215,0.21651446835466606,123.57367298688041,24.996020560146945,0.6201821216298425,0.4311283809607666,142.64075783145688,51.19280114752637,7.225467456961898,4.818365093435268,11.133409365444102,7.259576843954028,0.06580211449093541,0.0457432713631242,6.025035740650229,3.5539152942307544,-0.6201821216298425,5.179301738739014,0.83671875,0.43602930540841567,0.2537660352169041,352.3144375057749,20.785792173569412,0.736190455000406,0.49589615661861897,277.0566655583925,63.32944523770156,9.703501114083673,5.647370428777377,13.670688505641579,6.6076934967640515,0.07811074669447475,0.05261521500761533,6.441468163058042,3.7036296027137725,-0.736190455000406,-0.6201821216298425,-0.5435303395196142
stage2_soh,184,-1.2842715085484047,0.9551369511318457,0.18362288510075817,0.11380837692868223,244.68368055196922,8.280111019647462,0.2639818884165062,0.15304665588195357,98.8428610559981,10.616870067384484,-0.2639818884165062,5.076213305604224,0.9019607843137255,0.32238043958412693,0.21551403175564665,122.30734506160762,24.58393729815385,0.6160119597300915,0.4311122209135005,136.7380040856827,49.9315357731127,7.174331898937964,4.796101136557274,11.094127313116969,7.600193632789061,0.06535965499201918,0.04574155676148817,5.9926539832606585,3.605099856307419,-0.6160119597300915,5.3798665523529055,0.83671875,0.4372623954706782,0.2542758089486597,350.0953484356777,21.245071158552836,0.7337245243908405,0.49454749433170947,266.11158362411555,60.34021143768287,9.73094259713198,5.658715056105549,13.834476952135038,6.698941388598666,0.07784910831013869,0.052472120218008046,6.40820924480374,3.6963625419350907,-0.7337245243908405,-0.6160119597300915,-0.5435303395196142
stage2_soh,185,-1.291797886130805,0.953713891700776,0.18347942408951443,0.11349156140390522,247.5516235674062,8.186459584578461,0.26398603580056706,0.1527014734087188,101.2158574466259,10.40588698747476,-0.26398603580056706,4.964433393291398,0.9019607843137255,0.3180311311924271,0.21410587998198383,119.84897643980595,25.98240422221935,0.598510897243135,0.42110429248936915,137.55341494904502,50.38739546583906,7.077541343117818,4.764763788046404,11.080076290560926,7.7727256520185435,0.06350276992984859,0.044679702785028606,5.838998447143622,3.546802915239441,-0.598510897243135,5.254618978500366,0.83671875,0.4373392077057056,0.25487244568630557,347.5502455616505,21.043657189090798,0.7362126809894389,0.4957560203605681,271.14657907626344,63.67491878068353,9.732651995098857,5.671992753674586,13.718552093037506,6.8497889810428365,0.0781131049002727,0.05260034637181467,6.412732403032284,3.5953730022315833,-0.7362126809894389,-0.598510897243135,-0.5435303395196142
stage2_soh,186,-1.2819947446034274,0.9543594031952819,0.18262767090572907,0.1130187091451707,244.45174703333728,8.224868140972118,0.26233953279530264,0.1520502185826791,99.93025629823919,10.586889432021303,-0.26233953279530264,5.195059336867987,0.9019607843137255,0.3237064827113615,0.21712232214745644,121.93329011055289,25.89164690492914,0.6200790733415632,0.44419738613890813,143.4359193847977,53.87012301437377,7.2038419818678046,4.831892418049418,11.155702478119625,7.7152780454008765,0.0657911809360538,0.04712990948928414,6.123740791969759,3.883459749740111,-0.6200790733415632,5.207685089111328,0.83671875,0.4364736288514695,0.25482401381013914,341.8600618940606,22.156858792750988,0.7340711718174974,0.49356951499939894,266.53947514223694,63.05022744486867,9.713389194933304,5.670914939044907,13.8302961297183,7.010841268142231,0.0778858880444479,0.05236835536289525,6.375127124782301,3.828908162710292,-0.7340711718174974,-0.6200790733415632,-0.5435303395196142
stage2_soh,187,-1.2848558700950559,0.9543594031952819,0.1836869814663518,0.11369770592450451,246.21143388115422,8.29241556382256,0.2634622285312384,0.15260030865366092,100.79845592740257,10.565728541775007,-0.2634622285312384,5.347302519106398,0.9019607843137255,0.32425965863736733,0.21598398478555622,126.1309373449855,24.305976500029296,0.6267033342252444,0.4466765746355568,145.09850789960348,54.27283741969309,7.216152492073659,4.806559584401791,11.192106475667217,8.080918049459159,0.06649402346872837,0.047392954552357494,6.23629619551045,3.66029546334395,-0.6267033342252444,5.243452835083008,0.83671875,0.4383728626882337,0.2564109557115444,339.46256532217757,21.384138586898708,0.7399084406246563,0.4924270532521405,268.38719882371095,62.43200211449046,9.755655201879064,5.706231126093042,13.885934423060188,6.9570016151153435,0.07850522971355893,0.052247138713668,6.395745121827508,3.6148914791041853,-0.7399084406246563,-0.6267033342252444,-0.5435303395196142
stage2_soh,188,-1.2930812034214063,0.9545207810689084,0.1829329703148998,0.11337248202811165,244.2897214949247,8.245335732238187,0.26226544093144116,0.1520360363252271,100.12219014159038,10.44182946652555,-0.26226544093144116,5.0266831080118815,0.9019607843137255,0.3251887403413064,0.2165385660578442,122.89745784913005,24.687589591634087,0.6048460392247204,0.4235719667701964,140.41809381696578,49.92829844970691,7.2368284999415335,4.818901369522073,11.024367113095805,7.6920095700735995,0.06417493657807939,0.04494152617511054,5.897940360499913,3.574233657507162,-0.6048460392247204,5.129258012771606,0.83671875,0.43409863257513903,0.2539110585432354,336.4602827075175,20.82708793882693,0.7249204708551351,0.48407512883786696,263.7064665082783,57.96081042482741,9.660535456142213,5.650597812788424,13.738182841397755,6.899137517987192,0.07691498699555077,0.051360988875805244,6.270850093614317,3.492682763913198,-0.7249204708551351,-0.6048460392247204,-0.5435303395196142
stage2_soh,189,-1.2917832802899323,0.9544767689215556,0.18325550620059997,0.11335959718518668,246.3826867515641,8.273525191745229,0.2631839748238416,0.15242713897407045,100.50767137793005,10.605369570953945,-0.2631839748238416,5.095838612201167,0.9019607843137255,0.3216938264856497,0.21336548288316265,124.70485346215952,23.891358284686692,0.6216211082453287,0.4287150108346752,135.3219187174743,46.69750928242115,7.159051845777826,4.748286812796894,10.941697914176736,7.510031142121871,0.06595479280706343,0.0454872097131548,5.957426472582277,3.4851707098954643,-0.6216211082453287,5.215855884552002,0.83671875,0.43654096794579483,0.25488646684989363,339.64143527544724,20.98732579512645,0.7305701688725247,0.4899997262762554,254.88842160360255,59.94769863204515,9.714887775346828,5.672304784023946,13.689310926697846,6.769890105100663,0.07751442716451674,0.05198959622412578,6.3310546270281876,3.603221132217013,-0.7305701688725247,-0.6216211082453287,-0.5435303395196142
stage2_soh,190,-1.2968221675527138,0.9546674882267506,0.18255221689735146,0.11327784595347395,244.69059907383965,8.30117089453452,0.26264684681115785,0.15183878034407253,100.30556386386372,10.482028948576774,-0.26264684681115785,4.980480717677696,0.9019607843137255,0.3219617661695123,0.21422703875155719,123.57811625982497,24.5854948352361,0.5947622651105953,0.4208798140963065,141.61896350457732,49.55044510540098,7.165014639995138,4.767460084467203,10.982536311579816,7.474352764681218,0.0631050352771283,0.04465588534107806,5.8603459679431635,3.736554211202158,-0.5947622651105953,5.062369441986084,0.83671875,0.43653372156355574,0.25337457800087576,324.653802231234,20.822900264817925,0.7291407284103311,0.48851117497015367,258.8047486320196,62.021730274967325,9.714726512612286,5.638658845668784,13.626087654535178,6.924289152014951,0.07736276170743449,0.05183165903107621,6.3243758360195494,3.7120364827404924,-0.7291407284103311,-0.5947622651105953,-0.5435303395196142
stage2_soh,191,-1.2974630767812947,0.954432756774203,0.18293168442173485,0.1132798033987539,244.2353032826499,8.27165411201134,0.26150325947067893,0.1518314159257954,101.39263466762071,10.569554091457967,-0.26150325947067893,5.086044782750747,0.9019607843137255,0.32863050336937916,0.21942447526654338,127.62645985033294,24.74692367085777,0.6223903295614619,0.4384107503154333,146.55471597624972,51.025720352562715,7.31342232279487,4.883125087685986,11.474821575362173,7.520907849631847,0.06603640817027327,0.04651594004435244,6.104809447395789,3.8703276040744843,-0.6223903295614619,5.087537860870361,0.83671875,0.437780816140279,0.25591123439699004,350.20745381610317,21.82038246031144,0.7405798572042904,0.495614561606817,275.85126865531356,63.93923523742522,9.742479655496265,5.695110207676864,13.8114887352908,6.919735987950235,0.07857646786942205,0.05258533741753264,6.416964802158465,3.6639226517633854,-0.7405798572042904,-0.6223903295614619,-0.5435303395196142
stage2_soh,192,-1.3082838930273666,0.9550342561213562,0.18251531498919338,0.11280836192793446,242.80441177641077,8.242766875325072,0.2606361967234725,0.15109765450158696,99.28851148521869,10.457329683016617,-0.2606361967234725,5.352813101749794,0.9019607843137255,0.32424195176731846,0.2169264879853775,127.12568785354965,24.865130131438523,0.6243704048787793,0.44451252242239814,146.14193096292615,54.76954004096392,7.215758439125578,4.827534277469558,11.22425638848244,8.078248289849999,0.0662464966881241,0.047163345851093406,6.202557608654642,4.0050434956978975,-0.6243704048787793,5.1910120964050295,0.83671875,0.4371462327437349,0.25554087372493084,338.8192211056042,20.453837370719643,0.7286540822964718,0.4890641796424461,268.9146609586828,61.293066322939,9.728357483846409,5.686868112135665,13.914714123313479,6.69339757863283,0.07731112793376718,0.05189033353247039,6.353441129720865,3.687402935489108,-0.7286540822964718,-0.6243704048787793,-0.5435303395196142
stage2_soh,193,-1.30383863911572,0.9547408418056716,0.18199726847228978,0.1130132738845569,244.33277101230533,8.277531934822242,0.2619810840452111,0.15169259303842209,101.72889318523063,10.390794527470042,-0.2619810840452111,5.251785354988248,0.9019607843137255,0.32514366303783593,0.21656843003835163,124.3385213117079,24.560876831526535,0.6183170176618618,0.43538310596463725,138.52940902904837,52.279250867942594,7.235825338780068,4.819565969732495,11.045263220425765,7.43239694279278,0.06560422457995889,0.046194703115294646,6.085909043922396,3.6855723364371347,-0.6183170176618618,5.278851842880249,0.83671875,0.4375409456109157,0.25382531023260524,350.2792150324377,20.043948912679568,0.7216748583867713,0.4816358509560814,259.44127938958206,61.61553003490656,9.737141518999378,5.648689549244186,13.679053288414092,6.9604605922247655,0.0765706233710799,0.05110217837989698,6.24981218597985,3.518383906554405,-0.7216748583867713,-0.6183170176618618,-0.5435303395196142
stage2_soh,194,-1.3042739556274798,0.9541980253216554,0.18320096437740738,0.11333540922220028,242.6374764899491,8.239470319009115,0.26239583074170547,0.1518689829332769,100.81015410797775,10.474738883324012,-0.26239583074170547,4.9942426064435175,0.9019607843137255,0.3201232951426962,0.21237214773290736,126.02755776202022,25.937070003385834,0.6026115061599834,0.4234081279554897,141.21800171736223,51.92973140541886,7.124100863247472,4.726180893269003,10.890567063497876,7.283326969540433,0.06393784976852548,0.04492414266780296,5.928862202606288,3.5622642526036516,-0.6026115061599834,5.193986797332764,0.83671875,0.4397028047668346,0.25715360769372636,355.0653125512041,20.85096036523518,0.7375463346127878,0.4922695965349703,266.8443163567465,61.55034267309902,9.785252053011083,5.72275828205961,13.89410782233151,6.872208841459186,0.07825460725152436,0.05223043235505294,6.380022397784787,3.7916171845968885,-0.7375463346127878,-0.6026115061599834,-0.5435303395196142
stage2_soh,195,-1.316767587412422,0.9547408418056716,0.18315781620801225,0.11310669604830215,246.07061888452196,8.27186138268559,0.262398646544041,0.15119531810490905,100.67112497013333,10.277206698527767,-0.262398646544041,5.3983848366082885,0.9019607843137255,0.325183480352211,0.21841748899497165,125.35409664321027,24.17064176627231,0.6216708309419792,0.435776068977829,138.76005651947622,51.13578518441726,7.236711442878132,4.860715372818516,11.181438981129475,7.554602038392761,0.06596006844862691,0.0462363969924364,6.053419130135192,3.6165172249824455,-0.6216708309419792,5.350012254714966,0.83671875,0.43714280982419407,0.25524389444472034,343.15292990528985,20.616680875602043,0.7334093306472806,0.49409047229000863,264.4458419244177,63.497502395911624,9.728281309371058,5.6802590637514445,13.801333897748924,6.984000507449715,0.0778156658517427,0.05242362959619869,6.40940675574816,3.719699686931805,-0.7334093306472806,-0.6216708309419792,-0.5435303395196142
stage2_soh,196,-1.3077794028957053,0.9547408418056716,0.18340554334015363,0.11367158613652417,244.72270086073027,8.263974604009697,0.26127180119629795,0.15105420874273837,99.82170312704315,10.351258609011596,-0.26127180119629795,5.359978202745026,0.9019607843137255,0.3219337682376745,0.2161714103629849,125.08661533731033,24.79867299364146,0.6081035808418842,0.43097118564753556,145.8674536495359,51.05213689956789,7.164391567280965,4.810730598314912,11.090806183918577,7.418713943018541,0.06452056590046018,0.04572659273980065,6.002627955314768,3.6782384296952992,-0.6081035808418842,5.359745073318481,0.83671875,0.43429700348374717,0.252289743089932,329.2296555869001,20.77992960469522,0.7253618509618313,0.48506133226783277,266.9375978403051,60.41477618428403,9.664950050089923,5.614516668442692,13.650286793252269,6.521582805541106,0.07696181798809615,0.05146562631817366,6.275791578063506,3.610933643750874,-0.7253618509618313,-0.6081035808418842,-0.5435303395196142
stage2_soh,197,-1.3084616498355461,0.9551956339949826,0.18327296981563015,0.11302468910635649,241.44279510150773,8.250382852135475,0.2622240781942401,0.15158041016243892,100.32616611706163,10.50943729264045,-0.2622240781942401,5.325075044818953,0.9019607843137255,0.322961675645907,0.21528905453571281,123.91101664702263,24.549645576377927,0.6069731160319366,0.42836328355376335,136.89323597526763,48.80997285995645,7.187266866159364,4.791094439353226,11.006964857384142,7.729743567619673,0.06440062214159036,0.045449890999826964,5.968472562885959,3.739994680754375,-0.6069731160319366,5.494143486022949,0.83671875,0.436207834336862,0.2543795695710287,335.65741193229013,21.13816108468376,0.7373820287918654,0.49202758701649146,256.35563822723464,62.00511559455385,9.707474139828934,5.661024169970757,13.617595448240483,6.697738278210152,0.07823717419426135,0.052204754836325064,6.399578056540621,3.566519300959871,-0.7373820287918654,-0.6069731160319366,-0.5435303395196142
stage2_soh,198,-1.3228875430028362,0.9542567081847924,0.1830606181247325,0.11287805704811983,243.01775081344888,8.207226047363754,0.2611253891105549,0.15070502441681272,101.57399062770148,10.32250844059755,-0.2611253891105549,5.349459090887332,0.9019607843137255,0.3203260219903608,0.21237966670271227,120.65121435563812,23.968239829936877,0.6213838891776722,0.44168124816143045,141.78727219380923,51.55684671010948,7.128612395311412,4.726348222232845,10.94784904190794,6.805207960960786,0.0659296235612807,0.04686294403914529,6.080585037118332,3.665673622328279,-0.6213838891776722,5.4935074806213375,0.83671875,0.4378963776065947,0.25424905513536944,350.342428369583,20.596415580035078,0.7290882854314975,0.48794189449836267,273.6400854004497,60.32236489620634,9.745051388183107,5.658119670304989,13.771791773970554,6.6341391334201285,0.07735719744046016,0.051771257646586445,6.307618319283238,3.6693990040577065,-0.7290882854314975,-0.6213838891776722,-0.5435303395196142
stage2_soh,199,-1.3192593501791272,0.9547408418056716,0.18276603852498652,0.11307583251325748,247.2384913424745,8.254734906908368,0.2592300795136378,0.14985891877941337,99.38185713764072,10.170305365734839,-0.2592300795136378,5.410632391536937,0.9019607843137255,0.32160916087714836,0.21623107827788987,122.28900004741487,25.204350137206873,0.6122118953506948,0.43614159567993793,137.3722178447092,51.754264495829034,7.157167676947368,4.812058462455174,11.160895463954962,7.786948946847451,0.06495646331227703,0.046275179841962034,6.074450847661725,4.023877260749137,-0.6122118953506948,5.147170782089233,0.83671875,0.43670435361377546,0.2536390080358615,364.6399666544589,20.885252627103313,0.7308818922997479,0.48657811049342853,255.0361092366711,59.72362786407206,9.718523799328725,5.644543535315223,13.541525702384826,6.6033913947860015,0.07754750141792113,0.051626558423400616,6.311944294041242,3.5461320212165637,-0.7308818922997479,-0.6122118953506948,-0.5435303395196142
