stage,epoch,train_loss,train_cls_acc,train_soc_rmse,train_soc_mae,train_soc_mape,train_soc_medape,train_soh_rmse,train_soh_mae,train_soh_mape,train_soh_medape,train_score,val_loss,val_cls_acc,val_soc_rmse,val_soc_mae,val_soc_mape,val_soc_medape,val_soh_rmse,val_soh_mae,val_soh_mape,val_soh_medape,val_soc_rmse_raw,val_soc_mae_raw,val_soc_mape_raw,val_soc_medape_raw,val_soh_rmse_raw,val_soh_mae_raw,val_soh_mape_raw,val_soh_medape_raw,val_score,test_loss,test_cls_acc,test_soc_rmse,test_soc_mae,test_soc_mape,test_soc_medape,test_soh_rmse,test_soh_mae,test_soh_mape,test_soh_medape,test_soc_rmse_raw,test_soc_mae_raw,test_soc_mape_raw,test_soc_medape_raw,test_soh_rmse_raw,test_soh_mae_raw,test_soh_mape_raw,test_soh_medape_raw,test_score,score,best_score_so_far
stage1_soc,0,2.386436739090038,0.3900063084077872,0.749840702334246,0.5825790299787653,804.093207494734,61.002491092682156,1.7025798382991926,1.41340191796227,697.2520703750213,234.92458414580278,0.16505409770751342,1.9978106470669017,0.6450980392156863,0.7320894481511763,0.5322120755381298,189.49809647977045,70.08703335665453,1.7887087176325798,1.5249192812644383,504.3091791433737,216.9324236026767,16.292094791862432,11.843975631582287,35.62537739440408,20.467039971217417,0.18978427743011161,0.1617958816218302,21.4841531631999,19.797696851838353,0.4254712047703334,2.1121774435043337,0.4953125,0.645310292232281,0.48156994765122363,307.864559059917,56.68615553890942,1.7106062205976846,1.455353020160692,850.3440925721658,258.6589195290411,14.360890568445594,10.716973528111568,37.27405876876989,18.399315756566054,0.1814975028316889,0.15441481254840211,20.07700199136807,17.89957243105368,0.30171941233031574,0.4254712047703334,0.4254712047703334
stage1_soc,1,1.5808968700461654,0.5814884908234673,0.6589103476281234,0.4944154635646933,683.0477529654089,50.941676733284204,1.7087980461429426,1.4160614483195466,724.813366602542,229.04316236091452,0.38381538653503033,1.8796300294352513,0.5725490196078431,0.7118204323139591,0.511586643191164,164.63662280029808,74.98419555822247,1.7212471487641214,1.4666901676020785,493.04007829289145,209.16561612657847,15.841023234702774,11.38497229562583,37.422168047005876,17.896366667388378,0.18262651888854908,0.15561769835874803,20.64623721332866,18.921928674097238,0.35900288991365537,2.201713836193085,0.40234375,0.630100395545852,0.4611517483706848,243.22832147530897,60.250156313051804,1.6458575581812096,1.3956593408525806,818.3918429897961,244.38491398637012,14.022405866589096,10.262582006696027,39.052445763951994,16.779472455405177,0.17462758712649742,0.1480812370014406,19.237172155950653,17.203938236298416,0.21331363133624442,0.35900288991365537,0.4254712047703334
stage1_soc,2,1.2502799130901983,0.6369584672036148,0.6033273305783323,0.44724636132349627,644.2521249457694,45.001893319759056,1.6637643120078933,1.3762526030297269,704.4030416242466,217.26056026614322,0.45596026803011513,1.6055553613924514,0.7058823529411765,0.6822472538154493,0.48256691151170755,188.80366288939737,64.10952979309175,1.7079876050055807,1.4463135853044542,489.59058789054154,198.25971213342885,15.182894602182316,10.73916020183031,27.624221038154467,18.904703569518443,0.18121966437587123,0.1534557169753464,20.361076748683978,17.81609296330256,0.5012081767965417,1.8345494747161866,0.58125,0.6135631240689768,0.4446573776654986,268.38440798504064,50.964651278922275,1.6436006383694928,1.3927390195633051,834.2625849867233,235.92743481264426,13.654381446649124,9.895512310855363,30.99561947802597,17.73209586307611,0.17438812505452225,0.1477713871861602,19.157432396393865,16.03327566837747,0.397181062779307,0.5012081767965417,0.5012081767965417
stage1_soc,3,1.0214673277952704,0.6751610111057319,0.5558335521389813,0.40761579303095086,628.685576100557,40.04052405025413,1.6436251883678323,1.3558566359625228,697.2620793646672,208.58839818511944,0.5084109454640375,1.4729974293241315,0.7254901960784313,0.6857271582298577,0.4939772910036731,187.45785829165058,78.90897432887704,1.6701761156781176,1.4050938762651355,477.6378605603658,188.36480096951308,15.260337232627737,10.993089533503777,27.833854084936394,18.34207299841748,0.1772078171087171,0.14908225324769134,19.77991236546482,17.431107927855965,0.519772048609474,1.825986909866333,0.6015625,0.6254071576107999,0.4503394791401661,311.55324153377313,52.84582601104627,1.5794028201898045,1.3189038761964185,776.1877397152982,220.5279847871069,13.917961419927927,10.021963164744937,30.07439838220385,17.42389029781622,0.16757665462576096,0.13993738425728774,18.17366609307283,15.689011906924613,0.41394035271676,0.519772048609474,0.519772048609474
stage1_soc,4,0.8676017191275646,0.7018323724014495,0.5225432839180775,0.3801630660152834,629.3781538470329,36.52197366018078,1.6404505972752663,1.3559478774971392,699.0278228953537,208.78252967874982,0.5450693872260263,2.0537518847222422,0.6843137254901961,0.7765956904450818,0.525495527661862,172.45338878682222,68.60855453232564,1.6965612368686627,1.4416179987547153,497.51470081353375,190.70906702373907,17.28254742044911,11.694503958481983,25.93502653009693,18.748983246185098,0.180007312135879,0.1529575092505961,20.206172983296987,17.85081166300828,0.45133501835667156,2.591867446899414,0.45,0.7437630137568694,0.5226205265546013,423.40281718370244,55.65507583321926,1.6349359605903575,1.374167813277745,833.4441908324316,226.26338739832406,16.551881130659243,11.630522991833043,29.205972334803334,19.948286771164614,0.17346879168555743,0.14580095850139624,18.843474878457062,15.822419843995089,0.22687109587293922,0.45133501835667156,0.519772048609474
stage1_soc,5,0.7308819864680925,0.7223126916362249,0.49570582383635975,0.359027230869533,608.6413504669573,34.21434825624123,1.6229855667721167,1.344326306840616,691.3672876684852,205.90208859975147,0.573600944485317,1.4181104360842238,0.6941176470588235,0.6477049055695967,0.4469959359177772,182.42275183163068,63.30950100425731,1.6823191037188578,1.4241600099001446,489.3260915055246,194.80665738742914,14.414180870033645,9.947555149088632,23.634247256300746,18.097260212630353,0.1784962036349507,0.15110519435578593,20.023783626362437,17.656164419786734,0.4998061753879445,1.7751766681671142,0.6125,0.6043656156408104,0.4242777446121181,324.1393627105716,45.029524806439696,1.6196356403430874,1.3666296574636363,804.2722386973018,229.30298679902012,13.44969788026381,9.441979051541832,26.833792055396714,17.35410409090153,0.17184540818328395,0.14500115055042379,18.79476345781499,16.202526887290496,0.431190315307757,0.4998061753879445,0.519772048609474
stage1_soc,6,0.6746463078100486,0.7347241171896777,0.47827001587718776,0.3456224799957192,608.5544372868446,32.29784484868728,1.6214797947666881,1.3404792517316524,686.8576598943309,204.9860200925492,0.5912431124265214,1.8310480220645082,0.6196078431372549,0.7771637997072492,0.5162911204365539,202.4252463138013,60.22830227659776,1.6917284931297325,1.4272457759023882,491.9229096893769,183.79633000688673,17.295190260712335,11.489666864604546,25.911936723054268,15.383343994582294,0.1794945518583355,0.1514325980662287,20.047690070233518,17.630006937664866,0.38645870322508014,2.0865437030792235,0.56015625,0.7102152153541931,0.4900061213353183,483.5618579399641,49.131015602954776,1.621151132540369,1.3665289315395057,810.3433786963917,225.93541929175595,15.805300350107103,10.904714167850312,28.75841483851476,18.346308656194182,0.1720062038392657,0.1449904634013418,18.772653980215026,15.925283817943658,0.34709168539374213,0.38645870322508014,0.519772048609474
stage1_soc,7,0.5812968636184134,0.7505098073735017,0.46278600451617685,0.33342698224000517,607.472973716383,31.137267319641886,1.6232256283902933,1.3447489167851487,693.5824798007319,205.7645118543083,0.6116740060186486,1.5585773383869845,0.7313725490196078,0.7019369284752026,0.4792328596005545,190.58159611805186,62.221530071820055,1.7027470957832855,1.4525961677306423,503.7143353007252,189.23672414248375,15.621073361332238,10.664963408098789,27.347402567921907,15.998673185991354,0.18066363966021187,0.15412230698768076,20.351323764204952,17.579229493037644,0.520791470477047,1.9967743635177613,0.5625,0.6323420189793555,0.4441435992943298,396.9894804959712,48.409308046293106,1.6281587455900421,1.3871113742687158,805.8569100427757,229.21780022616935,14.072291494033301,9.884078563317777,28.85048654918092,17.139823277968482,0.17274972052593018,0.1471742868392238,19.006336738645658,15.76900491739844,0.37279739430619335,0.520791470477047,0.520791470477047
stage1_soc,8,0.46183708204669455,0.7638601587371447,0.44719687901112853,0.31924996863910826,579.3811986510425,29.53086023495742,1.6227580079553399,1.3443069641542562,682.3138756606202,205.221748017097,0.6297010950338062,1.7129073760088753,0.6,0.7021054310808968,0.48209489770051017,190.9011617115364,59.10399845785777,1.6928785943130973,1.4351816587807502,493.9826628430999,190.99591051018893,15.624823258877653,10.72865589286299,25.699991196131947,16.531857715328336,0.17961657906148196,0.15227460536623966,20.138023962337037,17.492302099909963,0.38936837067573093,1.882781732082367,0.56171875,0.6252695928286309,0.43008810708197415,417.03393337545714,41.29950104284195,1.622923457880756,1.3800984270579648,838.9940116633479,232.21075936949467,13.914900020153924,9.57128425649054,26.54628614780513,15.953027773706864,0.17219424981946402,0.14643020419126224,18.941710284807755,16.206384877813054,0.3741378721514108,0.38936837067573093,0.520791470477047
stage1_soc,9,0.4159525025347883,0.7699338350718131,0.43685860047338465,0.31191774967964636,578.6470965175305,28.813650763835003,1.6175145753625377,1.3371075512211745,672.039504129664,202.2179407791598,0.6388762549297977,2.1757122899971755,0.5411764705882353,0.7691237391433897,0.5199797879055361,220.7741304083672,70.33562814839308,1.7435770447976404,1.4888710455786365,512.0880542830004,200.46985902560704,17.116264817695065,11.571755358315368,26.746892546830885,16.390237474324344,0.18499574935186336,0.15797111781606363,20.900183575458385,18.63805315674706,0.31043934884521834,2.2124022126197813,0.52734375,0.6898203122940488,0.4663618837312242,477.8036345571239,45.04504944165857,1.685136151217416,1.4424028622597689,859.9795149664617,250.94632081541337,15.351427268387585,10.378529613080342,27.605379877020273,16.76005572171195,0.17879509596925305,0.1530407842700107,19.78467059614865,17.443534337988904,0.32039765631178535,0.31043934884521834,0.520791470477047
stage1_soc,10,0.33688415005378347,0.7795724953420478,0.4264440500099547,0.30299808451363974,572.7640465113213,27.722662953585004,1.616342571738925,1.3379921074190015,672.9189531191716,203.4565895016266,0.6516392803390614,1.3796536277322209,0.7490196078431373,0.6453069806816681,0.43089049773327276,172.38835808608923,48.31454720509281,1.599678776375647,1.3625904609978783,468.4858866118648,179.4789354965671,14.360816872401172,9.58914085117863,27.836960550082427,13.137309319836078,0.16972795945029817,0.1445725866511732,19.098810316848127,16.836697728662454,0.5554275136386368,1.8607980728149414,0.6125,0.5803435911156478,0.4054681107143551,337.217536688173,41.136280019139775,1.5394293157811567,1.3034418460927555,771.3966826143117,215.35778036110594,12.9151059644197,9.023384931333585,27.987954330024575,15.458312468453855,0.16333541479964472,0.13829684313290044,17.884491127801702,15.165499895601664,0.4383969226653057,0.5554275136386368,0.5554275136386368
stage1_soc,11,0.2780974686819978,0.7864824024764169,0.4186142638215476,0.29521642813242466,562.0752887721906,26.727552248606045,1.6078484145849983,1.3291006719531304,665.1054450447567,201.26439480610858,0.6608981233299526,1.4747754209181843,0.7196078431372549,0.637914094021627,0.43317242252056065,159.06101868036117,63.1197460402642,1.681291891623512,1.4139919294153942,494.58283435391013,195.1280560750115,14.196293793213156,9.639923354650414,23.414231291827388,15.691788538731252,0.17838721512085623,0.150026348041332,19.898579107849688,17.1629406688429,0.5282336149307668,1.882275652885437,0.62265625,0.6086448358302187,0.42032929984088696,480.36751082785884,43.6101850497471,1.6366578512366612,1.400178287694871,818.7037898514703,233.85977819312689,13.544928676360046,9.354109411218797,25.10037132059312,15.4987642687939,0.17365148648035608,0.14856070302782876,19.182668460753757,16.444675786175598,0.4400627992509344,0.5282336149307668,0.5554275136386368
stage1_soc,12,0.27385463025827245,0.793069553863533,0.420290541977456,0.2966813157810417,568.1028758872899,27.005219303885873,1.6034792613967725,1.32244602326499,654.9424412134898,199.2341989830522,0.6669823912702961,1.3422253244063433,0.7254901960784313,0.5476204243858571,0.3681574812661126,148.91998563838735,54.12891586649738,1.6444732008286393,1.394526244283599,468.07674849389707,183.63776306005013,12.186876735603418,8.19306520298627,19.021587700198992,13.20588200373956,0.17448070504487467,0.147961014009579,19.56240196605215,16.787712648007783,0.5612040687626743,1.5769364356994628,0.6671875,0.527639420186186,0.3617754991621041,462.85016258996967,40.922925031328624,1.5852255309344199,1.3479291727635427,788.3456433907119,226.54899459319458,11.742214658749633,8.051039037111241,21.811192168012735,14.679374256091876,0.16819445166585925,0.1430170052609116,18.500747323783475,15.974288681579447,0.5088956739441443,0.5612040687626743,0.5612040687626743
stage1_soc,13,0.21882784850917814,0.7973387321567419,0.4103268350623001,0.2871604262014043,556.5402107523265,25.74982730307732,1.6042031118778248,1.320994211040602,655.8780869907723,196.46163930401266,0.6742406816380518,1.5745073982313567,0.7411764705882353,0.6906179610145322,0.46039199685385707,190.63858052829912,59.144635578572576,1.6153942384519848,1.3676271033491574,461.43202360687997,173.36030821628924,15.369178335005936,10.245674313569623,23.499059006545696,15.222172202387881,0.1713953900303792,0.14510698083167262,19.161654340540075,16.052543175219878,0.5339910822838757,1.6959869027137757,0.678125,0.6194828071084081,0.4123934245948476,500.9166238632649,39.10020692365838,1.5849845015536483,1.3418233050688286,784.938636502811,216.94228385224585,13.786119497866435,9.177502533341535,24.239433383404485,15.33583027789993,0.16816887814099282,0.14236916490708423,18.388780223172727,15.218176660265494,0.4922801578674776,0.5339910822838757,0.5612040687626743
stage1_soc,14,0.19728311707794288,0.8024881533970042,0.40495734285071044,0.28323926444915054,549.1265626291413,25.477453850352195,1.5998061553623342,1.3144602621495953,650.6309678116829,195.62489232080935,0.6810009505417911,1.7156148835724476,0.696078431372549,0.6945436812404575,0.46820231144791286,183.77479729998774,62.29099252369412,1.6423797245104934,1.3904111247947988,465.31847569519135,172.31974714702727,15.456542257827971,10.419486934475408,25.075804154236177,14.821887100967249,0.17425858453613013,0.14752439458070174,19.496984639949147,16.39555440854416,0.48771532700041176,1.9455651998519898,0.62578125,0.6297086357029605,0.42487070966926693,537.1577678465774,38.46323317405711,1.6199252305877676,1.377734078397043,807.2832940505972,228.8106842456981,14.013687548749454,9.455175038649319,24.807418895419215,16.029715643287084,0.17187613407777738,0.1461793437813014,18.880026052309006,15.590386276084828,0.4368686592891118,0.48771532700041176,0.5612040687626743
stage1_soc,15,0.10596826681298444,0.81286034945645,0.3909350770334313,0.2725921505625612,535.5172250068539,24.292987260698887,1.6091494042348518,1.325405709156036,656.1235823165945,197.08438068033612,0.6955798263464207,1.3275827580807256,0.807843137254902,0.44471399950895046,0.31713490925601445,163.6811399656288,39.54924595099021,1.636547215203665,1.3911776567279708,457.6911223228109,174.0989993137003,9.896772386988324,7.057596604425768,18.96813611270699,10.720882931578874,0.1736397478560776,0.14760572459694757,19.495406073129967,16.105597282229592,0.6744289374022169,1.3592230439186097,0.69921875,0.46746898949264293,0.31859448948671343,360.82579831116533,33.553558663930225,1.5504150661241838,1.3176599868544145,728.1547021952431,213.85155142147318,10.403167411173461,7.090078454198266,22.8675349025744,11.66356333197648,0.16450101692945293,0.13980540601083086,18.07353882516308,14.689789859996223,0.5589780531522072,0.6744289374022169,0.6744289374022169
stage1_soc,16,0.06256005260346002,0.8168654548655429,0.39044786935433307,0.2700532601781106,532.1601736000778,23.772362265094756,1.6100009988710966,1.3237918045278942,653.8329168473031,196.34648675568565,0.6997310940592429,2.495245231366625,0.6411764705882353,0.768584434468972,0.49158803643476146,182.6361237703726,45.01086791568934,1.6349824817009748,1.394467503774692,483.19980366574896,167.60207652072629,17.10426300166084,10.93991848723764,23.744444344029052,14.389254911408688,0.17347372763475738,0.14795478156662786,19.46696521126779,15.944371151973414,0.4106011402475438,2.7394099116325377,0.565625,0.7115828392073569,0.48358575668571574,555.8099454535911,42.36719647609925,1.5868333351521788,1.3463838614348789,794.306011278033,220.3914191345151,15.835735780520185,10.76183382756702,27.064797172676805,18.073045589168387,0.16836504174500883,0.14285304575703933,18.440995914420494,14.92188229896391,0.352150148237793,0.4106011402475438,0.6744289374022169
stage1_soc,17,0.0327710154788003,0.8230564969264851,0.3776845699447694,0.2631109491743794,521.2697626007985,23.420077391515964,1.6118100687058439,1.3271958166506712,656.6847108516591,196.90543873280419,0.7097511259430542,2.2521614486095953,0.6196078431372549,0.7536489578101475,0.4944074677449523,201.80498538653003,53.085405109917986,1.6817167163928939,1.4186002538521207,475.3849649930744,177.15776288406826,16.771885309151102,11.00266279024703,24.43226911796015,15.019647291611497,0.17843228957098708,0.15051529714454046,19.914069437296604,16.21625448935131,0.39351315579421065,2.4533661246299743,0.57265625,0.6857409436447451,0.46606670478322487,569.2681167509523,41.54931997706626,1.618117491690836,1.379225575341843,820.9924641186251,228.8759003476241,15.260644016568767,10.371960629722485,26.288770512015947,18.024286020513465,0.1716843306740401,0.14633759351037562,18.912020691443193,16.132317007645444,0.3669339669065764,0.39351315579421065,0.6744289374022169
stage1_soc,18,-0.020290901876102073,0.8253304578730396,0.3793047275352853,0.26219645085043203,519.127926429519,23.1142933790263,1.6206822250174138,1.338324519754715,661.6772077403862,199.2557093146637,0.711539039612454,1.6291640309726492,0.7666666666666667,0.5372917451435913,0.36214955095384344,178.44067409061347,43.41796636235385,1.619483481849628,1.3707702855926518,451.5192221495555,171.60041981732437,11.957019821650212,8.05936327571825,21.248471041009566,11.96418030156789,0.17182926397296538,0.1454404764785783,19.19262538637959,15.21541445822916,0.6054791431235893,1.4519074440002442,0.71015625,0.51756787877771,0.3406822264430957,489.7722204512109,33.93337247056367,1.5710989966971944,1.3337990576932497,759.5753143483548,218.4372601330058,11.518080152042232,7.581624268906952,22.21077000139106,12.23488090308027,0.1666956083570661,0.14151778202116067,18.282949735878965,15.23036466241258,0.554885886366687,0.6054791431235893,0.6744289374022169
stage1_soc,19,-0.0670930574585546,0.832064316417998,0.373406705282336,0.25699364189666346,506.2362348484348,22.481856642544887,1.616146395806351,1.3347723160969172,664.1098983001991,197.53194613812673,0.7200423048332972,1.5009698063719505,0.7450980392156863,0.5923059335002984,0.38990734202568145,188.07939543851077,45.06281307252851,1.6852653530474635,1.4240344996984098,482.17973109656737,186.8980648466611,13.181318811163525,8.677091839484834,22.2369585115499,11.887889607403824,0.17880880444828962,0.15109187756322406,19.988433090290126,16.10959080046597,0.5674062591655968,1.5382047414779663,0.69609375,0.5456234973262413,0.36034842319677407,493.6415600530996,32.34690160189149,1.618867390089605,1.383667833423533,815.6812595304593,233.13579330994202,12.142436640161723,8.019280545083989,22.561946637631692,12.588915232403334,0.17176389585106047,0.14680892276140506,18.953121301587245,16.16957598100715,0.5324067008021276,0.5674062591655968,0.6744289374022169
stage1_soc,20,-0.12030265437443155,0.8336047415753415,0.36933189840866903,0.2529627715427821,508.9847960815986,21.96238438996589,1.619618456492356,1.3373426866529754,661.7083412122028,199.15309324648686,0.7228051720527408,1.4751210231407017,0.7666666666666667,0.5798630865619259,0.3968792724386588,197.6405155721036,44.91517386641211,1.6364548220183621,1.3812645978896934,460.26293097744485,177.22128930948946,12.904412700424531,8.832246857027226,23.45261273974094,14.363816400584831,0.17362994482121827,0.14655393640460587,19.377998714090392,16.127677065332207,0.592707740698089,1.8893378734588624,0.67578125,0.5691619991456659,0.3927477270666714,494.0707937867952,35.74310749511905,1.5801158883110547,1.344248572055949,765.7192288482136,220.40408827807124,12.666268125329232,8.740302451862954,25.01493281027612,13.641509164117265,0.1676523120633392,0.14262648882918985,18.42582953558437,15.329763569975164,0.5050326502563003,0.592707740698089,0.6744289374022169
stage1_soc,21,-0.1017665072099222,0.8336194122911257,0.37182522513160565,0.2544585015339092,497.74446112369156,22.224692988510817,1.6060540979349616,1.3249255233504351,650.4892162979514,195.4161438861168,0.722071844751644,1.4037547485501158,0.7705882352941177,0.483715924834604,0.3379432675227815,155.77242404473995,41.946229056377646,1.6222666515067368,1.3703489539852622,464.1830767640943,173.78626308599826,10.764730620883636,7.520670817831447,19.59338751339419,12.373604108639459,0.17212456182506,0.14539577265739234,19.256957820495312,16.107321964980272,0.6254734578437364,1.7140576839447021,0.68203125,0.5071296033605128,0.3418948483933491,497.82847776887354,34.81114293263947,1.5794897972551605,1.3532038909943367,764.6710616315164,226.719498191507,11.285784258432486,7.6086102496639665,23.853883066180373,12.588346988855882,0.1675858830033827,0.14357665959602528,18.542957935825957,15.490644484328326,0.5298923689918461,0.6254734578437364,0.6744289374022169
stage1_soc,22,-0.14787312114158116,0.8368469697636548,0.3642958741839254,0.2495301405581879,495.2006592407198,21.830894298761546,1.6072305034523686,1.3247554662150307,655.1587168276682,195.3596930044089,0.7275582075084772,1.7237291448256549,0.7098039215686275,0.659284096949099,0.43057212170542164,172.8018246431168,45.509457548986006,1.633980420146832,1.3772669169430931,472.292306215138,177.23459704724831,14.67186698208509,9.58205563442225,21.616284117753246,12.875726049945989,0.17336740762517794,0.14612977735491395,19.290389070073896,15.82542835282762,0.5120186924838979,2.0901772379875183,0.63984375,0.6154641160486622,0.40801374014445174,533.0060324728092,38.412110554925604,1.5919642676503079,1.3582002103634294,774.3574157962348,223.73596341157662,13.696686579730637,9.0800359813997,23.381180827587364,14.339676916196062,0.16890944023040833,0.14410677545666037,18.59518501536535,15.190511941199729,0.4552045151854014,0.5120186924838979,0.6744289374022169
stage1_soc,23,-0.16345086053496713,0.8400745272361838,0.36624159148050933,0.2504154048971387,506.42838067277137,21.685936415566154,1.6083711178556601,1.3258040025469562,654.2011014200847,194.8779479040818,0.730202049792031,1.563137399449068,0.7509803921568627,0.6111823309375948,0.38875213432144007,157.75922511147076,38.05715778810959,1.6675554763829927,1.4172772823960758,479.4113599341073,177.11735382217597,13.601398703250421,8.651383569178083,19.43813827671719,12.817258869224121,0.17692976393542656,0.1503749281848708,19.833229372359366,16.238373573008516,0.5676256928755843,1.624254298210144,0.7046875,0.5567617610935606,0.366383924596812,458.9304692657088,36.6899675972923,1.5742174855165136,1.3382197290826299,773.1253632521978,219.12673135926872,12.390310243001112,8.153596045975528,22.076723608469006,12.76784525030595,0.16702648400015666,0.1419868208965902,18.351070849476184,15.120474120553569,0.5376589716719319,0.5676256928755843,0.6744289374022169
stage1_soc,24,-0.21611864756766933,0.8440356204979241,0.3575729335011627,0.2436750619145148,491.4809540497634,21.160539047222063,1.6027326893269076,1.3206547242611224,649.3588858606702,194.98184363883254,0.7367637404475753,1.4806661615184709,0.796078431372549,0.6267718016839077,0.40669743810579473,178.50555045924358,40.778128127308676,1.6155349576210025,1.371736021929731,453.6962619843986,165.00352831577283,13.948330537598414,9.050742678999727,21.402186438425137,12.177386872112578,0.17141032051377725,0.14554294233627435,19.159015224385804,15.66150680917255,0.6080468908673766,1.5269959807395934,0.7203125,0.5753895266778558,0.3773330456468102,501.99767103071173,35.826455933064736,1.5227543690682277,1.2918438698688988,739.0604512603695,213.18106640979926,12.804857021986049,8.397260421257318,22.70680576306601,13.558869270952897,0.16156618167526696,0.13706628305590282,17.695645762377826,14.784386576941346,0.5476956419966432,0.6080468908673766,0.6744289374022169
stage1_soc,25,-0.23447395796199594,0.845810777107815,0.3553624012362911,0.24219172682683143,486.73314935825306,21.157254064226805,1.6075765416125267,1.3263041456603673,660.0382973360892,195.0690934740817,0.7392020567369277,2.087594805511774,0.7431372549019608,0.6676118867584598,0.43268026804880183,191.97724234202445,42.26069566883878,1.6488073265542034,1.3916073341799133,471.21319605329677,171.45860783116805,14.857195620987692,9.628970830575136,22.69427186408604,12.091098441014214,0.17494056131493643,0.1476513139228904,19.4843283699546,16.109777135562428,0.5428536888744229,2.0354015827178955,0.68125,0.6236919201852001,0.40798186219053606,570.5701701867681,34.780039797564086,1.5905591472286325,1.3553415201138705,822.3430993144987,225.1655637651456,13.87979011340385,9.079326561740292,23.630549430165182,13.501458317005293,0.16876035516065874,0.14380346477333844,18.550383483885973,15.4737531792108,0.49414242394443997,0.5428536888744229,0.6744289374022169
stage1_soc,26,-0.24558983468593865,0.8489356395698546,0.3545662823893258,0.23949196374612566,473.3482437042847,20.519634055029655,1.6134554183114262,1.3304293393723146,657.4986296465117,195.50891640082423,0.7425657548530569,1.6039003942527024,0.7529411764705882,0.5665091408645494,0.37016956475654655,155.6855568230507,40.662416378222204,1.6745002785259613,1.4121995631386253,489.90645042087465,174.7226503204961,12.60723077860271,8.237842593287517,20.863043659324497,12.663185366623654,0.17766661630473954,0.14983617569221025,19.79503901147733,16.1796495439661,0.5829884342112234,1.7002065658569336,0.69765625,0.5675990551795466,0.3617283818308351,542.1106148677559,32.073740287315836,1.6167215642218284,1.371162234406802,799.8902191099428,229.86073700625977,12.63148599410921,8.049990476680119,21.474891083210714,12.28742117950862,0.17153622098829927,0.1454820627479076,18.788317272901594,15.363312433602763,0.527376533446136,0.5829884342112234,0.6744289374022169
stage1_soc,27,-0.21638675885512992,0.8482167744964276,0.3584607382320006,0.24280652492098284,482.93641472217087,20.825392156370008,1.6170755393384608,1.3342889300381329,660.8532197768562,197.22627417233446,0.7406785530268275,1.8013159620995616,0.6941176470588235,0.5820497181161515,0.3855795779301986,178.4823436758825,44.74909986751584,1.6784144707221857,1.393363539388805,477.88027728123456,182.3045484494001,12.953074525350827,8.580780735618376,21.18265889442731,12.711459841537877,0.17808191709148039,0.1478376495365669,19.658855430207083,16.63994555416238,0.5195027316239781,1.8755911946296693,0.66875,0.5385014062952139,0.354124967750613,499.35222822248124,31.622500824107377,1.6211078394597846,1.3888415933935903,802.6879988515753,231.27675226122457,11.983939912081835,7.880782269609798,21.465651386735782,11.834693193589954,0.1720016103881714,0.14735786529622635,19.019395803808912,16.185645993536866,0.5071995781114358,0.5195027316239781,0.6744289374022169
stage1_soc,28,-0.2781603545544669,0.8541144022416853,0.3495216439443182,0.23610083370348195,474.08562579062885,20.179155597514654,1.6152508393685623,1.3310222013301511,658.3192285753045,196.4332957854613,0.7492579090583898,1.7629317980186612,0.7725490196078432,0.5619412232103485,0.3635771748555057,155.55734489201566,41.20628911823491,1.6456210770683661,1.3961710928336661,469.2246214163223,174.0584091515537,12.505575239635982,8.091133961652528,19.098023225880496,11.157476049001428,0.17460249617866203,0.14813553453965703,19.559098345659176,15.71377241567788,0.6039666526447387,1.8755910277366639,0.69609375,0.5505041643486864,0.36337181439557753,531.8434162779504,35.72857346279875,1.565255200439541,1.3342152272030945,773.9639641043192,218.67996574383753,12.25105217884761,8.086563820547365,22.44438283571672,12.518304486151472,0.16607557411712823,0.14156193813721002,18.26286588899444,15.325994278656736,0.5309425006953941,0.6039666526447387,0.6744289374022169
stage1_soc,29,-0.3060291524573538,0.8545838651467805,0.3479589187628879,0.23456776745237226,485.26106346740426,20.013529490531585,1.6066125781685703,1.3242913766295745,656.647826915981,194.2594667099775,0.7501961895179141,2.037493938558242,0.6882352941176471,0.6326259546311013,0.4110186096390381,184.36033744529945,42.522574046022,1.668260833102944,1.4004417647187617,481.3295091287077,181.12823174220858,14.078610266370085,9.146907070399289,23.995710305808753,11.71754627907809,0.1770046031834868,0.14858865827627452,19.67364895509921,16.05904612771511,0.4984475077283167,1.987379550933838,0.64609375,0.5971852253817541,0.39156266536192563,514.7741997662904,34.01787000606311,1.6032805588202017,1.371072230743448,798.2435275861847,227.25038257908807,13.289903747130838,8.71392980344317,24.267765414864787,13.00631999515431,0.17011011316373512,0.1454725132443762,18.76093281985211,15.37965746211863,0.4669381823854738,0.4984475077283167,0.6744289374022169
stage1_soc,30,-0.2989996280940614,0.8574153132931356,0.34984816546230785,0.23543624907928404,467.457061250123,19.999065471649878,1.6055027609664458,1.320670979900808,651.6180661834951,194.862635085543,0.7524608636544432,1.4517973834393072,0.796078431372549,0.44764768093610635,0.3118395960834973,147.47642170757828,39.06086269323622,1.57960363081544,1.3471018384995999,428.18909232206386,173.31480710863104,9.962059239600467,6.939753430511545,17.682849936753623,10.063104718583745,0.16759796088938614,0.14292922403978386,18.82578083349736,15.146082698318896,0.6617841270917171,1.5803879857063294,0.7125,0.4876729042028771,0.32034939521145134,484.88964488113095,33.59382904813313,1.5135338538835892,1.2845443140453425,724.8307873738091,203.16416044023032,10.852790192183502,7.129132548599456,20.448704391105828,11.021020980791,0.16058787324829957,0.13629179086839455,17.601587436931066,14.589510048639493,0.5661981287391369,0.6617841270917171,0.6744289374022169
stage1_soc,31,-0.2993686751884178,0.8597039449554744,0.342130566301035,0.23025113770836564,464.05543086804164,19.57769383018715,1.6003297034371367,1.3159058117662146,651.6263939975502,192.95450176871088,0.7570647750651639,1.9634528880025826,0.7470588235294118,0.7003558471888455,0.44362681000767384,158.6197632576022,46.05592157417849,1.6707462254103058,1.4005069861371142,467.646826683834,175.66957265516442,15.585887597822023,9.872577810142218,24.323385707554333,13.412818472412642,0.17726830647879324,0.1485955783519878,19.660379274353367,15.64157168875473,0.5369520693727581,2.223639976978302,0.6625,0.6293991884794747,0.40105845918114935,546.2290607332704,32.38661132998936,1.5911202126338775,1.3484192170122697,785.7140809710423,217.46645074777342,14.006801035754572,8.925251484717872,23.837166984453614,12.173448202995461,0.1688198849161051,0.14306899958102454,18.491301621303997,15.198128959870392,0.47368024345615756,0.5369520693727581,0.6744289374022169
stage1_soc,32,-0.3144380923304786,0.8621246130598712,0.3472102132148341,0.2332180313524957,465.2652545408014,19.985305927201473,1.5925555656207937,1.3092181395103077,647.6124572907695,192.54650110259655,0.757961549095421,2.067895648058723,0.7549019607843137,0.6311553335781418,0.41263584575305384,163.94350997608964,44.12982142790135,1.6577365459025057,1.4031023818305601,478.9917118889038,161.62590570512,14.045882711481498,9.182897432146623,21.38586175871875,12.767862271504976,0.1758879628819593,0.14887095314692803,19.60301973317429,15.534606329310918,0.5655553607108712,2.0501205801963804,0.68359375,0.618381812206426,0.39679236482770647,524.8264507860023,34.92178052574515,1.5832264501647642,1.3369555368437431,756.4129785754315,217.94782916106902,13.761617692310097,8.830312794134576,22.803245451244965,12.509976913069039,0.16798234664526335,0.14185268848686652,18.313020666946983,14.970769419390395,0.49807920633807223,0.5655553607108712,0.6744289374022169
stage1_soc,33,-0.33759716436857806,0.859219811334595,0.34796692896293363,0.23307220139840024,459.661975818005,19.725823808386345,1.6010510725638194,1.315713225501957,648.7245606966638,193.52362560640276,0.754829732645715,1.5184641407985313,0.803921568627451,0.6029558024661148,0.37546775818017186,165.6340394046616,38.32129835136443,1.6150077387162398,1.363707828379291,455.9097425839642,170.61498670561235,13.418323558534459,8.355749865003173,19.906811006838087,10.981829451416303,0.17135438191522204,0.14469114075616246,19.1064188291901,15.334067816170071,0.6230348278876165,1.5412787556648255,0.73125,0.5520971976996242,0.35167191635227935,489.2472212225224,31.583262160119055,1.5550839767640618,1.3194079878405318,771.0818072497411,215.09459758534723,12.286503926479844,7.826191473345912,20.60760948086452,11.855357220933382,0.1649963943061271,0.13999087114600198,18.066804105479896,14.794930470830987,0.5656208406901126,0.6230348278876165,0.6744289374022169
stage1_soc,34,-0.3947820731816087,0.8663057670583748,0.3389507269095105,0.22714124462680632,449.5397401064985,19.334111334700427,1.609905651044215,1.3272370311985204,659.4033737288249,194.7155715333248,0.7646205489855217,1.722881726657643,0.7568627450980392,0.5135343124756437,0.34501330463179186,159.27559590714034,43.12878252918797,1.6097283130652205,1.3703847302525651,451.71952076866563,163.7217491061945,11.428316196683383,7.678009125401475,19.286117245211468,11.101401956548855,0.17079422811681552,0.1453995685650056,19.15352880915934,15.13399363990494,0.602802451355346,1.6319745302200317,0.72578125,0.538579539634939,0.3455500198771915,544.8127881376649,30.80454774456986,1.556221951202841,1.32127351696181,747.0671629531855,218.9321412994928,11.98567871023064,7.689953315659059,21.365249733485964,10.910929366265929,0.1651171348461986,0.14018880616628585,18.10980614548261,14.81640413434437,0.5642073881095183,0.602802451355346,0.6744289374022169
stage1_soc,35,-0.42478308813841575,0.8659830113111219,0.3342526648620539,0.22275538167928138,447.2705871476898,18.745285300693194,1.6070676587243813,1.325044275825245,659.5118719985222,195.44437327210713,0.7657072118525057,1.7079369208391975,0.7980392156862746,0.5317350843524657,0.34177666431037235,149.71690015443596,37.07845701544522,1.5991682209568057,1.3497583135597262,440.42478049108604,162.15873676767887,11.833360554925541,7.60598015263469,18.276620604951024,10.922224698604971,0.16967378886886272,0.14321107943346947,18.88058312505535,14.737642478248532,0.6385186903805349,1.3712745785713196,0.7515625,0.5078501519907527,0.3205163204725977,377.64838686216814,30.781324702172356,1.5372335130252568,1.3033436349956902,756.5436841032995,207.5822425935304,11.301819521084692,7.132847343539639,18.89729369425534,10.612335816830797,0.16310243732528037,0.13828642281017914,17.84534629742933,14.75085275135433,0.5992074544027742,0.6385186903805349,0.6744289374022169
stage1_soc,36,-0.4699644685445648,0.8718512976248111,0.3284514220609359,0.21954381063179035,440.84274993624905,18.51133629941201,1.6041351143483973,1.3218050342670176,653.8849398616779,195.6066353020447,0.7733158710065303,2.046630195542878,0.7725490196078432,0.7158546621044507,0.450204926888988,153.88434678183387,45.12362998380824,1.703597386626735,1.4486879939980366,507.1330731043132,178.86847101712476,15.93080195549274,10.01896880656072,21.85452204358812,13.748343367976565,0.18075385660371904,0.15370764476760973,20.268959939325686,16.510742776150718,0.557792620976508,2.5138894438743593,0.65,0.6854968370000054,0.44696670736120725,585.653524042623,40.93112359571745,1.6085475349548968,1.3773864461982157,796.9265634266446,229.43234746982398,15.255211608540668,9.94690468975546,24.051921651947083,13.92001250502291,0.17066894605257332,0.14614245956140826,18.848359118286986,15.608988390734108,0.4443509488999984,0.557792620976508,0.6744289374022169
stage1_soc,37,-0.44853539708370266,0.8707363232252101,0.33151123231396024,0.222565403027933,450.7667403302207,18.780811561722643,1.6086602286961826,1.3230020036389298,656.7848048073781,194.97178952661295,0.771282953531022,1.8470528686747831,0.7823529411764706,0.5641734448148296,0.36181792105712435,142.7655528154488,40.881644320826155,1.6376927231924383,1.37236687472711,456.33961968717483,168.7205815238799,12.555251636514111,8.0519831041739,19.082930015950755,10.612424048911691,0.17376128771541674,0.14560987662307862,19.2917694375707,15.869788059174269,0.6131009077320217,2.0005350589752195,0.68984375,0.5521537744676007,0.3580182990903268,468.5311753044516,32.73289948910889,1.5631728936873304,1.331781182634586,755.5743465891377,215.03257777408027,12.287762999492324,7.967425402362133,21.558096996836824,11.720243539518766,0.1658546387135824,0.14130368290251846,18.236261343969765,15.345607270464331,0.5241976176597197,0.6131009077320217,0.6744289374022169
stage1_soc,38,-0.5102524196290285,0.8748294529290084,0.32699492755508985,0.21719500340322453,439.064770505462,18.157122191018352,1.5991787979620264,1.3156833191456403,650.2395632705937,193.95081525989383,0.7767309746624814,1.639955649656408,0.8137254901960784,0.5529261886369115,0.34597047038613726,156.7193162507999,32.45922539383082,1.58948231280646,1.342449345834115,447.001746188307,162.41619924687643,12.304952490334967,7.699310122486874,18.893588090402726,9.813452340414347,0.16864610165436714,0.14243558863114308,18.758367640662534,14.921529973241006,0.647847633605005,1.4443303287029265,0.72890625,0.5340332397012785,0.32991471649802406,484.5428688198496,27.068256902883814,1.5462156611760682,1.3077033039429806,752.1597778947976,212.1913815395884,11.88450425722017,7.342001510867687,19.9806970284968,10.460954785111856,0.1640554547057895,0.13874898924866058,17.918352559683946,14.678556942068871,0.5686962780896164,0.647847633605005,0.6744289374022169
stage1_soc,39,-0.480736716218274,0.8714845297302055,0.33155296772037834,0.22053806983365642,444.40818916768853,18.605921348893055,1.6027538716399026,1.3202630438734255,651.6552064838603,195.45325345886576,0.772018639414092,1.7937692964778227,0.7980392156862746,0.5952842927265979,0.3770934442806916,163.88587405667752,36.205217313421976,1.6040064407364523,1.3628232973134693,454.93024975077907,167.5205416539954,13.247599934271681,8.391928274784068,19.793313603883963,11.407270405443207,0.17018713016131395,0.14459729088136922,19.04056884362386,15.16259455788809,0.6194539278682952,1.7738710522651673,0.71640625,0.5645807877822074,0.3487279956090788,426.23327390704037,28.241453029600173,1.5430970401892363,1.3043756024613686,760.4844937919419,205.73465652330572,12.564316744956912,7.7606767525299265,20.521448664373,10.840241591054316,0.16372456503955715,0.13839591587513406,17.88490517161972,14.750658579665053,0.5470320136653378,0.6194539278682952,0.6744289374022169
stage1_soc,40,-0.5317926025013041,0.8760471223390989,0.3250566951144086,0.21543772788688695,432.24522946587376,17.97755461126309,1.596150768567974,1.3139761783855266,647.9153541959143,194.39299467409109,0.7785301138047763,1.750523553642572,0.7941176470588235,0.5585679223696985,0.35863556628133736,156.1951900868246,38.69836231217576,1.6461656144205963,1.3913626827116983,462.5456084456949,176.02677397374208,12.430504990780287,7.981162215006064,18.85753229675306,10.843781669206784,0.1746602722865928,0.14762535608992425,19.516044510075602,15.537823519141106,0.6265472703479139,1.8592029452323913,0.70703125,0.5464569942833775,0.34697690161519856,498.75998579049593,28.11571079979672,1.5837972424576807,1.3547861811995972,764.4950600565896,228.93381914394314,12.160985482067154,7.721707485304719,20.840916289122266,11.468540641070492,0.16804290843590367,0.14374454260589148,18.57066143759637,15.212158026984135,0.5430941517149868,0.6265472703479139,0.6744289374022169
stage1_soc,41,-0.5354872061039657,0.8765605973915467,0.3226541027695626,0.2148787570611977,436.6662045047713,17.947790864955135,1.59427388360391,1.3119040368473431,644.1975711291124,194.28273804079146,0.7797643665606779,1.9393198003955916,0.7862745098039216,0.62937320871795,0.39536252110721726,150.77817642268053,43.8397512212598,1.6508659340206968,1.3972195905213263,458.65606468863643,170.16600231324412,14.006222875888316,8.798492707817815,20.2662514719328,11.472380076948973,0.17515898219402612,0.14824678148225767,19.562224649320225,14.875072322776937,0.5974625471885365,1.9879748582839967,0.70078125,0.5972369374926817,0.3691381218879542,502.2591083247456,29.664829624975336,1.5657295930089774,1.3326106185908428,761.5439932740161,220.79998482237286,13.29105456089444,8.214888615423288,20.94482285754784,11.230974531575368,0.16612590777409608,0.14139168711588254,18.267236952063428,14.74266801676934,0.5216101687521955,0.5974625471885365,0.6744289374022169
stage1_soc,42,-0.50653481911062,0.8757537080234145,0.3289530955851091,0.21798755182442453,443.36482221265624,18.131887799393358,1.5929423513194232,1.3123083124595405,645.3492517213338,194.0524121295796,0.7770677793478817,1.2341372480579451,0.8313725490196079,0.43135177993215407,0.2953658936983522,147.97353045518997,32.490678193912544,1.6361465294230333,1.388794509153448,460.32046015187905,176.34899053859397,9.599406336262385,6.573143692439906,15.939123459852295,10.284638941437024,0.17359723458345577,0.1473528695982652,19.44306635670881,15.329185011933543,0.7019670150399617,1.2800754070281983,0.75234375,0.47430175392640817,0.30496857740836275,393.9561771369255,27.982431639497932,1.571068276966514,1.340783602563897,739.7442795944895,226.06888634946162,10.555225395517446,6.786844127072394,19.597629713480718,10.302458782066683,0.16669234895444088,0.14225885114459424,18.383740897487655,15.12211752538919,0.6100532238220775,0.7019670150399617,0.7019670150399617
stage1_soc,43,-0.5629947823920814,0.8802282763376025,0.3196295868229191,0.2119264452131406,430.4791639640885,17.6122279088509,1.6032674783391005,1.3219236243357468,647.7829280047245,195.91978998153925,0.7843394002907268,1.7862358102611466,0.7509803921568627,0.511463517662109,0.3487104091994172,162.84987457287892,43.38821328775998,1.5917872957811359,1.3572024940385246,452.4829761517331,168.47483592796323,11.382232230466132,7.760285380336298,20.147633061360747,10.834888702206865,0.1688906632892635,0.14400091648144786,18.960287956960233,15.78353213511924,0.5975413368582301,1.7809112310409545,0.70546875,0.5324266334889658,0.34080406425273396,480.11569442179854,27.972735015761817,1.5459028896038363,1.3080628134506695,743.9536089296234,217.3951608576533,11.84875045586393,7.584335676848798,21.524885285490903,10.860930783979672,0.1640222692428622,0.13878713366618003,17.969903134033295,14.890097887932761,0.5457407599533103,0.5975413368582301,0.7019670150399617
stage1_soc,44,-0.5439067868551346,0.8782477297067324,0.3232899736576805,0.21364644176304612,434.5797544246408,17.563398895144662,1.6138147018607079,1.3310616013650183,657.7152368196222,198.23808762974735,0.7812607376094283,1.6900220842922435,0.8352941176470589,0.44376321981631006,0.3065787375722007,163.4945970575952,33.11377040230008,1.6109818367828326,1.3626445931072035,436.5092811700818,166.4512675756938,9.87561350685722,6.822677018921304,16.983487742106878,9.868881124993027,0.1709272285828184,0.14457833013704816,19.050950929791327,14.794164179030409,0.7021651517021659,1.3591795802116393,0.76171875,0.4934785705618037,0.3104666206450929,457.62029871183074,28.167847780568515,1.5347035163369718,1.3054143053945153,718.4134908553207,214.9575481140612,10.981990888749241,6.909198904632402,18.374785920188515,10.017135749276402,0.16283400144824042,0.1385061235817822,17.87603584601873,14.353870056221249,0.613675178831459,0.7021651517021659,0.7021651517021659
stage1_soc,45,-0.5461830890278542,0.8797001305693705,0.32323775581529424,0.21470676819933476,427.9469529931038,17.979291967527608,1.5943936873280053,1.3123848305579635,646.009744965929,194.007480435526,0.7827288038247822,2.6896230641533347,0.7784313725490196,0.6989689285854153,0.4398673939189928,183.3416424038772,34.77520282664328,1.6071275721151048,1.3618780795265646,453.92184838865967,167.27087037470346,15.555022777392296,9.788914859619545,22.710484880833068,13.453357274299858,0.17051828618332185,0.14449700206802948,19.037105009484513,15.653080507074502,0.568740693973395,2.492104005813599,0.66328125,0.654966685897403,0.4168106339324368,474.7444036536892,34.994265219017876,1.5509243104460186,1.309111673130974,733.7029541346053,212.52221579568652,14.57578627734703,9.275804173155148,24.213772800599905,12.608462766423287,0.16455504840182295,0.13889841901666208,17.94565360102106,14.459267384221775,0.4667912442307791,0.568740693973395,0.7021651517021659
stage1_soc,46,-0.5899718047883025,0.8831330780628787,0.31878676359660413,0.2105950567684222,430.1559115388081,17.541806392240687,1.6058904757343895,1.3250553908624663,656.2775174046308,196.5423789266865,0.7874970489838974,1.6199825501909444,0.8274509803921568,0.48358643385196554,0.3260436085290184,161.87117804754192,35.821573540132846,1.654802702956508,1.385220655203596,451.5355588062116,175.40297122073787,10.761848897387736,7.25585294235622,19.560574709768634,10.235623502312798,0.17557667840164626,0.14697367913375453,19.46775747946339,15.683724547794856,0.6823750502365672,1.545144259929657,0.73515625,0.5279422216782249,0.33769230965735914,368.970931630782,29.70709742302801,1.5783325403964124,1.346781219757395,756.082004873434,222.9352639506623,11.748953276037282,7.515085941089199,22.33959472435086,10.151844590327048,0.16746309657394703,0.14289520598210903,18.455681226190155,15.05742528393542,0.5767735834965325,0.6823750502365672,0.7021651517021659
stage1_soc,47,-0.612121545554743,0.8835878702521897,0.3171964615061804,0.20855227677063734,415.2349890118884,17.207631058249046,1.6061494181330715,1.3269119058089087,652.0803019106175,197.62328966897255,0.7884289318003356,1.8696898077048507,0.7843137254901961,0.6358954778952011,0.3909640513387892,180.81079337179165,35.7040242280929,1.631437237918163,1.384210242674339,455.40021885844635,178.03698235088478,14.151371024058145,8.7006081028869,21.987488649758138,11.09612297174542,0.17309757274547774,0.1468664730750592,19.39737704002881,15.501491083447876,0.5935450821216357,1.7507243633270264,0.73046875,0.5808542289077782,0.3676393540317804,435.0750320285244,31.854918628379288,1.586143854094211,1.3469105981232132,754.6567514418715,227.9731964843964,12.92646982075543,8.18153467480108,23.523872422793403,11.367597610369035,0.1682918869249432,0.1429089331918162,18.485891348852714,15.034590088289097,0.5562124813276665,0.5935450821216357,0.7021651517021659
stage1_soc,48,-0.6165263238490514,0.8830010416208207,0.31084295929193767,0.20521364133655726,413.91268247194864,17.039653360417407,1.6171173954267424,1.337477919988471,665.3720313355327,199.47152758952666,0.7897481538332394,1.5251068059135886,0.8254901960784313,0.47853561988598925,0.31606900034581914,130.541256606593,39.12385326169638,1.6359003295912604,1.39173941632331,468.7673323838165,170.92060065389984,10.649446867666422,7.03387561097579,18.518933959778053,9.32971063650485,0.17357111246714035,0.14766532800684878,19.468145733669978,16.163811104390874,0.6819295101126346,1.5426324486732483,0.753125,0.5025578816197512,0.32592700418499587,454.1042738111545,29.335576540034836,1.5706005621362251,1.3437650574429427,773.369119991846,227.41798011143212,11.184044062407798,7.25325800121787,19.930434347257826,10.284891056457269,0.16664272381411774,0.14257518731175903,18.42362708779006,15.30074743190676,0.6023576355140747,0.6819295101126346,0.7021651517021659
stage1_soc,49,-0.6257564154574808,0.8858178190513916,0.31306696643206117,0.20575483012467888,410.527105740021,16.98705782802816,1.6163287102437085,1.3366492707411968,664.7450745674745,199.2148789949167,0.7918977291217733,1.5362008852117202,0.8490196078431372,0.4454441120435577,0.2992955882266602,150.3671922265336,32.3112905081258,1.6269004766008828,1.3890417807315494,463.2796492332274,171.31854342341973,9.913020487070341,6.660596060343774,17.199359791784694,9.668364936456467,0.17261621658056092,0.1473791054282337,19.412695053788838,15.56287919852627,0.7153863742300699,1.4315218567848205,0.78359375,0.4912220779421659,0.30879143692400246,370.73655029334714,28.389945303865296,1.5669051039195276,1.3445151668871405,768.3182632368078,230.21325174768174,10.93177435885782,6.871918962889334,18.22008923552921,10.213325302610874,0.1662506309817211,0.14265477488096873,18.41410953407336,15.297795873677803,0.6362271266173503,0.7153863742300699,0.7153863742300699
stage1_soc,50,-0.6630329785593158,0.886111233367076,0.3085864778255784,0.20290312788641618,407.0152676812097,16.855006677330376,1.6142256160608413,1.3343417742145252,661.1998754758276,198.66130549377868,0.7935352900194025,1.719957129160563,0.8431372549019608,0.5660272242041249,0.37156375641660655,169.78560231436626,34.585956569065544,1.6017554456615717,1.3683288922716006,468.83954943919224,169.2476060265805,12.59650608924509,8.268869270070093,19.15301238425784,10.234640808771118,0.16994829671147735,0.14518144153186455,19.10804087979139,15.96474162801795,0.6733290876407233,1.704189121723175,0.72734375,0.5629355641889499,0.3555155982117867,413.0990186531868,29.796565438957543,1.5611896915286194,1.3238530901260674,751.9808485479549,222.3313946229313,12.527703543109988,7.911729694615185,20.53320929523246,11.4135379129524,0.16564421843386967,0.1404625021706888,18.150291318004633,15.229288043105502,0.558463080743315,0.6733290876407233,0.7153863742300699
stage1_soc,51,-0.6829514425050229,0.8911286181652803,0.30596553046298675,0.20030442096742615,406.1099926027591,16.395718721489448,1.604580818319056,1.32561614031876,652.677935120365,198.49206135382659,0.7993389590263843,1.7961422387291404,0.8274509803921568,0.5098379170566053,0.33786624616888516,144.6802359333764,36.3790083774992,1.6553285514997507,1.40663216134862,465.09290905866993,169.6627709443191,11.346055723311903,7.518956766082927,18.32111827086339,10.466219145068099,0.17563247160309559,0.14924546725798418,19.66972293537583,15.48830139130379,0.6744996052751753,1.72624831199646,0.75390625,0.5365703302077083,0.3410556290004024,430.4071922516866,30.060458101906693,1.5863243252658148,1.3530149490747134,767.6860087680176,225.80408808122655,11.940965280023699,7.589934059294627,19.822609027160496,11.24364040057037,0.1683110351465414,0.1435566126172531,18.53980550807878,15.418948091380514,0.5929351509376876,0.6744996052751753,0.7153863742300699
stage1_soc,52,-0.6898732308935654,0.8906444845444009,0.3048189994742251,0.20004987901803228,398.45772963138825,16.371114532215763,1.6067330921454752,1.3261837031684314,653.4087489684176,198.57300355848852,0.7991987847021333,2.0043737355400535,0.7470588235294118,0.5860496440703927,0.3694721653984458,166.82340564387667,33.118754114906096,1.6514162747032697,1.3983447624626113,473.7328040837831,180.5526429677513,13.042089840311998,8.222322500109483,22.219733878213948,11.016163510295481,0.17521737404271168,0.1483661636610084,19.628774346521155,15.848792390048358,0.5712439303082939,1.9870105743408204,0.7,0.5839709410918305,0.37732904634758596,498.52680267092603,29.637516839698065,1.5888132241640165,1.3641067887903773,773.8597611846637,231.4291552179793,12.995829883886742,8.397171419889759,23.525629968607866,11.705289668608167,0.1685751104956105,0.14473347096487382,18.69996775356854,16.019955839780458,0.5248087176724509,0.5712439303082939,0.7153863742300699
stage1_soc,53,-0.7009575557042764,0.8908205331338116,0.3070774363249336,0.20095511881915837,406.6292898716056,16.327814383458115,1.6125572770644159,1.3325617250219908,658.285318902518,198.95937712605638,0.7986973022363315,1.8014774626376582,0.8137254901960784,0.5316071450886456,0.3411386481513653,142.95670444610408,38.9477641508136,1.6402497196160934,1.3938599747039524,456.3149501015696,170.21092540676358,11.830513363753722,7.591781587462725,18.182487937774184,11.220361402532795,0.17403258829883259,0.14789032195698237,19.511606115541703,15.701559674753895,0.6542433466694848,1.99419424533844,0.6984375,0.5347219588056167,0.34722942841581245,312.86694107195535,31.81255030263916,1.5529747638789118,1.3262916413594212,734.3866521486736,217.88637586590937,11.89983117794165,7.727327277508357,21.02834370480784,11.437322511598847,0.16477260412754266,0.1407212355682712,18.163442504504168,14.950037560462615,0.5380209123583151,0.6542433466694848,0.7153863742300699
stage1_soc,54,-0.6949138328499276,0.889001364376568,0.30563384036732166,0.1997308571657214,401.5312120643642,16.313355438113483,1.6054249880615292,1.3266767324776225,650.6243646449718,198.90419517617968,0.7973112122663715,1.4543430473290238,0.8372549019607843,0.45136294176241776,0.30492918468171765,138.7711659563059,34.29029517144488,1.6155502508922062,1.3668105564573232,458.09757891444957,173.6744718953858,10.04473954828627,6.78596747185187,16.714731099241803,9.68882886987021,0.17141194314936703,0.14502034416449092,19.18779317835449,15.49952894154119,0.701846019432059,1.553450059890747,0.75078125,0.5131949392168088,0.32949397550728465,372.0107086596392,29.98324038031924,1.5551634624299926,1.3278996471010032,742.7801781537294,221.4065159375965,11.420763702494694,7.3326382395881184,19.600194680805295,10.818325244628515,0.16500482783671036,0.14089184702935556,18.218215426145818,15.153582374565971,0.5968227682349573,0.701846019432059,0.7153863742300699
stage1_soc,55,-0.7454290327509477,0.8935199448381087,0.3020482536865195,0.19692069378829602,390.91768742240384,16.13872123257161,1.6005561305630758,1.3216015065306168,650.1469366993342,198.74959572271587,0.8029054687321528,2.2738469282786054,0.8156862745098039,0.5091735394418184,0.3464400123074359,166.44940103634787,34.202055033370264,1.6068163013519023,1.3749398180228822,454.09277666053583,170.1731783306625,11.331270503957855,7.709759421421409,19.859453334800698,11.284310305176863,0.17048525995814767,0.1458828691899752,19.21650200505628,15.36731752116545,0.6629342126772584,1.747088074684143,0.759375,0.5356377612223466,0.344101368099291,349.54061399682877,29.979709234687924,1.5532581789976216,1.3282329052351998,741.2853576922258,226.29162641936438,11.920211665355666,7.657714670305602,21.61973290049504,10.920965738680856,0.16480267483329084,0.14092720614264925,18.216427516391708,15.379290811418475,0.598683671633296,0.6629342126772584,0.7153863742300699
stage1_soc,56,-0.708677979485592,0.8931825183750716,0.30955051282486484,0.20201455882968639,398.9706687391681,16.597412252666608,1.602221665218369,1.3246330598450755,651.3334132477324,199.3279408032973,0.8003173645276122,1.6164751847585042,0.8254901960784313,0.5143677861149478,0.33620484758752817,146.39255499596277,34.27084528844584,1.6634882155389459,1.4174354045049233,479.53463303231206,178.46057205191318,11.44686451966817,7.481983602157547,18.085899799435282,11.219936572153667,0.17649822236982787,0.1503917051423919,19.856732291975234,16.46469180356609,0.6711798602439469,1.6604615688323974,0.73671875,0.5306075696056688,0.3415002696830925,338.0731502353742,30.314144419094532,1.608873262919814,1.3830577953689498,782.4254716787594,235.27957300895892,11.808268570359404,7.59982920007148,20.12331481435053,10.953775975424948,0.1707035062052976,0.14674419694537216,18.93932283772842,15.435170246299274,0.5775364791182993,0.6711798602439469,0.7153863742300699
stage1_soc,57,-0.7462844947532293,0.8941214441852618,0.3030311579154241,0.198526977049346,392.4190317654433,16.338648385670176,1.6066502133357257,1.3297276683070562,653.0294583522536,199.7720665443929,0.8032120968106347,1.535328085749757,0.8490196078431372,0.44890411006823,0.30680736064107395,143.82374514640898,30.54888476990414,1.6132017850301372,1.3692005494865132,452.72669088199353,169.68149001944832,9.990020115927138,6.8277648517252,17.21110620395325,9.749764926241014,0.17116276792463178,0.14527392547464865,19.16083014277911,15.506185745088526,0.7143483748226682,1.39255393743515,0.7734375,0.48276791960925,0.30269038656715563,232.64300106982304,26.18876212579716,1.564824957417138,1.3406489531713306,755.1442461686822,224.50510187797022,10.743633484415334,6.736144719735444,18.875512871291882,9.993002341804555,0.16602992478343787,0.14224456467222302,18.37092952434322,15.599407890240329,0.6286071241172251,0.7143483748226682,0.7153863742300699
stage1_soc,58,-0.7729416663169287,0.897099599489459,0.30114995215867973,0.19594138439565736,390.2664901390602,15.934542048014618,1.6069470785408524,1.3272981302645022,654.9951291338434,199.20766956689698,0.8067546138418551,1.688101951748717,0.7862745098039216,0.48361278696016113,0.3201645685688538,146.91548285515347,36.48379058177158,1.6458776260816406,1.3921864084607245,469.9473791209742,177.729063647671,10.76243536580067,7.1250193720076265,18.371803153156183,10.210399445310273,0.1746297163563409,0.14771275444301465,19.541454113465143,15.841172881705278,0.6411906737158732,1.6313596606254577,0.7390625,0.49854874133773974,0.31295135620930525,352.3821880015805,27.235296312317306,1.5682003988115436,1.3349147398868808,751.9168672228363,227.55089336719726,11.094823689578549,6.964494807950078,19.441682441677457,9.921330509501692,0.1663880634226305,0.14163615732557586,18.328440227201327,15.392347693452543,0.589497877598678,0.6411906737158732,0.7153863742300699
stage1_soc,59,-0.8104928670882228,0.8970262459105379,0.29844988257190086,0.19462342030016194,384.1391990515903,15.780197486125402,1.6027837193451653,1.3237405154705977,651.6516622957765,197.8140402230256,0.8074912811389676,1.61669654378704,0.8568627450980392,0.4544715788041041,0.2961971482152448,139.83266846657395,30.723400468981424,1.6027463797347041,1.373326155775245,455.45917615936213,171.37984240892504,10.113919905255695,6.591642630540405,15.689974838564028,9.35857251239396,0.17005343608112233,0.14571165756638038,19.17271146337281,15.19155137580843,0.7205212714568079,1.5578119874000549,0.77734375,0.5050962998185721,0.31806986063129444,411.67690943193776,27.872680594214334,1.5505010390356642,1.3185360805684467,749.4822346863405,222.54670920421282,11.240534631997372,7.078403237372482,18.31809549857432,10.280190503093309,0.1645101387650671,0.13989836067183278,18.08125893322279,14.68453590406775,0.6258148600544284,0.7205212714568079,0.7205212714568079
stage1_soc,60,-0.7462440367471692,0.8957498936373106,0.3015020936980472,0.19749808653185086,392.8665327995953,16.19144046702464,1.6088990399173722,1.3299015523126942,654.6517513485198,200.3137149626681,0.8052992655278964,1.8228897842706417,0.8117647058823529,0.5268208813677523,0.34097134445373917,164.18619731335133,34.10944973764619,1.6312685890295229,1.3882721457046037,458.8510524614838,174.6334411944008,11.723998698863284,7.588058370706034,21.14845273180458,10.44897632240821,0.17307967888318793,0.14729744616977875,19.43518855261687,15.666062467183158,0.6537184414720273,1.7084547877311707,0.7640625,0.5507730734613443,0.35209602012619146,425.41600114935534,29.47797758972524,1.5583918114241568,1.330354504542629,752.6859140133172,223.70802997866582,12.257036546966669,7.83562958081162,22.181262452248838,10.937641758750711,0.1653473597845395,0.14115231053644323,18.22864374652982,15.035353118419877,0.5988305779615967,0.6537184414720273,0.7205212714568079
stage1_soc,61,-0.8268190747077723,0.8999603890673826,0.2963497025706313,0.19233641727860104,384.46727130530167,15.586668037645465,1.6078569157531861,1.329175997632409,655.4456905750508,199.27513238727332,0.8110554782961932,1.7261015817230823,0.8411764705882353,0.5362594667591407,0.3371660225577287,138.91986200046657,35.123987147207984,1.61966793801353,1.3800961100441569,456.27082704331855,180.5144623214287,11.934047250014967,7.5033738212975996,18.249958892165846,10.133001378451436,0.17184883500733147,0.1464299583531406,19.347275641946794,16.225751692481353,0.6802986305604931,1.7550771355628967,0.74453125,0.5240793859527377,0.3310589109769353,442.8299651240204,27.230846002609336,1.565345655825228,1.345540232284111,767.3777067683404,232.5839371152669,11.66298880002419,7.367464690207075,20.15259663057581,10.382852365506466,0.16608517154897562,0.14276353562762634,18.443930391116545,15.765851356615293,0.5873074342141786,0.6802986305604931,0.7205212714568079
stage1_soc,62,-0.8082678498963386,0.8998283526253246,0.2951093986079049,0.1926459215905323,388.568680618856,15.597186733627447,1.6102337969937175,1.331476515720171,656.8915828886898,200.07759968099367,0.8112955330429531,1.61666053276436,0.8431372549019608,0.4429618986155396,0.30453799385212216,145.45472434786402,33.55748997076246,1.5927973279455085,1.3592825839405551,458.22708887939314,167.47268146043672,9.857780711978604,6.777261816971073,16.90314874797758,10.685733951542993,0.1689978289907592,0.14422161667436076,18.977870382431064,15.332704514437529,0.7102486853172989,1.7415102958679198,0.76484375,0.4712459241913701,0.29612838868451946,254.7976260022082,26.070420187726086,1.537769137183245,1.3154469387787686,737.6816447844946,221.5992178785427,10.487220225060803,6.59011243939334,18.11112511862069,10.012233367224093,0.16315926773192838,0.13957059878603553,17.998715266402268,14.818771776744859,0.623469972742589,0.7102486853172989,0.7205212714568079
stage1_soc,63,-0.8518737236965661,0.9033346536977539,0.29323350769215467,0.1899020319898265,384.9895579114716,15.31916706633782,1.6100395392925884,1.332016877472272,655.5537317849421,200.35112909638295,0.8153646013901075,2.094958426905613,0.8098039215686275,0.49123284875550577,0.3361109356359378,171.15809068326993,34.39051523487929,1.6043431538866564,1.3582808892735663,447.4272075540636,168.6423126348197,10.932014055130402,7.4798936629824055,18.349040661252637,10.532416306797845,0.17022285585621486,0.14411533559197656,19.020935068841073,15.062992377311252,0.6624340669419757,1.6361124515533447,0.7625,0.4922460300857792,0.3119848610424015,281.04581460596097,27.59705458469557,1.5417380379463628,1.3126819166107453,744.3888551854727,217.10344901047378,10.95456163632536,6.942986191872031,19.512464992428082,9.672954782567803,0.16358037316742774,0.1392772264056901,18.006022918527982,14.861726875016515,0.6148261909742662,0.6624340669419757,0.7205212714568079
stage1_soc,64,-0.8704321299600235,0.9035693851503015,0.29224374293665356,0.1901419877357951,382.28554457448575,15.444116830258272,1.6069797275163789,1.3281308394622113,648.316363544413,199.52629936367424,0.8158962622693055,1.613370938394584,0.8156862745098039,0.4220167214375523,0.287157868590279,145.84566943049674,32.3139058474125,1.6453368734911997,1.4015838274695709,481.301170991191,178.9183757519343,9.391661697590546,6.390480326026922,16.264367018448315,9.260961804021594,0.17457234181646553,0.1487098325914694,19.6509823045874,16.2751051841215,0.6890812580785383,1.531181311607361,0.74765625,0.4820838180439713,0.2949781671379242,382.7765738631698,24.108069251535547,1.5820956368416634,1.3583615354451468,764.3210587930107,233.46818911276335,10.72840932351952,6.564515132239005,18.692356661871084,9.074653782575453,0.16786236590870324,0.14412389225369013,18.636145316039112,15.69886216128516,0.6030311045868086,0.6890812580785383,0.7205212714568079
stage1_soc,65,-0.848721323745669,0.9007232662881622,0.2944808244528913,0.19163471362616594,385.72293530835066,15.592579519117313,1.6039576847922161,1.3268643396766249,650.8107302012962,199.6890588129668,0.8123790189522948,1.7215694179721908,0.8352941176470589,0.4213921577004725,0.2865198789347036,146.5797628720594,34.040290304906364,1.5751764643380208,1.3498569527677462,459.19425846568464,170.02101753961205,9.377762505854125,6.376282350668706,16.291409276733873,10.180688269217198,0.16712823287682754,0.14322154517930938,18.842201771643474,15.337785850672233,0.7088764703369171,1.4497906565666199,0.80390625,0.44180394126003947,0.27458112292079023,183.91700788298277,27.134998567770623,1.5329128356403379,1.3106521533380147,745.3009494826063,221.18978058584136,9.832011250270904,6.110594400696465,16.93161423203799,8.858917776888598,0.1626440079413219,0.13906186593236539,17.957932074862164,14.502755355687004,0.6713650676219882,0.7088764703369171,0.7205212714568079
stage1_soc,66,-0.8940223148342253,0.9066355647492041,0.28920858572043967,0.18758556725515624,375.6302719698998,15.104377365895951,1.6025461351443884,1.3259735961292591,653.5232674490898,199.74324292694007,0.8198729890330723,1.6460471648795931,0.8313725490196079,0.48532148266775404,0.3067306573137495,142.80466312867293,31.89284865110838,1.6127204899426095,1.3794108071163589,467.68832209422914,171.0044451492854,10.800461091357642,6.826057877416557,18.86079153188296,8.993714800872766,0.17111170190168645,0.1463572468380175,19.266331044554118,14.9848095609716,0.6857761042192817,1.3999500393867492,0.79453125,0.4887554971918191,0.3019031253828871,401.43004850425496,25.150268983784386,1.5677026314120182,1.3458326896477957,742.9025430053673,228.89642894444074,10.876882477137741,6.71862481984828,18.32048560831794,9.573063010424251,0.16633524966636265,0.14279456572710472,18.426187159965373,15.145363954793645,0.6479046008424543,0.6857761042192817,0.7205212714568079
stage1_soc,67,-0.9336137627585716,0.9082200020539002,0.28694659527352034,0.18595262332519016,371.7911288515505,14.859392131881624,1.604401287749386,1.327383044814625,651.7027757560757,199.33761962879606,0.8221360234718441,1.533705679575602,0.8666666666666667,0.4451799544353403,0.2931541164716085,145.24164416230198,29.95849822834864,1.6227928603651818,1.3712318582423761,463.6701205406069,170.22580028004649,9.907141860074775,6.52392226966487,15.607960053593878,9.625480955433147,0.17218039325641207,0.1454894499257058,19.236525254547608,15.896632537414483,0.7331126803360646,1.397118592262268,0.7765625,0.45613783661494695,0.27903006135129543,296.30040659752007,24.339501074140294,1.5688766399478304,1.3450665504700736,757.9040675963644,232.9181091463779,10.151001207643661,6.20960214738097,16.31740764118813,9.348017004467746,0.16645981347011085,0.1427132773827133,18.417277962899508,15.514255675033056,0.6397211490155159,0.7331126803360646,0.7331126803360646
stage1_soc,68,-0.95483764875992,0.9106259994425128,0.28113978392684846,0.18134919714059838,365.13284963946836,14.565780782301353,1.614332868959895,1.3379630900019663,662.2692956193156,201.96236005780267,0.8262840642644582,1.6924416420506496,0.8431372549019608,0.4814492579686676,0.30863752300558867,152.01216096731304,34.67576305948203,1.602302313594826,1.3579711283392766,461.55281453029943,176.73356172072647,10.714287670866161,6.868493725502129,17.80255318846872,9.834921928869097,0.1700063200970288,0.14408246956157666,19.06294270500172,15.806459202906131,0.6987024775113605,1.5348266959190369,0.76015625,0.49367885435628533,0.30713654537630647,320.1808239230751,25.91132850840895,1.5452680200846645,1.3148754039008055,741.5173594822521,227.06188047058288,10.98644805251961,6.835090608057277,18.760602929408314,9.91860739806009,0.16395490877675015,0.13950995820617415,18.042207376476355,14.949167001589824,0.6120525936931144,0.6987024775113605,0.7331126803360646
stage1_soc,69,-0.947314658871248,0.9090855742851693,0.28485619312992544,0.18358120623609656,368.6229571486755,14.748239777630062,1.607091626747558,1.3301872232085281,656.3777774444953,200.63030053815004,0.8236287163461917,1.7449066713744519,0.8411764705882353,0.4615938478579813,0.29888899503640975,140.88374909258889,32.95415325382691,1.6551916733580914,1.4076086566728705,476.90807609716,185.99990035309511,10.272420595098932,6.65154763762164,17.1088505316925,8.660433790397857,0.17561794865760158,0.14934907465794814,19.746941221082036,15.86166761218066,0.7026983162308409,1.778397524356842,0.7546875,0.5004592599218421,0.3115227531259734,511.132443692569,27.868126291121023,1.5932059739267321,1.379528562624182,769.2435345707269,240.99340848378205,11.137340830007794,6.932702331071238,17.62707458702173,9.728492346675836,0.1690411868508215,0.14636974084766,18.89161565559475,16.160393853613076,0.6045497220234473,0.7026983162308409,0.7331126803360646
stage1_soc,70,-0.9691847628548016,0.9112861816528028,0.2806466393022104,0.18132526378381478,363.35802366530845,14.626361776313935,1.598802219305266,1.323215329684832,647.7189564142159,200.35149809795092,0.8270921898621397,1.5397872158125334,0.8764705882352941,0.4822939625170224,0.3050019209757082,127.42961070401564,28.216744567349103,1.5878634730344996,1.3539189869063157,457.6136825971264,166.4196630209816,10.733085929204222,6.787586162845839,16.23591565857478,9.195590140001428,0.16847434068883482,0.14365253218478735,18.93757525862791,15.334362973051796,0.7317823994801874,1.6786288022994995,0.76171875,0.48312954100294486,0.29994527163398743,358.1923842321379,25.618233470519534,1.5621071797494557,1.332341463882767,746.695808942449,227.0179619832629,10.751681093952286,6.675054271268143,17.52414054882352,9.40767540551722,0.1657415651048651,0.14136312945789972,18.27263561640778,14.987541385973753,0.6167798876991165,0.7317823994801874,0.7331126803360646
stage1_soc,71,-0.9337106439748749,0.9090415621378167,0.28430555941565133,0.18386957321614258,371.564303209439,14.734185281435558,1.5993021564500318,1.323983717740358,649.9374509472019,200.73984929390866,0.8237498943131213,1.5158901883106606,0.8411764705882353,0.39006808346613236,0.27819273201931344,142.16491428267972,32.30466916048209,1.6233371377665942,1.3881388700110655,463.8611649750443,170.45970404395013,8.680669018190825,6.1909680188832725,16.027253895538866,10.2182506697391,0.1722381417832294,0.14728330544862733,19.38565588935814,15.521144381320827,0.7241560455483956,1.225906604528427,0.784375,0.452784979478266,0.28113540466947595,384.9804707738532,25.96132492705688,1.5713582340868566,1.3496256609942066,762.3346488626855,224.1724846964628,10.076385917896857,6.256454964336377,16.43368765565659,9.704247760557331,0.16672311377491023,0.143197004826996,18.453537714053965,15.356835481599841,0.6485395061565202,0.7241560455483956,0.7331126803360646
stage1_soc,72,-0.9722103222428763,0.9138242154834735,0.2770945114113684,0.1789864082465642,362.23743687573165,14.334319293596836,1.597543916952717,1.3190472304954968,642.5946058943332,199.59863354991634,0.830695862060063,1.8495265988742604,0.7980392156862746,0.5074999048296917,0.33080342038735455,156.27367958510473,31.64163331209223,1.60170683368186,1.3594083025613253,450.05455987215436,182.05356404147415,11.294025036458534,7.361778941130388,19.243100308051634,10.139147816654459,0.16994313891839843,0.14423495558044827,19.063612455420834,15.797915113562013,0.645789244237367,1.6152097463607789,0.76953125,0.4938844189708975,0.30807314848752865,286.16670001291357,26.918414701361094,1.5484593076072803,1.3264650203898782,747.925846901389,230.1934351562133,10.991022736932248,6.855933999133219,18.939523381241877,9.376212102564734,0.16429350845515556,0.14073963130464376,18.19667272817246,15.200453492094375,0.6213659243087307,0.645789244237367,0.7331126803360646
stage1_soc,73,-1.0004192706384796,0.914058946936021,0.2802065224142682,0.18042394743986756,364.250868996153,14.329483898427908,1.6017784396022996,1.3255622033227363,649.2345732500903,200.3827641382513,0.8299969902117406,1.726493345522413,0.8392156862745098,0.4759861541375711,0.3054224142832134,159.0668986441856,29.07885534677274,1.5863820036233418,1.3579405992200562,462.0891953341739,170.76969656878384,10.592710443248981,6.796943922123096,15.715939309143362,9.317507929881506,0.1683171548938757,0.14407923038307058,18.960881112273828,15.913910364255436,0.6964198400332384,1.4244208216667176,0.79765625,0.4647346948680613,0.28661902949424983,341.32020288841665,24.91845769482076,1.5346140070006264,1.31351605305681,741.4622780794174,227.2470354889868,10.342317760457876,6.378488871086221,16.31969687845139,9.316290619695144,0.1628245043934354,0.13936572934702088,17.998343194290403,14.836168971109943,0.6582358415395816,0.6964198400332384,0.7331126803360646
stage1_soc,74,-0.9805779816488277,0.9127679239470093,0.2807627840329487,0.18176468275121932,362.12781997001895,14.452767965776065,1.605129293303435,1.3287399119880516,648.0597907413728,200.45686832640763,0.8285390887371248,1.494185665542004,0.8529411764705882,0.4099542556926712,0.2771660587439934,139.81673596620186,29.339816066302838,1.6122670485385975,1.3854108230229103,472.5345876760052,181.34831301462287,9.123220681488627,6.168120184695761,15.120308077367142,8.865827874176736,0.17106359119010495,0.14699385618204822,19.35385816418132,16.026709480976017,0.7299548997627868,1.5195542573928833,0.784375,0.45537809163548676,0.2848651681695628,335.9814530889924,23.86774627266672,1.5510365215436182,1.3317687402130105,766.9508328692992,229.93422693859657,10.134093660001406,6.339458019015148,16.97756686751003,9.526863589024071,0.16456695414246572,0.1413023627457121,18.243329512053666,15.353203109394286,0.647761572509354,0.7299548997627868,0.7331126803360646
stage1_soc,75,-1.0370072016208756,0.9163475785983598,0.27390030564507595,0.17598959179036425,355.3057088848301,14.036246890368012,1.5957742419816128,1.3200384779526069,645.1964158675153,199.88240034123086,0.8341774869048371,1.6466619987113804,0.8588235294117647,0.3874557353025492,0.26465367858170297,129.10802169909383,27.874377909022,1.585287774106368,1.3504243289248323,454.320757870215,172.10175231112567,8.622533193370607,5.889666664855163,14.453928042060928,8.745927308874297,0.1682010557458286,0.14328174451357897,18.897370788000444,15.469732002945985,0.7425868088209999,1.4513228416442872,0.796875,0.46050299710594383,0.2778434808198654,428.88262440810814,22.61011931484076,1.54899584930596,1.3287147276219913,750.28992474683,226.29010741300488,10.248144539897137,6.183195698626575,15.769107645655632,8.406224423896496,0.16435043621404177,0.14097832811271932,18.193123329812863,15.470680461203258,0.6587241008682169,0.7425868088209999,0.7425868088209999
stage1_soc,76,-1.0452438890431186,0.9168023707876707,0.27125474821221457,0.17441968395537757,356.6764163185283,13.836072963180115,1.599721086167853,1.3219543595068441,643.9738479076584,200.62132640897264,0.8354259463240064,1.6279497941335042,0.8529411764705882,0.40571186880260685,0.2751792428622424,129.7471079395353,30.266355900459665,1.5856695692800893,1.3546661460297365,457.02132943918525,179.36357606106117,9.028809582501701,6.123905105840013,15.28850091432773,8.915094153199552,0.16824156470095175,0.14373180672119787,18.972487297165905,15.405590774924653,0.7312276158298061,1.3482651233673095,0.8015625,0.4643423984979775,0.28890809461263417,393.3752129401407,24.127847959944468,1.5502292230952597,1.3343700891971821,751.6652734475118,229.73627788884806,10.33358750261295,6.429430277204892,16.33997083157786,8.940281107557688,0.1644812987469383,0.14157836919239503,18.280407184732788,15.379238923466222,0.6622597804506067,0.7312276158298061,0.7425868088209999
stage1_soc,77,-1.0461758626832485,0.9173891994190396,0.2694829376398936,0.17340076093340892,355.34700729750443,13.872762796882279,1.599730095397643,1.3219725272699447,647.1115439725696,200.85269719978817,0.8365443181270715,1.8831250943389592,0.8352941176470589,0.4967434313225182,0.31838330237888823,148.9029206296429,31.021250124588303,1.6046928986122073,1.3656533482831483,449.69097638325616,180.91902922810215,11.054647885964707,7.08537864546834,16.57975508867644,9.205797485936207,0.17025996421788903,0.1448975629005506,19.145576447071637,16.066991744458313,0.6862710882503034,1.6075270295143127,0.7828125,0.48917841786803234,0.2963068845041562,348.68189630222764,26.372263596774843,1.5541484783187245,1.3253454910212894,767.088934810509,230.2208089535206,10.886294255662488,6.59408472832718,17.135071530157113,8.635911579570704,0.16489713672733006,0.1406208478100563,18.18667646027814,15.29177756486612,0.6360589746395904,0.6862710882503034,0.7425868088209999
stage1_soc,78,-1.0316874181353504,0.9173891994190396,0.2704714856595112,0.17441819533892078,348.716977785288,13.947196841485146,1.6016508441341835,1.3257466997948975,651.3046453739937,200.58638449065884,0.8362477537211863,1.9356109689263736,0.8156862745098039,0.5172556807533776,0.33943798064582925,168.1713875873562,35.46143305032535,1.5956281956773755,1.3654925380340395,468.18152055840096,170.9409838685862,11.511132422063195,7.553934523446702,19.183841546723826,9.6112434845742,0.16929818766945098,0.14488050072791753,19.061189297233103,15.50023424468396,0.6605095702837906,1.814046812057495,0.7703125,0.5464692771740945,0.34070795543266286,437.9911538166131,26.958164258179004,1.543334230279284,1.3211549436022323,746.8015101960497,222.11343082738676,12.161258828473644,7.582196848033705,19.53773967077213,10.179882812051988,0.16374973121077865,0.14017622538152869,18.090864500871994,15.024335453700953,0.6063717168477716,0.6605095702837906,0.7425868088209999
stage1_soc,79,-1.0522408323395835,0.9185188445344248,0.268681431177261,0.17316112239976494,352.79275739426276,13.87420972488777,1.5939265945411476,1.3176979917893301,643.8598472315681,199.88493585204537,0.8379144151812465,1.8691985130310058,0.8372549019607843,0.5126715021667381,0.32223491042158475,148.03714489531282,29.216845806270733,1.6139030800384733,1.3704573853124007,455.9099448632093,174.64545473245386,11.409115008391996,7.171093257926123,17.194156419879423,9.284774057152184,0.17123717621990667,0.14540727735956596,19.217848289298406,15.844669384636457,0.683453451310763,1.8394584655761719,0.74609375,0.5285995805653291,0.3183116991094721,438.7355551482407,23.85902718374397,1.5632300492051288,1.345456182374619,755.1521764755478,233.68137264332586,11.763582298936083,7.083785169075966,18.231849855396014,9.180807783465884,0.16586070298695432,0.14275461782497698,18.431973919391243,15.172319000356005,0.5875138758304013,0.683453451310763,0.7425868088209999
stage1_soc,80,-1.1094679819184454,0.920499391165295,0.26623213976708915,0.1711572945527292,345.6768028640096,13.521405092563812,1.5941176210658892,1.3175558421284554,637.5488576933959,200.17923713109397,0.8406297492351682,2.0033363342285155,0.8196078431372549,0.42077170286571797,0.2847911317431021,159.230544098487,28.826425210715904,1.6154832460031687,1.390128659303574,459.705802966688,176.42876976798152,9.363954754619057,6.337810394560247,16.63613897533906,9.106292199296622,0.17140483384513827,0.14749442463164147,19.423355268485317,15.760937897020364,0.6933763322775395,1.559907603263855,0.790625,0.46550723635531843,0.2847922149096121,413.2267027479147,23.74282106203987,1.5507162920127402,1.3286219852299836,741.219771456724,224.30455277835745,10.359510084664741,6.337834499608477,16.75065523103758,8.496626911139856,0.16453297738060932,0.140968488026583,18.204812606006207,15.149319255183467,0.6509728290934045,0.6933763322775395,0.7425868088209999
stage1_soc,81,-1.1005230901712209,0.9218490970174434,0.2618550802537793,0.1680921360212756,340.77029451906316,13.260181652318828,1.588613879259377,1.3128024484106937,632.0533804376613,199.93267533461994,0.8432925729413097,2.6119852290433996,0.7980392156862746,0.42235840234503896,0.30230519538927897,160.54442552344116,38.0632774693281,1.5411440563394359,1.326063567925902,426.4168292948056,170.25968926789812,9.399265546747777,6.727572582548105,17.00789155013857,10.744150614664125,0.16351735096098005,0.14069703668594075,18.49022921674003,14.929668209725676,0.6713316949827629,1.984151017665863,0.77421875,0.4668376278140874,0.29329245204535254,321.01299462207874,26.429336569313186,1.5017972546363914,1.2785785173764452,703.1128872010657,215.38044347948943,10.389116936411183,6.527000822820112,17.401478382143623,9.624908448383199,0.15934260509163495,0.13565881222914458,17.530044427174442,14.365357524473552,0.6341674616557738,0.6713316949827629,0.7425868088209999
stage1_soc,82,-1.1216631664919265,0.9225386206593019,0.2614576109605873,0.16708384899759474,349.3466202998886,13.094494509646227,1.5792278849535006,1.3037288966221068,629.3792797793747,198.3488692778483,0.8441013373711257,1.8033077258689731,0.8235294117647058,0.5025107816481456,0.3190451993186976,146.1620180855982,29.56185104936234,1.5988483114874086,1.3582751935092257,436.7919583663667,182.01105754055692,11.1829958883028,7.100108659284344,17.508890365771386,9.372893317946115,0.16963984606593785,0.1441147312641119,19.040945065611673,14.939872829390453,0.6727761772702622,1.6014474511146546,0.79609375,0.5039554746972903,0.30830750484601593,389.77163610875596,26.450244270287374,1.5491097834753078,1.3271893959812586,734.1205542622599,236.78835473119682,11.215146435153667,6.861149421944179,18.363991725270246,8.878196761740055,0.16436252477479574,0.14081648847923173,18.204173353772326,15.320679113296393,0.6449071075908129,0.6727761772702622,0.7425868088209999
stage1_soc,83,-1.1128630326611055,0.920572744744216,0.2643257051246092,0.16932070329484894,348.3066675165187,13.350675881771798,1.5876271393344812,1.312159437783029,631.7627377566289,199.83847901052343,0.8412750332068333,2.234672140607647,0.8352941176470589,0.5099905875871207,0.31552621143705706,152.86856351561883,30.71824390851377,1.594658144529676,1.3610457221666972,453.2614775825961,177.9644364515364,11.349453290045536,7.021796255951815,16.274652280183577,10.150035461297637,0.16919526400484222,0.1444086878900144,19.048136491681177,15.45455545679491,0.6822969413709227,1.692132043838501,0.78203125,0.4942933425509638,0.2896647811023286,311.2035244285436,23.838688496923673,1.5417685174599887,1.3238142771195271,734.6493351178771,230.40943249547377,11.000123020710264,6.446269760479725,16.361170153794433,8.131167885421196,0.16358360708271696,0.14045838406116737,18.13822150700444,15.027420472000255,0.6337432472347109,0.6822969413709227,0.7425868088209999
stage1_soc,84,-1.1185002492366187,0.9232868271642973,0.26178413068698714,0.1672539711058619,336.3529929033266,13.240501143085584,1.58315642645068,1.3058644913552402,629.7467356446473,199.1740026549178,0.8447515879582012,1.6905806008507223,0.8431372549019608,0.44819893013259393,0.29195403550550636,154.62086088544947,28.791807960578165,1.5715537288632446,1.3400709331035614,448.75307635766944,179.56081702255466,9.97432687190386,6.497215378987751,15.988620105068746,8.92224580604033,0.16674385602014694,0.14218323600544774,18.78780645382323,15.31496295729998,0.7086775758621826,1.4999619841575622,0.80078125,0.4705426279543237,0.2823309252438776,445.0453071278298,22.032918429953405,1.5206412809101986,1.3007837163342628,724.9382690687255,219.44881734213786,10.471568901319342,6.283060366958913,16.380235385680297,8.646492453945012,0.16134198032528504,0.13801481217360673,17.83514971536245,14.966337397724233,0.6596184616137029,0.7086775758621826,0.7425868088209999
stage1_soc,85,-1.142361838680169,0.9236829364904714,0.2586050262334904,0.1648405010922499,336.3791910918315,12.771776950028219,1.5901631085255237,1.3140355650707707,638.8304563498722,199.83651074611615,0.8461014286204243,1.676730276556576,0.8607843137254902,0.38345169898592607,0.26251083551449517,126.51174004203081,29.393737709722192,1.5739997623901998,1.3434421570350727,449.78662517635115,176.89196014436882,8.53342640541563,5.841979319458778,13.876673356247341,8.778379626977284,0.16700338329862824,0.1425409271664456,18.84782366411582,16.09872351472658,0.7457488040297124,1.514561128616333,0.79921875,0.4602517076780508,0.27940949067378823,321.36508866844275,24.293173768172842,1.539432383854229,1.3223567171153263,752.9005100702386,231.84798774148646,10.24255228448386,6.218046058851728,16.400173405337323,8.882703518655507,0.16333574032611273,0.14030373508479607,18.132948874987306,15.27511357572051,0.6611432376965848,0.7457488040297124,0.7457488040297124
stage1_soc,86,-1.1357799647494948,0.9227733521118495,0.2576194727641555,0.16546681232069388,331.9116450096516,13.158922821492308,1.5893885422048095,1.3128153119157284,630.3912375412311,200.04845811951196,0.8454875102826029,2.151056780534632,0.803921568627451,0.5922288304380199,0.3550728550993417,161.90043724414465,31.96110767130793,1.645234087537893,1.4065933837244908,470.34742950413124,186.3010066261956,13.179602941057,7.901876782823308,19.3900498229646,9.747634437070348,0.1745614360956592,0.14924135290258173,19.707884207108325,15.866417936749972,0.6262529194960451,1.9563709259033204,0.7578125,0.579890002526607,0.3492399143135117,514.8407206719997,24.638907940848156,1.5810654002401356,1.3628940539929317,780.2257705534594,243.60276345056087,12.905011694781175,7.772069114596351,20.146870736954725,9.335887463067841,0.16775305649064334,0.1446047982553495,18.672232910443352,15.803202404720935,0.5838454992420179,0.6262529194960451,0.7457488040297124
stage1_soc,87,-1.1467278131798497,0.924181740827135,0.2580819014811968,0.16548285927878562,348.3143868324683,13.036559781461055,1.5885397270681751,1.3135795860761834,638.3768750760003,200.03041360350707,0.846757170382776,2.2896058914708157,0.7823529411764706,0.5530946184468815,0.34746650879399155,162.80651037782224,31.816211220080923,1.61183825837325,1.3829889618718594,466.30610811911714,192.50563491070363,12.308700767866812,7.732603321309207,18.64991076059142,10.274165876214871,0.17101809600640208,0.14673689362349562,19.331915157626387,15.988661762117317,0.6164245556424062,1.8327006936073302,0.7671875,0.53063627659194,0.33067897744513175,441.2089812409216,26.19217299642566,1.5689708813424386,1.3475336174931727,766.4062416778276,230.89483404298107,11.80890742254161,7.359009557940953,19.22770704720362,10.352797575020158,0.16646981260233593,0.14297503634197536,18.484326406771196,15.623251263463828,0.607996617022418,0.6164245556424062,0.7457488040297124
stage1_soc,88,-1.1877492162233163,0.9251793495004621,0.24873707562541747,0.15980447035559886,329.8429199242518,12.560388832929162,1.5900921286058411,1.315034531157551,636.1901037390137,201.13434373267683,0.8505582268128369,2.413427121031518,0.788235294117647,0.5313936830132286,0.3290312130131996,143.4337096909145,29.226878841870963,1.5867421487900724,1.3493998477710227,461.45564896001633,173.3515804649403,11.825762927347427,7.322339811658591,17.20648962837842,9.772258376119893,0.16835536675563056,0.14317304575586626,18.91783552562825,16.200511396151775,0.6288171892136785,2.0360293626785277,0.76328125,0.5579393158478763,0.3271229031717667,341.53502558131066,22.850527083134036,1.5607436189529922,1.3438752376037884,755.8353495783032,235.58211428374915,12.416515829939115,7.279871825120355,17.779179220143543,8.66888346766223,0.16559688956438282,0.1425868775674206,18.414627815089137,15.429838995772034,0.5958994552456371,0.6288171892136785,0.7457488040297124
stage1_soc,89,-1.20662758371289,0.925766178131831,0.24894025990354735,0.15939016669393383,328.24655952409324,12.524451430309213,1.5906664071557555,1.314947006901267,636.4997195123103,201.32220042836707,0.8510841001607669,2.513012491487989,0.8117647058823529,0.5162944923996543,0.3420820283447849,168.0683125414831,31.83049563417842,1.59320502980348,1.3644939435865073,454.4900865414247,173.51186107235677,11.489741905083006,7.612775797357119,18.098156858504748,10.34838343610992,0.16904108667813966,0.14477454858277372,19.091383287183444,15.69588591593423,0.6568763581624566,2.0349951148033143,0.77734375,0.5533053140780438,0.3327137390137068,343.0644289838401,24.929495024907887,1.5464766325710522,1.32525177016214,753.3818119129161,226.09665903960678,12.313389639156787,7.404291631651729,18.613315053990043,8.755923287227844,0.16408314410381095,0.14061090390730763,18.173008142734083,15.190915751446282,0.6113521557765869,0.6568763581624566,0.7457488040297124
stage1_soc,90,-1.2103326730167248,0.9258101902791838,0.24889662031625406,0.15886210577857085,323.98086729475784,12.430642781160339,1.5869411263262296,1.311219729851999,629.4694822267867,200.341966835964,0.8511412041843076,1.7610060897527957,0.8529411764705882,0.4646311596137671,0.2865045859606243,144.78195688482225,27.210750637101086,1.5851487506938051,1.3499853275643259,452.191615551702,182.10096186545263,10.340013661988051,6.375942017142551,14.576315643049359,8.998265462736802,0.16818630518435426,0.1432351659090397,18.92383074566571,15.337671295341558,0.713551828586458,1.5307630836963653,0.7921875,0.4819068606812365,0.2840674912677059,359.6205865852686,21.993821691317578,1.5273204818393158,1.3131901075088535,734.3844053496184,227.5634886618696,10.724471271775878,6.321706325241728,15.687725200526017,8.561132236287936,0.16205065206688685,0.13933114610845848,17.995207363138842,14.995672440946073,0.6476154417956291,0.713551828586458,0.7457488040297124
stage1_soc,91,-1.214764249967864,0.9261769581737893,0.24526468371814242,0.15637726473183286,325.20777330532655,12.237170648170638,1.584216125731348,1.3096634539520091,628.5407411832969,200.90240870412757,0.8525975530583466,1.9598679897831937,0.8274509803921568,0.4909708952141365,0.31298739338184106,148.54619212958534,31.12540896645816,1.5963015344629483,1.3701498448556544,466.02689289824485,177.27533629608286,10.926184477968992,6.965296787861776,15.591524621703003,9.141796427145394,0.16936962977381706,0.1453746469246669,19.143981553469768,15.51384416386108,0.6801597118279159,1.6403656363487245,0.803125,0.5135109959964124,0.30513453965904774,306.0303866670591,22.913110683953533,1.5479367343519996,1.3350057047849986,758.9465341180376,239.39051011178753,11.427797306142331,6.790537490945974,17.151679810503804,8.176469794304795,0.16423806276593847,0.14164580881734232,18.293259466330287,15.516440719552435,0.6490717012010763,0.6801597118279159,0.7457488040297124
stage1_soc,92,-1.2765714387288702,0.9291551134779866,0.24357412724437488,0.15482595578175115,325.8329822583614,12.038360667113158,1.5923991802257396,1.3189210419199882,638.8266760912649,203.03545660841692,0.8560828753046742,2.7057481896643547,0.8019607843137255,0.6034795404045643,0.3753402251202394,166.0469954848443,31.949365534648795,1.5855556544517067,1.3561047210120687,451.4441196226102,174.32090484386913,13.429978948679558,8.35291171359044,20.617447243705058,10.581358009195192,0.1682294781922989,0.14388444136252299,18.97480952945736,15.51979677298766,0.6209169221923563,2.1032637119293214,0.76796875,0.5701596383102223,0.34415032686229097,381.50895222987316,24.256491033986435,1.5455867482329546,1.3300263876837561,736.1531200042562,230.34347813646218,12.68846982742735,7.658804210401695,20.15617975087047,8.634146070909658,0.1639887262399981,0.14111749691902192,18.234662629864317,15.24635572233563,0.5969208585069333,0.6209169221923563,0.7457488040297124
stage1_soc,93,-1.2077787082547822,0.9252527030793832,0.24697599052348249,0.1571923074669602,326.22285530506474,12.19948261321474,1.592925932374403,1.3176978933222339,633.3740649632265,203.16476818230038,0.8511599059223385,2.1279334470337514,0.7843137254901961,0.4354832191298916,0.27614783821262273,123.02897781450177,30.627748669964955,1.614538479709659,1.3731704345776463,453.784780959001,182.1832665315431,9.691348378599345,6.145460459906658,15.731936504049882,9.465198019853228,0.17130459293582387,0.14569513534860645,19.26876434877481,15.543189965638545,0.6536687597512286,1.663193655014038,0.775,0.45514471321629874,0.2765185487955023,362.2083188411672,25.210882034111783,1.552638583643309,1.3372542184166378,746.4865746964751,230.37583447963,10.128900000487002,6.153710342447477,15.5953762382325,8.635982563900303,0.164736934975561,0.1418843789828845,18.343871715487808,15.525332550148576,0.6384565860351104,0.6536687597512286,0.7457488040297124
stage1_soc,94,-1.225666188694244,0.9276146883206432,0.24554642704758448,0.15652197257022077,328.68639880823065,12.190777825051386,1.5826811830212082,1.3080442008675066,622.6938309390113,200.36058894057183,0.8539507602063678,2.308665953430475,0.8137254901960784,0.4759765583823721,0.31763798641223534,170.17665394783984,34.516443603135784,1.580429279244678,1.3612484184988574,448.31461578513625,175.08422530189364,10.5924968970031,7.068792204550139,16.985075736596798,10.479843919746402,0.16768556324130043,0.1444301942295081,18.989721881946366,15.489037925175584,0.6709325226813668,2.2134180307388305,0.75390625,0.5102531054057525,0.3198508531004336,371.9845237813782,27.250580997597936,1.5346751190843484,1.317183487379225,733.8028128816871,220.9035390815914,11.355295424768967,7.118037872462615,18.260038680869553,10.004669152654557,0.1628309884635006,0.13975484880847414,18.04251109944322,15.09288088638474,0.6008303183782743,0.6709325226813668,0.7457488040297124
stage1_soc,95,-1.217512938579046,0.9258542024265364,0.24855146568054381,0.15823819818913112,320.33381249778114,12.324432343046245,1.5833442986663424,1.3089679184789627,629.4359105880237,201.24129817066822,0.8512887627223732,1.9418377301272225,0.807843137254902,0.38509695155847423,0.2648945201955297,144.66294346752488,29.36634239075476,1.5646700903046975,1.3424481467508218,448.5477046024305,168.46973395869287,8.570040252174662,5.895026412099439,14.227630048761426,9.094166759530438,0.1660134931851891,0.14243546140687557,18.76226751823986,15.567904596940636,0.6923140517873597,1.6163767099380493,0.77578125,0.44332900953728555,0.2627102917798766,403.8800784669511,22.967213820705787,1.5165160804995355,1.29530543879373,726.7099313995244,228.08041486439578,9.865950486794123,5.846418067197365,14.260577089449573,8.118094460824098,0.16090429129773431,0.137433559935977,17.780041447362272,14.627884951841363,0.6427825471388143,0.6923140517873597,0.7457488040297124
stage1_soc,96,-1.271497067572262,0.9288176870149495,0.2460036745086522,0.1560086869764413,320.55337268869255,12.162492614603506,1.5857907158231654,1.3118024380468087,627.4559861292784,201.4081961879268,0.8550165846623539,1.7986045837402345,0.8235294117647058,0.39250377271792075,0.26530492616561696,137.35241745517283,28.36869682695169,1.5749605534268807,1.3441584126768158,451.68471789098993,174.09641475195764,8.734873433066452,5.90415968534179,14.621083599324109,8.811360945492105,0.16710532445364154,0.14261692280401558,18.807114751199077,15.31457189279561,0.7057782799493296,2.031139647960663,0.73984375,0.46237373068166937,0.275238921257187,324.90412401220317,23.12550299873896,1.512647391241764,1.2943803212052445,714.4486968074132,226.0115761580422,10.289776295173779,6.1252332032056005,15.800200369318352,7.759464606623,0.16049381843082755,0.13733540377933853,17.755680006747518,14.711717413038988,0.6011316307954992,0.7057782799493296,0.7457488040297124
stage1_soc,97,-1.258801903048971,0.9285976262781861,0.24225084669995392,0.15368849628832043,320.95044802406574,11.903861930122522,1.5779049593036243,1.3046879862156393,620.5386914038273,200.60589021692178,0.8559223722681999,2.7474340494941263,0.8411764705882353,0.49318283621443276,0.3225720910556322,167.877388229628,32.85649961338074,1.556559562934671,1.317246075631941,423.48315994347166,168.53383588288762,10.975409545400083,7.178596956915031,19.358689985480265,9.685032508448266,0.16515295588175663,0.13976148950195327,18.498126570320487,14.95698380720339,0.6932216197239055,2.0070358872413636,0.778125,0.5130279768852066,0.3234196010125743,313.2313040267492,27.45157169588431,1.5074369784522856,1.2864897975887288,711.446336507506,222.61808894567065,11.417048082579665,7.197457647491047,20.037671337491634,9.78860494651433,0.15994098698509468,0.1364982091548903,17.658867811887994,14.636816413243674,0.6242166069344379,0.6932216197239055,0.7457488040297124
stage1_soc,98,-1.287218792581601,0.9302700878775876,0.23865255753260736,0.15143692923425475,312.77404346097006,11.682337784667277,1.574150996415063,1.2996632056375672,617.8287146540164,199.80792842848248,0.8586743206178054,1.9453539605234182,0.8431372549019608,0.3974355385938657,0.25620679027017423,125.3809364305796,28.77887214991598,1.5848888846147893,1.3532705898013184,446.33969135211805,181.3198900602565,8.844626137937533,5.70168757921851,13.721001307666763,8.318843767938954,0.16815873306176748,0.14358373642455732,18.96583785155704,15.619004725906265,0.7239065933238011,1.5434507966041564,0.809375,0.43808294407730947,0.2569775980326085,305.2635118080223,20.056319463108487,1.533026768464406,1.3126224359686602,712.0380246317934,227.2946177449051,9.74920328332863,5.718841320695861,15.010827098201508,7.378456346589368,0.16265609635934,0.13927091543366435,18.033133285854127,14.984159017613045,0.6779501167768072,0.7239065933238011,0.7457488040297124
stage1_soc,99,-1.302488509463118,0.9274533104470167,0.23828746577118573,0.15083081162847173,307.82432025706635,11.61760128196724,1.5789446388238404,1.3048767949828899,624.9710372248137,200.654318239497,0.855967070715661,2.4214763473061955,0.807843137254902,0.49959532360237824,0.3151084078804535,142.04659837169797,29.96353409487492,1.6054645200103146,1.3585528709943973,452.4589912384832,179.98363645211725,11.118114583206417,7.0124983550385425,17.40181836139954,9.669490931791891,0.17034183423285892,0.14414419319962016,19.087612644051116,15.824711419105858,0.6579645401741885,2.208624839782715,0.7734375,0.5291428369378396,0.3150844295403658,425.7640889353885,26.262939289539595,1.5536076396812326,1.3361891854627175,733.2030819114282,227.1292660903842,11.775672057010832,7.011964735286685,18.3435159569012,8.619958303191464,0.16483975305775272,0.14177137762743378,18.324869833135388,15.363787509857467,0.6146946489186481,0.6579645401741885,0.7457488040297124
stage1_soc,100,-1.2558526480059569,0.9269398353945689,0.23948098033339077,0.1530675592223655,312.9609335841409,11.863137713669602,1.5918122329008333,1.3184999794327654,630.9921230473201,204.18255519739535,0.8550955412945517,1.8011724472045898,0.8352941176470589,0.3574206140953136,0.2539271433289875,127.90064797162631,31.59057544351344,1.5880635892621147,1.3555807078859823,449.0378381694263,180.8183521938513,7.954124376621331,5.650955767482133,14.730620981281087,8.312712815583975,0.16849557327594394,0.14382884290117606,19.015853994472035,15.543364882458217,0.7280679334184648,1.5990628957748414,0.79765625,0.46113870283920944,0.2811167584512077,360.8188711845949,26.397704474705733,1.5374067840251584,1.3177707360766362,754.4230856501911,231.39567359821882,10.262291688298538,6.256040006906922,16.469689294174778,8.998081171881392,0.16312082159947314,0.13981715664463062,18.101285433973533,15.478025719199353,0.6593146391482372,0.7280679334184648,0.7457488040297124
stage1_soc,101,-1.3133250065550668,0.9316344644455203,0.23779895490553588,0.15022452440848358,317.7999207139703,11.482134069932167,1.5853535856863639,1.311789571640161,624.7630048079033,202.53819113704475,0.8602947779738596,1.7046800632102816,0.8705882352941177,0.45802270156825065,0.28124753562368304,132.23236165442012,26.678859697703714,1.562235861612577,1.3176129487434438,429.91485009571323,173.98535048266837,10.192947445998325,6.258950353581034,14.263341110360164,8.602526720460599,0.16575521841474733,0.13980041520723369,18.524253373774833,14.962090505948376,0.7331814248236425,1.82961608171463,0.78515625,0.5044583268582449,0.28776786822418216,350.7976863041689,19.9936935326935,1.52521200437093,1.3065566418867092,722.665713805934,229.79360464672476,11.226337028179227,6.404055404705697,15.522305232919518,7.375265550033333,0.16182693991695957,0.13862732694128727,17.936595786598023,14.936976721000239,0.6338187519425266,0.7331814248236425,0.7457488040297124
stage1_soc,102,-1.344261369980055,0.9301820635828822,0.23585433434488637,0.14972392674226248,316.389526144825,11.572054365238946,1.588151565252551,1.3146663647393266,630.9474464567487,202.5711278550308,0.8594257632794163,2.046670029210109,0.8450980392156863,0.47938994540231544,0.29874539355674357,150.9045152955813,33.651543005418915,1.595316492394194,1.3600815452635289,462.20872757683003,176.35796944948606,10.66845923334147,6.648351895728512,15.443504925160836,9.784130068049322,0.16926511555335516,0.14430638749024627,19.07003883099597,15.800424245974284,0.7012810555949917,1.8041423559188843,0.8,0.49972663087019775,0.29304293683890137,464.703841962102,22.08382399016352,1.5554822578417817,1.3408845095866126,767.8777206470078,230.88480800284958,11.121036726749912,6.521448051357853,15.706591947797914,8.362853389806318,0.1650386524367014,0.1422695575084672,18.388701401502054,15.69639117255593,0.6500820107389407,0.7012810555949917,0.7457488040297124
stage1_soc,103,-1.3255424349544778,0.9300646978566084,0.23659131580826204,0.14992959941030762,319.50536573129983,11.50244107726924,1.5924602145700606,1.3202573806404185,633.2724484522073,204.39584960192923,0.8590873031141297,1.639002094081804,0.8470588235294118,0.3706994157953895,0.24830331559311233,119.85912217963215,25.80803131534216,1.5929573797931504,1.3645108909875738,464.95080100254074,174.1373251232627,8.249634025840187,5.5258017514020334,13.207594415408982,8.434279826026764,0.16901481069602886,0.1447763467236527,19.106822712643574,15.815986780050581,0.7358489987907949,1.5598688840866088,0.80390625,0.46837779905502497,0.28033809347580246,483.0760744208719,23.083244073057003,1.5458230409166307,1.3306470509793145,758.126285164114,232.65886329934148,10.423392277923654,6.238711409120894,15.253155610925678,8.141584983689388,0.1640137971952584,0.14118335008668068,18.242379962333636,15.519147647628376,0.6633929102834926,0.7358489987907949,0.7457488040297124
stage1_soc,104,-1.3312506988805717,0.931619793729736,0.23359688464729772,0.14823778645696362,307.8826712057086,11.446754722682307,1.5877774338751303,1.3160712747885,632.3702351681515,203.2072009818613,0.8615407283355467,1.9382844555611705,0.8411764705882353,0.4112352762307894,0.264429190004354,132.8734714875358,27.267649003348524,1.5871293337671424,1.3539728776277864,460.85937419935897,180.95289932565993,9.15172882088341,5.884670842020815,13.949932926445413,10.021023444879742,0.16839644757576672,0.1436582500591029,18.975461530272057,15.544467734830185,0.7178058877189984,1.9339186429977417,0.8,0.4688629053419958,0.27540593328158136,356.8213612665854,21.861719264377296,1.5616019803940464,1.3458372670895187,765.2321166885122,233.61617876542994,10.434187949998174,6.128949928995988,15.031650054937987,7.3195351651556315,0.16568796280859444,0.1427950513995126,18.435250283378757,15.62319162758588,0.6593411283974013,0.7178058877189984,0.7457488040297124
stage1_soc,105,-1.2975450433280118,0.9291404427622024,0.2373901498058608,0.1506953051113401,316.1657913075423,11.606297626865308,1.5891369375597268,1.3174593292384595,631.7625070853736,203.19613055152365,0.8579233978204441,1.7487495375614541,0.8333333333333334,0.4866477681050484,0.3046935154618148,147.63178963134217,29.540782664686713,1.5770021384583601,1.346957058466825,438.2662016720199,172.33431179074245,10.829976566713876,6.780722832306963,15.62228022951617,9.40572419645105,0.1673219392306547,0.1429138626935593,18.83974830270409,14.986645083930043,0.6873390029018188,1.6246132850646973,0.80625,0.4934469574053418,0.2922287962810515,308.0169355303598,21.777722695127697,1.5186842198734432,1.3000359965866664,733.6543099101895,222.51828897871405,10.981287361956102,6.503329971421192,16.375632710489022,7.815134714542868,0.1611343336519693,0.1379354781542558,17.83358756541026,14.895640725286835,0.6582159127783975,0.6873390029018188,0.7457488040297124
stage1_soc,106,-1.3086547366264234,0.9309889529510145,0.23578618918581135,0.1495954508188186,310.7171105822517,11.517706180869677,1.5830835725484558,1.3105209286657937,625.4989758794572,202.08920154667442,0.860253096195271,2.0346810658772787,0.8568627450980392,0.3780155617294531,0.2573282855069813,138.16119466717905,25.85388388182637,1.6171958309473493,1.3749032967267376,461.3922269688019,183.8861431279375,8.412449298440933,5.726645604160441,14.02839522891637,8.461438293154586,0.17158654129306708,0.1458789942338511,19.29472542829366,15.72709597695232,0.7434580765792033,1.7512102127075195,0.803125,0.46492742174711216,0.2780948527448345,260.90779912699566,22.791206895464008,1.5775809492469175,1.3607538186224701,760.3513204224639,238.0521726494788,10.346606750813311,6.188789789949641,15.711981090654362,8.234660886904189,0.16738335179391456,0.14437771655148718,18.662915763966332,15.819711296350134,0.6636467734758663,0.7434580765792033,0.7457488040297124
stage1_soc,107,-1.3765876575627398,0.9311650015404251,0.23057528961731244,0.14561898717783867,303.6880507621271,11.191700168381875,1.585688886990437,1.3137037608843947,626.3040605395278,202.89286350355664,0.8619924146552314,2.0383871915293676,0.8549019607843137,0.46852233080884453,0.28817149184680746,137.73857275194794,30.30753629432612,1.5788588122987681,1.3355086390732551,447.2470841945893,175.93195089649262,10.426608722361705,6.41303774195513,14.685373582403955,9.709271282056651,0.16751893469433846,0.14169917078709773,18.76632173417845,15.357847625846267,0.7143452615416603,1.7691905975341797,0.7953125,0.49189536372772763,0.2752068679677905,336.65033617472466,20.613986937678646,1.5186198063070186,1.3001854163361712,721.8745584700276,220.78855320977326,10.946757822788474,6.124519881588196,15.226096793947766,7.222361014633307,0.16112749929037645,0.13795133178034596,17.83577739176479,14.98120507153727,0.6477438908816817,0.7143452615416603,0.7457488040297124
stage1_soc,108,-1.3517834597269247,0.9328814752871792,0.2329109924355001,0.14723410529336917,311.7893883701955,11.257661556744964,1.5917184095230592,1.3206374385960864,633.113949273592,203.8556402188056,0.8630081775565293,2.602750349979775,0.8490196078431372,0.4149024556991944,0.28686722593436786,151.80261437770395,29.655236931351702,1.6126788571559783,1.3764773903889398,460.8729228634868,183.13362987375564,9.23333911545726,6.384012294405074,14.98979522095695,9.623789824556479,0.17110728460989916,0.1460460075800396,19.302362394990336,16.469705439362233,0.724548871133379,1.971672260761261,0.784375,0.486401494902624,0.29795549446389485,527.7684800415834,22.43314051465916,1.5721761432194665,1.358206801553024,780.79697910853,235.98710174150432,10.824495943589577,6.630773291188866,16.14910936604404,8.841105491229369,0.16680989497757653,0.14410747479028707,18.610822490633574,15.999188764283808,0.6384545515292128,0.724548871133379,0.7457488040297124
stage1_soc,109,-1.4023314719433575,0.9325733902557106,0.22693968724155317,0.14340070165840665,300.7626296023054,11.0083579637787,1.587322585650921,1.31623794347325,624.739966062145,204.4718361281281,0.8644914840832447,1.7984495111540253,0.8666666666666667,0.38303924838541853,0.2617459951972991,133.88707077153416,27.863985069673035,1.5890041473298366,1.350588845746482,452.7842332129746,180.32249765750888,8.524247630475765,5.8249583789441095,13.566487687375721,8.899335896709548,0.16859536768713232,0.14329919995828835,18.987530411474935,16.420693524878004,0.7517548921510412,1.6561764359474183,0.8109375,0.45943287986289966,0.2733364860225265,491.0521583021151,21.8697894118836,1.5215322325609264,1.3073229207395343,739.231520677081,225.56394726922719,10.224329893195003,6.082895951580484,14.76191565433182,7.631204754298324,0.16143651143232987,0.13870863010538534,17.94662076336744,15.439118657714975,0.6731076360411301,0.7517548921510412,0.7517548921510412
stage1_soc,110,-1.3696007594122335,0.9312970379824832,0.2293438320906798,0.1454038313364746,306.0872055316486,11.202241949112453,1.5882962793578321,1.3163729086299814,631.3040843683748,203.02611775710727,0.8624938883552793,1.6842607624390546,0.8803921568627451,0.37823238147730237,0.2509149760007858,147.42884707902854,27.490552059091293,1.5861462150458399,1.3418106320880208,441.99628468916393,175.70275359082558,8.41727445729772,5.583922270736693,13.058881381487868,7.655482049283314,0.16829213742492374,0.14236782028764908,18.861250824836528,15.500075196125163,0.7669224424195544,1.7246032238006592,0.8125,0.46181349853166703,0.2733860621556232,413.20525702138747,21.722221316561804,1.530256765519561,1.3187898911433877,734.804991576713,231.25421316630877,10.277308754060682,6.083999230779311,14.902882297150787,8.119760192449785,0.162362195512218,0.13992529029771006,18.10195344298335,15.604771647729482,0.6739559504404999,0.7669224424195544,0.7669224424195544
stage1_soc,111,-1.3802444102602778,0.9311943429719935,0.2314747667213956,0.14604727759115158,308.59187337377654,11.185992576792945,1.5830671886510157,1.312330041357044,624.9050219871455,203.45575922429697,0.8617519129555749,2.3308740153032192,0.8254901960784313,0.5008943950276662,0.31718964674966593,142.81173408263678,31.034971672569192,1.574616976644751,1.3411729948704734,439.5825919109784,181.95425527544762,11.147024431389097,7.05881474578471,16.13414210078867,10.766407374204018,0.167068870518635,0.14230016616520766,18.801592066444844,14.961871379371257,0.6752218775701315,2.0684439897537232,0.78671875,0.5196651920026966,0.3068307430352434,386.21331995687694,21.829243724951127,1.5397792709339444,1.3197037599791657,721.2801491264021,227.5799349420795,11.564754265370869,6.828285209153148,16.50706942853244,7.907545944798604,0.16337254548791727,0.14002225294733228,18.124488765280297,15.421199158529813,0.630819192399191,0.6752218775701315,0.7669224424195544
stage1_soc,112,-1.3994021856552044,0.9331602188870795,0.22659240427729138,0.1425885504945685,297.84336434452376,10.983553416187924,1.5808324014672939,1.3095332102807669,618.3202841720807,202.83070722417725,0.865182497603892,2.2148118215448718,0.8490196078431372,0.4777539188358209,0.3202058260274284,141.41099332775806,33.08785633046442,1.5893529613733859,1.3642247497743252,445.6934288274664,181.89283790099296,10.63205070434184,7.125937525421346,16.648193683334974,9.95695329805843,0.16863237730225852,0.14474598677579528,19.123212096365997,16.11445533483288,0.705693432192391,1.795466423034668,0.81484375,0.4828558581932121,0.2968967147757212,465.78678497136826,24.831218781522463,1.5338546437259761,1.3176495408668416,727.7669158535624,232.2428841447931,10.745590490829496,6.607210953161749,16.018035845515943,8.60206068143188,0.1627439349810063,0.13980429767821975,18.097983611960636,15.350394832511565,0.6699869925420363,0.705693432192391,0.7669224424195544
stage1_soc,113,-1.4204981121580316,0.9343632175813857,0.22555371391533535,0.1416179309958443,299.3158367839822,10.706122867214773,1.580512944098214,1.3096042421310836,623.350392236577,203.775475834075,0.8666971034067852,1.8920745704688278,0.888235294117647,0.39013365194478955,0.26537323918412714,143.86215747878927,27.91826541032632,1.5868556188831082,1.342721146352443,451.3067651392629,180.44659384196,8.682128194897086,5.905679939698545,14.475532410566734,7.948117899159703,0.16836740607729564,0.14246442701296985,18.896509001478446,15.797631153523081,0.7711951985342101,1.7955889582633973,0.82421875,0.4766883571105691,0.28391650041739924,439.6207303520017,22.633492346944436,1.5555639407838466,1.340026406441757,757.4415945327667,235.26572810168364,10.608337437229162,6.318346138515757,15.780429234250292,7.676387714269223,0.16504731910108636,0.14217851166981185,18.39251212055398,15.441476169096727,0.6812122428668292,0.7711951985342101,0.7711951985342101
stage1_soc,114,-1.4467551215910137,0.9348180097706967,0.22359480373777302,0.14128126226893825,303.10166389433107,10.75925129373994,1.5822707680967454,1.3121542041739434,625.7632142847883,203.7955095810787,0.8677395686493649,2.646855207518035,0.8235294117647058,0.5835053552139818,0.3493748886693342,143.85330768978133,28.5584575567946,1.636167422069218,1.3966660416082424,475.8439352380809,187.1030292870925,12.985468623695358,7.7750728663989275,17.002639461778756,9.686762833837356,0.1735994513198761,0.14818804923622106,19.60067442005326,16.472045134297357,0.6484778052005113,2.8310280323028563,0.734375,0.5876329097023347,0.3522837050835733,521.2089313022407,25.67573611449981,1.5803196882322246,1.3631041787390132,764.9422961177464,244.16382261213155,13.077324214774627,7.839806367028652,18.408373023160927,9.33361843882087,0.1676739354950351,0.14462709275903932,18.704113568375817,15.927846850548228,0.5580851270892996,0.6484778052005113,0.7711951985342101
stage1_soc,115,-1.3795339796493908,0.929507210656808,0.23125717406994675,0.14565899451826375,305.9459468271299,11.132593377647899,1.5808436393195033,1.3103654271199034,625.8201432768249,203.72671238150014,0.8601300584358239,2.2545491714103547,0.8,0.5392959036445775,0.3254155307569925,147.38577656394096,30.031563203745357,1.613908164250672,1.3854919135716617,462.02703895273714,180.66457855384553,12.001620847328756,7.241875548440283,16.173523599501976,9.677155910112827,0.1712377156613087,0.14700245999274666,19.420177692102833,15.969294265390719,0.6382112289066268,2.2925429940223694,0.74453125,0.5889576210941766,0.3419345427519147,351.95182113328895,24.96887576134847,1.5748376881521795,1.359804472362157,765.1265466976813,241.3615702123031,13.106804660944494,7.60949361747385,17.949732585596458,7.98874121105845,0.167092288291213,0.14427698970185066,18.664031846725102,15.952166655869547,0.5678439636717469,0.6382112289066268,0.7711951985342101
stage1_soc,116,-1.4463024431922904,0.9356689112861817,0.22078992450734175,0.13948765096907734,293.67179410421477,10.645590242939837,1.5830616466582363,1.31247131436904,626.3017018861777,204.21127685674577,0.8694319339339791,1.8745497049069872,0.8705882352941177,0.4162535042156306,0.27250708839399557,117.87042626778161,29.306974635758138,1.601922669915215,1.362091682917055,457.55208578400163,185.5911589647876,9.263405674337152,6.064438337120535,13.700827694959315,9.283813077612995,0.16996603941817615,0.14451966566033,19.14575032953623,15.988475250096936,0.7457121840294285,1.6457855701446533,0.8140625,0.4624922205482667,0.27979711055450024,331.8677139773226,21.882187192389335,1.5370754099097086,1.3312621304765344,754.6444097473141,229.76858195006858,10.292413197185349,6.226672244976551,15.485180170140046,8.11774210431455,0.1630856623829726,0.14124861080621048,18.256365526840185,15.721726247509228,0.67531483383552,0.7457121840294285,0.7711951985342101
stage1_soc,117,-1.502644371726155,0.936343764212256,0.21937198379511644,0.13801120361406646,286.6519603543266,10.558369299882948,1.57418184167955,1.3046336507636709,614.9828894194958,203.37718814013877,0.870532169073721,2.1999181878333,0.8196078431372549,0.5302234742095268,0.3189242731487634,151.03452170167037,27.507291336813324,1.5996417817606683,1.3617241512691858,453.549282195335,184.111515974435,11.799720818962541,7.097417539191901,16.246093241516338,8.240578156134509,0.1697240342744418,0.14448067008350077,19.095158102167268,15.838315781408237,0.6605408008743968,2.1788188099861143,0.7625,0.5545699063078413,0.32761020812722563,448.1167159092387,23.658104068312532,1.5604202659599147,1.3467800595855806,737.8162261195234,233.7000770330715,12.341532179023934,7.290716426892627,17.34661749291728,8.374016890041506,0.16556258139920138,0.14289508288639913,18.454182421034155,15.649612872795661,0.5961290281076476,0.6605408008743968,0.7711951985342101
stage1_soc,118,-1.4788167760778008,0.9355368748441236,0.2210156282513235,0.13918729476400626,298.75684884127867,10.493321554363996,1.5786174415782501,1.309666591678802,622.5539104042894,204.70728934870556,0.8692321863687266,1.9683501748477712,0.8705882352941177,0.3780835713315448,0.25538549788077086,141.00269134109246,27.890457415244704,1.5794304296622526,1.3454258102047092,441.51460223317093,180.84149387535226,8.41396280049568,5.683410340701022,13.173633186227423,8.654577009408538,0.16757958402601889,0.14275139529899303,18.882711036837975,15.527448154650545,0.7571631638946542,1.577748990058899,0.83046875,0.4495731552373494,0.268791769181189,367.7444192080564,23.310391291957984,1.5262477480410777,1.3116570881611551,726.1359282026624,235.08566896029035,10.004909208158773,5.981756729087616,15.440343734576492,8.212749941097652,0.1619368336420273,0.1391684907994519,18.008817228830317,15.23691606148053,0.6955968034287952,0.7571631638946542,0.7711951985342101
stage1_soc,119,-1.4775846223271674,0.9355222041283394,0.22168219708541814,0.1392065633187941,295.48105742370734,10.562763748133117,1.577200533646453,1.3091183474351185,620.4268004693002,204.51861495051511,0.869017545002714,2.469591416564642,0.8647058823529412,0.43685670778585867,0.2802143116116378,134.12536756531398,31.56030648675233,1.6144241751082604,1.3710282540277523,457.5779008513992,184.55604081103212,9.721914325745658,6.235956737721686,15.433055990724187,8.116716704573532,0.17129246507175666,0.1454678472587242,19.276304187364936,16.978970687949737,0.7336488700171836,2.2509512543678283,0.7828125,0.4677619786769177,0.28523541548856884,516.1697009396923,23.85709085611989,1.5378282540018962,1.324889731145231,748.965603809226,232.18908870269928,10.409687663002318,6.347697591970219,16.299452301213726,8.192954429243231,0.16316554010182358,0.1405724911056322,18.17410434587764,15.550116974085787,0.6424839063969248,0.7336488700171836,0.7711951985342101
stage1_soc,120,-1.4746327686097849,0.9353168141073603,0.22258904058867837,0.14001932511251278,295.01498740661026,10.628706248471232,1.5817726941355335,1.3138015999622976,629.9149837612009,205.67462866558773,0.8685401019307568,2.5936460710039326,0.8156862745098039,0.468928826097042,0.30122208323914046,147.91957333965448,29.496378395776816,1.592585761085918,1.3621092132712695,447.94234408639187,180.17734712067397,10.435654966347986,6.703468744055638,14.87786834364688,10.335341669532063,0.16897538147698588,0.14452152565328183,19.100148908093246,15.6672836550222,0.6750076266806913,2.077952539920807,0.80390625,0.4968263278120298,0.29797520754545986,451.3704922322442,22.71504763573286,1.5321671175284142,1.3289891805237857,733.3809097596921,234.8374921760749,11.056492684395344,6.631211990850919,16.647564574194828,8.305185097157352,0.16256488629807006,0.1410074479158165,18.213393381928533,15.554824093313938,0.6548583516563911,0.6750076266806913,0.7711951985342101
stage1_soc,121,-1.498568792475915,0.9367838856857826,0.2193131345507467,0.13807488700644452,289.9771451031319,10.487211894519827,1.5821084972009039,1.3154029254197044,629.5292061749868,205.88031310830473,0.8709899453205586,2.380063154183182,0.8607843137254902,0.4883490392827992,0.31050022775855135,150.8453306670235,29.918158841642068,1.5852693983249724,1.3561149863927973,450.72600971094624,182.75968514484236,10.867837064996673,6.90994680542448,15.150371873090915,9.599814856977318,0.16819910605197402,0.14388553053251746,19.01609915469577,16.03437682467021,0.7142796019406505,1.986100149154663,0.80859375,0.5075466398246964,0.3051779465240543,448.7876390409718,23.31177196349231,1.5337608487882775,1.324779459664569,729.9814876612598,235.29310919900598,11.295065088286403,6.7915034777677885,15.94994873150037,7.842522319678816,0.16273398321842905,0.14056079116082157,18.1635744382641,15.414307753683921,0.6563297580525911,0.7142796019406505,0.7711951985342101
stage1_soc,122,-1.5141531940885562,0.9389698223376318,0.21510024746402898,0.13502843886468852,286.9707618482016,10.210844916681017,1.5841342107949437,1.3149434881882707,627.5755157852684,205.7164417387698,0.8744397480984232,2.273640270794139,0.8333333333333334,0.49919478496184344,0.30761430874905166,153.37147788830396,27.999440416359604,1.6334091390583376,1.3926773058214024,456.8855184511053,189.70750741106542,11.109200899890974,6.845722869151195,16.325311388048917,9.04909233270022,0.17330679397270304,0.1477648392793942,19.572556354011763,16.316055518486692,0.6835748978447803,1.8109950184822083,0.7984375,0.5009636448650766,0.2904725114985922,423.57145655317817,21.378669679260582,1.5483739673108654,1.3356057483120822,750.021456504621,238.53961026730437,11.148565533939143,6.464245187137531,15.0398371060671,7.773663739934432,0.16428445374080708,0.14170947420125396,18.327277995276354,15.53241978529412,0.648148406540477,0.6835748978447803,0.7711951985342101
stage1_soc,123,-1.5040008731374068,0.9350674119390285,0.22031700893643708,0.13736624421087193,288.5823757087465,10.305885796132305,1.585548676372541,1.3155439492855323,622.374907644363,204.95499534502474,0.8689723092580974,1.825637503231273,0.8705882352941177,0.38190426395853794,0.23952992156001868,118.64303064371587,24.6919255064064,1.5974357579990996,1.359784224344527,461.24731635491923,182.79730944628008,8.498989413851113,5.330556528848291,13.271638629513037,7.391006125871872,0.16948997233833343,0.14427484136134258,19.099748244222187,16.38957471108128,0.7560169561065563,1.568271851539612,0.8171875,0.43640460142532755,0.2518411656299577,207.1959898788429,19.95315716578382,1.5334384391425564,1.3226174482086208,741.8239808462358,234.81508188252602,9.711853041977156,5.604533917676578,14.049122124087791,6.867526843223934,0.16269977514360587,0.14033139898650165,18.149637282855387,15.600763445762112,0.6862661195724017,0.7560169561065563,0.7711951985342101
stage1_soc,124,-1.4583960518706789,0.9343485468656015,0.22025483995201228,0.1383887760821339,295.0145290499365,10.409668793706683,1.5851787329437874,1.3147984999489681,620.4240523563626,205.60725659769048,0.8682720948799979,2.670953067143758,0.8274509803921568,0.4811545546493396,0.31521554546540276,186.4982083035315,29.89269680948108,1.6225748749206323,1.3842892896566612,469.2560097329408,185.40822609207177,10.70772927226324,7.014882620641839,16.171163399797518,11.133891732755508,0.17215726472258414,0.14687486006075182,19.432838721720632,16.363011585850074,0.6831046139973549,1.6431870102882384,0.83359375,0.476311135035665,0.2886558276379219,344.95440004285035,22.022900098458628,1.5388722510665265,1.328186844458105,766.229300535964,232.30309783262166,10.599942646377523,6.423816267229407,15.53286042349681,8.32736564232906,0.16327630952257768,0.14092231903542346,18.225821032930106,15.589955024832179,0.6907004094893006,0.6831046139973549,0.7711951985342101
stage1_soc,125,-1.5264734325139186,0.936813227117351,0.21909692269040004,0.13745227008089828,284.25636336155924,10.30276065069993,1.5792752044457279,1.3111141205804124,623.9261600136455,204.1877999488395,0.871084150310231,2.0231211335051293,0.8568627450980392,0.3325220904795425,0.2333204132650851,123.16908487480441,25.569337328809038,1.5976461831236173,1.3591561880400953,443.87498423370346,186.3172596629022,7.400026639042955,5.192368636634575,12.53083355293532,8.47879329594852,0.16951229871255863,0.144208205908034,19.105016478966252,15.721144035765231,0.7571061179541764,1.530854058265686,0.83515625,0.4202164348783425,0.2446379964640073,291.2313564888692,19.657833068854657,1.546091072521141,1.3298313534396584,727.9536575915633,230.76583376008227,9.351597687175927,5.444232857266744,13.521205360004936,7.2663337612872585,0.1640422356905198,0.1410968035368489,18.266554656606246,15.786643082198,0.7090913195364973,0.7571061179541764,0.7711951985342101
stage1_soc,126,-1.5458463617080713,0.9369159221278406,0.21668880568993606,0.13449728652027562,285.4538944489765,10.040668080689214,1.5791905178008177,1.3099971160836639,623.2587868416716,204.91625309156186,0.8719092804208598,2.544786153120153,0.8568627450980392,0.3849858996551208,0.26149861406918395,139.4567134307756,29.058489557761515,1.6178847231782465,1.376289008119527,452.5518922709669,187.01402099571504,8.567568876387426,5.819453099774813,13.662007972914152,9.213488495818682,0.1716596336378291,0.1460260199808689,19.36656697549413,16.28205194620206,0.741366975201503,2.1873632192611696,0.796875,0.4837548244648901,0.2896477180747752,487.91796272291197,22.707177688554452,1.5619532291468219,1.353637970762793,762.262351049216,245.1905985913374,10.765596302619096,6.44589003575751,15.553150366724944,8.345699466797482,0.16572523074947637,0.1436227160133678,18.569999463627497,16.05927367200738,0.651748552660533,0.741366975201503,0.7711951985342101
stage1_soc,127,-1.5376600083433445,0.9378401772222467,0.21561189273071873,0.1341562329605365,282.2901555031375,10.077525214962757,1.57806838881312,1.3086210596472654,619.8472564844839,203.33061953656815,0.8731566094030311,2.050941393889633,0.8607843137254902,0.4276718891478306,0.2825869258894932,140.10244334409452,27.182734406401515,1.6072053016712313,1.369050829207488,433.309644727277,181.79431138640246,9.517513161004493,6.28875746694537,14.074288129459125,8.463988565365408,0.170526533388414,0.1452580399619929,19.210988152242482,16.506491936064634,0.732482746981141,1.8897212743759155,0.80703125,0.49184374071417036,0.3010332697056583,364.43213556921626,24.119244986812006,1.5244533713239208,1.3113242843945045,706.2013947124817,228.45824834923667,10.945608991819197,6.699266842234425,16.256656158587827,8.514448513107155,0.161746447982615,0.13913317989513463,17.99209734531168,15.5119427419043,0.6594781277857489,0.732482746981141,0.7711951985342101
stage1_soc,128,-1.5607967136237213,0.9392045537901794,0.21202512411821398,0.1326757661502849,278.89295775832727,9.968651030876275,1.5694799038255127,1.3012891497521795,611.3945198383792,203.36890151155765,0.8755970165547152,2.1964441514482687,0.8784313725490196,0.3414705161736282,0.22673309001268124,135.7297147302466,23.502296105427924,1.588215131278649,1.3598050171034592,441.5181984677869,187.31000197455703,7.599167058310243,5.045772759417886,11.920497554895343,7.360663817957745,0.16851165207727406,0.14427704749959794,19.08138954135022,16.35282427589724,0.7759902176969311,1.6217209935188293,0.83515625,0.42392872608356585,0.2401884703343967,426.5240267694791,19.89705086483494,1.530189362016958,1.3240240760351298,739.7167660394243,230.62982008970334,9.434211909199254,5.3452120317848895,13.290506096497875,6.718366399306783,0.1623550439145813,0.1404806439938276,18.15935164847651,15.57078212551649,0.7079776321749303,0.7759902176969311,0.7759902176969311
stage1_soc,129,-1.5566370500417221,0.9383096401273419,0.21387981079587606,0.1332926980977493,280.51610091577226,10.031990061687436,1.572897851654081,1.3049345854962202,617.3260379023908,204.64032383089722,0.874145696888579,2.53786548352709,0.8470588235294118,0.43360538863431003,0.27867688713777883,147.2203775820877,27.567009125612287,1.6430632995843457,1.3919146288186313,459.61706411651824,191.36465288364147,9.649558686760011,6.201742523424929,14.208911086263631,8.622497350279637,0.1743311127237447,0.14768391827618302,19.597603907842238,16.193045698344733,0.7169772069391187,2.0901144623756407,0.8109375,0.4910946461775628,0.30069786543026567,354.76123915095707,26.11112525023465,1.5625002982833536,1.3498446407320444,745.0415161691019,237.82897289840912,10.928938461695731,6.691802674758589,16.723843612692924,8.362190357562138,0.16578327548295224,0.1432202388566106,18.530068037677502,15.917199105773197,0.6636091061467311,0.7169772069391187,0.7759902176969311
stage1_soc,130,-1.5278962209464193,0.936607837096372,0.2170102414274573,0.13543742328890981,288.79375836155714,10.202055109918016,1.5755768279747664,1.3083316845407245,617.7362409893858,205.30138160542762,0.8715047646681348,2.248847822114533,0.8627450980392157,0.42784733557194315,0.27535257935432683,138.8245683041819,28.306814384098377,1.5973704440295018,1.3596044770350644,449.5459320668948,184.24149402695446,9.521417587956355,6.127762577856663,13.598744125177458,8.395194869372956,0.16948304244281495,0.14425576994244124,19.10430722201313,16.253678419757584,0.7343908973676327,1.7834823966026305,0.8265625,0.4581931951680915,0.2811903463862109,427.20346588138017,24.193292100453974,1.5324165979039275,1.3173344626033212,742.1284737096319,228.32817277881833,10.196741651606708,6.257677650524975,15.060205231809089,8.614111472823257,0.1625913564842625,0.13977086747240333,18.092288300719424,15.431780633513053,0.6891045414495726,0.7343908973676327,0.7759902176969311
stage1_soc,131,-1.539649771115167,0.9376494579170518,0.21495423802911304,0.13369186075617828,280.51658524755317,9.988389969397188,1.5722467350812261,1.3049117875606708,613.3996491310146,203.81847691492595,0.8731631865083179,2.455356932621376,0.8490196078431372,0.4764701458954498,0.3011772849113114,160.1362782075543,33.41294548857262,1.6182535153449982,1.3825000850593343,463.05038540597116,187.46767467003212,10.60348131232482,6.702471791285249,15.288342510240312,9.589144307747137,0.17169876295732023,0.14668502316985335,19.388259176091736,16.33238151484537,0.7060785640745023,2.5216649770736694,0.75859375,0.5202736038807063,0.31488310300355804,428.9855330367389,26.560248513059218,1.544880355349507,1.3348679117756546,756.3390802344571,237.1166220166403,11.578294009747818,7.007484366077605,16.902193487563416,9.155067402749339,0.1639137770536687,0.14163118880321957,18.30795302534972,15.626770790505878,0.6025116688357881,0.7060785640745023,0.7759902176969311
stage1_soc,132,-1.5979394499755368,0.9394979681058638,0.20876420042821284,0.1300741001680986,274.84538215769606,9.64962100629656,1.571707992608391,1.3042295585865444,616.3000428568118,204.0602143024777,0.8768687079774,2.4985062402837417,0.8313725490196079,0.40445123501430746,0.27046681886137114,161.53577289482593,24.82877087267961,1.5833987031590628,1.3509214056254017,423.4556533493559,180.8267944581568,9.000755134744441,6.019033687852045,13.749503930935905,8.603888551917358,0.16800062290776258,0.14333448498580617,18.96253603324444,15.397410840907984,0.7100371785153157,1.5948631405830382,0.8140625,0.4597227416758282,0.2706203771624132,223.5163860006925,23.278044437207523,1.5264624396503694,1.3145608763588825,722.8935870675101,229.65529312272002,10.230780547749166,6.022451011244661,15.779604735458907,7.892329721012537,0.1619596126957313,0.13947658643262195,18.04613427504533,15.162956134778035,0.6761456774972516,0.7100371785153157,0.7759902176969311
stage1_soc,133,-1.6305771123064747,0.9408330032422282,0.2091710021918474,0.12955018671143895,277.8258133712109,9.666543203525785,1.5726740552889737,1.30604836464631,616.4901399091161,205.5840817040288,0.878081702584674,2.5354917526245115,0.8333333333333334,0.4097073150030838,0.2655316472893544,148.63300355384462,26.94136551046376,1.5841404134790578,1.3437630563280454,437.9173478220612,180.0588572515558,9.117725203944337,5.9092051918008375,13.621104993879772,9.382030731657304,0.1680793193191766,0.14257497499091487,18.894627198498046,15.387269794209496,0.7104211388324082,1.8122279524803162,0.8359375,0.44045483817038394,0.2606272722616268,193.0220027175977,20.82025624363671,1.5259335156685483,1.3161126232764218,720.102415529477,231.5023707582827,9.801987985386852,5.800062049458919,14.555849670764422,7.132329815452889,0.16190349318632438,0.13964122876068608,18.076173927471423,15.621952348158281,0.7038010485488848,0.7104211388324082,0.7759902176969311
stage1_soc,134,-1.5625639971336207,0.939307248800669,0.2099984777493347,0.13073912670517923,280.1641420107486,9.827432346628905,1.5715414404968393,1.3038486681880943,612.5336612093895,204.89335469003893,0.8763077054758686,2.7470693036621694,0.8568627450980392,0.4515731962626028,0.2987494969904861,149.5642467260412,29.653830933120695,1.612216885631282,1.377934713011571,449.63601954783667,185.97877752632854,10.049418602541293,6.648443214530707,14.770138543157287,8.673974891734693,0.17105826884162817,0.14620063136992345,19.33171150464028,16.19687205125087,0.7213907862192583,2.051398146152496,0.8265625,0.4983437008400515,0.30274579835695475,482.4864433873878,23.20539787728385,1.5387920664712595,1.33145474679186,732.650327312548,235.0751384220225,11.09026066899009,6.737377867043159,16.5248602667288,8.633724954648356,0.1632678018347,0.14126904764305542,18.261901869245897,15.60912723629321,0.6770593897479845,0.7213907862192583,0.7759902176969311
stage1_soc,135,-1.6028396076553961,0.9378695186538151,0.21038896575070545,0.13055496376540884,279.1454302332627,9.751362221186449,1.5742333761119391,1.3080243883560774,618.2955220078319,205.17566593105147,0.8747528289286034,2.706955835865993,0.8431372549019608,0.49439386636410265,0.3144115255725588,156.60941149884633,28.31359807051011,1.5955466461150432,1.3574070856486466,436.83112830845033,184.59147006615737,11.00236010184377,6.996989768420247,16.186650185416532,9.817909889790863,0.16928953515682588,0.14402262391235177,19.07528523094881,16.19281617541791,0.69481909499273,2.2262524008750915,0.796875,0.5462891810162318,0.31843974545336096,540.1195086961866,21.890196479707235,1.5250522948752527,1.3184330592514015,748.1003259632477,233.67065547429468,12.157250925227723,7.086634743233408,16.427119461333643,7.794211345089181,0.16180999453567024,0.13988742997863352,18.08839160220115,15.80633868260433,0.6329882456951305,0.69481909499273,0.7759902176969311
stage1_soc,136,-1.5634226282215533,0.9349793876443232,0.21142812223975802,0.13258787879440018,284.13299891090946,10.005550690579296,1.566235094215853,1.2984377354663879,609.2580841364025,203.21639132379477,0.8715509509723958,2.3561649724548936,0.8372549019607843,0.41241735726528606,0.2665400444639518,132.83521100643375,27.248489713437202,1.6354023055761404,1.3997656782577728,448.62149371472026,187.37580872120367,9.178035136750026,5.931646305243843,14.021407422529132,8.789437675906974,0.17351827148363044,0.14851692464004063,19.632218595435553,15.800486972598243,0.7135296947811985,2.0324614882469176,0.79375,0.4748050600835616,0.27962592188996493,534.0546182697725,22.73043045613334,1.5464197918232971,1.3339272808458191,744.6521044544895,235.34626569868817,10.56642609188369,6.222862571231158,14.629427832270272,7.87434490424193,0.16407711322794225,0.14153138666126794,18.31059730055814,15.675005842576825,0.6513084819749315,0.7135296947811985,0.7759902176969311
stage1_soc,137,-1.6426071076739197,0.9401141381688013,0.2091580706414961,0.13006382719993073,285.135761973904,9.588676912812327,1.5634024498080321,1.2958288536225238,603.6525369744328,203.89410493003496,0.8773667169763525,2.3653533991645364,0.8529411764705882,0.4059328133333506,0.2613009539213689,126.12575731949048,27.06078035395547,1.6036009881501245,1.3613827347024983,434.97299962179886,189.30682168689333,9.033726535269851,5.8150543232688685,13.265224169554832,9.713115915783073,0.1701441111245251,0.14444444535010917,19.17192438572144,15.671978396746383,0.731161332470583,1.9155158042907714,0.8203125,0.44574353250276594,0.2605435080204188,196.00546715745298,20.759520047514744,1.5291754052237767,1.3180525751100505,721.4662270689408,235.98494700682386,9.919683862039562,5.798197939873164,14.371177538974464,7.199641482168716,0.16224746180496094,0.13984706012571774,18.106933162275038,15.462187669250532,0.6865894402491702,0.731161332470583,0.7759902176969311
stage1_soc,138,-1.6653894957313427,0.9404368939160541,0.20645679485293458,0.12818116520224138,270.6234193805564,9.53028914369803,1.5744633070538931,1.3067099151830721,616.3012708381773,206.18520345216558,0.8784998554601737,3.041528142667284,0.792156862745098,0.5729373891369087,0.348997323635016,169.38395433227487,28.477428841230605,1.6294646401194093,1.391250809975991,443.4207337615791,190.32376201875178,12.750286562924407,7.766670443245936,16.54793670870052,9.30210537785751,0.17288827760188827,0.14761348624991003,19.549903756089854,16.203923186231286,0.6202756460040254,2.4475511789321898,0.7921875,0.5576810852222238,0.33130224706983424,344.35817990148917,25.006985215212044,1.5500144616575933,1.3369970302213914,741.3347224434552,239.3217863177224,12.410769103440165,7.37287995018904,17.230220217780268,8.502002157511725,0.16445851228435462,0.1418570909871828,18.37150282400297,15.695998012047362,0.624883174433333,0.6202756460040254,0.7759902176969311
stage1_soc,139,-1.5884604906040012,0.9402168331792908,0.21367650862770488,0.13270916392152787,279.7519120263956,9.896548620173883,1.5721719413713269,1.3047917940682867,615.7632089091828,205.48361581120065,0.8761138805909794,3.230638412400788,0.8137254901960784,0.5940512634045414,0.3531021927885127,166.36823939687946,29.241137199309527,1.6508102951150148,1.4039312565662698,456.600850157208,189.22971262031203,13.220159802950537,7.8580211894229945,16.877117901089875,10.367746018155604,0.175153078835135,0.1489588978140759,19.73393156333468,16.850211138417137,0.635510111174716,2.800717091560364,0.76640625,0.5741901790424959,0.34544921405395146,448.97455259664036,26.83483003495968,1.5487725774410683,1.3383124873245833,754.9426206031794,235.801450361554,12.778166451027781,7.6877099586048825,17.89645671022594,8.921623712585117,0.16432674678426978,0.14199666266442607,18.36865138011284,15.844719353746756,0.5941491962872512,0.635510111174716,0.7759902176969311
stage1_soc,140,-1.6012216797947136,0.9390578466323372,0.2131655988847649,0.132185008212199,283.44869795757296,9.797215229470448,1.5674647577962202,1.3006622813340725,611.6197885133904,204.56304767572826,0.8751081669669076,2.343036796532425,0.8627450980392157,0.5371337619697697,0.3237259005826405,156.32616228752886,28.679981507792483,1.585784419623752,1.337742762362548,434.8333069796568,179.43989618915685,11.9535040260737,7.204274111849097,15.241156684362293,8.254613158054378,0.16825375046896965,0.14193621411895413,18.85463779601265,15.58524682300067,0.7016049694482849,2.0037933111190798,0.81015625,0.5290592776344282,0.31185401511684174,251.55585270653788,24.14340557533429,1.5288450159824485,1.316874235557043,732.8798209022159,230.77239101184506,11.773812508160129,6.940074315150231,17.299322777445635,8.036426985565154,0.16221240708486143,0.13972203679551853,18.084776816134713,15.288951120921151,0.6514384667096715,0.7016049694482849,0.7759902176969311
stage1_soc,141,-1.6447087577651203,0.9398647360004695,0.20896995583010508,0.1296195146507618,278.0604838749534,9.605636656868073,1.5660526447013814,1.2999989884682084,610.3156848872773,206.1004927854092,0.877173749251438,2.5941201303519454,0.8627450980392157,0.44106695573576216,0.26854291511334333,148.1803595238011,26.973877676143964,1.5836763768856947,1.3508817475069972,434.793164869268,190.19210797924848,9.815610197022453,5.976218670763019,13.261738828407212,8.061459442465654,0.16803008444448495,0.14333027720883756,18.977036193662826,15.69130055465087,0.7304250113184871,1.9839635848999024,0.81328125,0.48154135505369466,0.27210494539667707,296.2548118447169,19.943855238248194,1.5303172603106043,1.3173338973923818,733.5509398579427,234.8183735069628,10.716337221563968,6.0554889500630615,14.982884815455847,6.276165653564529,0.16236861408674236,0.1397708075028014,18.09736870429537,15.378680646987085,0.6688188434838915,0.7304250113184871,0.7759902176969311
stage1_soc,142,-1.6237444702980794,0.9390725173481214,0.21109455897619295,0.13091761249380035,275.8557022968233,9.754989823022585,1.561265396199476,1.295557485397956,605.5826262322515,204.86901471812752,0.8757441496552635,2.0213051608964507,0.8588235294117647,0.3808049006403478,0.24497723970196994,122.93784897707448,22.600676633854313,1.582736347119308,1.3504628516514512,435.04254417996293,183.63191206900478,8.474523917953196,5.451782457939644,12.030275945981014,8.226569522188747,0.1679303460867424,0.1432858318240303,18.9793422489517,15.691469589428568,0.7445820592196604,1.8743093729019165,0.79453125,0.45615256728548986,0.2720811092363874,391.67686648801435,23.519035073636545,1.5155238635391415,1.3074503737036138,719.2198235829602,236.18063157095898,10.15132902753157,6.054958494414652,14.784387886880571,7.900181586775515,0.1607990158121139,0.13872215302751106,17.96703482312482,15.475523763213921,0.6576854798143531,0.7445820592196604,0.7759902176969311
stage1_soc,143,-1.6378535212346346,0.9411851004210495,0.20986250170320384,0.1297029783460859,278.4070758522501,9.604439637595078,1.5635631390356441,1.2973709249387062,610.1280672894194,204.55317013827573,0.8782263499100884,2.2618878327163996,0.8568627450980392,0.4487850388716459,0.2960104297517854,147.90531130367353,30.12939234797685,1.622008527166346,1.3789894132126195,440.54988491791374,189.0065526714058,9.987370276858119,6.587487352911757,14.652243048660527,8.495663373221907,0.17209717450316392,0.14631253640710934,19.390454568335787,16.267284006529504,0.7222272334365454,1.8671229839324952,0.815625,0.4914771808314626,0.2961283602813637,514.4335702236438,23.825100557614256,1.5363698547834623,1.3287638860114384,740.8803231128084,232.7965199095385,10.937451479959066,6.590111807302675,15.944716935480852,8.446055113668297,0.1630108020837513,0.14098354388056844,18.225096289643044,15.482826974624825,0.6681818457505613,0.7222272334365454,0.7759902176969311
stage1_soc,144,-1.682525395827627,0.9405249182107595,0.20630120999598436,0.12770796392509462,274.27584452082397,9.558278169884362,1.5607229403063385,1.295290464901829,607.530810190516,204.35801149142222,0.8786345552119641,2.59785387282278,0.8313725490196079,0.470473455786609,0.2884643747708669,138.63045069814638,26.77767048918257,1.5968768192341614,1.3566950258451933,450.63133675798514,184.90075871052,10.470029527249393,6.41955562904358,14.074713497895686,8.759895092395327,0.16943066822213732,0.1439470734585785,19.077000899488464,16.068608178416625,0.6902305122836252,2.2406776547431946,0.78515625,0.5164799568322411,0.3071266398703301,390.2890167369977,25.25599217621319,1.531756595015344,1.318367671215674,757.103831065391,234.58290246110172,11.493869275206775,6.8348701685430395,16.354583828512574,8.605472426333208,0.16252132933558436,0.13988049222460414,18.10511915009983,15.377960759403303,0.6302122629503277,0.6902305122836252,0.7759902176969311
stage1_soc,145,-1.6604210291943033,0.9407449789475228,0.20905320909595151,0.12923018843438544,280.25261823421636,9.49018249976902,1.5701284276698033,1.303679875743371,614.5716106019976,205.08839913621125,0.8780290162187374,2.5821423801721313,0.8333333333333334,0.43961143451825707,0.2818496985671421,134.11909912734066,27.603818226343535,1.6019816149494168,1.3693925055145633,453.4185316561037,183.08158165957832,9.783218677506571,6.272351032664385,14.588535948072689,9.290360077095004,0.16997229356152202,0.14529429225417104,19.237559697895083,16.377417520674328,0.7014499029778563,2.1724865198135377,0.80546875,0.483754667385769,0.2931940421825857,430.21536722309946,22.756660576535968,1.531179137003718,1.3215985689661465,743.6473280832837,236.62544528925937,10.765592806942529,6.524810786047008,15.264197631552543,8.094004332790261,0.1624600603036831,0.14022329459872995,18.13813532454649,15.648914733817893,0.6603423497842693,0.7014499029778563,0.7759902176969311
stage1_soc,146,-1.6386427138540531,0.9384416765693998,0.21091354397368303,0.13057539384800462,277.09021335203795,9.721675047271958,1.5644876115530417,1.2996778844186518,615.2116683242015,205.07820765058216,0.8751676133772949,3.1430082994348862,0.8176470588235294,0.5343916642943972,0.3409096660065081,153.0073165166383,32.06242592897283,1.595533296187911,1.369686160711389,439.21361894196303,185.7469865248737,11.892480724387633,7.586685763695454,16.902525915129754,10.569793261923682,0.16928811871252195,0.14532544944527423,19.196065497497063,16.035023504232203,0.6573295595352102,2.47120840549469,0.7921875,0.551708585932766,0.330436642800305,485.80692598238204,22.363229112074663,1.5189373409781544,1.313673952256795,726.8729534372683,230.20005646038214,12.277855666681976,7.353616584425436,17.288230081835245,8.318975030125497,0.1611611901241754,0.13938248265362724,18.02312717338642,15.503509304960865,0.6266749242201702,0.6573295595352102,0.7759902176969311
stage1_soc,147,-1.6940518143524605,0.9404515646318384,0.20464795010610995,0.12614135510308017,267.37629473412693,9.280761485355654,1.5620059393335837,1.2954103009394597,609.9630413420223,204.99421170390787,0.8790571796000054,2.7011988686580284,0.8588235294117647,0.4337376191835739,0.27399365086948463,134.3851483167656,28.053806566477917,1.5733539836242914,1.3287156520301804,424.8505622713312,181.2727960042434,9.652501377231001,6.09752065626317,13.469067823142202,8.365460913504009,0.16693486534751664,0.14097842619360776,18.704419035533164,15.549405866673416,0.7287022436566924,2.2088049411773683,0.803125,0.4955898018279985,0.2920423134644807,432.6553619245058,22.59890413173202,1.4953566559539269,1.2840247372485465,682.9096050411856,230.05108202135906,11.028974737516977,6.499179937935122,15.681482218811869,8.009451721965803,0.1586592493528724,0.1362366631072463,17.643995841168163,15.090861138021467,0.6544480594516005,0.7287022436566924,0.7759902176969311
stage1_soc,148,-1.7033714663910162,0.9428282205888825,0.20113221453084637,0.12371717898645188,264.0222815638882,8.932927390220902,1.5540694452829902,1.2875106933718266,601.6379649590554,203.15811873517413,0.8824885562296286,2.4135091286079557,0.8549019607843137,0.35809725774325124,0.23485498931076304,130.01039966375865,23.37156667006638,1.601941522939971,1.3659364909006684,435.6053740953044,196.29175210789418,7.96918256722953,5.226519461324981,12.248775575687613,8.081881948999857,0.16996803974816022,0.1449276046935748,19.18258330204405,15.614075045410331,0.7474727834613383,2.251080310344696,0.7828125,0.47210584025944247,0.27431068290243277,390.0866429719979,21.30694182708916,1.527657498915655,1.317566190692014,734.9018541613574,234.7010824192172,10.506357004220044,6.1045759634334775,14.834584559048846,7.77389315913016,0.1620864100087385,0.1397954541183112,18.0918803770866,15.488334987456412,0.6411807479221673,0.7474727834613383,0.7759902176969311
stage1_soc,149,-1.6748986920425768,0.9414051611578129,0.20372898786296598,0.1253065943492159,269.0523621359658,9.188487323611085,1.5566919201060823,1.2900313231446279,605.610437060229,202.87119311163897,0.8802864647989231,2.416561886843513,0.8745098039215686,0.45879387681285216,0.2790533908314126,130.06676999286836,25.869512224780916,1.5748358134617466,1.3351500374648502,415.32790571355133,184.9172531985526,10.210109365512277,6.210121327246866,13.433696944178525,8.10882761723386,0.16709208938416584,0.14166112269885087,18.779841952739876,15.987035017911246,0.736871640877713,2.0124329924583435,0.796875,0.5051582976201215,0.29631635507394094,436.75753596600646,22.50750797413744,1.521503527816688,1.3039712582482026,714.0044792991757,229.74630428074022,11.241914345995822,6.594295488666719,15.213262249986064,8.07637826410831,0.16143346582233734,0.138353014438152,17.938392829736635,15.167113895487384,0.6453275107139635,0.736871640877713,0.7759902176969311
stage1_soc,150,-1.6592835874052276,0.9408916861053651,0.20947550798925282,0.1294430291533486,276.86722215983934,9.57380991170704,1.5613211579833202,1.2954765179986032,605.2177172617586,204.5447165646896,0.8780490337085892,2.2207528189116834,0.8725490196078431,0.3821980658917392,0.2534116969708645,129.18939116124176,23.987868360392817,1.6170725255827931,1.3746819523217924,446.02438965982066,188.4474364579844,8.505527752790208,5.639484900161388,12.915056834659389,7.615975892310532,0.17157345843654334,0.14585550931003893,19.33782579562863,16.12001344855594,0.7578895998403214,1.7342316508293152,0.8390625,0.45790705581245356,0.2706539063954551,431.2510704098646,22.035463943187466,1.5234977152548068,1.308070900326129,722.9564670752598,236.8865357747995,10.190373837513077,6.023197178867207,14.520424212533925,7.576915843406848,0.16164505165421306,0.13878799169398554,17.97791294543314,15.366590082870431,0.701690383256264,0.7578895998403214,0.7759902176969311
stage1_soc,151,-1.655477393775815,0.9406276132212491,0.20524242357776576,0.12705286657647274,269.0264472679849,9.398995697016726,1.557364514243918,1.2912389305104532,606.8442535730323,203.70199957793002,0.8790548861479194,2.5388211306403665,0.8431372549019608,0.44392004617410086,0.274772851030324,135.53803241320244,29.49021268552533,1.5785609419937503,1.342562395546074,437.09258015390316,182.44355793877634,9.879103558371341,6.114861164194666,13.339895650544246,8.48270003965365,0.1674873302748774,0.1424475833498395,18.842969786555127,15.703393756346085,0.7099612410497306,2.0652142763137817,0.7890625,0.48495653642409264,0.2827789121824026,402.303440410295,22.372298709556244,1.511011312254926,1.297151180705987,721.0917592857522,231.64470245423206,10.79233948980925,6.2930299761185555,14.62627244191886,7.80546448543403,0.16032022836259854,0.13762939550813424,17.82878714170301,15.216640567708222,0.6435755390727722,0.7099612410497306,0.7759902176969311
stage1_soc,152,-1.6832788418329998,0.9421973798101609,0.2055073969658906,0.12646880091224197,266.2120905178278,9.364135052322528,1.5568573382644573,1.291502292439,605.9887129273349,204.19566060168557,0.8805451607203938,2.5003635126001695,0.8215686274509804,0.46106736943238075,0.29609436140140044,149.21619884449453,28.554338847268163,1.5690056780191106,1.3374884820817148,431.63356127424015,189.89199139508037,10.26070421749314,6.5893551880444985,15.669149709369183,8.498298370308056,0.1664735045741333,0.14190923465668231,18.821812072613312,15.856754806043927,0.6832484166212661,2.1673753023147584,0.77890625,0.5217516258596593,0.3097757269049907,460.9108986429186,24.34439274450407,1.5214213240540055,1.309885705448687,711.5607353388414,236.17410896053875,11.611186266624857,6.893823589043199,16.823077624825636,7.554749034650794,0.16142474389822029,0.13898054483327868,18.00522150399136,15.302533934370064,0.6223807622421023,0.6832484166212661,0.7759902176969311
stage1_soc,153,-1.7373692603230402,0.9429455863151563,0.20389596482972897,0.12503121455563718,273.624452744788,9.124968494254174,1.559737603950638,1.2938777085370863,605.9042189704455,204.8041204229044,0.8817767968662377,2.7242190332973704,0.8313725490196079,0.541231654891096,0.3159056056172167,128.76615071968618,27.401074155761407,1.5740354761029003,1.3479119083095414,444.8957998101476,181.59645231040778,12.044699521500869,7.030239385356633,15.040281906820212,8.202237707465287,0.16700717256911837,0.1430151734803117,18.910389652200745,16.453558546726534,0.6690030525522791,2.5069879055023194,0.76875,0.556950068235227,0.3308960210237274,363.1432443916532,24.221333243013795,1.5019975709845883,1.2912960892659613,719.2856767769365,226.33412170278643,12.39450087545697,7.363839697981047,17.102345837991066,8.10600261309268,0.1593638589117932,0.1370081628349334,17.745756503313608,14.86368833560618,0.601664979529432,0.6690030525522791,0.7759902176969311
stage1_soc,154,-1.7176709437092927,0.9423440869680032,0.20696785907510987,0.12708982469758118,270.3733603088692,9.238354123338759,1.5607631979013037,1.2951750851823267,610.5103380846845,204.64647362004902,0.8802537292454703,2.918837036805994,0.8313725490196079,0.5338442163058947,0.3226531925300757,142.57105646219108,30.486397833782494,1.5988972462996587,1.3675673693783728,453.05882498042826,186.72388841532768,11.880297685081683,7.180401808648285,15.210131237578203,8.544061698813184,0.16964503811196105,0.14510064298114858,19.191119524823716,16.483269637011603,0.6712192841278395,2.647793936729431,0.7890625,0.5369458321525206,0.3103364864757168,505.98344861322056,21.26472594372758,1.5371129962177252,1.3261527530048625,738.8174831237453,234.61316442715218,11.949321790686243,6.90630286750403,15.697803592192082,7.257864712989379,0.16308965033821532,0.14070649933662344,18.214029653485262,15.940385579841067,0.6279787503542438,0.6712192841278395,0.7759902176969311
stage1_soc,155,-1.6808545727486561,0.9410383932632073,0.20686522463869741,0.1275285612506319,275.9008144364507,9.324969308911768,1.5645876034554043,1.2998933224302338,612.5537056438995,206.3053631241089,0.878978825871598,3.0314959142722335,0.8313725490196079,0.5023797868655088,0.3343588952431638,156.71746655975062,31.096594590391614,1.5908590215923406,1.3604219392891608,443.92413018067356,187.07058883663342,11.180080698879776,7.440903334368418,16.675092257410036,10.77076525230395,0.16879217221330411,0.14434250373072702,19.084239325397395,16.11474988439752,0.6806586129599552,2.561754548549652,0.77109375,0.5322307941490406,0.33415109183806635,496.9552356687651,25.88869752711987,1.538686797920362,1.3249265433987603,734.0346420842867,240.4028935357074,11.844392200055038,7.436278827373448,17.906137740060444,9.46164624000787,0.16325663270712137,0.14057639693270607,18.208287004347813,15.39992741983248,0.6114245117552879,0.6806586129599552,0.7759902176969311
stage1_soc,156,-1.711194697486636,0.9429749277467248,0.20345702855946424,0.12452855175736911,263.5525796050909,9.014461742352943,1.5641298127769578,1.2991821097335259,610.7931381586717,206.58925858519189,0.8819378191788855,2.830991191490024,0.8058823529411765,0.4194350315867831,0.27170221625882035,144.97732211800167,27.17977539690428,1.5966170789677192,1.3654811686964012,446.5276609180624,188.8486648099143,9.334208150243098,6.046526518892969,13.554005655068574,8.786477568012632,0.16940310944842518,0.14487929442668623,19.168714450486064,15.869601167313597,0.6800518434651416,2.1662867784500124,0.7765625,0.49364021095545074,0.28983274439087836,455.2416669951866,22.35497041852946,1.529302157720482,1.3205045852344484,738.459661750488,232.15233361542292,10.985588072976036,6.450007655931595,15.355533284620005,7.522331765119636,0.16226091040660445,0.14010722152881422,18.140441564742417,15.34520996675972,0.6284704367133649,0.6800518434651416,0.7759902176969311
stage1_soc,157,-1.7478025238301598,0.9424174405469243,0.20166787836475458,0.12383355871160807,270.01498363902994,9.020619183396692,1.5574531617443157,1.2909256788037475,602.8922809067313,205.104304783653,0.881917077037498,2.4380798994326125,0.8568627450980392,0.4302448322003088,0.26589888462468103,147.37232285042413,27.568654460731864,1.5873717631227218,1.3455637498010022,429.94761067347883,187.75027834433254,9.574772054997432,5.91737777985461,13.348118045895815,8.036886556082457,0.16842216963974668,0.14276603086617812,18.935911912625233,15.485078102701767,0.7277892954379466,1.8787508010864258,0.80625,0.4832338125086421,0.2826878899404619,457.9533425328169,20.7344275578396,1.509001653029232,1.3031014048683573,718.9274690923208,230.6192626391932,10.754001577138048,6.291004345237506,15.361953053899606,7.80479224331984,0.1601070009543183,0.13826072188457034,17.89425870333838,15.551896210261432,0.6612798562474074,0.7277892954379466,0.7759902176969311
stage1_soc,158,-1.7034423384761512,0.9400701260214486,0.2033059738689575,0.1249912528310401,279.95882367308707,9.255217436109026,1.5474048975080181,1.2826869242084193,592.3054430874892,202.3322281064887,0.8790783338607613,2.577304881226783,0.8372549019607843,0.40353788147092035,0.26045137856374767,139.79663643423262,26.62781396109589,1.577431537462816,1.3548217995713154,427.73038847780657,186.232596223862,8.980429145147236,5.796147668768998,12.874677177143138,8.601913837058655,0.16736749901296386,0.14374832176058178,18.983876181316624,15.778877378846847,0.7161935375195082,2.0659542441368104,0.8,0.46509110603529,0.2765938030603138,277.25800623213036,22.4991312670603,1.514129951795443,1.3027555681706873,716.8275194118635,231.73512903405592,10.350249420360958,6.155385068970168,15.07272459983717,7.781492379023661,0.1606511199974005,0.13822402816964116,17.898062396161286,15.059771929926391,0.6604726681894131,0.7161935375195082,0.7759902176969311
stage1_soc,159,-1.6726475441125126,0.9401874917477224,0.20487212668308538,0.1268386709328606,272.1687310566095,9.406253671124437,1.5594249486780418,1.2956230319762492,605.8458890003288,205.49834832851565,0.8787258537427968,3.246901315801284,0.8156862745098039,0.4549865897165813,0.29822808248264826,158.46858775651788,30.28169470821475,1.5970323138696119,1.3618673034669722,434.2352377669922,187.6779779888564,10.125381082064228,6.6368395305696835,15.223896668522242,10.14482296342684,0.16944716640137822,0.14449585871435588,19.144311834992592,16.213504731629914,0.6791902975948295,2.3655780792236327,0.78671875,0.512774872420532,0.3082657995993941,498.9905038509163,22.962420557731154,1.5249917532233397,1.3164178820341477,726.933490042432,232.06302797165992,11.411415434900977,6.860221303347474,16.706785464985916,8.206790477975815,0.16180357098914783,0.13967361710440748,18.075345745263498,15.527022200345556,0.6328862882738404,0.6791902975948295,0.7759902176969311
stage1_soc,160,-1.7082972804185883,0.9431069641887828,0.2012486134756454,0.12378421419942184,261.3448852669466,9.085471426126768,1.5597487393131109,1.2945890713197274,607.6325247804065,205.0176755441,0.8827323801460892,3.2014144168180576,0.8215686274509804,0.521172703754044,0.3428215328485285,158.56317986571608,31.625608046868873,1.6169629720788432,1.378548277600431,448.41060127403733,194.48851348837434,11.59830279474091,7.629232908580928,16.94213840830992,10.37143481646894,0.17156183466997804,0.14626573135574317,19.375487848427984,15.946132664046536,0.6652168163247671,2.6104233980178835,0.79609375,0.5601221826857481,0.3405126157715131,544.8869848342999,24.927087325696828,1.5278903772347068,1.3215587536775275,714.9271477094608,232.4882722596741,12.465093873961514,7.577849712196548,17.876895879796912,9.163068108109485,0.16211111869555525,0.14021907014580098,18.149588391286418,15.468651213005359,0.6280570951942757,0.6652168163247671,0.7759902176969311
stage1_soc,161,-1.7629927601166553,0.9402755160424278,0.20325662617266185,0.12478026415009491,267.47913859121604,9.086740121991415,1.5604167588060012,1.294359089732321,603.8444275612932,205.20291561755903,0.8792985281906293,3.2567323422899435,0.8568627450980392,0.5205527828854322,0.3445081645805462,164.55995221264246,28.90383217767421,1.605645207314607,1.375170879014859,435.27837963665087,186.68210583359178,11.584506926516909,7.666767617114686,17.182018491404765,9.804302971143635,0.17036100538641116,0.1459073850560703,19.318150920127078,15.696649642102454,0.7006969102324095,2.588096046447754,0.80546875,0.5487228684303835,0.3364236226563662,459.4473836725639,23.46511952990688,1.5302904397758224,1.3155448044562945,740.1113330887115,229.57871845214896,12.211410790726749,7.486852275198262,17.470891886134602,8.957996503998675,0.16236576839377753,0.13958098245930295,18.078878744682786,15.634655764938937,0.6408518894708849,0.7006969102324095,0.7759902176969311
stage1_soc,162,-1.7256790011770986,0.9429602570309406,0.20358436857965126,0.12486719588556856,273.2586608577889,9.051070618646197,1.5555130213615684,1.2907573860394976,605.4564141876508,204.60355460495947,0.8818849464570452,2.751921661227357,0.8470588235294118,0.47125577399444796,0.28358565682691395,152.8374643902657,25.294238650555172,1.5890478754544906,1.353437318426429,451.4119205149211,187.9794597269978,10.487439424949326,6.310983465619599,13.854548982894359,8.105621712422778,0.16860000729695757,0.1436014265444363,19.029980822535023,15.862710668307198,0.7056820913310774,2.416784179210663,0.8,0.5244057470955749,0.30499180100378,462.5028066987823,19.15832850085704,1.510383053023521,1.3020027387159643,721.6929525553635,226.68176802544366,11.670251719451468,6.787360950554688,16.041243283764288,7.412419395769584,0.16025356925645365,0.13814415200384386,17.873098272275257,15.044835581688695,0.6426782758713276,0.7056820913310774,0.7759902176969311
stage1_soc,163,-1.7710889156104348,0.9429162448835878,0.19929976332607477,0.12135870998442898,263.68852348196305,8.751333325981454,1.562579116958263,1.2975875941987787,607.9171810853292,205.8763080923554,0.8831263158857654,2.3117878708184936,0.884313725490196,0.4011679819437007,0.2595403898178655,136.02427614711362,28.072415580635642,1.6054437518378861,1.3626066831543164,432.4009112555529,188.29218271075752,8.927688830637635,5.775874305944668,12.929045104855799,8.562234422892512,0.17033963070326297,0.14457430784267167,19.184007113695,15.475390210105562,0.7639633309070859,1.7891622066497803,0.81953125,0.4453797053317904,0.26784840583277403,293.1981374202901,22.118628545413934,1.5299464791853299,1.320921162486775,737.4522598216165,235.7772746995558,9.911587164604082,5.960762894066006,14.74988973552819,7.768617855123979,0.16232927373621392,0.14015142090686122,18.15186361930539,15.685832263891289,0.6859173384004629,0.7639633309070859,0.7759902176969311
stage1_soc,164,-1.7419712347612362,0.9414931854525183,0.2031935629479738,0.1240025006042733,269.4060925981997,9.034717017946068,1.5626665832389521,1.2994722845675117,612.492112611628,207.3897267098459,0.8805351165681261,2.4573871453603107,0.8647058823529412,0.4465239835737241,0.2710300689261845,144.36785893714776,27.735188779607036,1.6000492744652506,1.3635337620316184,444.06818047720986,189.33988855592034,9.937052208025934,6.03156839036775,13.366137045968054,8.282107424411386,0.16976726977038076,0.14467267209455628,19.184713419739612,16.429220194238923,0.730748687280824,2.173132300376892,0.796875,0.4832390421834145,0.2858405857690741,460.84398114842924,21.77420170396563,1.5257128346701185,1.3179312227701303,739.3048748881527,240.37536207050331,10.754117959579206,6.361165197056057,15.834683274518204,7.6574091687372015,0.16188007865079007,0.13983418448760004,18.107108361071692,15.706440549950939,0.6519032873449757,0.730748687280824,0.7759902176969311
stage1_soc,165,-1.7273880216473487,0.9414345025893813,0.20176992235317373,0.12409311442381969,274.07910730013305,8.962999571172803,1.5615386995897425,1.296858264774451,607.2917522166059,206.90897062777543,0.8809035258834292,2.5155555220211254,0.8470588235294118,0.4573249877939232,0.28585278497387967,147.88356213505082,28.663635591651968,1.619414991197272,1.3793639057480238,451.79906625460626,186.9493271169708,10.177420355725902,6.361436681096128,14.127320669069427,9.447538207379978,0.17182199702735265,0.1463522705429885,19.40341301955992,16.742116460246805,0.7098613271912348,2.093434226512909,0.7953125,0.5127159010312686,0.2918244215507002,443.40937055401065,22.77081521128516,1.5331112025400464,1.3237761810974917,733.7386718472853,234.0505571088873,11.410103071409994,6.494330918839634,14.791976918100351,7.907527899814548,0.16266505492250793,0.1404543420246168,18.18206830990652,15.390348626189422,0.6414977296906194,0.7098613271912348,0.7759902176969311
stage1_soc,166,-1.7708257882193483,0.9432390006308408,0.20084469155411513,0.12256634409114053,266.31228161685226,8.857467820329399,1.5625843611120147,1.2979844238410494,608.2292005387889,206.93489696529815,0.8829855931646062,2.565464926700966,0.8352941176470589,0.45410386220169496,0.2952685919279853,142.6895187124352,25.52910079497924,1.5786587491040416,1.3503039913544175,440.50513755724467,187.23662792079043,10.105736651476912,6.570978315421788,14.88166721717421,9.649998257403404,0.16749770773408648,0.1432689765438007,18.972143793250655,16.031378382080817,0.6990629589865504,2.1751159191131593,0.796875,0.511360707705005,0.29802363770395457,371.3682158204514,23.497315228385638,1.5181127080786818,1.3073760548839346,727.6362713442365,232.98082846774622,11.379944272934553,6.632289767255119,15.495776247852609,7.948144521637485,0.16107369552126508,0.13871426770590825,17.971630876681004,15.687492816574316,0.6434667876884985,0.6990629589865504,0.7759902176969311
stage1_soc,167,-1.742307249355919,0.9414638440209497,0.2041484672720671,0.12494138639472792,270.1394969630165,9.059347713322238,1.5602646027841478,1.2961570318381428,606.0198854978293,206.7736376754852,0.8802193038393296,2.6216923105950447,0.8745098039215686,0.4195812118177393,0.25648628874481016,136.92817793536153,24.351802734279524,1.604785894731664,1.3590236126280884,425.31337275209887,196.40326029337928,9.337461280288133,5.707907605547874,12.557513095481093,7.586948594798626,0.17026983122483147,0.14419413948764662,19.156833933019467,15.790078797092686,0.7486354403762469,2.181858229637146,0.80234375,0.48577436951408115,0.272661010050615,386.17993623592866,20.538346531747365,1.530669904589397,1.3215395552222617,737.8561110953625,241.5584717052216,10.810539744244913,6.067863746715629,14.595475233024365,6.711247994311833,0.1624060300947155,0.14021703316519907,18.161010066839058,15.405525135587352,0.6566114391457757,0.7486354403762469,0.7759902176969311
stage1_soc,168,-1.8012571618752957,0.9461144609245485,0.1977116426532563,0.1205601483109417,263.54368107328185,8.679380839447571,1.5622705243562294,1.295445649404941,604.519623597113,206.20643905918396,0.8868009681285717,3.3227176909353218,0.8176470588235294,0.46982874653689927,0.30627814965943495,150.19055809043678,29.024732540636634,1.5963134473330816,1.3598864483044428,435.23630291214226,184.02374421711733,10.455682012425914,6.815987663159605,15.410723908813692,10.184264168761718,0.16937089374453967,0.14428568745393291,19.126056327885955,15.893754814837013,0.6766984348624596,2.183965575695038,0.8078125,0.5043489593125822,0.3013773113892967,424.8957258957997,21.673184788319507,1.5164646275026354,1.3074272511337768,715.2316348009514,239.5793958910732,11.223903136493462,6.7069232286723715,15.772427858363447,7.879591689932791,0.1608988320691064,0.1387196996933457,17.971904603796236,15.153178943124217,0.6565078122062253,0.6766984348624596,0.7759902176969311
stage1_soc,169,-1.797014602026749,0.943972536420052,0.199456748313797,0.12181774256911415,267.2795232352359,8.875463738901248,1.562945002978336,1.298539802813864,609.1292950138675,207.87925361623732,0.8841355119259129,3.488538180145563,0.8352941176470589,0.5257692595492451,0.34021179562653686,151.85003240197312,31.179312813939916,1.61761634585305,1.3803078494892984,442.41205358794656,188.62300184859487,11.700595653790613,7.57115518828334,17.085503712258433,10.819414949488854,0.1716311584611617,0.14645242417846113,19.402115362338385,16.073551614780104,0.6775633397822853,2.471879243850708,0.8078125,0.5437178740730981,0.32741679561277126,396.5995715995974,23.60065665629947,1.5365968226884068,1.3291181674896506,737.3982157755693,241.04169182293458,12.100028441605945,7.286412178241889,17.043045292466722,8.281942063532668,0.16303488366808921,0.1410211335974891,18.25512179547305,15.674244778582128,0.6446971377780706,0.6775633397822853,0.7759902176969311
stage1_soc,170,-1.7731801195834274,0.9420213312207503,0.20000233533464598,0.1223114010211698,263.81097402531657,8.93862103672603,1.5645764951419558,1.300687962650789,605.3433545041312,207.90858289335694,0.8820206306203565,2.7237704931520947,0.8529411764705882,0.3772765651676731,0.2541884478382474,147.94126715584613,25.561220177801857,1.6207076720647582,1.3832221979531003,441.8037796615521,198.25875182369015,8.396003491079844,5.656770900926761,13.157816686865798,9.072678925251601,0.1719591521169238,0.14676164026933716,19.455234762204878,16.215774475762082,0.7397582069202863,2.234722340106964,0.8203125,0.47545476097732153,0.27907922761114606,433.33021532233926,21.47438440295505,1.5471625860205334,1.3422483883128735,744.7531589444565,243.34177526284648,10.580884691955344,6.210696305161923,15.247228006016465,7.518678968639049,0.16415592464011466,0.14241426678170666,18.430698488195155,15.906269022831129,0.6776760717068036,0.7397582069202863,0.7759902176969311
stage1_soc,171,-1.7853359935177433,0.9421093555154556,0.19998213444787485,0.1222974928438814,262.88512742022476,8.758580070991531,1.5620220036125982,1.2983642741364725,604.4106022555903,207.54550233241278,0.8821147151810932,2.634864722046198,0.8745098039215686,0.4319623163689192,0.27283805458824717,145.04519861310536,24.81637734365802,1.5712885411419446,1.338209512851694,426.89254551451853,190.9902576499561,9.612993361081255,6.071803738470419,13.538701759940055,8.173212833610414,0.16671571926452305,0.14198573694145147,18.840140693942093,15.577226664770254,0.7449211090108929,2.0062941670417787,0.81796875,0.4768189968452035,0.2828028459145571,329.8365386484199,24.362201794179448,1.526661593543182,1.3204073910659644,712.0191975145492,237.1671209644971,10.611244725328481,6.293562603154733,14.814370585724438,8.177785998022507,0.16198074317788985,0.14009690910351308,18.148627619351398,15.561099726623382,0.674923050946439,0.7449211090108929,0.7759902176969311
stage1_soc,172,-1.784799913646641,0.9421533676628082,0.19771873112280478,0.12140371119956503,260.61792776574254,8.810795284382044,1.558676319036225,1.2942317958010598,604.5486152170361,207.4223455563686,0.8828377483259668,2.7554706732432046,0.8372549019607843,0.43089381118583947,0.28026900251633396,143.15150602239615,30.938933320528506,1.5961771449497586,1.3618506025376858,436.50208918490335,189.21277639465637,9.58921458954959,6.237173842278804,14.007764664190166,9.444177315026753,0.16935643188773988,0.14449408672444727,19.130782185349037,15.73170465379267,0.7079867586050325,2.2704537391662596,0.80703125,0.49468444402039247,0.2934214721655735,410.5924487450567,23.283295025543136,1.5129587663782673,1.3101348808660986,722.0405228241971,234.89611302252456,11.008826686948401,6.529872067630436,15.892275235948844,7.475793212493976,0.16052685573014208,0.1390069826630274,17.98173730658214,15.381225501250215,0.6586259167938823,0.7079867586050325,0.7759902176969311
stage1_soc,173,-1.808365458708516,0.9438111585464255,0.1973882364960473,0.12033705393092364,259.82226603035474,8.658241897805325,1.5570537252379673,1.2931740170159656,605.8283821963183,207.09176447609804,0.8845946875976113,2.799207897747264,0.8745098039215686,0.41695545884774543,0.280851201561517,148.41302513585035,26.990278744346668,1.611930427010772,1.3780586421343626,438.5730518374248,190.41574086035888,9.27902714167954,6.250130239964644,14.381374617419722,9.516236872727132,0.17102787521645535,0.1462137804079919,19.36390431394593,15.904853538425606,0.749423166267245,2.250143826007843,0.7953125,0.517555763980336,0.3095709570920008,417.9299365106323,23.181680044454396,1.5171417861162528,1.3128474045020995,705.1093376969275,234.22351456922385,11.517810546425459,6.889266592337168,16.28622025077697,7.611089233777719,0.1609706794621023,0.13929478488213426,18.02702527124427,15.320119038523691,0.6400457708058992,0.749423166267245,0.7759902176969311
stage1_soc,174,-1.817194501277369,0.9428722327362352,0.2015822438338819,0.12309443407259972,267.98044097225005,8.91262527711962,1.563360227446958,1.3001829462317647,604.0701673584322,207.590406019767,0.8823975595860707,2.6406695300457526,0.8568627450980392,0.4786505589877691,0.2884627720605874,138.9028994636861,24.864893676864774,1.6293121256219945,1.3966644164320885,454.96250573978773,195.75491273826015,10.65200475010308,6.419519961943251,14.025127338510483,8.189830562221786,0.1728720956190958,0.14818787680295734,19.626836448092394,16.62762976993701,0.7132675774017084,2.4578593611717223,0.81328125,0.5213337609959078,0.30014338986657096,446.6933879481092,20.52943652778994,1.5377917271517723,1.3304872250417248,740.6503686013806,242.13105448578915,11.601887001367558,6.679463242102784,15.435300634908248,7.201370357764361,0.16316166455641515,0.14116639235075584,18.277467030475503,15.926590877476784,0.6568811217012276,0.7132675774017084,0.7759902176969311
stage1_soc,175,-1.839092355858924,0.9435910978096621,0.19889402806296416,0.12107588728996013,264.25677122909184,8.672292458394121,1.5643808273474922,1.3015424945149017,611.0859174578217,207.48722071661462,0.8839228893907729,2.1926576249739704,0.888235294117647,0.38629537490515387,0.23279119338840246,127.12262608338388,23.83769423468408,1.6184560876699043,1.3758493364733808,449.5386225502116,195.81241016844535,8.596710253790166,5.180591250116541,11.658789613740812,7.321106700866496,0.17172025613948605,0.14597937025816796,19.366540588313693,16.382533401740577,0.7723466816461009,2.235315501689911,0.778125,0.4908169762831322,0.2753846458528642,345.7874022404856,20.720659703216203,1.5514506586551873,1.3368101844971534,723.614037768647,244.2755378351045,10.922759129030394,6.128476193433466,14.88787696008456,6.611909219819998,0.16461089461846462,0.14183726641741584,18.37559455304065,15.775586050589663,0.6308799071150604,0.7723466816461009,0.7759902176969311
stage1_soc,176,-1.8172713645723906,0.944236609304168,0.19851585118986287,0.12097421782385838,263.74231300167304,8.780082384102034,1.5649221542277973,1.3015636220904372,607.9318819156987,209.3447489581695,0.8846818539472091,2.728525055623522,0.8352941176470589,0.42769311902103724,0.26444020855204003,140.9925574655429,26.436514996790628,1.6333249798023535,1.391820980382024,445.8166733202754,192.75191344309144,9.517985615712828,5.884916051433166,13.31163406102959,8.25259434429903,0.1732978645682514,0.1476739820575585,19.59893394522103,16.652943039041077,0.7069861819407477,2.4376539826393127,0.80234375,0.4916450740246457,0.28525349710653247,403.5042753570364,22.960895695706615,1.5693414977847275,1.354533387889387,746.3372670266033,246.75445708397558,10.941187815491777,6.348099984648596,15.060570430761416,6.98997439468545,0.16650913547978946,0.14371772091310026,18.630453173135425,16.133737270551368,0.6548502277926063,0.7069861819407477,0.7759902176969311
stage1_soc,177,-1.7912249633934416,0.9432683420624092,0.1999088210342101,0.12087110167139924,268.012911889951,8.566283385585498,1.5609874535771817,1.2972815737649015,606.2845055121202,208.41367845064948,0.8832956957521462,3.816374776877609,0.7372549019607844,0.4927653094815799,0.3059430193302094,153.3916074736745,31.42309026383345,1.621039894117924,1.3788626247249982,442.56115112177713,190.03193716164594,10.966117804989192,6.8085295921477105,15.409660290069038,9.42622079455676,0.17199440130069807,0.1462990839867837,19.405218138309003,16.848804119274995,0.5894253091163104,2.55070424079895,0.74375,0.5168920508775491,0.2994714406479034,277.9726802262845,23.677208842171694,1.5365916762012921,1.326220206322614,746.2345819398759,235.4254460274978,11.503040115281404,6.6645095224535025,16.06260519401958,7.505003604156214,0.16303433761923916,0.14071365621971096,18.23789711761094,15.646359693864614,0.5886823847367353,0.5894253091163104,0.7759902176969311
stage1_soc,178,-1.7182530775613114,0.9377521529275413,0.20487809678834684,0.12541443286751638,268.37161705230426,9.160302277381838,1.5626649083021749,1.2975706384416104,602.3157503296001,208.3514211301828,0.8762887238910373,2.1280134121576944,0.8392156862745098,0.37418559579567934,0.24019702459667244,144.7032931062821,25.767961894149508,1.5847089606178224,1.331566951285098,420.87931960634364,183.21258324766083,8.327216314684334,5.34540240039657,12.547618178277231,8.274755620947355,0.1681396428960965,0.14128095268296698,18.818688754757886,15.470444179148586,0.726960007535806,1.8583090782165528,0.8203125,0.4519497608094517,0.2569572707387124,399.63230763665825,19.618304662705192,1.5111863046951892,1.3022029647021554,710.711437092302,230.27967469657221,10.057798760605326,5.718388952204752,13.783812235332022,6.399088480694456,0.1603387952838103,0.13816539623647797,17.91866858315522,15.253644238205666,0.6847275717571645,0.726960007535806,0.7759902176969311
stage1_soc,179,-1.782291246485707,0.9429309155993721,0.1980611188520964,0.12129854266478,267.05166465275585,8.735500140001532,1.5543426060066066,1.2896202181434786,596.523390628276,207.4527437801,0.8835125799437432,3.3387510785869523,0.7941176470588235,0.47095317787891705,0.30509432796936703,163.80533554736925,29.907061772017716,1.6069001630837099,1.3556589332938778,424.15255376296994,191.6551581801935,10.480705378159923,6.789642610324932,15.42761677254354,10.553101376658569,0.17049415779490457,0.14383714271677367,19.132332096483616,15.013212928993356,0.6528316936951484,2.2454111099243166,0.79140625,0.49654985989170175,0.29371762017617586,285.4439796303075,20.631390364986846,1.5171652834220024,1.3092125795985339,729.1376735990804,236.08113153581576,11.050340100750999,6.536462616740712,15.757306079608266,8.132977496205209,0.16097317255622617,0.13890912532163235,17.99515410546399,15.544847141561402,0.6424412920324895,0.6528316936951484,0.7759902176969311
stage1_soc,180,-1.8513432693455563,0.9446620600619104,0.1958121447984822,0.11894826986485035,259.05090047720955,8.479652696788156,1.5577938446248745,1.2942897660554935,599.9878974322329,207.57992864879208,0.8859184166223658,2.73034254990372,0.8529411764705882,0.4779269052612231,0.3015167682413377,163.3901056879355,26.220233448473103,1.5695695013342048,1.3326211514937527,427.45761823901455,184.8894073276441,10.635900385890285,6.710026735024723,14.810704278543176,8.135332688046503,0.16653332694733392,0.14139280467032186,18.74641495031867,15.564691052695789,0.7095631048922213,2.8107434153556823,0.78046875,0.5136218162134769,0.31337389626896767,363.22548383933736,23.086042556842813,1.514405204723145,1.3095870269520673,708.6494728179757,235.4679330721163,11.430263525927126,6.973898116142491,16.63510632289471,8.101146288978358,0.16068032468426735,0.13894885466365736,17.979547795648045,15.535210862357783,0.626382205135957,0.7095631048922213,0.7759902176969311
stage1_soc,181,-1.8374238052346898,0.9454102665669059,0.19356785286037853,0.11733691705770415,258.0684004984934,8.413394698536175,1.557278986097571,1.2929597221374587,600.6452864766032,207.43405226266725,0.8873399107087923,2.492771391775094,0.8372549019607843,0.3398924200855444,0.23269867507521722,128.57170591546267,25.334224870920735,1.5943518302843038,1.3623854679658132,433.7798371141507,183.2262174452803,7.564047728120935,5.178532325305913,12.59661947559021,8.032333724561184,0.16916276367253466,0.14455083662888887,19.142283626925845,16.381187194060516,0.735287175935121,2.017863917350769,0.81015625,0.46353405112913665,0.272534367570006,419.77112868240386,21.36764999668935,1.5177051400819401,1.3060045401216485,705.36606906418,234.73100743617414,10.315598345698906,6.065045414469521,14.851916707353974,7.196634598165725,0.16103045203673194,0.13856874823950252,17.955106954741243,15.176982970489536,0.671096034661259,0.735287175935121,0.7759902176969311
stage1_soc,182,-1.857712649729635,0.9442952921673048,0.19561724585688747,0.1182818151951211,261.9214695442812,8.435424408071603,1.5577507161838817,1.294636937648943,602.0990974849818,208.29731300164806,0.8856101184102385,2.723163132574044,0.8392156862745098,0.34718699019033905,0.24066987413657354,132.31098706759312,25.644173988642315,1.5709139724261436,1.3371983527187623,421.3162102375247,186.2391781585548,7.726382847023863,5.3559253078716225,12.427633654492015,8.766156352438166,0.16667597704580658,0.14187845156105228,18.80702596540636,15.455732742542965,0.7350595892174081,2.21961590051651,0.784375,0.47360215485179863,0.2856502559492583,441.5372799709785,23.37634548524789,1.5155748301794956,1.3087320412218104,713.7870983910952,230.89927724102023,10.539656349318758,6.356929551433806,15.25783334886095,7.978118310882927,0.16080442343769163,0.13885813958666898,17.97955039891429,15.575567405523763,0.6422943535444605,0.7350595892174081,0.7759902176969311
stage1_soc,183,-1.8310943085191402,0.9441192435778941,0.20187208900742795,0.12206961963552862,265.5915632107274,8.641974440304134,1.5605556739459219,1.295362271015174,603.6456006295317,207.57562739610606,0.8835576168756657,3.107425157696593,0.8450980392156863,0.5359483695656537,0.30113667128059796,147.73917597478749,26.537537546248238,1.6149873214900339,1.3731346276387864,454.45072148113303,188.20606181649092,11.927124018190533,6.701567965771717,14.487269805939622,7.744634950864707,0.1713522156214681,0.14569133618670183,19.334921830209467,16.68859760046161,0.6843135283459901,2.843080735206604,0.75859375,0.5342414325601395,0.3095069819595665,286.5440457879256,23.699495995763215,1.5310685500601457,1.3165062499640043,727.7336089924213,237.74697267146507,11.889137431212934,6.887842874341269,16.439909686646562,8.237939213588042,0.16244832688785515,0.13968299305452758,18.11292684278012,15.49694749691238,0.5983213202319582,0.6843135283459901,0.7759902176969311
stage1_soc,184,-1.8424716923817233,0.9437671463990728,0.19811740022618143,0.12016933678761664,263.14580388626143,8.610814107277326,1.5585448223139733,1.293501148112384,598.3415340511197,207.21857249231684,0.8843319263312184,2.560794740564683,0.8431372549019608,0.3595592269803022,0.24616219380815677,146.27199295154213,28.354750346484387,1.6082694749977349,1.368746866702157,433.06889486603853,196.89934147083363,8.001717582524412,5.4781527118351985,12.72682203944462,9.293645924909203,0.17063944353629887,0.14522578915230464,19.27471888138982,16.101010770526546,0.7352694868078702,2.2842880725860595,0.80703125,0.47692965929264036,0.27602329956935134,284.1667791727006,21.699865274084708,1.526471565978679,1.3138057944655883,720.1145986260442,245.2972042745405,10.613707434070006,6.1426889469630535,14.57400669017675,7.358690697777439,0.16196058101081062,0.139396471280218,18.0835926750287,15.877139555008581,0.6639523522122079,0.7352694868078702,0.7759902176969311
stage1_soc,185,-1.8642214329563838,0.9453955958511215,0.19822185623128494,0.11911887571210246,257.8344406603923,8.304204718293203,1.5547618388583637,1.2921213608679665,601.5757008051938,206.9407107428579,0.885929038981736,2.300285035488652,0.8647058823529412,0.330044927347577,0.22942523993916955,139.15861133272492,23.894672630578967,1.5919159737878976,1.3447745590635083,429.19820995780395,189.1602199305028,7.3448992544551714,5.105684511877945,11.989524753328332,8.423260476614871,0.16890431618998103,0.14268229672187985,18.96157741383716,15.829877778938327,0.7656924041486681,2.2020240902900694,0.81796875,0.4392007352160745,0.257244326476939,321.37583566536307,20.19903658084617,1.5292629333894594,1.3187063316378045,706.8288347613927,238.0713492339528,9.774078876381164,5.724777159697084,14.117879089138114,7.219195403220132,0.16225674865503056,0.13991642452754122,18.136208168625537,15.490371841131626,0.6862085294351776,0.7656924041486681,0.7759902176969311
stage1_soc,186,-1.9086415882536485,0.945292900840632,0.19447924841950137,0.11756247420001609,254.63581028169875,8.258947220545592,1.557647276338505,1.2928832020552803,602.0254142275162,206.79622826894573,0.8869491263147816,2.574996867834353,0.8333333333333334,0.4084395235734903,0.26401376530491544,146.37285740807954,29.648854984184112,1.595121730184088,1.3511997582938742,429.78365710000134,188.3460061069236,9.089511468314884,5.875425880767479,13.273437487200479,8.857154040736322,0.16924445103433577,0.1433640185591242,19.041237887222966,16.003848270423944,0.7108014762612863,2.0406995892524717,0.81484375,0.4766840373622452,0.2832097135185904,286.84459472425226,21.977456789418426,1.501464168031085,1.288890434690984,690.0266330348275,231.41067001908658,10.608241304510203,6.302617132747242,16.450397727607303,7.143727550650123,0.1593072641777754,0.1367529198147827,17.747134372670928,15.219462279902519,0.6718385387913264,0.7108014762612863,0.7759902176969311
stage1_soc,187,-1.8404698875723662,0.9439431949884834,0.19792589454743997,0.12013034946278493,270.2694731681166,8.56373803262841,1.5607402538543629,1.2961900848437595,606.3633691708118,208.09067963687298,0.8845654266242514,2.9867711441189635,0.8725490196078431,0.47840086004722476,0.31500164251409324,154.7770209363213,31.19021061648941,1.6106773629036055,1.3725557184759893,438.5561367996482,195.87514668244364,10.64644788977809,7.0101223728773165,15.527233109568574,9.915638783017668,0.17089492351570726,0.14562991318580956,19.30609034330198,15.950309127357436,0.7290287615936757,2.4770676493644714,0.82421875,0.5175615150774834,0.31357329318016125,368.24465041709493,24.164473208944507,1.5025112791718507,1.2984168397524627,691.6806860668573,231.39149071603572,11.517938532725656,6.978335542998698,16.383560233440853,8.174526124081982,0.1594183640059812,0.13776368354801488,17.844826413467665,15.160868152520148,0.668950295476755,0.7290287615936757,0.7759902176969311
stage1_soc,188,-1.9048529558911538,0.9465985945454278,0.1950423993847714,0.11761424738758343,259.6631661507518,8.329210807550918,1.5611923991593855,1.2965538903274072,601.625075171414,208.38140756109453,0.8880858747299964,2.2166245086520324,0.9019607843137255,0.32384658635688496,0.2138016927170147,119.62983808103206,24.326633942158963,1.624896797954112,1.3729039899931819,438.8747139763041,189.5169373565368,7.206959882117998,4.757994331434416,10.869138017643884,7.284206543075372,0.17240362371933599,0.14566686523819705,19.363430069064048,16.423704337846523,0.80480680840666,2.1104028463363647,0.83671875,0.4370990419207825,0.25534294833814786,355.06017691855607,21.826704218655415,1.5230045384056008,1.319597270709346,736.2237018581952,236.60205163037068,9.727307287913675,5.682463432937885,13.81274667218388,6.649639722741903,0.1615927249611919,0.14001095429991836,18.123016626176348,15.453993119812743,0.7055890374237652,0.80480680840666,0.80480680840666
stage1_soc,189,-1.8642874646805585,0.9470093745873861,0.19500670007962342,0.11749579400499677,259.4311096900818,8.2917238051944,1.5689843430504773,1.303834132368762,604.7684259240846,209.8926872969244,0.8885073645634991,3.510616849450504,0.7745098039215687,0.6250771850820188,0.3559392922448323,153.22679958511554,30.462462002528543,1.6616077076944733,1.4144556861078623,452.3253938226912,200.71675430460112,13.910618131848596,7.921158683609027,16.804265326895994,9.89440855590732,0.17629869808789936,0.15007555321818153,19.920009959629912,17.236593507457343,0.586986648396963,3.01882951259613,0.74765625,0.5837553773381854,0.33030610238565716,479.0589668380506,23.46532571698976,1.5553129089578952,1.344493921112735,759.2946557096051,243.19757245894039,12.99103267622729,7.350711506617003,16.890221829532493,7.78686369319628,0.16502068430402267,0.14265252067719353,18.48310032738464,16.348029898114675,0.5725296367985444,0.586986648396963,0.80480680840666
stage1_soc,190,-1.8732518953782664,0.9451461936827897,0.19677081280127393,0.11871996597706232,254.551457839108,8.329305013660605,1.561546427780501,1.2977654242850465,601.439757952612,208.77051775643469,0.8861149498424076,2.9775730460297827,0.8607843137254902,0.36318028323511076,0.24507470915057494,167.51088615886482,28.53472785344423,1.585267849056853,1.3467607435642504,432.3340031615461,191.49111839750657,8.082301440001109,5.453951566509633,12.878639932170518,8.953286711386895,0.1681989416726496,0.1428930334318877,18.962851563730855,15.916676122322851,0.751830228754957,2.305606520175934,0.81328125,0.4733102513176755,0.28208016295138805,293.3121736707717,23.231352066429128,1.5063888411863677,1.299049672333058,715.2722509051221,233.68884317986374,10.53316025780969,6.277479842543786,16.022309107719273,7.545624323487594,0.15982977828370082,0.13783082789234471,17.852955419224607,15.169021514828975,0.6712881746046973,0.751830228754957,0.80480680840666
stage1_soc,191,-1.8636695811784287,0.9421680383785925,0.19813471378329114,0.1194958211436178,258.4636690973889,8.460906711451877,1.557398480326288,1.2935460239662127,597.5537743814505,208.47499893675004,0.8827276242436052,3.047485486198874,0.8509803921568627,0.41851928241034136,0.2721347077402706,146.4898446186899,26.95581758497365,1.60005847576903,1.3595975783014413,436.36114345588624,189.8594969850508,9.313828847651267,6.056151288421138,13.77047501808041,8.791945927004274,0.16976824604045312,0.14425503797800068,19.138097667832913,15.964380357069228,0.7254246074337602,2.446658205986023,0.81484375,0.5009406944636936,0.29488869341548707,276.03280483290985,21.660749014599105,1.5296920663800577,1.320866835299239,718.5440485174856,235.78525686852322,11.148054790182645,6.562523962483715,15.78094990739216,7.678368128690662,0.16230228021293003,0.14014565672293927,18.147592429722216,15.331430054045438,0.6645615416608919,0.7254246074337602,0.80480680840666
stage1_soc,192,-1.9061341675742034,0.9465692531138594,0.1913233210361507,0.11584805829950615,248.7314077289973,8.193433604540454,1.5625971231873004,1.2992274732815128,602.848206200701,209.461915637771,0.8891722568030143,2.7420021440468583,0.8411764705882353,0.4065262848559592,0.26447435435656386,142.90943058096394,25.25728100977129,1.6349811349578494,1.3901192789203396,439.63413450306416,196.86158784455807,9.046933793381589,5.885675940385877,13.92298039839735,9.26105020590158,0.17347358474359323,0.14749342936101048,19.581415257976023,16.742757156624915,0.7192185851314475,2.258388268947601,0.81328125,0.4552482449988125,0.268002386612352,198.3165360540981,22.176501541375785,1.5441759262765529,1.3360683176841122,730.4134486637059,240.43872767132717,10.131204021694991,5.964189619397651,14.300811047305677,7.394420448722796,0.16383903623013857,0.14175855340188992,18.360157853054233,16.277257934834815,0.6767067765003563,0.7192185851314475,0.80480680840666
stage1_soc,193,-1.9150426494958575,0.9463051802297434,0.19234372648937123,0.1163330985029545,252.47762692595063,8.242863786187419,1.5644012278033346,1.3003216803159907,605.3527643648874,209.76662285039248,0.888602062282932,3.115915702371036,0.8431372549019608,0.46825266143992633,0.29752266736354166,154.20886899028102,27.91678904155341,1.60168481430373,1.3669037941551092,445.427415716474,184.5071468376651,10.420607435316832,6.621141052716847,15.100376230559736,8.44794328628873,0.16994080263428094,0.14503023680320234,19.215061643164272,16.30788456537583,0.7026614564699829,2.9165048837661742,0.79765625,0.5149024017738703,0.3103764321307608,354.35039044048466,23.22471806798835,1.554031724698765,1.3455621819157386,754.7442209635723,240.25541025107933,11.458761985222921,6.90719182772623,16.250595476847437,8.61676584263803,0.1648847490192684,0.14276586451155096,18.4741961054656,15.735265073431655,0.6431855294678389,0.7026614564699829,0.80480680840666
stage1_soc,194,-1.8699947472859522,0.9444566700409313,0.19789593580984496,0.11857916228917922,257.6877079425556,8.31069685107459,1.5658091273836459,1.301737683521162,606.5504957661269,209.7665391421963,0.8850878892979778,2.3256234454173668,0.8568627450980392,0.33300058836142543,0.2155178748518594,123.54278973208817,24.24663362349888,1.60354695152344,1.3656759418693243,435.18254584253947,187.09124269451846,7.410675246080019,4.796186661745419,10.85373992328667,6.911885090605005,0.17013837776948018,0.14489996010887451,19.22490613260247,16.051293451299646,0.7569625685896115,1.9735494613647462,0.8265625,0.43087561212029063,0.24495395397134417,310.89813487452636,19.94975509991047,1.5281993135001397,1.3211110391770489,735.3057739589752,237.51773701867006,9.58880958316438,5.451264251685463,13.068023979597816,6.44140512025171,0.16214389722753708,0.14017156706599226,18.15312612979393,15.64996123664567,0.6972998163639128,0.7569625685896115,0.80480680840666
stage1_soc,195,-1.8744981459636125,0.9458797294720009,0.19518881567595642,0.1175760678595446,257.2493425312242,8.252214571372157,1.5667574792354682,1.303051106146727,608.0080386498373,210.7152114306986,0.8873230847692141,2.8262839897006167,0.8686274509803922,0.4489195086277066,0.278956253198432,153.91374318489764,29.224273457770977,1.633243106193951,1.3876441189836637,446.6229219532438,198.55974285513426,9.990362799176136,6.2079596029816475,13.999941776574216,9.22271500269804,0.1732891776739247,0.1472308117332909,19.55917331154582,16.46856378092493,0.7339515983920802,2.477198934555054,0.7703125,0.524718957818429,0.3048631725298037,457.0598996834915,22.271356139120847,1.544978266583693,1.3312577635108027,716.5123724578714,245.3026840003,11.67722198626716,6.784498421534162,16.29123376150492,7.759936392973583,0.1639241655605559,0.14124814746557388,18.308343332213077,15.749412184081704,0.6128968126544713,0.7339515983920802,0.80480680840666
stage1_soc,196,-1.829919159021508,0.9435764270938779,0.1992787895149781,0.12079092309308209,262.9241974990575,8.555427379493114,1.5627651444315394,1.2969744988890346,602.1617164283404,208.27996072062516,0.8837927902393845,2.9248573621114096,0.8607843137254902,0.38369651755100437,0.25367965458289665,146.2118313431767,25.79431378756019,1.5804656032361966,1.3494328705192196,444.0917204586553,182.27277577635664,8.538874656690302,5.6454480933564986,13.317475289044149,8.857406364283943,0.16768941726315195,0.14317654951158879,18.969006583309245,16.308686651879295,0.745675358460189,2.296188676357269,0.8125,0.4809819162216388,0.27624290376334104,276.63114013696133,19.08792742854517,1.504339971797155,1.2946014884946635,704.080591856357,234.2235821934105,10.703887335139406,6.147576071554462,15.018921575048205,6.703731526080734,0.15961239062703694,0.13735886991096732,17.805199896998214,15.344301901787983,0.6682054251335083,0.745675358460189,0.80480680840666
stage1_soc,197,-1.9137303238909245,0.9457917051772956,0.19388060889482112,0.11640467160075896,255.93423279707065,8.150769833759727,1.5600281641872418,1.2949128541213466,600.4114104458638,207.99210758799305,0.8876275225088492,3.5345648718815226,0.8352941176470589,0.5453450562767096,0.34547613758739887,169.96024078418313,30.794770753574,1.6092699402172737,1.3578657534557814,430.6356441872318,192.40896819585896,12.13624014602515,7.688309121398671,16.744788000137003,9.843974404448211,0.17074559417273977,0.14407128915197379,19.15213860100521,15.646958129001453,0.671690600764046,2.6850342750549316,0.78828125,0.5430100863525894,0.3212518579013704,340.18470994871114,20.794708464770647,1.5262805100705104,1.3144421800330748,736.4895913915095,235.61927547745927,12.084277163310423,7.149216170522175,16.534710779228327,7.65667333768369,0.16194030973515622,0.1394639926009908,18.0787710877604,15.584419846682714,0.6253782240942232,0.671690600764046,0.80480680840666
stage1_soc,198,-1.9158131272755425,0.9468920088611124,0.19340782728189812,0.11612691859374379,253.62464705224815,8.142716591737132,1.5625551277451395,1.297304522799098,598.8870050397545,209.40821926532607,0.8888696606765429,2.541073011884502,0.8392156862745098,0.3845599817654008,0.25153798290035306,152.42946136295203,28.54488439798008,1.5984288507922846,1.3606349326158855,425.4502959251448,188.587738640675,8.558090397151874,5.59778681623638,12.562872825920763,8.837286300014217,0.16959534075093058,0.14436510259448357,19.13855339644143,15.798389410045452,0.7238476917448896,1.9780827283859252,0.82578125,0.4508345981239542,0.2605863189073716,353.4736685827694,20.389279271300367,1.5401409963866957,1.3305338469916024,732.5753601411332,238.54402178982065,10.032981661784472,5.7991506636559205,13.536051380455557,6.849139107693548,0.16341092502003546,0.14117133899912998,18.288086588496014,15.542925537022807,0.6905308705628137,0.7238476917448896,0.80480680840666
stage1_soc,199,-1.957899977451755,0.9465105702507225,0.1908896735530594,0.11470881375867995,254.18455626612823,8.009051617796354,1.56169933522207,1.2983523691237975,603.7987117383244,209.63614570224277,0.8892436681848047,2.8721928624545825,0.8627450980392157,0.45930454429412676,0.28185765563199916,135.68274743937752,28.838827373570467,1.6254368075179138,1.3761400253091958,438.5666436954266,195.33066786422455,10.221473882557373,6.272528111100967,13.516681818664427,8.400687694811182,0.17246091942313685,0.14601021271458264,19.415870166719863,15.910102964573278,0.7249537347509777,2.480365014076233,0.81875,0.4879084154021488,0.2751883215283669,263.78042825491076,19.202493788072886,1.5414565215088591,1.330836070922669,738.6290167356893,243.9932525742604,10.858031315099247,6.124107144661168,14.749632786543648,6.651085088086388,0.16355050391417836,0.1412034053438703,18.296643569490215,15.644594742708549,0.6723774753793553,0.7249537347509777,0.80480680840666
