final_stage,test_cls_acc,test_soc_rmse,test_soc_mae,test_soc_mape,test_soh_rmse,test_soh_mae,test_soh_mape,test_soc_rmse_raw,test_soc_mae_raw,test_soc_mape_raw,test_soh_rmse_raw,test_soh_mae_raw,test_soh_mape_raw,n_test
finetune,0.91796875,0.35697622027848686,0.1825618242532073,83.93774653367365,0.49180728061929624,0.3271057346180896,438.1144883859859,7.943367524203453,4.06233128325997,10.170100980269362,0.05238952329518597,0.03484477387244775,4.345397940490497,1280
