config,part,pulse_widths_ms,num_pulse_widths,polarity,final_stage,test_cls_acc,test_soc_medape_raw,test_soh_medape_raw,mat_acc_pct,soc_medape_pct,soh_medape_pct
positive_only,positive,"30,50,70,100,300,500,700,1000,3000,5000",10,positive,unknown,0.86640625,6.247715003899073,2.9985201769995733,86.640625,6.247715003899073,2.9985201769995733
negative_only,negative,"30,50,70,100,300,500,700,1000,3000,5000",10,negative,unknown,0.86640625,6.245572808549359,2.7711037894979635,86.640625,6.245572808549359,2.7711037894979635