ID,True_Material,Pred_Material,True_SOC,Pred_SOC,True_SOH,Pred_SOH
PIP15829A00209415,LMO_10Ah,LMO_10Ah,38.8252,29.723618,0.67015,0.66298985
PIP15D26A03261343,LMO_10Ah,LMO_10Ah,61.3405,29.722666,0.71626,0.80337167
PIP15D19A03280145,LMO_10Ah,LMO_26Ah,41.6439,29.72315,0.74285,0.8488191
PIP15D01A03241499,LMO_10Ah,LMO_26Ah,47.5273,29.723679,0.79292,0.85807353
PIP15N21A50200177,LMO_10Ah,LMO_10Ah,8.6173,5.2839513,0.87622,0.69732684
PIP15D25A03219538,LMO_10Ah,LMO_10Ah,26.4669,28.885351,0.8858900000000001,0.92306566
PIP15N26A01201901,LMO_10Ah,LMO_25Ah,30.3575,18.810463,0.87909,0.931104
PIP15828A00213703,LMO_10Ah,LMO_10Ah,38.6217,29.723984,0.59307,0.66056937
PIP15D01A03221296,LMO_10Ah,LMO_10Ah,58.0204,29.723824,0.87905,0.91889596
PIP15N15A03208398,LMO_10Ah,LMO_10Ah,63.7579,29.724075,0.88277,0.8671973
PIP15N15A03208683,LMO_10Ah,LMO_10Ah,53.3811,29.722883,0.8700699999999999,0.8889777
PIP15D25A03243702,LMO_10Ah,LMO_10Ah,8.8585,8.489566,0.8977299999999999,0.88727975
PIP15D26A03252860,LMO_10Ah,LMO_25Ah,50.482,29.604818,0.9214399999999999,0.96419805
PIP15D23A03282874,LMO_10Ah,LMO_10Ah,68.8352,29.72426,0.89416,0.9299228
PJP17601527003A007037,NMC_15Ah,NMC_15Ah,33.5103,29.67008,0.7527466666666667,0.85449773
PJP17930O01003A017268,NMC_15Ah,NMC_15Ah,52.0063,29.724463,0.75258,0.83771497
PJP17601527001A008674,NMC_15Ah,LMO_24Ah,35.3566,29.722288,0.7564933333333334,1.0174176
PJP17601529001A010983,NMC_15Ah,NMC_15Ah,19.9515,17.523014,0.7735933333333332,0.8402677
PJP17930O01001A011629,NMC_15Ah,NMC_15Ah,39.1115,29.722954,0.75428,0.8860445
PJP17601527001A008592,NMC_15Ah,NMC_15Ah,22.5881,15.760894,0.7639066666666667,0.8913434
PJP17601527002A007215,NMC_15Ah,NMC_15Ah,41.6439,29.723188,0.7767866666666666,0.89748675
PJP17601527003A007274,NMC_15Ah,NMC_15Ah,58.6931,29.724197,0.76566,0.8294022
PJP17601529001A003327,NMC_15Ah,NMC_15Ah,41.452,29.723457,0.7542866666666667,0.84598666
PJP17601529001A001010,NMC_15Ah,NMC_15Ah,41.3203,29.723303,0.7656533333333333,0.86250275
PJP17930O01001A006207,NMC_15Ah,NMC_15Ah,37.1093,29.722542,0.7581,0.9319326
PJP17601527001A008438,NMC_15Ah,NMC_15Ah,65.0,29.723188,0.7541066666666667,0.80418104
PJP17601527003A009662,NMC_15Ah,NMC_15Ah,34.8354,29.67018,0.7714599999999999,0.8706289
PJP17930O01003A016647,NMC_15Ah,NMC_15Ah,41.6497,29.723444,0.75896,0.81235725
PJP17530529002A000337,NMC_15Ah,NMC_15Ah,57.0066,29.724226,0.7549399999999999,0.8025097
PJP17601527003A009747,NMC_15Ah,NMC_15Ah,55.9235,29.724329,0.7671666666666667,0.8063461
PJP17601527001A012082,NMC_15Ah,NMC_15Ah,26.9765,20.371204,0.7630533333333334,0.92821956
PJP17930O01003A017730,NMC_15Ah,LMO_24Ah,8.3761,8.746562,0.7969666666666666,0.8104329
PJP17930O01003A018005,NMC_15Ah,NMC_15Ah,52.0704,29.724436,0.79294,0.8114152
02LCC02100101A87Y0026421,NMC_21Ah,NMC_21Ah,26.9765,25.574814,1.000052380952381,0.887837
02LCC02100101A87Y0010168,NMC_21Ah,NMC_21Ah,34.3612,29.349014,1.0051,0.8988007
02LCC02100101A8BC0103482,NMC_21Ah,LMO_25Ah,8.135,16.236458,0.7755,0.7572279
02LCC02100101A87Y0074479,NMC_21Ah,NMC_21Ah,43.8556,29.669909,0.9881190476190476,0.8737878
02LCC02100101A87Y0020833,NMC_21Ah,NMC_21Ah,41.3203,29.669725,0.9979714285714285,0.90399
02LCC02100101A87Y0027455,NMC_21Ah,LMO_24Ah,70.0,29.724228,1.011161904761905,0.8272097
02LCC02100101A87Y0173907,NMC_21Ah,LMO_24Ah,55.9235,29.7226,1.006,0.81160885
02LCC02100101A87Y0177229,NMC_21Ah,NMC_21Ah,49.0491,29.722147,0.9903,0.92624044
02LCC02100101A87Y0175162,NMC_21Ah,NMC_15Ah,34.8354,29.145706,1.001404761904762,0.8494205
02LCC02100101A87Y0172641,NMC_21Ah,LMO_24Ah,21.8027,21.798622,1.004309523809524,0.853976
A170530525010800027,LMO_24Ah,LMO_24Ah,75.0,8.703293,0.7957208333333333,0.8113001
A170528511010800104,LMO_24Ah,LMO_24Ah,41.9541,29.723852,0.7689125,0.86976033
A170526507010800030,LMO_24Ah,NMC_21Ah,46.7917,29.724436,0.7420833333333333,0.92289925
A170622616030800696,LMO_24Ah,LMO_24Ah,9.0996,16.827559,1.095941666666667,1.0625085
A170527511010800595,LMO_24Ah,NMC_21Ah,20.5001,15.387466,0.7606625,0.98266786
A170531525010801074,LMO_24Ah,LMO_24Ah,44.7967,29.72384,0.802275,0.8784471
A170529511010800411,LMO_24Ah,LMO_10Ah,7.6527,18.25199,0.6376916666666667,0.805101
A170528511010802245,LMO_24Ah,LMO_25Ah,36.6803,29.723394,0.74125,0.9079489
A170525507010800198,LMO_24Ah,LMO_24Ah,44.4627,29.723589,0.825625,0.82928467
A170606528030800466,LMO_24Ah,LMO_24Ah,40.1289,29.358446,1.0524,1.1137587
A170529511010800365,LMO_24Ah,LMO_25Ah,31.8633,29.722084,0.7595833333333334,0.8857393
515092904916,LMO_25Ah,LMO_25Ah,27.7305,29.723885,0.629024,0.67619824
515092905212,LMO_25Ah,LMO_24Ah,50.482,29.723305,0.918516,0.78847265
515093002457,LMO_25Ah,LMO_25Ah,7.8938,19.132776,0.715284,0.6948066
516020603556,LMO_25Ah,LMO_25Ah,35.3767,29.724205,0.6442319999999999,0.7044141
515092904019,LMO_25Ah,LMO_25Ah,41.6439,29.723816,0.7791079999999999,0.8123844
515093000451,LMO_25Ah,NMC_21Ah,8.8585,17.109407,0.934832,1.0244082
515092901182,LMO_25Ah,LMO_25Ah,7.1704,19.588552,0.601472,0.6815996
515092904740,LMO_25Ah,LMO_25Ah,25.6641,29.70587,0.617416,0.6640331
515100100624,LMO_25Ah,LMO_25Ah,8.3761,18.593128,0.8321599999999999,0.77443284
515093001782,LMO_25Ah,LMO_24Ah,50.1002,29.723211,0.925024,0.907331
515093002576,LMO_25Ah,LMO_25Ah,50.1557,29.724306,0.804024,0.8831777
515093000724,LMO_25Ah,LMO_25Ah,38.8252,29.723976,0.7228279999999999,0.7744078
515093002348,LMO_25Ah,LMO_25Ah,21.1016,26.560507,0.782636,0.68813777
515092501338,LMO_25Ah,LMO_25Ah,32.339,29.724274,0.590388,0.6012866
515092901199,LMO_25Ah,LMO_25Ah,27.5501,29.724081,0.422888,0.59703594
515093000605,LMO_25Ah,LMO_25Ah,35.9961,29.722466,0.8718319999999999,0.9658249
515100102065,LMO_25Ah,LMO_25Ah,8.6173,18.18932,0.886136,0.7978843
515093002646,LMO_25Ah,LMO_24Ah,70.0083,29.7241,0.88878,0.944886
515100101320,LMO_25Ah,LMO_25Ah,75.0,29.722961,0.795436,0.8522539
515092904410,LMO_25Ah,LMO_25Ah,44.4627,29.723555,0.84136,0.9065693
515093001367,LMO_25Ah,LMO_25Ah,44.7967,29.724127,0.7882760000000001,0.9070358
515093004000,LMO_25Ah,LMO_25Ah,41.9541,29.724146,0.746968,0.7912789
515100100526,LMO_25Ah,NMC_21Ah,22.2517,27.43844,0.872804,0.9660821
515092904584,LMO_25Ah,LMO_25Ah,50.0064,29.724434,0.7854439999999999,0.88705325
515092905201,LMO_25Ah,LMO_24Ah,53.6027,29.723356,0.944636,0.8201025
H27734091053,LMO_26Ah,LMO_26Ah,8.3761,19.312017,0.8388307692307693,0.93614215
H27735178005,LMO_26Ah,LMO_26Ah,53.3811,29.724379,0.8490000000000001,0.97865844
H27733490499,LMO_26Ah,LMO_26Ah,70.0083,29.724047,0.8877884615384615,0.949107
H27734592855,LMO_26Ah,LMO_26Ah,22.2517,29.675207,0.8586153846153847,0.85104173
H27734492478,LMO_26Ah,LMO_24Ah,90.0,29.722467,0.9984076923076923,0.81954926
H27733590292,LMO_26Ah,LMO_26Ah,38.0625,29.72255,0.9464884615384614,0.95704395
H27734676393,LMO_26Ah,LMO_24Ah,62.6027,29.724333,0.9604461538461538,0.8579362
H27735077206,LMO_26Ah,LMO_26Ah,71.0838,29.724089,0.9195923076923077,0.971585
H27735176665,LMO_26Ah,LMO_26Ah,53.3246,29.723373,0.998203846153846,0.9625824
H27734291854,LMO_26Ah,LMO_26Ah,24.5519,29.601326,0.9923153846153846,1.0149177
H27734591085,LMO_26Ah,LMO_26Ah,42.3415,29.723001,0.9497769230769231,0.9350133
H27734491651,LMO_26Ah,LMO_24Ah,85.0,29.722498,0.9381923076923078,0.86420053
H27735076930,LMO_26Ah,LMO_26Ah,75.214,29.724115,0.9650538461538462,0.9687492
H27734691342,LMO_26Ah,LMO_24Ah,85.0,29.722284,0.9401923076923077,0.86862344
H27735177571,LMO_26Ah,LMO_26Ah,75.0,29.72281,0.8238038461538462,0.9151009
17号,LFP_35Ah,LFP_35Ah,40.8667,26.640358,0.8172685714285713,0.9234652
1号,LFP_35Ah,LFP_35Ah,41.452,26.12528,0.7431371428571428,0.92595094
34号,LFP_35Ah,LFP_35Ah,38.5265,26.27945,0.8159685714285715,0.9100141
36号,LFP_35Ah,LFP_35Ah,32.1026,25.609388,0.88972,0.9292832
37号,LFP_35Ah,LFP_35Ah,33.7731,25.772615,0.88372,0.9212834
53号,LFP_35Ah,LFP_35Ah,53.3916,28.88298,0.9176657142857142,0.9147636
8号,LFP_35Ah,LFP_35Ah,29.7969,24.993774,0.7810742857142857,0.877044
9号,LFP_35Ah,LFP_35Ah,19.3077,18.205664,0.7772285714285714,0.9073214
02HCB68111211Y87Y0002979,LFP_68Ah,LFP_68Ah,21.1016,19.564714,0.8426367647058823,0.7971983
02HCB68111211Y88D0000337,LFP_68Ah,NMC_15Ah,44.7967,25.11542,0.8511661764705882,0.7964924
02HCB68111211Y88D0003997,LFP_68Ah,LFP_68Ah,18.1154,20.969902,0.6526647058823529,0.80145293
02HCB68111211Y87Y0011345,LFP_68Ah,NMC_15Ah,5.0,8.431518,0.8249632352941176,0.78992015
02HCB68111211Y87Y0015653,LFP_68Ah,LFP_68Ah,48.7083,25.60182,0.7779485294117647,0.8063219
02HCB68111211Y86L0000199,LFP_68Ah,LFP_68Ah,32.5404,23.589136,0.7060573529411764,0.8053813
02HCB68111211Y86X0004792,LFP_68Ah,LFP_68Ah,31.8633,23.618362,0.7697308823529412,0.80265707
02HCB68111211Y87Y0015365,LFP_68Ah,NMC_15Ah,60.1373,27.607397,0.8225014705882353,0.79719543
02HCB68111211Y86S0005042,LFP_68Ah,LFP_68Ah,41.9839,26.304438,0.6715102941176471,0.8082369
02HCB68111211Y88D0003294,LFP_68Ah,LFP_68Ah,46.8445,26.067839,0.8352544117647058,0.80715626
02HCB68111211Y88E0004340,LFP_68Ah,LFP_68Ah,44.1142,25.960493,0.8342852941176471,0.80367565
02HCB68111211Y87Y0013553,LFP_68Ah,LFP_68Ah,37.6917,24.588785,0.8047691176470588,0.80789596
02HCB68111211Y87Y0013903,LFP_68Ah,NMC_15Ah,39.9041,23.772085,0.8119000000000001,0.79798365
02HCB68111211Y87Y0009622,LFP_68Ah,NMC_15Ah,37.1305,24.254723,0.8424544117647059,0.79704267
02HCB68111211Y87Y0012947,LFP_68Ah,LFP_68Ah,39.5793,25.012033,0.8117617647058823,0.80250686
02HCB68111211Y87Y0003936,LFP_68Ah,NMC_15Ah,62.8233,28.603811,0.8382176470588236,0.8057449
02HCB68111211Y88D0005602,LFP_68Ah,NMC_15Ah,39.1172,23.75277,0.8460514705882353,0.79180837
02HCB68111211Y88E0004523,LFP_68Ah,NMC_15Ah,50.1764,26.189596,0.8356073529411765,0.7989602
02HCB68111211Y86V0003442,LFP_68Ah,LFP_68Ah,43.058,25.858805,0.6879132352941176,0.8089945
02HCB68111211Y86X0009373,LFP_68Ah,LFP_68Ah,18.8014,19.305153,0.7169970588235294,0.8042415
02HCB68111211Y88E0004411,LFP_68Ah,NMC_15Ah,59.1842,27.301283,0.8248588235294118,0.8013263
02HCB68111211Y87Y0004508,LFP_68Ah,NMC_15Ah,75.0,28.81273,0.8487455882352941,0.81073076
02HCB68111211Y86M0004883,LFP_68Ah,NMC_15Ah,39.1115,24.463049,0.7269970588235294,0.80159044
02HCB68111211Y86L0005694,LFP_68Ah,LFP_68Ah,52.0063,26.882929,0.6864426470588235,0.8023024
02HCB68111211Y88E0004333,LFP_68Ah,NMC_15Ah,29.431,23.015427,0.8231911764705881,0.7988279
02HCB68111211Y87Y0007299,LFP_68Ah,NMC_15Ah,38.262,23.85575,0.8386073529411765,0.7919143
PIP15829A00209415,LMO_10Ah,LMO_10Ah,38.8252,29.723608,0.67015,0.6795966
PIP15D26A03261343,LMO_10Ah,LMO_10Ah,61.3405,29.722689,0.71626,0.78536075
PIP15D19A03280145,LMO_10Ah,LMO_26Ah,41.6439,29.72315,0.74285,0.8513558
PIP15D01A03241499,LMO_10Ah,LMO_26Ah,47.5273,29.723665,0.79292,0.8546452
PIP15N21A50200177,LMO_10Ah,LMO_10Ah,8.6173,5.268528,0.87622,0.7008826
PIP15D25A03219538,LMO_10Ah,LMO_10Ah,26.4669,28.885338,0.8858900000000001,0.9316628
PIP15N26A01201901,LMO_10Ah,LMO_25Ah,30.3575,18.840317,0.87909,0.9240864
PIP15828A00213703,LMO_10Ah,LMO_10Ah,38.6217,29.723967,0.59307,0.65460855
PIP15D01A03221296,LMO_10Ah,LMO_10Ah,58.0204,29.723825,0.87905,0.91943115
PIP15N15A03208398,LMO_10Ah,LMO_10Ah,63.7579,29.724068,0.88277,0.87432504
PIP15N15A03208683,LMO_10Ah,LMO_10Ah,53.3811,29.722872,0.8700699999999999,0.89706755
PIP15D25A03243702,LMO_10Ah,LMO_10Ah,8.8585,8.476198,0.8977299999999999,0.88945657
PIP15D26A03252860,LMO_10Ah,LMO_25Ah,50.482,29.610893,0.9214399999999999,0.96451473
PIP15D23A03282874,LMO_10Ah,LMO_10Ah,68.8352,29.724264,0.89416,0.93015456
PJP17601527003A007037,NMC_15Ah,NMC_15Ah,33.5103,29.670069,0.7527466666666667,0.8480447
PJP17930O01003A017268,NMC_15Ah,NMC_15Ah,52.0063,29.724464,0.75258,0.8338832
PJP17601527001A008674,NMC_15Ah,NMC_15Ah,35.3566,29.722288,0.7564933333333334,1.0158719
PJP17601529001A010983,NMC_15Ah,NMC_15Ah,19.9515,17.50382,0.7735933333333332,0.8396484
PJP17930O01001A011629,NMC_15Ah,NMC_15Ah,39.1115,29.722948,0.75428,0.8833241
PJP17601527001A008592,NMC_15Ah,NMC_15Ah,22.5881,15.72368,0.7639066666666667,0.88654757
PJP17601527002A007215,NMC_15Ah,NMC_15Ah,41.6439,29.723188,0.7767866666666666,0.89775634
PJP17601527003A007274,NMC_15Ah,NMC_15Ah,58.6931,29.724197,0.76566,0.828959
PJP17601529001A003327,NMC_15Ah,NMC_15Ah,41.452,29.72346,0.7542866666666667,0.8404611
PJP17601529001A001010,NMC_15Ah,NMC_15Ah,41.3203,29.723303,0.7656533333333333,0.8605766
PJP17930O01001A006207,NMC_15Ah,NMC_15Ah,37.1093,29.722542,0.7581,0.92180806
PJP17601527001A008438,NMC_15Ah,NMC_15Ah,65.0,29.723196,0.7541066666666667,0.80394644
PJP17601527003A009662,NMC_15Ah,NMC_15Ah,34.8354,29.670174,0.7714599999999999,0.8648629
PJP17930O01003A016647,NMC_15Ah,NMC_15Ah,41.6497,29.723444,0.75896,0.81164414
PJP17530529002A000337,NMC_15Ah,NMC_15Ah,57.0066,29.724228,0.7549399999999999,0.80255556
PJP17601527003A009747,NMC_15Ah,NMC_15Ah,55.9235,29.724329,0.7671666666666667,0.8058947
PJP17601527001A012082,NMC_15Ah,NMC_15Ah,26.9765,20.365484,0.7630533333333334,0.91858387
PJP17930O01003A017730,NMC_15Ah,LMO_24Ah,8.3761,8.762034,0.7969666666666666,0.81079084
PJP17930O01003A018005,NMC_15Ah,NMC_15Ah,52.0704,29.724432,0.79294,0.81056166
02LCC02100101A87Y0026421,NMC_21Ah,NMC_21Ah,26.9765,25.558859,1.000052380952381,0.90168136
02LCC02100101A87Y0010168,NMC_21Ah,NMC_21Ah,34.3612,29.307669,1.0051,0.909426
02LCC02100101A8BC0103482,NMC_21Ah,LMO_25Ah,8.135,15.946654,0.7755,0.75474936
02LCC02100101A87Y0074479,NMC_21Ah,NMC_21Ah,43.8556,29.669907,0.9881190476190476,0.8885105
02LCC02100101A87Y0020833,NMC_21Ah,NMC_21Ah,41.3203,29.669722,0.9979714285714285,0.90906763
02LCC02100101A87Y0027455,NMC_21Ah,NMC_21Ah,70.0,29.724234,1.011161904761905,0.8294356
02LCC02100101A87Y0173907,NMC_21Ah,LMO_24Ah,55.9235,29.722603,1.006,0.8078744
02LCC02100101A87Y0177229,NMC_21Ah,NMC_21Ah,49.0491,29.722132,0.9903,0.9296999
02LCC02100101A87Y0175162,NMC_21Ah,NMC_15Ah,34.8354,29.237238,1.001404761904762,0.84989667
02LCC02100101A87Y0172641,NMC_21Ah,LMO_24Ah,21.8027,21.823359,1.004309523809524,0.85260135
A170530525010800027,LMO_24Ah,LMO_24Ah,75.0,8.762607,0.7957208333333333,0.8085449
A170528511010800104,LMO_24Ah,LMO_24Ah,41.9541,29.723852,0.7689125,0.8726513
A170526507010800030,LMO_24Ah,NMC_21Ah,46.7917,29.72444,0.7420833333333333,0.9324102
A170622616030800696,LMO_24Ah,LMO_24Ah,9.0996,16.392977,1.095941666666667,1.0530187
A170527511010800595,LMO_24Ah,NMC_21Ah,20.5001,15.192863,0.7606625,0.9672351
A170531525010801074,LMO_24Ah,LMO_24Ah,44.7967,29.72384,0.802275,0.8734564
A170529511010800411,LMO_24Ah,LMO_10Ah,7.6527,18.179253,0.6376916666666667,0.782698
A170528511010802245,LMO_24Ah,LMO_25Ah,36.6803,29.723389,0.74125,0.9145522
A170525507010800198,LMO_24Ah,LMO_24Ah,44.4627,29.723587,0.825625,0.82337075
A170606528030800466,LMO_24Ah,LMO_24Ah,40.1289,29.318344,1.0524,1.113392
A170529511010800365,LMO_24Ah,LMO_25Ah,31.8633,29.72135,0.7595833333333334,0.8834385
515092904916,LMO_25Ah,LMO_25Ah,27.7305,29.723877,0.629024,0.67667055
515092905212,LMO_25Ah,LMO_24Ah,50.482,29.723303,0.918516,0.786967
515093002457,LMO_25Ah,LMO_25Ah,7.8938,19.110382,0.715284,0.6867991
516020603556,LMO_25Ah,LMO_25Ah,35.3767,29.7242,0.6442319999999999,0.71319896
515092904019,LMO_25Ah,LMO_25Ah,41.6439,29.72381,0.7791079999999999,0.8119027
515093000451,LMO_25Ah,NMC_21Ah,8.8585,16.570372,0.934832,1.0054113
515092901182,LMO_25Ah,LMO_25Ah,7.1704,19.62341,0.601472,0.67950606
515092904740,LMO_25Ah,LMO_25Ah,25.6641,29.698778,0.617416,0.6623296
515100100624,LMO_25Ah,LMO_25Ah,8.3761,18.206797,0.8321599999999999,0.7738356
515093001782,LMO_25Ah,NMC_21Ah,50.1002,29.723213,0.925024,0.9078967
515093002576,LMO_25Ah,LMO_25Ah,50.1557,29.724298,0.804024,0.8775947
515093000724,LMO_25Ah,LMO_25Ah,38.8252,29.72397,0.7228279999999999,0.7747295
515093002348,LMO_25Ah,LMO_25Ah,21.1016,26.5609,0.782636,0.6913631
515092501338,LMO_25Ah,LMO_25Ah,32.339,29.724274,0.590388,0.6001603
515092901199,LMO_25Ah,LMO_25Ah,27.5501,29.724085,0.422888,0.59646463
515093000605,LMO_25Ah,LMO_25Ah,35.9961,29.722464,0.8718319999999999,0.964372
515100102065,LMO_25Ah,LMO_25Ah,8.6173,17.625475,0.886136,0.7930444
515093002646,LMO_25Ah,LMO_24Ah,70.0083,29.724106,0.88878,0.9435854
515100101320,LMO_25Ah,LMO_25Ah,75.0,29.722977,0.795436,0.85913926
515092904410,LMO_25Ah,LMO_25Ah,44.4627,29.723549,0.84136,0.9059017
515093001367,LMO_25Ah,LMO_25Ah,44.7967,29.724123,0.7882760000000001,0.9076492
515093004000,LMO_25Ah,LMO_25Ah,41.9541,29.724138,0.746968,0.8022037
515100100526,LMO_25Ah,NMC_21Ah,22.2517,27.410545,0.872804,0.9792684
515092904584,LMO_25Ah,LMO_25Ah,50.0064,29.724434,0.7854439999999999,0.8868547
515092905201,LMO_25Ah,LMO_24Ah,53.6027,29.723358,0.944636,0.82641536
H27734091053,LMO_26Ah,LMO_26Ah,8.3761,19.259665,0.8388307692307693,0.9320199
H27735178005,LMO_26Ah,LMO_26Ah,53.3811,29.724386,0.8490000000000001,0.9861519
H27733490499,LMO_26Ah,LMO_26Ah,70.0083,29.72404,0.8877884615384615,0.95601195
H27734592855,LMO_26Ah,LMO_26Ah,22.2517,28.956322,0.8586153846153847,0.85134035
H27734492478,LMO_26Ah,LMO_24Ah,90.0,29.722473,0.9984076923076923,0.8230832
H27733590292,LMO_26Ah,LMO_26Ah,38.0625,29.722544,0.9464884615384614,0.95774937
H27734676393,LMO_26Ah,LMO_24Ah,62.6027,29.724329,0.9604461538461538,0.8636663
H27735077206,LMO_26Ah,LMO_26Ah,71.0838,29.724085,0.9195923076923077,1.0082195
H27735176665,LMO_26Ah,LMO_26Ah,53.3246,29.723375,0.998203846153846,0.9585671
H27734291854,LMO_26Ah,LMO_26Ah,24.5519,29.59638,0.9923153846153846,1.0053803
H27734591085,LMO_26Ah,LMO_26Ah,42.3415,29.723005,0.9497769230769231,0.9409078
H27734491651,LMO_26Ah,LMO_24Ah,85.0,29.72252,0.9381923076923078,0.8616173
H27735076930,LMO_26Ah,LMO_26Ah,75.214,29.72412,0.9650538461538462,0.96666664
H27734691342,LMO_26Ah,LMO_24Ah,85.0,29.722311,0.9401923076923077,0.8707974
H27735177571,LMO_26Ah,LMO_26Ah,75.0,29.722834,0.8238038461538462,0.9111788
17号,LFP_35Ah,LFP_35Ah,40.8667,26.434072,0.8172685714285713,0.9208281
1号,LFP_35Ah,LFP_35Ah,41.452,26.014977,0.7431371428571428,0.9251333
34号,LFP_35Ah,LFP_35Ah,38.5265,26.13085,0.8159685714285715,0.9127533
36号,LFP_35Ah,LFP_35Ah,32.1026,25.626953,0.88972,0.92831844
37号,LFP_35Ah,LFP_35Ah,33.7731,25.716692,0.88372,0.9206758
53号,LFP_35Ah,LFP_35Ah,53.3916,28.78173,0.9176657142857142,0.910302
8号,LFP_35Ah,LFP_35Ah,29.7969,24.993982,0.7810742857142857,0.8740179
9号,LFP_35Ah,LFP_35Ah,19.3077,17.974607,0.7772285714285714,0.9008842
02HCB68111211Y87Y0002979,LFP_68Ah,LFP_68Ah,21.1016,19.421371,0.8426367647058823,0.7962856
02HCB68111211Y88D0000337,LFP_68Ah,NMC_15Ah,44.7967,23.670135,0.8511661764705882,0.79522425
02HCB68111211Y88D0003997,LFP_68Ah,LFP_68Ah,18.1154,21.099068,0.6526647058823529,0.8038598
02HCB68111211Y87Y0011345,LFP_68Ah,NMC_15Ah,5.0,8.398256,0.8249632352941176,0.79114056
02HCB68111211Y87Y0015653,LFP_68Ah,LFP_68Ah,48.7083,23.849586,0.7779485294117647,0.8088227
02HCB68111211Y86L0000199,LFP_68Ah,LFP_68Ah,32.5404,23.473825,0.7060573529411764,0.80357057
02HCB68111211Y86X0004792,LFP_68Ah,LFP_68Ah,31.8633,23.462013,0.7697308823529412,0.804493
02HCB68111211Y87Y0015365,LFP_68Ah,NMC_15Ah,60.1373,27.64974,0.8225014705882353,0.79738355
02HCB68111211Y86S0005042,LFP_68Ah,LFP_68Ah,41.9839,25.931885,0.6715102941176471,0.80751896
02HCB68111211Y88D0003294,LFP_68Ah,LFP_68Ah,46.8445,25.307444,0.8352544117647058,0.8038902
02HCB68111211Y88E0004340,LFP_68Ah,LFP_68Ah,44.1142,25.224318,0.8342852941176471,0.8024098
02HCB68111211Y87Y0013553,LFP_68Ah,LFP_68Ah,37.6917,23.793287,0.8047691176470588,0.80687577
02HCB68111211Y87Y0013903,LFP_68Ah,NMC_15Ah,39.9041,23.183672,0.8119000000000001,0.7972274
02HCB68111211Y87Y0009622,LFP_68Ah,NMC_15Ah,37.1305,23.218363,0.8424544117647059,0.79506654
02HCB68111211Y87Y0012947,LFP_68Ah,LFP_68Ah,39.5793,24.656668,0.8117617647058823,0.80098796
02HCB68111211Y87Y0003936,LFP_68Ah,NMC_15Ah,62.8233,28.63342,0.8382176470588236,0.8087477
02HCB68111211Y88D0005602,LFP_68Ah,NMC_15Ah,39.1172,23.198019,0.8460514705882353,0.7917743
02HCB68111211Y88E0004523,LFP_68Ah,LMO_24Ah,50.1764,26.143084,0.8356073529411765,0.8031733
02HCB68111211Y86V0003442,LFP_68Ah,LFP_68Ah,43.058,25.827036,0.6879132352941176,0.80599236
02HCB68111211Y86X0009373,LFP_68Ah,LFP_68Ah,18.8014,19.141539,0.7169970588235294,0.80140406
02HCB68111211Y88E0004411,LFP_68Ah,NMC_15Ah,59.1842,27.481993,0.8248588235294118,0.79703736
02HCB68111211Y87Y0004508,LFP_68Ah,NMC_15Ah,75.0,28.81471,0.8487455882352941,0.80738086
02HCB68111211Y86M0004883,LFP_68Ah,LFP_68Ah,39.1115,24.068361,0.7269970588235294,0.80151886
02HCB68111211Y86L0005694,LFP_68Ah,LFP_68Ah,52.0063,26.88035,0.6864426470588235,0.8019686
02HCB68111211Y88E0004333,LFP_68Ah,LFP_68Ah,29.431,22.683807,0.8231911764705881,0.79791355
02HCB68111211Y87Y0007299,LFP_68Ah,NMC_15Ah,38.262,22.80633,0.8386073529411765,0.7909725
PIP15829A00209415,LMO_10Ah,LMO_10Ah,38.8252,29.723555,0.67015,0.6586005
PIP15D26A03261343,LMO_10Ah,LMO_10Ah,61.3405,29.722696,0.71626,0.7782097
PIP15D19A03280145,LMO_10Ah,LMO_26Ah,41.6439,29.723145,0.74285,0.8497052
PIP15D01A03241499,LMO_10Ah,LMO_26Ah,47.5273,29.72364,0.79292,0.8506901
PIP15N21A50200177,LMO_10Ah,LMO_10Ah,8.6173,5.121214,0.87622,0.706088
PIP15D25A03219538,LMO_10Ah,LMO_10Ah,26.4669,28.885328,0.8858900000000001,0.92403644
PIP15N26A01201901,LMO_10Ah,LMO_25Ah,30.3575,18.680056,0.87909,0.9390147
PIP15828A00213703,LMO_10Ah,LMO_10Ah,38.6217,29.72393,0.59307,0.6656891
PIP15D01A03221296,LMO_10Ah,LMO_10Ah,58.0204,29.723824,0.87905,0.9155896
PIP15N15A03208398,LMO_10Ah,LMO_10Ah,63.7579,29.724054,0.88277,0.8770241
PIP15N15A03208683,LMO_10Ah,LMO_10Ah,53.3811,29.722857,0.8700699999999999,0.8988295
PIP15D25A03243702,LMO_10Ah,LMO_10Ah,8.8585,8.502024,0.8977299999999999,0.88989764
PIP15D26A03252860,LMO_10Ah,LMO_25Ah,50.482,29.6009,0.9214399999999999,0.9643579
PIP15D23A03282874,LMO_10Ah,LMO_10Ah,68.8352,29.724258,0.89416,0.931963
PJP17601527003A007037,NMC_15Ah,NMC_15Ah,33.5103,29.670067,0.7527466666666667,0.85276055
PJP17930O01003A017268,NMC_15Ah,NMC_15Ah,52.0063,29.724463,0.75258,0.83870476
PJP17601527001A008674,NMC_15Ah,NMC_15Ah,35.3566,29.722284,0.7564933333333334,1.0147934
PJP17601529001A010983,NMC_15Ah,NMC_15Ah,19.9515,17.502298,0.7735933333333332,0.83805627
PJP17930O01001A011629,NMC_15Ah,NMC_15Ah,39.1115,29.722944,0.75428,0.8927741
PJP17601527001A008592,NMC_15Ah,NMC_15Ah,22.5881,15.724487,0.7639066666666667,0.8886344
PJP17601527002A007215,NMC_15Ah,NMC_15Ah,41.6439,29.723188,0.7767866666666666,0.89731526
PJP17601527003A007274,NMC_15Ah,NMC_15Ah,58.6931,29.724195,0.76566,0.8306338
PJP17601529001A003327,NMC_15Ah,NMC_15Ah,41.452,29.723452,0.7542866666666667,0.84967756
PJP17601529001A001010,NMC_15Ah,NMC_15Ah,41.3203,29.723303,0.7656533333333333,0.87169677
PJP17930O01001A006207,NMC_15Ah,NMC_15Ah,37.1093,29.72254,0.7581,0.9349821
PJP17601527001A008438,NMC_15Ah,NMC_15Ah,65.0,29.723196,0.7541066666666667,0.8039146
PJP17601527003A009662,NMC_15Ah,NMC_15Ah,34.8354,29.670174,0.7714599999999999,0.8664665
PJP17930O01003A016647,NMC_15Ah,NMC_15Ah,41.6497,29.723444,0.75896,0.8108838
PJP17530529002A000337,NMC_15Ah,NMC_15Ah,57.0066,29.72422,0.7549399999999999,0.8025953
PJP17601527003A009747,NMC_15Ah,NMC_15Ah,55.9235,29.724327,0.7671666666666667,0.8069515
PJP17601527001A012082,NMC_15Ah,NMC_15Ah,26.9765,20.354366,0.7630533333333334,0.9235695
PJP17930O01003A017730,NMC_15Ah,LMO_24Ah,8.3761,8.762101,0.7969666666666666,0.8105569
PJP17930O01003A018005,NMC_15Ah,NMC_15Ah,52.0704,29.724428,0.79294,0.8099172
02LCC02100101A87Y0026421,NMC_21Ah,NMC_21Ah,26.9765,25.572332,1.000052380952381,0.906538
02LCC02100101A87Y0010168,NMC_21Ah,NMC_21Ah,34.3612,29.482538,1.0051,0.9120613
02LCC02100101A8BC0103482,NMC_21Ah,LMO_25Ah,8.135,16.102623,0.7755,0.7704647
02LCC02100101A87Y0074479,NMC_21Ah,NMC_21Ah,43.8556,29.669891,0.9881190476190476,0.89014655
02LCC02100101A87Y0020833,NMC_21Ah,NMC_21Ah,41.3203,29.66971,0.9979714285714285,0.91448945
02LCC02100101A87Y0027455,NMC_21Ah,LMO_24Ah,70.0,29.724226,1.011161904761905,0.8499358
02LCC02100101A87Y0173907,NMC_21Ah,LMO_24Ah,55.9235,29.722605,1.006,0.82372856
02LCC02100101A87Y0177229,NMC_21Ah,NMC_21Ah,49.0491,29.722132,0.9903,0.93175775
02LCC02100101A87Y0175162,NMC_21Ah,LMO_24Ah,34.8354,29.265703,1.001404761904762,0.8503975
02LCC02100101A87Y0172641,NMC_21Ah,LMO_24Ah,21.8027,21.895737,1.004309523809524,0.86605996
A170530525010800027,LMO_24Ah,LMO_24Ah,75.0,8.778058,0.7957208333333333,0.8088796
A170528511010800104,LMO_24Ah,LMO_24Ah,41.9541,29.723845,0.7689125,0.8749039
A170526507010800030,LMO_24Ah,NMC_21Ah,46.7917,29.724434,0.7420833333333333,0.93646353
A170622616030800696,LMO_24Ah,LMO_24Ah,9.0996,15.887305,1.095941666666667,1.0389445
A170527511010800595,LMO_24Ah,NMC_21Ah,20.5001,15.1964445,0.7606625,0.9711094
A170531525010801074,LMO_24Ah,LMO_24Ah,44.7967,29.72384,0.802275,0.8789582
A170529511010800411,LMO_24Ah,LMO_10Ah,7.6527,18.360031,0.6376916666666667,0.7668295
A170528511010802245,LMO_24Ah,LMO_25Ah,36.6803,29.72339,0.74125,0.91487694
A170525507010800198,LMO_24Ah,LMO_24Ah,44.4627,29.723585,0.825625,0.84070235
A170606528030800466,LMO_24Ah,LMO_24Ah,40.1289,29.364128,1.0524,1.1141528
A170529511010800365,LMO_24Ah,LMO_25Ah,31.8633,29.721977,0.7595833333333334,0.8882656
515092904916,LMO_25Ah,LMO_25Ah,27.7305,29.723871,0.629024,0.68236667
515092905212,LMO_25Ah,LMO_24Ah,50.482,29.723303,0.918516,0.78969175
515093002457,LMO_25Ah,LMO_25Ah,7.8938,19.1368,0.715284,0.6930585
516020603556,LMO_25Ah,LMO_25Ah,35.3767,29.724182,0.6442319999999999,0.7222261
515092904019,LMO_25Ah,LMO_25Ah,41.6439,29.723803,0.7791079999999999,0.8100984
515093000451,LMO_25Ah,NMC_21Ah,8.8585,16.973503,0.934832,0.99976045
515092901182,LMO_25Ah,LMO_25Ah,7.1704,19.620806,0.601472,0.67835397
515092904740,LMO_25Ah,LMO_25Ah,25.6641,29.661354,0.617416,0.66072947
515100100624,LMO_25Ah,LMO_25Ah,8.3761,18.239761,0.8321599999999999,0.7856353
515093001782,LMO_25Ah,NMC_21Ah,50.1002,29.723211,0.925024,0.9169819
515093002576,LMO_25Ah,LMO_25Ah,50.1557,29.724297,0.804024,0.8880821
515093000724,LMO_25Ah,LMO_25Ah,38.8252,29.723963,0.7228279999999999,0.7780147
515093002348,LMO_25Ah,LMO_25Ah,21.1016,26.556665,0.782636,0.6969959
515092501338,LMO_25Ah,LMO_25Ah,32.339,29.724266,0.590388,0.5983252
515092901199,LMO_25Ah,LMO_25Ah,27.5501,29.724081,0.422888,0.59638095
515093000605,LMO_25Ah,LMO_25Ah,35.9961,29.722452,0.8718319999999999,0.965909
515100102065,LMO_25Ah,LMO_25Ah,8.6173,17.162348,0.886136,0.8045306
515093002646,LMO_25Ah,LMO_25Ah,70.0083,29.7241,0.88878,0.95342064
515100101320,LMO_25Ah,LMO_25Ah,75.0,29.722984,0.795436,0.87705207
515092904410,LMO_25Ah,LMO_25Ah,44.4627,29.723541,0.84136,0.9112186
515093001367,LMO_25Ah,LMO_25Ah,44.7967,29.724113,0.7882760000000001,0.9112131
515093004000,LMO_25Ah,LMO_25Ah,41.9541,29.724134,0.746968,0.79840684
515100100526,LMO_25Ah,NMC_21Ah,22.2517,27.320837,0.872804,0.99099106
515092904584,LMO_25Ah,LMO_25Ah,50.0064,29.724434,0.7854439999999999,0.88123375
515092905201,LMO_25Ah,LMO_24Ah,53.6027,29.72335,0.944636,0.84320015
H27734091053,LMO_26Ah,LMO_26Ah,8.3761,19.275606,0.8388307692307693,0.9399746
H27735178005,LMO_26Ah,LMO_26Ah,53.3811,29.724373,0.8490000000000001,0.97756845
H27733490499,LMO_26Ah,LMO_26Ah,70.0083,29.72404,0.8877884615384615,0.9492007
H27734592855,LMO_26Ah,LMO_26Ah,22.2517,28.874298,0.8586153846153847,0.8550048
H27734492478,LMO_26Ah,LMO_24Ah,90.0,29.722475,0.9984076923076923,0.860194
H27733590292,LMO_26Ah,LMO_26Ah,38.0625,29.722527,0.9464884615384614,0.9584591
H27734676393,LMO_26Ah,LMO_24Ah,62.6027,29.724318,0.9604461538461538,0.89946103
H27735077206,LMO_26Ah,LMO_26Ah,71.0838,29.724075,0.9195923076923077,1.0050067
H27735176665,LMO_26Ah,LMO_26Ah,53.3246,29.723368,0.998203846153846,0.9558875
H27734291854,LMO_26Ah,LMO_26Ah,24.5519,29.589613,0.9923153846153846,0.97683144
H27734591085,LMO_26Ah,LMO_26Ah,42.3415,29.722986,0.9497769230769231,0.9478429
H27734491651,LMO_26Ah,LMO_26Ah,85.0,29.722527,0.9381923076923078,0.86789536
H27735076930,LMO_26Ah,LMO_26Ah,75.214,29.724106,0.9650538461538462,0.97308725
H27734691342,LMO_26Ah,LMO_24Ah,85.0,29.722311,0.9401923076923077,0.86955047
H27735177571,LMO_26Ah,LMO_26Ah,75.0,29.722845,0.8238038461538462,0.91596556
17号,LFP_35Ah,LFP_35Ah,40.8667,26.389732,0.8172685714285713,0.9194107
1号,LFP_35Ah,LFP_35Ah,41.452,26.292986,0.7431371428571428,0.922484
34号,LFP_35Ah,LFP_35Ah,38.5265,26.199594,0.8159685714285715,0.91154796
36号,LFP_35Ah,LFP_35Ah,32.1026,25.624886,0.88972,0.9272589
37号,LFP_35Ah,LFP_35Ah,33.7731,25.721472,0.88372,0.9228129
53号,LFP_35Ah,LFP_35Ah,53.3916,28.854958,0.9176657142857142,0.90716
8号,LFP_35Ah,LFP_35Ah,29.7969,25.024542,0.7810742857142857,0.87007767
9号,LFP_35Ah,LFP_35Ah,19.3077,17.99914,0.7772285714285714,0.89407104
02HCB68111211Y87Y0002979,LFP_68Ah,LFP_68Ah,21.1016,19.462885,0.8426367647058823,0.7957906
02HCB68111211Y88D0000337,LFP_68Ah,LMO_24Ah,44.7967,24.698278,0.8511661764705882,0.7986534
02HCB68111211Y88D0003997,LFP_68Ah,LFP_68Ah,18.1154,21.349419,0.6526647058823529,0.8018296
02HCB68111211Y87Y0011345,LFP_68Ah,LFP_68Ah,5.0,8.318175,0.8249632352941176,0.79177755
02HCB68111211Y87Y0015653,LFP_68Ah,LFP_68Ah,48.7083,23.838943,0.7779485294117647,0.8066179
02HCB68111211Y86L0000199,LFP_68Ah,LFP_68Ah,32.5404,23.57074,0.7060573529411764,0.80762655
02HCB68111211Y86X0004792,LFP_68Ah,LFP_68Ah,31.8633,23.328232,0.7697308823529412,0.80385214
02HCB68111211Y87Y0015365,LFP_68Ah,NMC_15Ah,60.1373,27.87471,0.8225014705882353,0.8006866
02HCB68111211Y86S0005042,LFP_68Ah,LFP_68Ah,41.9839,25.391106,0.6715102941176471,0.8094507
02HCB68111211Y88D0003294,LFP_68Ah,LFP_68Ah,46.8445,25.359869,0.8352544117647058,0.8085211
02HCB68111211Y88E0004340,LFP_68Ah,LFP_68Ah,44.1142,25.133673,0.8342852941176471,0.8064216
02HCB68111211Y87Y0013553,LFP_68Ah,LFP_68Ah,37.6917,23.512152,0.8047691176470588,0.8084257
02HCB68111211Y87Y0013903,LFP_68Ah,LFP_68Ah,39.9041,23.46911,0.8119000000000001,0.8001385
02HCB68111211Y87Y0009622,LFP_68Ah,NMC_15Ah,37.1305,24.194405,0.8424544117647059,0.7982092
02HCB68111211Y87Y0012947,LFP_68Ah,LFP_68Ah,39.5793,24.697893,0.8117617647058823,0.8036108
02HCB68111211Y87Y0003936,LFP_68Ah,LFP_68Ah,62.8233,28.514206,0.8382176470588236,0.8057763
02HCB68111211Y88D0005602,LFP_68Ah,NMC_15Ah,39.1172,23.291994,0.8460514705882353,0.7928338
02HCB68111211Y88E0004523,LFP_68Ah,LFP_68Ah,50.1764,26.08454,0.8356073529411765,0.8026617
02HCB68111211Y86V0003442,LFP_68Ah,LFP_68Ah,43.058,26.03778,0.6879132352941176,0.81034786
02HCB68111211Y86X0009373,LFP_68Ah,LFP_68Ah,18.8014,19.228334,0.7169970588235294,0.8060209
02HCB68111211Y88E0004411,LFP_68Ah,NMC_15Ah,59.1842,27.954908,0.8248588235294118,0.80224687
02HCB68111211Y87Y0004508,LFP_68Ah,NMC_15Ah,75.0,28.846277,0.8487455882352941,0.8106199
02HCB68111211Y86M0004883,LFP_68Ah,LFP_68Ah,39.1115,23.528725,0.7269970588235294,0.8024315
02HCB68111211Y86L0005694,LFP_68Ah,LFP_68Ah,52.0063,27.065346,0.6864426470588235,0.80515885
02HCB68111211Y88E0004333,LFP_68Ah,LFP_68Ah,29.431,22.875257,0.8231911764705881,0.79678744
02HCB68111211Y87Y0007299,LFP_68Ah,NMC_15Ah,38.262,22.99119,0.8386073529411765,0.7922416
PIP15829A00209415,LMO_10Ah,LMO_10Ah,38.8252,29.723528,0.67015,0.65895367
PIP15D26A03261343,LMO_10Ah,LMO_10Ah,61.3405,29.722694,0.71626,0.783607
PIP15D19A03280145,LMO_10Ah,LMO_26Ah,41.6439,29.723131,0.74285,0.8467724
PIP15D01A03241499,LMO_10Ah,LMO_26Ah,47.5273,29.723639,0.79292,0.85536975
PIP15N21A50200177,LMO_10Ah,LMO_10Ah,8.6173,5.1925015,0.87622,0.7099097
PIP15D25A03219538,LMO_10Ah,LMO_10Ah,26.4669,28.885313,0.8858900000000001,0.9251716
PIP15N26A01201901,LMO_10Ah,LMO_25Ah,30.3575,18.819931,0.87909,0.93646365
PIP15828A00213703,LMO_10Ah,LMO_10Ah,38.6217,29.7239,0.59307,0.6620871
PIP15D01A03221296,LMO_10Ah,LMO_10Ah,58.0204,29.723814,0.87905,0.91373473
PIP15N15A03208398,LMO_10Ah,LMO_10Ah,63.7579,29.724054,0.88277,0.8777649
PIP15N15A03208683,LMO_10Ah,LMO_10Ah,53.3811,29.722853,0.8700699999999999,0.89842457
PIP15D25A03243702,LMO_10Ah,LMO_10Ah,8.8585,8.463954,0.8977299999999999,0.89432645
PIP15D26A03252860,LMO_10Ah,LMO_25Ah,50.482,29.620125,0.9214399999999999,0.96509355
PIP15D23A03282874,LMO_10Ah,LMO_10Ah,68.8352,29.724253,0.89416,0.9313472
PJP17601527003A007037,NMC_15Ah,NMC_15Ah,33.5103,29.670061,0.7527466666666667,0.8517654
PJP17930O01003A017268,NMC_15Ah,NMC_15Ah,52.0063,29.724463,0.75258,0.8351117
PJP17601527001A008674,NMC_15Ah,LMO_24Ah,35.3566,29.722282,0.7564933333333334,1.0154086
PJP17601529001A010983,NMC_15Ah,NMC_15Ah,19.9515,17.490513,0.7735933333333332,0.83850217
PJP17930O01001A011629,NMC_15Ah,NMC_15Ah,39.1115,29.722944,0.75428,0.88848203
PJP17601527001A008592,NMC_15Ah,NMC_15Ah,22.5881,15.72356,0.7639066666666667,0.88639265
PJP17601527002A007215,NMC_15Ah,NMC_15Ah,41.6439,29.723185,0.7767866666666666,0.89284045
PJP17601527003A007274,NMC_15Ah,NMC_15Ah,58.6931,29.724195,0.76566,0.8287959
PJP17601529001A003327,NMC_15Ah,NMC_15Ah,41.452,29.723452,0.7542866666666667,0.8446377
PJP17601529001A001010,NMC_15Ah,NMC_15Ah,41.3203,29.723299,0.7656533333333333,0.86860794
PJP17930O01001A006207,NMC_15Ah,NMC_15Ah,37.1093,29.722536,0.7581,0.92617923
PJP17601527001A008438,NMC_15Ah,NMC_15Ah,65.0,29.723204,0.7541066666666667,0.80315495
PJP17601527003A009662,NMC_15Ah,NMC_15Ah,34.8354,29.670172,0.7714599999999999,0.87138027
PJP17930O01003A016647,NMC_15Ah,NMC_15Ah,41.6497,29.72344,0.75896,0.81405735
PJP17530529002A000337,NMC_15Ah,NMC_15Ah,57.0066,29.724226,0.7549399999999999,0.8012729
PJP17601527003A009747,NMC_15Ah,NMC_15Ah,55.9235,29.724327,0.7671666666666667,0.80389434
PJP17601527001A012082,NMC_15Ah,NMC_15Ah,26.9765,20.364635,0.7630533333333334,0.9253971
PJP17930O01003A017730,NMC_15Ah,LMO_24Ah,8.3761,8.781751,0.7969666666666666,0.8105459
PJP17930O01003A018005,NMC_15Ah,NMC_15Ah,52.0704,29.724426,0.79294,0.8102719
02LCC02100101A87Y0026421,NMC_21Ah,NMC_21Ah,26.9765,25.561869,1.000052380952381,0.91273516
02LCC02100101A87Y0010168,NMC_21Ah,NMC_21Ah,34.3612,29.412565,1.0051,0.9181764
02LCC02100101A8BC0103482,NMC_21Ah,LMO_25Ah,8.135,16.10044,0.7755,0.782255
02LCC02100101A87Y0074479,NMC_21Ah,NMC_21Ah,43.8556,29.669884,0.9881190476190476,0.89993167
02LCC02100101A87Y0020833,NMC_21Ah,NMC_21Ah,41.3203,29.669708,0.9979714285714285,0.92303294
02LCC02100101A87Y0027455,NMC_21Ah,LMO_24Ah,70.0,29.724226,1.011161904761905,0.86692446
02LCC02100101A87Y0173907,NMC_21Ah,LMO_24Ah,55.9235,29.722597,1.006,0.8321409
02LCC02100101A87Y0177229,NMC_21Ah,NMC_21Ah,49.0491,29.722137,0.9903,0.93735194
02LCC02100101A87Y0175162,NMC_21Ah,LMO_24Ah,34.8354,29.18075,1.001404761904762,0.83911276
02LCC02100101A87Y0172641,NMC_21Ah,LMO_24Ah,21.8027,21.741987,1.004309523809524,0.8667976
A170530525010800027,LMO_24Ah,LMO_24Ah,75.0,8.932835,0.7957208333333333,0.80798864
A170528511010800104,LMO_24Ah,LMO_24Ah,41.9541,29.72384,0.7689125,0.8758386
A170526507010800030,LMO_24Ah,NMC_21Ah,46.7917,29.724432,0.7420833333333333,0.9415331
A170622616030800696,LMO_24Ah,LMO_24Ah,9.0996,15.892166,1.095941666666667,1.0635422
A170527511010800595,LMO_24Ah,NMC_21Ah,20.5001,15.105221,0.7606625,0.96256685
A170531525010801074,LMO_24Ah,LMO_24Ah,44.7967,29.723833,0.802275,0.88204074
A170529511010800411,LMO_24Ah,LMO_10Ah,7.6527,18.52579,0.6376916666666667,0.73436755
A170528511010802245,LMO_24Ah,LMO_25Ah,36.6803,29.723387,0.74125,0.91400105
A170525507010800198,LMO_24Ah,LMO_24Ah,44.4627,29.723577,0.825625,0.8404538
A170606528030800466,LMO_24Ah,LMO_24Ah,40.1289,29.335566,1.0524,1.1140335
A170529511010800365,LMO_24Ah,LMO_25Ah,31.8633,29.719015,0.7595833333333334,0.887595
515092904916,LMO_25Ah,LMO_25Ah,27.7305,29.72386,0.629024,0.6874886
515092905212,LMO_25Ah,LMO_24Ah,50.482,29.723303,0.918516,0.7891398
515093002457,LMO_25Ah,LMO_25Ah,7.8938,19.183363,0.715284,0.70593214
516020603556,LMO_25Ah,LMO_25Ah,35.3767,29.724176,0.6442319999999999,0.7207246
515092904019,LMO_25Ah,LMO_25Ah,41.6439,29.723791,0.7791079999999999,0.82115203
515093000451,LMO_25Ah,NMC_21Ah,8.8585,16.159279,0.934832,0.98370796
515092901182,LMO_25Ah,LMO_25Ah,7.1704,19.640617,0.601472,0.6806841
515092904740,LMO_25Ah,LMO_25Ah,25.6641,29.679583,0.617416,0.66307503
515100100624,LMO_25Ah,LMO_25Ah,8.3761,18.06682,0.8321599999999999,0.79864734
515093001782,LMO_25Ah,LMO_24Ah,50.1002,29.723206,0.925024,0.9205846
515093002576,LMO_25Ah,LMO_25Ah,50.1557,29.72429,0.804024,0.87763125
515093000724,LMO_25Ah,LMO_25Ah,38.8252,29.723955,0.7228279999999999,0.78340226
515093002348,LMO_25Ah,LMO_25Ah,21.1016,26.56236,0.782636,0.7158503
515092501338,LMO_25Ah,LMO_25Ah,32.339,29.72426,0.590388,0.59502715
515092901199,LMO_25Ah,LMO_25Ah,27.5501,29.724083,0.422888,0.597186
515093000605,LMO_25Ah,LMO_25Ah,35.9961,29.72245,0.8718319999999999,0.96099573
515100102065,LMO_25Ah,LMO_25Ah,8.6173,17.879725,0.886136,0.80860215
515093002646,LMO_25Ah,LMO_25Ah,70.0083,29.7241,0.88878,0.94704574
515100101320,LMO_25Ah,LMO_25Ah,75.0,29.722998,0.795436,0.8732205
515092904410,LMO_25Ah,LMO_25Ah,44.4627,29.723541,0.84136,0.9048137
515093001367,LMO_25Ah,LMO_25Ah,44.7967,29.724112,0.7882760000000001,0.90312123
515093004000,LMO_25Ah,LMO_25Ah,41.9541,29.724121,0.746968,0.81422347
515100100526,LMO_25Ah,NMC_21Ah,22.2517,27.363264,0.872804,0.9946776
515092904584,LMO_25Ah,LMO_25Ah,50.0064,29.724428,0.7854439999999999,0.8797233
515092905201,LMO_25Ah,LMO_24Ah,53.6027,29.723349,0.944636,0.86310786
H27734091053,LMO_26Ah,LMO_26Ah,8.3761,19.25744,0.8388307692307693,0.9370155
H27735178005,LMO_26Ah,LMO_26Ah,53.3811,29.724365,0.8490000000000001,0.98204035
H27733490499,LMO_26Ah,LMO_26Ah,70.0083,29.72404,0.8877884615384615,0.9445154
H27734592855,LMO_26Ah,LMO_26Ah,22.2517,28.632242,0.8586153846153847,0.8493678
H27734492478,LMO_26Ah,LMO_24Ah,90.0,29.722488,0.9984076923076923,0.8675112
H27733590292,LMO_26Ah,LMO_26Ah,38.0625,29.722532,0.9464884615384614,0.9589169
H27734676393,LMO_26Ah,LMO_24Ah,62.6027,29.724314,0.9604461538461538,0.9211777
H27735077206,LMO_26Ah,LMO_26Ah,71.0838,29.724085,0.9195923076923077,0.99261576
H27735176665,LMO_26Ah,LMO_26Ah,53.3246,29.723368,0.998203846153846,0.96043944
H27734291854,LMO_26Ah,LMO_26Ah,24.5519,29.566368,0.9923153846153846,0.9607098
H27734591085,LMO_26Ah,LMO_26Ah,42.3415,29.722979,0.9497769230769231,0.9570632
H27734491651,LMO_26Ah,LMO_26Ah,85.0,29.722542,0.9381923076923078,0.8863084
H27735076930,LMO_26Ah,LMO_26Ah,75.214,29.724108,0.9650538461538462,0.9695952
H27734691342,LMO_26Ah,LMO_26Ah,85.0,29.72232,0.9401923076923077,0.8751688
H27735177571,LMO_26Ah,LMO_26Ah,75.0,29.722862,0.8238038461538462,0.9291355
17号,LFP_35Ah,LFP_35Ah,40.8667,26.744003,0.8172685714285713,0.915188
1号,LFP_35Ah,LFP_35Ah,41.452,26.417849,0.7431371428571428,0.91890097
34号,LFP_35Ah,LFP_35Ah,38.5265,26.149101,0.8159685714285715,0.91129535
36号,LFP_35Ah,LFP_35Ah,32.1026,25.727926,0.88972,0.9246834
37号,LFP_35Ah,LFP_35Ah,33.7731,25.671885,0.88372,0.92235035
53号,LFP_35Ah,LFP_35Ah,53.3916,28.766188,0.9176657142857142,0.9022539
8号,LFP_35Ah,LFP_35Ah,29.7969,25.041636,0.7810742857142857,0.86618114
9号,LFP_35Ah,LFP_35Ah,19.3077,17.926199,0.7772285714285714,0.8933184
02HCB68111211Y87Y0002979,LFP_68Ah,LFP_68Ah,21.1016,19.605036,0.8426367647058823,0.79597026
02HCB68111211Y88D0000337,LFP_68Ah,LMO_24Ah,44.7967,24.029348,0.8511661764705882,0.79883194
02HCB68111211Y88D0003997,LFP_68Ah,LFP_68Ah,18.1154,21.82164,0.6526647058823529,0.80862266
02HCB68111211Y87Y0011345,LFP_68Ah,LFP_68Ah,5.0,8.297208,0.8249632352941176,0.79188514
02HCB68111211Y87Y0015653,LFP_68Ah,LFP_68Ah,48.7083,24.330336,0.7779485294117647,0.8060303
02HCB68111211Y86L0000199,LFP_68Ah,LFP_68Ah,32.5404,23.380548,0.7060573529411764,0.8054643
02HCB68111211Y86X0004792,LFP_68Ah,LFP_68Ah,31.8633,23.30351,0.7697308823529412,0.80310446
02HCB68111211Y87Y0015365,LFP_68Ah,NMC_15Ah,60.1373,28.175901,0.8225014705882353,0.7978254
02HCB68111211Y86S0005042,LFP_68Ah,LFP_68Ah,41.9839,26.204475,0.6715102941176471,0.8093617
02HCB68111211Y88D0003294,LFP_68Ah,LFP_68Ah,46.8445,24.598991,0.8352544117647058,0.8074607
02HCB68111211Y88E0004340,LFP_68Ah,LFP_68Ah,44.1142,24.843279,0.8342852941176471,0.8042044
02HCB68111211Y87Y0013553,LFP_68Ah,LFP_68Ah,37.6917,23.61702,0.8047691176470588,0.80661017
02HCB68111211Y87Y0013903,LFP_68Ah,LFP_68Ah,39.9041,23.31842,0.8119000000000001,0.79955286
02HCB68111211Y87Y0009622,LFP_68Ah,NMC_15Ah,37.1305,23.584295,0.8424544117647059,0.7981496
02HCB68111211Y87Y0012947,LFP_68Ah,LFP_68Ah,39.5793,24.671595,0.8117617647058823,0.8030641
02HCB68111211Y87Y0003936,LFP_68Ah,LFP_68Ah,62.8233,28.545588,0.8382176470588236,0.8069338
02HCB68111211Y88D0005602,LFP_68Ah,NMC_15Ah,39.1172,23.159119,0.8460514705882353,0.7936864
02HCB68111211Y88E0004523,LFP_68Ah,LFP_68Ah,50.1764,25.676184,0.8356073529411765,0.798593
02HCB68111211Y86V0003442,LFP_68Ah,LFP_68Ah,43.058,26.113085,0.6879132352941176,0.8088272
02HCB68111211Y86X0009373,LFP_68Ah,LFP_68Ah,18.8014,19.271563,0.7169970588235294,0.8032667
02HCB68111211Y88E0004411,LFP_68Ah,NMC_15Ah,59.1842,28.220512,0.8248588235294118,0.7993135
02HCB68111211Y87Y0004508,LFP_68Ah,NMC_15Ah,75.0,28.855791,0.8487455882352941,0.80941486
02HCB68111211Y86M0004883,LFP_68Ah,LFP_68Ah,39.1115,23.471588,0.7269970588235294,0.80193263
02HCB68111211Y86L0005694,LFP_68Ah,LFP_68Ah,52.0063,27.459047,0.6864426470588235,0.805427
02HCB68111211Y88E0004333,LFP_68Ah,LFP_68Ah,29.431,22.979193,0.8231911764705881,0.7999142
02HCB68111211Y87Y0007299,LFP_68Ah,NMC_15Ah,38.262,22.934053,0.8386073529411765,0.7920429
PIP15829A00209415,LMO_10Ah,LMO_10Ah,38.8252,29.723427,0.67015,0.65827733
PIP15D26A03261343,LMO_10Ah,LMO_10Ah,61.3405,29.722687,0.71626,0.7855517
PIP15D19A03280145,LMO_10Ah,LMO_26Ah,41.6439,29.723112,0.74285,0.8543253
PIP15D01A03241499,LMO_10Ah,LMO_26Ah,47.5273,29.723608,0.79292,0.8586926
PIP15N21A50200177,LMO_10Ah,LMO_10Ah,8.6173,4.9600406,0.87622,0.7607724
PIP15D25A03219538,LMO_10Ah,LMO_10Ah,26.4669,28.87912,0.8858900000000001,0.9281814
PIP15N26A01201901,LMO_10Ah,LMO_25Ah,30.3575,18.875372,0.87909,0.9375057
PIP15828A00213703,LMO_10Ah,LMO_10Ah,38.6217,29.723755,0.59307,0.6750844
PIP15D01A03221296,LMO_10Ah,LMO_10Ah,58.0204,29.723799,0.87905,0.9136428
PIP15N15A03208398,LMO_10Ah,LMO_10Ah,63.7579,29.724031,0.88277,0.8809808
PIP15N15A03208683,LMO_10Ah,LMO_10Ah,53.3811,29.722809,0.8700699999999999,0.8984678
PIP15D25A03243702,LMO_10Ah,LMO_10Ah,8.8585,8.385863,0.8977299999999999,0.9021657
PIP15D26A03252860,LMO_10Ah,LMO_25Ah,50.482,29.706888,0.9214399999999999,0.9686451
PIP15D23A03282874,LMO_10Ah,LMO_10Ah,68.8352,29.724243,0.89416,0.94415236
PJP17601527003A007037,NMC_15Ah,NMC_15Ah,33.5103,29.670052,0.7527466666666667,0.8410732
PJP17930O01003A017268,NMC_15Ah,NMC_15Ah,52.0063,29.724455,0.75258,0.8332787
PJP17601527001A008674,NMC_15Ah,NMC_15Ah,35.3566,29.722277,0.7564933333333334,1.0187463
PJP17601529001A010983,NMC_15Ah,NMC_15Ah,19.9515,17.493103,0.7735933333333332,0.83273274
PJP17930O01001A011629,NMC_15Ah,NMC_15Ah,39.1115,29.722939,0.75428,0.9132374
PJP17601527001A008592,NMC_15Ah,NMC_15Ah,22.5881,15.714997,0.7639066666666667,0.87549186
PJP17601527002A007215,NMC_15Ah,NMC_15Ah,41.6439,29.723177,0.7767866666666666,0.92210335
PJP17601527003A007274,NMC_15Ah,NMC_15Ah,58.6931,29.72419,0.76566,0.8292554
PJP17601529001A003327,NMC_15Ah,NMC_15Ah,41.452,29.723448,0.7542866666666667,0.8566273
PJP17601529001A001010,NMC_15Ah,NMC_15Ah,41.3203,29.723297,0.7656533333333333,0.87896496
PJP17930O01001A006207,NMC_15Ah,NMC_15Ah,37.1093,29.722534,0.7581,0.9522524
PJP17601527001A008438,NMC_15Ah,NMC_15Ah,65.0,29.7232,0.7541066666666667,0.7977013
PJP17601527003A009662,NMC_15Ah,NMC_15Ah,34.8354,29.670158,0.7714599999999999,0.8619106
PJP17930O01003A016647,NMC_15Ah,NMC_15Ah,41.6497,29.723436,0.75896,0.8187737
PJP17530529002A000337,NMC_15Ah,NMC_15Ah,57.0066,29.72422,0.7549399999999999,0.7995148
PJP17601527003A009747,NMC_15Ah,NMC_15Ah,55.9235,29.724325,0.7671666666666667,0.80122614
PJP17601527001A012082,NMC_15Ah,NMC_15Ah,26.9765,20.342602,0.7630533333333334,0.91407156
PJP17930O01003A017730,NMC_15Ah,LMO_24Ah,8.3761,8.849904,0.7969666666666666,0.8116686
PJP17930O01003A018005,NMC_15Ah,NMC_15Ah,52.0704,29.72442,0.79294,0.80777293
02LCC02100101A87Y0026421,NMC_21Ah,NMC_21Ah,26.9765,25.5204,1.000052380952381,0.91774553
02LCC02100101A87Y0010168,NMC_21Ah,NMC_21Ah,34.3612,29.424704,1.0051,0.9103345
02LCC02100101A8BC0103482,NMC_21Ah,LMO_25Ah,8.135,16.17892,0.7755,0.7903474
02LCC02100101A87Y0074479,NMC_21Ah,NMC_21Ah,43.8556,29.66986,0.9881190476190476,0.9024418
02LCC02100101A87Y0020833,NMC_21Ah,NMC_21Ah,41.3203,29.669619,0.9979714285714285,0.9335254
02LCC02100101A87Y0027455,NMC_21Ah,NMC_21Ah,70.0,29.724218,1.011161904761905,0.8767523
02LCC02100101A87Y0173907,NMC_21Ah,LMO_24Ah,55.9235,29.72259,1.006,0.8425734
02LCC02100101A87Y0177229,NMC_21Ah,NMC_21Ah,49.0491,29.722107,0.9903,0.94404125
02LCC02100101A87Y0175162,NMC_21Ah,LMO_24Ah,34.8354,29.284264,1.001404761904762,0.84054756
02LCC02100101A87Y0172641,NMC_21Ah,LMO_24Ah,21.8027,21.567215,1.004309523809524,0.87315005
A170530525010800027,LMO_24Ah,LMO_24Ah,75.0,9.060248,0.7957208333333333,0.8105208
A170528511010800104,LMO_24Ah,NMC_21Ah,41.9541,29.723831,0.7689125,0.87074405
A170526507010800030,LMO_24Ah,NMC_21Ah,46.7917,29.72442,0.7420833333333333,0.94144434
A170622616030800696,LMO_24Ah,LMO_24Ah,9.0996,15.622251,1.095941666666667,1.0722297
A170527511010800595,LMO_24Ah,NMC_21Ah,20.5001,15.2575865,0.7606625,0.9437937
A170531525010801074,LMO_24Ah,LMO_24Ah,44.7967,29.723822,0.802275,0.8788996
A170529511010800411,LMO_24Ah,LMO_10Ah,7.6527,18.772142,0.6376916666666667,0.6763049
A170528511010802245,LMO_24Ah,LMO_25Ah,36.6803,29.723381,0.74125,0.89915186
A170525507010800198,LMO_24Ah,LMO_24Ah,44.4627,29.723577,0.825625,0.83379555
A170606528030800466,LMO_24Ah,LMO_24Ah,40.1289,29.4107,1.0524,1.1148742
A170529511010800365,LMO_24Ah,LMO_25Ah,31.8633,29.713982,0.7595833333333334,0.8779128
515092904916,LMO_25Ah,LMO_25Ah,27.7305,29.72377,0.629024,0.6894365
515092905212,LMO_25Ah,LMO_24Ah,50.482,29.723297,0.918516,0.78130025
515093002457,LMO_25Ah,LMO_25Ah,7.8938,19.185322,0.715284,0.69534224
516020603556,LMO_25Ah,LMO_25Ah,35.3767,29.724146,0.6442319999999999,0.72202873
515092904019,LMO_25Ah,LMO_25Ah,41.6439,29.723778,0.7791079999999999,0.81456614
515093000451,LMO_25Ah,NMC_21Ah,8.8585,16.015213,0.934832,0.97720844
515092901182,LMO_25Ah,LMO_25Ah,7.1704,19.640894,0.601472,0.6739011
515092904740,LMO_25Ah,LMO_25Ah,25.6641,29.63402,0.617416,0.6567316
515100100624,LMO_25Ah,LMO_25Ah,8.3761,17.618,0.8321599999999999,0.80201656
515093001782,LMO_25Ah,NMC_21Ah,50.1002,29.7232,0.925024,0.92982936
515093002576,LMO_25Ah,LMO_25Ah,50.1557,29.724274,0.804024,0.8705327
515093000724,LMO_25Ah,LMO_25Ah,38.8252,29.723944,0.7228279999999999,0.7689202
515093002348,LMO_25Ah,LMO_25Ah,21.1016,26.558634,0.782636,0.72278196
515092501338,LMO_25Ah,LMO_25Ah,32.339,29.724161,0.590388,0.5901694
515092901199,LMO_25Ah,LMO_25Ah,27.5501,29.724075,0.422888,0.58487266
515093000605,LMO_25Ah,LMO_25Ah,35.9961,29.722443,0.8718319999999999,0.9627957
515100102065,LMO_25Ah,LMO_25Ah,8.6173,17.444025,0.886136,0.81822246
515093002646,LMO_25Ah,LMO_25Ah,70.0083,29.724085,0.88878,0.9320688
515100101320,LMO_25Ah,LMO_25Ah,75.0,29.72302,0.795436,0.8667199
515092904410,LMO_25Ah,LMO_25Ah,44.4627,29.723526,0.84136,0.90210867
515093001367,LMO_25Ah,LMO_25Ah,44.7967,29.72409,0.7882760000000001,0.8913028
515093004000,LMO_25Ah,LMO_25Ah,41.9541,29.724096,0.746968,0.81719667
515100100526,LMO_25Ah,NMC_21Ah,22.2517,27.361267,0.872804,0.9939669
515092904584,LMO_25Ah,LMO_25Ah,50.0064,29.724413,0.7854439999999999,0.8775818
515092905201,LMO_25Ah,LMO_24Ah,53.6027,29.723343,0.944636,0.8521135
H27734091053,LMO_26Ah,LMO_26Ah,8.3761,19.191797,0.8388307692307693,0.95184374
H27735178005,LMO_26Ah,LMO_26Ah,53.3811,29.72434,0.8490000000000001,0.97437686
H27733490499,LMO_26Ah,LMO_26Ah,70.0083,29.72402,0.8877884615384615,0.9509747
H27734592855,LMO_26Ah,LMO_26Ah,22.2517,28.51531,0.8586153846153847,0.85195994
H27734492478,LMO_26Ah,LMO_26Ah,90.0,29.722486,0.9984076923076923,0.9130754
H27733590292,LMO_26Ah,LMO_26Ah,38.0625,29.72249,0.9464884615384614,0.9622364
H27734676393,LMO_26Ah,LMO_24Ah,62.6027,29.724295,0.9604461538461538,0.9636843
H27735077206,LMO_26Ah,LMO_26Ah,71.0838,29.724058,0.9195923076923077,0.95393044
H27735176665,LMO_26Ah,LMO_26Ah,53.3246,29.723356,0.998203846153846,0.97111297
H27734291854,LMO_26Ah,LMO_26Ah,24.5519,29.470572,0.9923153846153846,0.95217377
H27734591085,LMO_26Ah,LMO_26Ah,42.3415,29.722967,0.9497769230769231,0.95521927
H27734491651,LMO_26Ah,LMO_26Ah,85.0,29.722555,0.9381923076923078,0.9102936
H27735076930,LMO_26Ah,LMO_26Ah,75.214,29.72409,0.9650538461538462,0.95363164
H27734691342,LMO_26Ah,LMO_26Ah,85.0,29.722342,0.9401923076923077,0.92005914
H27735177571,LMO_26Ah,LMO_26Ah,75.0,29.72288,0.8238038461538462,0.9226927
17号,LFP_35Ah,LFP_35Ah,40.8667,26.887323,0.8172685714285713,0.9215501
1号,LFP_35Ah,LFP_35Ah,41.452,26.405222,0.7431371428571428,0.92716926
34号,LFP_35Ah,LFP_35Ah,38.5265,26.43931,0.8159685714285715,0.9142627
36号,LFP_35Ah,LFP_35Ah,32.1026,25.784063,0.88972,0.9314525
37号,LFP_35Ah,LFP_35Ah,33.7731,26.01767,0.88372,0.92449015
53号,LFP_35Ah,LFP_35Ah,53.3916,28.879759,0.9176657142857142,0.90681195
8号,LFP_35Ah,LFP_35Ah,29.7969,25.207764,0.7810742857142857,0.8777771
9号,LFP_35Ah,LFP_35Ah,19.3077,17.840643,0.7772285714285714,0.89707
02HCB68111211Y87Y0002979,LFP_68Ah,LFP_68Ah,21.1016,19.661669,0.8426367647058823,0.7935557
02HCB68111211Y88D0000337,LFP_68Ah,LFP_68Ah,44.7967,24.785173,0.8511661764705882,0.79810715
02HCB68111211Y88D0003997,LFP_68Ah,LFP_68Ah,18.1154,22.241915,0.6526647058823529,0.8183484
02HCB68111211Y87Y0011345,LFP_68Ah,LFP_68Ah,5.0,8.228438,0.8249632352941176,0.7932041
02HCB68111211Y87Y0015653,LFP_68Ah,LFP_68Ah,48.7083,26.200706,0.7779485294117647,0.80347687
02HCB68111211Y86L0000199,LFP_68Ah,LFP_68Ah,32.5404,24.634462,0.7060573529411764,0.8034803
02HCB68111211Y86X0004792,LFP_68Ah,LFP_68Ah,31.8633,23.831987,0.7697308823529412,0.80020267
02HCB68111211Y87Y0015365,LFP_68Ah,NMC_15Ah,60.1373,28.569489,0.8225014705882353,0.7982304
02HCB68111211Y86S0005042,LFP_68Ah,LFP_68Ah,41.9839,27.285292,0.6715102941176471,0.8045935
02HCB68111211Y88D0003294,LFP_68Ah,LFP_68Ah,46.8445,27.364641,0.8352544117647058,0.80754614
02HCB68111211Y88E0004340,LFP_68Ah,LFP_68Ah,44.1142,26.577406,0.8342852941176471,0.8038958
02HCB68111211Y87Y0013553,LFP_68Ah,LFP_68Ah,37.6917,25.80976,0.8047691176470588,0.8052866
02HCB68111211Y87Y0013903,LFP_68Ah,LFP_68Ah,39.9041,23.619112,0.8119000000000001,0.7992475
02HCB68111211Y87Y0009622,LFP_68Ah,LFP_68Ah,37.1305,24.301086,0.8424544117647059,0.79670125
02HCB68111211Y87Y0012947,LFP_68Ah,LFP_68Ah,39.5793,25.684006,0.8117617647058823,0.80013233
02HCB68111211Y87Y0003936,LFP_68Ah,LFP_68Ah,62.8233,28.77218,0.8382176470588236,0.8056743
02HCB68111211Y88D0005602,LFP_68Ah,LMO_24Ah,39.1172,23.375877,0.8460514705882353,0.793022
02HCB68111211Y88E0004523,LFP_68Ah,LFP_68Ah,50.1764,26.667582,0.8356073529411765,0.8026104
02HCB68111211Y86V0003442,LFP_68Ah,LFP_68Ah,43.058,27.438507,0.6879132352941176,0.8065613
02HCB68111211Y86X0009373,LFP_68Ah,LFP_68Ah,18.8014,19.39053,0.7169970588235294,0.80058384
02HCB68111211Y88E0004411,LFP_68Ah,NMC_15Ah,59.1842,28.73673,0.8248588235294118,0.7983374
02HCB68111211Y87Y0004508,LFP_68Ah,LFP_68Ah,75.0,28.876411,0.8487455882352941,0.8050379
02HCB68111211Y86M0004883,LFP_68Ah,LFP_68Ah,39.1115,23.83107,0.7269970588235294,0.8001416
02HCB68111211Y86L0005694,LFP_68Ah,LFP_68Ah,52.0063,28.728155,0.6864426470588235,0.8060952
02HCB68111211Y88E0004333,LFP_68Ah,LFP_68Ah,29.431,23.017166,0.8231911764705881,0.79752916
02HCB68111211Y87Y0007299,LFP_68Ah,NMC_15Ah,38.262,23.395105,0.8386073529411765,0.79290897
PIP15829A00209415,LMO_10Ah,LMO_10Ah,38.8252,29.723373,0.67015,0.6746897
PIP15D26A03261343,LMO_10Ah,LMO_10Ah,61.3405,29.722692,0.71626,0.8014435
PIP15D19A03280145,LMO_10Ah,LMO_26Ah,41.6439,29.723091,0.74285,0.8567321
PIP15D01A03241499,LMO_10Ah,LMO_26Ah,47.5273,29.72358,0.79292,0.8582578
PIP15N21A50200177,LMO_10Ah,LMO_10Ah,8.6173,4.919176,0.87622,0.76502275
PIP15D25A03219538,LMO_10Ah,LMO_10Ah,26.4669,28.878656,0.8858900000000001,0.93436843
PIP15N26A01201901,LMO_10Ah,LMO_25Ah,30.3575,18.955034,0.87909,0.92406726
PIP15828A00213703,LMO_10Ah,LMO_10Ah,38.6217,29.723694,0.59307,0.6785424
PIP15D01A03221296,LMO_10Ah,LMO_10Ah,58.0204,29.723783,0.87905,0.91688156
PIP15N15A03208398,LMO_10Ah,LMO_10Ah,63.7579,29.724014,0.88277,0.8824937
PIP15N15A03208683,LMO_10Ah,LMO_10Ah,53.3811,29.722776,0.8700699999999999,0.8975274
PIP15D25A03243702,LMO_10Ah,LMO_10Ah,8.8585,7.993983,0.8977299999999999,0.9031984
PIP15D26A03252860,LMO_10Ah,LMO_25Ah,50.482,29.716162,0.9214399999999999,0.9697897
PIP15D23A03282874,LMO_10Ah,LMO_10Ah,68.8352,29.724234,0.89416,0.9515818
PJP17601527003A007037,NMC_15Ah,NMC_15Ah,33.5103,29.670046,0.7527466666666667,0.8327276
PJP17930O01003A017268,NMC_15Ah,NMC_15Ah,52.0063,29.72445,0.75258,0.82902265
PJP17601527001A008674,NMC_15Ah,NMC_15Ah,35.3566,29.722275,0.7564933333333334,1.0215944
PJP17601529001A010983,NMC_15Ah,NMC_15Ah,19.9515,17.478876,0.7735933333333332,0.83018565
PJP17930O01001A011629,NMC_15Ah,NMC_15Ah,39.1115,29.722933,0.75428,0.9465483
PJP17601527001A008592,NMC_15Ah,NMC_15Ah,22.5881,15.6215925,0.7639066666666667,0.86297417
PJP17601527002A007215,NMC_15Ah,NMC_15Ah,41.6439,29.723175,0.7767866666666666,0.9380219
PJP17601527003A007274,NMC_15Ah,NMC_15Ah,58.6931,29.724184,0.76566,0.82919836
PJP17601529001A003327,NMC_15Ah,NMC_15Ah,41.452,29.723442,0.7542866666666667,0.8553717
PJP17601529001A001010,NMC_15Ah,NMC_15Ah,41.3203,29.72329,0.7656533333333333,0.8914624
PJP17930O01001A006207,NMC_15Ah,NMC_15Ah,37.1093,29.722527,0.7581,0.9740086
PJP17601527001A008438,NMC_15Ah,NMC_15Ah,65.0,29.723213,0.7541066666666667,0.7914698
PJP17601527003A009662,NMC_15Ah,NMC_15Ah,34.8354,29.67682,0.7714599999999999,0.8573715
PJP17930O01003A016647,NMC_15Ah,NMC_15Ah,41.6497,29.723429,0.75896,0.82772255
PJP17530529002A000337,NMC_15Ah,NMC_15Ah,57.0066,29.724213,0.7549399999999999,0.80171376
PJP17601527003A009747,NMC_15Ah,NMC_15Ah,55.9235,29.724321,0.7671666666666667,0.8000601
PJP17601527001A012082,NMC_15Ah,NMC_15Ah,26.9765,20.342295,0.7630533333333334,0.9000848
PJP17930O01003A017730,NMC_15Ah,LMO_24Ah,8.3761,8.941579,0.7969666666666666,0.8123374
PJP17930O01003A018005,NMC_15Ah,NMC_15Ah,52.0704,29.724411,0.79294,0.8065631
02LCC02100101A87Y0026421,NMC_21Ah,NMC_21Ah,26.9765,25.445137,1.000052380952381,0.8940177
02LCC02100101A87Y0010168,NMC_21Ah,NMC_21Ah,34.3612,29.442276,1.0051,0.90518874
02LCC02100101A8BC0103482,NMC_21Ah,LMO_25Ah,8.135,16.334642,0.7755,0.7909935
02LCC02100101A87Y0074479,NMC_21Ah,NMC_21Ah,43.8556,29.669847,0.9881190476190476,0.9139061
02LCC02100101A87Y0020833,NMC_21Ah,NMC_21Ah,41.3203,29.66954,0.9979714285714285,0.9321074
02LCC02100101A87Y0027455,NMC_21Ah,NMC_21Ah,70.0,29.724205,1.011161904761905,0.8782906
02LCC02100101A87Y0173907,NMC_21Ah,LMO_24Ah,55.9235,29.722582,1.006,0.83102196
02LCC02100101A87Y0177229,NMC_21Ah,NMC_21Ah,49.0491,29.722082,0.9903,0.9484315
02LCC02100101A87Y0175162,NMC_21Ah,LMO_24Ah,34.8354,29.307917,1.001404761904762,0.83773345
02LCC02100101A87Y0172641,NMC_21Ah,LMO_24Ah,21.8027,21.444288,1.004309523809524,0.88507074
A170530525010800027,LMO_24Ah,LMO_24Ah,75.0,9.1643305,0.7957208333333333,0.8160803
A170528511010800104,LMO_24Ah,NMC_21Ah,41.9541,29.723822,0.7689125,0.87871474
A170526507010800030,LMO_24Ah,NMC_21Ah,46.7917,29.724411,0.7420833333333333,0.9396035
A170622616030800696,LMO_24Ah,LMO_24Ah,9.0996,15.564041,1.095941666666667,1.0741272
A170527511010800595,LMO_24Ah,NMC_21Ah,20.5001,15.359692,0.7606625,0.9267958
A170531525010801074,LMO_24Ah,LMO_24Ah,44.7967,29.723808,0.802275,0.8729283
A170529511010800411,LMO_24Ah,LMO_10Ah,7.6527,18.815346,0.6376916666666667,0.6562531
A170528511010802245,LMO_24Ah,LMO_25Ah,36.6803,29.723368,0.74125,0.878114
A170525507010800198,LMO_24Ah,LMO_24Ah,44.4627,29.723566,0.825625,0.8506496
A170606528030800466,LMO_24Ah,LMO_24Ah,40.1289,29.413977,1.0524,1.1159767
A170529511010800365,LMO_24Ah,LMO_25Ah,31.8633,29.68883,0.7595833333333334,0.85882354
515092904916,LMO_25Ah,LMO_25Ah,27.7305,29.723671,0.629024,0.68700546
515092905212,LMO_25Ah,LMO_24Ah,50.482,29.723284,0.918516,0.77979875
515093002457,LMO_25Ah,LMO_25Ah,7.8938,19.150232,0.715284,0.6852953
516020603556,LMO_25Ah,LMO_25Ah,35.3767,29.72412,0.6442319999999999,0.7208572
515092904019,LMO_25Ah,LMO_25Ah,41.6439,29.723753,0.7791079999999999,0.81150085
515093000451,LMO_25Ah,NMC_21Ah,8.8585,16.00036,0.934832,0.98994035
515092901182,LMO_25Ah,LMO_25Ah,7.1704,19.704208,0.601472,0.6933443
515092904740,LMO_25Ah,LMO_25Ah,25.6641,29.50128,0.617416,0.64863175
515100100624,LMO_25Ah,LMO_25Ah,8.3761,17.513838,0.8321599999999999,0.7779668
515093001782,LMO_25Ah,NMC_21Ah,50.1002,29.723188,0.925024,0.9323923
515093002576,LMO_25Ah,LMO_25Ah,50.1557,29.724257,0.804024,0.8687248
515093000724,LMO_25Ah,LMO_25Ah,38.8252,29.723925,0.7228279999999999,0.7539766
515093002348,LMO_25Ah,LMO_25Ah,21.1016,26.556479,0.782636,0.7428527
515092501338,LMO_25Ah,LMO_25Ah,32.339,29.722305,0.590388,0.585942
515092901199,LMO_25Ah,LMO_25Ah,27.5501,29.724075,0.422888,0.5792941
515093000605,LMO_25Ah,LMO_25Ah,35.9961,29.722433,0.8718319999999999,0.9541418
515100102065,LMO_25Ah,LMO_25Ah,8.6173,17.347383,0.886136,0.81822395
515093002646,LMO_25Ah,LMO_25Ah,70.0083,29.724077,0.88878,0.9275015
515100101320,LMO_25Ah,LMO_25Ah,75.0,29.723066,0.795436,0.8655248
515092904410,LMO_25Ah,LMO_25Ah,44.4627,29.72351,0.84136,0.8937917
515093001367,LMO_25Ah,LMO_25Ah,44.7967,29.72407,0.7882760000000001,0.88343924
515093004000,LMO_25Ah,LMO_25Ah,41.9541,29.724073,0.746968,0.8112051
515100100526,LMO_25Ah,NMC_21Ah,22.2517,27.2817,0.872804,0.98226064
515092904584,LMO_25Ah,LMO_25Ah,50.0064,29.724398,0.7854439999999999,0.87498134
515092905201,LMO_25Ah,LMO_24Ah,53.6027,29.723333,0.944636,0.83377165
H27734091053,LMO_26Ah,LMO_26Ah,8.3761,19.193668,0.8388307692307693,0.94312984
H27735178005,LMO_26Ah,LMO_26Ah,53.3811,29.72432,0.8490000000000001,0.963057
H27733490499,LMO_26Ah,LMO_26Ah,70.0083,29.723999,0.8877884615384615,0.94041663
H27734592855,LMO_26Ah,LMO_26Ah,22.2517,28.504675,0.8586153846153847,0.8491404
H27734492478,LMO_26Ah,LMO_26Ah,90.0,29.722494,0.9984076923076923,0.92353916
H27733590292,LMO_26Ah,LMO_26Ah,38.0625,29.722458,0.9464884615384614,0.96350926
H27734676393,LMO_26Ah,LMO_24Ah,62.6027,29.724276,0.9604461538461538,0.99676913
H27735077206,LMO_26Ah,LMO_26Ah,71.0838,29.724037,0.9195923076923077,0.938535
H27735176665,LMO_26Ah,LMO_26Ah,53.3246,29.723337,0.998203846153846,0.9717446
H27734291854,LMO_26Ah,LMO_26Ah,24.5519,29.257528,0.9923153846153846,0.9512241
H27734591085,LMO_26Ah,LMO_26Ah,42.3415,29.722944,0.9497769230769231,0.95577425
H27734491651,LMO_26Ah,LMO_26Ah,85.0,29.722574,0.9381923076923078,0.91373086
H27735076930,LMO_26Ah,LMO_26Ah,75.214,29.724073,0.9650538461538462,0.94145966
H27734691342,LMO_26Ah,LMO_26Ah,85.0,29.722357,0.9401923076923077,0.9053163
H27735177571,LMO_26Ah,LMO_26Ah,75.0,29.722918,0.8238038461538462,0.919734
17号,LFP_35Ah,LFP_35Ah,40.8667,27.047865,0.8172685714285713,0.92402554
1号,LFP_35Ah,LFP_35Ah,41.452,26.450937,0.7431371428571428,0.9271794
34号,LFP_35Ah,LFP_35Ah,38.5265,26.400621,0.8159685714285715,0.91412765
36号,LFP_35Ah,LFP_35Ah,32.1026,25.796595,0.88972,0.93778163
37号,LFP_35Ah,LFP_35Ah,33.7731,26.059103,0.88372,0.92636365
53号,LFP_35Ah,LFP_35Ah,53.3916,28.884737,0.9176657142857142,0.9097877
8号,LFP_35Ah,LFP_35Ah,29.7969,25.34699,0.7810742857142857,0.8766992
9号,LFP_35Ah,LFP_35Ah,19.3077,17.882198,0.7772285714285714,0.8969765
02HCB68111211Y87Y0002979,LFP_68Ah,LFP_68Ah,21.1016,19.591764,0.8426367647058823,0.7923343
02HCB68111211Y88D0000337,LFP_68Ah,LFP_68Ah,44.7967,25.03849,0.8511661764705882,0.79569143
02HCB68111211Y88D0003997,LFP_68Ah,LFP_68Ah,18.1154,21.975817,0.6526647058823529,0.81639606
02HCB68111211Y87Y0011345,LFP_68Ah,LFP_68Ah,5.0,8.233796,0.8249632352941176,0.79276437
02HCB68111211Y87Y0015653,LFP_68Ah,LFP_68Ah,48.7083,27.12803,0.7779485294117647,0.80128604
02HCB68111211Y86L0000199,LFP_68Ah,LFP_68Ah,32.5404,25.602552,0.7060573529411764,0.7987241
02HCB68111211Y86X0004792,LFP_68Ah,LFP_68Ah,31.8633,24.632406,0.7697308823529412,0.79966
02HCB68111211Y87Y0015365,LFP_68Ah,NMC_15Ah,60.1373,28.847502,0.8225014705882353,0.7956975
02HCB68111211Y86S0005042,LFP_68Ah,LFP_68Ah,41.9839,27.484652,0.6715102941176471,0.8028224
02HCB68111211Y88D0003294,LFP_68Ah,LFP_68Ah,46.8445,27.910538,0.8352544117647058,0.80520695
02HCB68111211Y88E0004340,LFP_68Ah,LFP_68Ah,44.1142,27.626078,0.8342852941176471,0.8013266
02HCB68111211Y87Y0013553,LFP_68Ah,LFP_68Ah,37.6917,26.3739,0.8047691176470588,0.80109674
02HCB68111211Y87Y0013903,LFP_68Ah,LFP_68Ah,39.9041,24.013428,0.8119000000000001,0.79573137
02HCB68111211Y87Y0009622,LFP_68Ah,LFP_68Ah,37.1305,23.952223,0.8424544117647059,0.7935924
02HCB68111211Y87Y0012947,LFP_68Ah,LFP_68Ah,39.5793,26.725576,0.8117617647058823,0.7988736
02HCB68111211Y87Y0003936,LFP_68Ah,LFP_68Ah,62.8233,28.837976,0.8382176470588236,0.8030512
02HCB68111211Y88D0005602,LFP_68Ah,LMO_24Ah,39.1172,23.242096,0.8460514705882353,0.79201937
02HCB68111211Y88E0004523,LFP_68Ah,LFP_68Ah,50.1764,27.78892,0.8356073529411765,0.7993433
02HCB68111211Y86V0003442,LFP_68Ah,LFP_68Ah,43.058,27.499628,0.6879132352941176,0.80367106
02HCB68111211Y86X0009373,LFP_68Ah,LFP_68Ah,18.8014,19.598497,0.7169970588235294,0.79893667
02HCB68111211Y88E0004411,LFP_68Ah,LFP_68Ah,59.1842,28.863966,0.8248588235294118,0.800472
02HCB68111211Y87Y0004508,LFP_68Ah,LFP_68Ah,75.0,28.88505,0.8487455882352941,0.80154794
02HCB68111211Y86M0004883,LFP_68Ah,LFP_68Ah,39.1115,25.223536,0.7269970588235294,0.797489
02HCB68111211Y86L0005694,LFP_68Ah,LFP_68Ah,52.0063,28.780458,0.6864426470588235,0.80308336
02HCB68111211Y88E0004333,LFP_68Ah,LFP_68Ah,29.431,23.030779,0.8231911764705881,0.79386693
02HCB68111211Y87Y0007299,LFP_68Ah,LMO_24Ah,38.262,23.290276,0.8386073529411765,0.7916203
PIP15829A00209415,LMO_10Ah,LMO_10Ah,38.8252,29.723322,0.67015,0.6881504
PIP15D26A03261343,LMO_10Ah,LMO_10Ah,61.3405,29.722704,0.71626,0.79262894
PIP15D19A03280145,LMO_10Ah,LMO_26Ah,41.6439,29.723066,0.74285,0.8554449
PIP15D01A03241499,LMO_10Ah,LMO_26Ah,47.5273,29.723549,0.79292,0.8533848
PIP15N21A50200177,LMO_10Ah,LMO_10Ah,8.6173,4.905185,0.87622,0.761127
PIP15D25A03219538,LMO_10Ah,LMO_10Ah,26.4669,28.875313,0.8858900000000001,0.928073
PIP15N26A01201901,LMO_10Ah,LMO_25Ah,30.3575,18.999304,0.87909,0.896168
PIP15828A00213703,LMO_10Ah,LMO_10Ah,38.6217,29.723642,0.59307,0.6741977
PIP15D01A03221296,LMO_10Ah,LMO_10Ah,58.0204,29.72377,0.87905,0.9168987
PIP15N15A03208398,LMO_10Ah,LMO_10Ah,63.7579,29.724005,0.88277,0.88468933
PIP15N15A03208683,LMO_10Ah,LMO_10Ah,53.3811,29.722742,0.8700699999999999,0.8968628
PIP15D25A03243702,LMO_10Ah,LMO_10Ah,8.8585,7.933693,0.8977299999999999,0.90105605
PIP15D26A03252860,LMO_10Ah,LMO_25Ah,50.482,29.721832,0.9214399999999999,0.9666049
PIP15D23A03282874,LMO_10Ah,LMO_25Ah,68.8352,29.724226,0.89416,0.9530807
PJP17601527003A007037,NMC_15Ah,NMC_15Ah,33.5103,29.670027,0.7527466666666667,0.836282
PJP17930O01003A017268,NMC_15Ah,NMC_15Ah,52.0063,29.724443,0.75258,0.8273267
PJP17601527001A008674,NMC_15Ah,NMC_15Ah,35.3566,29.722261,0.7564933333333334,1.0207466
PJP17601529001A010983,NMC_15Ah,NMC_15Ah,19.9515,17.439693,0.7735933333333332,0.829417
PJP17930O01001A011629,NMC_15Ah,NMC_15Ah,39.1115,29.722929,0.75428,0.95344347
PJP17601527001A008592,NMC_15Ah,NMC_15Ah,22.5881,15.628033,0.7639066666666667,0.8521531
PJP17601527002A007215,NMC_15Ah,NMC_15Ah,41.6439,29.723166,0.7767866666666666,0.94256324
PJP17601527003A007274,NMC_15Ah,NMC_15Ah,58.6931,29.724182,0.76566,0.82692426
PJP17601529001A003327,NMC_15Ah,NMC_15Ah,41.452,29.723436,0.7542866666666667,0.8564264
PJP17601529001A001010,NMC_15Ah,NMC_15Ah,41.3203,29.723284,0.7656533333333333,0.894604
PJP17930O01001A006207,NMC_15Ah,NMC_15Ah,37.1093,29.72252,0.7581,0.97278786
PJP17601527001A008438,NMC_15Ah,NMC_15Ah,65.0,29.72323,0.7541066666666667,0.78843135
PJP17601527003A009662,NMC_15Ah,NMC_15Ah,34.8354,29.68258,0.7714599999999999,0.8570295
PJP17930O01003A016647,NMC_15Ah,NMC_15Ah,41.6497,29.723425,0.75896,0.8283379
PJP17530529002A000337,NMC_15Ah,NMC_15Ah,57.0066,29.724207,0.7549399999999999,0.7976649
PJP17601527003A009747,NMC_15Ah,NMC_15Ah,55.9235,29.724318,0.7671666666666667,0.79647547
PJP17601527001A012082,NMC_15Ah,NMC_15Ah,26.9765,20.322365,0.7630533333333334,0.86638975
PJP17930O01003A017730,NMC_15Ah,LMO_24Ah,8.3761,8.922041,0.7969666666666666,0.81081986
PJP17930O01003A018005,NMC_15Ah,NMC_15Ah,52.0704,29.724403,0.79294,0.80530995
02LCC02100101A87Y0026421,NMC_21Ah,NMC_21Ah,26.9765,25.326918,1.000052380952381,0.8900306
02LCC02100101A87Y0010168,NMC_21Ah,NMC_21Ah,34.3612,29.441267,1.0051,0.9134063
02LCC02100101A8BC0103482,NMC_21Ah,LMO_25Ah,8.135,16.50443,0.7755,0.79580265
02LCC02100101A87Y0074479,NMC_21Ah,NMC_21Ah,43.8556,29.66976,0.9881190476190476,0.93601567
02LCC02100101A87Y0020833,NMC_21Ah,NMC_21Ah,41.3203,29.668276,0.9979714285714285,0.9560623
02LCC02100101A87Y0027455,NMC_21Ah,NMC_21Ah,70.0,29.72419,1.011161904761905,0.8878827
02LCC02100101A87Y0173907,NMC_21Ah,LMO_24Ah,55.9235,29.722574,1.006,0.83845
02LCC02100101A87Y0177229,NMC_21Ah,NMC_21Ah,49.0491,29.722061,0.9903,0.9630893
02LCC02100101A87Y0175162,NMC_21Ah,LMO_24Ah,34.8354,29.315771,1.001404761904762,0.839384
02LCC02100101A87Y0172641,NMC_21Ah,LMO_24Ah,21.8027,21.234503,1.004309523809524,0.90056735
A170530525010800027,LMO_24Ah,LMO_24Ah,75.0,9.262615,0.7957208333333333,0.8193736
A170528511010800104,LMO_24Ah,LMO_24Ah,41.9541,29.72381,0.7689125,0.8836849
A170526507010800030,LMO_24Ah,NMC_21Ah,46.7917,29.724401,0.7420833333333333,0.937802
A170622616030800696,LMO_24Ah,LMO_24Ah,9.0996,15.756608,1.095941666666667,1.0817679
A170527511010800595,LMO_24Ah,NMC_21Ah,20.5001,15.413518,0.7606625,0.94635946
A170531525010801074,LMO_24Ah,LMO_24Ah,44.7967,29.7238,0.802275,0.8700018
A170529511010800411,LMO_24Ah,LMO_10Ah,7.6527,19.197233,0.6376916666666667,0.6602079
A170528511010802245,LMO_24Ah,LMO_25Ah,36.6803,29.723358,0.74125,0.86641353
A170525507010800198,LMO_24Ah,LMO_24Ah,44.4627,29.723558,0.825625,0.8554005
A170606528030800466,LMO_24Ah,LMO_24Ah,40.1289,29.417395,1.0524,1.1174116
A170529511010800365,LMO_24Ah,LMO_25Ah,31.8633,29.641565,0.7595833333333334,0.85210437
515092904916,LMO_25Ah,LMO_25Ah,27.7305,29.719759,0.629024,0.67660975
515092905212,LMO_25Ah,NMC_15Ah,50.482,29.72328,0.918516,0.7934304
515093002457,LMO_25Ah,LMO_25Ah,7.8938,19.12914,0.715284,0.6743416
516020603556,LMO_25Ah,LMO_25Ah,35.3767,29.724083,0.6442319999999999,0.7188893
515092904019,LMO_25Ah,LMO_25Ah,41.6439,29.723732,0.7791079999999999,0.8092703
515093000451,LMO_25Ah,NMC_21Ah,8.8585,15.988999,0.934832,1.0090245
515092901182,LMO_25Ah,LMO_25Ah,7.1704,19.707695,0.601472,0.68896294
515092904740,LMO_25Ah,LMO_25Ah,25.6641,29.257835,0.617416,0.6429561
515100100624,LMO_25Ah,LMO_25Ah,8.3761,17.47095,0.8321599999999999,0.76654977
515093001782,LMO_25Ah,NMC_21Ah,50.1002,29.723177,0.925024,0.93713766
515093002576,LMO_25Ah,LMO_25Ah,50.1557,29.724236,0.804024,0.8695491
515093000724,LMO_25Ah,LMO_25Ah,38.8252,29.72391,0.7228279999999999,0.73410606
515093002348,LMO_25Ah,LMO_25Ah,21.1016,26.55925,0.782636,0.7358373
515092501338,LMO_25Ah,LMO_25Ah,32.339,29.715576,0.590388,0.5806307
515092901199,LMO_25Ah,LMO_25Ah,27.5501,29.72407,0.422888,0.5786114
515093000605,LMO_25Ah,LMO_25Ah,35.9961,29.722406,0.8718319999999999,0.94220644
515100102065,LMO_25Ah,LMO_25Ah,8.6173,17.294764,0.886136,0.81603235
515093002646,LMO_25Ah,LMO_25Ah,70.0083,29.724073,0.88878,0.92819077
515100101320,LMO_25Ah,LMO_25Ah,75.0,29.723122,0.795436,0.8609412
515092904410,LMO_25Ah,LMO_25Ah,44.4627,29.72349,0.84136,0.88580847
515093001367,LMO_25Ah,LMO_25Ah,44.7967,29.724043,0.7882760000000001,0.8745315
515093004000,LMO_25Ah,LMO_25Ah,41.9541,29.724043,0.746968,0.79556537
515100100526,LMO_25Ah,NMC_21Ah,22.2517,27.107414,0.872804,0.9837227
515092904584,LMO_25Ah,LMO_25Ah,50.0064,29.724386,0.7854439999999999,0.8661426
515092905201,LMO_25Ah,LMO_24Ah,53.6027,29.723328,0.944636,0.8389639
H27734091053,LMO_26Ah,LMO_26Ah,8.3761,19.222189,0.8388307692307693,0.94710636
H27735178005,LMO_26Ah,LMO_26Ah,53.3811,29.72429,0.8490000000000001,0.9568016
H27733490499,LMO_26Ah,LMO_26Ah,70.0083,29.723984,0.8877884615384615,0.9403414
H27734592855,LMO_26Ah,LMO_26Ah,22.2517,28.493296,0.8586153846153847,0.84297013
H27734492478,LMO_26Ah,LMO_26Ah,90.0,29.722498,0.9984076923076923,0.93195695
H27733590292,LMO_26Ah,LMO_26Ah,38.0625,29.722427,0.9464884615384614,0.9638805
H27734676393,LMO_26Ah,LMO_26Ah,62.6027,29.724258,0.9604461538461538,1.0229484
H27735077206,LMO_26Ah,LMO_26Ah,71.0838,29.724022,0.9195923076923077,0.92259866
H27735176665,LMO_26Ah,LMO_26Ah,53.3246,29.723326,0.998203846153846,0.9710086
H27734291854,LMO_26Ah,LMO_26Ah,24.5519,29.17423,0.9923153846153846,0.9492076
H27734591085,LMO_26Ah,LMO_26Ah,42.3415,29.722923,0.9497769230769231,0.9450984
H27734491651,LMO_26Ah,LMO_26Ah,85.0,29.7226,0.9381923076923078,0.9105654
H27735076930,LMO_26Ah,LMO_26Ah,75.214,29.724062,0.9650538461538462,0.93197984
H27734691342,LMO_26Ah,LMO_26Ah,85.0,29.722376,0.9401923076923077,0.9040076
H27735177571,LMO_26Ah,LMO_26Ah,75.0,29.722967,0.8238038461538462,0.92032737
17号,LFP_35Ah,LFP_35Ah,40.8667,26.80587,0.8172685714285713,0.92591745
1号,LFP_35Ah,LFP_35Ah,41.452,26.428955,0.7431371428571428,0.9285051
34号,LFP_35Ah,LFP_35Ah,38.5265,26.400938,0.8159685714285715,0.914458
36号,LFP_35Ah,LFP_35Ah,32.1026,25.736078,0.88972,0.9422195
37号,LFP_35Ah,LFP_35Ah,33.7731,26.049925,0.88372,0.92866975
53号,LFP_35Ah,LFP_35Ah,53.3916,28.883278,0.9176657142857142,0.9108353
8号,LFP_35Ah,LFP_35Ah,29.7969,25.236002,0.7810742857142857,0.87614506
9号,LFP_35Ah,LFP_35Ah,19.3077,17.92559,0.7772285714285714,0.8974449
02HCB68111211Y87Y0002979,LFP_68Ah,LFP_68Ah,21.1016,19.544786,0.8426367647058823,0.7923677
02HCB68111211Y88D0000337,LFP_68Ah,LFP_68Ah,44.7967,26.029602,0.8511661764705882,0.79249454
02HCB68111211Y88D0003997,LFP_68Ah,LFP_68Ah,18.1154,21.515863,0.6526647058823529,0.81390005
02HCB68111211Y87Y0011345,LFP_68Ah,LFP_68Ah,5.0,8.237155,0.8249632352941176,0.7923525
02HCB68111211Y87Y0015653,LFP_68Ah,LFP_68Ah,48.7083,26.551842,0.7779485294117647,0.7990249
02HCB68111211Y86L0000199,LFP_68Ah,LFP_68Ah,32.5404,25.8611,0.7060573529411764,0.79860574
02HCB68111211Y86X0004792,LFP_68Ah,LFP_68Ah,31.8633,25.453285,0.7697308823529412,0.8004598
02HCB68111211Y87Y0015365,LFP_68Ah,LFP_68Ah,60.1373,28.882242,0.8225014705882353,0.79585165
02HCB68111211Y86S0005042,LFP_68Ah,LFP_68Ah,41.9839,27.257507,0.6715102941176471,0.80354214
02HCB68111211Y88D0003294,LFP_68Ah,LFP_68Ah,46.8445,27.509356,0.8352544117647058,0.79812384
02HCB68111211Y88E0004340,LFP_68Ah,LFP_68Ah,44.1142,27.649054,0.8342852941176471,0.79707855
02HCB68111211Y87Y0013553,LFP_68Ah,LFP_68Ah,37.6917,26.414377,0.8047691176470588,0.8017134
02HCB68111211Y87Y0013903,LFP_68Ah,LFP_68Ah,39.9041,24.849115,0.8119000000000001,0.7925852
02HCB68111211Y87Y0009622,LFP_68Ah,LFP_68Ah,37.1305,24.439356,0.8424544117647059,0.7947615
02HCB68111211Y87Y0012947,LFP_68Ah,LFP_68Ah,39.5793,26.875578,0.8117617647058823,0.79962784
02HCB68111211Y87Y0003936,LFP_68Ah,LFP_68Ah,62.8233,28.885605,0.8382176470588236,0.80217546
02HCB68111211Y88D0005602,LFP_68Ah,LMO_24Ah,39.1172,23.406761,0.8460514705882353,0.7910533
02HCB68111211Y88E0004523,LFP_68Ah,LFP_68Ah,50.1764,28.162962,0.8356073529411765,0.7959857
02HCB68111211Y86V0003442,LFP_68Ah,LFP_68Ah,43.058,26.99663,0.6879132352941176,0.8029506
02HCB68111211Y86X0009373,LFP_68Ah,LFP_68Ah,18.8014,19.490995,0.7169970588235294,0.79912096
02HCB68111211Y88E0004411,LFP_68Ah,LFP_68Ah,59.1842,28.87871,0.8248588235294118,0.79928184
02HCB68111211Y87Y0004508,LFP_68Ah,LFP_68Ah,75.0,28.885149,0.8487455882352941,0.8021192
02HCB68111211Y86M0004883,LFP_68Ah,LFP_68Ah,39.1115,25.897242,0.7269970588235294,0.79420024
02HCB68111211Y86L0005694,LFP_68Ah,LFP_68Ah,52.0063,28.821325,0.6864426470588235,0.7996356
02HCB68111211Y88E0004333,LFP_68Ah,LFP_68Ah,29.431,23.382986,0.8231911764705881,0.79411083
02HCB68111211Y87Y0007299,LFP_68Ah,LMO_24Ah,38.262,23.21199,0.8386073529411765,0.79260135
PIP15829A00209415,LMO_10Ah,LMO_10Ah,38.8252,29.723265,0.67015,0.6882704
PIP15D26A03261343,LMO_10Ah,LMO_10Ah,61.3405,29.722723,0.71626,0.7856223
PIP15D19A03280145,LMO_10Ah,LMO_26Ah,41.6439,29.723036,0.74285,0.85441846
PIP15D01A03241499,LMO_10Ah,LMO_26Ah,47.5273,29.723505,0.79292,0.853102
PIP15N21A50200177,LMO_10Ah,LMO_10Ah,8.6173,4.9659743,0.87622,0.7611007
PIP15D25A03219538,LMO_10Ah,LMO_10Ah,26.4669,28.866953,0.8858900000000001,0.9098391
PIP15N26A01201901,LMO_10Ah,LMO_25Ah,30.3575,19.238024,0.87909,0.8798351
PIP15828A00213703,LMO_10Ah,LMO_10Ah,38.6217,29.723595,0.59307,0.66141015
PIP15D01A03221296,LMO_10Ah,LMO_10Ah,58.0204,29.723757,0.87905,0.91798383
PIP15N15A03208398,LMO_10Ah,LMO_10Ah,63.7579,29.723984,0.88277,0.88847566
PIP15N15A03208683,LMO_10Ah,LMO_10Ah,53.3811,29.7227,0.8700699999999999,0.8963597
PIP15D25A03243702,LMO_10Ah,LMO_10Ah,8.8585,7.976379,0.8977299999999999,0.89623016
PIP15D26A03252860,LMO_10Ah,LMO_25Ah,50.482,29.721819,0.9214399999999999,0.9546029
PIP15D23A03282874,LMO_10Ah,LMO_25Ah,68.8352,29.724213,0.89416,0.9558603
PJP17601527003A007037,NMC_15Ah,NMC_15Ah,33.5103,29.670012,0.7527466666666667,0.8366491
PJP17930O01003A017268,NMC_15Ah,NMC_15Ah,52.0063,29.724436,0.75258,0.82391185
PJP17601527001A008674,NMC_15Ah,NMC_15Ah,35.3566,29.72225,0.7564933333333334,1.0195454
PJP17601529001A010983,NMC_15Ah,NMC_15Ah,19.9515,17.318682,0.7735933333333332,0.83084273
PJP17930O01001A011629,NMC_15Ah,NMC_15Ah,39.1115,29.722921,0.75428,0.9389088
PJP17601527001A008592,NMC_15Ah,NMC_15Ah,22.5881,15.557953,0.7639066666666667,0.83214164
PJP17601527002A007215,NMC_15Ah,NMC_15Ah,41.6439,29.723158,0.7767866666666666,0.91580445
PJP17601527003A007274,NMC_15Ah,NMC_15Ah,58.6931,29.724176,0.76566,0.8246569
PJP17601529001A003327,NMC_15Ah,NMC_15Ah,41.452,29.723427,0.7542866666666667,0.8538933
PJP17601529001A001010,NMC_15Ah,NMC_15Ah,41.3203,29.723276,0.7656533333333333,0.881413
PJP17930O01001A006207,NMC_15Ah,NMC_15Ah,37.1093,29.722517,0.7581,0.96366864
PJP17601527001A008438,NMC_15Ah,NMC_15Ah,65.0,29.723242,0.7541066666666667,0.7857482
PJP17601527003A009662,NMC_15Ah,NMC_15Ah,34.8354,29.69042,0.7714599999999999,0.854572
PJP17930O01003A016647,NMC_15Ah,NMC_15Ah,41.6497,29.723417,0.75896,0.8281284
PJP17530529002A000337,NMC_15Ah,NMC_15Ah,57.0066,29.724205,0.7549399999999999,0.79770666
PJP17601527003A009747,NMC_15Ah,NMC_15Ah,55.9235,29.724318,0.7671666666666667,0.79379064
PJP17601527001A012082,NMC_15Ah,NMC_15Ah,26.9765,20.304832,0.7630533333333334,0.8134885
PJP17930O01003A017730,NMC_15Ah,LMO_24Ah,8.3761,8.472994,0.7969666666666666,0.80698735
PJP17930O01003A018005,NMC_15Ah,NMC_15Ah,52.0704,29.724396,0.79294,0.8019231
02LCC02100101A87Y0026421,NMC_21Ah,NMC_21Ah,26.9765,25.115553,1.000052380952381,0.91901535
02LCC02100101A87Y0010168,NMC_21Ah,NMC_21Ah,34.3612,29.444052,1.0051,0.9508503
02LCC02100101A8BC0103482,NMC_21Ah,LMO_25Ah,8.135,16.643562,0.7755,0.79314065
02LCC02100101A87Y0074479,NMC_21Ah,NMC_21Ah,43.8556,29.69253,0.9881190476190476,0.96767205
02LCC02100101A87Y0020833,NMC_21Ah,NMC_21Ah,41.3203,29.665422,0.9979714285714285,0.97747207
02LCC02100101A87Y0027455,NMC_21Ah,NMC_21Ah,70.0,29.724176,1.011161904761905,0.9143234
02LCC02100101A87Y0173907,NMC_21Ah,LMO_24Ah,55.9235,29.722565,1.006,0.84559745
02LCC02100101A87Y0177229,NMC_21Ah,NMC_21Ah,49.0491,29.722025,0.9903,0.9881959
02LCC02100101A87Y0175162,NMC_21Ah,LMO_24Ah,34.8354,29.25115,1.001404761904762,0.8461166
02LCC02100101A87Y0172641,NMC_21Ah,LMO_24Ah,21.8027,20.903019,1.004309523809524,0.9142818
A170530525010800027,LMO_24Ah,LMO_24Ah,75.0,9.420265,0.7957208333333333,0.81618524
A170528511010800104,LMO_24Ah,LMO_24Ah,41.9541,29.723795,0.7689125,0.8895309
A170526507010800030,LMO_24Ah,NMC_21Ah,46.7917,29.72439,0.7420833333333333,0.9356862
A170622616030800696,LMO_24Ah,LMO_24Ah,9.0996,15.757094,1.095941666666667,1.0689571
A170527511010800595,LMO_24Ah,NMC_21Ah,20.5001,15.426679,0.7606625,0.9369209
A170531525010801074,LMO_24Ah,LMO_24Ah,44.7967,29.723787,0.802275,0.85863
A170529511010800411,LMO_24Ah,LMO_10Ah,7.6527,19.256468,0.6376916666666667,0.67559457
A170528511010802245,LMO_24Ah,LMO_25Ah,36.6803,29.723343,0.74125,0.8608031
A170525507010800198,LMO_24Ah,LMO_24Ah,44.4627,29.72355,0.825625,0.8581681
A170606528030800466,LMO_24Ah,LMO_24Ah,40.1289,29.417374,1.0524,1.117677
A170529511010800365,LMO_24Ah,LMO_25Ah,31.8633,29.502321,0.7595833333333334,0.8442702
515092904916,LMO_25Ah,LMO_25Ah,27.7305,29.715834,0.629024,0.6747878
515092905212,LMO_25Ah,NMC_15Ah,50.482,29.723272,0.918516,0.78798246
515093002457,LMO_25Ah,LMO_25Ah,7.8938,19.136063,0.715284,0.66847086
516020603556,LMO_25Ah,LMO_25Ah,35.3767,29.724045,0.6442319999999999,0.71395856
515092904019,LMO_25Ah,LMO_25Ah,41.6439,29.723701,0.7791079999999999,0.80329186
515093000451,LMO_25Ah,NMC_21Ah,8.8585,15.980972,0.934832,1.0043563
515092901182,LMO_25Ah,LMO_25Ah,7.1704,19.70135,0.601472,0.68587595
515092904740,LMO_25Ah,LMO_25Ah,25.6641,28.644949,0.617416,0.63615006
515100100624,LMO_25Ah,LMO_25Ah,8.3761,17.421743,0.8321599999999999,0.7712553
515093001782,LMO_25Ah,NMC_21Ah,50.1002,29.723166,0.925024,0.93660456
515093002576,LMO_25Ah,LMO_25Ah,50.1557,29.724205,0.804024,0.86676574
515093000724,LMO_25Ah,LMO_25Ah,38.8252,29.72389,0.7228279999999999,0.72796303
515093002348,LMO_25Ah,LMO_25Ah,21.1016,26.704948,0.782636,0.7228344
515092501338,LMO_25Ah,LMO_25Ah,32.339,29.645882,0.590388,0.57526463
515092901199,LMO_25Ah,LMO_25Ah,27.5501,29.72406,0.422888,0.57804847
515093000605,LMO_25Ah,LMO_25Ah,35.9961,29.722338,0.8718319999999999,0.93510586
515100102065,LMO_25Ah,LMO_25Ah,8.6173,17.2986,0.886136,0.80755836
515093002646,LMO_25Ah,LMO_25Ah,70.0083,29.724066,0.88878,0.9263589
515100101320,LMO_25Ah,LMO_25Ah,75.0,29.723192,0.795436,0.83854836
515092904410,LMO_25Ah,LMO_25Ah,44.4627,29.72347,0.84136,0.8787556
515093001367,LMO_25Ah,LMO_25Ah,44.7967,29.72402,0.7882760000000001,0.86182946
515093004000,LMO_25Ah,LMO_25Ah,41.9541,29.724009,0.746968,0.79184914
515100100526,LMO_25Ah,NMC_21Ah,22.2517,26.910845,0.872804,0.9857149
515092904584,LMO_25Ah,LMO_25Ah,50.0064,29.724371,0.7854439999999999,0.8542879
515092905201,LMO_25Ah,LMO_24Ah,53.6027,29.723314,0.944636,0.8852086
H27734091053,LMO_26Ah,LMO_26Ah,8.3761,19.27102,0.8388307692307693,0.9521387
H27735178005,LMO_26Ah,LMO_26Ah,53.3811,29.724258,0.8490000000000001,0.9572037
H27733490499,LMO_26Ah,LMO_26Ah,70.0083,29.72396,0.8877884615384615,0.93351823
H27734592855,LMO_26Ah,LMO_26Ah,22.2517,28.48178,0.8586153846153847,0.83765125
H27734492478,LMO_26Ah,LMO_26Ah,90.0,29.722511,0.9984076923076923,0.93466586
H27733590292,LMO_26Ah,LMO_26Ah,38.0625,29.722391,0.9464884615384614,0.9672561
H27734676393,LMO_26Ah,LMO_26Ah,62.6027,29.724234,0.9604461538461538,1.0254185
H27735077206,LMO_26Ah,LMO_26Ah,71.0838,29.723997,0.9195923076923077,0.9071667
H27735176665,LMO_26Ah,LMO_26Ah,53.3246,29.723307,0.998203846153846,0.97308373
H27734291854,LMO_26Ah,LMO_26Ah,24.5519,28.924124,0.9923153846153846,0.94760686
H27734591085,LMO_26Ah,LMO_26Ah,42.3415,29.722906,0.9497769230769231,0.9443267
H27734491651,LMO_26Ah,LMO_26Ah,85.0,29.722631,0.9381923076923078,0.9011535
H27735076930,LMO_26Ah,LMO_26Ah,75.214,29.724047,0.9650538461538462,0.93362075
H27734691342,LMO_26Ah,LMO_26Ah,85.0,29.722403,0.9401923076923077,0.90147024
H27735177571,LMO_26Ah,LMO_26Ah,75.0,29.723022,0.8238038461538462,0.9116984
17号,LFP_35Ah,LFP_35Ah,40.8667,26.812492,0.8172685714285713,0.9256206
1号,LFP_35Ah,LFP_35Ah,41.452,26.406755,0.7431371428571428,0.9286615
34号,LFP_35Ah,LFP_35Ah,38.5265,26.351076,0.8159685714285715,0.9164634
36号,LFP_35Ah,LFP_35Ah,32.1026,25.732008,0.88972,0.9454021
37号,LFP_35Ah,LFP_35Ah,33.7731,26.014044,0.88372,0.93031067
53号,LFP_35Ah,LFP_35Ah,53.3916,28.878183,0.9176657142857142,0.9058954
8号,LFP_35Ah,LFP_35Ah,29.7969,25.178389,0.7810742857142857,0.8688342
9号,LFP_35Ah,LFP_35Ah,19.3077,17.97476,0.7772285714285714,0.8925207
02HCB68111211Y87Y0002979,LFP_68Ah,LFP_68Ah,21.1016,19.478662,0.8426367647058823,0.7950351
02HCB68111211Y88D0000337,LFP_68Ah,LFP_68Ah,44.7967,26.611122,0.8511661764705882,0.7937696
02HCB68111211Y88D0003997,LFP_68Ah,LFP_68Ah,18.1154,20.551325,0.6526647058823529,0.81348497
02HCB68111211Y87Y0011345,LFP_68Ah,LFP_68Ah,5.0,8.241511,0.8249632352941176,0.79131395
02HCB68111211Y87Y0015653,LFP_68Ah,LFP_68Ah,48.7083,26.54763,0.7779485294117647,0.7994066
02HCB68111211Y86L0000199,LFP_68Ah,LFP_68Ah,32.5404,26.05574,0.7060573529411764,0.79971075
02HCB68111211Y86X0004792,LFP_68Ah,LFP_68Ah,31.8633,25.810007,0.7697308823529412,0.80242515
02HCB68111211Y87Y0015365,LFP_68Ah,LFP_68Ah,60.1373,28.882158,0.8225014705882353,0.7994971
02HCB68111211Y86S0005042,LFP_68Ah,LFP_68Ah,41.9839,26.94496,0.6715102941176471,0.8035958
02HCB68111211Y88D0003294,LFP_68Ah,LFP_68Ah,46.8445,27.636744,0.8352544117647058,0.7993221
02HCB68111211Y88E0004340,LFP_68Ah,LFP_68Ah,44.1142,27.533707,0.8342852941176471,0.79560226
02HCB68111211Y87Y0013553,LFP_68Ah,LFP_68Ah,37.6917,26.383331,0.8047691176470588,0.8033375
02HCB68111211Y87Y0013903,LFP_68Ah,LFP_68Ah,39.9041,25.849329,0.8119000000000001,0.79307175
02HCB68111211Y87Y0009622,LFP_68Ah,LFP_68Ah,37.1305,25.833849,0.8424544117647059,0.79664
02HCB68111211Y87Y0012947,LFP_68Ah,LFP_68Ah,39.5793,26.768341,0.8117617647058823,0.800859
02HCB68111211Y87Y0003936,LFP_68Ah,LFP_68Ah,62.8233,28.885569,0.8382176470588236,0.80548435
02HCB68111211Y88D0005602,LFP_68Ah,LMO_24Ah,39.1172,24.595428,0.8460514705882353,0.7936364
02HCB68111211Y88E0004523,LFP_68Ah,LFP_68Ah,50.1764,27.888525,0.8356073529411765,0.79268116
02HCB68111211Y86V0003442,LFP_68Ah,LFP_68Ah,43.058,26.803457,0.6879132352941176,0.8038933
02HCB68111211Y86X0009373,LFP_68Ah,LFP_68Ah,18.8014,18.985107,0.7169970588235294,0.798575
02HCB68111211Y88E0004411,LFP_68Ah,LFP_68Ah,59.1842,28.877602,0.8248588235294118,0.7985239
02HCB68111211Y87Y0004508,LFP_68Ah,LFP_68Ah,75.0,28.885193,0.8487455882352941,0.8027823
02HCB68111211Y86M0004883,LFP_68Ah,LFP_68Ah,39.1115,26.20775,0.7269970588235294,0.7951784
02HCB68111211Y86L0005694,LFP_68Ah,LFP_68Ah,52.0063,28.84173,0.6864426470588235,0.79599804
02HCB68111211Y88E0004333,LFP_68Ah,LFP_68Ah,29.431,24.424047,0.8231911764705881,0.7956795
02HCB68111211Y87Y0007299,LFP_68Ah,LMO_24Ah,38.262,23.186628,0.8386073529411765,0.79457456
PIP15829A00209415,LMO_10Ah,LMO_10Ah,38.8252,29.723093,0.67015,0.6707551
PIP15D26A03261343,LMO_10Ah,LMO_10Ah,61.3405,29.722673,0.71626,0.80027705
PIP15D19A03280145,LMO_10Ah,LMO_26Ah,41.6439,29.722946,0.74285,0.854582
PIP15D01A03241499,LMO_10Ah,LMO_26Ah,47.5273,29.723398,0.79292,0.8399005
PIP15N21A50200177,LMO_10Ah,LMO_10Ah,8.6173,5.009204,0.87622,0.8397765
PIP15D25A03219538,LMO_10Ah,LMO_10Ah,26.4669,28.86399,0.8858900000000001,0.89214224
PIP15N26A01201901,LMO_10Ah,LMO_25Ah,30.3575,19.83891,0.87909,0.8624694
PIP15828A00213703,LMO_10Ah,LMO_10Ah,38.6217,29.72341,0.59307,0.6546456
PIP15D01A03221296,LMO_10Ah,LMO_10Ah,58.0204,29.723701,0.87905,0.92192835
PIP15N15A03208398,LMO_10Ah,LMO_10Ah,63.7579,29.723906,0.88277,0.8848932
PIP15N15A03208683,LMO_10Ah,LMO_10Ah,53.3811,29.722548,0.8700699999999999,0.89130896
PIP15D25A03243702,LMO_10Ah,LMO_10Ah,8.8585,8.495603,0.8977299999999999,0.8956401
PIP15D26A03252860,LMO_10Ah,LMO_25Ah,50.482,29.721725,0.9214399999999999,0.94506544
PIP15D23A03282874,LMO_10Ah,LMO_25Ah,68.8352,29.724154,0.89416,0.9164107
PJP17601527003A007037,NMC_15Ah,NMC_15Ah,33.5103,29.701612,0.7527466666666667,0.828932
PJP17930O01003A017268,NMC_15Ah,NMC_15Ah,52.0063,29.72439,0.75258,0.8297177
PJP17601527001A008674,NMC_15Ah,NMC_15Ah,35.3566,29.722197,0.7564933333333334,1.0129145
PJP17601529001A010983,NMC_15Ah,NMC_15Ah,19.9515,16.153929,0.7735933333333332,0.79831386
PJP17930O01001A011629,NMC_15Ah,NMC_15Ah,39.1115,29.722895,0.75428,0.91038996
PJP17601527001A008592,NMC_15Ah,NMC_15Ah,22.5881,15.518542,0.7639066666666667,0.7645576
PJP17601527002A007215,NMC_15Ah,NMC_15Ah,41.6439,29.723139,0.7767866666666666,0.8620253
PJP17601527003A007274,NMC_15Ah,NMC_15Ah,58.6931,29.724134,0.76566,0.82658577
PJP17601529001A003327,NMC_15Ah,NMC_15Ah,41.452,29.723404,0.7542866666666667,0.8509256
PJP17601529001A001010,NMC_15Ah,NMC_15Ah,41.3203,29.723257,0.7656533333333333,0.8536649
PJP17930O01001A006207,NMC_15Ah,NMC_15Ah,37.1093,29.722498,0.7581,0.9210129
PJP17601527001A008438,NMC_15Ah,NMC_15Ah,65.0,29.723206,0.7541066666666667,0.78482217
PJP17601527003A009662,NMC_15Ah,NMC_15Ah,34.8354,29.721918,0.7714599999999999,0.8419321
PJP17930O01003A016647,NMC_15Ah,NMC_15Ah,41.6497,29.723396,0.75896,0.8389287
PJP17530529002A000337,NMC_15Ah,NMC_15Ah,57.0066,29.724161,0.7549399999999999,0.816684
PJP17601527003A009747,NMC_15Ah,NMC_15Ah,55.9235,29.724268,0.7671666666666667,0.8204045
PJP17601527001A012082,NMC_15Ah,NMC_15Ah,26.9765,19.909725,0.7630533333333334,0.7906067
PJP17930O01003A017730,NMC_15Ah,LMO_24Ah,8.3761,7.9189644,0.7969666666666666,0.7846022
PJP17930O01003A018005,NMC_15Ah,NMC_15Ah,52.0704,29.724352,0.79294,0.8077936
02LCC02100101A87Y0026421,NMC_21Ah,NMC_21Ah,26.9765,24.63167,1.000052380952381,0.9862332
02LCC02100101A87Y0010168,NMC_21Ah,NMC_21Ah,34.3612,29.064726,1.0051,0.98415846
02LCC02100101A8BC0103482,NMC_21Ah,LMO_25Ah,8.135,16.772419,0.7755,0.7943339
02LCC02100101A87Y0074479,NMC_21Ah,NMC_21Ah,43.8556,29.716902,0.9881190476190476,0.9948558
02LCC02100101A87Y0020833,NMC_21Ah,NMC_21Ah,41.3203,29.70993,0.9979714285714285,1.0080395
02LCC02100101A87Y0027455,NMC_21Ah,NMC_21Ah,70.0,29.724115,1.011161904761905,0.9722162
02LCC02100101A87Y0173907,NMC_21Ah,LMO_24Ah,55.9235,29.722527,1.006,0.8676848
02LCC02100101A87Y0177229,NMC_21Ah,NMC_21Ah,49.0491,29.72175,0.9903,1.0115739
02LCC02100101A87Y0175162,NMC_21Ah,NMC_21Ah,34.8354,29.067734,1.001404761904762,0.9251763
02LCC02100101A87Y0172641,NMC_21Ah,LMO_24Ah,21.8027,20.447348,1.004309523809524,0.91047174
A170530525010800027,LMO_24Ah,LMO_24Ah,75.0,10.096114,0.7957208333333333,0.8056991
A170528511010800104,LMO_24Ah,LMO_24Ah,41.9541,29.723747,0.7689125,0.88872766
A170526507010800030,LMO_24Ah,NMC_21Ah,46.7917,29.724333,0.7420833333333333,0.9433973
A170622616030800696,LMO_24Ah,LMO_24Ah,9.0996,15.9356,1.095941666666667,1.0671295
A170527511010800595,LMO_24Ah,NMC_21Ah,20.5001,15.503326,0.7606625,0.94205564
A170531525010801074,LMO_24Ah,LMO_24Ah,44.7967,29.723738,0.802275,0.8318591
A170529511010800411,LMO_24Ah,LMO_10Ah,7.6527,19.31938,0.6376916666666667,0.68203765
A170528511010802245,LMO_24Ah,NMC_21Ah,36.6803,29.723312,0.74125,0.8535969
A170525507010800198,LMO_24Ah,LMO_24Ah,44.4627,29.723516,0.825625,0.8359776
A170606528030800466,LMO_24Ah,LMO_24Ah,40.1289,29.612778,1.0524,1.1127696
A170529511010800365,LMO_24Ah,LMO_25Ah,31.8633,28.546364,0.7595833333333334,0.8546627
515092904916,LMO_25Ah,LMO_25Ah,27.7305,29.642897,0.629024,0.6700539
515092905212,LMO_25Ah,LMO_24Ah,50.482,29.723246,0.918516,0.7968896
515093002457,LMO_25Ah,LMO_25Ah,7.8938,19.285187,0.715284,0.6750257
516020603556,LMO_25Ah,LMO_25Ah,35.3767,29.723936,0.6442319999999999,0.7072136
515092904019,LMO_25Ah,LMO_25Ah,41.6439,29.723627,0.7791079999999999,0.7747788
515093000451,LMO_25Ah,NMC_21Ah,8.8585,16.141733,0.934832,1.0002085
515092901182,LMO_25Ah,LMO_25Ah,7.1704,20.24749,0.601472,0.71413565
515092904740,LMO_25Ah,LMO_25Ah,25.6641,28.520006,0.617416,0.62618965
515100100624,LMO_25Ah,LMO_25Ah,8.3761,18.771734,0.8321599999999999,0.7563408
515093001782,LMO_25Ah,NMC_21Ah,50.1002,29.723112,0.925024,0.9378851
515093002576,LMO_25Ah,LMO_25Ah,50.1557,29.72412,0.804024,0.824197
515093000724,LMO_25Ah,LMO_25Ah,38.8252,29.723806,0.7228279999999999,0.70026094
515093002348,LMO_25Ah,LMO_25Ah,21.1016,27.085135,0.782636,0.70063704
515092501338,LMO_25Ah,LMO_25Ah,32.339,28.537315,0.590388,0.5699684
515092901199,LMO_25Ah,LMO_25Ah,27.5501,29.723967,0.422888,0.5702576
515093000605,LMO_25Ah,LMO_25Ah,35.9961,29.719368,0.8718319999999999,0.9058519
515100102065,LMO_25Ah,LMO_25Ah,8.6173,17.231476,0.886136,0.8039312
515093002646,LMO_25Ah,LMO_25Ah,70.0083,29.723997,0.88878,0.90884405
515100101320,LMO_25Ah,LMO_25Ah,75.0,29.72325,0.795436,0.78917915
515092904410,LMO_25Ah,LMO_25Ah,44.4627,29.723417,0.84136,0.8076325
515093001367,LMO_25Ah,LMO_25Ah,44.7967,29.723932,0.7882760000000001,0.8020455
515093004000,LMO_25Ah,LMO_25Ah,41.9541,29.72391,0.746968,0.7601246
515100100526,LMO_25Ah,NMC_21Ah,22.2517,25.838936,0.872804,0.9879379
515092904584,LMO_25Ah,LMO_25Ah,50.0064,29.724287,0.7854439999999999,0.80812424
515092905201,LMO_25Ah,LMO_24Ah,53.6027,29.723288,0.944636,0.8871794
H27734091053,LMO_26Ah,LMO_26Ah,8.3761,19.389124,0.8388307692307693,0.9414758
H27735178005,LMO_26Ah,LMO_26Ah,53.3811,29.72416,0.8490000000000001,0.88578933
H27733490499,LMO_26Ah,LMO_26Ah,70.0083,29.723862,0.8877884615384615,0.8919453
H27734592855,LMO_26Ah,LMO_26Ah,22.2517,28.00472,0.8586153846153847,0.82227427
H27734492478,LMO_26Ah,LMO_26Ah,90.0,29.72248,0.9984076923076923,0.934114
H27733590292,LMO_26Ah,LMO_26Ah,38.0625,29.72225,0.9464884615384614,0.96057385
H27734676393,LMO_26Ah,LMO_26Ah,62.6027,29.72415,0.9604461538461538,1.0096292
H27735077206,LMO_26Ah,LMO_26Ah,71.0838,29.723839,0.9195923076923077,0.8781443
H27735176665,LMO_26Ah,LMO_26Ah,53.3246,29.72326,0.998203846153846,0.95549273
H27734291854,LMO_26Ah,LMO_26Ah,24.5519,27.925842,0.9923153846153846,0.9453435
H27734591085,LMO_26Ah,LMO_26Ah,42.3415,29.722845,0.9497769230769231,0.9151535
H27734491651,LMO_26Ah,LMO_26Ah,85.0,29.722628,0.9381923076923078,0.88423157
H27735076930,LMO_26Ah,LMO_26Ah,75.214,29.72396,0.9650538461538462,0.9125154
H27734691342,LMO_26Ah,LMO_26Ah,85.0,29.722403,0.9401923076923077,0.8786805
H27735177571,LMO_26Ah,LMO_26Ah,75.0,29.723068,0.8238038461538462,0.86939675
17号,LFP_35Ah,LFP_35Ah,40.8667,27.302404,0.8172685714285713,0.9200652
1号,LFP_35Ah,LFP_35Ah,41.452,26.643862,0.7431371428571428,0.91690207
34号,LFP_35Ah,LFP_35Ah,38.5265,26.334005,0.8159685714285715,0.9138277
36号,LFP_35Ah,LFP_35Ah,32.1026,25.36831,0.88972,0.9355261
37号,LFP_35Ah,LFP_35Ah,33.7731,25.7604,0.88372,0.92326146
53号,LFP_35Ah,LFP_35Ah,53.3916,28.833738,0.9176657142857142,0.893414
8号,LFP_35Ah,LFP_35Ah,29.7969,25.096987,0.7810742857142857,0.85553545
9号,LFP_35Ah,LFP_35Ah,19.3077,17.330027,0.7772285714285714,0.87892723
02HCB68111211Y87Y0002979,LFP_68Ah,LFP_68Ah,21.1016,18.13379,0.8426367647058823,0.79625505
02HCB68111211Y88D0000337,LFP_68Ah,LFP_68Ah,44.7967,27.533236,0.8511661764705882,0.793624
02HCB68111211Y88D0003997,LFP_68Ah,LFP_68Ah,18.1154,19.79904,0.6526647058823529,0.83464116
02HCB68111211Y87Y0011345,LFP_68Ah,LFP_68Ah,5.0,8.231194,0.8249632352941176,0.7891281
02HCB68111211Y87Y0015653,LFP_68Ah,LFP_68Ah,48.7083,27.505783,0.7779485294117647,0.80201083
02HCB68111211Y86L0000199,LFP_68Ah,LFP_68Ah,32.5404,26.479582,0.7060573529411764,0.79962295
02HCB68111211Y86X0004792,LFP_68Ah,LFP_68Ah,31.8633,26.400213,0.7697308823529412,0.79783624
02HCB68111211Y87Y0015365,LFP_68Ah,LFP_68Ah,60.1373,28.880066,0.8225014705882353,0.7988755
02HCB68111211Y86S0005042,LFP_68Ah,LFP_68Ah,41.9839,28.094038,0.6715102941176471,0.8065471
02HCB68111211Y88D0003294,LFP_68Ah,LFP_68Ah,46.8445,28.379591,0.8352544117647058,0.8028868
02HCB68111211Y88E0004340,LFP_68Ah,LFP_68Ah,44.1142,28.434967,0.8342852941176471,0.80036455
02HCB68111211Y87Y0013553,LFP_68Ah,LFP_68Ah,37.6917,27.074936,0.8047691176470588,0.8024268
02HCB68111211Y87Y0013903,LFP_68Ah,LFP_68Ah,39.9041,26.754148,0.8119000000000001,0.7945056
02HCB68111211Y87Y0009622,LFP_68Ah,LFP_68Ah,37.1305,26.7927,0.8424544117647059,0.7958769
02HCB68111211Y87Y0012947,LFP_68Ah,LFP_68Ah,39.5793,27.729383,0.8117617647058823,0.79747605
02HCB68111211Y87Y0003936,LFP_68Ah,LFP_68Ah,62.8233,28.885351,0.8382176470588236,0.81107116
02HCB68111211Y88D0005602,LFP_68Ah,LFP_68Ah,39.1172,26.34481,0.8460514705882353,0.7918985
02HCB68111211Y88E0004523,LFP_68Ah,LFP_68Ah,50.1764,28.521078,0.8356073529411765,0.79707927
02HCB68111211Y86V0003442,LFP_68Ah,LFP_68Ah,43.058,27.813662,0.6879132352941176,0.8074786
02HCB68111211Y86X0009373,LFP_68Ah,LFP_68Ah,18.8014,17.997023,0.7169970588235294,0.79582626
02HCB68111211Y88E0004411,LFP_68Ah,LFP_68Ah,59.1842,28.873367,0.8248588235294118,0.79666644
02HCB68111211Y87Y0004508,LFP_68Ah,LFP_68Ah,75.0,28.885172,0.8487455882352941,0.8068009
02HCB68111211Y86M0004883,LFP_68Ah,LFP_68Ah,39.1115,27.166265,0.7269970588235294,0.7947325
02HCB68111211Y86L0005694,LFP_68Ah,LFP_68Ah,52.0063,28.840612,0.6864426470588235,0.7966363
02HCB68111211Y88E0004333,LFP_68Ah,LFP_68Ah,29.431,25.709976,0.8231911764705881,0.79665405
02HCB68111211Y87Y0007299,LFP_68Ah,LMO_24Ah,38.262,26.021736,0.8386073529411765,0.79451555
PIP15829A00209415,LMO_10Ah,LMO_10Ah,38.8252,29.715141,0.67015,0.65492
PIP15D26A03261343,LMO_10Ah,LMO_10Ah,61.3405,29.714928,0.71626,0.77083606
PIP15D19A03280145,LMO_10Ah,LMO_26Ah,41.6439,29.715029,0.74285,0.85145265
PIP15D01A03241499,LMO_10Ah,LMO_26Ah,47.5273,29.715536,0.79292,0.8061237
PIP15N21A50200177,LMO_10Ah,LMO_10Ah,8.6173,5.005678,0.87622,0.8612675
PIP15D25A03219538,LMO_10Ah,LFP_68Ah,26.4669,28.77871,0.8858900000000001,0.91903496
PIP15N26A01201901,LMO_10Ah,LMO_25Ah,30.3575,19.997992,0.87909,0.86469036
PIP15828A00213703,LMO_10Ah,LMO_10Ah,38.6217,29.71554,0.59307,0.64748883
PIP15D01A03221296,LMO_10Ah,LMO_10Ah,58.0204,29.715906,0.87905,0.93522793
PIP15N15A03208398,LMO_10Ah,LMO_10Ah,63.7579,29.716105,0.88277,0.8843681
PIP15N15A03208683,LMO_10Ah,LMO_10Ah,53.3811,29.714674,0.8700699999999999,0.8849266
PIP15D25A03243702,LMO_10Ah,LMO_10Ah,8.8585,8.940703,0.8977299999999999,0.8963261
PIP15D26A03252860,LMO_10Ah,LMO_25Ah,50.482,29.713873,0.9214399999999999,0.93697375
PIP15D23A03282874,LMO_10Ah,LMO_25Ah,68.8352,29.716368,0.89416,0.90807825
PJP17601527003A007037,NMC_15Ah,NMC_15Ah,33.5103,29.714025,0.7527466666666667,0.80456996
PJP17930O01003A017268,NMC_15Ah,NMC_15Ah,52.0063,29.716614,0.75258,0.8106606
PJP17601527001A008674,NMC_15Ah,NMC_15Ah,35.3566,29.714407,0.7564933333333334,0.95776004
PJP17601529001A010983,NMC_15Ah,NMC_15Ah,19.9515,15.642788,0.7735933333333332,0.7829423
PJP17930O01001A011629,NMC_15Ah,NMC_15Ah,39.1115,29.715132,0.75428,0.9071763
PJP17601527001A008592,NMC_15Ah,NMC_15Ah,22.5881,15.722069,0.7639066666666667,0.7502851
PJP17601527002A007215,NMC_15Ah,NMC_15Ah,41.6439,29.71537,0.7767866666666666,0.8556791
PJP17601527003A007274,NMC_15Ah,NMC_15Ah,58.6931,29.71636,0.76566,0.81722856
PJP17601529001A003327,NMC_15Ah,NMC_15Ah,41.452,29.71564,0.7542866666666667,0.84366447
PJP17601529001A001010,NMC_15Ah,NMC_15Ah,41.3203,29.715498,0.7656533333333333,0.8511818
PJP17930O01001A006207,NMC_15Ah,NMC_15Ah,37.1093,29.714743,0.7581,0.88286275
PJP17601527001A008438,NMC_15Ah,NMC_15Ah,65.0,29.715445,0.7541066666666667,0.7791209
PJP17601527003A009662,NMC_15Ah,NMC_15Ah,34.8354,29.714132,0.7714599999999999,0.8299014
PJP17930O01003A016647,NMC_15Ah,NMC_15Ah,41.6497,29.715631,0.75896,0.84995943
PJP17530529002A000337,NMC_15Ah,NMC_15Ah,57.0066,29.716387,0.7549399999999999,0.81012446
PJP17601527003A009747,NMC_15Ah,NMC_15Ah,55.9235,29.716492,0.7671666666666667,0.81208825
PJP17601527001A012082,NMC_15Ah,NMC_15Ah,26.9765,19.495424,0.7630533333333334,0.7945257
PJP17930O01003A017730,NMC_15Ah,LMO_24Ah,8.3761,8.047833,0.7969666666666666,0.78468746
PJP17930O01003A018005,NMC_15Ah,NMC_15Ah,52.0704,29.716576,0.79294,0.8041783
02LCC02100101A87Y0026421,NMC_21Ah,NMC_21Ah,26.9765,24.723291,1.000052380952381,0.96386355
02LCC02100101A87Y0010168,NMC_21Ah,NMC_21Ah,34.3612,28.163874,1.0051,0.96921045
02LCC02100101A8BC0103482,NMC_21Ah,LMO_25Ah,8.135,18.300295,0.7755,0.79788756
02LCC02100101A87Y0074479,NMC_21Ah,NMC_21Ah,43.8556,29.70518,0.9881190476190476,0.9967289
02LCC02100101A87Y0020833,NMC_21Ah,NMC_21Ah,41.3203,29.663483,0.9979714285714285,1.0015635
02LCC02100101A87Y0027455,NMC_21Ah,NMC_21Ah,70.0,29.71633,1.011161904761905,0.942035
02LCC02100101A87Y0173907,NMC_21Ah,LMO_24Ah,55.9235,29.714762,1.006,0.84690684
02LCC02100101A87Y0177229,NMC_21Ah,NMC_21Ah,49.0491,29.710215,0.9903,1.0143123
02LCC02100101A87Y0175162,NMC_21Ah,LMO_24Ah,34.8354,28.4666,1.001404761904762,0.8867416
02LCC02100101A87Y0172641,NMC_21Ah,LMO_24Ah,21.8027,20.26318,1.004309523809524,0.9034028
A170530525010800027,LMO_24Ah,LMO_24Ah,75.0,8.568812,0.7957208333333333,0.80237293
A170528511010800104,LMO_24Ah,LMO_24Ah,41.9541,29.715963,0.7689125,0.8525932
A170526507010800030,LMO_24Ah,NMC_21Ah,46.7917,29.716543,0.7420833333333333,0.9412767
A170622616030800696,LMO_24Ah,LMO_24Ah,9.0996,15.488376,1.095941666666667,1.0712537
A170527511010800595,LMO_24Ah,NMC_21Ah,20.5001,15.503334,0.7606625,0.9157367
A170531525010801074,LMO_24Ah,LMO_24Ah,44.7967,29.715956,0.802275,0.8235967
A170529511010800411,LMO_24Ah,LMO_10Ah,7.6527,19.306608,0.6376916666666667,0.6860564
A170528511010802245,LMO_24Ah,NMC_21Ah,36.6803,29.715538,0.74125,0.86294746
A170525507010800198,LMO_24Ah,LMO_24Ah,44.4627,29.715746,0.825625,0.822308
A170606528030800466,LMO_24Ah,LMO_24Ah,40.1289,29.60499,1.0524,1.1083478
A170529511010800365,LMO_24Ah,LMO_25Ah,31.8633,28.51651,0.7595833333333334,0.86250275
515092904916,LMO_25Ah,LMO_25Ah,27.7305,28.62979,0.629024,0.65444195
515092905212,LMO_25Ah,LMO_24Ah,50.482,29.715485,0.918516,0.8112101
515093002457,LMO_25Ah,LMO_25Ah,7.8938,19.569319,0.715284,0.6983094
516020603556,LMO_25Ah,LMO_25Ah,35.3767,29.711485,0.6442319999999999,0.6856101
515092904019,LMO_25Ah,LMO_25Ah,41.6439,29.715818,0.7791079999999999,0.75805396
515093000451,LMO_25Ah,NMC_21Ah,8.8585,16.301182,0.934832,0.9762881
515092901182,LMO_25Ah,LMO_25Ah,7.1704,20.449572,0.601472,0.73514086
515092904740,LMO_25Ah,LMO_25Ah,25.6641,28.493395,0.617416,0.62800664
515100100624,LMO_25Ah,LMO_25Ah,8.3761,19.467508,0.8321599999999999,0.7665743
515093001782,LMO_25Ah,NMC_21Ah,50.1002,29.71533,0.925024,0.9515868
515093002576,LMO_25Ah,LMO_25Ah,50.1557,29.716303,0.804024,0.8209831
515093000724,LMO_25Ah,LMO_25Ah,38.8252,29.715986,0.7228279999999999,0.6946842
515093002348,LMO_25Ah,LMO_25Ah,21.1016,26.67526,0.782636,0.695028
515092501338,LMO_25Ah,LMO_25Ah,32.339,28.50834,0.590388,0.56306905
515092901199,LMO_25Ah,LMO_25Ah,27.5501,29.716196,0.422888,0.570849
515093000605,LMO_25Ah,LMO_25Ah,35.9961,29.705223,0.8718319999999999,0.90181947
515100102065,LMO_25Ah,LMO_25Ah,8.6173,17.206747,0.886136,0.82866067
515093002646,LMO_25Ah,LMO_25Ah,70.0083,29.716202,0.88878,0.9386025
515100101320,LMO_25Ah,LMO_25Ah,75.0,29.71566,0.795436,0.7806433
515092904410,LMO_25Ah,LMO_25Ah,44.4627,29.715622,0.84136,0.792599
515093001367,LMO_25Ah,LMO_25Ah,44.7967,29.716108,0.7882760000000001,0.83534193
515093004000,LMO_25Ah,LMO_25Ah,41.9541,29.716087,0.746968,0.7556458
515100100526,LMO_25Ah,NMC_21Ah,22.2517,25.548668,0.872804,1.0026153
515092904584,LMO_25Ah,LMO_25Ah,50.0064,29.716469,0.7854439999999999,0.80561876
515092905201,LMO_25Ah,NMC_21Ah,53.6027,29.71552,0.944636,0.941164
H27734091053,LMO_26Ah,LMO_26Ah,8.3761,19.521341,0.8388307692307693,0.9387639
H27735178005,LMO_26Ah,LMO_26Ah,53.3811,29.716331,0.8490000000000001,0.87938195
H27733490499,LMO_26Ah,LMO_26Ah,70.0083,29.716028,0.8877884615384615,0.89395547
H27734592855,LMO_26Ah,LMO_26Ah,22.2517,27.394196,0.8586153846153847,0.8166302
H27734492478,LMO_26Ah,LMO_26Ah,90.0,29.714785,0.9984076923076923,0.9266832
H27733590292,LMO_26Ah,LMO_26Ah,38.0625,29.714323,0.9464884615384614,0.9503231
H27734676393,LMO_26Ah,LMO_26Ah,62.6027,29.716333,0.9604461538461538,1.0111489
H27735077206,LMO_26Ah,LMO_26Ah,71.0838,29.715965,0.9195923076923077,0.8749175
H27735176665,LMO_26Ah,LMO_26Ah,53.3246,29.71547,0.998203846153846,0.95713013
H27734291854,LMO_26Ah,LMO_26Ah,24.5519,27.305845,0.9923153846153846,0.95335335
H27734591085,LMO_26Ah,LMO_26Ah,42.3415,29.714983,0.9497769230769231,0.9195504
H27734491651,LMO_26Ah,LMO_26Ah,85.0,29.714958,0.9381923076923078,0.86723614
H27735076930,LMO_26Ah,LMO_26Ah,75.214,29.71612,0.9650538461538462,0.92443424
H27734691342,LMO_26Ah,LMO_26Ah,85.0,29.714745,0.9401923076923077,0.85895795
H27735177571,LMO_26Ah,LMO_26Ah,75.0,29.715454,0.8238038461538462,0.85204095
17号,LFP_35Ah,LFP_35Ah,40.8667,26.84508,0.8172685714285713,0.90185326
1号,LFP_35Ah,LFP_35Ah,41.452,26.49671,0.7431371428571428,0.8966252
34号,LFP_35Ah,LFP_35Ah,38.5265,25.67742,0.8159685714285715,0.9137896
36号,LFP_35Ah,LFP_35Ah,32.1026,24.907587,0.88972,0.9231232
37号,LFP_35Ah,LFP_35Ah,33.7731,25.114603,0.88372,0.91761535
53号,LFP_35Ah,LFP_35Ah,53.3916,28.276285,0.9176657142857142,0.8658939
8号,LFP_35Ah,LFP_35Ah,29.7969,24.649668,0.7810742857142857,0.8816604
9号,LFP_35Ah,LFP_35Ah,19.3077,16.61239,0.7772285714285714,0.8674495
02HCB68111211Y87Y0002979,LFP_68Ah,LFP_68Ah,21.1016,18.494133,0.8426367647058823,0.7912422
02HCB68111211Y88D0000337,LFP_68Ah,LFP_68Ah,44.7967,27.543703,0.8511661764705882,0.79484564
02HCB68111211Y88D0003997,LFP_68Ah,LFP_68Ah,18.1154,19.811178,0.6526647058823529,0.79099303
02HCB68111211Y87Y0011345,LFP_68Ah,LFP_68Ah,5.0,8.447297,0.8249632352941176,0.7987128
02HCB68111211Y87Y0015653,LFP_68Ah,LFP_68Ah,48.7083,27.345993,0.7779485294117647,0.789994
02HCB68111211Y86L0000199,LFP_68Ah,LFP_68Ah,32.5404,26.488892,0.7060573529411764,0.80317664
02HCB68111211Y86X0004792,LFP_68Ah,LFP_68Ah,31.8633,25.894577,0.7697308823529412,0.8022032
02HCB68111211Y87Y0015365,LFP_68Ah,LFP_68Ah,60.1373,28.86421,0.8225014705882353,0.80400425
02HCB68111211Y86S0005042,LFP_68Ah,LFP_68Ah,41.9839,27.941118,0.6715102941176471,0.7944007
02HCB68111211Y88D0003294,LFP_68Ah,LFP_68Ah,46.8445,28.260239,0.8352544117647058,0.7956383
02HCB68111211Y88E0004340,LFP_68Ah,LFP_68Ah,44.1142,28.437868,0.8342852941176471,0.80218536
02HCB68111211Y87Y0013553,LFP_68Ah,LFP_68Ah,37.6917,27.072794,0.8047691176470588,0.8071851
02HCB68111211Y87Y0013903,LFP_68Ah,LFP_68Ah,39.9041,26.78132,0.8119000000000001,0.79622525
02HCB68111211Y87Y0009622,LFP_68Ah,LFP_68Ah,37.1305,26.41611,0.8424544117647059,0.7964893
02HCB68111211Y87Y0012947,LFP_68Ah,LFP_68Ah,39.5793,27.736893,0.8117617647058823,0.80242497
02HCB68111211Y87Y0003936,LFP_68Ah,LFP_68Ah,62.8233,28.870428,0.8382176470588236,0.83517903
02HCB68111211Y88D0005602,LFP_68Ah,LFP_68Ah,39.1172,26.47371,0.8460514705882353,0.7937637
02HCB68111211Y88E0004523,LFP_68Ah,LFP_68Ah,50.1764,28.525862,0.8356073529411765,0.79712343
02HCB68111211Y86V0003442,LFP_68Ah,LFP_68Ah,43.058,27.615784,0.6879132352941176,0.79071045
02HCB68111211Y86X0009373,LFP_68Ah,LFP_68Ah,18.8014,17.985209,0.7169970588235294,0.7982479
02HCB68111211Y88E0004411,LFP_68Ah,LFP_68Ah,59.1842,28.839113,0.8248588235294118,0.80975455
02HCB68111211Y87Y0004508,LFP_68Ah,LFP_68Ah,75.0,28.870369,0.8487455882352941,0.80343753
02HCB68111211Y86M0004883,LFP_68Ah,LFP_68Ah,39.1115,27.120409,0.7269970588235294,0.7971022
02HCB68111211Y86L0005694,LFP_68Ah,LFP_68Ah,52.0063,28.839907,0.6864426470588235,0.7899402
02HCB68111211Y88E0004333,LFP_68Ah,LFP_68Ah,29.431,25.383268,0.8231911764705881,0.79593545
02HCB68111211Y87Y0007299,LFP_68Ah,LMO_24Ah,38.262,25.82504,0.8386073529411765,0.79223543
