stage,epoch,train_loss,train_cls_acc,train_soc_rmse,train_soc_mae,train_soc_mape,train_soc_medape,train_soh_rmse,train_soh_mae,train_soh_mape,train_soh_medape,train_score,val_loss,val_cls_acc,val_soc_rmse,val_soc_mae,val_soc_mape,val_soc_medape,val_soh_rmse,val_soh_mae,val_soh_mape,val_soh_medape,val_soc_rmse_raw,val_soc_mae_raw,val_soc_mape_raw,val_soc_medape_raw,val_soh_rmse_raw,val_soh_mae_raw,val_soh_mape_raw,val_soh_medape_raw,val_score,test_loss,test_cls_acc,test_soc_rmse,test_soc_mae,test_soc_mape,test_soc_medape,test_soh_rmse,test_soh_mae,test_soh_mape,test_soh_medape,test_soc_rmse_raw,test_soc_mae_raw,test_soc_mape_raw,test_soc_medape_raw,test_soh_rmse_raw,test_soh_mae_raw,test_soh_mape_raw,test_soh_medape_raw,test_score,score,best_score_so_far
stage2_soh,0,1.3004293611921558,0.9559923720111486,0.2054379200814741,0.12714290022334987,245.3992441390632,10.638481575424393,0.9800868952917472,0.7416855418869237,224.73571372681522,90.19594722092947,-0.9800868952917472,1.1326847076416016,0.9607843137254902,0.30730580187776446,0.196805455338429,100.90888396479636,25.664683733271954,0.9907975868673073,0.7752084798526531,168.02429864584985,87.69407313267877,6.838749904327613,4.379687206173176,11.146460638110828,5.709571831231897,0.10514254684095296,0.08226442513058664,10.274493088449715,7.717941362660374,-0.9907975868673073,0.9899269342422485,0.9140625,0.32846333118848253,0.17199892002645356,66.49375198046035,16.802946526507466,0.8548960833251389,0.6566793205929571,200.0262229139235,91.5374092069363,7.309587261336036,3.8276452663371314,9.777486947239467,5.227866691979189,0.09072080178289597,0.06968621758883735,8.829587489953063,6.264433961133695,-0.8548960833251389,-0.9907975868673073,-0.9907975868673073
stage2_soh,1,0.8108981116629074,0.9577526771307027,0.20744031891066683,0.1268359556137992,246.45830369503474,10.49653318081726,0.8496437373089,0.6390220015940241,210.50564680305075,76.66144556112947,-0.8496437373089,0.9537212252616882,0.9607843137254902,0.2880983928569924,0.1914771293819535,99.61791859235514,23.00314478153588,0.8359677675145389,0.6657371731000203,131.66942965629678,71.5370141770716,6.411310312232195,4.26111121963984,12.150082520693886,5.46879888296615,0.08871214597053287,0.07064742873239042,8.796245462013188,7.1177646035089595,-0.8359677675145389,0.7618268728256226,0.9140625,0.33227357267964536,0.17172440065951378,74.26321957911556,14.000649479410736,0.7811404632600677,0.6174160432055942,254.12536724281173,92.02113394264032,7.3943799612262895,3.821536142191332,9.432343523550589,4.542218773917414,0.08289392186285653,0.06551963398331732,8.238295767987868,6.076251882665348,-0.7811404632600677,-0.8359677675145389,-0.8359677675145389
stage2_soh,2,0.7185211207827498,0.9573126008508142,0.20513854070286824,0.1256681510164773,251.26379589350393,10.26080970191026,0.7898514851494068,0.5992239562685135,211.14593506000912,72.57534465234902,-0.7898514851494068,0.8324136734008789,0.9607843137254902,0.2867044697155644,0.1857663351750257,86.94620887353288,25.50950329094154,0.8407213724671807,0.6636929961250109,159.33711549034658,71.06329503742668,6.380290098191875,4.134023826243354,11.18972729624401,5.2220575520077,0.08921659424333983,0.07043050251436671,8.597168347709122,7.341658029319048,-0.8407213724671807,0.7790286540985107,0.9140625,0.33019500799046564,0.17434706863605243,90.5753815960189,17.04638635162563,0.7842101067241258,0.6167378350291983,288.1534307509689,90.42815505155141,7.348123808617363,3.8799007102015746,9.655937759383939,5.575626388872321,0.08321966966037109,0.06544766314295619,8.124359505456795,6.611575397423392,-0.7842101067241258,-0.8407213724671807,-0.8359677675145389
stage2_soh,3,0.6261011273154105,0.9559923720111486,0.20876004749084828,0.1287234124250205,253.49008519313145,10.684653283133999,0.7691852548560499,0.5743824650775448,204.7976567074304,68.19891628576788,-0.7691852548560499,1.3699945211410522,0.9607843137254902,0.30531876488274634,0.20190349473234484,93.0306568138767,29.71171212305883,0.8393610153531159,0.6276730785475058,144.27014847909606,71.24569028493644,6.794530599073553,4.4931384205803395,12.080196044402841,6.346005580132015,0.08907223437258338,0.06660810132839441,8.781440355553405,5.563485342418684,-0.8393610153531159,0.8749352097511292,0.9140625,0.33119794005466524,0.1757594792452437,66.92478083616035,17.014466216608724,0.7889136635025606,0.5994543237247854,191.28929097361805,85.70537049555638,7.370442949734069,3.91133234233952,10.212506451320412,5.535535484911302,0.08371880686604323,0.0636135525022086,8.211494794459485,5.414431937538396,-0.7889136635025606,-0.8393610153531159,-0.8359677675145389
stage2_soh,4,0.5424251780405726,0.957165908757518,0.20564209504603093,0.12638281438480836,251.97052610027035,10.47055620562908,0.7392587790076619,0.5483032701628137,205.75915835072038,64.97829250385423,-0.7392587790076619,1.1361007690429688,0.9607843137254902,0.30125636223689617,0.20014305540597907,94.91606873132514,25.909964671203266,0.7632738583850098,0.5917311888918573,165.91939401307064,60.47926061907034,6.704126332262156,4.453961795208499,12.265353822598586,5.15195396961849,0.0809979338579764,0.06279398039515734,8.103742042556659,5.640796708324585,-0.7632738583850098,0.7121581435203552,0.9140625,0.3310576337029837,0.17354824394169555,74.27470755210909,15.1349613392093,0.7205596822449833,0.5673770151115605,230.77132864727503,79.43673030281401,7.367320587438025,3.8621237523025482,10.037427996032136,4.829789842915762,0.07646514398736795,0.060209537425767554,7.654370806315265,5.574930111789201,-0.7205596822449833,-0.7632738583850098,-0.7632738583850098
stage2_soh,5,0.5112005096692327,0.957165908757518,0.20699701191551328,0.12781913303615064,245.2525988366206,10.741373140994678,0.7119872322582477,0.524527963226216,209.00125506176542,61.54360290267105,-0.7119872322582477,1.142199158668518,0.9607843137254902,0.2933918915655546,0.19737343333077198,86.5684339484923,24.937380611356666,0.7070313070593797,0.5600692733172693,157.30057448044636,67.67929967259492,6.529111256976928,4.392326926663516,11.670957173482599,6.55045888779455,0.07502952500677303,0.05943404645355269,7.780024967210466,5.6737419184458755,-0.7070313070593797,0.7607041597366333,0.9140625,0.334599272363388,0.17833221616274386,70.34955243230444,16.89974164775484,0.7484890093330104,0.5590967098323745,230.88274226912182,82.0197832112387,7.446135829135404,3.968585749990485,10.178366590519023,5.570662855003428,0.07942897900323025,0.059330838893177376,7.695109318371774,5.050627284572718,-0.7484890093330104,-0.7070313070593797,-0.7070313070593797
stage2_soh,6,0.451023661593669,0.9561390641044448,0.2063260891166875,0.12683398463521894,250.97048588471972,10.556613036687489,0.6788436127818464,0.49807746128423813,205.9869011147908,58.28277586684567,-0.6788436127818464,0.7987737655639648,0.9607843137254902,0.31148693589333404,0.20421568578218713,104.15310287300761,23.329116119389422,0.6913077684521252,0.5118608139090094,117.07121469082736,54.30268580031549,6.931796406132127,4.544593668819311,12.649091255864406,5.33427979598368,0.07336095726253188,0.05431820819491352,6.995583106815787,4.627784030824494,-0.6913077684521252,0.7186233401298523,0.9140625,0.3435589188177169,0.18445003519991587,79.4344327710036,16.04949252622,0.7007352638489073,0.5373698395924293,236.5527103063318,76.00330159333802,7.645522827226389,4.104731029706992,10.925570964583576,5.524838391871629,0.07436139457635609,0.057025203007311336,7.25155643084214,4.9247529050021495,-0.7007352638489073,-0.6913077684521252,-0.6913077684521252
stage2_soh,7,0.39492152731614816,0.9562857561977409,0.20939143953289469,0.12725626059209588,252.0216885547204,10.503115026248992,0.6555848361777472,0.47758879607169835,203.97945894107787,54.85597503912397,-0.6555848361777472,0.7195551991462708,0.9607843137254902,0.29605385507089155,0.19536168592087194,85.4911918070217,22.38012282939049,0.6355912154174062,0.49030311664968146,136.66410099726983,49.25556577126382,6.588350303412792,4.347557718523224,11.800902675596113,5.542187265250393,0.06744836687583974,0.052030524793262756,6.541310432286551,5.0652728619293566,-0.6355912154174062,0.6581839919090271,0.9140625,0.3241696955963097,0.16920231560106913,87.48125286424053,17.166894124783347,0.645531926129896,0.5016312265506713,232.01123861766845,73.63749486970536,7.214037161677101,3.7654099355048576,9.853998439360218,4.94280293966931,0.06850326613636884,0.05323265360511241,6.720573561069668,5.021214604392977,-0.645531926129896,-0.6355912154174062,-0.6355912154174062
stage2_soh,8,0.3838314192113559,0.9556989878245563,0.20842595245942083,0.1274360653905241,252.49444676601985,10.68128927524033,0.6359905087044995,0.45974706756001593,191.449459072601,52.764673276524476,-0.6359905087044995,0.8171110153198242,0.9607843137254902,0.3005493880876616,0.19403631221868245,100.55827444951872,23.64355636056614,0.6672780923823798,0.48333938328512743,115.65592466254301,58.139988434715285,6.6883934064081805,4.318062996250941,11.629490030054889,4.884107134941147,0.07081094969769257,0.051291539685531996,6.731509611182996,4.1780094251296545,-0.6672780923823798,0.7378588914871216,0.9140625,0.3333947197515746,0.17715606593810662,68.42091475171918,16.907547198930033,0.660121972587491,0.48670414256775985,226.95781780621718,66.33964739332555,7.4193298462725314,3.9424118307638896,9.962036102966621,5.857078573154457,0.07005154871538646,0.051648604907704454,6.646411310988628,4.214212863574561,-0.660121972587491,-0.6672780923823798,-0.6355912154174062
stage2_soh,9,0.34784285106214063,0.9570192166642219,0.20660600370790938,0.12743076361455946,238.3839621514924,10.35833404088306,0.6149641447908005,0.4413069660788479,186.77065001460306,49.92316361799004,-0.6149641447908005,0.8865144848823547,0.9607843137254902,0.28740747917546255,0.19975313014697796,88.93712460358417,27.052733673216217,0.6344185531704878,0.4674515828818959,110.84323415462934,51.14415164782551,6.395934794280406,4.445284440887836,11.777408601776562,5.9816056593252,0.06732392501520192,0.04960554062756274,6.576108996761422,4.329544578655354,-0.6344185531704878,0.7350015640258789,0.9140625,0.3304659032997023,0.1731552203254978,64.02004347526567,16.194513902479656,0.6810273015520458,0.5060139427587274,237.6306198255969,71.8713720020468,7.35415228337705,3.8533774474776883,10.030237720149415,5.220213091280658,0.07227000338162258,0.05369774349865275,6.973660267458245,4.740333518187544,-0.6810273015520458,-0.6344185531704878,-0.6344185531704878
stage2_soh,10,0.2890313003478345,0.9565791403843333,0.20464670011252759,0.12658481333642221,250.67136729420253,10.58801216020917,0.5832112720653313,0.4157056894326315,184.14680106251828,47.16298053956693,-0.5832112720653313,0.8449448347091675,0.9607843137254902,0.2845566697265226,0.1891887730316204,83.50548507307204,23.983102758166588,0.5605016654322256,0.42080486565828323,111.12552905302455,47.46722287819376,6.332493190747163,4.210186386212412,11.520704716988577,5.207317398968044,0.05947993151504564,0.044655433041847326,5.681879864666004,3.506123124112686,-0.5605016654322256,0.7049597501754761,0.9140625,0.3249668194312395,0.16994364662059525,70.41768679064933,16.206511020070444,0.6062670354682421,0.46393370805162704,229.20426578923013,63.60729247350641,7.231776268835357,3.781907435414982,9.461482937269668,5.63998848415739,0.06433651133163522,0.04923222692148921,6.236547009409558,4.206088646874017,-0.6062670354682421,-0.5605016654322256,-0.5605016654322256
stage2_soh,11,0.27077734767647454,0.9564324482910371,0.20495834295572163,0.12565284006788593,240.4355747379344,10.48214249451866,0.5754334908916217,0.4114182142486712,189.2038725795428,46.359368130906205,-0.5754334908916217,0.9900883436203003,0.9607843137254902,0.3066010674770502,0.2006864943267668,92.48231271001265,26.54488576749096,0.6109103843385851,0.47538953175877824,149.2555551288495,47.4605357155155,6.823066821593696,4.46605542586837,11.16441826173909,6.495455958186431,0.0648292593283704,0.05044790860733101,6.394325471909168,4.508197607628118,-0.6109103843385851,0.7935203909873962,0.9140625,0.33094227335376025,0.17579325715814775,77.0199901539093,16.80250699768404,0.6142008146809672,0.4547387166603585,235.98412687780763,60.79796644578773,7.364753370768523,3.9120840323409114,9.886047720835208,5.512016837404808,0.06517843683040155,0.048256462723157464,6.172953147644828,3.9927478325273635,-0.6142008146809672,-0.6109103843385851,-0.5605016654322256
stage2_soh,12,0.24494436723807875,0.9570192166642219,0.2081317139574967,0.12713911560642358,256.2803106720529,10.542477675773817,0.5539648703286619,0.394242762570819,184.63873166858082,43.60654026484901,-0.5539648703286619,1.013420820236206,0.9607843137254902,0.29875446131854044,0.1996208268272526,99.11726709452874,23.36091692226091,0.669016518227794,0.48339790262866256,174.18328721429734,60.0556575677932,6.648449301234775,4.442340177194844,11.76099217866941,5.581118280575558,0.0709954298814392,0.05129774970552023,6.747420203001568,4.347313987629402,-0.669016518227794,0.8879798650741577,0.9140625,0.3293910488624671,0.17315803401834273,64.93253040426647,18.334745887831282,0.7275425285414777,0.517097185489547,239.50884502617998,63.38917351269844,7.330232589590298,3.8534400630923518,9.58200225831594,5.325754041032047,0.07720615734220837,0.054873887227120395,7.15527009714645,4.10253099453559,-0.7275425285414777,-0.669016518227794,-0.5605016654322256
stage2_soh,13,0.23061400414982097,0.9581927534105912,0.20624587151929852,0.12771709628032407,253.60307427236162,10.609801739605308,0.5443428387068117,0.38555648185745006,176.88405878286991,43.58149804420601,-0.5443428387068117,1.0791915655136108,0.9607843137254902,0.3086417337697779,0.20315386877194339,100.287751667081,29.28692761277713,0.6039082350598735,0.4365022380781524,138.56061631534715,46.977749901189455,6.868479587408341,4.520964108515381,12.368157048826246,7.067059803355276,0.06408619755845624,0.04632122405386866,6.127509784195397,3.7616345557953985,-0.6039082350598735,1.002568244934082,0.9140625,0.33380863237008684,0.17871082173769537,72.09211094236474,16.76984629609865,0.649807247649035,0.4660140222040354,249.03254608532367,61.90378708647849,7.428541012683822,3.977011197292998,10.171268173787197,5.412894727335281,0.0689569594023239,0.049452987984205436,6.358913500614775,4.009890471577413,-0.649807247649035,-0.6039082350598735,-0.5605016654322256
stage2_soh,14,0.16840118531384163,0.9570192166642219,0.20929583659831844,0.1272166012200239,246.15685150626254,10.466800595339576,0.5360380154016529,0.37132332555895586,182.65478692073623,41.10346581082617,-0.5360380154016529,0.9742360711097717,0.9607843137254902,0.28887726106097883,0.19394684184853936,101.50241901542674,27.3531912951078,0.5609028217712784,0.43563090531411125,132.59267882383062,49.35390280412901,6.428643160564214,4.316071932361103,11.663887171457795,5.800507403695885,0.05952250186415474,0.046228759006343746,6.032717666446707,4.660304931076474,-0.5609028217712784,0.8358506560325623,0.9140625,0.33260432308069304,0.17845752916946367,70.97464144059566,16.892817338908433,0.6095029223743679,0.4374393618563772,213.44933111609663,58.33846921970899,7.401740444691622,3.971374452017846,10.688160050016371,5.604113655463994,0.06467990073337478,0.04642067078451656,5.987779289638286,3.2922522851930123,-0.6095029223743679,-0.5609028217712784,-0.5605016654322256
stage2_soh,15,0.16594571118237983,0.9543787589848907,0.20770648155911436,0.12677377848762314,244.34036795652585,10.453720780201484,0.5241487081436195,0.36664144382305913,172.95285061386684,40.55578553443277,-0.5241487081436195,0.8988004922866821,0.9607843137254902,0.31238717126821913,0.20200532977925797,103.97166889735206,21.50725214504397,0.5714482014636935,0.4058388175406292,117.57257410260972,36.059804942402025,6.951830146290135,4.495404646642715,11.613225622015523,5.457407609836445,0.06064156805180168,0.04306724950558168,5.530445409538759,3.469656351445458,-0.5714482014636935,0.8614241480827332,0.9140625,0.3363175064977241,0.18272036445523554,75.32445293512353,17.042333793790966,0.5986254348356365,0.453234712149424,271.7080039541911,63.41628373188567,7.484373224752416,4.066239125006781,11.065340951005407,4.768668290900373,0.0635255915604295,0.04809685912012495,6.043140435624632,4.26667997054573,-0.5986254348356365,-0.5714482014636935,-0.5605016654322256
stage2_soh,16,0.18664053457344978,0.9587795217837759,0.20617019142651044,0.1271173907853051,249.33883579163538,10.710917707087656,0.5163265875470974,0.36277900791414286,177.50679670089735,40.38528411107353,-0.5163265875470974,1.068740963935852,0.9607843137254902,0.28572179891207894,0.18159681788700469,81.58620521356099,21.352765469308,0.587280966109711,0.46354800597855855,155.7427659334289,48.60754766741428,6.358421848968273,4.041235841830721,10.569510932126585,4.299191497240231,0.062321726764823095,0.04919129656515629,6.379634756089462,4.883154119913975,-0.587280966109711,1.111573576927185,0.9140625,0.3277958102643087,0.17402822928670503,66.6579592619348,16.933711349532707,0.6698381664233773,0.476901875816111,257.86694133177195,65.33779932949318,7.294732323263158,3.8728052939858,10.29776899531801,5.194494140907004,0.07108262244734367,0.050608397195510274,6.565025541335062,4.038316817689278,-0.6698381664233773,-0.587280966109711,-0.5605016654322256
stage2_soh,17,0.13834169915786704,0.9570192166642219,0.20552727066081167,0.1261726425154206,243.77081403767085,10.409837916544127,0.5049540423804318,0.3516808129811256,176.40883480197536,38.304087673644005,-0.5049540423804318,0.9149521589279175,0.9607843137254902,0.3047758028834956,0.2012865393988642,96.656233124212,20.309006222259022,0.5941123531502935,0.4459910944615509,113.92752200867268,45.10873422643437,6.782447581773717,4.479408763665196,11.886596455639914,5.86047557219275,0.0630466673999473,0.047328172940283506,6.03991928401022,4.5290279297270475,-0.5941123531502935,0.8451088070869446,0.9140625,0.3391193592579027,0.1814759860335471,69.22555278327346,17.792927362899942,0.5741172373854143,0.42979031212598784,245.11900009482008,55.30063478225422,7.546725351456595,4.03854686290086,10.393718490527492,5.884481331559028,0.06092480373801992,0.04560896052176845,5.772877220776179,3.972233457634754,-0.5741172373854143,-0.5941123531502935,-0.5605016654322256
stage2_soh,18,0.1232184931292673,0.9568725245709256,0.2080482897848012,0.1275323519410938,245.30095769473996,10.532765753342527,0.5104609894947872,0.35330559671529266,168.40592460034185,39.18182178601163,-0.5104609894947872,0.7633446455001831,0.9607843137254902,0.2815202274886788,0.18709159755677568,90.04008794409204,25.080703681307792,0.5134761979680899,0.4035680551702778,125.99284447965498,45.4640600672988,6.264920535311877,4.163516071202682,11.761830206187817,6.228361927524802,0.05448963129520087,0.04282627824964207,5.228427017163591,3.9121028465602765,-0.5134761979680899,0.9184548854827881,0.9140625,0.33221161323798526,0.17718898069688294,76.74295531528159,16.95328734272971,0.6234091617927794,0.4645675339415902,273.50813846388905,60.09987057632532,7.393001122547892,3.9431443122271643,10.01264648083588,5.424479348014945,0.0661556183257589,0.04929948795361907,6.066861370533522,4.096850324218494,-0.6234091617927794,-0.5134761979680899,-0.5134761979680899
stage2_soh,19,0.11318869026451844,0.9568725245709256,0.20960093745690603,0.1284340926943582,250.3241959725151,10.664488278673781,0.5037539579262553,0.34900480854481153,168.15226044347617,38.904123884555894,-0.5037539579262553,0.9119822978973389,0.9607843137254902,0.297572968297172,0.19555759528542266,101.929179751073,23.957918599686103,0.5971569149444053,0.4369495723980899,123.15827819435364,44.4304106294274,6.6221564839906,4.351917464222432,11.635624069983246,6.499485159844652,0.06336975355325505,0.0463686947686857,6.041455325831673,4.208206044920618,-0.5971569149444053,0.8844726085662842,0.9140625,0.33418786524540245,0.17449903602209815,70.96534642118644,15.639374771012589,0.6121577210472889,0.4520206604283885,252.78008078866077,50.70360111165513,7.4369804198604355,3.8832825758885576,10.168973622482982,5.500795351048088,0.06496162557558342,0.04796802504580115,6.039970637253758,4.210595205128968,-0.6121577210472889,-0.5971569149444053,-0.5134761979680899
stage2_soh,20,0.10104413482473798,0.9564324482910371,0.20649851991352428,0.12709430391810483,254.85257304889123,10.431342206258028,0.49079485702936176,0.3399919861968204,167.66901417858725,36.91536011850848,-0.49079485702936176,1.0672792196273804,0.9607843137254902,0.30779523017945853,0.20186151911084557,95.57198498079524,21.514942374476824,0.5577250033653216,0.4436874402431296,163.1331100763606,42.59551410291396,6.849641588542272,4.492204299663137,12.01890754804516,6.145276399142703,0.0591852746393118,0.04708371123107452,6.073612440568463,4.519396306234722,-0.5577250033653216,1.0810625553131104,0.9140625,0.3298322936590028,0.1772264623632509,71.38318364603614,17.260642543160714,0.6159680366746139,0.46010600431327475,263.3470310124544,59.69304978623167,7.340052003319731,3.9439784251554655,9.77652788766634,5.823930383643619,0.06536597283544253,0.04882603445096102,6.180158513770253,4.459738725023242,-0.6159680366746139,-0.5577250033653216,-0.5134761979680899
stage2_soh,21,0.06545721761061506,0.9567258324776294,0.2052512762325522,0.12654642560779536,244.04534480789087,10.790974735086595,0.4774261573483454,0.3286425686490954,163.98391221555445,36.01558425812817,-0.4774261573483454,1.511007308959961,0.9607843137254902,0.2957529902716553,0.19656924958176472,96.67140029542021,26.658042744456793,0.6297947582983374,0.47264431581339417,134.42522658323395,51.0889553686478,6.581654890880971,4.374430708944944,11.737554752464456,5.079389455206001,0.06683325207112951,0.05015658876566822,6.549164694929121,4.634626610423388,-0.6297947582983374,1.3159148693084717,0.9140625,0.32870665202924915,0.17232664754737925,61.23747863989696,16.27774065101234,0.6107983701544041,0.43311228875245433,222.46450553244097,56.24138664880624,7.315002096872321,3.834938478956878,9.651457059777606,5.696349643492455,0.06481737248411158,0.045961485687031685,5.916369232701574,3.678426600964164,-0.6107983701544041,-0.6297947582983374,-0.5134761979680899
stage2_soh,22,0.08335761143474157,0.9586328296904797,0.20691407218912983,0.12647815613519825,248.66850100431765,10.423310800249366,0.4760520006005551,0.33161943942992606,167.08362175804118,36.65623400141105,-0.4760520006005551,0.8385857939720154,0.9607843137254902,0.3054451333018424,0.19582921569692155,92.28751924753927,22.395267686034067,0.5417226655274745,0.41671768183290375,118.32313727728246,43.49553244703862,6.797342788133192,4.357962075329028,11.49697414055889,6.155482380436285,0.057487120972022014,0.04422170477837195,5.634773425097548,3.7968808982707096,-0.5417226655274745,0.8011437058448792,0.9140625,0.3351219152471214,0.17617492762474285,75.8779160417518,16.76461674470207,0.5728321023924452,0.4150187955456204,219.13577890992747,56.07927945430488,7.457766667047638,3.9205776854088428,10.173902598114513,4.836738191273237,0.060788426370951006,0.04404142049689433,5.580387755551633,4.093633674016191,-0.5728321023924452,-0.5417226655274745,-0.5134761979680899
stage2_soh,23,0.057492463731583884,0.957165908757518,0.2052536693003701,0.12710824531989517,240.70196418116123,10.69777317901474,0.47156954203703544,0.32476559539611205,154.75763386562957,35.31252525865936,-0.47156954203703544,1.1936678886413574,0.9607843137254902,0.29532637847512155,0.1919657742495046,94.16258753738705,20.664525386609462,0.6030765095904509,0.46359349856627924,167.95546103416902,45.72846746611553,6.572161118342663,4.271985469396259,12.04960600605474,5.311854401014355,0.06399793560133535,0.049196124197559477,6.357761010459898,4.315266989783381,-0.6030765095904509,1.0800323486328125,0.9140625,0.3361523942004286,0.18432069291702646,75.1152942325284,19.566951899087954,0.6211435749376466,0.44689589666813845,272.71530446533455,53.32212448502452,7.480698833639612,4.101852660605821,10.251100560481564,5.3271774676755665,0.06591519629082924,0.04742418973488302,6.032896656951053,4.193305219390812,-0.6211435749376466,-0.6030765095904509,-0.5134761979680899
stage2_soh,24,0.03851377171637359,0.9549655273580754,0.20737273946300716,0.12667296168390152,242.3125356159638,10.403281259966217,0.46629056629862714,0.31948963996351915,155.48020574038995,34.593877864054626,-0.46629056629862714,1.0559585094451904,0.9607843137254902,0.29933096063881565,0.2036832041819306,91.79893188455642,29.588061228242236,0.5418199171454083,0.42397028510915297,163.02913746931065,42.804854943518095,6.6612786544304745,4.5327438811792495,12.920566248323555,7.6393420202140945,0.05749744122605725,0.04499134450075252,5.744858481942582,4.476635006091887,-0.5418199171454083,0.9373379945755005,0.9140625,0.3307770023705096,0.17767523355541925,69.11815849632174,17.983387348329444,0.6055386640165366,0.4464922502011177,320.78696523085426,56.265827061691866,7.3610754482757255,3.9539653304750306,9.962511588991333,5.468604180412041,0.064259217209714,0.04738135513563848,5.92369450165188,4.021591249868637,-0.6055386640165366,-0.5418199171454083,-0.5134761979680899
stage2_soh,25,0.025504632903588394,0.9561390641044448,0.20726971880612718,0.12713251283020163,254.2101508495625,10.767090588142665,0.4569543546063143,0.3134200619732437,154.69885878371602,33.91294677986695,-0.4569543546063143,1.6057111024856567,0.9607843137254902,0.30708958438836365,0.1984199315820839,93.45120532986478,23.334194521129966,0.578483524327254,0.42440876127311994,109.76589608121257,47.10794134974962,6.833938223825912,4.415615584971652,11.608658914337799,6.0475804828058015,0.06138815017263826,0.04503787519604248,5.969042852526688,4.143654716924708,-0.578483524327254,1.4478007555007935,0.9140625,0.3322402225726812,0.17570897106088523,64.10117688263134,17.865585369601177,0.596672701161714,0.42470742211298784,206.9978455937443,47.70641719592406,7.3936377915717735,3.910208338696118,9.76372224752217,4.901155689560578,0.06331836922309272,0.045069568815164676,5.812132214421904,3.731887811943868,-0.596672701161714,-0.578483524327254,-0.5134761979680899
stage2_soh,26,-0.0005713077528448386,0.9568725245709256,0.20769885015698616,0.12855384891193694,255.9861438090481,10.94279105534076,0.45168484068761766,0.3104437558349696,150.14346513123635,33.64281551167487,-0.45168484068761766,1.120985746383667,0.9607843137254902,0.3020458038763072,0.19225716894017716,101.15627741787748,22.347766110927775,0.5874277882666432,0.4487589763513967,117.47843765491689,48.68627600220874,6.721694480676558,4.278470135161702,11.809428199411446,4.906751480991159,0.062337307399775325,0.047621898071542136,6.088484372486637,3.8752249727055257,-0.5874277882666432,0.9324567914009094,0.9140625,0.32633475260696626,0.17430304417757725,70.93349715781143,16.644796038826925,0.536442084190391,0.38272540923935594,198.82825802947832,51.57864746428595,7.262218105004622,3.878920994689061,9.770106939501353,5.299471817498725,0.05692675044029995,0.04061447545043437,5.064796556831658,3.0331437685418985,-0.536442084190391,-0.5874277882666432,-0.5134761979680899
stage2_soh,27,-0.009881567352587864,0.9581927534105912,0.20818619280752718,0.12794752641497253,254.0794299468422,10.669830641175537,0.454735215282875,0.30927957474041357,158.1814812856994,33.78904279900069,-0.454735215282875,1.0671526193618774,0.9607843137254902,0.3007702652658705,0.20300496716563607,99.00910391848382,25.287863878427245,0.5887594354756336,0.4421877851892336,141.92185343176766,46.07203298049849,6.693308783118004,4.517650468357383,12.034994895930755,6.775318309804083,0.06247862060128361,0.04692456918850246,6.02990505503737,3.851996063715389,-0.5887594354756336,0.8882380127906799,0.9140625,0.334985123504698,0.17613930797415378,79.40843489096277,15.187273651264688,0.6448826495649963,0.4467950884209131,285.2823139211612,51.455100226371464,7.454722518483912,3.919785009577244,9.97448397277088,4.994634973304883,0.06843436549254153,0.047413492054553225,6.011447905929277,3.76474398395108,-0.6448826495649963,-0.5887594354756336,-0.5134761979680899
stage2_soh,28,0.000273965352683608,0.9554056036379639,0.20787666438653238,0.12759064531319353,258.14469568837205,10.420815941440912,0.45382693118221673,0.3072641514567119,152.5131130759774,32.01135014800751,-0.45382693118221673,1.3696743249893188,0.9607843137254902,0.3022543294645062,0.18718897036331542,96.17969623999339,24.955090402011546,0.5790793020019153,0.4402724843764422,143.24206393710278,43.8128544453185,6.726334986445181,4.165682995052927,11.118576295767639,4.955094266814882,0.06145137356245588,0.046721319192647964,6.044623383452198,4.219036613331855,-0.5790793020019153,1.1174389123916626,0.9140625,0.32023882743082327,0.17325776684992888,98.56956335125746,17.65905101793016,0.5701576315322546,0.42066810909454944,269.1199529619443,48.94970123235552,7.126560048891129,3.855659506683396,9.69928345412173,5.727309143403318,0.06050461393396127,0.044640920558572474,5.64390126152486,3.9906671548645263,-0.5701576315322546,-0.5790793020019153,-0.5134761979680899
stage2_soh,29,-0.0058617395565659135,0.957165908757518,0.20653241288395782,0.12738854229676738,252.66414274738202,10.560041806317807,0.4397383321299148,0.30342128503040566,157.6604051549597,33.28241334402588,-0.4397383321299148,1.1146341562271118,0.9607843137254902,0.2970922830102669,0.19926816878803805,93.53738957922698,25.14064370781458,0.5529150656475549,0.43602469981666286,135.90451908021367,38.86640482037777,6.611459365876502,4.4344921635315755,12.10829828204229,6.453483894268179,0.058674848384246574,0.046270548123999104,5.902576194415177,4.563477347553766,-0.5529150656475549,0.9513320326805115,0.9140625,0.33528830632590134,0.18117247013105953,74.94157250039339,18.568941946466815,0.5603015464335218,0.4062526447814889,223.3583080649009,53.07069868239391,7.4614695160245645,4.031792453005519,10.423092072576091,5.218029155440941,0.0594586950672849,0.04311116447936934,5.469141265989556,3.6259609338512853,-0.5603015464335218,-0.5529150656475549,-0.5134761979680899
stage2_soh,30,-0.039753298660571125,0.9561390641044448,0.20783562624272087,0.1270185916357232,248.36807341951877,10.69426275093973,0.44149436206119796,0.3008509764270342,151.9656092280156,32.96708171294549,-0.44149436206119796,1.0514436960220337,0.9607843137254902,0.30866898020803024,0.2019449428235199,97.16040533642516,27.950417328898897,0.5593849011359966,0.3985722154451936,114.29803668081169,34.832968163812254,6.869085926682942,4.4940608018950625,12.520036543941822,5.367640280801996,0.05936142149455012,0.04229612424112721,5.448435108619324,3.4989742512481588,-0.5593849011359966,0.973039984703064,0.9140625,0.3276173798028657,0.173765662659207,64.22017665786643,17.199533287409025,0.5865484616210063,0.4125288571449346,188.14936384873988,59.758478017308086,7.290761551173383,3.8669621648040216,9.825990036351172,5.6805190479138865,0.06224399404874093,0.043777190478174834,5.496854161540546,3.75368799335946,-0.5865484616210063,-0.5593849011359966,-0.5134761979680899
stage2_soh,31,-0.03498597932085712,0.9559923720111486,0.20899022820309981,0.12790260950250404,249.81395526697676,10.450390448422535,0.43541733997095555,0.2973820126912062,150.00306957263462,32.14805365133589,-0.43541733997095555,1.3067013025283813,0.9607843137254902,0.3045058068911941,0.2050312634411396,101.46842405274808,27.24674908318195,0.5986217835676967,0.4367678169088036,100.9122506676316,42.03479469760411,6.776439120315332,4.562743445371044,11.705688908030032,6.603561250596006,0.0635252040911669,0.04634940703999199,5.954291149240735,3.576915466607935,-0.5986217835676967,1.0036715269088745,0.9140625,0.33402947184634324,0.17732885031909973,64.48996377165939,14.76040140696361,0.5603554015112345,0.38519404503676924,211.08456427910227,39.0994868453944,7.433455550378494,3.946256955593183,10.145155726910144,5.178891206562405,0.05946441011958831,0.04087644485609619,5.228978790111935,3.113960029107157,-0.5603554015112345,-0.5986217835676967,-0.5134761979680899
stage2_soh,32,-0.042926689399220785,0.9555522957312601,0.2055183334456085,0.12674842872310557,242.67654824946956,10.802795504312334,0.42883120885559783,0.2920450455602299,151.27682576760506,31.436869809156427,-0.42883120885559783,1.1854050159454346,0.9607843137254902,0.2839054597670048,0.1950887081888961,100.15811134765958,28.66633197884164,0.5560707713947427,0.41062950894382655,112.92183727778665,37.13635636444416,6.318001235108392,4.341482901754304,11.757562622723645,6.944441682578607,0.059009729033672687,0.043575633359092904,5.652873068487785,3.685318738488962,-0.5560707713947427,1.0871728658676147,0.9140625,0.328042474250795,0.17268714688361797,63.66711186324663,16.131775336127074,0.5734519285143007,0.39941788016585633,202.26418798224637,53.409197165612774,7.300221556800817,3.8429609919916072,9.74114065762242,5.469435925420833,0.060854201760308264,0.04238586541902527,5.449549531997484,3.2968687155700414,-0.5734519285143007,-0.5560707713947427,-0.5134761979680899
stage2_soh,33,-0.02665058955456201,0.9548188352647792,0.20693358055141256,0.1285556906903783,258.4530045484398,10.705632197201751,0.4377261891432618,0.2981685046837481,151.57242773313797,31.967185274859105,-0.4377261891432618,1.1479123830795288,0.9607843137254902,0.30777774075344744,0.20247039049133367,103.56266165678147,29.152771497134562,0.5864990346801736,0.41624736935630735,127.86778334039109,36.15669373754419,6.849252380757292,4.505754057167281,12.63179897267427,6.5261287003713075,0.06223874890633187,0.044171795642282144,5.71813723047102,3.518940093743557,-0.5864990346801736,1.0698508024215698,0.9140625,0.3307721414188737,0.1761906458687008,66.79157516678767,16.26837568125581,0.5660254695105801,0.401903836238489,231.9841281086508,54.21254147645216,7.3609672731865095,3.920927477500976,10.001242949327917,5.160640990078024,0.06006611262483715,0.04264967283668135,5.343979481755493,3.3210911610466094,-0.5660254695105801,-0.5864990346801736,-0.5134761979680899
stage2_soh,34,-0.06297113432402622,0.9570192166642219,0.2081579685026241,0.12726329154527183,244.12346820699514,10.676081428563112,0.4226588734421409,0.28681191749358736,148.92436064063892,30.598220690471063,-0.4226588734421409,1.1745346784591675,0.9607843137254902,0.2991706415105789,0.21731730240086714,107.0589492165852,27.337966407738218,0.5716190088358284,0.4273034976977928,122.25339500706278,41.35193830423774,6.657710929980785,4.836155620627738,12.674028973822423,8.177514709403809,0.06065969397617164,0.0453450620161938,5.74090108776003,3.6676565428195804,-0.5716190088358284,0.9681126475334167,0.9140625,0.3249499571509925,0.17547952063432604,64.96131143161423,15.883224027954718,0.5847985696387956,0.42207792514091125,244.01538151429,52.19972965834985,7.231401017484028,3.9051021738495986,10.16151007720881,5.162094472679758,0.062058297088892725,0.044790528966643386,5.583260316348996,4.036585462633301,-0.5847985696387956,-0.5716190088358284,-0.5134761979680899
stage2_soh,35,-0.06823825381736663,0.9576059850374065,0.2086016166379093,0.12725801836666187,241.3683050952835,10.633480512493476,0.4277390640457094,0.29018945529726614,157.21922811579614,29.866814008912467,-0.4277390640457094,1.5831936597824097,0.9607843137254902,0.30536207842578067,0.19702288449979297,101.70226413784111,29.057985829237488,0.6559074644499845,0.5052972975387877,174.5796734108485,45.702024833996234,6.795494493951138,4.384525851091006,11.297284394153237,5.486830102742167,0.06960430891067478,0.053621693753876834,6.986079586758358,5.269001346074849,-0.6559074644499845,1.4347727298736572,0.9140625,0.32995546693857314,0.17812178590793337,100.35621119275623,17.65475693127349,0.6040818361337607,0.43624850716878427,273.6477762957335,42.23260216015291,7.342793088091741,3.963902857978166,10.675722672716004,5.8045269550106315,0.06410461994793798,0.04629429835847251,5.933091654228733,3.8942800053611766,-0.6040818361337607,-0.6559074644499845,-0.5134761979680899
stage2_soh,36,-0.0552386885884047,0.9562857561977409,0.2073245175551048,0.12755065836462928,249.82323554639734,10.620599139884037,0.42370881243887054,0.28679450050667715,140.8553657055311,31.019992220338445,-0.42370881243887054,1.6129310131072998,0.9607843137254902,0.31461871864793767,0.2047403070199139,99.31977460172133,23.31840694691288,0.583739243714444,0.42566885868562204,129.99785547023333,39.711884334493256,7.00149075906185,4.556268532806223,12.41348175263,5.463122255618014,0.061945882376647485,0.0451715955976404,5.9006773097868255,3.8097817091796187,-0.583739243714444,1.5071511268615723,0.9140625,0.33278070915541,0.17495747720204236,67.46865542971904,16.571648858723602,0.6177964337603422,0.43101421140454477,221.91272108339854,47.79308290603519,7.405665721221461,3.8934846760647543,9.931007836996573,5.598966661788907,0.06556000068611371,0.04573883961002012,5.867840465211997,3.427951665221924,-0.6177964337603422,-0.583739243714444,-0.5134761979680899
stage2_soh,37,-0.09585490112380232,0.9567258324776294,0.20884067653675592,0.12804622476121547,247.1894788110851,10.644880659505116,0.4190848524703378,0.2830586365380516,147.93275113302616,30.395011158234393,-0.4190848524703378,1.1265872716903687,0.9607843137254902,0.30560107841388534,0.2071960877773224,112.14507485016554,26.4462721231065,0.5461743563707224,0.4066362466809212,135.94743779298983,39.22355534882536,6.800813173702053,4.610919210786125,12.226129786613642,6.656889217551407,0.057959530391677096,0.043151871967169006,5.405715701600111,3.5886371041104446,-0.5461743563707224,1.1590979099273682,0.9140625,0.34027721223276053,0.18337925639025343,70.3373547767537,17.916504614043426,0.5733027697393994,0.4082495537950308,239.50610504589548,50.188707558051156,7.572492085675896,4.080902034493137,10.433335488980244,5.5904312599379145,0.06083837316556331,0.043323074663928124,5.388089674004306,3.808532209499017,-0.5733027697393994,-0.5461743563707224,-0.5134761979680899
stage2_soh,38,-0.0776880207987008,0.958046061317295,0.20628812693191917,0.12686218577187774,250.8658096248738,10.4709458632636,0.4195737568397051,0.28331329055402077,138.32999013340137,30.559481564833487,-0.4195737568397051,1.1324570178985596,0.9607843137254902,0.30552254617495295,0.20888581853725163,106.86588830423545,24.672508686712696,0.5522815682386524,0.41198126208402364,158.36985417401016,37.519604347329015,6.79906552579497,4.648522295408009,12.443604882868211,6.375715793137922,0.0586076222102308,0.04371908018389792,5.458558371295397,4.040215450684241,-0.5522815682386524,1.181052565574646,0.9140625,0.3343191165098645,0.17805185935321788,64.26606054028217,17.837098682073243,0.5622365916751862,0.42502071487979265,267.2523739432582,47.98449127690794,7.439901271229976,3.962346720032027,9.879906640978492,5.507981770748334,0.05966404032413433,0.04510281516118461,5.6228036190638315,4.240546311778494,-0.5622365916751862,-0.5522815682386524,-0.5134761979680899
stage2_soh,39,-0.07284838860100104,0.9577526771307027,0.207050788555232,0.1270457607188758,241.15894493075743,10.423848137843644,0.4169531249942783,0.28401739378170804,146.13703840334443,30.422787914452048,-0.4169531249942783,1.2539559602737427,0.9607843137254902,0.30163061615121917,0.20435689696494272,103.93277682105803,25.779320950504527,0.5719278462296773,0.41740266396207554,118.75190075374746,35.308640983593385,6.7124549381821605,4.547736167127702,11.563641719071127,7.616698702421557,0.06069246752202943,0.04429439446449582,5.792520313847672,3.8271281514052813,-0.5719278462296773,1.1725456714630127,0.9140625,0.3295011789319805,0.1757077377751557,67.80920327009306,16.610630643533632,0.6162656853388354,0.43273629531176994,195.38292831351112,53.01824279018987,7.332683412183773,3.9101808932895774,9.935303864443615,5.423152201462011,0.0653975590433975,0.045921585602016285,5.843660474875653,3.75823621485244,-0.6162656853388354,-0.5719278462296773,-0.5134761979680899
stage2_soh,40,-0.1111091241378212,0.9556989878245563,0.20872401754863756,0.12748904556583285,249.26927957653902,10.4945140595959,0.4111655183459946,0.27551513327906163,139.9946869914247,28.748969523214722,-0.4111655183459946,1.3281538486480713,0.9607843137254902,0.285553183980572,0.18607545888745317,93.79603277625819,23.89563052343668,0.5223672903861494,0.39844136345474157,131.95407924246615,44.54957707127137,6.354669510614538,4.140903031731409,11.227069297966507,5.182846336392896,0.055433146008421766,0.042282238345846795,5.372920665769932,3.9018609217363007,-0.5223672903861494,1.2700119018554688,0.9140625,0.338581838695925,0.1808649553622672,98.35159762066344,16.637461708544542,0.5693095070185332,0.41055565817077877,209.8473757510044,54.515683036985806,7.534763427310231,4.024949052774194,10.352708890018437,5.6062687834299645,0.06041461172504102,0.04356779638162411,5.446030427461103,3.51345664513474,-0.5693095070185332,-0.5223672903861494,-0.5134761979680899
stage2_soh,41,-0.08891848781748184,0.9561390641044448,0.20703454249956818,0.1273175795646995,249.74132462035,10.682252501343232,0.41159790051606804,0.2796186573021425,151.99378117326944,29.20231139703041,-0.41159790051606804,1.4885382652282715,0.9607843137254902,0.2981439643144461,0.19405272427727194,93.53387523017639,28.28081963870809,0.5466149638334955,0.4134314802895282,123.55730764239264,41.78974366893639,6.634863367279637,4.318428228418452,11.460472726155714,5.029634540452702,0.058006287258475245,0.043872976032679686,5.6984070254745935,4.001017482332997,-0.5466149638334955,1.340294361114502,0.9140625,0.32673465257895273,0.17215438981475017,71.35138927083551,17.755449977507716,0.5721708508810801,0.3911295479047112,206.8697490467788,43.95328974218739,7.2711174355036,3.8311050741030206,9.552494751569482,5.0784067392076775,0.06071825495659867,0.04150631507034487,5.318648952363118,3.3376388656451326,-0.5721708508810801,-0.5466149638334955,-0.5134761979680899
stage2_soh,42,-0.049267456162809996,0.9573126008508142,0.20918045325056014,0.12812113137784578,253.27974636719551,10.712106061773124,0.4289424430938079,0.28941723706032135,148.57192300321913,30.594366390246236,-0.4289424430938079,1.499526023864746,0.9607843137254902,0.2954725951870235,0.19297686347043982,101.30112320542203,24.542568318225015,0.6006758484173927,0.44326586856999817,148.28807575298814,43.08342363963266,6.575415009152472,4.294486138992101,11.608101333555668,4.976156310191788,0.06374317960153968,0.047038974425114816,6.17436260606085,4.694104591115877,-0.6006758484173927,1.6055023670196533,0.9140625,0.3362525944847231,0.17898228157537233,64.38510963516143,18.052358341370102,0.6086357315587156,0.4365264409498195,243.2809403686543,52.91948126555013,7.482928679872405,3.983052235007217,10.240097893927675,5.31972328812266,0.06458787522567944,0.04632379244079418,5.864704284092596,3.8810744545916704,-0.6086357315587156,-0.6006758484173927,-0.5134761979680899
stage2_soh,43,-0.10109792355307565,0.9562857561977409,0.2068380969613391,0.1271296148797727,257.15502360562994,10.45832629844974,0.4226123351039887,0.2845763796780603,149.9337236524466,30.00957881380078,-0.4226123351039887,1.3488613367080688,0.9607843137254902,0.28124672665098666,0.196686674895532,94.14994013402017,26.979549526677616,0.5695582956792653,0.4296708448479573,134.2562362609,43.238419647195784,6.258834077405218,4.377043879110898,12.212256562207592,6.90053305259599,0.060441012953466725,0.04559628276190833,5.791382435320701,4.274163270762306,-0.5695582956792653,1.341723918914795,0.9140625,0.3285021812211959,0.17538277461244434,72.70210841726268,18.78334438099874,0.5579094734902463,0.4130409340796177,229.17531540922909,55.70845447843453,7.310451825740216,3.9029491983969877,9.826006732417467,5.983717062239524,0.059204850442692566,0.04383153162091148,5.445525224121372,3.457952642739019,-0.5579094734902463,-0.5695582956792653,-0.5134761979680899
stage2_soh,44,-0.13433891691751662,0.9578993692239989,0.20792387162958162,0.127893228030773,237.2183849852889,10.696097561276671,0.40908909903027985,0.27658775356199683,145.10354190904812,29.403625253385822,-0.40908909903027985,1.3229938745498657,0.9607843137254902,0.3069724357592381,0.20669030438305117,100.67509881617276,25.448376212515218,0.5591746563788765,0.4044328528072904,119.0895818248437,41.138812764499974,6.831331210969895,4.599663562119397,12.73832476810816,6.130495622238132,0.05933911051043331,0.04291804979537729,5.553027123176212,3.671295759915801,-0.5591746563788765,1.3142608404159546,0.9140625,0.33879535055283955,0.18347407690998807,76.87804297800184,17.97664544745824,0.5629989222907559,0.3987560634050169,204.42429977747238,57.58332795046074,7.53951489696074,4.083012160030309,11.079676334591383,5.816145825438048,0.05974493816191495,0.04231563402090823,5.406457164461351,3.9028398732152825,-0.5629989222907559,-0.5591746563788765,-0.5134761979680899
stage2_soh,45,-0.12388579275700044,0.9554056036379639,0.2060497745060175,0.12694890314925697,256.3203923801658,10.535250581236552,0.40562336870159565,0.2730780953512845,143.72507726662838,28.932875814032734,-0.40562336870159565,1.3979798555374146,0.9607843137254902,0.2905727795562116,0.19290661384515903,102.51917040577293,24.094505007412,0.5653955814009314,0.4290834242368446,143.4423972139663,38.81772389949144,6.4663750448182915,4.292922811468729,11.816097176335694,5.93388159628777,0.05999926946640488,0.04553394621614165,5.853566425901971,4.464886148851567,-0.5653955814009314,1.5215439796447754,0.9140625,0.3340570793892684,0.18091492795247177,75.14234730823186,17.31179827682711,0.5846622729264811,0.4170459734814358,243.47516524358525,48.372548045319846,7.434069925637225,4.026061137363526,10.480377438839579,5.674197956690927,0.062043833404635984,0.04425654279220122,5.57228914452736,4.129239375563328,-0.5846622729264811,-0.5653955814009314,-0.5134761979680899
stage2_soh,46,-0.1405857554345217,0.9574592929441104,0.20542317790668765,0.12652523792536652,243.99969605106355,10.444338678737981,0.4013598250885223,0.269999893287379,138.43441198625587,28.375363496607598,-0.4013598250885223,1.682344675064087,0.9607843137254902,0.3060243302367305,0.20089291397701292,99.6805702554642,24.45787999608354,0.6109893557793206,0.469998628521959,178.4120797356195,47.1541335676723,6.810232173751195,4.470649066322752,11.905256394151113,5.134160463648304,0.06483763970647859,0.04987583081505011,6.4956463857260065,5.130198899426868,-0.6109893557793206,1.5313135385513306,0.9140625,0.32655796291081524,0.16977341944766522,83.4606886787454,15.997949015051775,0.6220560125340534,0.4445694716487196,253.19405086986475,56.7107081584395,7.267185402838783,3.778119218415904,9.733136132614312,5.363832424690676,0.06601202334611403,0.04717731160879714,6.0397309468619715,3.5162287348144057,-0.6220560125340534,-0.6109893557793206,-0.5134761979680899
stage2_soh,47,-0.12359225549524054,0.9561390641044448,0.2047491879301288,0.1256546308500978,246.7510755935382,10.595006361958816,0.4072287920755197,0.27237352799160797,141.726904786228,28.084606037150433,-0.4072287920755197,1.27744722366333,0.9607843137254902,0.3048545918360715,0.20386086342235407,99.12497382092259,25.977018640223715,0.537886814245292,0.394155779999553,127.49594420958914,37.24386214943188,6.784200942558311,4.536697490600304,11.929114932448503,6.119894244781791,0.057080063891486545,0.041827456092488,5.370544012020184,3.6112553953840902,-0.537886814245292,1.01814866065979,0.9140625,0.32901642324233005,0.1735799554062396,66.79742724685285,17.028908459219892,0.5703525538290056,0.39238448413379956,216.67821073603108,47.37688371879085,7.32189571176952,3.8628294557868035,9.994374190360345,5.778570081867167,0.06052529891239494,0.0416394877718111,5.228410745676248,3.515803762685116,-0.5703525538290056,-0.537886814245292,-0.5134761979680899
stage2_soh,48,-0.12998826665814991,0.9542320668915946,0.20617796026051627,0.12677596134625596,244.3296645818465,10.413590665668707,0.4033040013986514,0.27081055438446006,141.8477067794745,28.735014074690575,-0.4033040013986514,1.4423699378967285,0.9607843137254902,0.29867343539547003,0.19768252775219142,95.24572997152609,24.119408571078882,0.544345580290119,0.43154197328669186,154.98474252608526,43.55767165675962,6.646646159152004,4.3992054803126655,11.28002846178036,5.429769758617708,0.0577654623224114,0.04579484522524368,5.890885053457663,4.478608510404202,-0.544345580290119,1.2800159454345703,0.9140625,0.33162471858631837,0.17645082535273104,72.78844516187687,16.221587859993214,0.5689158610387581,0.4083965780591825,233.01247760486348,49.534090375967786,7.379940432777598,3.9267174834515552,9.854621137074833,5.3257941357903835,0.06037283836848882,0.04333867674631632,5.495254565286916,3.717013465112651,-0.5689158610387581,-0.544345580290119,-0.5134761979680899
stage2_soh,49,-0.15300166722536263,0.9574592929441104,0.20838020488075018,0.12794545918556352,248.578475600185,10.375533469080551,0.39685577466745364,0.26690373697204883,135.65733967526816,28.170849729857515,-0.39685577466745364,1.5485210418701172,0.9607843137254902,0.30035932815161454,0.20052431169532092,95.89135395846532,26.71968723456096,0.561310260472896,0.4064671556081842,118.13767634570168,41.81307122683009,6.684163833254933,4.462446231220866,11.448832353250149,5.591993288011476,0.05956573889191649,0.043133928174944144,5.540567445084377,3.870367267338495,-0.561310260472896,1.3886889219284058,0.9140625,0.3325871991299802,0.17776301345838874,65.58925056485836,16.300185760440158,0.5855689247065805,0.4055695215720334,217.19978929453808,51.7096750391667,7.401359370154192,3.9559187748921754,10.020718160747405,5.494671195506769,0.06214004647430943,0.043038672060130206,5.453768925661249,3.325237706582251,-0.5855689247065805,-0.561310260472896,-0.5134761979680899
stage2_soh,50,-0.09461983675113937,0.9555522957312601,0.2076306159872439,0.1272158687504617,251.6847234516084,10.4308086529907,0.3993688657580497,0.2703448251354688,143.46810196846315,29.167824442698905,-0.3993688657580497,1.3433517217636108,0.9607843137254902,0.29336950882488894,0.19846399212438687,91.00747652394017,26.80927311168223,0.5694784279128327,0.4321980046510112,146.76003851250508,46.185596483097704,6.528613153899634,4.416596103489747,11.963581282373104,6.207122837861308,0.06043253745808347,0.045864462682296804,5.90420134826638,4.569105973611203,-0.5694784279128327,1.1933940649032593,0.9140625,0.3298754664837338,0.17558778287457244,71.64294234546297,17.761174876667322,0.5466362842086024,0.38489293782185996,225.48834064980048,48.57025272847194,7.341012766667493,3.90751142997364,10.292392675827974,5.518565347863134,0.058008549757464,0.04084449162985969,5.163662889614471,3.4272528445552934,-0.5466362842086024,-0.5694784279128327,-0.5134761979680899
stage2_soh,51,-0.1437689399280313,0.957165908757518,0.20761434272815457,0.12706922212270239,244.0706834598712,10.39023231504547,0.39730639018401087,0.26869300565548054,141.92034068113796,28.742620614432624,-0.39730639018401087,0.9947280287742615,0.9607843137254902,0.30244870761132936,0.199519530194355,90.90283049177778,27.455647548317636,0.4811922069937223,0.36131467889336977,117.93801819522434,35.28846411349199,6.730660656591556,4.440085932939437,11.667506910809754,6.6003189712000925,0.0510636832728931,0.03834238804515554,4.77884346063924,3.3942790563298844,-0.4811922069937223,1.107497215270996,0.9140625,0.32789956041254226,0.17129403503895446,64.57639437187083,15.952218264519807,0.5445700075282333,0.38045240630890476,262.0009040425389,46.80741738567632,7.297041167782106,3.8119588324612788,9.493380528531173,5.641838840155954,0.057789278338627584,0.04037326642827656,4.959308308385648,3.0387904830454433,-0.5445700075282333,-0.4811922069937223,-0.4811922069937223
stage2_soh,52,-0.13635418809665095,0.9561390641044448,0.2054841507643538,0.12644673203033033,243.47850891733202,10.516161798500399,0.3982503375464272,0.26792902406018176,134.6975114471613,29.17219280769889,-0.3982503375464272,1.2633267641067505,0.9607843137254902,0.2980332079320768,0.19343650183987385,103.73245283741053,19.903137647225165,0.5330430258337333,0.3922752217553994,135.69875468942706,37.10879967067143,6.632398606787958,4.304714881293045,11.37847739867552,5.216794399411839,0.056566045431308186,0.041627892946701335,5.348368726826269,3.290718042511076,-0.5330430258337333,1.6328911781311035,0.9140625,0.3369162894642717,0.17870696460340696,67.96287122906826,16.98754227459735,0.5742875798180639,0.4083573166062706,244.1984158461629,51.61214173109822,7.497698475789554,3.976925361045896,10.25372703277764,5.342730887268855,0.06094288032343076,0.0433345103563225,5.3799218037746765,3.389743658955096,-0.5742875798180639,-0.5330430258337333,-0.4811922069937223
stage2_soh,53,-0.09096560377922158,0.9564324482910371,0.20749212313804413,0.12859256417060605,251.77863428642556,10.71063413074325,0.40545511473581275,0.2756490625517034,146.446198660799,29.341425138058717,-0.40545511473581275,1.2094578742980957,0.9607843137254902,0.2941888646870622,0.19840488316235588,98.612346145453,26.171513016719413,0.5377672233068163,0.39638975397774984,154.9739443536663,34.514943779940474,6.546847010175072,4.415280699075108,11.349967564124794,6.434027286090298,0.057067373008891434,0.04206452339741219,5.373363428256136,3.974487272448403,-0.5377672233068163,1.2081676721572876,0.9140625,0.33166305029765397,0.17630316959730408,84.88785868290702,19.921742762296567,0.566970194468018,0.39896345497254515,224.57823813215833,53.31453434937639,7.3807934625141876,3.923431568323596,10.053644617831509,5.336835107817087,0.06016636598577165,0.04233764222711733,5.357389118354025,3.089063798824087,-0.566970194468018,-0.5377672233068163,-0.4811922069937223
stage2_soh,54,-0.18709628908265558,0.9565791403843333,0.20566058901919235,0.12627950759461945,242.36590971553213,10.466035213575202,0.38964202193763947,0.26096418533049054,135.28026920043982,27.26692524157532,-0.38964202193763947,1.5171078443527222,0.9607843137254902,0.3012802607068846,0.19849828919213192,87.2772299222512,25.395114808020857,0.5794092973617503,0.40182928065312845,118.4605133649697,37.46312533953679,6.704658166215009,4.417359346706526,11.478457955005979,5.3791001507835245,0.061486392372592916,0.04264176106516521,5.588734255351265,3.2619951301748165,-0.5794092973617503,1.496465802192688,0.9140625,0.3230302345310836,0.16784534514044935,63.777179169488626,16.728356045424526,0.5820543283866361,0.40886021740880096,207.84417130271157,49.150116467656005,7.18867971901515,3.7352120624057026,9.578364499707394,5.30044864374874,0.06176708068079636,0.04338787773618621,5.540967885177865,3.339459277942092,-0.5820543283866361,-0.5794092973617503,-0.4811922069937223
stage2_soh,55,-0.18797682329096438,0.9558456799178524,0.20712188926158684,0.1279000793729872,252.9091849155646,10.643228836327362,0.38890573899303954,0.25896389024234895,141.94617815113932,26.88049773152092,-0.38890573899303954,1.1869311332702637,0.9607843137254902,0.2890893436481603,0.19440712794369341,105.12240383707172,24.07044209131099,0.5332554391313052,0.3940772636629203,124.92115842215367,36.71241303277868,6.433362823401472,4.326315089079798,11.330398790716117,5.275857621858577,0.056588586538983056,0.041819124009616966,5.403180777826032,3.5324832033613633,-0.5332554391313052,1.2244025468826294,0.9140625,0.3248196205314732,0.17049229343137995,65.04229519731575,15.707684197570682,0.5435645076422811,0.3884278442856157,257.60843588211605,45.20956545954529,7.228500520523601,3.7941169618926374,9.806807373074555,5.079744784174915,0.05768257559706,0.04121961271752701,5.180080912121101,3.5760715074661387,-0.5435645076422811,-0.5332554391313052,-0.4811922069937223
stage2_soh,56,-0.15652681515331193,0.9546721431714831,0.20595143830304724,0.1265420150198261,243.63153586016742,10.648299099118423,0.3886384088386806,0.2622928935269382,132.94077090589664,27.7204177080975,-0.3886384088386806,1.737567663192749,0.9607843137254902,0.28958218196596425,0.19685044515804917,93.46728270800715,28.541716777015758,0.5335478147024996,0.40168347834225965,148.1864550207716,37.619656443036995,6.444330393743901,4.380688404727654,11.800203512343499,5.725384577288225,0.05661961317105899,0.042626288655357954,5.559343618660933,3.691795608884784,-0.5335478147024996,1.6608617305755615,0.9140625,0.33439757817084165,0.18208772517209582,83.73268079268784,17.161622488026993,0.6065492058752516,0.42172337920055725,218.96394637312608,48.36172545271445,7.441647348502914,4.0521604391811,10.621674184101602,5.595207948335206,0.0643664550008865,0.044752904871030875,5.708413183403106,3.5098559349130847,-0.6065492058752516,-0.5335478147024996,-0.4811922069937223
stage2_soh,57,-0.17747018403307127,0.9586328296904797,0.20569884919563974,0.12629802525624112,246.8889026362393,10.659463183081266,0.3853913844392949,0.258210244087577,133.5662951702554,27.247653621163376,-0.3853913844392949,1.4611504077911377,0.9607843137254902,0.2961316521906891,0.2017082123122379,106.02806924721358,25.07650076939792,0.5493589886125223,0.39936096345384914,142.3710002995309,38.94260696138172,6.590081592058566,4.4887926268346225,11.977194573257089,6.370373463263195,0.058297480694637915,0.04237982546885021,5.465996909532619,3.62366229132219,-0.5493589886125223,1.3226513862609863,0.9140625,0.3322302647315454,0.1777158541863173,103.5768225313442,17.344301738324432,0.5711269772870972,0.3877534020575695,215.2218865712755,47.87661120035061,7.393416190857766,3.9548692975787114,10.281585375965241,5.355614083037572,0.06060748003172385,0.04114804151621024,5.200136489232153,3.3543167920673005,-0.5711269772870972,-0.5493589886125223,-0.4811922069937223
stage2_soh,58,-0.21601292103183606,0.9564324482910371,0.2069392767649809,0.12673754245049632,258.2530431003675,10.295407184600574,0.38008825264866364,0.2520371501736555,127.31697491406997,26.008065629015682,-0.38008825264866364,1.7074848413467407,0.9607843137254902,0.2924005193412226,0.204242636285284,90.7320586319443,25.78139230244568,0.5856503980569997,0.4325952712154272,130.28414323768268,41.879434163891716,6.507049367279835,4.545193422385137,12.71350562943173,6.250526625438761,0.06214869235281809,0.04590662025202759,5.915649970897631,3.9069280112930636,-0.5856503980569997,1.5958051681518555,0.9140625,0.32682303605389307,0.17318009901464393,72.02711672094264,17.280638602431004,0.5698238560417571,0.4017202977047418,201.02098850428638,52.934763655091956,7.273084311745764,3.853931095121105,10.259793141911572,4.969621432634636,0.06046919397976562,0.04263019589291662,5.417128329187886,3.6521865230043487,-0.5698238560417571,-0.5856503980569997,-0.4811922069937223
stage2_soh,59,-0.18449539492622366,0.9587795217837759,0.20747057007896383,0.1288289237923612,246.81025195895037,10.854567225337542,0.3881778114718676,0.25869167444278557,139.91566831670534,26.505694199602477,-0.3881778114718676,1.6614357233047485,0.9607843137254902,0.30144897603708704,0.1967767420425719,89.36311743918803,24.236298931501352,0.5887554628583842,0.447972741014525,160.19601056054827,44.601947532105754,6.708412738830397,4.379048223608914,11.914401797426526,6.604123407227166,0.06247819903072191,0.04753846348628401,6.040790407039486,3.712221493151344,-0.5887554628583842,1.5302908420562744,0.9140625,0.33084082111920826,0.18021518500063394,69.8838356972503,16.57272239489455,0.5985816943993779,0.42705002710135886,254.496503404381,46.44109836299229,7.362495663770813,4.01048913379023,10.553003772999423,5.745250625915572,0.06352094986476017,0.04531816394497158,5.74004219536099,3.97748587550876,-0.5985816943993779,-0.5887554628583842,-0.4811922069937223
stage2_soh,60,-0.19315275922144406,0.9561390641044448,0.20752846780280532,0.12748451441455644,244.68242806592764,10.540979263973728,0.3819449091049053,0.25497387526723525,139.14520080147605,26.59189170767534,-0.3819449091049053,1.281908392906189,0.9607843137254902,0.288022445728018,0.1860102841301876,100.94638124582332,22.81325579951952,0.5148191937660105,0.38260468208760606,124.76643930772073,39.491429451034364,6.409620193081063,4.1394526397691,11.060689545542807,5.526975731997115,0.05463214879873713,0.04060166399391079,5.2695695166484855,3.67926022619105,-0.5148191937660105,1.286291480064392,0.9140625,0.3266470613956415,0.1720539410289348,60.863089971298436,16.869549631789916,0.5610645757715449,0.3860643509615329,220.76081404163455,48.893138652093185,7.269168190833209,3.8288696977443983,9.628773400696009,5.41098263219501,0.05953966705286247,0.04096880093636253,5.1940944863977805,3.2676844136987464,-0.5610645757715449,-0.5148191937660105,-0.4811922069937223
stage2_soh,61,-0.15646006154475436,0.958046061317295,0.20710503161399624,0.1275889947556191,250.28678298572186,10.696984231668566,0.38847370099648404,0.260877945098274,141.5490254129684,27.581845073999744,-0.38847370099648404,1.5271596908569336,0.9607843137254902,0.3036609549598104,0.20799054493945018,100.91841082369163,29.08413562331647,0.5699606667299618,0.41900873604212324,137.89527200382855,44.177387494498575,6.757637877287646,4.628598974097769,12.268876992417002,6.126296849974996,0.06048371220668056,0.04446482938596174,5.748763847304732,4.0906982293708705,-0.5699606667299618,1.4093017578125,0.9140625,0.33359556451022315,0.17711326290555007,73.61715269852047,17.77930142488525,0.5979729929847802,0.41774972785060527,238.0383932242512,48.671938681810076,7.423799423695411,3.941459296730974,10.31410356118212,5.714464086835095,0.0634563550193096,0.04433122457151285,5.6777062552805075,3.630237014706581,-0.5979729929847802,-0.5699606667299618,-0.4811922069937223
stage2_soh,62,-0.19131370712423038,0.957165908757518,0.2087157845171981,0.12807728113492906,248.98463119991206,10.68813676752998,0.3835549517010107,0.25757251927988145,132.76911646493116,26.600389665564617,-0.3835549517010107,1.6664165258407593,0.9607843137254902,0.2993230387591201,0.2035882848077545,99.95614900769837,26.705651634224957,0.5723225965922213,0.41629799510187965,124.27280199345881,35.74420672660391,6.661102361781005,4.5306315557460834,11.86998785475132,7.240267288406721,0.06073435807468561,0.04417716800076962,5.755854628854391,3.801499065770977,-0.5723225965922213,1.459703803062439,0.9140625,0.33402230851324155,0.17400402385283087,69.79025360264214,15.167538541470801,0.5756813319520315,0.4069061947011505,231.8766132506451,46.275512445515304,7.433296138342455,3.8722666288920076,9.939158743501897,4.829654537077988,0.061090784043597975,0.0431805186077521,5.450235600993292,3.372608328714533,-0.5756813319520315,-0.5723225965922213,-0.4811922069937223
stage2_soh,63,-0.20653304487720375,0.9565791403843333,0.2062054633087679,0.1265152498971913,242.41684504640816,10.23793156014759,0.3859627209832477,0.2562582802356166,136.8961698054459,26.34845084098656,-0.3859627209832477,1.7170276641845703,0.9607843137254902,0.30793700848861966,0.20355303055953747,103.83278442400648,28.716126598232282,0.5779374044704236,0.41504518815553654,131.15470586279505,35.800685394829955,6.852796707620034,4.529847011539145,12.24232670060008,6.255501184322208,0.061330196425688675,0.04404422125686907,5.748789301340208,3.734495136274691,-0.5779374044704236,1.536121129989624,0.9140625,0.3307806870167505,0.1721188841311232,68.17578274539156,17.439988916201735,0.6002138984437568,0.42959992081159726,248.121302285787,52.40921715161457,7.361157445992571,3.830314934479807,9.493116866881396,5.203171244577852,0.0636941578867263,0.04558875636709876,5.775149237725392,3.7804062497597046,-0.6002138984437568,-0.5779374044704236,-0.4811922069937223
stage2_soh,64,-0.20662744397709268,0.9542320668915946,0.21098632636853906,0.12994395045864685,252.6411456464941,10.694902552485212,0.3825703964985174,0.2547621410541582,131.75824982719848,26.569316669917566,-0.3825703964985174,1.4667688608169556,0.9607843137254902,0.2943807832486376,0.20241396709838333,107.40119032014609,25.770200575607205,0.5758688450934669,0.4230947191735693,165.89042218731694,36.65517164517985,6.551117944978751,4.504498417114986,12.107595658639209,7.309427996352593,0.06111068276914797,0.04489843023287918,5.820588345343543,4.216111185048396,-0.5758688450934669,1.4470925331115723,0.9140625,0.322106708923385,0.1733917685032793,66.9424852960718,15.981069280432678,0.588508667516924,0.4129111039110285,271.17900128757225,40.11074281882533,7.168127680548253,3.858641564908234,9.879285183294646,5.43420985275053,0.0624520093315406,0.0438177541604461,5.4987568803993,3.5047662337429237,-0.588508667516924,-0.5758688450934669,-0.4811922069937223
stage2_soh,65,-0.18733367723181518,0.9548188352647792,0.20629831082593514,0.12630717112002815,239.76282968175397,10.382545025951865,0.380000854903827,0.2535458486932959,131.79647993452406,26.541754578988304,-0.380000854903827,1.618778109550476,0.9607843137254902,0.29312692170780297,0.19479465291050135,93.91450650972237,24.20135818458407,0.5691580606813784,0.4060551367480965,123.41953656337482,41.749067878135335,6.523214646570369,4.334939027558956,11.65637965916271,5.189212123951865,0.060398540376251655,0.04309020510489399,5.593275898096894,3.4817425695182287,-0.5691580606813784,1.6648764610290527,0.9140625,0.3431892191525932,0.18556828019245586,73.75252951960417,17.031000006905103,0.5851648537380967,0.4167288870012271,242.95824908060797,49.01259642447897,7.637295571072925,4.129616332194022,10.795170928105886,5.503630853853064,0.06209716682735226,0.044222893860734414,5.605208099142482,3.6973876253396334,-0.5851648537380967,-0.5691580606813784,-0.4811922069937223
stage2_soh,66,-0.20982280558498964,0.9583394455038874,0.20690198485607658,0.12724716519651116,238.54573221047212,10.475119844257897,0.3780820509198106,0.25312568345928893,129.01905142808724,26.934415339433137,-0.3780820509198106,1.0694111585617065,0.9607843137254902,0.3013065976194435,0.19967001965086834,94.08998949407192,28.609220402981457,0.5015030333034478,0.36446478108272834,131.3903502084166,37.494256448658206,6.705244265003712,4.443434908943288,11.750101637435305,6.124208267911912,0.053219049853266885,0.038676674050075716,4.917860030290103,3.5235500246180917,-0.5015030333034478,1.32533597946167,0.9140625,0.32887585146127585,0.1737441080094868,68.15178312460779,17.910245500642176,0.5436943452202979,0.3828075260753394,233.8340107851867,48.21141200575504,7.318767442637075,3.866482489972596,9.746995639450809,5.185980299736645,0.05769635384380716,0.04062318961505111,5.019243609328639,3.202326843635145,-0.5436943452202979,-0.5015030333034478,-0.4811922069937223
stage2_soh,67,-0.23558379093520326,0.9568725245709256,0.20898540185459433,0.12838371644095484,253.83897483076035,10.680306638385838,0.37108998736444526,0.249613536349176,133.20229778577144,25.87412006229736,-0.37108998736444526,1.3578691482543945,0.9607843137254902,0.30795441261196443,0.20313925160935112,97.05250993206984,29.597631006613977,0.5094783017200201,0.3949534413496069,111.4853310333839,40.2224445279861,6.853184017088751,4.52063881976825,12.1370152410733,6.777947859808736,0.054065378148948275,0.04191210319596594,5.339038289041604,4.42566425685706,-0.5094783017200201,1.4997183084487915,0.9140625,0.3323780890581226,0.17515415224443132,70.60416394596564,16.63516237441584,0.5443407973398062,0.37946069364988944,192.97463190715624,49.580798789458655,7.396705857349775,3.8978614610753284,10.194439105431112,5.508522228101562,0.05776495476003542,0.04026802677480408,5.010500691800994,2.749882628110344,-0.5443407973398062,-0.5094783017200201,-0.4811922069937223
stage2_soh,68,-0.19015920684626852,0.9586328296904797,0.2076974310040644,0.12733307902844512,246.70486841665016,10.445255939261092,0.381674033536836,0.254305721575306,131.67779958472315,26.48834771481535,-0.381674033536836,1.9495548009872437,0.9607843137254902,0.30733345889242897,0.20357832630329273,100.2066877891219,27.230840267199063,0.5959785583192992,0.4431147960964225,134.77819233602534,43.903715952803815,6.839365380525052,4.530409940270492,12.075746635927809,6.080197064345335,0.0632447074103367,0.04702294275039147,6.098409843767364,3.8242662772879403,-0.5959785583192992,1.7603826522827148,0.9140625,0.33040881418237716,0.18159446350728103,71.92545598121701,18.11112428959339,0.584738847225689,0.39826935089877225,195.21020091623916,43.649198030448474,7.3528818283668915,4.04118344772032,10.233838472690223,5.96672725765623,0.062051959400245986,0.04226398452845467,5.432350545462917,3.4995839668919824,-0.584738847225689,-0.5959785583192992,-0.4811922069937223
stage2_soh,69,-0.23534700742355624,0.9565791403843333,0.20775247321764578,0.1265109511900672,246.20518784306313,10.322599951290155,0.37171679407839464,0.2458048136924645,134.44731072716561,25.27613785349686,-0.37171679407839464,1.8754916191101074,0.9607843137254902,0.30242681138680455,0.20868813242836326,102.34790484894035,29.257028226769894,0.5898363819322642,0.4413901408586432,133.43108368994135,41.94036838849827,6.730173380391564,4.644123010233481,12.642696227134293,6.817410547850486,0.06259290518853163,0.04683992389111463,6.079432215469689,4.43753952710619,-0.5898363819322642,1.6052172183990479,0.9140625,0.3325020312486918,0.17696096095642133,75.45743537205391,16.296750060975544,0.6002270265761646,0.40132144295057515,207.51975290676822,46.4900077693419,7.399464053383557,3.9380699857135157,9.84404167320667,5.136445155371707,0.06369555103230408,0.04258786978592104,5.391776990180498,3.1817744333361,-0.6002270265761646,-0.5898363819322642,-0.4811922069937223
stage2_soh,70,-0.23563863805037397,0.9568725245709256,0.20814389877561693,0.1279620581060059,245.64938128490965,10.759261252840007,0.372559637352994,0.24885175675558122,125.28158355672572,26.170922944050062,-0.372559637352994,1.6064724922180176,0.9607843137254902,0.3087321108157553,0.19856000483474312,110.77093485163903,25.37537602517349,0.5939109835200008,0.4385106138081527,175.61381348878368,42.19259707774295,6.870490828363621,4.418732759907395,11.839582682422142,5.42806520391631,0.06302529823628962,0.04653435107604222,6.008325975635222,3.662765233872446,-0.5939109835200008,1.5044207572937012,0.9140625,0.34247789499339126,0.18047496726467216,82.89896324966764,16.202495203565455,0.6263547821746108,0.42683546231273795,294.5577760415573,50.256742912371266,7.621465840570072,4.016270300050294,10.165903374012029,5.293587587620431,0.06646820490557852,0.045295394523005864,5.702128004924073,3.8530122663708815,-0.6263547821746108,-0.5939109835200008,-0.4811922069937223
stage2_soh,71,-0.25305074154980917,0.9561390641044448,0.20964150962961997,0.12825839718089527,245.2527362395743,10.61702082116874,0.37184700257426806,0.24853756301834834,132.65850408006693,26.386020959696456,-0.37184700257426806,1.737239122390747,0.9607843137254902,0.3053362038060749,0.19334257843301578,98.93684890928547,23.42118026454906,0.5652982642031579,0.41308735957478776,153.04507560640326,32.38484332161198,6.794918682977328,4.302624720008294,11.518210831773112,4.974571231119065,0.059988942253096166,0.043836458252612266,5.650229915961272,3.9467293780310913,-0.5652982642031579,1.6967322826385498,0.9140625,0.32902229354983176,0.1751594092038431,67.32235796500184,15.405838965274484,0.5668873173431517,0.40905990752071375,280.91887997397475,50.903984297086964,7.322026348954436,3.897978448878535,10.145977885226305,5.4548513496528805,0.06015757113998398,0.043409068670867273,5.453322428509923,3.8708088777945737,-0.5668873173431517,-0.5652982642031579,-0.4811922069937223
stage2_soh,72,-0.1898310128481914,0.9548188352647792,0.20699396636439976,0.12716161435482554,250.01134718711938,10.48087605559361,0.37679069052595043,0.2508300259840238,131.81122559710246,26.14099615390496,-0.37679069052595043,1.663716435432434,0.9607843137254902,0.29379586151430886,0.19598191490798605,93.41831456081373,23.035640640174545,0.5405894916751343,0.4075245555928525,131.78596925092182,43.63378273925184,6.538101160296401,4.3613602269704135,11.665723435467951,5.986284403407144,0.05736686958422307,0.04324613850820619,5.592423867772997,4.616949175450989,-0.5405894916751343,1.6636396646499634,0.9140625,0.3336727759524036,0.17520303830497141,71.42974844087942,18.218686113481994,0.6074287918070909,0.4280530839751009,225.39343633202807,57.65170610771074,7.425517678735171,3.8989493661516357,10.052995333172184,5.329710155865386,0.06445979586713897,0.0454246074362855,5.802464127347134,3.342775809034152,-0.6074287918070909,-0.5405894916751343,-0.4811922069937223
stage2_soh,73,-0.24438566788845228,0.9558456799178524,0.20824243451497104,0.12821976105281305,246.28008848111435,10.69438885954272,0.3739711193511928,0.24823272768276908,127.0331171775741,26.051829117179132,-0.3739711193511928,1.7434093952178955,0.9607843137254902,0.2942093567069114,0.19342477615995735,77.61541139752912,26.013578980673653,0.52123056666752,0.40861790325017827,129.16046807500777,41.99901259356673,6.547303037356878,4.304453939287014,11.926615515172134,5.815551740163472,0.05531251791201197,0.04336216357608842,5.55083589999339,4.734185693993322,-0.52123056666752,1.8721585273742676,0.9140625,0.33452778008045586,0.1796021983736864,73.62410793118164,16.323659850399046,0.5923688648222759,0.4153423624302377,220.33877904650643,46.864509527448035,7.444544847643759,3.996847796038791,10.36820915142184,4.9399789640778184,0.06286164999011,0.04407575712303573,5.619311961193715,3.548163944088901,-0.5923688648222759,-0.52123056666752,-0.4811922069937223
stage2_soh,74,-0.27207182219026027,0.9558456799178524,0.20598293203329654,0.12594156899398337,247.48634314418703,10.291878630298555,0.3707618094330673,0.24490147937188664,127.44067230522677,25.179764157680708,-0.3707618094330673,1.4109139442443848,0.9607843137254902,0.28814600376258004,0.19803788491031704,107.20477350850496,23.056458176470272,0.5225616964225498,0.3673210530815756,129.893899838956,30.96267544552677,6.412369840148828,4.40711355987473,11.463349104993933,6.909092704707416,0.05545377620177239,0.038979779060029196,5.0494254692382485,3.121812734324651,-0.5225616964225498,1.5817177295684814,0.9140625,0.3282608126236338,0.17134615101349482,66.26136482907967,17.026201338405308,0.5694835182670739,0.38757868581524235,230.38313054207512,47.34013218147942,7.305080435211958,3.813118615692588,9.842457681756414,5.287913542700609,0.06043307764188724,0.04112950078605882,5.147245160917658,3.1521519829006825,-0.5694835182670739,-0.5225616964225498,-0.4811922069937223
stage2_soh,75,-0.24902568694362023,0.957165908757518,0.2062641582823157,0.12753116269189482,247.9865897268886,10.656448758969512,0.36835593570613456,0.24645970670563191,130.5961672671723,26.302666282428937,-0.36835593570613456,1.527182936668396,0.9607843137254902,0.290361938911418,0.19990532228029242,96.69083280568957,25.768244769755306,0.49672644199436555,0.3879405041590479,123.54497519902425,39.99550654519864,6.4616830200319075,4.4486713080761024,11.666089977339693,6.716735674968979,0.05271216228903373,0.04116789662257049,5.157665251332397,4.300877467007668,-0.49672644199436555,1.7602498531341553,0.9140625,0.33321391445341714,0.17427465417677013,69.75620431292427,17.092431755526185,0.5535824736831774,0.38846188092429657,212.7159884587757,48.28841640596282,7.415306224824707,3.878289206697694,9.909889231593695,5.8861140050392855,0.05874567312340377,0.04122322465494414,5.126597372128352,3.082384750548196,-0.5535824736831774,-0.49672644199436555,-0.4811922069937223
stage2_soh,76,-0.2796596659056966,0.9583394455038874,0.2078950276530145,0.12837560311921878,263.7373464832778,10.531053137211074,0.3674292763944682,0.2424499582623178,125.84001161654011,25.11547889497526,-0.3674292763944682,1.6800503730773926,0.9607843137254902,0.2959790433582947,0.19399455244488575,97.71071003975419,25.234726152729557,0.5554577616405717,0.41915236051906557,133.0276864123231,37.927138343771844,6.586685451694279,4.31713367878504,11.753998861908373,4.945097876901599,0.058944676991110015,0.04448007068599576,5.757355021673936,4.302399494219185,-0.5554577616405717,1.7041171789169312,0.9140625,0.32949452495417264,0.17481111278721073,67.81778777767983,15.635209761546463,0.5835481728388691,0.4166993869803264,228.95203180462897,50.36603090979267,7.3325353352850655,3.8902274982900082,10.41142997011881,5.0280977301676,0.061925606107557436,0.044219763345106924,5.610079836087843,3.557538174402384,-0.5835481728388691,-0.5554577616405717,-0.4811922069937223
stage2_soh,77,-0.24465935482418535,0.9573126008508142,0.20794268721673417,0.12771356335137676,251.5988196034611,10.488340071696738,0.3703876493572784,0.2449016073982066,129.1662728627692,25.514518047439616,-0.3703876493572784,1.7812235355377197,0.9607843137254902,0.29381302812856774,0.19692951418897686,91.81264020497933,32.09959187694434,0.5315016228586003,0.4073569221312509,134.75021308873286,45.408558053317975,6.538483184263744,4.382447998345439,11.891105966322987,6.323220440558981,0.05640247313696485,0.04322834939636118,5.517814102217521,4.031262002336543,-0.5315016228586003,1.650521993637085,0.9140625,0.3321300206383248,0.17377885535279347,90.66503139641642,17.70890986062301,0.5666081163331462,0.4043903841156862,242.39543273407068,52.41159113665503,7.3911853697058945,3.8672557535727683,10.048467272051228,5.385178259196913,0.060127942580466234,0.04291354305610437,5.372603059954904,3.585173278137488,-0.5666081163331462,-0.5315016228586003,-0.4811922069937223
stage2_soh,78,-0.2641464086336633,0.9567258324776294,0.20651018696443435,0.12654102098892675,240.84010230552556,10.670219340193533,0.366896696262345,0.24205420948007605,126.53045293782057,24.81825141485494,-0.366896696262345,1.9686954021453857,0.9607843137254902,0.29662290355919624,0.19473438457969358,92.84809061359121,27.826914293063005,0.583954688144838,0.4376027694738963,127.43443022345653,46.78296446259377,6.60101384660388,4.333597822677606,11.452148156341249,6.046130303027965,0.06196874514540527,0.046438011453596585,6.029927623114268,4.692104170574276,-0.583954688144838,2.048658609390259,0.9140625,0.3265387780675737,0.16900301554596808,63.027392731315516,16.196731744746796,0.5984596308235004,0.4186648863615119,203.49889130724108,49.221064445495614,7.266758465423084,3.7609747337467834,9.51724886685713,4.710206524891953,0.06350799658811276,0.04442834036779182,5.644837860868341,3.5710832539753126,-0.5984596308235004,-0.583954688144838,-0.4811922069937223
stage2_soh,79,-0.2368502062935974,0.9556989878245563,0.20778344991081568,0.12826243792546457,247.60935873305692,10.580579598286327,0.36876813460753405,0.2458731080567306,133.125035937568,25.42094683873447,-0.36876813460753405,1.0784680843353271,0.9607843137254902,0.2975687209058844,0.19347869024118958,91.81085565173508,26.29065152333917,0.509790518154837,0.3691182600736034,119.01947041713271,35.51603810111232,6.622061963006667,4.305653737389151,11.498282266606635,6.448421191026915,0.0540985102755878,0.03917049704607075,5.018979870219892,2.814049427155765,-0.509790518154837,1.328794002532959,0.9140625,0.3204549127805536,0.17513811072967655,66.23851630235399,18.20019737595576,0.5578572191592309,0.3840171223928337,254.27808330678,43.14796115766194,7.131368788770966,3.897504474950029,9.827425136490643,5.5054152397398575,0.05919930526018581,0.0407515508859671,5.073025252573494,3.573180572132472,-0.5578572191592309,-0.509790518154837,-0.4811922069937223
stage2_soh,80,-0.2308384958811479,0.959806366436849,0.20924848519723885,0.12786623103737021,251.32138605245527,10.472414756475581,0.37262821176443534,0.2481974867350552,130.74568260992828,26.157551963267352,-0.37262821176443534,1.8820620775222778,0.9607843137254902,0.2924802254978827,0.1913822643531888,90.88891176815541,24.57225359912018,0.5476912013302313,0.4198884632365376,140.72526035296696,40.92555426167523,6.5088231394244,4.259000103603552,11.476763615607009,6.935969343459145,0.0581204966115383,0.044558185242871376,5.794705726358525,4.357896183519796,-0.5476912013302313,1.8731602430343628,0.9140625,0.3281960236810833,0.17885088379443914,72.82098500356916,17.913460200884238,0.5946378058767481,0.40562453209713567,219.14573815516357,44.11516708507692,7.303638629128372,3.9801281230760566,10.5728071914684,5.654196226201654,0.06310242796965018,0.043044509727469094,5.5417374942201,3.413256578487499,-0.5946378058767481,-0.5476912013302313,-0.4811922069937223
stage2_soh,81,-0.2862034118191245,0.9561390641044448,0.20846545113593937,0.12804718545057536,242.1027342897091,10.499238514378865,0.3633223786248497,0.24102694542411301,127.07725156932675,25.062816099892444,-0.3633223786248497,1.8893554210662842,0.9607843137254902,0.3093554822302121,0.20735177153027526,104.98581176197266,26.495774585177756,0.6256154611346074,0.46516174198511767,161.33899218465575,43.07738899566642,6.884363268047242,4.614383780098211,12.386658225666398,5.930422522819332,0.0663897488232168,0.04936254477559558,6.460730607260114,4.172950977977883,-0.6256154611346074,1.7520968914031982,0.9140625,0.3320363661276685,0.17671973405049357,68.08862220645145,18.247050914461973,0.6293299057165752,0.42468639636354055,237.23924006670848,48.738840183498866,7.389101192407982,3.9327017483754823,9.932426182945866,6.135160261184152,0.0667839223341581,0.04506733758158535,5.701440925140387,3.094726033059353,-0.6293299057165752,-0.6256154611346074,-0.4811922069937223
stage2_soh,82,-0.30103421842088374,0.9564324482910371,0.20851123700460159,0.1280458771997457,253.54088219686463,10.81354031760748,0.3584977247318633,0.23619588807053635,122.11038630913576,24.83243218277155,-0.3584977247318633,1.7191497087478638,0.9607843137254902,0.29472142462939804,0.19883202516711226,83.69483726412456,27.095173395868365,0.5538155638234104,0.4110662590566219,164.00920320860482,36.92040444828679,6.558698541231249,4.424786270809557,11.581056622750372,5.90926010026303,0.05877040843898434,0.04362198088738834,5.55013522536294,3.893836756822021,-0.5538155638234104,1.7102365493774414,0.9140625,0.3252752378210311,0.17316204109920363,66.82339478472589,17.24969844121336,0.5894016863221944,0.4048537733142439,269.0775069817639,49.68984438588721,7.238639778150158,3.853529236234176,10.310612407219267,5.7110334619656005,0.06254677568221358,0.04296271750016916,5.415693334664439,3.2478383971546108,-0.5894016863221944,-0.5538155638234104,-0.4811922069937223
stage2_soh,83,-0.28564536696535164,0.9576059850374065,0.20635227550096927,0.1264358155314741,238.4367450437968,10.613357638300178,0.35859307244687677,0.2368416501442346,128.0912719553322,24.897169778045612,-0.35859307244687677,1.7636079788208008,0.9607843137254902,0.29377413137078323,0.19678982489687555,100.16773730490164,26.719267208720797,0.5372584533724405,0.41321414939182644,155.66933257304385,35.888280733948854,6.53761758004491,4.379339368026206,11.251855945635846,5.759335099939454,0.05701338280204656,0.04384991307371161,5.624672385986005,4.020193963896789,-0.5372584533724405,1.72700834274292,0.9140625,0.3311813744798939,0.17404869011261326,68.69314347129095,15.98812607530559,0.5587644936463124,0.3989433701935923,261.3827804949284,54.6554949044068,7.370074301234136,3.8732606269810352,9.99434203414312,5.550753422312354,0.059295584410962894,0.042335510848478704,5.323369702584933,3.672182826374063,-0.5587644936463124,-0.5372584533724405,-0.4811922069937223
stage2_soh,84,-0.21427077872716072,0.9551122194513716,0.20646199455810804,0.12737211702023732,254.593013854266,10.49944722953063,0.369481905299914,0.24670209888691536,129.3988736851153,26.35725198950654,-0.369481905299914,1.44423508644104,0.9607843137254902,0.2842582904630707,0.19926697099763974,99.7479133463144,25.861188776751646,0.5186917852923191,0.3929701775823738,142.78797275457927,36.599796827886884,6.325853091058461,4.434465508034277,12.973067400967452,6.122901818104152,0.05504310472086262,0.04170164103264601,5.346044711042353,4.131387729756492,-0.5186917852923191,1.5712497234344482,0.9140625,0.33363781192078845,0.17712508298245666,67.07927583087516,18.68510300805707,0.5616809904560991,0.38663940305559663,217.0843164482818,43.81404397870966,7.424739592976939,3.9417223394373604,9.993718330148067,5.201609465156857,0.0596050804235683,0.04102982494624859,5.1071394368185485,3.225460751633192,-0.5616809904560991,-0.5186917852923191,-0.4811922069937223
stage2_soh,85,-0.25509358414618066,0.9573126008508142,0.20577740179633025,0.12622898611118089,249.22172995702826,10.497947000061734,0.3610229650688678,0.24201169078232435,130.29200143176425,25.444971394786325,-0.3610229650688678,1.4167684316635132,0.9607843137254902,0.2887203738369544,0.19447738571348144,96.32327084486758,29.955005828946067,0.5551544862918752,0.3940241935973366,135.26773303554492,32.59658384951955,6.425151809337742,4.327878597850149,11.830051810299212,5.501020522593465,0.058912493684470324,0.04181349226209311,5.452115775749325,2.9010034851341007,-0.5551544862918752,1.6047320365905762,0.9140625,0.3289462830484105,0.17518049032332783,71.7470617541363,17.83068710866572,0.6102424563211576,0.40908078398933867,202.82826974557867,44.40667849097727,7.320334819519761,3.898447585819583,9.948275710178486,5.9498925851560225,0.06475837940921274,0.04341128406290028,5.532126351362705,3.0797038551153344,-0.6102424563211576,-0.5551544862918752,-0.4811922069937223
stage2_soh,86,-0.3104811775180729,0.9533519143318175,0.20683227881429037,0.12789249805093098,246.39934435188243,10.720391595520852,0.3567928783836888,0.23604754740888714,130.01343353779447,24.13384049195694,-0.3567928783836888,1.6720855236053467,0.9607843137254902,0.31570542321768486,0.21075559973570646,104.81149994337764,27.59812206963792,0.5401142327847768,0.3855625948704341,140.01343799724967,30.409866567153088,7.025674164409162,4.690132202913539,12.468702946581315,6.660769427991703,0.0573164355391635,0.04091555503224412,5.261681309630532,3.1836955210462947,-0.5401142327847768,1.7595680952072144,0.9140625,0.3352507746242788,0.17939304336141504,70.3860376025169,18.796603725469893,0.5698990003467866,0.38792322432709625,209.7537812742648,51.75033634958221,7.460634289617152,3.992193283135292,10.265471991370731,5.377617824547347,0.060477168225682366,0.041166062902379334,5.196755705687982,2.7904809717511645,-0.5698990003467866,-0.5401142327847768,-0.4811922069937223
stage2_soh,87,-0.29751924065020807,0.9576059850374065,0.2084381660337601,0.1283693158631174,251.79041885175303,10.530620738670219,0.35532825083004543,0.23401462252119148,123.67745512678644,24.02939258456913,-0.35532825083004543,1.906275749206543,0.9607843137254902,0.29348846106530485,0.20062724263498596,102.63187889387902,28.1241015270624,0.561157486301854,0.41407039938677176,141.59554931267112,45.270195043629485,6.531260304125215,4.4647368451613945,12.075483212656598,6.7592049199614275,0.0595495266345919,0.04394077755137525,5.7482284545451146,3.9369353926154775,-0.561157486301854,1.8739442825317383,0.9140625,0.3360079747814681,0.17425543055105663,66.37970036550372,17.156233947952025,0.5702621904692369,0.39516156216996023,220.21048225245443,47.68080937196823,7.47748493959152,3.877861406221082,9.834760101141498,5.401207512824302,0.0605157096341073,0.041934188789827506,5.262388845210863,3.382772155856408,-0.5702621904692369,-0.561157486301854,-0.4811922069937223
stage2_soh,88,-0.21459484747363025,0.9558456799178524,0.20808222574433463,0.1267210682386141,246.2608731434001,10.43541891621869,0.3708751758951893,0.2478807509557922,131.86216118950531,25.949645185970283,-0.3708751758951893,1.4240280389785767,0.9607843137254902,0.2978358384425292,0.21028790977217404,102.6445095429545,29.738780639199213,0.5382934253987999,0.40487024682920936,148.80980410297857,38.51231053762054,6.628006367625818,4.67972428131291,12.687262167615359,6.957231326472282,0.05712321310058879,0.04296446565472853,5.517140821598648,3.959679493663184,-0.5382934253987999,1.613288164138794,0.9140625,0.3371635677737152,0.1788244329236477,68.39595258989536,16.713778450512322,0.6012871300740233,0.4115465919931012,229.67881732053263,49.08286194762873,7.503201380403513,3.9795394882732342,10.199900549476792,5.708540393812761,0.06380804825994901,0.04367295338564876,5.506938043266755,3.147756709957978,-0.6012871300740233,-0.5382934253987999,-0.4811922069937223
stage2_soh,89,-0.31455447444017637,0.9565791403843333,0.20893405960630956,0.12720844418897098,247.57745297429733,10.275389673247522,0.3567999052870229,0.23564907281166492,123.4667946576123,24.22367485678064,-0.3567999052870229,2.1687042713165283,0.9607843137254902,0.3151896351295551,0.20938650273955337,102.3589921436747,25.679244339089223,0.574251929090924,0.4301647799199118,147.88043355076138,41.19820216759323,7.0141958723730315,4.659664467211037,12.420124458403834,5.369411777387581,0.060939097100401254,0.04564869870652482,5.8335833175490155,4.313816545324194,-0.574251929090924,2.1587557792663574,0.9140625,0.3461761793244083,0.18521013633835537,81.42925004321319,17.546206150510304,0.5789536609308925,0.40837555568577955,213.40036851210095,55.425707924543545,7.703767057990557,4.121646237802706,10.320311667917684,5.627410864855305,0.061438040645248305,0.04333644587099979,5.462452480693996,3.8523059428911255,-0.5789536609308925,-0.574251929090924,-0.4811922069937223
stage2_soh,90,-0.2588070846948698,0.9552589115446677,0.20820116103251898,0.12691100659266932,252.1459572173993,10.48412334260663,0.3591544409628896,0.23914226298151464,120.02059859484298,25.552287485282964,-0.3591544409628896,2.1668763160705566,0.9607843137254902,0.290125016474134,0.19594634773538394,83.1111349091521,26.260183245152053,0.6000111649301036,0.45278588795632707,165.71862420199992,45.390468037282474,6.456410573871083,4.360568718978231,11.492322858221499,6.434405195119195,0.06367264398899578,0.04804923030131115,6.258620334120835,4.282520082433532,-0.6000111649301036,2.039588451385498,0.9140625,0.3289638833350965,0.1733011887572502,65.25398792805387,16.425884790222646,0.5982844866245205,0.4215643030620413,226.94469528266137,51.20691842099228,7.320726494386147,3.856625813088041,9.948911075669278,5.01312752728488,0.06348941044358714,0.04473602385459838,5.674030996352453,3.7399875536279783,-0.5982844866245205,-0.6000111649301036,-0.4811922069937223
stage2_soh,91,-0.28278848161196557,0.9554056036379639,0.20661841023154195,0.12644167271915,253.8855556277658,10.375655247038159,0.3594991108595071,0.23945004180826773,130.56531813466518,25.019858300758408,-0.3594991108595071,1.826796531677246,0.9607843137254902,0.3000106206447046,0.19294262710301316,87.05443450320817,25.065600043853575,0.5588437571262176,0.4100633322389102,136.04010038030128,34.543651192558485,6.676403734308065,4.293724246593609,11.671936735306016,5.769781503213307,0.05930399578000455,0.04351555119750314,5.5267665490132165,4.265718929573399,-0.5588437571262176,1.827510118484497,0.9140625,0.3328049286682543,0.17754234170024574,62.972761877848065,17.65829414599401,0.5521876994917113,0.3938136104843579,250.4455256769823,46.86897133740268,7.406204699627126,3.9510079695781632,10.681775118247668,5.641358624978336,0.058597660943416084,0.04179114537195758,5.264046549765693,3.4423639621095945,-0.5521876994917113,-0.5588437571262176,-0.4811922069937223
stage2_soh,92,-0.30183012690955247,0.9554056036379639,0.20865106147343945,0.12836448350870452,246.0576867523502,10.736974638767311,0.3511846776199437,0.2324496809101079,122.78159551235353,24.151090516036746,-0.3511846776199437,1.41481614112854,0.9607843137254902,0.31938365035801686,0.21404090001448697,108.90043450563901,28.04305405544687,0.5366962861511693,0.3972932942138583,145.95034174540075,40.907244634183215,7.107529031288787,4.763242918135681,12.819984245140045,7.3265017614517065,0.05695372612324717,0.042160406272841976,5.361592199970353,3.789413787856503,-0.5366962861511693,1.6417362689971924,0.9140625,0.32929660082488554,0.1729211168621987,91.86389002215083,16.560299256085187,0.5577948921033881,0.4065914273742237,242.53189059370047,55.89873078712244,7.328130753230463,3.8481677344574434,9.699835638362325,5.211528216544259,0.05919269116919964,0.043147115782741136,5.307015147159678,3.689895584826294,-0.5577948921033881,-0.5366962861511693,-0.4811922069937223
stage2_soh,93,-0.2509883006454581,0.9558456799178524,0.20407592075213055,0.12587843473310226,240.33905177514683,10.26447018544151,0.35985164769418215,0.23958997857123418,131.96517933956332,24.619922233402082,-0.35985164769418215,1.7200021743774414,0.9607843137254902,0.2983018202312825,0.19564253409557483,86.21645137472521,27.81657599517923,0.5186019864897007,0.384397179217023,140.30935550117084,37.35920112692796,6.638376275690628,4.353807683268908,11.693297892684766,5.996055947038299,0.05503357535287092,0.040791882173577425,5.175495954558568,4.129469283217591,-0.5186019864897007,1.866389274597168,0.9140625,0.331416052301706,0.17315575455904764,73.70603410058393,17.104603233673007,0.5700020271708157,0.39555174220731715,234.93062504897523,44.736903079988366,7.375296795966285,3.853389336253025,9.752827270845554,5.1368968959273875,0.06048810133938282,0.04197559434369439,5.312724781775408,3.217881831607469,-0.5700020271708157,-0.5186019864897007,-0.4811922069937223
stage2_soh,94,-0.3086126418744642,0.9564324482910371,0.20853462938369124,0.12826941689862725,257.4088103750288,10.467057545238974,0.3569187836605101,0.23434568058025299,120.21439994889218,24.27031372609066,-0.3569187836605101,1.878645896911621,0.9607843137254902,0.29041431045277943,0.1937793452000501,92.86616144688114,20.56136336424229,0.5460608341024252,0.40201483217670636,160.69006138274585,39.02781251316117,6.462848490619465,4.312344480156061,11.55032289768434,5.922382573412699,0.05794748351089121,0.042661451625596314,5.402001716354724,4.249845820566184,-0.5460608341024252,1.902477741241455,0.9140625,0.3349821675241026,0.1795681960084039,105.58407091670098,17.456512633792187,0.5823638603317862,0.40481517927401,228.6579905437881,46.170215569803794,7.454656736413118,3.996091111098573,10.04868792132146,5.431881596875561,0.061799927931812194,0.04295862193540714,5.444628624611172,3.4001575190928213,-0.5823638603317862,-0.5460608341024252,-0.4811922069937223
stage2_soh,95,-0.3228470942583954,0.9573126008508142,0.21044145858953908,0.12897441155427883,259.354408007398,10.408024214923447,0.3512335340458453,0.23074348805655595,120.38083939482932,23.781337019757494,-0.3512335340458453,1.8247629404067993,0.9607843137254902,0.2981405766892688,0.19717133757384384,111.62388520861232,24.035564282868226,0.5766933984438581,0.4331082235291308,153.4464038470837,40.56172622037185,6.634787979437247,4.387829509660935,12.174539814409275,6.150149733152077,0.061198183627461995,0.04596105428919689,5.975837610718959,4.4528430788422915,-0.5766933984438581,1.944380521774292,0.9140625,0.33528182201947565,0.1793781544383819,73.76798550289806,16.567907956589245,0.5737468257678,0.4097075853151182,290.5516522156561,44.151079394514824,7.461325214974348,3.991861946660854,10.379137687490822,5.213311267850473,0.06088549599103742,0.043477799654610724,5.481318965010864,3.329572363916276,-0.5737468257678,-0.5766933984438581,-0.4811922069937223
stage2_soh,96,-0.35725958328609403,0.9590729059703682,0.21043877194583574,0.12852323982156666,252.22192296784476,10.889616144403329,0.3464616356798396,0.22746039349434127,118.38875744678899,23.257571834966168,-0.3464616356798396,1.7488876581192017,0.9607843137254902,0.29808247488194395,0.19581733713401298,97.4505051327467,27.181918592127825,0.5609192682546509,0.4015526867599464,143.66757429160666,29.973510120946116,6.633494988133941,4.357697731081513,11.730149863922362,5.609796121520907,0.05952424715014583,0.04261240917053478,5.489061181843636,3.4475803987320806,-0.5609192682546509,1.8745372295379639,0.9140625,0.3304899261155109,0.17241469562759448,70.05865471868287,15.555222604262308,0.5872363924045124,0.4096020174547448,233.14033708129082,42.875916652923344,7.354686884508265,3.836897891361293,10.152165372218391,5.183851935621959,0.06231699664340492,0.04346659688842383,5.523543749254946,3.351628708585518,-0.5872363924045124,-0.5609192682546509,-0.4811922069937223
stage2_soh,97,-0.20229685856954294,0.9577526771307027,0.20559918947431166,0.12611597652480255,243.2241271272748,10.213754628805265,0.3692746741623479,0.24870882038730902,141.3107270777528,26.784408771735613,-0.3692746741623479,2.1981825828552246,0.9607843137254902,0.2897290952615932,0.19388373922921864,91.68067558326236,24.243746338480108,0.611271833651958,0.4630286425132962,130.98576832670534,44.85216531259284,6.447599786252236,4.314667653531333,11.414931718971179,6.1874489548094065,0.06486761600370516,0.049136182182362466,6.485454509873601,4.728720655419229,-0.611271833651958,1.9213950634002686,0.9140625,0.33218869999382583,0.1767539950324135,76.06138830303468,16.230387046102926,0.5958555268857696,0.4259889539462165,227.28772596730158,52.06214721785673,7.392491213703523,3.933464188542233,9.823992605068751,5.535191560990562,0.06323165142550767,0.045205563818169724,5.79370246697537,3.8023478673172013,-0.5958555268857696,-0.611271833651958,-0.4811922069937223
stage2_soh,98,-0.31840567855396384,0.9568725245709256,0.20514681882309624,0.12602039001677423,243.7974157661711,10.217212890907502,0.3514921817315727,0.23175951723724267,117.10208089650217,24.220707876687595,-0.3514921817315727,1.9899364709854126,0.9607843137254902,0.30279047287462235,0.19806431843807884,101.69385383273317,22.708042931108135,0.5926453706126715,0.4141576164128149,129.38783187996697,36.998053404156586,6.738266263603742,4.407701808727656,11.6144582401873,5.281063320548072,0.06289099253535214,0.04395003294356394,5.78774913470085,3.9796835736528036,-0.5926453706126715,1.9435566663742065,0.9140625,0.33002259462557015,0.17571225292886083,71.04882797853007,17.19944624682192,0.588801739193124,0.4189953310051351,242.56472228091837,53.53463250272606,7.344286940339971,3.910281373029238,9.867881519286534,5.638761003800191,0.062483109833652295,0.0444634068555195,5.6716097843209194,3.379687811780097,-0.588801739193124,-0.5926453706126715,-0.4811922069937223
stage2_soh,99,-0.3105590069846567,0.9576059850374065,0.20738010546641245,0.12716487781240993,254.2493985759919,10.56770555954338,0.35248550677930907,0.23252961331098895,122.87890012482086,24.010144738311684,-0.35248550677930907,1.978391408920288,0.9607843137254902,0.3045835712458288,0.20174628477908818,87.17423779767768,24.602248814091336,0.5672799123411777,0.41469662019289005,140.188428986449,38.62399781434853,6.778169679808737,4.489639887372624,12.152533937684135,6.165351050573261,0.06019923296730029,0.04400723153886249,5.625036357776907,3.787571091162566,-0.5672799123411777,1.993080735206604,0.9140625,0.32740606660007576,0.17741654084784386,67.29367970895639,17.14258973356298,0.5775648297777707,0.3988501571948291,221.13309179028502,53.0614693273624,7.286059010132723,3.948208411086033,10.069187551894235,6.1039135512825355,0.061290659135132805,0.04232561916906955,5.360728510919982,3.238531152708169,-0.5775648297777707,-0.5672799123411777,-0.4811922069937223
stage2_soh,100,-0.32410556285615993,0.957165908757518,0.20780638375735744,0.12819060653693196,253.11947807615923,10.500496310074897,0.3507568456097773,0.23096775068478376,130.63735377945656,23.679791420762346,-0.3507568456097773,1.6491353511810303,0.9607843137254902,0.29702925895450866,0.20723904212754146,101.64764326680245,28.200510314072908,0.5132083268198349,0.3517336938895431,109.6404360732213,27.613265811625194,6.610056835391711,4.611875112225851,12.764074185989278,7.472386327148091,0.054461205050399655,0.03732566255258305,4.738283534756897,3.249828449895109,-0.5132083268198349,1.7701451778411865,0.9140625,0.32878982423204806,0.1795647829039808,73.01683833240136,17.403400728298827,0.543836681096678,0.37621844346722355,236.25794146508645,47.02442785374657,7.316853002030824,3.996015156243819,10.489304263410965,6.023194433713575,0.057711458398711016,0.03992396210789377,4.953453741291969,3.0722175653267705,-0.543836681096678,-0.5132083268198349,-0.4811922069937223
stage2_soh,101,-0.28167231414820665,0.9555522957312601,0.20687495196540584,0.12782685091083487,252.68700654109261,10.531397849027547,0.3546998518343965,0.2376528748505646,124.51410417827287,25.411281071789016,-0.3546998518343965,1.9940485954284668,0.9607843137254902,0.2999548424985095,0.20318667908363483,103.3564070579178,26.59631488689671,0.5907774161513804,0.4517032226876301,158.96216868819104,43.189901656132164,6.675162453506907,4.5216942656245855,11.933552955490102,6.603620548103752,0.06269276689164216,0.0479343388388814,6.219177817430594,4.423907305776996,-0.5907774161513804,1.940524935722351,0.9140625,0.3329070156976592,0.17868773383634107,73.17747059684321,16.38678212872992,0.5755899277152517,0.39993098246122827,246.66539238555583,51.0993344457708,7.408476533280475,3.9764974016464034,10.245890194997862,5.233911434747869,0.061081084308380135,0.04244031537211399,5.343037646057434,3.3518556179427454,-0.5755899277152517,-0.5907774161513804,-0.4811922069937223
stage2_soh,102,-0.3496859582687239,0.9574592929441104,0.20596779071665586,0.12675206276442097,246.5413659348897,10.500985417918434,0.3473549595926675,0.23023189266549868,120.93611359021897,23.113645029429712,-0.3473549595926675,1.7253823280334473,0.9607843137254902,0.3100664545197834,0.20987888670289048,106.56844524156064,29.000583369019246,0.5738131005449576,0.42918905254234285,132.25749900223892,39.53188681984343,6.90018516808159,4.670621926398558,12.50910280178309,7.86245465893556,0.06089252901065115,0.045545155396710724,5.830335286611174,4.210789915831517,-0.5738131005449576,1.801642656326294,0.9140625,0.3337862861838829,0.18216228923665767,70.91087837479057,18.600971026186357,0.6115023956989318,0.42427189421869116,209.78180372394274,45.064470938745565,7.428043723085543,4.0538197797671645,10.150059319373856,5.825874854282677,0.0648920830403078,0.045023350987594656,5.641752011561266,3.134144511697242,-0.6115023956989318,-0.5738131005449576,-0.4811922069937223
stage2_soh,103,-0.3664048820869549,0.9558456799178524,0.20715155608866756,0.12680741908775747,253.6867657959329,10.338026613515016,0.3490773935622989,0.22840752543517312,127.91322260334589,22.888508819314126,-0.3490773935622989,1.649964451789856,0.9607843137254902,0.2883955469636733,0.1881479253152422,81.89074610130476,24.30647473753203,0.518814268420037,0.39568626102717486,146.41309330748373,38.50685546322636,6.417923147415318,4.1870234742943575,11.452001273691227,5.6476660759157635,0.055056102519973164,0.04198986935960616,5.37143497105021,3.684596854416972,-0.518814268420037,2.038090229034424,0.9140625,0.3285720196501597,0.17592738642815675,66.1943469945628,17.511062100344326,0.5956217094872094,0.4089761651630397,254.65933290576868,49.5763400604944,7.312006002545458,3.9150689305329935,10.260843797501174,5.876102034900299,0.06320683893392898,0.043400182007353946,5.459854486101726,3.3645268640976274,-0.5956217094872094,-0.518814268420037,-0.4811922069937223
stage2_soh,104,-0.3485650662078664,0.9565791403843333,0.20635003936134116,0.12660522199149377,245.01267214788237,10.327761522345208,0.3451301242913805,0.22880035720752476,123.48868595724048,23.65433886784877,-0.3451301242913805,2.0149471759796143,0.9607843137254902,0.30037546991456476,0.20087696043957098,113.4954542091919,24.981729904548942,0.5635654707620792,0.4199599089721839,160.24838172243844,33.85206754980109,6.684523050292677,4.470294038035005,11.960532988047433,6.572597737428404,0.05980505977502074,0.044565766999938944,5.792924781743065,4.401763726527454,-0.5635654707620792,2.044016122817993,0.9140625,0.33337745315984507,0.17779074421741825,67.5176496084294,15.359201209628257,0.5736013429228534,0.3915766043937765,207.34195576861396,48.55070302424933,7.4189455974174265,3.9565358921886964,10.273158798544276,5.214257173788434,0.06087005748266588,0.04155375630200019,5.243232274305676,2.944846019234065,-0.5736013429228534,-0.5635654707620792,-0.4811922069937223
stage2_soh,105,-0.31973151901748603,0.9554056036379639,0.20649834197774222,0.1272717513721499,246.65081341427424,10.690988668385394,0.34682997973910623,0.22884089335968896,119.40922241724772,23.524476836670885,-0.34682997973910623,2.1632320880889893,0.9607843137254902,0.2935053081852651,0.1975411129567553,93.56589507079977,23.91764008727116,0.5752235380047703,0.4354549069688016,136.79315271448317,37.53132033915138,6.531635218101173,4.396058450829817,11.19531265779209,5.6360220786405355,0.061042203362557355,0.04621008222057952,5.934996128961935,4.038790520384529,-0.5752235380047703,1.9183471202850342,0.9140625,0.3327026168634138,0.17543352891334507,64.6665658884522,15.88377002614191,0.5900006678466657,0.4113416776963277,228.4907575325625,48.90952762337017,7.403927863845667,3.9040786790911644,10.008881527353104,5.608660876731117,0.06261033906168519,0.04365120806517922,5.54794962754386,3.32575439804537,-0.5900006678466657,-0.5752235380047703,-0.4811922069937223
stage2_soh,106,-0.3207792007356545,0.9564324482910371,0.2065367044454283,0.127277571947523,243.67684319703648,10.753853678098078,0.35047572821679013,0.23132793744889374,122.87414585285438,24.319968675359256,-0.35047572821679013,1.6798957586288452,0.9607843137254902,0.3006780509555665,0.19204206512693098,103.82003081282055,25.714367775188474,0.5383485642902699,0.38438952535244764,137.03687404869194,34.65801749956348,6.69125665588215,4.2736832382880685,11.29616519992614,4.902279565896342,0.057129064390050936,0.040791069952367656,5.225288162629829,3.1499846410857693,-0.5383485642902699,1.7963123321533203,0.9140625,0.3374751474994498,0.1828695770000195,106.94793205681803,17.94618374830852,0.5507816837094281,0.3808461978696869,217.32229041609403,46.306802159297334,7.510135241744683,4.069559684755834,10.31815413892139,5.55752910977945,0.058448455815943746,0.04041505523375399,5.0965103271835845,3.026581978002767,-0.5507816837094281,-0.5383485642902699,-0.4811922069937223
stage2_soh,107,-0.30980634853272243,0.9556989878245563,0.20822399288786406,0.12741803462945392,251.35088999891641,10.281014481008539,0.34851975380017114,0.22948328692720676,123.88905518517818,23.498067396389672,-0.34851975380017114,1.9367072582244873,0.9607843137254902,0.30740789492510956,0.1998184432512989,95.5310532240724,20.726347149174043,0.5798708894111169,0.4351433175889885,160.8393637410935,41.370796325950884,6.84102187190355,4.446737911610476,11.787509871089414,5.50900229858245,0.06153537610480545,0.046177016636451726,5.916866791607512,4.429045126736818,-0.5798708894111169,1.7416990995407104,0.9140625,0.3306094380565951,0.17524522763960704,67.72970447767028,16.56391552443231,0.5863823582753777,0.4083408106525894,255.53000907919414,47.70606803351913,7.357346490251668,3.899888243017741,10.129310415299726,5.348225129241752,0.062226367311423766,0.04333275875939585,5.422848487338381,3.0889893949235856,-0.5863823582753777,-0.5798708894111169,-0.4811922069937223
stage2_soh,108,-0.3105517205419788,0.9561390641044448,0.2112279590807161,0.12841838363740302,245.79124321739693,10.586879880798755,0.3565206009390569,0.23335975467504597,123.01399208212142,24.004285465716734,-0.3565206009390569,1.6294689178466797,0.9607843137254902,0.2911630219532613,0.19214732583393068,94.69343660544808,22.286476071097095,0.5365177887497283,0.39229866573769673,129.14024447851085,42.969877879924354,6.479510234950366,4.276025698617568,11.203127154594021,5.303041718968847,0.056934784139898845,0.041630380800970986,5.244095259064133,3.6287545277091966,-0.5365177887497283,1.8022915124893188,0.9140625,0.33176976911979467,0.1748431090181839,74.25955679006364,16.327660690988928,0.5720753562351633,0.40596361118514324,239.561249593581,47.52992680214729,7.383168371579508,3.890939538935416,10.317892988907317,5.579941484748728,0.06070812115085019,0.043080492494652,5.363465814060338,3.599265849265385,-0.5720753562351633,-0.5365177887497283,-0.4811922069937223
stage2_soh,109,-0.3361560426902715,0.9568725245709256,0.20679675199957717,0.126916716369619,253.7143980023986,10.4402375609396,0.3526471223338241,0.2332303419345666,125.84792951053137,23.802403409108244,-0.3526471223338241,1.9768736362457275,0.9607843137254902,0.28487102938038344,0.1944108295309193,98.32308804988294,22.70678092757459,0.546555110021107,0.4118036875391708,145.56280653939285,35.138775543827215,6.33948891630662,4.3263974637994815,11.74188378598054,6.203794796265181,0.05799993562585515,0.04370023613325889,5.5519767913519305,4.006331357391229,-0.546555110021107,2.035545825958252,0.9140625,0.3333880992109424,0.180096483853049,71.56753962672181,19.250603544441013,0.5753567639160921,0.4028137922650785,235.4579655370726,48.47802974314277,7.419182513481096,4.007847571357209,10.139761031699138,5.306613958612992,0.061056341176180695,0.04274623655001396,5.298443807432365,3.173402768178792,-0.5753567639160921,-0.546555110021107,-0.4811922069937223
stage2_soh,110,-0.26955408471636066,0.9561390641044448,0.2093854487936072,0.12829586669063017,245.05305983923233,10.62208918230087,0.3544846538499902,0.23491718805028522,122.62429052958508,24.34940660716381,-0.3544846538499902,2.0143215656280518,0.9607843137254902,0.31544061526129913,0.20585040848556102,104.03091241313065,22.809954086389872,0.5884421849130929,0.41731237484982203,135.3514074055926,41.665798419877234,7.019781156937997,4.580972610131154,12.926459921614859,5.861113917094333,0.062444954257547626,0.04428481306528757,5.782120504316612,3.6567984141716,-0.5884421849130929,1.9983714818954468,0.9140625,0.3328027936257308,0.17610725194936094,67.97444292128458,17.948062847286323,0.6095483196611441,0.4144455227033177,228.09806840918327,45.33454884909251,7.406157186622931,3.919071638286674,10.028603282570462,6.052956775177935,0.0646847182525276,0.043980585299601374,5.540574331856218,3.2262094540622095,-0.6095483196611441,-0.5884421849130929,-0.4811922069937223
stage2_soh,111,-0.3597107876889496,0.9556989878245563,0.20785736455364914,0.1280418868756991,254.17586382141965,10.46806868629297,0.3441347818814055,0.2262314924085943,113.76031844062494,23.7475723214297,-0.3441347818814055,1.5669245719909668,0.9607843137254902,0.29815961470663493,0.1988091022871873,107.43214129702156,27.50600021985387,0.5321403128759491,0.38516520588275266,136.60897530861385,37.402136447807216,6.6352116494058775,4.424276147531911,11.734461805674142,6.225487839113915,0.05647025034590848,0.04087338447106675,5.160437560890098,3.76903792109709,-0.5321403128759491,1.941953182220459,0.9140625,0.33335685560792994,0.1762647540326725,80.51858109913495,17.771463845039328,0.5524612873042137,0.3962913569957891,272.0454258491645,48.96926455763357,7.418487221736499,3.9225766725248716,9.809600714453655,5.540804697497884,0.058626693835474385,0.04205408159837881,5.228507102172438,3.2934987561039195,-0.5524612873042137,-0.5321403128759491,-0.4811922069937223
stage2_soh,112,-0.35793651031209733,0.9567258324776294,0.20726652227991763,0.12796199195532604,249.93829538501345,10.674247723351387,0.3474893145261217,0.22615990640757583,116.97427684232153,22.825852976919137,-0.3474893145261217,1.948074221611023,0.9607843137254902,0.3063948942828022,0.19539146852113454,100.64962665965108,24.309381830229476,0.5774032805221518,0.42490657386096087,155.75288379335146,37.73980289943181,6.818478665744302,4.348220497271468,11.691711816444505,4.916943971059329,0.061273515673742555,0.04509070261914971,5.787193649759422,3.8212279530540947,-0.5774032805221518,2.0309672355651855,0.9140625,0.3407501537142915,0.18155492616460833,79.79905813529831,18.123384538614978,0.5574663084221502,0.38199636826175265,236.03233216553167,43.719969623925124,7.583016873987117,4.04030358799503,10.054662547763817,5.690783669512568,0.059157822165122886,0.040537110279028385,5.1033209422444274,3.05255519768712,-0.5574663084221502,-0.5774032805221518,-0.4811922069937223
stage2_soh,113,-0.34989464603002707,0.9554056036379639,0.20594486520133382,0.1265799601370237,246.24663195931026,10.447534964167996,0.3406649728251557,0.22389879613514738,118.41735925958099,23.2781363616877,-0.3406649728251557,2.060614585876465,0.9607843137254902,0.30303874406466846,0.1902690075118752,93.57892649288664,24.39730721806523,0.5818016958379727,0.4225633643549301,129.0537034064899,37.349790145867395,6.743791263674684,4.2342258068915966,11.405406694718549,5.156604571277114,0.06174027154244815,0.04484204333847365,5.8666974689632205,3.647313150591568,-0.5818016958379727,2.1208221912384033,0.9140625,0.33570188403549595,0.17901166790579737,70.47036325471244,17.144068788939524,0.5973961183786728,0.41384759521315573,242.6226806419553,49.99616463262441,7.470673229409213,3.983706195209578,10.125299162009254,5.866808124731562,0.06339513760608821,0.04391713377330061,5.597407742561527,3.663799779140729,-0.5973961183786728,-0.5818016958379727,-0.4811922069937223
stage2_soh,114,-0.33691816624088405,0.9578993692239989,0.20422278342874317,0.126405465447964,255.04590304447552,10.42586063919894,0.3433470493053787,0.22648088669336625,121.87731764871837,23.081541077221328,-0.3433470493053787,1.809630036354065,0.9607843137254902,0.2884313319525558,0.19715464323320808,105.09026908130454,26.461095663631152,0.5535357211584149,0.4080860152265386,162.29550774066172,33.71179833252017,6.418719502667322,4.387457995619457,11.562541730104831,5.449326598110347,0.05874071178761741,0.04330572009844884,5.460740444826602,3.9605602487038887,-0.5535357211584149,1.9331361055374146,0.9140625,0.3411637723132238,0.18090246647443564,71.0807260871439,18.257107172464487,0.568716199599114,0.3922045825747773,265.5703931441904,44.25436839399735,7.592221497318639,4.025783820986137,10.125506884264457,5.193685371433506,0.06035165047648306,0.04162039678052591,5.197938028314976,3.8432952142863233,-0.568716199599114,-0.5535357211584149,-0.4811922069937223
stage2_soh,115,-0.2971103609054166,0.9554056036379639,0.20559546116610267,0.1266447081021829,252.84439665588113,10.334245991299772,0.3505633465084413,0.22996556002210056,121.31494508980221,23.19525887574562,-0.3505633465084413,1.8167200088500977,0.9607843137254902,0.30131900160816055,0.19707335455014424,90.8574732679431,28.299054704198117,0.5508717576316126,0.3988152088999164,151.30170644355854,36.4140970376528,6.705520302020045,4.385649006104357,11.793564612462816,5.79500480942241,0.05845801437937582,0.04232191048751485,5.457793026949484,3.8813025676192057,-0.5508717576316126,1.905989170074463,0.9140625,0.3345273609998022,0.1819706871992821,74.89554351823358,16.832943147889303,0.572453491436495,0.4021881708977162,251.01332195247363,42.25213720379284,7.444535521468456,4.049555888858615,10.705599366823453,6.3080981441105966,0.06074824851757496,0.042679846174427175,5.382452655896226,3.216563972541242,-0.572453491436495,-0.5508717576316126,-0.4811922069937223
stage2_soh,116,-0.3895225565559759,0.9573126008508142,0.20740661942987737,0.12711119338523313,242.1647416948546,10.748218411448287,0.34174426326854473,0.22341025662008693,122.83294144456512,22.850236435851347,-0.34174426326854473,1.3396291732788086,0.9607843137254902,0.2957481130717218,0.19709860376429325,101.00485803985569,25.27977691658999,0.5018262027790431,0.35151422458390397,138.12212719827897,28.97697724345659,6.581546354203908,4.386210899370904,11.78286977370211,6.645956763672226,0.05325334430672107,0.037302372667692145,4.7333072286690925,2.874310000217468,-0.5018262027790431,1.9456549882888794,0.9140625,0.3337949646130528,0.17861648390498885,78.24279576604494,17.990193078982195,0.5556236188523348,0.3878267446998507,220.1766711007045,48.1202548978615,7.428236851904759,3.974911813420471,10.383713623213332,5.758311859021912,0.05896227760892323,0.041155824571300084,5.160066415996839,3.504989639606538,-0.5556236188523348,-0.5018262027790431,-0.4811922069937223
stage2_soh,117,-0.383305044348278,0.9545254510781869,0.20829198877357505,0.12767011651335383,251.922294107546,10.448009907283213,0.33813941212791093,0.22163605350657842,112.08772976216713,22.86737611025501,-0.33813941212791093,1.837101936340332,0.9607843137254902,0.31165345004923967,0.20054545629696519,97.45261876472155,24.09261292108026,0.5887289422094166,0.42566258179060384,143.11941833967987,37.20218301418828,6.93550199405403,4.4629167808869905,11.890266753264655,5.413459282682586,0.06247538468335845,0.0451709294991989,5.849757082180031,4.038379439531593,-0.5887289422094166,1.9847278594970703,0.9140625,0.33691086313756835,0.17655613181523222,69.4118389054296,14.54745315756657,0.5882143118874397,0.416437419680733,254.96119196337935,53.48473995627238,7.497577718905056,3.929060962019009,10.506424861690803,5.027158233273585,0.062420772577463715,0.04419196361140412,5.554993911652042,3.383264372814419,-0.5882143118874397,-0.5887289422094166,-0.4811922069937223
stage2_soh,118,-0.34510268887169676,0.9552589115446677,0.20716426125340784,0.12692603639127392,243.84581663463564,10.5968221870413,0.3442228189496381,0.22573611271397281,116.97802908710779,23.132035364279073,-0.3442228189496381,2.1930735111236572,0.9607843137254902,0.2886587709964208,0.19238191094322532,103.74519269819527,25.11625890500267,0.5804717069029371,0.43840817044324737,149.07569566074616,37.036999772970574,6.423780906422043,4.2812461301354325,11.162730993218451,4.775919078584992,0.06159913431547724,0.04652347987849808,6.018884023200099,3.835139371582207,-0.5804717069029371,2.0046586990356445,0.9140625,0.3218465353956322,0.17893125418231648,68.63138747229254,16.691542576422194,0.600316968684847,0.41068981462012744,252.10644429875447,43.553341968032555,7.162337807148023,3.981916676949913,10.571376005024902,4.934796914667535,0.06370509560780613,0.043582032943104095,5.498175109552723,3.2790187657082557,-0.600316968684847,-0.5804717069029371,-0.4811922069937223
stage2_soh,119,-0.35854143124618576,0.9552589115446677,0.20635750672200312,0.1269457404915961,245.90709564376948,10.516591844577514,0.34043975731077486,0.22471374375872707,123.76761047270912,22.921963303615435,-0.34043975731077486,2.420125961303711,0.9607843137254902,0.3139636091138361,0.20874351858362264,98.90546997241051,25.055711317212225,0.6599345632258189,0.48788200727864806,172.42678679774434,37.415049673186985,6.986912022714257,4.645355567710973,12.198835087352068,5.855115500829814,0.07003166100285142,0.05177359884912939,6.713818896266656,4.395943008522793,-0.6599345632258189,1.9970405101776123,0.9140625,0.333446442127834,0.17641557659771934,68.27444777428973,15.742216982536181,0.6166405381992028,0.42847577558859484,236.90808961835754,51.97770875830173,7.420480870410489,3.925933061489812,10.303165468783483,5.25689699205642,0.06543733809105773,0.04546946308930701,5.772448007224218,3.4216753497557977,-0.6166405381992028,-0.6599345632258189,-0.4811922069937223
stage2_soh,120,-0.36683114738395806,0.9556989878245563,0.2050150897728008,0.12597621427818878,236.96327708694173,10.4464954371327,0.3420327945254483,0.2238975124324616,119.54419226865174,22.881803794996642,-0.3420327945254483,2.0501441955566406,0.9607843137254902,0.31395911458640763,0.21454484275012625,108.81880021447886,26.229967922436582,0.5923954467250278,0.4372208942020056,169.77925365622355,37.180995215354514,6.986812001989516,4.774457604985332,12.934962909765343,6.965699057781058,0.06286447083766984,0.0463974871939553,6.0553629300648275,4.148846901147613,-0.5923954467250278,2.075430154800415,0.9140625,0.33860185629405165,0.1777678130147251,68.4730152772137,15.906005350249487,0.6125888800431499,0.420416911591019,257.0447353891052,41.97344584174512,7.5352088967626045,3.956025583697072,9.970403671000165,5.133176579333805,0.06500737977958945,0.044614263705920275,5.6214005533683,3.3843823869201817,-0.6125888800431499,-0.5923954467250278,-0.4811922069937223
stage2_soh,121,-0.3875540410959075,0.9590729059703682,0.2044710082567329,0.12524474145040174,237.40719771975697,10.262185982373044,0.340814994409765,0.2221515031433908,117.2899046304116,22.725360247276065,-0.340814994409765,1.8877304792404175,0.9607843137254902,0.2878425082226776,0.1964705670800279,79.56421783895205,23.319322093622823,0.5595002807821418,0.4224041240910689,164.8657843931182,36.34557212833172,6.405615883400243,4.372234639280175,11.744193538906998,5.5111316183656065,0.05937366547859904,0.04482514490520746,5.701522084509377,4.188385181081434,-0.5595002807821418,1.9549391269683838,0.9140625,0.3381156131613884,0.1777640798700304,71.75050386706276,16.620048509869807,0.5797614392626957,0.39668995719694067,227.24127142877848,45.13885466512704,7.52438809495326,3.955942506700908,10.132889335813026,5.271737196738657,0.061523761353710335,0.04209638069243788,5.336214545614391,2.881924981424181,-0.5797614392626957,-0.5595002807821418,-0.4811922069937223
stage2_soh,122,-0.38509919694289446,0.9577526771307027,0.20784243857955373,0.12774011185469245,254.07995731605382,10.538501508883426,0.3413009627653484,0.22142775346823795,120.70907194211595,22.140055895432674,-0.3413009627653484,2.046490430831909,0.9607843137254902,0.2952374046310499,0.19531470949889398,95.70115090544293,26.427028541752218,0.5323416831471215,0.3886820698777835,127.54728229477335,31.320009772540764,6.570181104090037,4.346512310335861,11.609800832575614,6.0705604522772685,0.05649161957757572,0.041246590908215974,5.3192266722960015,3.843276465629622,-0.5323416831471215,2.0331976413726807,0.9140625,0.3363373810079496,0.17590415483027755,68.55579621539482,17.412928295978006,0.5665420857218273,0.39071514047827804,206.88085780868408,45.733234275840914,7.484815509942191,3.9145519370795574,10.01917200168696,5.704908727754483,0.06012093547151122,0.04146233852778713,5.232602833613331,2.7342493175389375,-0.5665420857218273,-0.5323416831471215,-0.4811922069937223
stage2_soh,123,-0.410942825829334,0.9570192166642219,0.20644675076682112,0.12695869989768305,250.26797794418914,10.519018447238036,0.3334840454952615,0.21808370349957973,113.64045035580722,22.690323438321048,-0.3334840454952615,2.0309839248657227,0.9607843137254902,0.3051111367558734,0.2030776444749505,107.52178505583895,25.419593032127352,0.5677145553101898,0.42777288453105616,176.75233000617496,39.95863879166387,6.789910065311707,4.5192678212973005,11.81541339600669,6.278801101124241,0.060245356887396746,0.045394872923847474,5.818469885159014,4.238991888810924,-0.5677145553101898,2.1587278842926025,0.9140625,0.3386261004038185,0.1829861850328598,78.3816485258026,19.475963191125807,0.611019144766106,0.43765304008411476,283.79667086775476,53.360048845909525,7.535748422545507,4.072154667240895,10.620824877461317,5.977051986961692,0.06484080088690528,0.046443346125440446,5.8417185107672704,4.274980931847883,-0.611019144766106,-0.5677145553101898,-0.4811922069937223
stage2_soh,124,-0.3757558567040964,0.9568725245709256,0.2058129989516791,0.1265733972944164,249.16745945512756,10.419775246000077,0.3326329781182634,0.22047859430572683,116.19902084955876,22.759787239127995,-0.3326329781182634,2.198021650314331,0.9607843137254902,0.2816770407817559,0.1847001354703132,102.62486032483054,24.0048211704352,0.5981805175556206,0.4421300474262121,160.0155536051835,47.766305928692034,6.268410241287085,4.11029673393321,10.873376405892907,4.749916005868373,0.0634783773397103,0.046918442109133825,6.202977489065715,4.638317108218678,-0.5981805175556206,2.1578736305236816,0.9140625,0.3256651846564704,0.17665882298570068,65.15767395374664,16.760815698445274,0.6045826447495506,0.4157958693758701,231.58422079021364,53.03998374988805,7.24731761263053,3.9313462401619055,10.06885984492017,5.145252022425838,0.06415776530683065,0.04412388287132768,5.593459501755531,3.215822560985547,-0.6045826447495506,-0.5981805175556206,-0.4811922069937223
stage2_soh,125,-0.38053455603023034,0.9581927534105912,0.20560606898617864,0.12610421050783946,244.21086421147334,10.647999977134582,0.33453982022256396,0.22050644892809027,119.03711333681372,22.30110825402953,-0.33453982022256396,1.9720149040222168,0.9607843137254902,0.28721805053562577,0.19880695242946053,92.93433455033288,27.502934790183996,0.5719672304591711,0.42368138110374703,134.68582831990452,37.394356864724344,6.39171926992439,4.424228304831795,12.118756314269334,6.40004163272903,0.06069664694096347,0.04496068626810888,5.807579835431429,4.139988090263955,-0.5719672304591711,1.8714699745178223,0.9140625,0.32450612297677633,0.17481112264249532,62.74123538089909,17.82491276502605,0.5501990310208977,0.36906791668297956,233.66489165770253,38.03152426020745,7.221523980025211,3.890227717608439,9.626721524005717,5.428902677394552,0.05838662523782383,0.03916515465083588,4.931349303701631,3.083763424743651,-0.5501990310208977,-0.5719672304591711,-0.4811922069937223
stage2_soh,126,-0.4009481520968937,0.9576059850374065,0.20694272350814202,0.12801253891235648,243.56606614134424,10.86232748659706,0.3282808901552468,0.21583504344945867,112.67998991950904,22.135107299218827,-0.3282808901552468,2.174290418624878,0.9607843137254902,0.2982329500323923,0.1969849482982182,84.89741973550625,23.779229659587703,0.5955520869819972,0.45175822849805447,178.1368209459181,41.77033844488108,6.636843645772177,4.383681622985631,11.642067116658636,6.246142647171636,0.06319945065643165,0.04794017600590294,6.159611357993962,4.815907984259171,-0.5955520869819972,2.112666368484497,0.9140625,0.337459342950566,0.17940332767284417,71.76457639481802,15.749455862584036,0.6186907164893448,0.43529865776508814,281.4715768657403,50.916825788564665,7.509783529032113,3.992422149083712,10.248267674370481,5.353829611198601,0.06565490116323386,0.046193501195920125,5.810532280419276,3.5949639732942074,-0.6186907164893448,-0.5955520869819972,-0.4811922069937223
stage2_soh,127,-0.3704073033200623,0.9576059850374065,0.20759721129489106,0.128019473734654,249.50654016408657,10.760874674613415,0.3366667268641219,0.2209868122338817,117.91256696037281,22.381007063303947,-0.3366667268641219,1.996353268623352,0.9607843137254902,0.29635823407393214,0.1941147824639783,92.97528822070637,26.594495315036117,0.5999448898885282,0.4442035247224803,153.73753246283763,37.76562626880712,6.595123920654,4.319809264558374,11.46300574357008,5.921616661777214,0.06366561094132227,0.047138477650839,6.081089288020144,4.0141522216150705,-0.5999448898885282,2.018665313720703,0.9140625,0.33317229483855254,0.17799601576007262,69.51242467152932,16.99349824859632,0.5888174245439008,0.398446768107533,264.33947992409185,44.35613174151136,7.414380026440445,3.961103982781556,10.404786378494377,5.01056095976309,0.062484774348938385,0.04228281188272941,5.302193428929023,3.151509027197303,-0.5888174245439008,-0.5999448898885282,-0.4811922069937223
stage2_soh,128,-0.3912043099452695,0.958046061317295,0.20654840706224592,0.12630129538472915,248.01421288381673,10.530459268372207,0.3366088571319007,0.22005920297448048,118.04608428150671,22.392107152668363,-0.3366088571319007,1.7986630201339722,0.9607843137254902,0.29455259176686427,0.19464040806918753,97.41394980229774,26.1790634585229,0.5697816260821026,0.4152777923599762,137.49308033767113,36.92496273276101,6.554941353064137,4.331506479630044,11.372471174007305,5.254504101953125,0.06046471257451201,0.04406890500538125,5.657913619206275,3.919590037266264,-0.5697816260821026,2.10166597366333,0.9140625,0.33433656966026215,0.18313073141871428,75.25079218270949,16.32818649411653,0.5886697237477104,0.4129952098519425,238.83679655074067,46.29719089037603,7.4402896717413975,4.0753713867964425,10.759328426148048,6.4935928079710035,0.06246910047358007,0.04382667940708512,5.546882225891103,3.03174763762473,-0.5886697237477104,-0.5697816260821026,-0.4811922069937223
stage2_soh,129,-0.3901106608400111,0.9562857561977409,0.2095872704208383,0.12811459361468847,250.9501022191302,10.767749154169671,0.3317416105314803,0.2183295368746052,112.02629690695551,22.23129419849309,-0.3317416105314803,1.9953086376190186,0.9607843137254902,0.29820954042520176,0.20220773210566417,91.44743839302394,23.944359182740833,0.5441885113276081,0.40607560217818794,143.08084366465485,37.46063404011321,6.636322690918878,4.499908886009131,12.293829374033951,5.87779215746668,0.057748794305687336,0.04309237687788832,5.499232822838355,4.0691740032332495,-0.5441885113276081,2.0397725105285645,0.9140625,0.32710327637626796,0.17422239808183804,73.63126151716384,17.136794668111133,0.554211940660668,0.3847472207562532,227.6093550075007,44.06455433231524,7.279320749411825,3.877126305242422,10.126057792581967,6.103015115202048,0.058812471591671044,0.04082902826620281,5.170033357061161,3.0598072554722675,-0.554211940660668,-0.5441885113276081,-0.4811922069937223
stage2_soh,130,-0.3794071568593927,0.9592195980636644,0.20826131758982833,0.12774414261551653,245.60871660492134,10.835971053404814,0.33870952890411843,0.2216335099870966,119.47622242684378,22.745238451395362,-0.33870952890411843,1.6994088888168335,0.9607843137254902,0.2953834302517075,0.1980447884210769,107.08146021622683,25.769940365395104,0.5422580058064298,0.3846988501575063,142.01144365635182,30.89578036756913,6.573430742376069,4.407267189852622,11.8283594352541,5.821421590152792,0.057543930799883895,0.04082389522186371,5.261883576515433,3.1929611394119206,-0.5422580058064298,1.7793761491775513,0.9140625,0.33100762075188384,0.17607078267064935,69.69984262829885,16.544610718159642,0.5701560313937993,0.3929397794781835,251.19329659492064,44.08319701228693,7.366207604661716,3.918260054923211,9.967526615193021,6.134550475593647,0.0605044441287107,0.041698415213229326,5.207437769123899,3.2773915166081604,-0.5701560313937993,-0.5422580058064298,-0.4811922069937223
stage2_soh,131,-0.40347884265107287,0.957165908757518,0.20873246895937375,0.12722983888854683,237.95055850649902,10.62559827627661,0.33974353305219573,0.22277182441630214,120.14299364491465,22.70778680036835,-0.33974353305219573,2.2708919048309326,0.9607843137254902,0.2913047144950062,0.19246117065788484,92.85601783705611,28.485256625720055,0.5751775246271472,0.44290956909603935,159.55789024915376,44.83292965736012,6.482663445369372,4.283009967208254,10.813947248731568,5.77476688459335,0.06103732046439916,0.04700116424609674,6.03586317419741,4.580856183785759,-0.5751775246271472,2.3284058570861816,0.9140625,0.3270131176474538,0.17734030466272088,65.0972775093294,16.868552907512964,0.56764174608922,0.4047574512405845,245.66798145846207,48.75730428410774,7.277314366862962,3.946511859310798,10.355172210139397,5.446418631987963,0.06023763043849565,0.04295249588853447,5.4682703989234565,3.4506118972230917,-0.56764174608922,-0.5751775246271472,-0.4811922069937223
stage2_soh,132,-0.39703873621765184,0.9584861375971835,0.2046045010872267,0.1267191233045509,246.19927409429067,10.601180060326165,0.338349171871872,0.22087579383859782,121.2191936571464,22.720954539447284,-0.338349171871872,2.0533695220947266,0.9607843137254902,0.29895325307531806,0.19815502304802923,101.95069668486319,23.295539495002966,0.5670693583194492,0.4191925630484726,136.69389560776114,41.6913590372911,6.652873191377223,4.409720339255977,11.674976803347178,6.284907100757758,0.06017688916430199,0.044484336942178994,5.767946785490945,3.8384529075761944,-0.5670693583194492,2.139284133911133,0.9140625,0.32938671238730033,0.17726720780228788,64.74411668478893,17.5663697744394,0.5814286726924631,0.404585292286356,233.0036085896254,56.548338786868605,7.330136086143402,3.944885169725901,10.002598636512033,5.697518810931234,0.061700686662479375,0.04293422653549103,5.44206545490163,3.1736722688795784,-0.5814286726924631,-0.5670693583194492,-0.4811922069937223
stage2_soh,133,-0.40594167054766206,0.9558456799178524,0.20553558932558905,0.126086992168537,246.56269580626315,10.38777339963934,0.33389999218653765,0.21683132351297288,110.4509862690883,22.39719227421357,-0.33389999218653765,1.9311786890029907,0.9607843137254902,0.2854626479805568,0.18760215750365866,91.25465144779626,24.435143649417505,0.5690279534461421,0.44050669914805424,167.03255989640985,33.5198322936645,6.352654732313384,4.174878016751919,10.93033980820622,6.18213424503197,0.060384733513723435,0.046746173853096734,5.994403811740549,3.837912181669551,-0.5690279534461421,2.2206344604492188,0.9140625,0.3394812817811136,0.18611608625178633,74.72622064860647,19.256949611834756,0.6448177730090777,0.45177971762313973,275.22405908956136,49.070726221520175,7.554779535939474,4.141807148680222,10.231264538109926,5.581282047802976,0.06842748085090537,0.04794245641248729,6.040097933270992,4.070977419786491,-0.6448177730090777,-0.5690279534461421,-0.4811922069937223
stage2_soh,134,-0.3973981273328172,0.9574592929441104,0.20604482520717377,0.12638878952434487,237.20724693065648,10.495385086710982,0.33001945640995495,0.21692054047332185,118.95062776637856,22.385909714898432,-0.33001945640995495,1.7680370807647705,0.9607843137254902,0.2858688824760095,0.19118739061934106,95.45033220014892,25.996160481673098,0.5745052949917463,0.4016797834386428,141.04847010748128,36.69422713267109,6.361695030608881,4.254663404717414,11.035667420157269,6.793633126478103,0.06096598406141952,0.04262589655551663,5.511666793846966,3.3291295777598484,-0.5745052949917463,2.1083555221557617,0.9140625,0.3406452582405663,0.18187079116069071,71.31627758744679,16.500358653378505,0.5660244701162697,0.3880042076634709,233.41537052096473,44.71664123132291,7.580682541519198,4.047332813276621,10.47616558783008,5.890980831773014,0.060066006570013764,0.04117465678103928,5.173540170222131,3.1254293655027467,-0.5660244701162697,-0.5745052949917463,-0.4811922069937223
stage2_soh,135,-0.4275309118214496,0.9573126008508142,0.20736915227139507,0.12721387229583042,243.74876884034688,10.432065015785646,0.3284157212978096,0.21460179988613431,114.42605554453228,21.888316669916463,-0.3284157212978096,2.1087374687194824,0.9607843137254902,0.3046109941396912,0.20437986516923295,99.78017341982783,23.986344769599544,0.573310472135185,0.4251615591712442,157.7308492858237,37.884537310564795,6.778779945907302,4.548247299048845,12.732161411013099,6.3379961897035235,0.06083919053686137,0.04511776143044032,5.799137761220842,3.973262588069938,-0.573310472135185,2.0572242736816406,0.9140625,0.33838787418852906,0.18241673787088075,79.48319974025557,17.05797006638699,0.5910487590450882,0.40886145122203743,257.1602550553397,46.969653236245094,7.530446962250699,4.059482252009201,10.370662255207295,5.356148053710784,0.0627215615549415,0.043388008667334735,5.434274908390171,3.39689188572979,-0.5910487590450882,-0.573310472135185,-0.4811922069937223
stage2_soh,136,-0.3532792335078044,0.9574592929441104,0.20821087012758455,0.1279905890831848,249.85985880588615,10.435374961770618,0.33601659564901465,0.22170033093825478,113.63299764568494,23.151410328111997,-0.33601659564901465,2.1460375785827637,0.9607843137254902,0.30629644783561044,0.1996175517857659,100.2625945572032,23.864709722505303,0.5929189849518527,0.43708243889405446,161.55161068380443,37.141161787267755,6.816287849211713,4.442267294777667,12.396947731387332,5.137945759353615,0.06292002824239767,0.046382794441475285,5.959322922930821,3.972199534433117,-0.5929189849518527,2.153322219848633,0.9140625,0.33115623723987325,0.17748107624538534,66.34354705078343,18.061312391920495,0.5852296301107768,0.3992696734567289,234.5316593086562,45.84981260545224,7.369514899827668,3.9496445748065554,10.35803936047688,5.532085741186852,0.06210404083763344,0.04237013785664207,5.381460961386399,3.3100646315158806,-0.5852296301107768,-0.5929189849518527,-0.4811922069937223
stage2_soh,137,-0.4311229517439934,0.9562857561977409,0.2078437603162053,0.12749767796472108,246.7626597708856,10.619852602790308,0.32959505416726875,0.21483943033893768,114.69413675663009,21.977063456160728,-0.32959505416726875,1.5386793613433838,0.9607843137254902,0.30508939582207284,0.1999846028857956,109.48612311028579,26.92235819080524,0.5241912380591814,0.3760606881377159,152.7039239290848,32.46855043511957,6.789426244934611,4.4504356100514855,12.056719890728605,5.946011252912392,0.055626701691428186,0.03990722125452269,5.034396932538777,3.01220235232237,-0.5241912380591814,1.9015109539031982,0.9140625,0.33487816841436163,0.18040195271714765,71.9708844432228,16.65193316067903,0.5609552609070132,0.392509497141873,307.18915039142996,44.42041581719312,7.452342351531854,4.014645442247914,10.661491964760511,5.813507702922714,0.05952806665797176,0.041652754039544604,5.18355469367955,3.374293891990403,-0.5609552609070132,-0.5241912380591814,-0.4811922069937223
stage2_soh,138,-0.42620724022554585,0.9556989878245563,0.20922890594303392,0.12816045090625272,250.59895585053454,10.725623433614514,0.3281183844290587,0.2153385353870433,118.78373586688141,21.965791664122467,-0.3281183844290587,1.8347266912460327,0.9607843137254902,0.2846747397180201,0.19389598140967826,80.19075609429724,27.03036426992545,0.5654827844713975,0.4138112472479834,149.2656027194528,37.10032652364004,6.335120707501236,4.314940089684296,11.167349007785322,5.598515961812945,0.060008523377640316,0.04391327655999957,5.512630080086258,3.881617883946224,-0.5654827844713975,2.038252830505371,0.9140625,0.3283524094439238,0.1757804080425558,66.34428643385732,17.159012533663496,0.5526021788176781,0.38579429660603637,233.95866508522818,45.53815946427444,7.307118820892175,3.911798089519499,9.872016725073099,5.802390065528488,0.058641645115887535,0.04094014301157673,5.135919645403156,3.018658718547707,-0.5526021788176781,-0.5654827844713975,-0.4811922069937223
stage2_soh,139,-0.4203231684077743,0.9534986064251136,0.20801917589505986,0.1277630086518929,241.2598607831213,10.593880528408977,0.32912469009739065,0.2150512362818865,119.8573166539194,21.678293474081332,-0.32912469009739065,2.327937364578247,0.9607843137254902,0.2958268112904768,0.19622431596850648,108.88026923853522,24.40166471108322,0.5951417049170994,0.43113641086600574,155.69962113482993,41.761165568913924,6.583297695807916,4.366754593817098,11.739471994729048,5.791454445630272,0.06315590128161166,0.045751807306723166,5.960337349549548,4.014115791384432,-0.5951417049170994,2.2509024143218994,0.9140625,0.3219701096940726,0.1791535526917869,67.64998528849273,17.899820351869973,0.5874221686760107,0.4104747553283232,232.1807969016533,52.40284974091915,7.165087816150367,3.9868636838111033,10.229274581973876,6.009701351515394,0.06233671105388275,0.04355921104490631,5.517208606077623,2.958018469204317,-0.5874221686760107,-0.5951417049170994,-0.4811922069937223
stage2_soh,140,-0.40709878267108024,0.9573126008508142,0.20723827362102273,0.1278653325780366,251.1054895541236,10.6622339583482,0.32339481428417843,0.21179805013250183,114.31560781843385,21.594711588563904,-0.32339481428417843,2.0084893703460693,0.9607843137254902,0.2850485151166091,0.18992289312768215,90.03900653000132,24.014225674262903,0.5060692785836816,0.3793136772206601,121.0181696367764,32.40530679510736,6.34343866458412,4.22652341501574,11.47579275734906,6.041428540314796,0.05370361568651871,0.04025242552385079,5.175759034121589,3.56645803162961,-0.5060692785836816,2.043219566345215,0.9140625,0.3149565179922857,0.16875406254803238,76.25108129466415,14.603676733236464,0.5440806602477395,0.3818601438724727,243.61667884582243,46.61404948848083,7.009008108945014,3.7554345607971946,9.450797110715733,4.818958872297897,0.05773734924630563,0.04052265426962688,5.050564268605992,2.9207596486966207,-0.5440806602477395,-0.5060692785836816,-0.4811922069937223
stage2_soh,141,-0.4158066089235129,0.9562857561977409,0.2085806634054547,0.1278710089854402,241.24022910920445,10.69859762459698,0.33331317169240676,0.21644553028721156,109.95953219280628,21.588041439460916,-0.33331317169240676,1.9686436653137207,0.9607843137254902,0.2948261272027365,0.19482300426884025,97.49771837693756,28.926877324667334,0.5396709147993991,0.39955959187857076,161.90407788515947,40.468142172454684,6.561028580914932,4.335569955605035,11.626957552560448,6.0313673310760985,0.05726939103414973,0.042400903738243526,5.414696102799228,3.8122789262583168,-0.5396709147993991,2.063417434692383,0.9140625,0.33446895627784057,0.17587137523332785,67.17108108369666,17.509956870089542,0.5652606248199711,0.3869153974301298,263.6053963680552,51.911172196093325,7.443235789135752,3.9138224634928767,10.137783784241247,4.8663356224962,0.05998494799567947,0.0410591132205004,5.116129051783236,2.9629719785048723,-0.5652606248199711,-0.5396709147993991,-0.4811922069937223
stage2_soh,142,-0.3787518667915935,0.9565791403843333,0.20620322271046243,0.12647824500074964,246.53085571291314,10.269147497518503,0.33016993629005637,0.21665600216467285,119.65596429098166,22.585959565822176,-0.33016993629005637,1.8024612665176392,0.9607843137254902,0.30040193979114815,0.19980139687072998,100.94681303114264,28.95766667840197,0.548280462611658,0.37099627441927496,107.66288362683397,39.09576311311174,6.685112108048326,4.4463585633105955,11.798183941243515,5.8109194009277205,0.058183028487579544,0.0393697902356435,5.193507000457444,3.2769483329940443,-0.548280462611658,2.23909592628479,0.9140625,0.33601993665805757,0.1757715959847701,64.31745771114964,16.50791918341699,0.5909381854190392,0.3989888223077287,197.53731366774534,49.24729668537316,7.477751137892633,3.9116019869435936,10.19175882279287,5.1917089904448765,0.06270982758141318,0.0423403341858616,5.371828402335575,3.0094282251270075,-0.5909381854190392,-0.548280462611658,-0.4811922069937223
stage2_soh,143,-0.4258205970221642,0.9590729059703682,0.20641541709965305,0.12703899782498265,248.1168383126372,10.832760314018968,0.3283349041081632,0.2145681984626162,113.97857183967547,21.571708028215628,-0.3283349041081632,2.1634624004364014,0.9607843137254902,0.304782983209758,0.20475629925289573,95.20354736566652,29.598966383969476,0.5707470350330205,0.4188048533419622,189.21639005921233,33.31032726502451,6.782607371973706,4.556624422220307,11.907381357409008,6.3994219984291885,0.060567160902190595,0.044443193537594856,5.702145427153329,3.760370349137475,-0.5707470350330205,2.1479909420013428,0.9140625,0.3359843836391983,0.1726313414201286,68.01053814575769,16.261462490391025,0.6012933375617231,0.4238909427440376,264.24462194960756,58.09078457123782,7.476959944876305,3.841719103274354,9.67593602217187,4.963034759635848,0.06380870699294847,0.044982924760483475,5.666389786768325,3.874268285735554,-0.6012933375617231,-0.5707470350330205,-0.4811922069937223
stage2_soh,144,-0.39434174908926467,0.9576059850374065,0.20575053794970677,0.12711023477888264,242.4047880085403,10.565762183725923,0.32935269850035714,0.21666836957611854,115.90603413563979,21.890945610776523,-0.32935269850035714,1.9477579593658447,0.9607843137254902,0.30108734748271554,0.1971191341313077,100.4851403895547,28.441651195230367,0.5240894552745821,0.38952399830461715,144.06623889803816,37.66190505396823,6.700365096298109,4.386667779926357,11.811900739240826,6.036965292706171,0.05561590059407068,0.041335935593980674,5.329802340351464,3.7839524662499318,-0.5240894552745821,2.051192283630371,0.9140625,0.3390767302094611,0.18378373951600224,77.83313057450631,18.2708635210021,0.6095242108834475,0.4147336151145282,244.25658296839498,48.88405150884418,7.5457766892472575,4.089903357997654,10.693144105399075,5.269175897722734,0.06468215985076943,0.04401115740660055,5.54904263004574,3.369909302481667,-0.6095242108834475,-0.5240894552745821,-0.4811922069937223
stage2_soh,145,-0.42278092884503277,0.9551122194513716,0.2057602513491499,0.12622412172279618,240.3422858381058,10.550933255284898,0.3285410160795543,0.21539073089849178,115.59606852551755,22.02414150328526,-0.3285410160795543,1.9361761808395386,0.9607843137254902,0.2900679769207217,0.19218630215847024,108.81619684667177,28.4163717737072,0.5706963728811993,0.40455557621431115,136.6229588106839,31.538493601938505,6.455141221850855,4.276893073506319,11.746486763415682,5.539227654841325,0.0605617846803048,0.04293107309271087,5.54561048163506,3.402322107785389,-0.5706963728811993,2.10866641998291,0.9140625,0.32564576819449276,0.17034996881739062,72.83996761971318,16.564053499102087,0.5294462507940466,0.37258073135308223,253.20852370352713,44.801815164625175,7.246885520796661,3.790949685406624,9.882475982417255,5.171076240396065,0.056184358906129654,0.03953793137727368,4.986119261699651,2.942029382113027,-0.5294462507940466,-0.5706963728811993,-0.4811922069937223
stage2_soh,146,-0.4036232156060703,0.9578993692239989,0.20701940910973526,0.12664256824955925,248.19471792723567,10.419183137811352,0.32906006339260124,0.21452575509433833,110.75712449804894,21.724989225614944,-0.32906006339260124,2.3064868450164795,0.9607843137254902,0.3034243966113763,0.20897736849592013,104.83680925154572,27.164771775582636,0.5937232182330153,0.46322313093525525,178.31409081415447,39.57958885374326,6.752373533520506,4.650559638234795,11.937393623815364,6.3654302731533345,0.06300537275328115,0.049156821118394284,6.275337138537702,4.095534538954918,-0.5937232182330153,2.0484778881073,0.9140625,0.3296562062064109,0.17400823555180978,65.20663062470297,17.650646596370592,0.5978743913299586,0.4103710863055312,273.30366173240964,46.86350077467757,7.336133372294195,3.8723603555831847,9.842970585002709,5.058802775914641,0.06344589150057672,0.043548209781652,5.465183128960195,3.2979380673435266,-0.5978743913299586,-0.5937232182330153,-0.4811922069937223
stage2_soh,147,-0.439249544920452,0.9549655273580754,0.2073266315796621,0.12781096434969882,249.6682086284597,10.740223860698697,0.32196760709017425,0.21112424545716868,110.7405083995879,21.728240746000488,-0.32196760709017425,2.4755072593688965,0.9607843137254902,0.28072863164394035,0.18837248676401727,89.08262333910203,24.9499492865694,0.560162044574178,0.4380082644010876,158.20627449875823,49.02426628970906,6.24730444744633,4.192020840360804,11.502374806533712,6.536483869138775,0.05944389125571443,0.04648104220976828,5.990743180585277,4.70667109588978,-0.560162044574178,2.380514621734619,0.9140625,0.3311292386371147,0.17513660906297446,80.5779147559914,15.809372238837085,0.6125418443373594,0.4185722782276571,249.86997339406037,43.511392303200175,7.368914075857199,3.8974710570225026,9.775252450483936,5.411926581251156,0.06500238839288763,0.04441851287610154,5.600801316812731,3.12187903501083,-0.6125418443373594,-0.560162044574178,-0.4811922069937223
stage2_soh,148,-0.3904561672468453,0.9574592929441104,0.20602677104379985,0.12677160379476435,246.50413157834174,10.35488392376962,0.33178040390247415,0.2177427599783913,119.39573735441863,22.093459818675427,-0.33178040390247415,2.1449928283691406,0.9607843137254902,0.2905734136625985,0.19366788473345486,100.14805852818658,26.089196729494287,0.5701395541986825,0.4250467934956153,160.2808576468818,44.279477087283496,6.466389156152886,4.30986405105057,11.991407287633551,5.740357377537115,0.06050269558361701,0.04510558260038919,5.803742005342902,4.4002000634246,-0.5701395541986825,2.2124993801116943,0.9140625,0.3339579896488234,0.17817679727704672,75.10364095098161,15.96958595190145,0.5879064105827722,0.4038494806809467,250.18407166944343,43.58063431757176,7.431864793326518,3.965127075005511,10.108659741823713,5.6523948259176064,0.06238809836854609,0.04285614287116514,5.410125117795328,3.5605028139462975,-0.5879064105827722,-0.5701395541986825,-0.4811922069937223
stage2_soh,149,-0.4417473303838019,0.9543787589848907,0.20802645782192666,0.12732735627814604,244.52509689759222,10.474906070616068,0.3228194734644175,0.2109473031967112,111.07405236735711,21.287167166185657,-0.3228194734644175,2.120283842086792,0.9607843137254902,0.3061588427332166,0.19956239506456197,99.10507310904218,24.886734859271236,0.514971770214987,0.3915096804426581,142.56408428685845,39.92638485218565,6.813225600223634,4.4410398431007,12.293404111075647,5.871527002788064,0.05464834007397433,0.041546654392630895,5.313778931798095,3.8393165543830774,-0.514971770214987,2.3449933528900146,0.9140625,0.34248811459269624,0.19010588613855361,72.09052506405614,19.6871901332256,0.5994341272206253,0.41240815232595196,279.91376521965753,45.98855148485123,7.621693266421916,4.23059572158445,10.765852599317546,6.258995652812727,0.06361140926739167,0.04376438139158435,5.419032295243694,3.218587797354604,-0.5994341272206253,-0.514971770214987,-0.4811922069937223
stage2_soh,150,-0.4018712690258823,0.9573126008508142,0.20716753443965752,0.1271061807885483,242.56135781182266,10.35431780482443,0.32861460631939293,0.21487239839725533,113.41494809334235,22.10440556239995,-0.32861460631939293,1.8590075969696045,0.9607843137254902,0.2976693537405435,0.19777017725887253,100.22921645608528,24.969641465034183,0.5611206364617789,0.402811799673181,167.73427620425116,26.03529485988798,6.624301435168246,4.401156022904986,11.586198758679037,6.526555009009938,0.05954561616277857,0.04274602509795784,5.532865010328888,3.3664971218299824,-0.5611206364617789,2.0606536865234375,0.9140625,0.32854217670968106,0.17343952829651244,68.71585465077072,15.430276206155632,0.5760313332370527,0.3980347713586525,253.68777633403047,45.67162245765897,7.311341880992607,3.85970440615434,9.87982045844327,5.504599594986679,0.061127925864482985,0.04223909115910063,5.290035252358049,3.1539492021578575,-0.5760313332370527,-0.5611206364617789,-0.4811922069937223
stage2_soh,151,-0.4435941968230675,0.9556989878245563,0.20677812204872384,0.12769996659030727,244.22152076397217,10.570445589675062,0.32597955447782134,0.21131312413977504,107.34936163060901,20.976195054557728,-0.32597955447782134,2.3100931644439697,0.9607843137254902,0.29280191352135504,0.1857530434853306,95.72628536781627,20.543628015527513,0.5035722975280005,0.38642051505545777,144.92431403497633,36.14255866870054,6.51598194972444,4.1337280344259675,12.001260935926572,4.390212204102166,0.05343863830759916,0.04100659674897343,5.2581289713547275,3.757821108290915,-0.5035722975280005,2.3794541358947754,0.9140625,0.33402393849398426,0.17793682806041033,70.11693737265568,15.449131932872437,0.5762282925529976,0.41542218844551826,305.5414322324701,48.230195042012426,7.43333241175669,3.959786826148229,10.502662057600036,5.316776723197904,0.061148827009557385,0.04408422818782434,5.517840260834089,3.7689893204960088,-0.5762282925529976,-0.5035722975280005,-0.4811922069937223
stage2_soh,152,-0.3685344534700561,0.9570192166642219,0.20758770489874698,0.12770553918495814,246.83676522245463,10.649172388829676,0.3327217362026693,0.22064841665202953,120.11826415355969,23.52361617575767,-0.3327217362026693,2.2448203563690186,0.9607843137254902,0.3075535147084604,0.19738681844490416,89.41157636524902,24.100960317922297,0.5909173271463407,0.44856750822680835,172.84159266172958,37.63847164338793,6.844262478730279,4.392624797538169,11.9381281512925,5.177476455999528,0.06270761412031546,0.04760157964674488,6.129237857045095,4.725797108605808,-0.5909173271463407,2.0830698013305664,0.9140625,0.3325159142638716,0.1742996703414974,69.60174660925709,16.850896972584543,0.5984644290157674,0.4163527166529093,291.08326976232917,49.72701976300419,7.399773004493989,3.878845913707748,10.023266253454135,5.172933412191043,0.06350850576795118,0.044182975002440415,5.5503618162390005,3.2786463969550628,-0.5984644290157674,-0.5909173271463407,-0.4811922069937223
stage2_soh,153,-0.4308038432961495,0.9567258324776294,0.20632710897183254,0.1267519470211214,248.1832272891519,10.567789161985152,0.33148679613227783,0.21421924463275302,112.04266080353584,21.366070140682282,-0.33148679613227783,1.9122233390808105,0.9607843137254902,0.3028849514586611,0.20034528476204358,108.91300436345212,26.237733501054024,0.5888424428507424,0.430588903197763,187.5352034488831,31.24240744398638,6.740368779741115,4.458462185311737,11.843572048050875,6.282719770195795,0.06248742926910961,0.045693706286477426,5.9019506624889475,4.028566714415942,-0.5888424428507424,1.9978065490722656,0.9140625,0.3195083582477023,0.17360473122062103,61.86749402242536,16.304418613458388,0.5910448211847199,0.41300243103614775,283.9590121116821,43.70920516965564,7.110304267107452,3.8633808140663906,9.766190447825878,5.433443612241911,0.06272114367274868,0.04382744571264402,5.487991682736717,3.897418647728092,-0.5910448211847199,-0.5888424428507424,-0.4811922069937223
stage2_soh,154,-0.45709857790875297,0.9561390641044448,0.20773218639221627,0.1280630469016591,246.14663442443631,10.522658931774178,0.3264487901395656,0.21196851361399766,116.5920068858087,21.707769759594086,-0.3264487901395656,2.0236151218414307,0.9607843137254902,0.3061867996653009,0.20103823718633138,92.61350820529195,24.64820394407191,0.5576432685385754,0.4098780850934632,150.6559160749002,41.62757073047279,6.813847750750727,4.473883073223209,12.402815664707582,6.240995313212582,0.05917660101317101,0.04349589293740493,5.568993310504398,3.883363671521431,-0.5576432685385754,2.223001718521118,0.9140625,0.33872607734608723,0.18032236994804407,72.42256432274907,15.729579382418946,0.5822911345604393,0.402721635888156,280.4687797695267,49.95637000167095,7.537973298549139,4.012874415956618,10.319136125992118,4.946712682510642,0.06179221033850985,0.042736456998362135,5.347554173783152,2.8811831487069908,-0.5822911345604393,-0.5576432685385754,-0.4811922069937223
stage2_soh,155,-0.42445112270498025,0.9584861375971835,0.20789758329733143,0.1265983730385858,240.66716771531426,10.476920279732683,0.3263093292832065,0.21479479814005925,113.47348934700119,21.850568232764246,-0.3263093292832065,1.965824007987976,0.9607843137254902,0.3008174121692526,0.2054743332532691,104.10931662545548,29.07710795434945,0.572315802636538,0.4240724034972635,162.58073039648798,42.13134117796844,6.694357985180001,4.572603472799087,12.04892894647623,6.917034475984398,0.06073363710623237,0.045002181212052135,5.715537060148681,4.0676444485908885,-0.572315802636538,2.219365119934082,0.9140625,0.3277060445240796,0.17705631351964257,74.35211585768602,17.986032830945774,0.5817945473822348,0.4132750810604193,293.9875126171053,46.11802795214242,7.29273468623954,3.9401919512885946,10.600708008509578,5.582851733493526,0.06173951295476866,0.04385637908746057,5.453318060734564,3.5414996047687985,-0.5817945473822348,-0.572315802636538,-0.4811922069937223
stage2_soh,156,-0.44549525550458546,0.9586328296904797,0.20569016990703187,0.12700728767361447,246.51140959173318,10.560574010758266,0.3222438344264481,0.21099295380898395,113.05514208667752,21.143562764827074,-0.3222438344264481,2.2359397411346436,0.9607843137254902,0.2927063307133343,0.19315500042456038,99.17772448618155,28.451311925011485,0.5914937262465216,0.43903357780301105,172.49226106885183,33.63867476951837,6.513854860306625,4.298450379401836,11.236745362851858,5.860571681466655,0.06276878107327655,0.04658984754379139,6.058850984323618,3.5848579533726617,-0.5914937262465216,2.315822124481201,0.9140625,0.33415601371977216,0.1780432245341217,65.6154529489497,17.50172073138304,0.5977938731018748,0.420144883908506,274.6551708924459,50.39792422961439,7.436271599471995,3.9621545617066483,10.276167030648693,5.20882518188742,0.06343734697878936,0.04458539637345019,5.634230792852401,3.5660534163604973,-0.5977938731018748,-0.5914937262465216,-0.4811922069937223
stage2_soh,157,-0.45896857280491277,0.9555522957312601,0.2062742443705853,0.12733592727805315,246.079335528494,10.651726851296216,0.32544035669410487,0.21175829516072087,115.99944689944464,21.393425871305926,-0.32544035669410487,2.3497250080108643,0.9607843137254902,0.30979898603406486,0.19645667539946005,100.10445618234091,23.800084175549102,0.5906836173928547,0.44107275934634255,173.01702755152735,35.310859334788624,6.894232953479909,4.371925495331138,11.60394251925696,5.132472698147684,0.062682813051935,0.046806243651108165,6.104143755710643,4.364742547514014,-0.5906836173928547,2.273235321044922,0.9140625,0.3418458772693749,0.18307191619351215,70.0548786387522,17.101150854271054,0.5824299017399773,0.398304507980356,241.032493486646,50.51895901939915,7.607400986853546,4.0740625191692565,10.89979447857621,5.937409629999801,0.061806936186521555,0.04226771536626272,5.341711161961391,3.1771064364696615,-0.5824299017399773,-0.5906836173928547,-0.4811922069937223
stage2_soh,158,-0.4255187803865992,0.9552589115446677,0.20913820637884623,0.12863358945135087,251.5210103255863,10.752910186651057,0.32227241526975114,0.2116491286538583,114.44206476186486,21.600884906541463,-0.32227241526975114,2.09973406791687,0.9607843137254902,0.2986064369665931,0.20136387993161584,108.32783845945154,28.824712703990386,0.5805240952333256,0.4257150255508867,172.05214113939752,37.07236265716064,6.645155183399927,4.481129891472494,11.993863280463126,6.9600742588219795,0.06160469371787667,0.04517649478376876,5.848230054088869,4.010490959271808,-0.5805240952333256,2.022559642791748,0.9140625,0.3293330772808876,0.17569290505161916,69.79893052865815,16.800734833749466,0.5683352915745138,0.39520662186987465,264.2043763226684,44.93091626355973,7.328942496316568,3.909850807472627,10.458199501755674,5.875111928426823,0.06031122886025239,0.04193897048456686,5.2830863035562325,3.0076566210301987,-0.5683352915745138,-0.5805240952333256,-0.4811922069937223
stage2_soh,159,-0.41382190136593316,0.9558456799178524,0.2084069687805206,0.12706036026038595,239.03529115271115,10.70958786144917,0.32531123771847315,0.21372320305221892,113.24770285162744,21.510184340940537,-0.32531123771847315,2.6424269676208496,0.9607843137254902,0.3073474044013058,0.21115034405945562,102.43088573478694,27.157589161256258,0.6521523026226128,0.4962216499718089,178.4212413706648,51.53810004327458,6.839675722363424,4.69891680017717,12.38591610736115,7.634332013930817,0.06920581452235258,0.05265859421460548,6.80393935836906,4.63373101536702,-0.6521523026226128,2.357267141342163,0.9140625,0.33178035050325494,0.1746697318940278,70.42582543485284,16.45312177981323,0.6006087493482593,0.42150442665297305,258.29216969008434,51.18620988104675,7.383403848536613,3.887081223264217,9.900674041288921,5.610890921551302,0.06373605910880446,0.044729669824038976,5.666405920681018,3.489164224976446,-0.6006087493482593,-0.6521523026226128,-0.4811922069937223
stage2_soh,160,-0.47259230639589345,0.957165908757518,0.20606701063750138,0.12626289442113006,246.7313729456546,10.499969969995373,0.31768848476181033,0.20547454300049234,113.97671193706296,20.375387823090307,-0.31768848476181033,2.028475522994995,0.9607843137254902,0.3098680845998629,0.20259560407230667,103.16941101394812,27.303603404706855,0.5713216096397066,0.40690443332434867,146.46851100311258,39.364893798334,6.8957706654507005,4.508540546584882,12.137673033114059,6.301106873417411,0.06062813424154655,0.04318033169203356,5.506529557662137,3.812429681099063,-0.5713216096397066,2.1199238300323486,0.9140625,0.3405439321688107,0.18512389156785503,78.37014488186429,17.35444498331264,0.5923230651860811,0.4020717042803881,277.7297229934654,46.36460458930435,7.578427642134643,4.119726956056627,11.076062643580013,5.931194755175537,0.06285678977399953,0.042667486841976084,5.313303098013103,3.055405119653493,-0.5923230651860811,-0.5713216096397066,-0.4811922069937223
stage2_soh,161,-0.45026837154901567,0.9543787589848907,0.20614092509825085,0.12726051568676502,251.8821891296304,10.587531971452988,0.3212538974522048,0.21006155095059187,109.46084964268132,21.418179120910356,-0.3212538974522048,2.4285006523132324,0.9607843137254902,0.2883743920123215,0.1959214309486104,94.56047868100184,29.55929555525298,0.5924668026491274,0.4473931527532199,164.80867826404014,45.80108929188422,6.417452367427927,4.360014223514357,11.521114400993788,6.224075587822357,0.06287204306401704,0.047476958102419045,6.057193641521119,4.5251112644915406,-0.5924668026491274,2.2826294898986816,0.9140625,0.33160844063162837,0.17153065114143828,66.82980554999241,16.452794483371925,0.5957369696790361,0.40916086031938903,271.80543505451607,41.33249055434621,7.379578184943683,3.8172244614807638,9.637643001002706,5.006313743187279,0.06321907024159329,0.043419781690866646,5.460516636435609,3.3957317649117735,-0.5957369696790361,-0.5924668026491274,-0.4811922069937223
stage2_soh,162,-0.4247268606040141,0.9545254510781869,0.20760352142465088,0.12792448177451432,250.32441894145575,10.533182204167058,0.32426057807063313,0.21166036057125986,113.72859124880497,20.960327605694008,-0.32426057807063313,2.1967668533325195,0.9607843137254902,0.30914230775005574,0.20483231453188494,100.97562477521805,28.15612998282857,0.6091888150494877,0.4411963025363637,161.49549034224918,39.39402225541186,6.879619306342432,4.558316057974459,11.878559827540512,5.573765469304779,0.06464656794718608,0.046819353943074814,6.049960413223533,3.725948060857862,-0.6091888150494877,2.1472463607788086,0.9140625,0.33177941170787484,0.17867018866127182,65.7189961287779,17.505693722701764,0.6030622551067699,0.4191982412521611,269.67902085159415,49.77624655812724,7.38338295668629,3.976106953227945,10.420356131507031,5.608287522927924,0.06399642292837572,0.04448493950803624,5.591537286482781,3.3402327993243732,-0.6030622551067699,-0.6091888150494877,-0.4811922069937223
stage2_soh,163,-0.46494969888675663,0.9564324482910371,0.20849952454680817,0.12741475562177446,247.7094119559569,10.52582794169271,0.31705359939637595,0.2066939374441804,112.75222246460581,20.88253529727446,-0.31705359939637595,2.0455894470214844,0.9607843137254902,0.2993750502351048,0.20404640486573472,104.65538489566316,27.483461640373903,0.5818612103514871,0.4382800037296964,166.18361240903545,47.96832262227252,6.662259819512818,4.540826509709006,11.83941433170647,6.613297515835312,0.06174658716897757,0.046509878942381955,6.0219869665136,3.686650080386914,-0.5818612103514871,2.343045949935913,0.9140625,0.33833291727650705,0.1786074992687645,69.55366288629656,20.251687589062747,0.6090979128832428,0.4263978590242914,282.9769329701435,47.104577441433506,7.529223957105544,3.9747118703027544,10.284919559642471,5.48626190976775,0.06463692149124085,0.04524895645647936,5.629272627654128,3.923721397100838,-0.6090979128832428,-0.5818612103514871,-0.4811922069937223
stage2_soh,164,-0.4311026652415022,0.9567258324776294,0.2071912456560291,0.1275594834023391,244.6426261190078,10.689755459330955,0.31856713514387863,0.20916357201666025,109.02023881959595,21.725073337892972,-0.31856713514387863,2.102336883544922,0.9607843137254902,0.3079741625065003,0.2060351379434852,107.80138876047911,27.654118986064518,0.6056200810939011,0.43633394440015155,159.23098944873107,28.03610103213175,6.853623529094518,4.585083559403787,12.959725586424689,6.2766408570262335,0.06426785711657683,0.04630336488045445,5.920139296390808,3.3525412037847433,-0.6056200810939011,2.144688606262207,0.9140625,0.33379405998601785,0.17631122851707914,68.97415879511334,16.60657130447536,0.5821763602145654,0.3862100415790337,245.97607883757743,36.36061672226421,7.428216720433077,3.9236109106480948,10.096996667542921,5.41778073776822,0.06178003058838012,0.040984261493370255,5.126404855438884,2.868044947808729,-0.5821763602145654,-0.6056200810939011,-0.4811922069937223
stage2_soh,165,-0.46384640119546877,0.9570192166642219,0.20823189146718055,0.12773250660910826,247.96219240962583,10.398494174347903,0.31764730123802704,0.20729385309954304,109.84045492961182,21.092656869931744,-0.31764730123802704,1.9132000207901,0.9607843137254902,0.2953875102696949,0.19851874644119366,97.57163304147201,25.4840706739111,0.5539833114353054,0.408594634073476,141.36181889681222,38.77097664648485,6.573521538652776,4.417814600103008,11.734491978619646,5.201099409478405,0.0587882096643556,0.04335969427203096,5.43177274327519,3.8066205675192246,-0.5539833114353054,2.2551982402801514,0.9140625,0.3305726007342792,0.1721836867636739,61.07016551033754,15.411359456412052,0.5628933044308158,0.40789595017849933,315.93334697696605,48.744017590257194,7.356526716485848,3.8317570452191685,9.920931441202283,5.103882791153795,0.059733730089819116,0.04328555056687028,5.346708072153186,3.792265863385316,-0.5628933044308158,-0.5539833114353054,-0.4811922069937223
stage2_soh,166,-0.412405602040486,0.9574592929441104,0.20749430477305716,0.12793534359024028,251.8556509591172,10.639351028286779,0.32215514074100055,0.21424601862385478,123.28028455886253,22.197891236736623,-0.32215514074100055,2.2519099712371826,0.9607843137254902,0.31242790024070904,0.1984922849737546,99.77711602079069,23.522861495100237,0.6105130586423044,0.4399159404211769,170.65531411053547,41.472294049370504,6.952736524415823,4.417225729483543,11.34416787078818,4.940651810373274,0.06478709548361944,0.04668348306949402,6.1117842275036685,4.129131851580927,-0.6105130586423044,2.427130699157715,0.9140625,0.3344840449347999,0.18102302152874472,67.13612252243723,16.066686199396404,0.6052780093395171,0.42805127938481746,269.7631129558798,47.03039568091613,7.443571570467269,4.0284666400578395,10.250735038565054,5.885750724062346,0.06423155677033557,0.04542441593479122,5.698977637395842,3.4848385868071583,-0.6052780093395171,-0.6105130586423044,-0.4811922069937223
stage2_soh,167,-0.44008549969619853,0.958926213877072,0.20718336730116071,0.1271391549478007,250.6968735744787,10.414848453373757,0.31757683538971027,0.2069056208766106,111.22183284221565,20.986269628955824,-0.31757683538971027,2.4568474292755127,0.9607843137254902,0.2962411902233297,0.19184063064555326,96.14729964586053,25.415610855836828,0.5999059945318218,0.4506145177737755,166.98727878734184,39.361311723217405,6.592519239527841,4.269200537239691,11.57880816068352,6.19218785655779,0.06366148340112777,0.04781880645475152,6.160978473052668,3.9662844438007174,-0.5999059945318218,2.297116279602051,0.9140625,0.32788178135748286,0.1693497067772114,66.0428507586853,15.083804401544935,0.5629674256360798,0.39132116883047274,235.58793794765026,47.066999401285145,7.296645514623775,3.7686899627141806,9.808142071472354,4.932816149341379,0.05974159576531095,0.041526649710264915,5.2447211839543595,3.0882403321379983,-0.5629674256360798,-0.5999059945318218,-0.4811922069937223
stage2_soh,168,-0.47003275541610795,0.9562857561977409,0.20912497514428607,0.12764826786649852,250.9158318596433,10.473944238128809,0.3141624405232979,0.20510500677560303,110.47410209213139,20.962159340109995,-0.3141624405232979,2.4884185791015625,0.9607843137254902,0.2994808894908878,0.19545175361574865,95.89620387355394,23.670535147159597,0.64091525310942,0.4612648681755744,147.00132143317612,47.080260414610386,6.664615154804041,4.349562075212742,11.429406655414807,5.431599945028164,0.06801334895677666,0.04894901203946059,6.426875313536076,4.148454558359589,-0.64091525310942,2.3267669677734375,0.9140625,0.33295684797548025,0.17606608754249464,75.19953710417941,16.36684208929571,0.6160649483019359,0.41480359156412305,232.67876752702477,41.7601890390786,7.409585495373279,3.9181555700517166,10.078251668668956,5.2239773064642545,0.0653762570099805,0.04401858324435672,5.57304880413872,3.5954961941465022,-0.6160649483019359,-0.64091525310942,-0.4811922069937223
stage2_soh,169,-0.327031108727374,0.957165908757518,0.20398140329927947,0.12523950939561948,246.0760822471464,10.384509281465713,0.3300904445205959,0.2210540983785483,112.83697388234013,23.34442111445581,-0.3300904445205959,2.0907835960388184,0.9607843137254902,0.30148934334490635,0.1985113665680675,99.66868855391616,21.204243301027017,0.5600564787214364,0.42376033972729654,162.94421025017263,40.382945051602306,6.709311068509824,4.417650369208808,11.84158693261798,5.738694159507348,0.05943268870257562,0.04496906528606886,5.784397815493347,4.339100916302528,-0.5600564787214364,2.0094594955444336,0.9140625,0.32570396518750344,0.16883569733363402,60.78542288771258,13.972518230931586,0.59522360220954,0.4071770455411752,282.0522190922037,42.73900420427036,7.2481806303518725,3.7572512524405393,10.180947833666572,4.525864549947004,0.06316459214846554,0.04320926105475809,5.42474431215,3.257720987430802,-0.59522360220954,-0.5600564787214364,-0.4811922069937223
stage2_soh,170,-0.489730773695022,0.9565791403843333,0.20504676570355723,0.1262034484536659,240.3172619509731,10.57033445456821,0.31546286858645917,0.20720402241554847,112.89784215833645,20.955245398033544,-0.31546286858645917,2.086458444595337,0.9607843137254902,0.29962465558328677,0.19764485118874148,101.56659232932411,26.222245394319888,0.6125975646662969,0.45866125599280294,177.19779231150147,39.01401518036488,6.667814509793864,4.398367030165892,12.280662255707899,5.9576755869499465,0.06500830138396972,0.04867271906144853,6.302335131558392,4.143078900481506,-0.6125975646662969,1.9224096536636353,0.9140625,0.332608013259605,0.1764360625475092,99.82263610785958,16.404318098273343,0.6214369571372983,0.4215181833933457,252.27974908837774,51.296814501470706,7.4018225655319245,3.9263889535891776,9.806031915972788,5.42038399702885,0.06594632974540972,0.044731129676927384,5.6680885637273155,3.217570391989865,-0.6214369571372983,-0.6125975646662969,-0.4811922069937223
stage2_soh,171,-0.471761639200034,0.9552589115446677,0.20856480517412235,0.12793098721844215,248.57389923785325,10.638430326964802,0.3175111638181888,0.2076180840593645,102.83854728665524,21.105373505443577,-0.3175111638181888,2.9034879207611084,0.9607843137254902,0.2932081327385587,0.19965612468327962,96.67272453329541,25.466458840034882,0.5845412731510515,0.46712694868591487,186.73907079781662,47.10226597174342,6.525021908019445,4.443125691845246,11.603717768526437,6.321019822807326,0.06203099301753324,0.049571090739301486,6.304876219314594,4.867939359647611,-0.5845412731510515,2.5061230659484863,0.9140625,0.33965897404921486,0.1795529790524597,75.427345777809,16.56711398998445,0.6134514251247409,0.43236956121836556,309.10010636180584,43.12986551431713,7.558733880354878,3.995752474615397,10.173749192821102,5.350005587734301,0.0650989122861737,0.04588266811058814,5.740528423590095,3.5755229815481373,-0.6134514251247409,-0.5845412731510515,-0.4811922069937223
stage2_soh,172,-0.4984002230287,0.9546721431714831,0.20884359166151797,0.12746037254905093,258.0009755184521,10.423020298312583,0.3155011998870158,0.2057528777337758,116.15439539494982,20.935015831248656,-0.3155011998870158,2.060084581375122,0.9607843137254902,0.3052991029894736,0.20151190266159236,96.36246415907287,26.985746185145565,0.5497678806742409,0.41204299182430204,128.11515359026336,38.06540829305049,6.794093045438327,4.48442397321218,11.799033267511291,5.531549089145651,0.05834087195166353,0.043725630888294786,5.623631642462105,4.186189527224955,-0.5497678806742409,2.23179292678833,0.9140625,0.33418295008818116,0.17669414252122806,69.02739265172768,16.81616960521084,0.5814689688004212,0.4008980059370515,267.2379667556861,46.37334064170901,7.436871038486014,3.9321322372655496,9.89085739075558,5.70622187797195,0.06170496284913409,0.04254293503172027,5.282484780399688,3.3003041049816972,-0.5814689688004212,-0.5497678806742409,-0.4811922069937223
stage2_soh,173,-0.49589487785675385,0.9573126008508142,0.20727411638295054,0.12800251303904073,251.3700682695724,10.63409931087539,0.3132696838760213,0.20428773502840963,110.78335345170996,20.628284062959693,-0.3132696838760213,2.2046189308166504,0.9607843137254902,0.2891620327869923,0.20059237946920536,93.32253927665438,24.2097609254485,0.5698922658892727,0.4374996695083146,183.81182364019054,36.49618808217732,6.434980439594189,4.463961004060479,11.837638190523464,6.27384990316585,0.06047645357112125,0.046427070578180504,5.902576667771229,4.259542132824416,-0.5698922658892727,2.0105509757995605,0.9140625,0.3268429621405318,0.16986844837992976,71.88854535732905,15.379333292747946,0.5525554920934411,0.3928954715593136,255.9357380765202,45.14660328421998,7.273527744711433,3.7802339819428568,9.916321512069064,5.008811536194743,0.05863669076279363,0.04169371329681679,5.197420377217484,3.1977360840120737,-0.5525554920934411,-0.5698922658892727,-0.4811922069937223
stage2_soh,174,-0.458912618868124,0.9584861375971835,0.2072779377786507,0.12676595429557466,247.44301387007562,10.501252222487846,0.3170316510178263,0.20708675161922138,107.77824986826027,21.33346199050965,-0.3170316510178263,2.2109971046447754,0.9607843137254902,0.3021954104018647,0.20707575345010149,96.84597282858559,23.684622241143057,0.546082010874991,0.4156708051541857,132.23906483384573,41.64328881383047,6.725023808030908,4.608241303751046,12.745047384002907,5.616944941492225,0.05794973077090774,0.04411061116885195,5.657175484748922,3.998780260887728,-0.546082010874991,2.42036771774292,0.9140625,0.32266092365340565,0.17050985224523174,81.08154169858904,16.1008443673121,0.5503425130878034,0.3808615988382371,228.9806695408621,41.342059660081986,7.180461114895232,3.79450771382708,9.733555524876515,5.556256842520104,0.0584018514254331,0.04041668957065453,5.007765861689679,2.8266293515048178,-0.5503425130878034,-0.546082010874991,-0.4811922069937223
stage2_soh,175,-0.47811455584628604,0.9592195980636644,0.20763056181056874,0.12679529527474936,248.54686172392215,10.630525864986753,0.3151799542605074,0.2050210404242171,110.04346788614413,20.996574815999537,-0.3151799542605074,1.7477315664291382,0.9607843137254902,0.29589566580934173,0.19698680378496647,99.73371110031364,24.658842986557605,0.5235941769257,0.39636907518348274,169.59087108222326,36.35615063333776,6.584829976784789,4.383722914785996,11.746314615467455,5.85096980444769,0.05556334210211746,0.04206232898240386,5.34751312145909,3.693201953586369,-0.5235941769257,2.365614652633667,0.9140625,0.3362862058081097,0.18184563430440903,71.40446018094431,17.66035822562338,0.5632456525660973,0.3914450626834878,258.2624688284583,38.35715417553114,7.4836766626087865,4.046772975332013,10.373400185477749,5.111490607392767,0.05977112095633837,0.041539797214272395,5.197261921869211,3.0823062105858274,-0.5632456525660973,-0.5235941769257,-0.4811922069937223
stage2_soh,176,-0.4589223215897202,0.9577526771307027,0.2066327597876012,0.12716357865293895,249.17244515942377,10.703242610022995,0.31700649860856983,0.20602570221295835,111.75902611104287,20.900512389041317,-0.31700649860856983,2.0062308311462402,0.9607843137254902,0.3093176688321028,0.20193058745387724,105.44342046375853,21.655385515532906,0.5873172688032252,0.42499459925673755,166.90625010518895,35.84162365199615,6.883521772796836,4.49374133905977,12.176657306398027,6.09204394098498,0.062325579173936586,0.0451000437948059,5.821434118353863,3.9586578640138392,-0.5873172688032252,2.3035221099853516,0.9140625,0.33317984678027374,0.1774253340827272,69.73960725249259,17.391344233199767,0.5834835081975241,0.40724015689920634,295.01293486487026,48.50802887806583,7.414548086530453,3.948404094779116,10.064273873216123,5.12429653174045,0.061918743954104835,0.043215958375185534,5.418452522836568,3.425615767433002,-0.5834835081975241,-0.5873172688032252,-0.4811922069937223
stage2_soh,177,-0.47838199957035776,0.9578993692239989,0.2059365821538905,0.1265479066490868,259.7674409481852,10.329542804990973,0.3114132799103428,0.20444684295106427,113.56225899191674,20.867450008436663,-0.3114132799103428,1.9410696029663086,0.9607843137254902,0.2816046854391635,0.18956679803337537,114.91853535263319,21.587856375114274,0.5150197434981032,0.3882033086801861,136.7092621188506,36.181757132350185,6.266800053359593,4.218598913502128,11.804376487110236,5.033692520306743,0.054653430955536854,0.04119578520146897,5.353038947966183,4.055423472248719,-0.5150197434981032,2.110276222229004,0.9140625,0.32845748572358746,0.17326895171390788,75.68513129103627,16.12326916378732,0.5572305142676676,0.3736096037500829,228.8600867951834,42.53473825408264,7.309457176995789,3.855908413430352,10.156084688472863,5.667881824123709,0.05913279990198747,0.03964711438864642,4.958201923657535,2.865420202812916,-0.5572305142676676,-0.5150197434981032,-0.4811922069937223
stage2_soh,178,-0.4679548937291261,0.9587795217837759,0.20696234760303733,0.12806847320543868,254.75185477701945,10.676268535268026,0.3127033989050016,0.20365491438112898,108.50208409444733,20.252613219831876,-0.3127033989050016,1.9461145401000977,0.9607843137254902,0.2860365811745939,0.18996615265952607,99.97769962935219,22.740413229727984,0.6157016748154926,0.4598712887907145,204.56994328246628,36.32273097391284,6.365426979214772,4.2274861079341655,11.122657598266757,5.274742629869119,0.06533770675504376,0.04880112665127297,6.2977564823713745,4.4853427936579395,-0.6157016748154926,2.093295097351074,0.9140625,0.33134973195157935,0.17579127736644296,66.8058450711437,17.40345417948194,0.6076872603999582,0.42571380196750397,293.10158250264885,51.932160535404186,7.373820910104995,3.912039974271557,10.719617945793482,6.271984323809915,0.06448722432123764,0.045176364938203095,5.693222607240807,3.784816685281768,-0.6076872603999582,-0.6157016748154926,-0.4811922069937223
stage2_soh,179,-0.48707197466885677,0.9583394455038874,0.2074958494342666,0.127942728154999,255.63901238469379,10.635366829625017,0.3168991578295427,0.20579423424539858,110.41450867012615,20.889256954165553,-0.3168991578295427,2.2375242710113525,0.9607843137254902,0.2908056006891983,0.18951702698626938,111.81109693083118,24.44561410840807,0.5695453668596302,0.4258518384440857,173.5388305583484,39.32966532835693,6.471556220999182,4.217491314031001,11.358157434731407,5.880683813820084,0.060439640958780724,0.045191013244675705,5.788719658940281,4.523733881270769,-0.5695453668596302,2.321928024291992,0.9140625,0.33051905652956026,0.17371945651211718,68.72704779778543,14.720723193335271,0.5824362398763907,0.4015010082148365,313.83844835028157,45.52840875511683,7.355335149575424,3.8659338982302724,9.969350140223952,5.377482583377229,0.06180760878384471,0.04260692508990932,5.3038376296360825,3.141773759301783,-0.5824362398763907,-0.5695453668596302,-0.4811922069937223
stage2_soh,180,-0.5082177185358252,0.9558456799178524,0.2062419118775088,0.12697184615738027,244.03984281757332,10.574868753377308,0.3089599255786928,0.20056065816484972,113.75085624569758,19.57638873838908,-0.3089599255786928,2.044497013092041,0.9607843137254902,0.30724522165288154,0.2041204229508545,99.02830065865781,26.111934114636803,0.5355963284412569,0.4104058900665419,164.2906615589562,39.10813920659127,6.837401758589425,4.542473700127926,11.6959779506607,6.086433165223724,0.05683699960254258,0.04355190312539931,5.498011019528326,4.113191039149593,-0.5355963284412569,2.0715954303741455,0.9140625,0.33072917509035993,0.17338816187657358,69.58833076422802,16.05756478609095,0.5605891040253183,0.3905823196473648,289.72531463057703,46.49067236177952,7.360011105183114,3.8585613034296404,9.624517003652082,5.279433340019125,0.05948921041972991,0.041448243700931614,5.182808829775096,3.002868786077728,-0.5605891040253183,-0.5355963284412569,-0.4811922069937223
stage2_soh,181,-0.46544818464954596,0.9570192166642219,0.2090416548060006,0.12798530023958432,236.7564124127749,10.645139664898986,0.31833986141971315,0.20753627626260326,104.53547382145359,21.412346905132505,-0.31833986141971315,2.3048179149627686,0.9607843137254902,0.30856919016445256,0.20275772300859293,102.26782381492868,23.56165022090276,0.5718276692570534,0.4170851372547594,152.77049027727597,37.689555627045465,6.866865209902459,4.512148323767228,12.1783347746793,5.960580986688899,0.06068183683199133,0.04426069881652517,5.716340774275236,3.8662082435217147,-0.5718276692570534,2.313906669616699,0.9140625,0.33637298931580945,0.17755431450314063,71.92255269605653,15.777885600311071,0.544562303379548,0.38171824983874103,254.39203894936415,46.16374066619166,7.485607933353928,3.951274411032089,10.257968256264737,5.596475805682429,0.057788460781313424,0.040507596602666604,5.071217072589615,3.077783492350602,-0.544562303379548,-0.5718276692570534,-0.4811922069937223
stage2_soh,182,-0.4764408163701192,0.9556989878245563,0.2068482125320287,0.1269553176464,247.64154795325663,10.618475614982033,0.316165869197913,0.2069649319106734,115.28985898390347,21.08326478774744,-0.316165869197913,2.1184072494506836,0.9607843137254902,0.29474740074561084,0.18843289534104804,87.82180466657567,23.068735905829115,0.5638512633548615,0.4275072352485914,180.6544994364888,36.33702965516743,6.559276610897295,4.193365166266355,11.138843178768088,4.934704597881734,0.059835387827361294,0.04536668246144119,5.749068038626989,4.234139289535225,-0.5638512633548615,2.39385724067688,0.9140625,0.3333940879698784,0.17468572613688593,71.35936138693947,15.848009812273046,0.594161247809801,0.4128579289317713,303.16424122795036,48.2167776106645,7.419315786671353,3.8874371574058686,10.204284597224623,5.215599815956452,0.06305185605714195,0.043812111279577765,5.478566509850677,3.5122549651627732,-0.594161247809801,-0.5638512633548615,-0.4811922069937223
stage2_soh,183,-0.5091583993325787,0.9570192166642219,0.20739764885655607,0.12774223874312005,248.4685458951952,10.600279399533905,0.313398195648992,0.20309875188079793,107.53516173782955,20.672035176045,-0.313398195648992,1.9275448322296143,0.9607843137254902,0.2919723108388579,0.19185133888294884,98.53147168876512,22.52308031238516,0.562942141239516,0.396032751665688,152.49542222756924,32.24070898413798,6.49752006182356,4.269438837190481,11.679698787611478,5.308966489562224,0.05973891260793825,0.04202663863384815,5.381283608423921,3.2063947511122506,-0.562942141239516,2.211887836456299,0.9140625,0.3297755608391774,0.17200722796587797,74.82206154564719,13.969107615515313,0.5996328254137363,0.40886377786955563,281.3949767751735,49.97643291506614,7.338789477315398,3.8278301503178334,10.108602018953517,5.34514612598403,0.0636324949405436,0.04338825556907219,5.428978009739733,3.4878062572216675,-0.5996328254137363,-0.562942141239516,-0.4811922069937223
stage2_soh,184,-0.48587899231151765,0.9546721431714831,0.20616301636425025,0.12682016910515148,251.5133043122064,10.543723410141512,0.31333166328622764,0.20352740053910456,108.45368124876804,20.076068105664003,-0.31333166328622764,2.73089599609375,0.9607843137254902,0.3095130579122229,0.2030102430532376,101.67781713244781,26.643420720952005,0.6009448661034004,0.4370722150904875,159.12313890553887,44.78768928089002,6.8878699401428936,4.517767877386466,12.122908107530073,5.313351312598055,0.06377172751589373,0.046381709500656225,6.032247414697884,4.3970712001825145,-0.6009448661034004,2.46685791015625,0.9140625,0.330051254872645,0.17468660192935204,74.96879685988655,16.10362242817318,0.6062170181814558,0.41947344531217823,257.30286197496014,43.5564727897714,7.344924742362396,3.8874566471961924,9.592928544049407,5.175922236313378,0.06433120354224564,0.04451414391482397,5.637766763149554,3.2972915571542547,-0.6062170181814558,-0.6009448661034004,-0.4811922069937223
stage2_soh,185,-0.5012462678255706,0.9558456799178524,0.2082327403481828,0.12804212846148535,247.27506532414557,10.69977549946373,0.3139321842204762,0.20259318712200367,104.92023451599752,20.315425014931556,-0.3139321842204762,2.5151233673095703,0.9607843137254902,0.2857391002567951,0.19357788544513432,87.32292991215478,25.29568449770464,0.6251963625869995,0.44175736003500576,159.4633998101073,40.51455093132077,6.358806871212565,4.307861216673115,11.9886087661586,6.033532788765468,0.06634527446310842,0.046878892859109074,6.178553851924819,4.2788964075144,-0.6251963625869995,2.4521944522857666,0.9140625,0.32569972642471645,0.17375169457773154,102.66046504404135,18.04552769948775,0.6088365251020983,0.41290320912958123,271.9872053782301,53.18012817665277,7.248086301385654,3.866651320637493,9.952817176749788,6.43196522078849,0.06460918325551349,0.04381691637335505,5.513138321771964,3.021528796461301,-0.6088365251020983,-0.6251963625869995,-0.4811922069937223
stage2_soh,186,-0.5259166966177806,0.9592195980636644,0.2062568382180792,0.12701961833450032,254.81411024242558,10.874393372758641,0.31175460223870755,0.1989231705607526,103.53316639237394,19.9873749565361,-0.31175460223870755,2.43796443939209,0.9607843137254902,0.3256811573159988,0.2181806002980938,87.43036862245513,26.046687092489623,0.645822643717678,0.4815720832888402,201.033968967759,42.30125798860675,7.247673066459107,4.855367358173825,13.002083358956627,6.123859559628597,0.06853411682473952,0.05110399540292111,6.534083778692714,4.865250165555643,-0.645822643717678,2.465214252471924,0.9140625,0.3327070926561651,0.17847321521003323,70.7739446612486,16.87283966546671,0.6140195423331732,0.42365302321559284,324.35279069964366,42.65101385106415,7.404027467650942,3.9717235274592744,10.301265226629216,5.407059358202707,0.06515920037224748,0.04495767695457897,5.605178477487019,3.103879543785051,-0.6140195423331732,-0.645822643717678,-0.4811922069937223
stage2_soh,187,-0.4552813343713583,0.9540853747982984,0.206997249980999,0.12769024503296134,252.10472071732548,10.744465105579339,0.31147146763319794,0.20303947770037303,108.56157552995586,20.957901932987095,-0.31147146763319794,2.1837661266326904,0.9607843137254902,0.29576223589343237,0.19410738827405022,97.18277939232875,25.696625508855593,0.5719282459357107,0.4202787249038617,162.28665483536693,35.99984609553204,6.5818606419428045,4.319644715059619,11.390174511716259,5.14979505895921,0.06069250993847341,0.04459959945923677,5.708599726699241,4.240819975204568,-0.5719282459357107,2.2647385597229004,0.9140625,0.3315559127759302,0.17640038520585222,97.93359720051096,17.62293359401923,0.5800002498986141,0.39505819246551255,271.17816998021476,47.17951359348472,7.37840923575387,3.9255949939068264,10.18680098837941,5.4547908925498945,0.06154910372313672,0.041923219289966104,5.261974466567664,3.170776648681316,-0.5800002498986141,-0.5719282459357107,-0.4811922069937223
stage2_soh,188,-0.5168923884258603,0.9568725245709256,0.20624680206139753,0.12771648416381443,247.5399169241771,10.54869591045356,0.3089897795376133,0.19802393103082613,107.2682871099826,19.298128991780406,-0.3089897795376133,2.446122646331787,0.9607843137254902,0.29339996465621665,0.1980979630687073,105.31732586866977,23.918433464656776,0.6115941909505627,0.4521712425219662,166.62603376023188,43.45818509128869,6.529290914658805,4.408450532679777,12.073888713117004,6.086541842248122,0.0649018242696692,0.04798400468184111,6.172066689854887,3.8616595006325185,-0.6115941909505627,2.404463291168213,0.9140625,0.33099158028704323,0.17290909950861533,66.98151047219169,15.829088425608045,0.5753447973582377,0.40583126850106055,277.23729595917195,45.03732688625439,7.365850641901093,3.8479003015773405,9.824106642703175,5.150321382049702,0.0610550712958475,0.04306644840830715,5.354264458660031,3.463194107467004,-0.5753447973582377,-0.6115941909505627,-0.4811922069937223
stage2_soh,189,-0.5303694367041524,0.9574592929441104,0.20688881313978616,0.12689979703636786,250.88901879486002,10.631027132883942,0.30666000664496523,0.199016836400268,106.51462749399353,20.03749921368898,-0.30666000664496523,2.5244553089141846,0.9607843137254902,0.2846629381739804,0.18909301868110312,91.32473615391986,23.30024317597463,0.5829379494569314,0.4408319117957909,160.3773977034785,43.73484904892525,6.334858077223256,4.208055479306529,11.05889038046399,6.0050380752733705,0.06186084975230464,0.046780685126136916,5.9416611383687385,4.71510875898506,-0.5829379494569314,2.223428726196289,0.9140625,0.3308108242181754,0.17502610273186292,67.59266286022736,16.170168231262686,0.5836785066308505,0.39132880379474955,268.3454117813314,38.636814944545,7.361828115996529,3.8950118611443294,10.322244593516146,5.623769407591407,0.06193943701208326,0.04152745992579202,5.2223577514713435,2.880748625814613,-0.5836785066308505,-0.5829379494569314,-0.4811922069937223
stage2_soh,190,-0.47114489286442873,0.9558456799178524,0.2081043668695015,0.1273343125932701,251.0069529846873,10.546303564064017,0.31296178397972346,0.20372969923983317,112.24931530758661,20.39853887850664,-0.31296178397972346,2.64532470703125,0.9607843137254902,0.30159648639945374,0.20503108871772008,104.31758675847584,30.98507314799162,0.5745764385266484,0.4334698494377674,149.7308634369467,37.660532431859735,6.711695418397001,4.562739557095064,12.11173408916106,6.219137449794225,0.06097353374921654,0.045999429704661844,5.8897849594399165,3.6838187615942894,-0.5745764385266484,2.614407777786255,0.9140625,0.32751515393545527,0.1712418794468249,66.1631020219093,16.708522686264907,0.5710036941529536,0.3881983719547861,222.3387750487172,42.69879501634563,7.288486627834152,3.810798167584447,9.574400541336288,5.425429519040305,0.06059439733665252,0.041195261320619354,5.2225214815030885,2.5990027717610693,-0.5710036941529536,-0.5745764385266484,-0.4811922069937223
stage2_soh,191,-0.5340077744011867,0.9573126008508142,0.20463274433423528,0.1257334973059105,255.13876318160388,10.220163680031462,0.30423992441423464,0.19667786368872062,109.4173225439105,19.762348370535516,-0.30423992441423464,2.5514938831329346,0.9607843137254902,0.310869105192416,0.20611009801573613,90.55047699110492,25.160291865471773,0.6046034005998817,0.4649717773803893,200.60895186842822,39.030575448627,6.918047268885201,4.5867517127019095,12.793662181696796,6.854349069623976,0.06415996789895904,0.049342385902970624,6.285053959604718,5.208418760720517,-0.6046034005998817,2.354154348373413,0.9140625,0.32788463091288345,0.1771826617532497,71.16808803688616,20.170353186524743,0.5874750030628256,0.40869723211653763,298.42121296349706,44.59473168781066,7.296708928319853,3.943003691142554,10.141751530575691,5.867485699509045,0.0623423177913881,0.04337058188388163,5.473078628681169,3.0218908177595276,-0.5874750030628256,-0.6046034005998817,-0.4811922069937223
stage2_soh,192,-0.438834575591102,0.958926213877072,0.20578164134951368,0.12670359187486907,254.56320518579489,10.561018179880222,0.31730003195764955,0.20736886159274648,109.5589208083211,21.430250175219182,-0.31730003195764955,2.231924295425415,0.9607843137254902,0.30218977396208574,0.20260998471548744,109.79687494594181,24.39903136556968,0.5544871614326718,0.3994263212981762,145.88868756697045,35.847006078764984,6.7248983753128675,4.508860571854747,12.318689451440989,6.959178039103399,0.05884167777191974,0.04238676118437846,5.405196978835761,3.3765504725880997,-0.5544871614326718,2.6366357803344727,0.9140625,0.3315661808379434,0.17864108794128697,73.32725665198197,16.651378257338337,0.570027388050282,0.39990327496343525,282.0386456839225,43.419773901876525,7.378637740089556,3.975459348969269,10.086691754757215,5.85648628629216,0.06049079261305218,0.042437375077422956,5.278891671139067,3.212594165031483,-0.570027388050282,-0.5544871614326718,-0.4811922069937223
stage2_soh,193,-0.5247868175850737,0.9573126008508142,0.20616335580730646,0.12646504943983816,250.62088788143478,10.313313772010881,0.30782986816376434,0.1984818258074268,105.19506341999137,19.60142955550202,-0.30782986816376434,2.1263909339904785,0.9607843137254902,0.29995875784186793,0.19958924220911428,104.51274261674345,24.840911117329597,0.5554737203797615,0.4100793490149811,143.20446701864768,35.28803438759951,6.675249585132326,4.441637296536714,11.853939049489291,6.8581833258743785,0.05894637051812807,0.043517250883342684,5.599286019872498,3.844327710097231,-0.5554737203797615,2.393519401550293,0.9140625,0.3342186297053238,0.1767658736807789,66.9292541885552,17.045670281388908,0.5924413276057614,0.40049514613565407,230.64474030405452,56.72669216073563,7.437665048806775,3.933728534691494,10.121649800257828,5.274688153164401,0.06286933967537754,0.0425001839127226,5.3369072327559675,3.1624445909170555,-0.5924413276057614,-0.5554737203797615,-0.4811922069937223
stage2_soh,194,-0.4894926115461716,0.9565791403843333,0.2068298128023993,0.12674360529050882,247.5620224271193,10.371737711852749,0.3132204816043916,0.20116186665773536,108.34979584660451,20.21359336709774,-0.3132204816043916,2.00895357131958,0.9607843137254902,0.29858930851392756,0.20064866926301927,101.64096646022831,26.072834043667115,0.6008913789795953,0.4292405044988674,161.78501881925385,32.66546211603097,6.644774008676534,4.465213671012119,12.56006840952566,7.393575421015504,0.06376605151052736,0.045550615431959755,5.795256005845819,3.7456538102930934,-0.6008913789795953,2.2957589626312256,0.9140625,0.3344642715890453,0.17796675025056174,72.75452856061776,16.589185181513525,0.5677474919549189,0.39308680187241407,279.38224471745133,43.19422916001899,7.44313153658063,3.960452711314683,10.688967292852126,5.4879938408613045,0.060248852094447226,0.04171401709718318,5.188031027647806,3.528664395822717,-0.5677474919549189,-0.6008913789795953,-0.4811922069937223
stage2_soh,195,-0.4954500037352151,0.9567258324776294,0.20724411872340884,0.12709433962845784,249.67325947803866,10.609654171690906,0.3098210955430585,0.20169719571644706,107.0230853122356,20.17641138500978,-0.3098210955430585,2.1589195728302,0.9607843137254902,0.2864401619308938,0.1984046672416084,104.20219157934726,25.99496240165514,0.5632289193908723,0.4109488579207191,165.60614831290863,38.955613858988805,6.374408221487678,4.415275893998267,11.690204049607706,6.606546912180312,0.05976934524686632,0.04360952238466846,5.608744702817196,4.1843435679275505,-0.5632289193908723,2.249040365219116,0.9140625,0.3315561690519855,0.17305866354399768,77.2973328780608,15.71911565918601,0.5928726026918753,0.3999733111995738,256.1225994461189,49.34409481363719,7.378414938893341,3.851228683359955,9.75517542867215,5.15446798609333,0.06291510619877656,0.04244480725967327,5.340695830267924,2.771306233899651,-0.5928726026918753,-0.5632289193908723,-0.4811922069937223
stage2_soh,196,-0.503726745401115,0.9567258324776294,0.20781457362967304,0.1280209827932215,245.20176613814004,10.870594324795064,0.3081993278645269,0.2004937676820662,106.0875172547598,20.463144170787793,-0.3081993278645269,2.499133348464966,0.9607843137254902,0.28793970632215843,0.18621297439962042,90.3168301887517,25.194669641753098,0.6129105451348373,0.46215385852345064,188.63527995169267,44.24444123235226,6.407778919338595,4.143963286988327,11.030354775424389,6.0336894640106244,0.06504151458917933,0.04904335089386603,6.291150115664459,4.6751761485781405,-0.6129105451348373,2.53765606880188,0.9140625,0.33215857699316176,0.17325526800232183,63.58828800332363,17.731213495394655,0.6031696697342163,0.4110485871860874,263.6742326385757,49.58051817364411,7.391820859721755,3.855603897600425,9.838190194367268,5.049366173518488,0.06400782167181977,0.04362010556441616,5.520954988127716,3.047832339262901,-0.6031696697342163,-0.6129105451348373,-0.4811922069937223
stage2_soh,197,-0.5162117916768784,0.9546721431714831,0.20756753648101678,0.12684570970090245,248.26109923229652,10.288999837923399,0.3074868859115919,0.2009067500843637,114.33855663768932,20.22218964708543,-0.3074868859115919,2.7208919525146484,0.9607843137254902,0.3124038972150388,0.20480329919533402,106.72655257526515,26.565666696889274,0.6160838592577318,0.4510967127759667,166.55507019848744,38.00383305316827,6.952202363692196,4.557670353829438,12.147815382949863,7.185782633842954,0.06537826382356374,0.04786997655374687,6.154746880993458,4.278682144543882,-0.6160838592577318,2.698075294494629,0.9140625,0.3351691163528663,0.1803658832814108,75.01210346674036,17.772194263811677,0.5952367791575309,0.4153880591657071,272.71520259163464,51.67991641304976,7.458817075323122,4.013842756946539,10.296184686189548,5.867013118131098,0.063165990474309,0.04408060641941397,5.559458279733667,3.392777021990443,-0.5952367791575309,-0.6160838592577318,-0.4811922069937223
stage2_soh,198,-0.5154817452944145,0.9545254510781869,0.20741930620620003,0.1280991369609057,253.74866852184704,10.4317643359508,0.30682045811390346,0.1992871475952325,103.7411698623782,20.17960526949548,-0.30682045811390346,2.336411237716675,0.9607843137254902,0.3051719819338689,0.20422240408758321,107.09190288198357,26.101135358718597,0.5842334249756852,0.4291165754125983,153.29837990273438,43.64527522114361,6.791264107287657,4.544743177257173,12.42213401599808,6.033916487264827,0.061998324446649135,0.04553746418903109,5.897902468234354,4.113445174268935,-0.5842334249756852,2.3545539379119873,0.9140625,0.33151415074515883,0.17370365251736075,77.33172472768828,15.04914766692307,0.6229299173817051,0.4138269209579448,270.1618686947328,49.68228727738419,7.377479868061503,3.865582197849193,9.920621461013734,5.269013496869427,0.06610476134083328,0.04391493983997282,5.50987753767005,2.9898130766418656,-0.6229299173817051,-0.5842334249756852,-0.4811922069937223
stage2_soh,199,-0.422613219067168,0.9562857561977409,0.20729735872527807,0.12741443504953287,248.29628682600688,10.625630735836623,0.3157922154782474,0.20789728204287874,112.23491854517324,21.077532329950095,-0.3157922154782474,2.228299379348755,0.9607843137254902,0.3003909254947473,0.19616113234238297,103.17487843840074,23.924312852146613,0.5893148858033049,0.4489299738597052,194.26965095580786,37.729816053918555,6.684866997093709,4.365348512270745,11.623306747629663,5.035951994850278,0.06253756448938862,0.047640044172991426,6.087248307826162,4.312838925412478,-0.5893148858033049,2.4042067527770996,0.9140625,0.33222596532643817,0.17751187484645925,66.05659395216517,17.49841169041106,0.604734635085581,0.42768491630704375,297.94053352013043,42.90899433184509,7.393320512363945,3.950329963526392,10.154027039667906,5.488916371119606,0.06417389438429033,0.04538553781520738,5.6593883805616265,3.318163765543858,-0.604734635085581,-0.5893148858033049,-0.4811922069937223
