true_label,pred_label,soc_true,soc_pred,soh_true,soh_pred,ID,pulse_ms
LMO_10Ah,LMO_10Ah,52.672695335349516,56.071477809393365,0.6466599634874413,0.6611023133452631,PIP15829A00218444,30.0
LMO_10Ah,LMO_10Ah,18.115401762916292,17.534020028583544,0.6590499817480412,0.6973963877408429,PIP15829A00217239,30.0
LMO_10Ah,LMO_10Ah,35.37670148771982,31.849935564137123,0.5750200166341904,0.5606136004766047,PIP15828A00225770,30.0
LMO_10Ah,LMO_26Ah,65.67439927569912,78.92673046604928,0.8047299740603592,0.8869166263602514,PIP15710A00246135,30.0
LMO_10Ah,LMO_10Ah,24.387700702471207,24.918179683522457,0.8819599417418096,0.8986136623896617,PIP15N21A50200566,30.0
LMO_10Ah,LMO_10Ah,37.94840027477962,37.784304057603286,0.8906699683856765,0.8778051440157533,PIP15D19A03261038,30.0
LMO_10Ah,LMO_10Ah,30.690801942620944,31.2170508551324,0.8789499662822768,0.883474488392362,PIP15D25A03226076,30.0
LMO_10Ah,LMO_10Ah,50.564998357432486,52.415767418818994,0.8637399968243484,0.9014163834978854,PIP15D01A03250557,30.0
LMO_10Ah,LMO_26Ah,55.43259950844851,65.88139275190959,0.8332999677321057,0.955933251830982,PIP15D01A03229494,30.0
LMO_10Ah,LMO_10Ah,47.63939991915674,48.50588615074198,0.8851599952186417,0.9060148979157429,PIP15D01A03214955,30.0
LMO_10Ah,LMO_10Ah,49.833402100745005,51.24302369437004,0.8767699884679544,0.9004935666132586,PIP15D01A03224640,30.0
LMO_10Ah,LMO_10Ah,64.84549419866687,64.60965295494196,0.8765499878349092,0.8764197866697455,PIP15N15A03208989,30.0
LMO_10Ah,LMO_10Ah,63.63550358660503,64.30523393024889,0.8995499876135535,0.9306983333684621,PIP15D25A03236724,30.0
LMO_10Ah,LMO_10Ah,53.381097180470086,54.073719503687414,0.8700699502164643,0.8842247166380777,PIP15N15A03208683,30.0
LMO_10Ah,LMO_10Ah,24.077000908089857,25.74115152236765,0.9000099541544847,0.8959475108443731,PIP15N30A03228344,30.0
LMO_10Ah,LMO_10Ah,16.92310209601447,16.474019767793596,0.69437998064225,0.7060894088021799,PIP15829A00218512,30.0
LMO_10Ah,LMO_10Ah,25.680200864041012,25.104574622776365,0.8901899701665513,0.8890416253602474,PIP15N15A03208672,30.0
LMO_10Ah,LMO_10Ah,40.14490277950498,39.38843311315709,0.9061599607837498,0.882977513049287,PIP15D15A03236823,30.0
LMO_10Ah,LMO_10Ah,74.34220101829476,74.2600244092708,0.8938799760413491,0.8881198993878506,PIP15512A50200153,30.0
LMO_10Ah,LMO_10Ah,25.66410166621489,25.27462762273574,0.6193799861758993,0.6349870255510881,PIP15829A00217327,30.0
LMO_10Ah,LMO_26Ah,85.0000026247998,84.65711371995899,0.923849959512275,0.9401123620380736,PIP15D26A03256484,30.0
LMO_10Ah,LMO_10Ah,85.0000026247998,79.5267634997668,0.9184699851382803,0.9023337679558133,PIP15D28A03264309,30.0
LMO_10Ah,LMO_10Ah,43.991100770491734,43.87557274384052,0.8975499502379529,0.9076414765092172,PIP15N08A03232188,30.0
LMO_10Ah,LMO_10Ah,56.435900402749404,56.285395386506245,0.8825699956711344,0.8888204041703305,PIP15N14A03236503,30.0
LMO_10Ah,LMO_10Ah,55.74399834520065,55.06596438629837,0.9264899734329463,0.899652109646537,PIP16N1700C039158,30.0
LMO_10Ah,LMO_10Ah,52.8222970349807,51.63452986861212,0.8988499887613832,0.8918692666982813,PIP15N12A03225967,30.0
NMC_15Ah,NMC_15Ah,5.0000046163318155,4.775382538398571,0.7645000053354094,0.7795032421826608,PJP17601529001A009420,30.0
NMC_15Ah,NMC_15Ah,35.356602693103284,35.47847847547641,0.756493310359627,0.774134695509533,PJP17601527001A008674,30.0
NMC_15Ah,NMC_15Ah,19.951500882936887,19.74931183076251,0.7735932868370213,0.7827501384820288,PJP17601529001A010983,30.0
NMC_15Ah,NMC_15Ah,69.99999653173852,70.75691748850808,0.7714800032857558,0.7935463150022468,PJP17601527001A011451,30.0
NMC_15Ah,NMC_15Ah,50.95099774912738,51.29221531926761,0.7680933310901158,0.7792686106774761,PJP17601529001A010816,30.0
NMC_15Ah,NMC_15Ah,64.9999971536303,67.17509335626038,0.7551599563253125,0.7862504615975813,PJP17601527001A007049,30.0
NMC_15Ah,NMC_15Ah,41.95410025556707,41.703499534688724,0.7715599971918252,0.7771972244799706,PJP17601529001A003328,30.0
NMC_15Ah,NMC_15Ah,46.82410030246086,47.54676287723692,0.7645666426813066,0.7778570967344643,PJP17601529003A008872,30.0
NMC_15Ah,NMC_15Ah,23.604701618548173,24.663730913464455,0.7625332897948218,0.8001169331184886,PJP17601527003A009249,30.0
NMC_15Ah,NMC_15Ah,64.9999971536303,67.3932025346858,0.7541066220690784,0.7813431399670298,PJP17601527001A008438,30.0
NMC_15Ah,NMC_15Ah,15.250300334977023,15.123281550645313,0.7600799641583761,0.779545417798091,PJP17530529002A009949,30.0
NMC_15Ah,LMO_25Ah,27.26530265280591,21.155705493440045,0.7632466388830355,0.8543238211129858,PJP17601529001A010435,30.0
NMC_15Ah,NMC_15Ah,47.527301113167965,45.60836082961149,0.8000799780714402,0.7776455230031377,PJP17930O01003A016716,30.0
NMC_15Ah,NMC_15Ah,41.72750142641355,42.60112813705439,0.7598000012974555,0.7768625389319428,PJP17601529003A008762,30.0
NMC_15Ah,NMC_15Ah,29.79689918966566,29.638298811773588,0.7526066715079567,0.7626105896219928,PJP17601529003A008717,30.0
NMC_21Ah,NMC_21Ah,48.708301363683375,55.557612691139525,0.7700523564899981,0.828217831369281,02LCC02100101A8BC0104122,30.0
NMC_21Ah,NMC_21Ah,41.72750142641355,41.26122938763583,0.9973428381794949,0.9946598391548982,02LCC02100101A87Y0163477,30.0
NMC_21Ah,NMC_21Ah,41.64969946964553,40.8017352079742,1.0002142962444005,0.996348533342128,02LCC02100101A87Y0013547,30.0
NMC_21Ah,NMC_21Ah,69.99999653173852,68.32813655454028,1.0111618692476882,0.994641347402084,02LCC02100101A87Y0027455,30.0
NMC_21Ah,NMC_21Ah,69.99999653173852,68.691972854295,1.006080937631413,0.9959071217952997,02LCC02100101A87Y0010456,30.0
NMC_21Ah,NMC_21Ah,69.99999653173852,70.51835170393002,0.9891618565361999,0.9969961241383574,02LCC02100101A87Y0184257,30.0
NMC_21Ah,NMC_21Ah,55.92349703913051,54.19149686828981,1.0059999887818845,1.0018736970667073,02LCC02100101A87Y0173907,30.0
NMC_21Ah,NMC_21Ah,46.949499483880345,45.79837964696222,0.9918856714885198,0.9954890209874843,02LCC02100101A87Y0085499,30.0
NMC_21Ah,NMC_21Ah,56.198899836382985,55.532073105167356,0.9926904548319276,0.9977680979011906,02LCC02100101A87Y0055909,30.0
NMC_21Ah,NMC_21Ah,20.500100580928294,19.882558326538042,0.8375523416282624,0.8536408112425071,02LCC02100101A87B0101984,30.0
LMO_24Ah,LMO_24Ah,41.643902856437975,42.90631070304668,0.7634124575419918,0.7890125343674969,A170530525010800528,30.0
LMO_24Ah,LMO_24Ah,74.99999856275895,10.185638874342008,0.7957207939865173,0.8105490074052427,A170530525010800027,30.0
LMO_24Ah,LMO_24Ah,60.85579940312864,61.672718622736745,0.7988583239632818,0.8056577553861485,A170528511010802426,30.0
LMO_24Ah,LMO_24Ah,46.791699622251606,48.143666800987255,0.7420832957727146,0.7551776196172448,A170526507010800030,30.0
LMO_24Ah,LMO_24Ah,65.67439927569912,66.04155967446943,0.819745813315415,0.8146004973241525,A170530525010800523,30.0
LMO_24Ah,LMO_24Ah,37.1305022963682,44.22387790059891,0.7898291722904704,0.8539663908354791,A170528511010800172,30.0
LMO_24Ah,LMO_24Ah,38.26200102867698,45.560196544972335,0.7926375060630658,0.8451771011176853,A170530525010800543,30.0
LMO_24Ah,LMO_24Ah,44.114199213785696,43.8772964735575,0.7865249920318031,0.7739203012167306,A170527511010800648,30.0
LMO_24Ah,LMO_24Ah,23.095200540901402,25.066209532661432,0.791762448999661,0.826009015527314,A170530525010800530,30.0
LMO_24Ah,LMO_24Ah,21.101602001561332,19.96651106029541,0.8067708368498764,0.8008412324358397,A170526511010800410,30.0
LMO_24Ah,LMO_24Ah,69.99999653173852,74.85700128810726,0.758099955298905,0.7872247126223031,A170523507010800997,30.0
LMO_24Ah,LMO_24Ah,74.99999856275895,76.45862541419788,0.8111541632967583,0.8217394680639541,A170525507010800584,30.0
LMO_24Ah,LMO_24Ah,49.40099995812712,52.652206894250206,0.7919208209968736,0.823142370124478,A170530525010800427,30.0
LMO_24Ah,LMO_24Ah,69.99999653173852,75.40221454364583,0.734933305238358,0.8022805978423924,A170528511010800479,30.0
LMO_24Ah,LMO_24Ah,57.006596206647345,64.1257193188457,0.7201916470094039,0.8080067234100553,A170530525010800449,30.0
LMO_24Ah,LMO_24Ah,31.863299609461187,29.752528569505593,0.7595833366423889,0.7265978757198138,A170529511010800365,30.0
LMO_25Ah,LMO_24Ah,38.062501366268805,31.578232252979817,0.9211839660702082,0.764360292680426,515092905216,30.0
LMO_25Ah,LMO_25Ah,22.88470256764415,22.79727319241836,0.8747679874503398,0.8436642564483148,515093005020,30.0
LMO_25Ah,LMO_24Ah,41.55420093027903,38.88246214974074,0.8384559477856742,0.7679653560183141,515093000439,30.0
LMO_25Ah,LMO_24Ah,50.48199868239127,40.7150423060526,0.9185159425827744,0.7931479075317307,515092905212,30.0
LMO_25Ah,LMO_25Ah,65.67439927569912,65.83697238964534,0.8435679992543416,0.8287234098991668,515093004482,30.0
LMO_25Ah,LMO_25Ah,6.929202384999056,9.59797106449653,0.5269439889688061,0.603598805588162,515093001608,30.0
LMO_25Ah,LMO_25Ah,47.2815008369574,50.354373044388524,0.8847479497642186,0.9337435405499264,515093003101,30.0
LMO_25Ah,LMO_25Ah,24.077000908089857,19.74593865287079,0.9200799692176013,0.8921637687314727,515093004064,30.0
LMO_25Ah,LMO_25Ah,29.79689918966566,29.33842289926265,0.7058879600011732,0.6685709198161903,515093000629,30.0
LMO_25Ah,LMO_25Ah,74.99999856275895,71.17841748834496,0.818831956140364,0.8167664039517405,515091901822,30.0
LMO_25Ah,LMO_24Ah,8.617300837915131,19.872649699384613,0.8861359632443516,0.703714268370947,515100102065,30.0
LMO_25Ah,LMO_25Ah,70.00830014699694,71.14370413190518,0.8887799645282749,0.9144317632417386,515093002646,30.0
LMO_25Ah,LMO_25Ah,74.99999856275895,71.61332000073317,0.7954360026532048,0.8376502529771931,515100101320,30.0
LMO_25Ah,LMO_25Ah,21.692401574286222,22.745923423427264,0.836023959760034,0.881936093451843,515093000663,30.0
LMO_25Ah,LMO_25Ah,55.00000105032612,62.30200797245106,0.6088039936884637,0.7380751198124316,515092901155,30.0
LMO_26Ah,LMO_26Ah,8.376103364411708,9.987856309370269,0.838830741947137,0.9190578192408223,H27734091053,30.0
LMO_26Ah,LMO_26Ah,49.40099995812712,65.1891524480524,0.8000807527772267,0.9546354646974291,H27733591038,30.0
LMO_26Ah,LMO_25Ah,44.48969970535751,56.37233264651464,0.7923038386997859,0.9022618436381814,H27734091304,30.0
LMO_26Ah,LMO_25Ah,72.82489440139221,68.17949653558998,0.9836614833967889,0.9181477897447695,H27735490851,30.0
LMO_26Ah,LMO_26Ah,70.00830014699694,75.22916507933041,0.8877884423076107,0.9512679293157479,H27733490499,30.0
LMO_26Ah,LMO_26Ah,53.6027015707495,57.06202615463762,0.9502961257288985,1.008637707043776,H27735376790,30.0
LMO_26Ah,LMO_25Ah,43.01369793692715,47.049139550841204,0.9250730523597511,0.9301324060483237,H27735376805,30.0
LMO_26Ah,LMO_26Ah,59.726499769245834,73.65709970123004,0.8198538167882471,0.9513867596972044,H27735290390,30.0
LMO_26Ah,LMO_26Ah,79.99999794086715,83.50597796556751,0.8524307318712121,0.9320830330050675,H27733690634,30.0
LMO_26Ah,LMO_26Ah,41.55420093027903,50.969162239119214,0.8484115317685356,0.9590384749954171,H27733690394,30.0
LMO_26Ah,LMO_26Ah,60.85579940312864,72.44255403888108,0.8140538080040349,0.9343720957182586,H27734091346,30.0
LMO_26Ah,LMO_26Ah,89.99999404417134,84.96854969748226,0.9984076697020134,0.9540175214173396,H27734492478,30.0
LMO_26Ah,LMO_25Ah,46.428099431684736,46.1935547988089,0.9893807346363708,0.9412239162246796,H27735391963,30.0
LMO_26Ah,LMO_26Ah,89.99999404417134,84.61165341610327,0.99155379385371,0.9661393966138758,H27734490172,30.0
LMO_26Ah,LMO_26Ah,9.099602932994166,9.818711931847323,1.0023307292118429,0.960296103910649,H27735076555,30.0
LFP_35Ah,LFP_35Ah,54.56280111595269,45.03524092716966,0.8632713851992527,0.9058212720621476,18号,30.0
LFP_35Ah,LFP_35Ah,52.87640052685941,45.876927735292995,0.8182657110327498,0.8256005100040256,24号,30.0
LFP_35Ah,LFP_35Ah,25.55260241838855,26.75072788053238,0.8409142816381119,0.8987169923312592,33号,30.0
LFP_35Ah,LFP_35Ah,38.830501216096245,42.02511888158753,0.8824714088261889,0.9105472619456261,35号,30.0
LFP_35Ah,LFP_35Ah,14.461799111103197,13.209338027261131,0.8712485117105062,0.8829899146659999,38号,30.0
LFP_35Ah,LFP_68Ah,5.0000046163318155,5.048192113952926,0.8552485415604023,0.6720484444471686,42号,30.0
LFP_35Ah,LFP_35Ah,38.75429971153034,38.27530654412512,0.9039142373257008,0.905758094014742,44号,30.0
LFP_35Ah,LFP_35Ah,34.639400806524534,32.01465952666826,0.8895542276257589,0.8663979949864921,46号,30.0
LFP_35Ah,LFP_35Ah,39.11150132652551,36.53995441869048,0.7961485770356319,0.8782263215122639,7号,30.0
LFP_68Ah,LFP_68Ah,59.840695702347006,64.7011333271325,0.8428293786507222,0.8372888436368534,02HCB68111211Y88D0001154,30.0
LFP_68Ah,LFP_68Ah,49.40099995812712,46.384206998952884,0.8380235165018405,0.8385763240213813,02HCB68111211Y87Y0009119,30.0
LFP_68Ah,LFP_68Ah,16.03880155885085,15.229376816273119,0.8262470114690571,0.8263741549179124,02HCB68111211Y87Y0008126,30.0
LFP_68Ah,LFP_68Ah,27.90890181105184,27.648245226391687,0.8153514623308815,0.8395029638419096,02HCB68111211Y87Y0015279,30.0
LFP_68Ah,LFP_68Ah,69.99999653173852,67.41840785371785,0.7509117543779192,0.8398490278811768,02HCB68111211Y86L0002535,30.0
LFP_68Ah,LFP_68Ah,8.13500139574832,9.997133543414588,0.7854779186631499,0.7986292450432446,02HCB68111211Y87Y0014641,30.0
LFP_68Ah,LFP_68Ah,31.863299609461187,33.841343461208936,0.7697308504265343,0.8354528755080606,02HCB68111211Y86X0004792,30.0
LFP_68Ah,LFP_68Ah,44.46269869636442,36.439076768177536,0.8523190928147962,0.846209076814437,02HCB68111211Y88G0002069,30.0
LFP_68Ah,LFP_68Ah,44.38000045847457,41.59960568878508,0.8254852638226058,0.8403450065810678,02HCB68111211Y88E0004343,30.0
LFP_68Ah,LFP_68Ah,34.24330144638213,36.66689660018175,0.6825176350462574,0.778004493206024,02HCB68111211Y86R0006266,30.0
LFP_68Ah,LFP_68Ah,65.67439927569912,67.51469530285672,0.8560896823206804,0.8415126262699096,02HCB68111211Y88D0003027,30.0
LFP_68Ah,LFP_68Ah,52.43750140220706,46.49507618012624,0.831083807995489,0.8425820688481865,02HCB68111211Y88E0004542,30.0
LFP_68Ah,LFP_68Ah,39.5792994530596,40.69981628941367,0.8117617128710508,0.8395483574507893,02HCB68111211Y87Y0012947,30.0
LFP_68Ah,LFP_68Ah,44.48969970535751,44.68973857217503,0.8056190991484341,0.8432540868886176,02HCB68111211Y88E0004475,30.0
LFP_68Ah,LFP_68Ah,62.82330124492969,67.80740437299684,0.8382176486810033,0.8428131825566876,02HCB68111211Y87Y0003936,30.0
LFP_68Ah,LFP_68Ah,50.564998357432486,57.46615621169351,0.8685220184896101,0.8378321673346383,02HCB68111211Y88F0000101,30.0
LFP_68Ah,LFP_68Ah,64.9999971536303,69.05169183427941,0.7091867773985592,0.8435139056204279,02HCB68111211Y86P0008027,30.0
LFP_68Ah,LFP_68Ah,43.57689926379472,34.887981997973014,0.7151896784661925,0.838417067436643,02HCB68111211Y86M0004689,30.0
LFP_68Ah,LFP_68Ah,41.643902856437975,32.9652961339715,0.7789132389039164,0.8388431959355422,02HCB68111211Y86H0009376,30.0
LFP_68Ah,LFP_68Ah,57.006596206647345,68.657898849701,0.7128293997378027,0.8389990432219327,02HCB68111211Y86P0006552,30.0
LFP_68Ah,LFP_68Ah,24.41099990407093,27.007256533773326,0.8076352851871028,0.8309610155472957,02HCB68111211Y87Y0008148,30.0
LFP_68Ah,LFP_68Ah,38.26200102867698,26.72837311568409,0.8386073436758568,0.835075304856395,02HCB68111211Y87Y0007299,30.0
LMO_10Ah,LMO_10Ah,52.672695335349516,54.58569309552615,0.6466599634874413,0.6676780413576314,PIP15829A00218444,50.0
LMO_10Ah,LMO_10Ah,18.115401762916292,16.35900275835937,0.6590499817480412,0.6818731177766586,PIP15829A00217239,50.0
LMO_10Ah,LMO_10Ah,35.37670148771982,30.527427649183323,0.5750200166341904,0.5502830094858182,PIP15828A00225770,50.0
LMO_10Ah,LMO_25Ah,65.67439927569912,85.08316081134635,0.8047299740603592,0.9072986960762366,PIP15710A00246135,50.0
LMO_10Ah,LMO_10Ah,24.387700702471207,23.869685103044265,0.8819599417418096,0.8932572011268034,PIP15N21A50200566,50.0
LMO_10Ah,LMO_10Ah,37.94840027477962,38.504007972022485,0.8906699683856765,0.8820765523540329,PIP15D19A03261038,50.0
LMO_10Ah,LMO_10Ah,30.690801942620944,32.07510745812861,0.8789499662822768,0.8806101007035324,PIP15D25A03226076,50.0
LMO_10Ah,LMO_10Ah,50.564998357432486,52.40135282025455,0.8637399968243484,0.9060850388290337,PIP15D01A03250557,50.0
LMO_10Ah,LMO_26Ah,55.43259950844851,68.58267287070164,0.8332999677321057,0.9490263797827527,PIP15D01A03229494,50.0
LMO_10Ah,LMO_10Ah,47.63939991915674,48.26608477229598,0.8851599952186417,0.9089736163107888,PIP15D01A03214955,50.0
LMO_10Ah,LMO_10Ah,49.833402100745005,51.60925292095004,0.8767699884679544,0.9034143592074746,PIP15D01A03224640,50.0
LMO_10Ah,LMO_10Ah,64.84549419866687,64.17480615371045,0.8765499878349092,0.8727752038505524,PIP15N15A03208989,50.0
LMO_10Ah,LMO_25Ah,63.63550358660503,58.496816589751646,0.8995499876135535,0.80519472480478,PIP15D25A03236724,50.0
LMO_10Ah,LMO_10Ah,53.381097180470086,53.15287642710616,0.8700699502164643,0.8778287203681785,PIP15N15A03208683,50.0
LMO_10Ah,LMO_10Ah,24.077000908089857,25.405231817937025,0.9000099541544847,0.8947895059312212,PIP15N30A03228344,50.0
LMO_10Ah,LMO_10Ah,16.92310209601447,16.40013350946693,0.69437998064225,0.7104077643111217,PIP15829A00218512,50.0
LMO_10Ah,LMO_10Ah,25.680200864041012,25.334229275196908,0.8901899701665513,0.8881113207070392,PIP15N15A03208672,50.0
LMO_10Ah,LMO_10Ah,40.14490277950498,40.14700230045614,0.9061599607837498,0.883691643167416,PIP15D15A03236823,50.0
LMO_10Ah,LMO_10Ah,74.34220101829476,73.27136095816107,0.8938799760413491,0.8875879263156122,PIP15512A50200153,50.0
LMO_10Ah,LMO_10Ah,25.66410166621489,24.655146089510374,0.6193799861758993,0.6182913506323162,PIP15829A00217327,50.0
LMO_10Ah,LMO_26Ah,85.0000026247998,85.18358415064107,0.923849959512275,0.9567802297622066,PIP15D26A03256484,50.0
LMO_10Ah,LMO_10Ah,85.0000026247998,78.09220121510398,0.9184699851382803,0.9087536314880658,PIP15D28A03264309,50.0
LMO_10Ah,LMO_10Ah,43.991100770491734,44.32794799935837,0.8975499502379529,0.9167627359569475,PIP15N08A03232188,50.0
LMO_10Ah,LMO_10Ah,56.435900402749404,56.01936665459423,0.8825699956711344,0.88655133519056,PIP15N14A03236503,50.0
LMO_10Ah,LMO_10Ah,55.74399834520065,54.350428860209774,0.9264899734329463,0.8940046815385253,PIP16N1700C039158,50.0
LMO_10Ah,LMO_10Ah,52.8222970349807,51.36169774330387,0.8988499887613832,0.8890010940183233,PIP15N12A03225967,50.0
NMC_15Ah,NMC_15Ah,5.0000046163318155,5.120078076463347,0.7645000053354094,0.7799481130279806,PJP17601529001A009420,50.0
NMC_15Ah,NMC_15Ah,35.356602693103284,35.451368033854116,0.756493310359627,0.7717222490420993,PJP17601527001A008674,50.0
NMC_15Ah,NMC_15Ah,19.951500882936887,20.055739110008496,0.7735932868370213,0.783723206894652,PJP17601529001A010983,50.0
NMC_15Ah,NMC_15Ah,69.99999653173852,69.35576598038347,0.7714800032857558,0.7847577078951129,PJP17601527001A011451,50.0
NMC_15Ah,NMC_15Ah,50.95099774912738,51.32553191742192,0.7680933310901158,0.7837807691156216,PJP17601529001A010816,50.0
NMC_15Ah,NMC_15Ah,64.9999971536303,67.10563480843412,0.7551599563253125,0.7855819632313097,PJP17601527001A007049,50.0
NMC_15Ah,NMC_15Ah,41.95410025556707,41.56334767420338,0.7715599971918252,0.776644868740386,PJP17601529001A003328,50.0
NMC_15Ah,NMC_15Ah,46.82410030246086,46.9251086089008,0.7645666426813066,0.7761165004216031,PJP17601529003A008872,50.0
NMC_15Ah,NMC_15Ah,23.604701618548173,24.941504087788303,0.7625332897948218,0.800656906213747,PJP17601527003A009249,50.0
NMC_15Ah,NMC_15Ah,64.9999971536303,67.6108713296822,0.7541066220690784,0.7841374183632128,PJP17601527001A008438,50.0
NMC_15Ah,NMC_15Ah,15.250300334977023,15.151240592564982,0.7600799641583761,0.7788108892022936,PJP17530529002A009949,50.0
NMC_15Ah,LMO_25Ah,27.26530265280591,12.387699276808062,0.7632466388830355,0.7726753774763973,PJP17601529001A010435,50.0
NMC_15Ah,NMC_15Ah,47.527301113167965,45.3169682671621,0.8000799780714402,0.773823896196245,PJP17930O01003A016716,50.0
NMC_15Ah,NMC_15Ah,41.72750142641355,42.37262385369661,0.7598000012974555,0.7815206645885234,PJP17601529003A008762,50.0
NMC_15Ah,NMC_15Ah,29.79689918966566,30.050944717065754,0.7526066715079567,0.7655357585133865,PJP17601529003A008717,50.0
NMC_21Ah,NMC_21Ah,48.708301363683375,56.08612055840898,0.7700523564899981,0.8406512658615292,02LCC02100101A8BC0104122,50.0
NMC_21Ah,NMC_21Ah,41.72750142641355,41.229246706908725,0.9973428381794949,0.995731639867431,02LCC02100101A87Y0163477,50.0
NMC_21Ah,NMC_21Ah,41.64969946964553,40.749931003409635,1.0002142962444005,0.9981963679082282,02LCC02100101A87Y0013547,50.0
NMC_21Ah,NMC_21Ah,69.99999653173852,68.04631503616392,1.0111618692476882,0.9949115394839013,02LCC02100101A87Y0027455,50.0
NMC_21Ah,NMC_21Ah,69.99999653173852,68.48931954248158,1.006080937631413,0.9936079341517886,02LCC02100101A87Y0010456,50.0
NMC_21Ah,NMC_21Ah,69.99999653173852,70.68002282772036,0.9891618565361999,0.9992415693347361,02LCC02100101A87Y0184257,50.0
NMC_21Ah,NMC_21Ah,55.92349703913051,54.0133219775593,1.0059999887818845,1.0010665864438755,02LCC02100101A87Y0173907,50.0
NMC_21Ah,NMC_21Ah,46.949499483880345,46.32835457469107,0.9918856714885198,0.9987661213263326,02LCC02100101A87Y0085499,50.0
NMC_21Ah,NMC_21Ah,56.198899836382985,55.270656461155276,0.9926904548319276,0.9966641706140011,02LCC02100101A87Y0055909,50.0
NMC_21Ah,NMC_21Ah,20.500100580928294,20.848413364809318,0.8375523416282624,0.8616139163983156,02LCC02100101A87B0101984,50.0
LMO_24Ah,LMO_24Ah,41.643902856437975,43.45522908211889,0.7634124575419918,0.7955339223025546,A170530525010800528,50.0
LMO_24Ah,LMO_24Ah,74.99999856275895,6.124868580977533,0.7957207939865173,0.8034249363130574,A170530525010800027,50.0
LMO_24Ah,LMO_24Ah,60.85579940312864,61.025857708912454,0.7988583239632818,0.8044935338543179,A170528511010802426,50.0
LMO_24Ah,LMO_24Ah,46.791699622251606,47.78206557978052,0.7420832957727146,0.7576077104042243,A170526507010800030,50.0
LMO_24Ah,LMO_24Ah,65.67439927569912,64.83949065830589,0.819745813315415,0.8108862953323004,A170530525010800523,50.0
LMO_24Ah,LMO_24Ah,37.1305022963682,46.814995507711046,0.7898291722904704,0.911571252243906,A170528511010800172,50.0
LMO_24Ah,LMO_24Ah,38.26200102867698,43.665091351284666,0.7926375060630658,0.8371460293919176,A170530525010800543,50.0
LMO_24Ah,LMO_24Ah,44.114199213785696,43.51838895309935,0.7865249920318031,0.7726936289123144,A170527511010800648,50.0
LMO_24Ah,LMO_24Ah,23.095200540901402,24.923827733645524,0.791762448999661,0.8248435054542262,A170530525010800530,50.0
LMO_24Ah,LMO_24Ah,21.101602001561332,19.83097510127131,0.8067708368498764,0.7919139403446637,A170526511010800410,50.0
LMO_24Ah,LMO_24Ah,69.99999653173852,75.06763455988789,0.758099955298905,0.7907681315140364,A170523507010800997,50.0
LMO_24Ah,LMO_24Ah,74.99999856275895,73.90693770984423,0.8111541632967583,0.8174916993193885,A170525507010800584,50.0
LMO_24Ah,LMO_24Ah,49.40099995812712,56.030490315545855,0.7919208209968736,0.851536026529926,A170530525010800427,50.0
LMO_24Ah,LMO_24Ah,69.99999653173852,75.30442289327645,0.734933305238358,0.8015238494198124,A170528511010800479,50.0
LMO_24Ah,LMO_24Ah,57.006596206647345,63.79017632795077,0.7201916470094039,0.8117236289669991,A170530525010800449,50.0
LMO_24Ah,LMO_24Ah,31.863299609461187,28.991314537530933,0.7595833366423889,0.6908018770657324,A170529511010800365,50.0
LMO_25Ah,LMO_25Ah,38.062501366268805,27.97398703307824,0.9211839660702082,0.7844249448822613,515092905216,50.0
LMO_25Ah,LMO_25Ah,22.88470256764415,23.21977864598782,0.8747679874503398,0.8749208479692427,515093005020,50.0
LMO_25Ah,LMO_24Ah,41.55420093027903,38.63897073619937,0.8384559477856742,0.7751573071477194,515093000439,50.0
LMO_25Ah,NMC_15Ah,50.48199868239127,42.16465012641968,0.9185159425827744,0.7730291302729664,515092905212,50.0
LMO_25Ah,LMO_25Ah,65.67439927569912,65.7828423686444,0.8435679992543416,0.8323836899967298,515093004482,50.0
LMO_25Ah,LMO_25Ah,6.929202384999056,10.21154190928874,0.5269439889688061,0.6129247707632668,515093001608,50.0
LMO_25Ah,LMO_25Ah,47.2815008369574,50.52574918431919,0.8847479497642186,0.9459947378577134,515093003101,50.0
LMO_25Ah,LMO_25Ah,24.077000908089857,24.421541250789577,0.9200799692176013,0.9354781985057792,515093004064,50.0
LMO_25Ah,LMO_25Ah,29.79689918966566,28.80829078648457,0.7058879600011732,0.6650396021450488,515093000629,50.0
LMO_25Ah,LMO_25Ah,74.99999856275895,70.51018869301942,0.818831956140364,0.8158552535038456,515091901822,50.0
LMO_25Ah,LMO_24Ah,8.617300837915131,19.447747339621547,0.8861359632443516,0.7168735916119972,515100102065,50.0
LMO_25Ah,LMO_25Ah,70.00830014699694,61.866787110596086,0.8887799645282749,0.780667912727641,515093002646,50.0
LMO_25Ah,LMO_25Ah,74.99999856275895,70.06983975183712,0.7954360026532048,0.828887932111705,515100101320,50.0
LMO_25Ah,LMO_25Ah,21.692401574286222,22.848348384994356,0.836023959760034,0.8808205930088224,515093000663,50.0
LMO_25Ah,LMO_25Ah,55.00000105032612,61.65602649902875,0.6088039936884637,0.7724424598101363,515092901155,50.0
LMO_26Ah,LMO_26Ah,8.376103364411708,9.28047583545561,0.838830741947137,0.8658097181949291,H27734091053,50.0
LMO_26Ah,LMO_26Ah,49.40099995812712,69.55835296939132,0.8000807527772267,0.9857767400762616,H27733591038,50.0
LMO_26Ah,LMO_25Ah,44.48969970535751,58.75066447519111,0.7923038386997859,0.9152845214267499,H27734091304,50.0
LMO_26Ah,LMO_25Ah,72.82489440139221,67.53648367094536,0.9836614833967889,0.9185548106788058,H27735490851,50.0
LMO_26Ah,LMO_26Ah,70.00830014699694,76.54812936678216,0.8877884423076107,0.9646190760336656,H27733490499,50.0
LMO_26Ah,LMO_26Ah,53.6027015707495,56.39020001033749,0.9502961257288985,1.0148390972201051,H27735376790,50.0
LMO_26Ah,LMO_25Ah,43.01369793692715,48.50691083808817,0.9250730523597511,0.9459093178490741,H27735376805,50.0
LMO_26Ah,LMO_26Ah,59.726499769245834,73.92306211033647,0.8198538167882471,0.9619468786211779,H27735290390,50.0
LMO_26Ah,LMO_26Ah,79.99999794086715,82.26944496671318,0.8524307318712121,0.9252561801594231,H27733690634,50.0
LMO_26Ah,LMO_26Ah,41.55420093027903,49.487493518566204,0.8484115317685356,0.9327902413641489,H27733690394,50.0
LMO_26Ah,LMO_26Ah,60.85579940312864,73.16728190582285,0.8140538080040349,0.9479416272542953,H27734091346,50.0
LMO_26Ah,LMO_26Ah,89.99999404417134,85.03837965301975,0.9984076697020134,0.9742422879138911,H27734492478,50.0
LMO_26Ah,LMO_25Ah,46.428099431684736,44.92561131923259,0.9893807346363708,0.9320598677210188,H27735391963,50.0
LMO_26Ah,LMO_26Ah,89.99999404417134,85.11463496196168,0.99155379385371,0.9862715399190056,H27734490172,50.0
LMO_26Ah,LMO_26Ah,9.099602932994166,9.944560781888628,1.0023307292118429,0.9558878951787304,H27735076555,50.0
LFP_35Ah,LFP_35Ah,54.56280111595269,43.66813158869239,0.8632713851992527,0.9053118318610709,18号,50.0
LFP_35Ah,LFP_35Ah,52.87640052685941,53.572084310782245,0.8182657110327498,0.826992950374367,24号,50.0
LFP_35Ah,LFP_35Ah,25.55260241838855,30.90293808917598,0.8409142816381119,0.9044902136866126,33号,50.0
LFP_35Ah,LFP_35Ah,38.830501216096245,47.335473672909124,0.8824714088261889,0.9173127454447215,35号,50.0
LFP_35Ah,LFP_35Ah,14.461799111103197,13.87239629666379,0.8712485117105062,0.8846336948899991,38号,50.0
LFP_35Ah,LFP_35Ah,5.0000046163318155,5.00616733142617,0.8552485415604023,0.8607735361145341,42号,50.0
LFP_35Ah,LFP_35Ah,38.75429971153034,50.96312288444324,0.9039142373257008,0.9112256891942228,44号,50.0
LFP_35Ah,LFP_35Ah,34.639400806524534,31.42281934912384,0.8895542276257589,0.849081658202733,46号,50.0
LFP_35Ah,LFP_35Ah,39.11150132652551,38.2894316436432,0.7961485770356319,0.8864804891369003,7号,50.0
LFP_68Ah,LFP_68Ah,59.840695702347006,65.10869757906124,0.8428293786507222,0.8386879356073623,02HCB68111211Y88D0001154,50.0
LFP_68Ah,LFP_68Ah,49.40099995812712,39.8180532420656,0.8380235165018405,0.8344731039140938,02HCB68111211Y87Y0009119,50.0
LFP_68Ah,LFP_68Ah,16.03880155885085,16.064802751549838,0.8262470114690571,0.8351746577114498,02HCB68111211Y87Y0008126,50.0
LFP_68Ah,LFP_68Ah,27.90890181105184,27.479899375447907,0.8153514623308815,0.8304757690917252,02HCB68111211Y87Y0015279,50.0
LFP_68Ah,LFP_68Ah,69.99999653173852,70.23296201861353,0.7509117543779192,0.844475305027142,02HCB68111211Y86L0002535,50.0
LFP_68Ah,LFP_68Ah,8.13500139574832,10.562447914867883,0.7854779186631499,0.8222290331090264,02HCB68111211Y87Y0014641,50.0
LFP_68Ah,LFP_68Ah,31.863299609461187,34.720476456975916,0.7697308504265343,0.8336649245134831,02HCB68111211Y86X0004792,50.0
LFP_68Ah,LFP_68Ah,44.46269869636442,38.028392210587846,0.8523190928147962,0.8415862609926609,02HCB68111211Y88G0002069,50.0
LFP_68Ah,LFP_68Ah,44.38000045847457,46.01320783619568,0.8254852638226058,0.8382096696066604,02HCB68111211Y88E0004343,50.0
LFP_68Ah,LFP_68Ah,34.24330144638213,34.07862855241128,0.6825176350462574,0.7864956227773335,02HCB68111211Y86R0006266,50.0
LFP_68Ah,LFP_68Ah,65.67439927569912,71.0399381232093,0.8560896823206804,0.8401492332904633,02HCB68111211Y88D0003027,50.0
LFP_68Ah,LFP_68Ah,52.43750140220706,51.587997788218246,0.831083807995489,0.8398119572211473,02HCB68111211Y88E0004542,50.0
LFP_68Ah,LFP_68Ah,39.5792994530596,38.6244772134963,0.8117617128710508,0.8374104799552377,02HCB68111211Y87Y0012947,50.0
LFP_68Ah,LFP_68Ah,44.48969970535751,43.0063749043492,0.8056190991484341,0.8375384115486534,02HCB68111211Y88E0004475,50.0
LFP_68Ah,LFP_68Ah,62.82330124492969,67.97214491622937,0.8382176486810033,0.844337800086021,02HCB68111211Y87Y0003936,50.0
LFP_68Ah,LFP_68Ah,50.564998357432486,55.761579194503405,0.8685220184896101,0.839782306345314,02HCB68111211Y88F0000101,50.0
LFP_68Ah,LFP_68Ah,64.9999971536303,71.99437370081607,0.7091867773985592,0.8448707245443963,02HCB68111211Y86P0008027,50.0
LFP_68Ah,LFP_68Ah,43.57689926379472,38.43365207663676,0.7151896784661925,0.8411131095323676,02HCB68111211Y86M0004689,50.0
LFP_68Ah,LFP_68Ah,41.643902856437975,36.141485013090715,0.7789132389039164,0.8368087007532804,02HCB68111211Y86H0009376,50.0
LFP_68Ah,LFP_68Ah,57.006596206647345,70.43477701016444,0.7128293997378027,0.8430236968976141,02HCB68111211Y86P0006552,50.0
LFP_68Ah,LFP_68Ah,24.41099990407093,29.3694467180281,0.8076352851871028,0.8317491640602287,02HCB68111211Y87Y0008148,50.0
LFP_68Ah,NMC_15Ah,38.26200102867698,19.934949363576717,0.8386073436758568,0.8096730459914095,02HCB68111211Y87Y0007299,50.0
LMO_10Ah,LMO_10Ah,52.672695335349516,54.35510594445918,0.6466599634874413,0.635109713651155,PIP15829A00218444,70.0
LMO_10Ah,LMO_10Ah,18.115401762916292,19.77685701837537,0.6590499817480412,0.7133992037489381,PIP15829A00217239,70.0
LMO_10Ah,LMO_10Ah,35.37670148771982,28.17016458615498,0.5750200166341904,0.5470364293928938,PIP15828A00225770,70.0
LMO_10Ah,LMO_25Ah,65.67439927569912,84.22825188870289,0.8047299740603592,0.9000174103024218,PIP15710A00246135,70.0
LMO_10Ah,LMO_10Ah,24.387700702471207,23.08296398327217,0.8819599417418096,0.8927990464487933,PIP15N21A50200566,70.0
LMO_10Ah,LMO_10Ah,37.94840027477962,39.0206845969083,0.8906699683856765,0.8805232040108021,PIP15D19A03261038,70.0
LMO_10Ah,LMO_10Ah,30.690801942620944,31.586925183106988,0.8789499662822768,0.8842850551516209,PIP15D25A03226076,70.0
LMO_10Ah,LMO_10Ah,50.564998357432486,51.02620117837283,0.8637399968243484,0.895578257607945,PIP15D01A03250557,70.0
LMO_10Ah,LMO_26Ah,55.43259950844851,66.61757589383089,0.8332999677321057,0.9496416416322015,PIP15D01A03229494,70.0
LMO_10Ah,LMO_10Ah,47.63939991915674,48.629309575783275,0.8851599952186417,0.9005533549275901,PIP15D01A03214955,70.0
LMO_10Ah,LMO_10Ah,49.833402100745005,49.9237264664343,0.8767699884679544,0.883359408219325,PIP15D01A03224640,70.0
LMO_10Ah,LMO_10Ah,64.84549419866687,64.90261935756774,0.8765499878349092,0.876910662390526,PIP15N15A03208989,70.0
LMO_10Ah,LMO_10Ah,63.63550358660503,65.76500683976822,0.8995499876135535,0.9174182508866502,PIP15D25A03236724,70.0
LMO_10Ah,LMO_10Ah,53.381097180470086,53.70667052723046,0.8700699502164643,0.8782938821809759,PIP15N15A03208683,70.0
LMO_10Ah,LMO_10Ah,24.077000908089857,26.075785890826165,0.9000099541544847,0.891327810594803,PIP15N30A03228344,70.0
LMO_10Ah,LMO_10Ah,16.92310209601447,19.16133097727471,0.69437998064225,0.7335204695524125,PIP15829A00218512,70.0
LMO_10Ah,LMO_10Ah,25.680200864041012,24.943385002554507,0.8901899701665513,0.8879127398984749,PIP15N15A03208672,70.0
LMO_10Ah,LMO_10Ah,40.14490277950498,40.13450661755292,0.9061599607837498,0.883177080421955,PIP15D15A03236823,70.0
LMO_10Ah,LMO_10Ah,74.34220101829476,75.36106522215272,0.8938799760413491,0.8876125935802675,PIP15512A50200153,70.0
LMO_10Ah,LMO_10Ah,25.66410166621489,25.747477391563724,0.6193799861758993,0.6402442485837272,PIP15829A00217327,70.0
LMO_10Ah,LMO_26Ah,85.0000026247998,84.05717884399371,0.923849959512275,0.943016522173363,PIP15D26A03256484,70.0
LMO_10Ah,LMO_10Ah,85.0000026247998,79.14868636719828,0.9184699851382803,0.9058364373231765,PIP15D28A03264309,70.0
LMO_10Ah,LMO_10Ah,43.991100770491734,44.110161812996104,0.8975499502379529,0.9172020352447333,PIP15N08A03232188,70.0
LMO_10Ah,LMO_10Ah,56.435900402749404,56.02239097452861,0.8825699956711344,0.8895424773943195,PIP15N14A03236503,70.0
LMO_10Ah,LMO_10Ah,55.74399834520065,54.93902518933336,0.9264899734329463,0.8996356163184456,PIP16N1700C039158,70.0
LMO_10Ah,LMO_10Ah,52.8222970349807,51.79260496988402,0.8988499887613832,0.8954896565624844,PIP15N12A03225967,70.0
NMC_15Ah,NMC_15Ah,5.0000046163318155,4.957908205175038,0.7645000053354094,0.7764892129565227,PJP17601529001A009420,70.0
NMC_15Ah,NMC_15Ah,35.356602693103284,35.54834789308322,0.756493310359627,0.7738090534657884,PJP17601527001A008674,70.0
NMC_15Ah,NMC_15Ah,19.951500882936887,20.00850268141938,0.7735932868370213,0.7825568351590059,PJP17601529001A010983,70.0
NMC_15Ah,LMO_25Ah,69.99999653173852,72.95179380467387,0.7714800032857558,0.8447117968143593,PJP17601527001A011451,70.0
NMC_15Ah,NMC_15Ah,50.95099774912738,51.5178057101623,0.7680933310901158,0.7810596608904576,PJP17601529001A010816,70.0
NMC_15Ah,NMC_15Ah,64.9999971536303,67.0493055232002,0.7551599563253125,0.7847791277195936,PJP17601527001A007049,70.0
NMC_15Ah,NMC_15Ah,41.95410025556707,41.711949391733455,0.7715599971918252,0.7752399698361716,PJP17601529001A003328,70.0
NMC_15Ah,NMC_15Ah,46.82410030246086,47.052268660808394,0.7645666426813066,0.7764507622529967,PJP17601529003A008872,70.0
NMC_15Ah,NMC_15Ah,23.604701618548173,24.863056146893946,0.7625332897948218,0.7981142459328917,PJP17601527003A009249,70.0
NMC_15Ah,NMC_15Ah,64.9999971536303,67.47362556873028,0.7541066220690784,0.7822267788733104,PJP17601527001A008438,70.0
NMC_15Ah,NMC_15Ah,15.250300334977023,15.143735503885722,0.7600799641583761,0.7775503005947507,PJP17530529002A009949,70.0
NMC_15Ah,LMO_25Ah,27.26530265280591,11.217239709783245,0.7632466388830355,0.7695925796729332,PJP17601529001A010435,70.0
NMC_15Ah,NMC_15Ah,47.527301113167965,45.0577591777337,0.8000799780714402,0.7745956802352122,PJP17930O01003A016716,70.0
NMC_15Ah,NMC_15Ah,41.72750142641355,42.50582740545553,0.7598000012974555,0.7796285547962084,PJP17601529003A008762,70.0
NMC_15Ah,NMC_15Ah,29.79689918966566,30.1233101934605,0.7526066715079567,0.7662321652603589,PJP17601529003A008717,70.0
NMC_21Ah,NMC_21Ah,48.708301363683375,55.37754362108169,0.7700523564899981,0.8470028522210314,02LCC02100101A8BC0104122,70.0
NMC_21Ah,NMC_21Ah,41.72750142641355,41.901056436314484,0.9973428381794949,0.9977945960011535,02LCC02100101A87Y0163477,70.0
NMC_21Ah,NMC_21Ah,41.64969946964553,40.188965781020954,1.0002142962444005,0.9966541152490987,02LCC02100101A87Y0013547,70.0
NMC_21Ah,NMC_21Ah,69.99999653173852,68.37476944559863,1.0111618692476882,0.9955012265562022,02LCC02100101A87Y0027455,70.0
NMC_21Ah,NMC_21Ah,69.99999653173852,68.33389602697672,1.006080937631413,0.9920979345498933,02LCC02100101A87Y0010456,70.0
NMC_21Ah,NMC_21Ah,69.99999653173852,70.26161347062344,0.9891618565361999,0.9957677000502444,02LCC02100101A87Y0184257,70.0
NMC_21Ah,LMO_24Ah,55.92349703913051,39.46651225780067,1.0059999887818845,0.8278432453111837,02LCC02100101A87Y0173907,70.0
NMC_21Ah,NMC_21Ah,46.949499483880345,45.239952898868246,0.9918856714885198,0.9989306498629996,02LCC02100101A87Y0085499,70.0
NMC_21Ah,NMC_21Ah,56.198899836382985,55.51846764483099,0.9926904548319276,0.9981584104867539,02LCC02100101A87Y0055909,70.0
NMC_21Ah,NMC_21Ah,20.500100580928294,20.577834888434623,0.8375523416282624,0.8553087235517559,02LCC02100101A87B0101984,70.0
LMO_24Ah,LMO_24Ah,41.643902856437975,42.866949610198965,0.7634124575419918,0.7925908118575584,A170530525010800528,70.0
LMO_24Ah,LMO_24Ah,74.99999856275895,5.044432937332738,0.7957207939865173,0.8046568671306286,A170530525010800027,70.0
LMO_24Ah,LMO_24Ah,60.85579940312864,60.95279517983108,0.7988583239632818,0.804132574712902,A170528511010802426,70.0
LMO_24Ah,LMO_24Ah,46.791699622251606,48.1781977697117,0.7420832957727146,0.7634503264256619,A170526507010800030,70.0
LMO_24Ah,LMO_24Ah,65.67439927569912,64.198876026311,0.819745813315415,0.8096342601090534,A170530525010800523,70.0
LMO_24Ah,LMO_24Ah,37.1305022963682,50.21850281842431,0.7898291722904704,1.038748490919851,A170528511010800172,70.0
LMO_24Ah,LMO_24Ah,38.26200102867698,50.43592621904006,0.7926375060630658,0.9855827031542899,A170530525010800543,70.0
LMO_24Ah,LMO_24Ah,44.114199213785696,43.69485835288441,0.7865249920318031,0.7739425242055777,A170527511010800648,70.0
LMO_24Ah,LMO_24Ah,23.095200540901402,24.862698003743823,0.791762448999661,0.8242096301124825,A170530525010800530,70.0
LMO_24Ah,LMO_24Ah,21.101602001561332,20.1268782777281,0.8067708368498764,0.794024131396912,A170526511010800410,70.0
LMO_24Ah,LMO_24Ah,69.99999653173852,74.62381826242994,0.758099955298905,0.788635492966366,A170523507010800997,70.0
LMO_24Ah,LMO_24Ah,74.99999856275895,73.46133069663566,0.8111541632967583,0.8121285186696064,A170525507010800584,70.0
LMO_24Ah,LMO_24Ah,49.40099995812712,52.095591421976586,0.7919208209968736,0.8143532902887111,A170530525010800427,70.0
LMO_24Ah,LMO_24Ah,69.99999653173852,74.46589305069867,0.734933305238358,0.7983911384292462,A170528511010800479,70.0
LMO_24Ah,LMO_24Ah,57.006596206647345,63.539189608343946,0.7201916470094039,0.8090067990150154,A170530525010800449,70.0
LMO_24Ah,LMO_24Ah,31.863299609461187,29.373117685316867,0.7595833366423889,0.7242482974174711,A170529511010800365,70.0
LMO_25Ah,LMO_25Ah,38.062501366268805,28.774552375286795,0.9211839660702082,0.7607931235227237,515092905216,70.0
LMO_25Ah,LMO_25Ah,22.88470256764415,24.456570303783913,0.8747679874503398,0.9168450318459254,515093005020,70.0
LMO_25Ah,LMO_24Ah,41.55420093027903,38.78364034039371,0.8384559477856742,0.7736220363268618,515093000439,70.0
LMO_25Ah,LMO_24Ah,50.48199868239127,41.532081611390545,0.9185159425827744,0.8073446313863284,515092905212,70.0
LMO_25Ah,LMO_25Ah,65.67439927569912,65.80848011236881,0.8435679992543416,0.8569742287394538,515093004482,70.0
LMO_25Ah,LMO_25Ah,6.929202384999056,10.042575276884747,0.5269439889688061,0.6122663783549285,515093001608,70.0
LMO_25Ah,LMO_25Ah,47.2815008369574,49.216324105993806,0.8847479497642186,0.9273872787817138,515093003101,70.0
LMO_25Ah,LMO_25Ah,24.077000908089857,23.93908130743327,0.9200799692176013,0.924615261319151,515093004064,70.0
LMO_25Ah,LMO_25Ah,29.79689918966566,34.824647034785826,0.7058879600011732,0.7444437831973572,515093000629,70.0
LMO_25Ah,LMO_25Ah,74.99999856275895,68.45457435109512,0.818831956140364,0.8151809574924328,515091901822,70.0
LMO_25Ah,LMO_24Ah,8.617300837915131,19.924285982895807,0.8861359632443516,0.7064595094718765,515100102065,70.0
LMO_25Ah,LMO_25Ah,70.00830014699694,69.00748901081745,0.8887799645282749,0.9047826603779217,515093002646,70.0
LMO_25Ah,LMO_25Ah,74.99999856275895,70.30237281401976,0.7954360026532048,0.8403147676600641,515100101320,70.0
LMO_25Ah,LMO_25Ah,21.692401574286222,24.375159059936312,0.836023959760034,0.8974928117336176,515093000663,70.0
LMO_25Ah,LMO_25Ah,55.00000105032612,61.304936116050094,0.6088039936884637,0.7590568465898803,515092901155,70.0
LMO_26Ah,LMO_26Ah,8.376103364411708,5.022978836184206,0.838830741947137,0.8204297820819335,H27734091053,70.0
LMO_26Ah,LMO_26Ah,49.40099995812712,67.28041662443124,0.8000807527772267,0.9843032433462007,H27733591038,70.0
LMO_26Ah,LMO_26Ah,44.48969970535751,54.08465215495897,0.7923038386997859,0.9225586988797154,H27734091304,70.0
LMO_26Ah,LMO_25Ah,72.82489440139221,68.36837592714087,0.9836614833967889,0.9242096506658526,H27735490851,70.0
LMO_26Ah,LMO_26Ah,70.00830014699694,73.79991923076277,0.8877884423076107,0.9419783911229311,H27733490499,70.0
LMO_26Ah,LMO_26Ah,53.6027015707495,54.68933707025978,0.9502961257288985,1.0028381393675525,H27735376790,70.0
LMO_26Ah,LMO_26Ah,43.01369793692715,41.705922472583524,0.9250730523597511,0.9272115249163035,H27735376805,70.0
LMO_26Ah,LMO_26Ah,59.726499769245834,72.74165397456676,0.8198538167882471,0.9589107149439969,H27735290390,70.0
LMO_26Ah,LMO_26Ah,79.99999794086715,80.18586627704477,0.8524307318712121,0.9130077844407252,H27733690634,70.0
LMO_26Ah,LMO_26Ah,41.55420093027903,49.50013000271307,0.8484115317685356,0.9450191967107022,H27733690394,70.0
LMO_26Ah,LMO_26Ah,60.85579940312864,71.32828580565457,0.8140538080040349,0.9056463909265213,H27734091346,70.0
LMO_26Ah,LMO_26Ah,89.99999404417134,84.64024650404427,0.9984076697020134,0.9627307417462856,H27734492478,70.0
LMO_26Ah,LMO_25Ah,46.428099431684736,44.90308743123007,0.9893807346363708,0.9312143822842074,H27735391963,70.0
LMO_26Ah,LMO_26Ah,89.99999404417134,84.58876674235424,0.99155379385371,0.9856732014384114,H27734490172,70.0
LMO_26Ah,LMO_26Ah,9.099602932994166,9.706915557851993,1.0023307292118429,0.9829712932684951,H27735076555,70.0
LFP_35Ah,LFP_35Ah,54.56280111595269,53.52329858145482,0.8632713851992527,0.8900154400200774,18号,70.0
LFP_35Ah,LFP_35Ah,52.87640052685941,56.084585848687894,0.8182657110327498,0.8199893412888867,24号,70.0
LFP_35Ah,LFP_35Ah,25.55260241838855,32.43171059270695,0.8409142816381119,0.9067518486528972,33号,70.0
LFP_35Ah,LFP_35Ah,38.830501216096245,49.55665825636374,0.8824714088261889,0.9152097069822245,35号,70.0
LFP_35Ah,LFP_35Ah,14.461799111103197,14.891870670333057,0.8712485117105062,0.8830200554641916,38号,70.0
LFP_35Ah,LFP_35Ah,5.0000046163318155,5.2200955201879395,0.8552485415604023,0.8423614814545597,42号,70.0
LFP_35Ah,LFP_35Ah,38.75429971153034,49.182449069816535,0.9039142373257008,0.9029412827473972,44号,70.0
LFP_35Ah,LFP_35Ah,34.639400806524534,39.344909849741796,0.8895542276257589,0.8631614544481477,46号,70.0
LFP_35Ah,LFP_35Ah,39.11150132652551,43.83848270966283,0.7961485770356319,0.8873420410231044,7号,70.0
LFP_68Ah,LFP_68Ah,59.840695702347006,68.08397843099583,0.8428293786507222,0.843364748471865,02HCB68111211Y88D0001154,70.0
LFP_68Ah,LFP_68Ah,49.40099995812712,53.23325966746728,0.8380235165018405,0.8391328732512934,02HCB68111211Y87Y0009119,70.0
LFP_68Ah,LFP_68Ah,16.03880155885085,18.327661269889703,0.8262470114690571,0.8367461144071822,02HCB68111211Y87Y0008126,70.0
LFP_68Ah,LFP_68Ah,27.90890181105184,36.695766917450065,0.8153514623308815,0.8360811951025926,02HCB68111211Y87Y0015279,70.0
LFP_68Ah,LFP_68Ah,69.99999653173852,71.82198215873201,0.7509117543779192,0.8433907575388002,02HCB68111211Y86L0002535,70.0
LFP_68Ah,LFP_68Ah,8.13500139574832,10.453691778280271,0.7854779186631499,0.7877109559186868,02HCB68111211Y87Y0014641,70.0
LFP_68Ah,LFP_68Ah,31.863299609461187,35.02802094388186,0.7697308504265343,0.8344838454469785,02HCB68111211Y86X0004792,70.0
LFP_68Ah,LFP_68Ah,44.46269869636442,43.02687992614991,0.8523190928147962,0.8403328744315334,02HCB68111211Y88G0002069,70.0
LFP_68Ah,LFP_68Ah,44.38000045847457,53.5071874455237,0.8254852638226058,0.8400007953139303,02HCB68111211Y88E0004343,70.0
LFP_68Ah,LFP_68Ah,34.24330144638213,37.51767692817795,0.6825176350462574,0.779605085953974,02HCB68111211Y86R0006266,70.0
LFP_68Ah,LFP_68Ah,65.67439927569912,68.52789288620603,0.8560896823206804,0.8448515574931963,02HCB68111211Y88D0003027,70.0
LFP_68Ah,LFP_68Ah,52.43750140220706,56.57454822781125,0.831083807995489,0.8393816350342916,02HCB68111211Y88E0004542,70.0
LFP_68Ah,LFP_68Ah,39.5792994530596,44.97035931615639,0.8117617128710508,0.8377636963866271,02HCB68111211Y87Y0012947,70.0
LFP_68Ah,LFP_68Ah,44.48969970535751,53.560420782193205,0.8056190991484341,0.8399621123962974,02HCB68111211Y88E0004475,70.0
LFP_68Ah,LFP_68Ah,62.82330124492969,68.07387083542567,0.8382176486810033,0.8425028362585371,02HCB68111211Y87Y0003936,70.0
LFP_68Ah,LFP_68Ah,50.564998357432486,53.74170488604925,0.8685220184896101,0.8390386824664283,02HCB68111211Y88F0000101,70.0
LFP_68Ah,LFP_68Ah,64.9999971536303,72.04535736792037,0.7091867773985592,0.8423420367839838,02HCB68111211Y86P0008027,70.0
LFP_68Ah,LFP_68Ah,43.57689926379472,37.9626787457856,0.7151896784661925,0.8336453750501155,02HCB68111211Y86M0004689,70.0
LFP_68Ah,LFP_68Ah,41.643902856437975,40.62394652323092,0.7789132389039164,0.8340888909508251,02HCB68111211Y86H0009376,70.0
LFP_68Ah,LFP_68Ah,57.006596206647345,67.99324618005222,0.7128293997378027,0.8437446173514876,02HCB68111211Y86P0006552,70.0
LFP_68Ah,LFP_68Ah,24.41099990407093,26.881097293001915,0.8076352851871028,0.8395201249584839,02HCB68111211Y87Y0008148,70.0
LFP_68Ah,LMO_24Ah,38.26200102867698,17.57346618042941,0.8386073436758568,0.8300682532946049,02HCB68111211Y87Y0007299,70.0
LMO_10Ah,LMO_10Ah,52.672695335349516,53.37695598448976,0.6466599634874413,0.6283662697411694,PIP15829A00218444,100.0
LMO_10Ah,LMO_10Ah,18.115401762916292,19.62360093215681,0.6590499817480412,0.6860058727515406,PIP15829A00217239,100.0
LMO_10Ah,LMO_10Ah,35.37670148771982,28.13457709513767,0.5750200166341904,0.5399600580427061,PIP15828A00225770,100.0
LMO_10Ah,LMO_25Ah,65.67439927569912,84.47456417697252,0.8047299740603592,0.918241488038099,PIP15710A00246135,100.0
LMO_10Ah,LMO_10Ah,24.387700702471207,24.61014076010092,0.8819599417418096,0.8945983117051762,PIP15N21A50200566,100.0
LMO_10Ah,LMO_10Ah,37.94840027477962,38.73383299114985,0.8906699683856765,0.8836966898222538,PIP15D19A03261038,100.0
LMO_10Ah,LMO_10Ah,30.690801942620944,31.879488343074847,0.8789499662822768,0.8857306435009812,PIP15D25A03226076,100.0
LMO_10Ah,LMO_10Ah,50.564998357432486,51.4616276409251,0.8637399968243484,0.8996126470823917,PIP15D01A03250557,100.0
LMO_10Ah,LMO_26Ah,55.43259950844851,64.77628237167737,0.8332999677321057,0.9530068244379433,PIP15D01A03229494,100.0
LMO_10Ah,LMO_10Ah,47.63939991915674,48.04745297016259,0.8851599952186417,0.9003378222915912,PIP15D01A03214955,100.0
LMO_10Ah,LMO_10Ah,49.833402100745005,50.16852991087703,0.8767699884679544,0.8847144350432751,PIP15D01A03224640,100.0
LMO_10Ah,LMO_10Ah,64.84549419866687,65.06462740121044,0.8765499878349092,0.8749862868927192,PIP15N15A03208989,100.0
LMO_10Ah,LMO_10Ah,63.63550358660503,64.40490914829671,0.8995499876135535,0.9121075383720334,PIP15D25A03236724,100.0
LMO_10Ah,LMO_10Ah,53.381097180470086,53.457096483382486,0.8700699502164643,0.8799528972314216,PIP15N15A03208683,100.0
LMO_10Ah,LMO_10Ah,24.077000908089857,25.72816286412316,0.9000099541544847,0.8950776585390278,PIP15N30A03228344,100.0
LMO_10Ah,LMO_10Ah,16.92310209601447,19.0521742509414,0.69437998064225,0.7386072003948608,PIP15829A00218512,100.0
LMO_10Ah,LMO_10Ah,25.680200864041012,25.684684285698122,0.8901899701665513,0.8873385184833242,PIP15N15A03208672,100.0
LMO_10Ah,LMO_10Ah,40.14490277950498,40.316838046594015,0.9061599607837498,0.8843556735366414,PIP15D15A03236823,100.0
LMO_10Ah,LMO_10Ah,74.34220101829476,74.32427529040302,0.8938799760413491,0.8833750383038258,PIP15512A50200153,100.0
LMO_10Ah,LMO_10Ah,25.66410166621489,24.914687124580695,0.6193799861758993,0.6275167874549125,PIP15829A00217327,100.0
LMO_10Ah,LMO_26Ah,85.0000026247998,84.15768707647959,0.923849959512275,0.9521628694403182,PIP15D26A03256484,100.0
LMO_10Ah,LMO_10Ah,85.0000026247998,76.67091145029352,0.9184699851382803,0.9004884567171322,PIP15D28A03264309,100.0
LMO_10Ah,LMO_10Ah,43.991100770491734,44.058877040354474,0.8975499502379529,0.9136868377780799,PIP15N08A03232188,100.0
LMO_10Ah,LMO_10Ah,56.435900402749404,56.32750240931191,0.8825699956711344,0.8887075374423978,PIP15N14A03236503,100.0
LMO_10Ah,LMO_10Ah,55.74399834520065,55.02167269027694,0.9264899734329463,0.8979798518702388,PIP16N1700C039158,100.0
LMO_10Ah,LMO_10Ah,52.8222970349807,51.903451601303466,0.8988499887613832,0.8940592872292483,PIP15N12A03225967,100.0
NMC_15Ah,NMC_15Ah,5.0000046163318155,5.301070359974835,0.7645000053354094,0.7828460059515604,PJP17601529001A009420,100.0
NMC_15Ah,NMC_15Ah,35.356602693103284,35.37376206097658,0.756493310359627,0.7727484085165813,PJP17601527001A008674,100.0
NMC_15Ah,NMC_15Ah,19.951500882936887,19.93122732772765,0.7735932868370213,0.7830920904541275,PJP17601529001A010983,100.0
NMC_15Ah,NMC_15Ah,69.99999653173852,69.97914464166463,0.7714800032857558,0.7866715726907387,PJP17601527001A011451,100.0
NMC_15Ah,NMC_15Ah,50.95099774912738,50.992550313278414,0.7680933310901158,0.7794625717099014,PJP17601529001A010816,100.0
NMC_15Ah,NMC_15Ah,64.9999971536303,66.30818796454388,0.7551599563253125,0.7815189064806978,PJP17601527001A007049,100.0
NMC_15Ah,NMC_15Ah,41.95410025556707,41.83170980822265,0.7715599971918252,0.7783241526238581,PJP17601529001A003328,100.0
NMC_15Ah,NMC_15Ah,46.82410030246086,47.05970278408569,0.7645666426813066,0.7767906082901819,PJP17601529003A008872,100.0
NMC_15Ah,NMC_15Ah,23.604701618548173,25.134600283317866,0.7625332897948218,0.8027284188938298,PJP17601527003A009249,100.0
NMC_15Ah,NMC_15Ah,64.9999971536303,66.7356782401806,0.7541066220690784,0.7785135223387243,PJP17601527001A008438,100.0
NMC_15Ah,NMC_15Ah,15.250300334977023,15.357658386823042,0.7600799641583761,0.7784216517186381,PJP17530529002A009949,100.0
NMC_15Ah,LMO_25Ah,27.26530265280591,21.512439947173426,0.7632466388830355,0.889570158106381,PJP17601529001A010435,100.0
NMC_15Ah,NMC_15Ah,47.527301113167965,45.70088910213016,0.8000799780714402,0.7770024096901479,PJP17930O01003A016716,100.0
NMC_15Ah,NMC_15Ah,41.72750142641355,42.45012603138341,0.7598000012974555,0.7788689636777015,PJP17601529003A008762,100.0
NMC_15Ah,NMC_15Ah,29.79689918966566,29.995323759395404,0.7526066715079567,0.7639592037792693,PJP17601529003A008717,100.0
NMC_21Ah,NMC_21Ah,48.708301363683375,56.61866217871373,0.7700523564899981,0.8471663617824343,02LCC02100101A8BC0104122,100.0
NMC_21Ah,NMC_21Ah,41.72750142641355,41.37345951277964,0.9973428381794949,0.9955739160934274,02LCC02100101A87Y0163477,100.0
NMC_21Ah,NMC_21Ah,41.64969946964553,40.97107706165075,1.0002142962444005,0.9983839795152686,02LCC02100101A87Y0013547,100.0
NMC_21Ah,NMC_21Ah,69.99999653173852,68.56761759383532,1.0111618692476882,0.9962154736707153,02LCC02100101A87Y0027455,100.0
NMC_21Ah,NMC_21Ah,69.99999653173852,68.91528439359001,1.006080937631413,0.9937144071854342,02LCC02100101A87Y0010456,100.0
NMC_21Ah,NMC_21Ah,69.99999653173852,70.57676087234688,0.9891618565361999,0.9983795526250601,02LCC02100101A87Y0184257,100.0
NMC_21Ah,LMO_24Ah,55.92349703913051,37.458579494846184,1.0059999887818845,0.8049746704166394,02LCC02100101A87Y0173907,100.0
NMC_21Ah,NMC_21Ah,46.949499483880345,44.952304590407785,0.9918856714885198,0.9948422649762656,02LCC02100101A87Y0085499,100.0
NMC_21Ah,NMC_21Ah,56.198899836382985,54.2015275294055,0.9926904548319276,0.9983764285053985,02LCC02100101A87Y0055909,100.0
NMC_21Ah,NMC_21Ah,20.500100580928294,20.562628395571586,0.8375523416282624,0.855713662266362,02LCC02100101A87B0101984,100.0
LMO_24Ah,LMO_24Ah,41.643902856437975,42.55272177417487,0.7634124575419918,0.7869265552426251,A170530525010800528,100.0
LMO_24Ah,LMO_24Ah,74.99999856275895,9.64624080239656,0.7957207939865173,0.812074339857582,A170530525010800027,100.0
LMO_24Ah,LMO_24Ah,60.85579940312864,61.112626508994694,0.7988583239632818,0.8049380473863565,A170528511010802426,100.0
LMO_24Ah,LMO_24Ah,46.791699622251606,48.01674816409197,0.7420832957727146,0.7640003928305958,A170526507010800030,100.0
LMO_24Ah,LMO_24Ah,65.67439927569912,64.65163263796093,0.819745813315415,0.8090616829674088,A170530525010800523,100.0
LMO_24Ah,LMO_24Ah,37.1305022963682,42.79363289896521,0.7898291722904704,0.8428624970266517,A170528511010800172,100.0
LMO_24Ah,LMO_24Ah,38.26200102867698,50.61431732211676,0.7926375060630658,0.9890366893776161,A170530525010800543,100.0
LMO_24Ah,LMO_24Ah,44.114199213785696,43.987380061098776,0.7865249920318031,0.7808044886147052,A170527511010800648,100.0
LMO_24Ah,LMO_24Ah,23.095200540901402,24.844873086516547,0.791762448999661,0.8298318281083696,A170530525010800530,100.0
LMO_24Ah,LMO_24Ah,21.101602001561332,19.946774719811362,0.8067708368498764,0.7950251777556535,A170526511010800410,100.0
LMO_24Ah,LMO_24Ah,69.99999653173852,74.99542228917402,0.758099955298905,0.7854428576926977,A170523507010800997,100.0
LMO_24Ah,LMO_24Ah,74.99999856275895,73.70784195332203,0.8111541632967583,0.813561955205344,A170525507010800584,100.0
LMO_24Ah,LMO_24Ah,49.40099995812712,57.40150076144725,0.7919208209968736,0.8868375368046103,A170530525010800427,100.0
LMO_24Ah,LMO_24Ah,69.99999653173852,74.9281444351952,0.734933305238358,0.8008310284539089,A170528511010800479,100.0
LMO_24Ah,LMO_24Ah,57.006596206647345,64.06805296585132,0.7201916470094039,0.8070087821985885,A170530525010800449,100.0
LMO_24Ah,LMO_24Ah,31.863299609461187,28.577845566221537,0.7595833366423889,0.6990107987103725,A170529511010800365,100.0
LMO_25Ah,NMC_15Ah,38.062501366268805,33.58187538122475,0.9211839660702082,0.7624541369978921,515092905216,100.0
LMO_25Ah,LMO_24Ah,22.88470256764415,29.248325357568433,0.8747679874503398,0.8086831522339292,515093005020,100.0
LMO_25Ah,LMO_24Ah,41.55420093027903,39.01263980639864,0.8384559477856742,0.7765956670177818,515093000439,100.0
LMO_25Ah,NMC_15Ah,50.48199868239127,43.351059499151056,0.9185159425827744,0.7816967979016658,515092905212,100.0
LMO_25Ah,LMO_25Ah,65.67439927569912,64.32027328964189,0.8435679992543416,0.8284540344204896,515093004482,100.0
LMO_25Ah,LMO_25Ah,6.929202384999056,10.1268927860728,0.5269439889688061,0.6159811463563145,515093001608,100.0
LMO_25Ah,LMO_25Ah,47.2815008369574,49.36945417888177,0.8847479497642186,0.9419333570012519,515093003101,100.0
LMO_25Ah,LMO_25Ah,24.077000908089857,24.768465235121788,0.9200799692176013,0.9430369997026422,515093004064,100.0
LMO_25Ah,LMO_25Ah,29.79689918966566,29.01679509620613,0.7058879600011732,0.6618819393040283,515093000629,100.0
LMO_25Ah,LMO_25Ah,74.99999856275895,69.00632703526372,0.818831956140364,0.8146072040628185,515091901822,100.0
LMO_25Ah,LMO_24Ah,8.617300837915131,19.573830972394596,0.8861359632443516,0.7130305702771391,515100102065,100.0
LMO_25Ah,LMO_24Ah,70.00830014699694,63.28849736199391,0.8887799645282749,0.780107923764511,515093002646,100.0
LMO_25Ah,LMO_25Ah,74.99999856275895,70.29782837538153,0.7954360026532048,0.8273033291330852,515100101320,100.0
LMO_25Ah,LMO_25Ah,21.692401574286222,21.06715526279997,0.836023959760034,0.8764081850553345,515093000663,100.0
LMO_25Ah,LMO_25Ah,55.00000105032612,60.00440558918084,0.6088039936884637,0.7542767031908928,515092901155,100.0
LMO_26Ah,LFP_68Ah,8.376103364411708,6.057158302306337,0.838830741947137,0.7606753998638193,H27734091053,100.0
LMO_26Ah,LMO_26Ah,49.40099995812712,62.83427634279681,0.8000807527772267,0.9634199706069912,H27733591038,100.0
LMO_26Ah,LMO_26Ah,44.48969970535751,50.15645451766535,0.7923038386997859,0.8602946888868632,H27734091304,100.0
LMO_26Ah,LMO_25Ah,72.82489440139221,67.79433347447343,0.9836614833967889,0.9168107677157108,H27735490851,100.0
LMO_26Ah,LMO_26Ah,70.00830014699694,74.82107820369373,0.8877884423076107,0.9356793247762136,H27733490499,100.0
LMO_26Ah,LMO_26Ah,53.6027015707495,59.51195875776052,0.9502961257288985,1.0181378640244603,H27735376790,100.0
LMO_26Ah,LMO_25Ah,43.01369793692715,48.05559807391568,0.9250730523597511,0.9272395534554528,H27735376805,100.0
LMO_26Ah,LMO_26Ah,59.726499769245834,71.35530041082282,0.8198538167882471,0.9574863313987358,H27735290390,100.0
LMO_26Ah,LMO_26Ah,79.99999794086715,82.34290941199637,0.8524307318712121,0.9081121624485821,H27733690634,100.0
LMO_26Ah,LMO_26Ah,41.55420093027903,46.53002896189415,0.8484115317685356,0.9323561152137783,H27733690394,100.0
LMO_26Ah,LMO_26Ah,60.85579940312864,74.53271990959955,0.8140538080040349,0.9643777472760082,H27734091346,100.0
LMO_26Ah,LMO_26Ah,89.99999404417134,84.29426960937572,0.9984076697020134,0.9739181636610752,H27734492478,100.0
LMO_26Ah,LMO_25Ah,46.428099431684736,44.141722183258686,0.9893807346363708,0.9247371589031093,H27735391963,100.0
LMO_26Ah,LMO_26Ah,89.99999404417134,84.6969763790239,0.99155379385371,0.9778625734299679,H27734490172,100.0
LMO_26Ah,LMO_26Ah,9.099602932994166,10.266043338000925,1.0023307292118429,0.9892559342772614,H27735076555,100.0
LFP_35Ah,LFP_35Ah,54.56280111595269,48.7208184667802,0.8632713851992527,0.9069652374092094,18号,100.0
LFP_35Ah,LFP_35Ah,52.87640052685941,52.540309709590396,0.8182657110327498,0.8336454667499841,24号,100.0
LFP_35Ah,LFP_35Ah,25.55260241838855,33.33673369047357,0.8409142816381119,0.9078052018815178,33号,100.0
LFP_35Ah,LFP_35Ah,38.830501216096245,60.98739976686971,0.8824714088261889,0.9116978739521296,35号,100.0
LFP_35Ah,LFP_35Ah,14.461799111103197,16.85098533014064,0.8712485117105062,0.8903936924918866,38号,100.0
LFP_35Ah,LFP_35Ah,5.0000046163318155,5.002060623304749,0.8552485415604023,0.8206164087059025,42号,100.0
LFP_35Ah,LFP_35Ah,38.75429971153034,56.85827586361994,0.9039142373257008,0.9101747834034746,44号,100.0
LFP_35Ah,LFP_35Ah,34.639400806524534,31.938025514506478,0.8895542276257589,0.8613706967261264,46号,100.0
LFP_35Ah,LFP_35Ah,39.11150132652551,39.49548160330807,0.7961485770356319,0.8775787022574546,7号,100.0
LFP_68Ah,LFP_68Ah,59.840695702347006,61.07566348298968,0.8428293786507222,0.8418358247666031,02HCB68111211Y88D0001154,100.0
LFP_68Ah,LFP_68Ah,49.40099995812712,53.943173672555034,0.8380235165018405,0.8378207518867709,02HCB68111211Y87Y0009119,100.0
LFP_68Ah,LFP_68Ah,16.03880155885085,19.475827089047367,0.8262470114690571,0.8350685135325053,02HCB68111211Y87Y0008126,100.0
LFP_68Ah,LFP_68Ah,27.90890181105184,32.82709930398759,0.8153514623308815,0.833832391398526,02HCB68111211Y87Y0015279,100.0
LFP_68Ah,LFP_68Ah,69.99999653173852,72.2316289467559,0.7509117543779192,0.8464187295916196,02HCB68111211Y86L0002535,100.0
LFP_68Ah,LFP_68Ah,8.13500139574832,10.353552300593416,0.7854779186631499,0.8181229343373292,02HCB68111211Y87Y0014641,100.0
LFP_68Ah,LFP_68Ah,31.863299609461187,32.977514121215165,0.7697308504265343,0.8291168118216828,02HCB68111211Y86X0004792,100.0
LFP_68Ah,LFP_68Ah,44.46269869636442,36.13867856357267,0.8523190928147962,0.8417873371911565,02HCB68111211Y88G0002069,100.0
LFP_68Ah,LFP_68Ah,44.38000045847457,52.15931039420807,0.8254852638226058,0.8347142658728522,02HCB68111211Y88E0004343,100.0
LFP_68Ah,LFP_68Ah,34.24330144638213,31.098455730337214,0.6825176350462574,0.8095036858202863,02HCB68111211Y86R0006266,100.0
LFP_68Ah,LFP_68Ah,65.67439927569912,67.9459633254992,0.8560896823206804,0.8431329184569551,02HCB68111211Y88D0003027,100.0
LFP_68Ah,LFP_68Ah,52.43750140220706,53.2773431098792,0.831083807995489,0.8355276974624889,02HCB68111211Y88E0004542,100.0
LFP_68Ah,LFP_68Ah,39.5792994530596,39.37996136958652,0.8117617128710508,0.8359714343124509,02HCB68111211Y87Y0012947,100.0
LFP_68Ah,LFP_68Ah,44.48969970535751,44.1113078710765,0.8056190991484341,0.8343012117198745,02HCB68111211Y88E0004475,100.0
LFP_68Ah,LFP_68Ah,62.82330124492969,67.28755030539926,0.8382176486810033,0.8428403804610357,02HCB68111211Y87Y0003936,100.0
LFP_68Ah,LFP_68Ah,50.564998357432486,55.306472102623786,0.8685220184896101,0.8389008016348978,02HCB68111211Y88F0000101,100.0
LFP_68Ah,LFP_68Ah,64.9999971536303,73.29182817596259,0.7091867773985592,0.8412633976624456,02HCB68111211Y86P0008027,100.0
LFP_68Ah,LFP_68Ah,43.57689926379472,46.444671511114635,0.7151896784661925,0.8375299878089993,02HCB68111211Y86M0004689,100.0
LFP_68Ah,LFP_68Ah,41.643902856437975,44.3523945854946,0.7789132389039164,0.8380506482004645,02HCB68111211Y86H0009376,100.0
LFP_68Ah,LFP_68Ah,57.006596206647345,69.07952088350015,0.7128293997378027,0.8415959582784697,02HCB68111211Y86P0006552,100.0
LFP_68Ah,LFP_68Ah,24.41099990407093,28.850643203670888,0.8076352851871028,0.8328418067299668,02HCB68111211Y87Y0008148,100.0
LFP_68Ah,NMC_15Ah,38.26200102867698,16.067243430795127,0.8386073436758568,0.8025939015107126,02HCB68111211Y87Y0007299,100.0
LMO_10Ah,LMO_10Ah,52.672695335349516,51.19916044367265,0.6466599634874413,0.6408872101176242,PIP15829A00218444,300.0
LMO_10Ah,LMO_10Ah,18.115401762916292,19.529856299383834,0.6590499817480412,0.6866500991112113,PIP15829A00217239,300.0
LMO_10Ah,LMO_10Ah,35.37670148771982,30.15525788890766,0.5750200166341904,0.5406621628297898,PIP15828A00225770,300.0
LMO_10Ah,LMO_25Ah,65.67439927569912,78.54739320017474,0.8047299740603592,0.9385370405090859,PIP15710A00246135,300.0
LMO_10Ah,LMO_10Ah,24.387700702471207,24.924173938690643,0.8819599417418096,0.8974541080649368,PIP15N21A50200566,300.0
LMO_10Ah,LMO_10Ah,37.94840027477962,38.308212272498864,0.8906699683856765,0.8814495244628225,PIP15D19A03261038,300.0
LMO_10Ah,LMO_10Ah,30.690801942620944,31.80341807476048,0.8789499662822768,0.8831988227770081,PIP15D25A03226076,300.0
LMO_10Ah,LMO_10Ah,50.564998357432486,51.60409168021992,0.8637399968243484,0.9015718369096248,PIP15D01A03250557,300.0
LMO_10Ah,LMO_26Ah,55.43259950844851,56.70397850935379,0.8332999677321057,0.9677850361317626,PIP15D01A03229494,300.0
LMO_10Ah,LMO_10Ah,47.63939991915674,47.72198441343502,0.8851599952186417,0.8885631164734712,PIP15D01A03214955,300.0
LMO_10Ah,LMO_10Ah,49.833402100745005,50.9903649768346,0.8767699884679544,0.8924495150082445,PIP15D01A03224640,300.0
LMO_10Ah,LMO_10Ah,64.84549419866687,64.4667246560081,0.8765499878349092,0.8738154439979623,PIP15N15A03208989,300.0
LMO_10Ah,LMO_10Ah,63.63550358660503,64.52945807134867,0.8995499876135535,0.9159478972486372,PIP15D25A03236724,300.0
LMO_10Ah,LMO_10Ah,53.381097180470086,53.339561860248494,0.8700699502164643,0.8793571231850839,PIP15N15A03208683,300.0
LMO_10Ah,LMO_10Ah,24.077000908089857,24.499393612889836,0.9000099541544847,0.8965717845774609,PIP15N30A03228344,300.0
LMO_10Ah,LMO_10Ah,16.92310209601447,18.020786974934122,0.69437998064225,0.7709500982036577,PIP15829A00218512,300.0
LMO_10Ah,LMO_10Ah,25.680200864041012,25.451307597428514,0.8901899701665513,0.8880099860281,PIP15N15A03208672,300.0
LMO_10Ah,LMO_10Ah,40.14490277950498,40.08084862774712,0.9061599607837498,0.8819751354614184,PIP15D15A03236823,300.0
LMO_10Ah,LMO_10Ah,74.34220101829476,71.87794268916691,0.8938799760413491,0.8826050945863597,PIP15512A50200153,300.0
LMO_10Ah,LMO_10Ah,25.66410166621489,25.794743002187293,0.6193799861758993,0.6164833580780934,PIP15829A00217327,300.0
LMO_10Ah,LMO_26Ah,85.0000026247998,84.55821315228033,0.923849959512275,0.9838552926501214,PIP15D26A03256484,300.0
LMO_10Ah,LMO_10Ah,85.0000026247998,77.38928559246087,0.9184699851382803,0.9084533239045722,PIP15D28A03264309,300.0
LMO_10Ah,LMO_10Ah,43.991100770491734,44.53337891026942,0.8975499502379529,0.9160353220061282,PIP15N08A03232188,300.0
LMO_10Ah,LMO_10Ah,56.435900402749404,56.35383919540713,0.8825699956711344,0.8873891431349239,PIP15N14A03236503,300.0
LMO_10Ah,LMO_10Ah,55.74399834520065,55.41459286673395,0.9264899734329463,0.902564326722006,PIP16N1700C039158,300.0
LMO_10Ah,LMO_10Ah,52.8222970349807,51.737604793673874,0.8988499887613832,0.8894671001023248,PIP15N12A03225967,300.0
NMC_15Ah,NMC_15Ah,5.0000046163318155,5.106452719285298,0.7645000053354094,0.779311627402046,PJP17601529001A009420,300.0
NMC_15Ah,NMC_15Ah,35.356602693103284,35.538863068657434,0.756493310359627,0.7735940330842279,PJP17601527001A008674,300.0
NMC_15Ah,NMC_15Ah,19.951500882936887,19.610584418333975,0.7735932868370213,0.7821782854531396,PJP17601529001A010983,300.0
NMC_15Ah,NMC_15Ah,69.99999653173852,70.09084020499549,0.7714800032857558,0.7910230761211496,PJP17601527001A011451,300.0
NMC_15Ah,NMC_15Ah,50.95099774912738,51.52917078612623,0.7680933310901158,0.7818308314889245,PJP17601529001A010816,300.0
NMC_15Ah,NMC_15Ah,64.9999971536303,66.33767773681629,0.7551599563253125,0.7799785067913271,PJP17601527001A007049,300.0
NMC_15Ah,NMC_15Ah,41.95410025556707,41.88869253889854,0.7715599971918252,0.7772515044780569,PJP17601529001A003328,300.0
NMC_15Ah,NMC_15Ah,46.82410030246086,47.14805537276513,0.7645666426813066,0.7810250552572842,PJP17601529003A008872,300.0
NMC_15Ah,NMC_15Ah,23.604701618548173,25.697711411169845,0.7625332897948218,0.8055256443340661,PJP17601527003A009249,300.0
NMC_15Ah,NMC_15Ah,64.9999971536303,66.63662910941747,0.7541066220690784,0.7812901500912328,PJP17601527001A008438,300.0
NMC_15Ah,NMC_15Ah,15.250300334977023,15.136498359340997,0.7600799641583761,0.778694190052266,PJP17530529002A009949,300.0
NMC_15Ah,LMO_25Ah,27.26530265280591,17.406956144744044,0.7632466388830355,0.7955260013311456,PJP17601529001A010435,300.0
NMC_15Ah,NMC_15Ah,47.527301113167965,46.58319133316171,0.8000799780714402,0.7865373999726449,PJP17930O01003A016716,300.0
NMC_15Ah,NMC_15Ah,41.72750142641355,42.849540868576696,0.7598000012974555,0.7830582184199029,PJP17601529003A008762,300.0
NMC_15Ah,NMC_15Ah,29.79689918966566,30.038343384005838,0.7526066715079567,0.7638852114714969,PJP17601529003A008717,300.0
NMC_21Ah,NMC_21Ah,48.708301363683375,56.606210735194416,0.7700523564899981,0.8521732323160357,02LCC02100101A8BC0104122,300.0
NMC_21Ah,NMC_21Ah,41.72750142641355,41.573694363487654,0.9973428381794949,0.9979455782537822,02LCC02100101A87Y0163477,300.0
NMC_21Ah,NMC_21Ah,41.64969946964553,41.9209672057772,1.0002142962444005,1.0033030640255172,02LCC02100101A87Y0013547,300.0
NMC_21Ah,NMC_21Ah,69.99999653173852,68.36811859465521,1.0111618692476882,0.9935882787592625,02LCC02100101A87Y0027455,300.0
NMC_21Ah,NMC_21Ah,69.99999653173852,69.70548082837442,1.006080937631413,0.9985158123056807,02LCC02100101A87Y0010456,300.0
NMC_21Ah,NMC_21Ah,69.99999653173852,71.06970645126516,0.9891618565361999,0.9985799263241589,02LCC02100101A87Y0184257,300.0
NMC_21Ah,LMO_24Ah,55.92349703913051,37.63895613691489,1.0059999887818845,0.8015946417183767,02LCC02100101A87Y0173907,300.0
NMC_21Ah,LMO_24Ah,46.949499483880345,37.036231392132954,0.9918856714885198,0.8295761111670182,02LCC02100101A87Y0085499,300.0
NMC_21Ah,NMC_21Ah,56.198899836382985,54.773846915584,0.9926904548319276,1.001335463106888,02LCC02100101A87Y0055909,300.0
NMC_21Ah,NMC_21Ah,20.500100580928294,21.140077187533528,0.8375523416282624,0.8520502058750743,02LCC02100101A87B0101984,300.0
LMO_24Ah,LMO_24Ah,41.643902856437975,44.03105362857222,0.7634124575419918,0.8008440245387355,A170530525010800528,300.0
LMO_24Ah,LMO_24Ah,74.99999856275895,8.939494374503232,0.7957207939865173,0.8126473691744408,A170530525010800027,300.0
LMO_24Ah,LMO_24Ah,60.85579940312864,60.67888862507246,0.7988583239632818,0.8005234923911175,A170528511010802426,300.0
LMO_24Ah,LMO_24Ah,46.791699622251606,48.369791090466855,0.7420832957727146,0.7642979367697735,A170526507010800030,300.0
LMO_24Ah,LMO_24Ah,65.67439927569912,65.69861505847193,0.819745813315415,0.8128776971099297,A170530525010800523,300.0
LMO_24Ah,LMO_24Ah,37.1305022963682,52.63977402111646,0.7898291722904704,1.059684911638079,A170528511010800172,300.0
LMO_24Ah,LMO_24Ah,38.26200102867698,49.56474433281986,0.7926375060630658,0.9752796600688587,A170530525010800543,300.0
LMO_24Ah,LMO_24Ah,44.114199213785696,42.59696439132018,0.7865249920318031,0.7721191893147177,A170527511010800648,300.0
LMO_24Ah,NMC_15Ah,23.095200540901402,24.669048676015738,0.791762448999661,0.8020811569523018,A170530525010800530,300.0
LMO_24Ah,LMO_24Ah,21.101602001561332,19.9667617605005,0.8067708368498764,0.7948091613237961,A170526511010800410,300.0
LMO_24Ah,LMO_24Ah,69.99999653173852,75.09389043216031,0.758099955298905,0.7871878176544789,A170523507010800997,300.0
LMO_24Ah,LMO_24Ah,74.99999856275895,71.92375317743608,0.8111541632967583,0.8083871608683889,A170525507010800584,300.0
LMO_24Ah,LMO_24Ah,49.40099995812712,69.84151155552813,0.7919208209968736,1.0587642449572678,A170530525010800427,300.0
LMO_24Ah,LMO_24Ah,69.99999653173852,75.09856486349747,0.734933305238358,0.79759381439584,A170528511010800479,300.0
LMO_24Ah,LMO_24Ah,57.006596206647345,64.3092239102325,0.7201916470094039,0.8061314895556283,A170530525010800449,300.0
LMO_24Ah,LMO_24Ah,31.863299609461187,27.05073245928614,0.7595833366423889,0.6654818737734032,A170529511010800365,300.0
LMO_25Ah,NMC_15Ah,38.062501366268805,36.30442721344999,0.9211839660702082,0.7815467516201098,515092905216,300.0
LMO_25Ah,LMO_25Ah,22.88470256764415,21.68111873860121,0.8747679874503398,0.8201198365260428,515093005020,300.0
LMO_25Ah,LMO_25Ah,41.55420093027903,42.5683359864852,0.8384559477856742,0.7958046266388105,515093000439,300.0
LMO_25Ah,NMC_15Ah,50.48199868239127,44.435501703480845,0.9185159425827744,0.7923251668243981,515092905212,300.0
LMO_25Ah,LMO_25Ah,65.67439927569912,65.11840989071015,0.8435679992543416,0.8155281047363979,515093004482,300.0
LMO_25Ah,LMO_25Ah,6.929202384999056,10.29957084267697,0.5269439889688061,0.6224333767801207,515093001608,300.0
LMO_25Ah,LMO_25Ah,47.2815008369574,51.40772311746312,0.8847479497642186,0.9494412805813603,515093003101,300.0
LMO_25Ah,LMO_25Ah,24.077000908089857,24.723428070765657,0.9200799692176013,0.9353779863597143,515093004064,300.0
LMO_25Ah,LMO_25Ah,29.79689918966566,28.70131873336702,0.7058879600011732,0.6543414654326289,515093000629,300.0
LMO_25Ah,LMO_25Ah,74.99999856275895,70.38987116496335,0.818831956140364,0.8212813687220717,515091901822,300.0
LMO_25Ah,LMO_25Ah,8.617300837915131,7.599038845131839,0.8861359632443516,0.7734990446686092,515100102065,300.0
LMO_25Ah,LMO_24Ah,70.00830014699694,68.56752208899529,0.8887799645282749,0.7894592898032198,515093002646,300.0
LMO_25Ah,LMO_25Ah,74.99999856275895,70.4484607314114,0.7954360026532048,0.8268182810970579,515100101320,300.0
LMO_25Ah,LMO_25Ah,21.692401574286222,20.830270098115264,0.836023959760034,0.8627881600933721,515093000663,300.0
LMO_25Ah,LMO_25Ah,55.00000105032612,57.23164009762407,0.6088039936884637,0.7495498026328572,515092901155,300.0
LMO_26Ah,LMO_26Ah,8.376103364411708,9.47578323332316,0.838830741947137,0.8918888082564878,H27734091053,300.0
LMO_26Ah,LMO_26Ah,49.40099995812712,58.46776985382049,0.8000807527772267,0.9639841334951751,H27733591038,300.0
LMO_26Ah,LMO_25Ah,44.48969970535751,54.13845454130035,0.7923038386997859,0.8576243254717477,H27734091304,300.0
LMO_26Ah,LMO_25Ah,72.82489440139221,70.00970353756297,0.9836614833967889,0.9061040238638997,H27735490851,300.0
LMO_26Ah,LMO_26Ah,70.00830014699694,76.80292566834139,0.8877884423076107,0.9506729932164855,H27733490499,300.0
LMO_26Ah,LMO_26Ah,53.6027015707495,62.09272768590424,0.9502961257288985,1.0174294604050225,H27735376790,300.0
LMO_26Ah,LMO_26Ah,43.01369793692715,42.3304985921194,0.9250730523597511,0.9501447260837644,H27735376805,300.0
LMO_26Ah,LMO_26Ah,59.726499769245834,63.43934725682608,0.8198538167882471,0.9585325193893475,H27735290390,300.0
LMO_26Ah,LMO_26Ah,79.99999794086715,80.80717566679188,0.8524307318712121,0.89794734584785,H27733690634,300.0
LMO_26Ah,LMO_26Ah,41.55420093027903,43.78667033910283,0.8484115317685356,0.9077988018631019,H27733690394,300.0
LMO_26Ah,LMO_26Ah,60.85579940312864,63.108826228769544,0.8140538080040349,0.8875750914960717,H27734091346,300.0
LMO_26Ah,LMO_26Ah,89.99999404417134,80.40558577318964,0.9984076697020134,0.9820830440722687,H27734492478,300.0
LMO_26Ah,LMO_25Ah,46.428099431684736,42.684942421955114,0.9893807346363708,0.9031425734451821,H27735391963,300.0
LMO_26Ah,LMO_26Ah,89.99999404417134,84.3867899231577,0.99155379385371,0.9773723016634943,H27734490172,300.0
LMO_26Ah,LMO_26Ah,9.099602932994166,9.895062745629286,1.0023307292118429,0.9894789989507439,H27735076555,300.0
LFP_35Ah,LFP_35Ah,54.56280111595269,52.016549228744246,0.8632713851992527,0.9192070497097542,18号,300.0
LFP_35Ah,LFP_35Ah,52.87640052685941,62.385493793657155,0.8182657110327498,0.8208489358572058,24号,300.0
LFP_35Ah,LFP_35Ah,25.55260241838855,28.71911977438429,0.8409142816381119,0.9180688013751904,33号,300.0
LFP_35Ah,LFP_35Ah,38.830501216096245,48.177521940322855,0.8824714088261889,0.9293829208877501,35号,300.0
LFP_35Ah,LFP_35Ah,14.461799111103197,17.21364904269274,0.8712485117105062,0.8874454468542484,38号,300.0
LFP_35Ah,LFP_35Ah,5.0000046163318155,5.197710246849086,0.8552485415604023,0.8464999373351738,42号,300.0
LFP_35Ah,LFP_35Ah,38.75429971153034,46.94356093986885,0.9039142373257008,0.9311733576602313,44号,300.0
LFP_35Ah,LFP_35Ah,34.639400806524534,33.395592527512264,0.8895542276257589,0.8731135004761647,46号,300.0
LFP_35Ah,LFP_35Ah,39.11150132652551,40.345319069719466,0.7961485770356319,0.895183233546374,7号,300.0
LFP_68Ah,LFP_68Ah,59.840695702347006,35.08555896224746,0.8428293786507222,0.8275471970284837,02HCB68111211Y88D0001154,300.0
LFP_68Ah,LFP_68Ah,49.40099995812712,56.76828244873048,0.8380235165018405,0.8508975978153963,02HCB68111211Y87Y0009119,300.0
LFP_68Ah,LFP_68Ah,16.03880155885085,18.682115545567296,0.8262470114690571,0.8429256940464439,02HCB68111211Y87Y0008126,300.0
LFP_68Ah,LFP_68Ah,27.90890181105184,29.08898747007832,0.8153514623308815,0.8346723266217385,02HCB68111211Y87Y0015279,300.0
LFP_68Ah,LFP_68Ah,69.99999653173852,72.84088615627329,0.7509117543779192,0.8485770994386274,02HCB68111211Y86L0002535,300.0
LFP_68Ah,LFP_68Ah,8.13500139574832,12.0989987570371,0.7854779186631499,0.8290427270235258,02HCB68111211Y87Y0014641,300.0
LFP_68Ah,LFP_68Ah,31.863299609461187,28.244901102849163,0.7697308504265343,0.835604496102447,02HCB68111211Y86X0004792,300.0
LFP_68Ah,LFP_68Ah,44.46269869636442,50.163413106426646,0.8523190928147962,0.8491236701813287,02HCB68111211Y88G0002069,300.0
LFP_68Ah,LFP_68Ah,44.38000045847457,49.19446477250319,0.8254852638226058,0.8446161164995164,02HCB68111211Y88E0004343,300.0
LFP_68Ah,LFP_68Ah,34.24330144638213,29.88031603515396,0.6825176350462574,0.8222115026238004,02HCB68111211Y86R0006266,300.0
LFP_68Ah,LFP_68Ah,65.67439927569912,61.814634835657486,0.8560896823206804,0.8506381401518186,02HCB68111211Y88D0003027,300.0
LFP_68Ah,LFP_68Ah,52.43750140220706,59.5508902446351,0.831083807995489,0.8517961015865846,02HCB68111211Y88E0004542,300.0
LFP_68Ah,LFP_68Ah,39.5792994530596,38.78707901205594,0.8117617128710508,0.8415403833902937,02HCB68111211Y87Y0012947,300.0
LFP_68Ah,LFP_68Ah,44.48969970535751,55.67570309938426,0.8056190991484341,0.8519995764803778,02HCB68111211Y88E0004475,300.0
LFP_68Ah,LFP_68Ah,62.82330124492969,64.3833330131859,0.8382176486810033,0.8525159684801142,02HCB68111211Y87Y0003936,300.0
LFP_68Ah,LFP_68Ah,50.564998357432486,35.586902666422105,0.8685220184896101,0.8357261786660237,02HCB68111211Y88F0000101,300.0
LFP_68Ah,LFP_68Ah,64.9999971536303,74.20416468950035,0.7091867773985592,0.8476114176085237,02HCB68111211Y86P0008027,300.0
LFP_68Ah,LFP_68Ah,43.57689926379472,51.28476328883281,0.7151896784661925,0.8455902070494682,02HCB68111211Y86M0004689,300.0
LFP_68Ah,LFP_68Ah,41.643902856437975,30.83819442959831,0.7789132389039164,0.8356099435489519,02HCB68111211Y86H0009376,300.0
LFP_68Ah,LFP_68Ah,57.006596206647345,60.59094325841926,0.7128293997378027,0.8484821465962334,02HCB68111211Y86P0006552,300.0
LFP_68Ah,LFP_68Ah,24.41099990407093,24.18134259873817,0.8076352851871028,0.8419522239034156,02HCB68111211Y87Y0008148,300.0
LFP_68Ah,NMC_15Ah,38.26200102867698,11.804865073033149,0.8386073436758568,0.7806541767197366,02HCB68111211Y87Y0007299,300.0
LMO_10Ah,LMO_10Ah,52.672695335349516,51.39679179264767,0.6466599634874413,0.6159621739697062,PIP15829A00218444,500.0
LMO_10Ah,LMO_10Ah,18.115401762916292,19.772855100286765,0.6590499817480412,0.6776949555564943,PIP15829A00217239,500.0
LMO_10Ah,LMO_10Ah,35.37670148771982,32.09362014284974,0.5750200166341904,0.5542699426972288,PIP15828A00225770,500.0
LMO_10Ah,LMO_25Ah,65.67439927569912,74.70340562912415,0.8047299740603592,0.9290080834455303,PIP15710A00246135,500.0
LMO_10Ah,LMO_10Ah,24.387700702471207,24.381405341765696,0.8819599417418096,0.8943948107243513,PIP15N21A50200566,500.0
LMO_10Ah,LMO_10Ah,37.94840027477962,38.61701291334247,0.8906699683856765,0.8817058129473205,PIP15D19A03261038,500.0
LMO_10Ah,LMO_10Ah,30.690801942620944,31.064389684479877,0.8789499662822768,0.8884266828793066,PIP15D25A03226076,500.0
LMO_10Ah,LMO_10Ah,50.564998357432486,51.676786780958395,0.8637399968243484,0.9059421388131002,PIP15D01A03250557,500.0
LMO_10Ah,LMO_26Ah,55.43259950844851,54.86977622157274,0.8332999677321057,0.968501838194339,PIP15D01A03229494,500.0
LMO_10Ah,LMO_10Ah,47.63939991915674,47.64635452854969,0.8851599952186417,0.8880135243782025,PIP15D01A03214955,500.0
LMO_10Ah,LMO_10Ah,49.833402100745005,51.42550956746316,0.8767699884679544,0.8995049471677454,PIP15D01A03224640,500.0
LMO_10Ah,LMO_10Ah,64.84549419866687,64.69753863107015,0.8765499878349092,0.876250897646223,PIP15N15A03208989,500.0
LMO_10Ah,LMO_10Ah,63.63550358660503,63.99781711474368,0.8995499876135535,0.9138561789768166,PIP15D25A03236724,500.0
LMO_10Ah,LMO_10Ah,53.381097180470086,53.2653161323156,0.8700699502164643,0.8817245165584519,PIP15N15A03208683,500.0
LMO_10Ah,LMO_10Ah,24.077000908089857,24.67879547552355,0.9000099541544847,0.8967314055901252,PIP15N30A03228344,500.0
LMO_10Ah,LMO_10Ah,16.92310209601447,16.53320358657962,0.69437998064225,0.7399751221175757,PIP15829A00218512,500.0
LMO_10Ah,LMO_10Ah,25.680200864041012,25.200765240619084,0.8901899701665513,0.8921816660161732,PIP15N15A03208672,500.0
LMO_10Ah,LMO_10Ah,40.14490277950498,39.802823059525444,0.9061599607837498,0.8825065203896719,PIP15D15A03236823,500.0
LMO_10Ah,LMO_10Ah,74.34220101829476,71.42926625651617,0.8938799760413491,0.8854422126315044,PIP15512A50200153,500.0
LMO_10Ah,LMO_10Ah,25.66410166621489,24.35794431252036,0.6193799861758993,0.5974232178576202,PIP15829A00217327,500.0
LMO_10Ah,LMO_26Ah,85.0000026247998,82.97438476138255,0.923849959512275,0.9755305509093666,PIP15D26A03256484,500.0
LMO_10Ah,LMO_10Ah,85.0000026247998,76.97547373224663,0.9184699851382803,0.8985593950398331,PIP15D28A03264309,500.0
LMO_10Ah,LMO_10Ah,43.991100770491734,44.5224419480155,0.8975499502379529,0.9164190069046364,PIP15N08A03232188,500.0
LMO_10Ah,LMO_10Ah,56.435900402749404,56.78151915426783,0.8825699956711344,0.8873036282643516,PIP15N14A03236503,500.0
LMO_10Ah,LMO_10Ah,55.74399834520065,56.104854098072686,0.9264899734329463,0.9030716420157826,PIP16N1700C039158,500.0
LMO_10Ah,LMO_10Ah,52.8222970349807,51.99600507648825,0.8988499887613832,0.8888010871186989,PIP15N12A03225967,500.0
NMC_15Ah,NMC_15Ah,5.0000046163318155,5.1119203713771935,0.7645000053354094,0.7797232775984148,PJP17601529001A009420,500.0
NMC_15Ah,NMC_15Ah,35.356602693103284,35.43892056970315,0.756493310359627,0.7706141415057272,PJP17601527001A008674,500.0
NMC_15Ah,NMC_15Ah,19.951500882936887,19.81923596468392,0.7735932868370213,0.7796330259553191,PJP17601529001A010983,500.0
NMC_15Ah,NMC_15Ah,69.99999653173852,71.02272337579333,0.7714800032857558,0.7969146061173279,PJP17601527001A011451,500.0
NMC_15Ah,NMC_15Ah,50.95099774912738,51.705443538792764,0.7680933310901158,0.7828541261330287,PJP17601529001A010816,500.0
NMC_15Ah,NMC_15Ah,64.9999971536303,66.73824360630039,0.7551599563253125,0.7802293786594483,PJP17601527001A007049,500.0
NMC_15Ah,NMC_15Ah,41.95410025556707,41.94866443842185,0.7715599971918252,0.7793215879050153,PJP17601529001A003328,500.0
NMC_15Ah,NMC_15Ah,46.82410030246086,47.27907673841351,0.7645666426813066,0.7804057143447146,PJP17601529003A008872,500.0
NMC_15Ah,NMC_15Ah,23.604701618548173,25.00282482737007,0.7625332897948218,0.8072551291525037,PJP17601527003A009249,500.0
NMC_15Ah,NMC_15Ah,64.9999971536303,66.88823926339671,0.7541066220690784,0.7793570915644883,PJP17601527001A008438,500.0
NMC_15Ah,NMC_15Ah,15.250300334977023,15.162183855485434,0.7600799641583761,0.7760264132058581,PJP17530529002A009949,500.0
NMC_15Ah,NMC_15Ah,27.26530265280591,24.32889492367698,0.7632466388830355,0.7736430197864506,PJP17601529001A010435,500.0
NMC_15Ah,NMC_15Ah,47.527301113167965,48.80016906105848,0.8000799780714402,0.8247591795198813,PJP17930O01003A016716,500.0
NMC_15Ah,NMC_15Ah,41.72750142641355,42.81288044037214,0.7598000012974555,0.7821332956003626,PJP17601529003A008762,500.0
NMC_15Ah,NMC_15Ah,29.79689918966566,30.027145441511966,0.7526066715079567,0.7646679678740526,PJP17601529003A008717,500.0
NMC_21Ah,NMC_21Ah,48.708301363683375,56.363497122355476,0.7700523564899981,0.8410944113560345,02LCC02100101A8BC0104122,500.0
NMC_21Ah,NMC_21Ah,41.72750142641355,41.56979043734428,0.9973428381794949,0.9965299599511341,02LCC02100101A87Y0163477,500.0
NMC_21Ah,NMC_21Ah,41.64969946964553,42.00187854147776,1.0002142962444005,1.000971623324772,02LCC02100101A87Y0013547,500.0
NMC_21Ah,NMC_21Ah,69.99999653173852,69.12769776947236,1.0111618692476882,0.9974922267516484,02LCC02100101A87Y0027455,500.0
NMC_21Ah,NMC_21Ah,69.99999653173852,70.77798426447204,1.006080937631413,0.9996041569393359,02LCC02100101A87Y0010456,500.0
NMC_21Ah,NMC_21Ah,69.99999653173852,71.09240742115857,0.9891618565361999,1.0009620991866948,02LCC02100101A87Y0184257,500.0
NMC_21Ah,LMO_24Ah,55.92349703913051,37.89010584481641,1.0059999887818845,0.7977577516264577,02LCC02100101A87Y0173907,500.0
NMC_21Ah,LMO_24Ah,46.949499483880345,44.55829240895693,0.9918856714885198,0.9862202512338746,02LCC02100101A87Y0085499,500.0
NMC_21Ah,NMC_21Ah,56.198899836382985,55.84124084273985,0.9926904548319276,1.0045931736666227,02LCC02100101A87Y0055909,500.0
NMC_21Ah,NMC_21Ah,20.500100580928294,21.290789130930097,0.8375523416282624,0.8567177062621877,02LCC02100101A87B0101984,500.0
LMO_24Ah,LMO_24Ah,41.643902856437975,44.867215415376826,0.7634124575419918,0.8057908403540767,A170530525010800528,500.0
LMO_24Ah,LMO_24Ah,74.99999856275895,7.387973148658839,0.7957207939865173,0.8128670725734292,A170530525010800027,500.0
LMO_24Ah,LMO_24Ah,60.85579940312864,63.0090422413206,0.7988583239632818,0.8173450143123265,A170528511010802426,500.0
LMO_24Ah,LMO_24Ah,46.791699622251606,48.22015357652065,0.7420832957727146,0.759185643798435,A170526507010800030,500.0
LMO_24Ah,LMO_24Ah,65.67439927569912,64.1979926065407,0.819745813315415,0.8080642065794139,A170530525010800523,500.0
LMO_24Ah,LMO_24Ah,37.1305022963682,51.56472909510909,0.7898291722904704,1.0550751276225763,A170528511010800172,500.0
LMO_24Ah,LMO_24Ah,38.26200102867698,51.75268659966243,0.7926375060630658,1.0324581834916176,A170530525010800543,500.0
LMO_24Ah,LMO_24Ah,44.114199213785696,42.24097142655316,0.7865249920318031,0.7669892140790603,A170527511010800648,500.0
LMO_24Ah,NMC_15Ah,23.095200540901402,25.100433426796048,0.791762448999661,0.8082017595443884,A170530525010800530,500.0
LMO_24Ah,LMO_24Ah,21.101602001561332,19.933114874774414,0.8067708368498764,0.795508837645394,A170526511010800410,500.0
LMO_24Ah,LMO_24Ah,69.99999653173852,74.84223252576105,0.758099955298905,0.785189051428781,A170523507010800997,500.0
LMO_24Ah,LMO_24Ah,74.99999856275895,72.79308863674898,0.8111541632967583,0.8107721005373051,A170525507010800584,500.0
LMO_24Ah,LMO_24Ah,49.40099995812712,68.00721376290706,0.7919208209968736,1.050779753997946,A170530525010800427,500.0
LMO_24Ah,LMO_24Ah,69.99999653173852,74.78835453142129,0.734933305238358,0.7965100547556151,A170528511010800479,500.0
LMO_24Ah,LMO_24Ah,57.006596206647345,63.86610002286479,0.7201916470094039,0.8071053579705536,A170530525010800449,500.0
LMO_24Ah,LMO_24Ah,31.863299609461187,27.95534899825457,0.7595833366423889,0.6736297422779379,A170529511010800365,500.0
LMO_25Ah,LMO_25Ah,38.062501366268805,28.89782922692776,0.9211839660702082,0.7762600202021659,515092905216,500.0
LMO_25Ah,LMO_25Ah,22.88470256764415,23.14059982777599,0.8747679874503398,0.8817548945114762,515093005020,500.0
LMO_25Ah,LMO_25Ah,41.55420093027903,39.96620889727641,0.8384559477856742,0.7795310557014284,515093000439,500.0
LMO_25Ah,NMC_15Ah,50.48199868239127,44.53276608754588,0.9185159425827744,0.7882001146384792,515092905212,500.0
LMO_25Ah,LMO_25Ah,65.67439927569912,64.63733078816598,0.8435679992543416,0.8239222063605282,515093004482,500.0
LMO_25Ah,LMO_25Ah,6.929202384999056,10.535796758674227,0.5269439889688061,0.6264707512433938,515093001608,500.0
LMO_25Ah,LMO_25Ah,47.2815008369574,51.38122715663451,0.8847479497642186,0.9496748559570237,515093003101,500.0
LMO_25Ah,LMO_25Ah,24.077000908089857,24.838966377451726,0.9200799692176013,0.936693696074483,515093004064,500.0
LMO_25Ah,LMO_25Ah,29.79689918966566,28.337584570732883,0.7058879600011732,0.6510019459418392,515093000629,500.0
LMO_25Ah,LMO_25Ah,74.99999856275895,71.1216372080331,0.818831956140364,0.8201479330495774,515091901822,500.0
LMO_25Ah,LMO_25Ah,8.617300837915131,6.002603815349689,0.8861359632443516,0.7765717618106553,515100102065,500.0
LMO_25Ah,LMO_24Ah,70.00830014699694,65.56684490834857,0.8887799645282749,0.7780498561824045,515093002646,500.0
LMO_25Ah,LMO_25Ah,74.99999856275895,70.35919554092719,0.7954360026532048,0.8311890130412963,515100101320,500.0
LMO_25Ah,LMO_25Ah,21.692401574286222,20.86337976911616,0.836023959760034,0.8772714760769779,515093000663,500.0
LMO_25Ah,LMO_25Ah,55.00000105032612,56.95360826435846,0.6088039936884637,0.7278019898565528,515092901155,500.0
LMO_26Ah,LMO_26Ah,8.376103364411708,9.931757827499755,0.838830741947137,0.8944543776941725,H27734091053,500.0
LMO_26Ah,LMO_26Ah,49.40099995812712,58.1025275105875,0.8000807527772267,0.9412903828190973,H27733591038,500.0
LMO_26Ah,LMO_25Ah,44.48969970535751,52.01636219843251,0.7923038386997859,0.8380808953230728,H27734091304,500.0
LMO_26Ah,LMO_25Ah,72.82489440139221,72.95229255217183,0.9836614833967889,0.9037103916798526,H27735490851,500.0
LMO_26Ah,LMO_26Ah,70.00830014699694,78.61656788639311,0.8877884423076107,0.9440254357484181,H27733490499,500.0
LMO_26Ah,LMO_26Ah,53.6027015707495,62.9106749089988,0.9502961257288985,1.0147949421523388,H27735376790,500.0
LMO_26Ah,LMO_26Ah,43.01369793692715,43.26345370526242,0.9250730523597511,0.9511252696167114,H27735376805,500.0
LMO_26Ah,LMO_26Ah,59.726499769245834,69.16709882181044,0.8198538167882471,0.9549486482073009,H27735290390,500.0
LMO_26Ah,LMO_26Ah,79.99999794086715,82.67285741101271,0.8524307318712121,0.9180242921562074,H27733690634,500.0
LMO_26Ah,LMO_26Ah,41.55420093027903,45.41853169548473,0.8484115317685356,0.8889713579643793,H27733690394,500.0
LMO_26Ah,LMO_26Ah,60.85579940312864,71.62044572296452,0.8140538080040349,0.9209913584013609,H27734091346,500.0
LMO_26Ah,LMO_26Ah,89.99999404417134,81.48272384694108,0.9984076697020134,0.9839758431946304,H27734492478,500.0
LMO_26Ah,LMO_25Ah,46.428099431684736,45.19363603597847,0.9893807346363708,0.9185440786321144,H27735391963,500.0
LMO_26Ah,LMO_26Ah,89.99999404417134,85.13352900281488,0.99155379385371,0.9576896394936302,H27734490172,500.0
LMO_26Ah,LMO_26Ah,9.099602932994166,10.404148642513139,1.0023307292118429,0.9915730445019886,H27735076555,500.0
LFP_35Ah,LFP_35Ah,54.56280111595269,50.27961729408072,0.8632713851992527,0.9164278606850536,18号,500.0
LFP_35Ah,LFP_35Ah,52.87640052685941,53.03042197825435,0.8182657110327498,0.8148674071830867,24号,500.0
LFP_35Ah,LFP_35Ah,25.55260241838855,29.918084883246742,0.8409142816381119,0.917334709144285,33号,500.0
LFP_35Ah,LFP_35Ah,38.830501216096245,50.27364691512255,0.8824714088261889,0.9334181072024345,35号,500.0
LFP_35Ah,LFP_35Ah,14.461799111103197,16.47727489109139,0.8712485117105062,0.8853519673125376,38号,500.0
LFP_35Ah,LFP_35Ah,5.0000046163318155,5.479324838072042,0.8552485415604023,0.8489267945160107,42号,500.0
LFP_35Ah,LFP_35Ah,38.75429971153034,37.09333333805188,0.9039142373257008,0.9345369214889826,44号,500.0
LFP_35Ah,LFP_35Ah,34.639400806524534,35.19768297090235,0.8895542276257589,0.8761322506645036,46号,500.0
LFP_35Ah,LFP_35Ah,39.11150132652551,39.635675081353924,0.7961485770356319,0.8995086404590052,7号,500.0
LFP_68Ah,LFP_68Ah,59.840695702347006,52.90113097460352,0.8428293786507222,0.8468436956365809,02HCB68111211Y88D0001154,500.0
LFP_68Ah,LFP_68Ah,49.40099995812712,48.498495800516366,0.8380235165018405,0.8473293752949791,02HCB68111211Y87Y0009119,500.0
LFP_68Ah,LFP_68Ah,16.03880155885085,19.69278490356796,0.8262470114690571,0.8350338201520437,02HCB68111211Y87Y0008126,500.0
LFP_68Ah,LFP_68Ah,27.90890181105184,24.73780154919063,0.8153514623308815,0.8416217513986373,02HCB68111211Y87Y0015279,500.0
LFP_68Ah,LFP_68Ah,69.99999653173852,72.66031037998084,0.7509117543779192,0.8521823098125116,02HCB68111211Y86L0002535,500.0
LFP_68Ah,LFP_68Ah,8.13500139574832,11.523083348340135,0.7854779186631499,0.8160753806194682,02HCB68111211Y87Y0014641,500.0
LFP_68Ah,LFP_68Ah,31.863299609461187,28.657415688986276,0.7697308504265343,0.8409031723176077,02HCB68111211Y86X0004792,500.0
LFP_68Ah,LFP_68Ah,44.46269869636442,39.870586396441105,0.8523190928147962,0.8422903109434446,02HCB68111211Y88G0002069,500.0
LFP_68Ah,LFP_68Ah,44.38000045847457,35.638271669026814,0.8254852638226058,0.8326090329376375,02HCB68111211Y88E0004343,500.0
LFP_68Ah,LFP_68Ah,34.24330144638213,30.01080151253326,0.6825176350462574,0.7768492392889303,02HCB68111211Y86R0006266,500.0
LFP_68Ah,LFP_68Ah,65.67439927569912,62.563915405224414,0.8560896823206804,0.8534763973306758,02HCB68111211Y88D0003027,500.0
LFP_68Ah,LFP_68Ah,52.43750140220706,55.67438194909713,0.831083807995489,0.8503912358840467,02HCB68111211Y88E0004542,500.0
LFP_68Ah,LFP_68Ah,39.5792994530596,33.13403196301208,0.8117617128710508,0.8429435237420171,02HCB68111211Y87Y0012947,500.0
LFP_68Ah,LFP_68Ah,44.48969970535751,44.26980975960229,0.8056190991484341,0.8485509720907195,02HCB68111211Y88E0004475,500.0
LFP_68Ah,LFP_68Ah,62.82330124492969,65.05815694829819,0.8382176486810033,0.8545667941441492,02HCB68111211Y87Y0003936,500.0
LFP_68Ah,LFP_68Ah,50.564998357432486,52.91967350458716,0.8685220184896101,0.8489969923464613,02HCB68111211Y88F0000101,500.0
LFP_68Ah,LFP_68Ah,64.9999971536303,74.8038316213311,0.7091867773985592,0.8490676051978691,02HCB68111211Y86P0008027,500.0
LFP_68Ah,LFP_68Ah,43.57689926379472,57.18009533958457,0.7151896784661925,0.8479536296604222,02HCB68111211Y86M0004689,500.0
LFP_68Ah,LFP_68Ah,41.643902856437975,42.45139578149622,0.7789132389039164,0.8398302363251283,02HCB68111211Y86H0009376,500.0
LFP_68Ah,LFP_68Ah,57.006596206647345,65.33001147545222,0.7128293997378027,0.8525412294223671,02HCB68111211Y86P0006552,500.0
LFP_68Ah,LFP_68Ah,24.41099990407093,24.926060159281292,0.8076352851871028,0.8447480801203444,02HCB68111211Y87Y0008148,500.0
LFP_68Ah,LFP_68Ah,38.26200102867698,18.232125921366105,0.8386073436758568,0.8141919301406076,02HCB68111211Y87Y0007299,500.0
LMO_10Ah,LMO_10Ah,52.672695335349516,51.54471154592939,0.6466599634874413,0.6146899363167858,PIP15829A00218444,700.0
LMO_10Ah,LMO_10Ah,18.115401762916292,19.406129779121038,0.6590499817480412,0.6765917998130269,PIP15829A00217239,700.0
LMO_10Ah,LMO_10Ah,35.37670148771982,32.268230846008464,0.5750200166341904,0.5557984340519384,PIP15828A00225770,700.0
LMO_10Ah,LMO_25Ah,65.67439927569912,70.24532724248557,0.8047299740603592,0.9078188556757469,PIP15710A00246135,700.0
LMO_10Ah,LMO_10Ah,24.387700702471207,24.395018760838738,0.8819599417418096,0.8965192247424271,PIP15N21A50200566,700.0
LMO_10Ah,LMO_10Ah,37.94840027477962,38.2392587728371,0.8906699683856765,0.8846094292075272,PIP15D19A03261038,700.0
LMO_10Ah,LMO_10Ah,30.690801942620944,31.937410038870713,0.8789499662822768,0.8884708980262972,PIP15D25A03226076,700.0
LMO_10Ah,LMO_10Ah,50.564998357432486,51.949650741213325,0.8637399968243484,0.9062643278824819,PIP15D01A03250557,700.0
LMO_10Ah,LMO_26Ah,55.43259950844851,56.77192887658118,0.8332999677321057,0.9666091655545546,PIP15D01A03229494,700.0
LMO_10Ah,LMO_10Ah,47.63939991915674,47.03184919542689,0.8851599952186417,0.8831973366067238,PIP15D01A03214955,700.0
LMO_10Ah,LMO_10Ah,49.833402100745005,51.68450542907163,0.8767699884679544,0.9002296670396663,PIP15D01A03224640,700.0
LMO_10Ah,LMO_10Ah,64.84549419866687,64.36522158143853,0.8765499878349092,0.8714267288241111,PIP15N15A03208989,700.0
LMO_10Ah,LMO_10Ah,63.63550358660503,64.13569957462916,0.8995499876135535,0.9118379281100719,PIP15D25A03236724,700.0
LMO_10Ah,LMO_10Ah,53.381097180470086,53.662756871200834,0.8700699502164643,0.8829922672419394,PIP15N15A03208683,700.0
LMO_10Ah,LMO_10Ah,24.077000908089857,24.769815567443366,0.9000099541544847,0.8978204522020848,PIP15N30A03228344,700.0
LMO_10Ah,LMO_10Ah,16.92310209601447,16.51632841192823,0.69437998064225,0.7685666035981882,PIP15829A00218512,700.0
LMO_10Ah,LMO_10Ah,25.680200864041012,24.534101663505176,0.8901899701665513,0.8898920815623503,PIP15N15A03208672,700.0
LMO_10Ah,LMO_10Ah,40.14490277950498,39.67321349914907,0.9061599607837498,0.8822995379759044,PIP15D15A03236823,700.0
LMO_10Ah,LMO_10Ah,74.34220101829476,72.55971990721605,0.8938799760413491,0.8866938557587614,PIP15512A50200153,700.0
LMO_10Ah,LMO_10Ah,25.66410166621489,24.7239838558764,0.6193799861758993,0.6080482096955362,PIP15829A00217327,700.0
LMO_10Ah,LMO_26Ah,85.0000026247998,81.9050064558838,0.923849959512275,0.9689505857306557,PIP15D26A03256484,700.0
LMO_10Ah,LMO_10Ah,85.0000026247998,76.31207854299163,0.9184699851382803,0.892405148082161,PIP15D28A03264309,700.0
LMO_10Ah,LMO_10Ah,43.991100770491734,44.576842234449174,0.8975499502379529,0.9111117853091555,PIP15N08A03232188,700.0
LMO_10Ah,LMO_10Ah,56.435900402749404,57.235867513251634,0.8825699956711344,0.8885870691115642,PIP15N14A03236503,700.0
LMO_10Ah,LMO_10Ah,55.74399834520065,56.59345022740112,0.9264899734329463,0.9134764972518827,PIP16N1700C039158,700.0
LMO_10Ah,LMO_10Ah,52.8222970349807,52.180836123986616,0.8988499887613832,0.8921882747308417,PIP15N12A03225967,700.0
NMC_15Ah,NMC_15Ah,5.0000046163318155,4.977834228883038,0.7645000053354094,0.7805859456933644,PJP17601529001A009420,700.0
NMC_15Ah,NMC_15Ah,35.356602693103284,35.44104488916582,0.756493310359627,0.770579516900167,PJP17601527001A008674,700.0
NMC_15Ah,NMC_15Ah,19.951500882936887,19.928509419155045,0.7735932868370213,0.7788907060327547,PJP17601529001A010983,700.0
NMC_15Ah,NMC_15Ah,69.99999653173852,70.43949123518496,0.7714800032857558,0.7887914934152527,PJP17601527001A011451,700.0
NMC_15Ah,NMC_15Ah,50.95099774912738,51.071299359710096,0.7680933310901158,0.777954463022538,PJP17601529001A010816,700.0
NMC_15Ah,NMC_15Ah,64.9999971536303,66.32831030375638,0.7551599563253125,0.7787813997893754,PJP17601527001A007049,700.0
NMC_15Ah,NMC_15Ah,41.95410025556707,42.157015542462524,0.7715599971918252,0.7809879895379804,PJP17601529001A003328,700.0
NMC_15Ah,NMC_15Ah,46.82410030246086,47.365143179984656,0.7645666426813066,0.780348006668781,PJP17601529003A008872,700.0
NMC_15Ah,NMC_15Ah,23.604701618548173,25.219067682046525,0.7625332897948218,0.807216855524586,PJP17601527003A009249,700.0
NMC_15Ah,NMC_15Ah,64.9999971536303,67.3406377318965,0.7541066220690784,0.7799755913679183,PJP17601527001A008438,700.0
NMC_15Ah,NMC_15Ah,15.250300334977023,14.94109280372119,0.7600799641583761,0.7764003589459073,PJP17530529002A009949,700.0
NMC_15Ah,NMC_15Ah,27.26530265280591,24.783053599436833,0.7632466388830355,0.7660348840602771,PJP17601529001A010435,700.0
NMC_15Ah,NMC_15Ah,47.527301113167965,46.376694614765015,0.8000799780714402,0.7829099175979148,PJP17930O01003A016716,700.0
NMC_15Ah,NMC_15Ah,41.72750142641355,42.540100212659254,0.7598000012974555,0.7795570984641128,PJP17601529003A008762,700.0
NMC_15Ah,NMC_15Ah,29.79689918966566,30.200412444629666,0.7526066715079567,0.7666472621069614,PJP17601529003A008717,700.0
NMC_21Ah,NMC_21Ah,48.708301363683375,56.72467520406261,0.7700523564899981,0.8373534035064168,02LCC02100101A8BC0104122,700.0
NMC_21Ah,NMC_21Ah,41.72750142641355,42.73011587967671,0.9973428381794949,1.0026538416040396,02LCC02100101A87Y0163477,700.0
NMC_21Ah,NMC_21Ah,41.64969946964553,41.37738010252791,1.0002142962444005,1.0009593418665077,02LCC02100101A87Y0013547,700.0
NMC_21Ah,NMC_21Ah,69.99999653173852,69.18540391615011,1.0111618692476882,0.9977108898314377,02LCC02100101A87Y0027455,700.0
NMC_21Ah,NMC_21Ah,69.99999653173852,70.39588001114876,1.006080937631413,0.9989920698025795,02LCC02100101A87Y0010456,700.0
NMC_21Ah,NMC_21Ah,69.99999653173852,71.15971976299629,0.9891618565361999,0.9980067072834341,02LCC02100101A87Y0184257,700.0
NMC_21Ah,LMO_24Ah,55.92349703913051,39.181095504489164,1.0059999887818845,0.8091141858852827,02LCC02100101A87Y0173907,700.0
NMC_21Ah,NMC_21Ah,46.949499483880345,46.973263608347175,0.9918856714885198,1.0036723678549764,02LCC02100101A87Y0085499,700.0
NMC_21Ah,NMC_21Ah,56.198899836382985,54.15108372993862,0.9926904548319276,0.9988596425440537,02LCC02100101A87Y0055909,700.0
NMC_21Ah,NMC_21Ah,20.500100580928294,21.23035313757475,0.8375523416282624,0.8525423835758857,02LCC02100101A87B0101984,700.0
LMO_24Ah,LMO_24Ah,41.643902856437975,51.31092763563353,0.7634124575419918,0.8501097939674868,A170530525010800528,700.0
LMO_24Ah,LMO_24Ah,74.99999856275895,5.967983310837716,0.7957207939865173,0.810372937333389,A170530525010800027,700.0
LMO_24Ah,LMO_24Ah,60.85579940312864,60.802364445130166,0.7988583239632818,0.8001128003002724,A170528511010802426,700.0
LMO_24Ah,LMO_24Ah,46.791699622251606,48.56316252563957,0.7420832957727146,0.7582635352162416,A170526507010800030,700.0
LMO_24Ah,LMO_24Ah,65.67439927569912,64.78976977741982,0.819745813315415,0.8117119735974927,A170530525010800523,700.0
LMO_24Ah,LMO_24Ah,37.1305022963682,48.56686798078724,0.7898291722904704,1.0158504772054195,A170528511010800172,700.0
LMO_24Ah,LMO_24Ah,38.26200102867698,50.43317514906467,0.7926375060630658,1.0019232782370435,A170530525010800543,700.0
LMO_24Ah,LMO_24Ah,44.114199213785696,42.35312561208458,0.7865249920318031,0.7632495859270886,A170527511010800648,700.0
LMO_24Ah,NMC_15Ah,23.095200540901402,24.087672247507438,0.791762448999661,0.8059261925222045,A170530525010800530,700.0
LMO_24Ah,LMO_24Ah,21.101602001561332,19.989246518047718,0.8067708368498764,0.7932756391245709,A170526511010800410,700.0
LMO_24Ah,LMO_24Ah,69.99999653173852,74.73477631616277,0.758099955298905,0.7858283512920625,A170523507010800997,700.0
LMO_24Ah,LMO_24Ah,74.99999856275895,74.40836464913987,0.8111541632967583,0.813907239993357,A170525507010800584,700.0
LMO_24Ah,LMO_24Ah,49.40099995812712,72.0852226798975,0.7919208209968736,1.071217213596634,A170530525010800427,700.0
LMO_24Ah,LMO_24Ah,69.99999653173852,75.0685763437271,0.734933305238358,0.7971153940468678,A170528511010800479,700.0
LMO_24Ah,LMO_24Ah,57.006596206647345,64.25455004222582,0.7201916470094039,0.8079981510533728,A170530525010800449,700.0
LMO_24Ah,LMO_24Ah,31.863299609461187,27.979188067491705,0.7595833366423889,0.6700251785462306,A170529511010800365,700.0
LMO_25Ah,LMO_25Ah,38.062501366268805,31.566410212885454,0.9211839660702082,0.8768674401317679,515092905216,700.0
LMO_25Ah,LMO_25Ah,22.88470256764415,22.07363699885641,0.8747679874503398,0.8705798141341752,515093005020,700.0
LMO_25Ah,LMO_25Ah,41.55420093027903,42.436459056644864,0.8384559477856742,0.8794850887706923,515093000439,700.0
LMO_25Ah,NMC_15Ah,50.48199868239127,45.691876496080106,0.9185159425827744,0.8184351534175484,515092905212,700.0
LMO_25Ah,LMO_25Ah,65.67439927569912,63.15871159021347,0.8435679992543416,0.8199694392553346,515093004482,700.0
LMO_25Ah,LMO_25Ah,6.929202384999056,10.044084783939716,0.5269439889688061,0.6133240762600825,515093001608,700.0
LMO_25Ah,LMO_25Ah,47.2815008369574,50.47756301315419,0.8847479497642186,0.9501257536971561,515093003101,700.0
LMO_25Ah,LMO_25Ah,24.077000908089857,24.903096551077798,0.9200799692176013,0.9369805459117425,515093004064,700.0
LMO_25Ah,LMO_25Ah,29.79689918966566,29.79431127379199,0.7058879600011732,0.6684010916595308,515093000629,700.0
LMO_25Ah,LMO_25Ah,74.99999856275895,72.41774930959473,0.818831956140364,0.825432624935961,515091901822,700.0
LMO_25Ah,LMO_25Ah,8.617300837915131,6.191252403537161,0.8861359632443516,0.7763762766631725,515100102065,700.0
LMO_25Ah,LMO_24Ah,70.00830014699694,64.12221482179893,0.8887799645282749,0.7623986617394495,515093002646,700.0
LMO_25Ah,LMO_25Ah,74.99999856275895,70.26351030286298,0.7954360026532048,0.8204341836756266,515100101320,700.0
LMO_25Ah,LMO_25Ah,21.692401574286222,20.584984486875985,0.836023959760034,0.8448039866053243,515093000663,700.0
LMO_25Ah,LMO_25Ah,55.00000105032612,56.39375225980427,0.6088039936884637,0.7165174546188442,515092901155,700.0
LMO_26Ah,LMO_26Ah,8.376103364411708,10.11228319845997,0.838830741947137,0.8965953040127262,H27734091053,700.0
LMO_26Ah,LMO_26Ah,49.40099995812712,57.61334774056998,0.8000807527772267,0.9373324330902952,H27733591038,700.0
LMO_26Ah,LMO_25Ah,44.48969970535751,54.78542157161357,0.7923038386997859,0.8615909898501318,H27734091304,700.0
LMO_26Ah,LMO_25Ah,72.82489440139221,71.74182706882206,0.9836614833967889,0.903260417262535,H27735490851,700.0
LMO_26Ah,LMO_26Ah,70.00830014699694,74.51794584142888,0.8877884423076107,0.94103132120409,H27733490499,700.0
LMO_26Ah,LMO_26Ah,53.6027015707495,60.852290926713536,0.9502961257288985,1.0163688534005886,H27735376790,700.0
LMO_26Ah,LMO_26Ah,43.01369793692715,45.081691098898645,0.9250730523597511,0.9519812657557039,H27735376805,700.0
LMO_26Ah,LMO_26Ah,59.726499769245834,71.22393085044516,0.8198538167882471,0.9495063052743958,H27735290390,700.0
LMO_26Ah,LMO_26Ah,79.99999794086715,82.35009615120885,0.8524307318712121,0.9123411390442122,H27733690634,700.0
LMO_26Ah,LMO_26Ah,41.55420093027903,42.626114922442056,0.8484115317685356,0.8742110941482913,H27733690394,700.0
LMO_26Ah,LMO_26Ah,60.85579940312864,74.61713822945208,0.8140538080040349,0.9179638334842156,H27734091346,700.0
LMO_26Ah,LMO_26Ah,89.99999404417134,83.57508102315586,0.9984076697020134,0.9901806736970645,H27734492478,700.0
LMO_26Ah,LMO_26Ah,46.428099431684736,44.37159039511319,0.9893807346363708,0.9788606095033676,H27735391963,700.0
LMO_26Ah,LMO_25Ah,89.99999404417134,85.0531404566293,0.99155379385371,0.9329887431211025,H27734490172,700.0
LMO_26Ah,LMO_26Ah,9.099602932994166,9.877747187548852,1.0023307292118429,0.9735246637145617,H27735076555,700.0
LFP_35Ah,LFP_35Ah,54.56280111595269,52.73030067136277,0.8632713851992527,0.9130825799128639,18号,700.0
LFP_35Ah,LFP_35Ah,52.87640052685941,48.38965012814122,0.8182657110327498,0.8246191506584545,24号,700.0
LFP_35Ah,LFP_35Ah,25.55260241838855,29.119576874467235,0.8409142816381119,0.921734570026096,33号,700.0
LFP_35Ah,LFP_35Ah,38.830501216096245,47.33658192699034,0.8824714088261889,0.9333264705751165,35号,700.0
LFP_35Ah,LFP_35Ah,14.461799111103197,17.321659710945653,0.8712485117105062,0.8843717621204852,38号,700.0
LFP_35Ah,LFP_35Ah,5.0000046163318155,4.980327966372789,0.8552485415604023,0.8537559720481872,42号,700.0
LFP_35Ah,LFP_35Ah,38.75429971153034,38.66786327160756,0.9039142373257008,0.937919407111311,44号,700.0
LFP_35Ah,LFP_35Ah,34.639400806524534,34.239092601140115,0.8895542276257589,0.8630512691508557,46号,700.0
LFP_35Ah,LFP_35Ah,39.11150132652551,41.112988631975114,0.7961485770356319,0.8950488015389966,7号,700.0
LFP_68Ah,LFP_68Ah,59.840695702347006,57.95811490726477,0.8428293786507222,0.8490638541989334,02HCB68111211Y88D0001154,700.0
LFP_68Ah,LFP_68Ah,49.40099995812712,44.923636557696476,0.8380235165018405,0.840777492805771,02HCB68111211Y87Y0009119,700.0
LFP_68Ah,LFP_68Ah,16.03880155885085,19.91182658063983,0.8262470114690571,0.8377531761982527,02HCB68111211Y87Y0008126,700.0
LFP_68Ah,LFP_68Ah,27.90890181105184,25.10141500431861,0.8153514623308815,0.8427894906900959,02HCB68111211Y87Y0015279,700.0
LFP_68Ah,LFP_68Ah,69.99999653173852,74.04841221287982,0.7509117543779192,0.8491135492035893,02HCB68111211Y86L0002535,700.0
LFP_68Ah,LFP_68Ah,8.13500139574832,10.081047809944721,0.7854779186631499,0.8258974484078639,02HCB68111211Y87Y0014641,700.0
LFP_68Ah,LFP_68Ah,31.863299609461187,29.299216172744924,0.7697308504265343,0.8438254414971001,02HCB68111211Y86X0004792,700.0
LFP_68Ah,LFP_68Ah,44.46269869636442,37.243243438729,0.8523190928147962,0.8374862157462877,02HCB68111211Y88G0002069,700.0
LFP_68Ah,LFP_68Ah,44.38000045847457,42.98345838533766,0.8254852638226058,0.8389075803105296,02HCB68111211Y88E0004343,700.0
LFP_68Ah,LFP_68Ah,34.24330144638213,30.82421092927014,0.6825176350462574,0.8183264005354453,02HCB68111211Y86R0006266,700.0
LFP_68Ah,LFP_68Ah,65.67439927569912,63.775001670034406,0.8560896823206804,0.8524852166129706,02HCB68111211Y88D0003027,700.0
LFP_68Ah,LFP_68Ah,52.43750140220706,50.43879932297772,0.831083807995489,0.8426777780168675,02HCB68111211Y88E0004542,700.0
LFP_68Ah,LFP_68Ah,39.5792994530596,33.20934681457091,0.8117617128710508,0.8358236935711258,02HCB68111211Y87Y0012947,700.0
LFP_68Ah,LFP_68Ah,44.48969970535751,42.96438659936551,0.8056190991484341,0.8399191201777269,02HCB68111211Y88E0004475,700.0
LFP_68Ah,LFP_68Ah,62.82330124492969,60.225232676178884,0.8382176486810033,0.8516816372255963,02HCB68111211Y87Y0003936,700.0
LFP_68Ah,LFP_68Ah,50.564998357432486,54.0160849856397,0.8685220184896101,0.8500506736392671,02HCB68111211Y88F0000101,700.0
LFP_68Ah,LFP_68Ah,64.9999971536303,74.31597698096904,0.7091867773985592,0.8449863254699198,02HCB68111211Y86P0008027,700.0
LFP_68Ah,LFP_68Ah,43.57689926379472,55.095501910990805,0.7151896784661925,0.8490215196897652,02HCB68111211Y86M0004689,700.0
LFP_68Ah,LFP_68Ah,41.643902856437975,45.74114173929186,0.7789132389039164,0.8450566444469642,02HCB68111211Y86H0009376,700.0
LFP_68Ah,LFP_68Ah,57.006596206647345,66.45902724772715,0.7128293997378027,0.8527442062910119,02HCB68111211Y86P0006552,700.0
LFP_68Ah,LFP_68Ah,24.41099990407093,25.64868028746178,0.8076352851871028,0.8422050923928948,02HCB68111211Y87Y0008148,700.0
LFP_68Ah,LFP_68Ah,38.26200102867698,28.02382729501437,0.8386073436758568,0.835196931688586,02HCB68111211Y87Y0007299,700.0
LMO_10Ah,LMO_10Ah,52.672695335349516,51.632270913854114,0.6466599634874413,0.6138975482659621,PIP15829A00218444,1000.0
LMO_10Ah,LMO_10Ah,18.115401762916292,19.404949233181743,0.6590499817480412,0.6766350821510092,PIP15829A00217239,1000.0
LMO_10Ah,LMO_10Ah,35.37670148771982,31.61716572953856,0.5750200166341904,0.552994239421688,PIP15828A00225770,1000.0
LMO_10Ah,LMO_25Ah,65.67439927569912,71.194242109756,0.8047299740603592,0.9100285126268536,PIP15710A00246135,1000.0
LMO_10Ah,LMO_10Ah,24.387700702471207,25.065708132251263,0.8819599417418096,0.9001024698357155,PIP15N21A50200566,1000.0
LMO_10Ah,LMO_10Ah,37.94840027477962,38.0593507013898,0.8906699683856765,0.8842200494309721,PIP15D19A03261038,1000.0
LMO_10Ah,LMO_10Ah,30.690801942620944,32.11860062757088,0.8789499662822768,0.890317733380036,PIP15D25A03226076,1000.0
LMO_10Ah,LMO_10Ah,50.564998357432486,51.76801247357551,0.8637399968243484,0.9027439825749287,PIP15D01A03250557,1000.0
LMO_10Ah,LMO_26Ah,55.43259950844851,56.01513393314222,0.8332999677321057,0.9672615879852402,PIP15D01A03229494,1000.0
LMO_10Ah,LMO_10Ah,47.63939991915674,47.16584646536156,0.8851599952186417,0.8830281092423068,PIP15D01A03214955,1000.0
LMO_10Ah,LMO_10Ah,49.833402100745005,50.83941559779406,0.8767699884679544,0.8923639969756076,PIP15D01A03224640,1000.0
LMO_10Ah,LMO_10Ah,64.84549419866687,65.27003708882371,0.8765499878349092,0.877632830476448,PIP15N15A03208989,1000.0
LMO_10Ah,LMO_10Ah,63.63550358660503,64.53672705084008,0.8995499876135535,0.9117233854879889,PIP15D25A03236724,1000.0
LMO_10Ah,LMO_10Ah,53.381097180470086,53.38346490462923,0.8700699502164643,0.8844473639190548,PIP15N15A03208683,1000.0
LMO_10Ah,LMO_10Ah,24.077000908089857,23.61941732264993,0.9000099541544847,0.8939604727156636,PIP15N30A03228344,1000.0
LMO_10Ah,LMO_10Ah,16.92310209601447,15.670033495273303,0.69437998064225,0.7346109517416255,PIP15829A00218512,1000.0
LMO_10Ah,LMO_10Ah,25.680200864041012,25.273354224868633,0.8901899701665513,0.8928376236348968,PIP15N15A03208672,1000.0
LMO_10Ah,LMO_10Ah,40.14490277950498,40.10567608230964,0.9061599607837498,0.88703695556025,PIP15D15A03236823,1000.0
LMO_10Ah,LMO_10Ah,74.34220101829476,71.56268917095454,0.8938799760413491,0.8860392515036158,PIP15512A50200153,1000.0
LMO_10Ah,LMO_10Ah,25.66410166621489,24.382843220190637,0.6193799861758993,0.6052979725327998,PIP15829A00217327,1000.0
LMO_10Ah,LMO_10Ah,85.0000026247998,78.78356075210309,0.923849959512275,0.9001190959705132,PIP15D26A03256484,1000.0
LMO_10Ah,LMO_10Ah,85.0000026247998,77.25702465357624,0.9184699851382803,0.8946772146990156,PIP15D28A03264309,1000.0
LMO_10Ah,LMO_10Ah,43.991100770491734,43.906148883668315,0.8975499502379529,0.9030717495259735,PIP15N08A03232188,1000.0
LMO_10Ah,LMO_10Ah,56.435900402749404,57.7896669192004,0.8825699956711344,0.892328888574189,PIP15N14A03236503,1000.0
LMO_10Ah,LMO_10Ah,55.74399834520065,56.49306668178973,0.9264899734329463,0.9082072457261339,PIP16N1700C039158,1000.0
LMO_10Ah,LMO_10Ah,52.8222970349807,52.53083881295378,0.8988499887613832,0.8951087226600344,PIP15N12A03225967,1000.0
NMC_15Ah,NMC_15Ah,5.0000046163318155,5.002551412066031,0.7645000053354094,0.7805424293626139,PJP17601529001A009420,1000.0
NMC_15Ah,NMC_15Ah,35.356602693103284,35.30179120527502,0.756493310359627,0.7693621157686734,PJP17601527001A008674,1000.0
NMC_15Ah,NMC_15Ah,19.951500882936887,20.213101904348477,0.7735932868370213,0.781895805588929,PJP17601529001A010983,1000.0
NMC_15Ah,NMC_15Ah,69.99999653173852,70.43498924314228,0.7714800032857558,0.7889363981800378,PJP17601527001A011451,1000.0
NMC_15Ah,NMC_15Ah,50.95099774912738,51.82545465548705,0.7680933310901158,0.7843527612753457,PJP17601529001A010816,1000.0
NMC_15Ah,NMC_15Ah,64.9999971536303,66.72260999456942,0.7551599563253125,0.7811566414066703,PJP17601527001A007049,1000.0
NMC_15Ah,NMC_15Ah,41.95410025556707,42.10003463566379,0.7715599971918252,0.7790298937850418,PJP17601529001A003328,1000.0
NMC_15Ah,NMC_15Ah,46.82410030246086,47.697448954739315,0.7645666426813066,0.7805565195217349,PJP17601529003A008872,1000.0
NMC_15Ah,NMC_15Ah,23.604701618548173,25.09911095005282,0.7625332897948218,0.8070046493803724,PJP17601527003A009249,1000.0
NMC_15Ah,NMC_15Ah,64.9999971536303,66.91871326610392,0.7541066220690784,0.7813995069276429,PJP17601527001A008438,1000.0
NMC_15Ah,NMC_15Ah,15.250300334977023,14.956946607166671,0.7600799641583761,0.7762543727550855,PJP17530529002A009949,1000.0
NMC_15Ah,NMC_15Ah,27.26530265280591,25.112606314531927,0.7632466388830355,0.7584179388225886,PJP17601529001A010435,1000.0
NMC_15Ah,NMC_15Ah,47.527301113167965,45.81775320169975,0.8000799780714402,0.7801080628953461,PJP17930O01003A016716,1000.0
NMC_15Ah,NMC_15Ah,41.72750142641355,42.851202586470464,0.7598000012974555,0.7814063433109508,PJP17601529003A008762,1000.0
NMC_15Ah,NMC_15Ah,29.79689918966566,29.928900143152426,0.7526066715079567,0.7638581758205801,PJP17601529003A008717,1000.0
NMC_21Ah,NMC_21Ah,48.708301363683375,56.29390327600585,0.7700523564899981,0.8333542232241926,02LCC02100101A8BC0104122,1000.0
NMC_21Ah,NMC_21Ah,41.72750142641355,41.74901472066606,0.9973428381794949,0.9950731968660617,02LCC02100101A87Y0163477,1000.0
NMC_21Ah,NMC_21Ah,41.64969946964553,41.50819876910173,1.0002142962444005,0.9989887559590519,02LCC02100101A87Y0013547,1000.0
NMC_21Ah,NMC_21Ah,69.99999653173852,69.12078162730664,1.0111618692476882,0.9960350336258128,02LCC02100101A87Y0027455,1000.0
NMC_21Ah,NMC_21Ah,69.99999653173852,69.69195097603642,1.006080937631413,0.997563879131739,02LCC02100101A87Y0010456,1000.0
NMC_21Ah,NMC_21Ah,69.99999653173852,70.82273624076419,0.9891618565361999,0.996586345884134,02LCC02100101A87Y0184257,1000.0
NMC_21Ah,LMO_24Ah,55.92349703913051,41.09834895038925,1.0059999887818845,0.8295284414646327,02LCC02100101A87Y0173907,1000.0
NMC_21Ah,NMC_21Ah,46.949499483880345,46.97528313777705,0.9918856714885198,0.9998478509211903,02LCC02100101A87Y0085499,1000.0
NMC_21Ah,NMC_21Ah,56.198899836382985,54.51610190208876,0.9926904548319276,0.9985713508054119,02LCC02100101A87Y0055909,1000.0
NMC_21Ah,NMC_21Ah,20.500100580928294,21.270990447008806,0.8375523416282624,0.8573127340613188,02LCC02100101A87B0101984,1000.0
LMO_24Ah,LMO_24Ah,41.643902856437975,52.26475304342898,0.7634124575419918,0.86995071509076,A170530525010800528,1000.0
LMO_24Ah,LMO_24Ah,74.99999856275895,7.751950052761392,0.7957207939865173,0.810550695947651,A170530525010800027,1000.0
LMO_24Ah,LMO_24Ah,60.85579940312864,61.64192627056275,0.7988583239632818,0.8041046600080723,A170528511010802426,1000.0
LMO_24Ah,LMO_24Ah,46.791699622251606,47.963450494301036,0.7420832957727146,0.7602491915227931,A170526507010800030,1000.0
LMO_24Ah,LMO_24Ah,65.67439927569912,64.2530352293464,0.819745813315415,0.8083732161642319,A170530525010800523,1000.0
LMO_24Ah,LMO_24Ah,37.1305022963682,37.595825919026154,0.7898291722904704,0.8105613868875047,A170528511010800172,1000.0
LMO_24Ah,LMO_24Ah,38.26200102867698,41.49174292038861,0.7926375060630658,0.8269368379599409,A170530525010800543,1000.0
LMO_24Ah,LMO_24Ah,44.114199213785696,41.191314704714216,0.7865249920318031,0.7540105838480673,A170527511010800648,1000.0
LMO_24Ah,LMO_24Ah,23.095200540901402,22.174195636674522,0.791762448999661,0.8147998370281813,A170530525010800530,1000.0
LMO_24Ah,LMO_24Ah,21.101602001561332,20.23363942432391,0.8067708368498764,0.7966533911364406,A170526511010800410,1000.0
LMO_24Ah,LMO_24Ah,69.99999653173852,74.7019120395425,0.758099955298905,0.7833210934846183,A170523507010800997,1000.0
LMO_24Ah,LMO_24Ah,74.99999856275895,74.44522421156819,0.8111541632967583,0.815665058490162,A170525507010800584,1000.0
LMO_24Ah,LMO_24Ah,49.40099995812712,63.29788071252715,0.7919208209968736,1.0055412111771806,A170530525010800427,1000.0
LMO_24Ah,LMO_24Ah,69.99999653173852,74.89324537489979,0.734933305238358,0.7946392098466235,A170528511010800479,1000.0
LMO_24Ah,LMO_24Ah,57.006596206647345,64.38880331819003,0.7201916470094039,0.8087026273887826,A170530525010800449,1000.0
LMO_24Ah,LMO_24Ah,31.863299609461187,29.223728881891592,0.7595833366423889,0.7142423113132946,A170529511010800365,1000.0
LMO_25Ah,LMO_25Ah,38.062501366268805,29.050794156029834,0.9211839660702082,0.7694136384465726,515092905216,1000.0
LMO_25Ah,LMO_25Ah,22.88470256764415,23.349456974823227,0.8747679874503398,0.8919688464314592,515093005020,1000.0
LMO_25Ah,LMO_25Ah,41.55420093027903,40.17696198535049,0.8384559477856742,0.7896338262738226,515093000439,1000.0
LMO_25Ah,NMC_15Ah,50.48199868239127,43.72056872008094,0.9185159425827744,0.7780812934270144,515092905212,1000.0
LMO_25Ah,LMO_25Ah,65.67439927569912,63.72572382548958,0.8435679992543416,0.8239717590722845,515093004482,1000.0
LMO_25Ah,LMO_25Ah,6.929202384999056,10.11706905211051,0.5269439889688061,0.6076356994176412,515093001608,1000.0
LMO_25Ah,LMO_25Ah,47.2815008369574,51.52842664424764,0.8847479497642186,0.9486999156022552,515093003101,1000.0
LMO_25Ah,LMO_25Ah,24.077000908089857,25.118735868223492,0.9200799692176013,0.9451172586529515,515093004064,1000.0
LMO_25Ah,LMO_25Ah,29.79689918966566,31.457500207388893,0.7058879600011732,0.6832792878307757,515093000629,1000.0
LMO_25Ah,LMO_25Ah,74.99999856275895,73.56491365438815,0.818831956140364,0.8368195640256458,515091901822,1000.0
LMO_25Ah,LMO_25Ah,8.617300837915131,6.4224351333982295,0.8861359632443516,0.7888607805711461,515100102065,1000.0
LMO_25Ah,LMO_24Ah,70.00830014699694,62.970405227702784,0.8887799645282749,0.7634855707958512,515093002646,1000.0
LMO_25Ah,LMO_25Ah,74.99999856275895,69.31221577332842,0.7954360026532048,0.832844529267445,515100101320,1000.0
LMO_25Ah,LMO_25Ah,21.692401574286222,20.169986774898007,0.836023959760034,0.839533712744618,515093000663,1000.0
LMO_25Ah,LMO_25Ah,55.00000105032612,56.85917918023191,0.6088039936884637,0.7224436819480646,515092901155,1000.0
LMO_26Ah,LMO_26Ah,8.376103364411708,10.299544313554737,0.838830741947137,0.8855764201323069,H27734091053,1000.0
LMO_26Ah,LMO_26Ah,49.40099995812712,58.85748265939972,0.8000807527772267,0.9330364649975511,H27733591038,1000.0
LMO_26Ah,LMO_26Ah,44.48969970535751,54.07836077362179,0.7923038386997859,0.830864616850939,H27734091304,1000.0
LMO_26Ah,LMO_25Ah,72.82489440139221,75.44540395463855,0.9836614833967889,0.8979053283356414,H27735490851,1000.0
LMO_26Ah,LMO_26Ah,70.00830014699694,74.42970202215058,0.8877884423076107,0.9324229359594126,H27733490499,1000.0
LMO_26Ah,LMO_26Ah,53.6027015707495,60.915373200011466,0.9502961257288985,1.0134201271291563,H27735376790,1000.0
LMO_26Ah,LMO_26Ah,43.01369793692715,44.98122962399071,0.9250730523597511,0.9555947591573748,H27735376805,1000.0
LMO_26Ah,LMO_26Ah,59.726499769245834,69.56839158924369,0.8198538167882471,0.9455864268013877,H27735290390,1000.0
LMO_26Ah,LMO_26Ah,79.99999794086715,80.32280960600325,0.8524307318712121,0.8896040427888634,H27733690634,1000.0
LMO_26Ah,LMO_26Ah,41.55420093027903,43.77070975594036,0.8484115317685356,0.8673291170333566,H27733690394,1000.0
LMO_26Ah,LMO_26Ah,60.85579940312864,73.06452400377175,0.8140538080040349,0.9024925794799824,H27734091346,1000.0
LMO_26Ah,LMO_26Ah,89.99999404417134,84.22204142118851,0.9984076697020134,0.9745571283455267,H27734492478,1000.0
LMO_26Ah,LMO_25Ah,46.428099431684736,45.22177481270126,0.9893807346363708,0.8963306518677985,H27735391963,1000.0
LMO_26Ah,LMO_26Ah,89.99999404417134,84.9725555949392,0.99155379385371,0.9352905426298367,H27734490172,1000.0
LMO_26Ah,LMO_26Ah,9.099602932994166,10.410791534719877,1.0023307292118429,0.9835934610666693,H27735076555,1000.0
LFP_35Ah,LFP_35Ah,54.56280111595269,50.16912482644307,0.8632713851992527,0.9043550227837709,18号,1000.0
LFP_35Ah,LFP_35Ah,52.87640052685941,49.10820400511169,0.8182657110327498,0.8137668601427779,24号,1000.0
LFP_35Ah,LFP_35Ah,25.55260241838855,30.388878645101798,0.8409142816381119,0.9123912514413736,33号,1000.0
LFP_35Ah,LFP_35Ah,38.830501216096245,43.59791463958435,0.8824714088261889,0.9351714086901944,35号,1000.0
LFP_35Ah,LFP_35Ah,14.461799111103197,17.823927623416036,0.8712485117105062,0.879348161894476,38号,1000.0
LFP_35Ah,LFP_35Ah,5.0000046163318155,4.9957015927058865,0.8552485415604023,0.8574406332435741,42号,1000.0
LFP_35Ah,LFP_35Ah,38.75429971153034,35.448779786366416,0.9039142373257008,0.9301267459529855,44号,1000.0
LFP_35Ah,LFP_35Ah,34.639400806524534,34.16721990319081,0.8895542276257589,0.8620920458373599,46号,1000.0
LFP_35Ah,LFP_35Ah,39.11150132652551,43.605133213743514,0.7961485770356319,0.8832768182583548,7号,1000.0
LFP_68Ah,LFP_68Ah,59.840695702347006,59.210967295659756,0.8428293786507222,0.8482959227402218,02HCB68111211Y88D0001154,1000.0
LFP_68Ah,LFP_68Ah,49.40099995812712,45.10268525139049,0.8380235165018405,0.8371583116406981,02HCB68111211Y87Y0009119,1000.0
LFP_68Ah,LFP_68Ah,16.03880155885085,18.308497958445855,0.8262470114690571,0.8356162376382092,02HCB68111211Y87Y0008126,1000.0
LFP_68Ah,LFP_68Ah,27.90890181105184,28.022033926351526,0.8153514623308815,0.8386883583358515,02HCB68111211Y87Y0015279,1000.0
LFP_68Ah,LFP_68Ah,69.99999653173852,74.13906752936896,0.7509117543779192,0.8394707289665461,02HCB68111211Y86L0002535,1000.0
LFP_68Ah,LFP_68Ah,8.13500139574832,10.726010565073347,0.7854779186631499,0.8343047919673307,02HCB68111211Y87Y0014641,1000.0
LFP_68Ah,LFP_68Ah,31.863299609461187,29.69353708685575,0.7697308504265343,0.8373583549040636,02HCB68111211Y86X0004792,1000.0
LFP_68Ah,LFP_68Ah,44.46269869636442,36.75619594691082,0.8523190928147962,0.8469650295825537,02HCB68111211Y88G0002069,1000.0
LFP_68Ah,LFP_68Ah,44.38000045847457,40.38009255192768,0.8254852638226058,0.8334095720000578,02HCB68111211Y88E0004343,1000.0
LFP_68Ah,LFP_68Ah,34.24330144638213,34.03044304447433,0.6825176350462574,0.7774889944894905,02HCB68111211Y86R0006266,1000.0
LFP_68Ah,LFP_68Ah,65.67439927569912,58.524331268873944,0.8560896823206804,0.85053029241066,02HCB68111211Y88D0003027,1000.0
LFP_68Ah,LFP_68Ah,52.43750140220706,48.48153705912995,0.831083807995489,0.8421140327435216,02HCB68111211Y88E0004542,1000.0
LFP_68Ah,LFP_68Ah,39.5792994530596,35.488279328070774,0.8117617128710508,0.8334978987364288,02HCB68111211Y87Y0012947,1000.0
LFP_68Ah,LFP_68Ah,44.48969970535751,41.47764086804547,0.8056190991484341,0.8324401573528889,02HCB68111211Y88E0004475,1000.0
LFP_68Ah,LFP_68Ah,62.82330124492969,53.38524500873096,0.8382176486810033,0.8461581695533283,02HCB68111211Y87Y0003936,1000.0
LFP_68Ah,LFP_68Ah,50.564998357432486,42.401625158505944,0.8685220184896101,0.8349626302238767,02HCB68111211Y88F0000101,1000.0
LFP_68Ah,LFP_68Ah,64.9999971536303,73.86567166021328,0.7091867773985592,0.843028966181551,02HCB68111211Y86P0008027,1000.0
LFP_68Ah,LFP_68Ah,43.57689926379472,48.68127681009431,0.7151896784661925,0.8360499637874289,02HCB68111211Y86M0004689,1000.0
LFP_68Ah,LFP_68Ah,41.643902856437975,39.67698573307161,0.7789132389039164,0.8372549822745962,02HCB68111211Y86H0009376,1000.0
LFP_68Ah,LFP_68Ah,57.006596206647345,66.78152852213314,0.7128293997378027,0.8537691752482343,02HCB68111211Y86P0006552,1000.0
LFP_68Ah,LFP_68Ah,24.41099990407093,24.33143906649897,0.8076352851871028,0.837591740951119,02HCB68111211Y87Y0008148,1000.0
LFP_68Ah,LFP_68Ah,38.26200102867698,25.72845070509937,0.8386073436758568,0.8402546953528205,02HCB68111211Y87Y0007299,1000.0
LMO_10Ah,LMO_10Ah,52.672695335349516,53.098975883012514,0.6466599634874413,0.6292811688164517,PIP15829A00218444,3000.0
LMO_10Ah,LMO_10Ah,18.115401762916292,18.462262077355145,0.6590499817480412,0.6725336695588042,PIP15829A00217239,3000.0
LMO_10Ah,LMO_10Ah,35.37670148771982,33.11220181155592,0.5750200166341904,0.5637398956384327,PIP15828A00225770,3000.0
LMO_10Ah,LMO_25Ah,65.67439927569912,70.84571046061656,0.8047299740603592,0.8998615015534037,PIP15710A00246135,3000.0
LMO_10Ah,LMO_10Ah,24.387700702471207,24.406084057721454,0.8819599417418096,0.900620542472699,PIP15N21A50200566,3000.0
LMO_10Ah,LMO_10Ah,37.94840027477962,38.366826709998996,0.8906699683856765,0.8924292809579267,PIP15D19A03261038,3000.0
LMO_10Ah,LMO_10Ah,30.690801942620944,30.829437166349727,0.8789499662822768,0.890614486803105,PIP15D25A03226076,3000.0
LMO_10Ah,LMO_10Ah,50.564998357432486,51.53172421414101,0.8637399968243484,0.8896111700820992,PIP15D01A03250557,3000.0
LMO_10Ah,LMO_26Ah,55.43259950844851,55.615195477398885,0.8332999677321057,0.9740379932548932,PIP15D01A03229494,3000.0
LMO_10Ah,LMO_10Ah,47.63939991915674,46.93188149380648,0.8851599952186417,0.8753039700202815,PIP15D01A03214955,3000.0
LMO_10Ah,LMO_10Ah,49.833402100745005,50.851599097178834,0.8767699884679544,0.8854450742998177,PIP15D01A03224640,3000.0
LMO_10Ah,LMO_10Ah,64.84549419866687,66.19672585748866,0.8765499878349092,0.8820046596570452,PIP15N15A03208989,3000.0
LMO_10Ah,LMO_10Ah,63.63550358660503,63.98200841080599,0.8995499876135535,0.9046934142713162,PIP15D25A03236724,3000.0
LMO_10Ah,LMO_10Ah,53.381097180470086,53.70355335536827,0.8700699502164643,0.8870959154136997,PIP15N15A03208683,3000.0
LMO_10Ah,LMO_10Ah,24.077000908089857,21.454408818748355,0.9000099541544847,0.8968963135745244,PIP15N30A03228344,3000.0
LMO_10Ah,LMO_10Ah,16.92310209601447,16.050848433256128,0.69437998064225,0.7440011763901725,PIP15829A00218512,3000.0
LMO_10Ah,LMO_10Ah,25.680200864041012,21.652412901890724,0.8901899701665513,0.8897479926101892,PIP15N15A03208672,3000.0
LMO_10Ah,LMO_10Ah,40.14490277950498,39.02237922749434,0.9061599607837498,0.8933102732162757,PIP15D15A03236823,3000.0
LMO_10Ah,LMO_10Ah,74.34220101829476,74.26886125988607,0.8938799760413491,0.8898824815347265,PIP15512A50200153,3000.0
LMO_10Ah,LMO_10Ah,25.66410166621489,23.693330110098827,0.6193799861758993,0.5923355320717125,PIP15829A00217327,3000.0
LMO_10Ah,LMO_10Ah,85.0000026247998,81.30955765448786,0.923849959512275,0.8789412389844371,PIP15D26A03256484,3000.0
LMO_10Ah,LMO_10Ah,85.0000026247998,79.59170148516482,0.9184699851382803,0.8979594755270215,PIP15D28A03264309,3000.0
LMO_10Ah,LMO_10Ah,43.991100770491734,43.79336131534362,0.8975499502379529,0.8923759843618797,PIP15N08A03232188,3000.0
LMO_10Ah,LMO_10Ah,56.435900402749404,57.176889295162916,0.8825699956711344,0.8908990662781003,PIP15N14A03236503,3000.0
LMO_10Ah,LMO_10Ah,55.74399834520065,56.32339702764661,0.9264899734329463,0.9073214060230066,PIP16N1700C039158,3000.0
LMO_10Ah,LMO_10Ah,52.8222970349807,52.47896111443029,0.8988499887613832,0.8904427424353979,PIP15N12A03225967,3000.0
NMC_15Ah,NMC_15Ah,5.0000046163318155,5.407743960467282,0.7645000053354094,0.7816164941132818,PJP17601529001A009420,3000.0
NMC_15Ah,NMC_15Ah,35.356602693103284,35.46551535151207,0.756493310359627,0.7723567109467957,PJP17601527001A008674,3000.0
NMC_15Ah,NMC_15Ah,19.951500882936887,20.255086893191883,0.7735932868370213,0.777766927305044,PJP17601529001A010983,3000.0
NMC_15Ah,NMC_15Ah,69.99999653173852,70.34341867193618,0.7714800032857558,0.7858343655386173,PJP17601527001A011451,3000.0
NMC_15Ah,NMC_15Ah,50.95099774912738,52.164616218654345,0.7680933310901158,0.7862746260939913,PJP17601529001A010816,3000.0
NMC_15Ah,NMC_15Ah,64.9999971536303,65.9723664178655,0.7551599563253125,0.7773682542211153,PJP17601527001A007049,3000.0
NMC_15Ah,NMC_15Ah,41.95410025556707,42.67022920495857,0.7715599971918252,0.7804055562414929,PJP17601529001A003328,3000.0
NMC_15Ah,NMC_15Ah,46.82410030246086,48.065466244157705,0.7645666426813066,0.7819141392385215,PJP17601529003A008872,3000.0
NMC_15Ah,NMC_15Ah,23.604701618548173,24.84976903602435,0.7625332897948218,0.7961603494015224,PJP17601527003A009249,3000.0
NMC_15Ah,NMC_15Ah,64.9999971536303,67.62666676905877,0.7541066220690784,0.7799573209596145,PJP17601527001A008438,3000.0
NMC_15Ah,NMC_15Ah,15.250300334977023,14.954779177880367,0.7600799641583761,0.7775060063961492,PJP17530529002A009949,3000.0
NMC_15Ah,NMC_15Ah,27.26530265280591,25.112716410389186,0.7632466388830355,0.7571146307245328,PJP17601529001A010435,3000.0
NMC_15Ah,NMC_15Ah,47.527301113167965,46.62463579113966,0.8000799780714402,0.7827058759040716,PJP17930O01003A016716,3000.0
NMC_15Ah,NMC_15Ah,41.72750142641355,42.99808985947634,0.7598000012974555,0.783492660776717,PJP17601529003A008762,3000.0
NMC_15Ah,NMC_15Ah,29.79689918966566,30.13580275711927,0.7526066715079567,0.7631148503615255,PJP17601529003A008717,3000.0
NMC_21Ah,NMC_21Ah,48.708301363683375,56.69336022818068,0.7700523564899981,0.8280997140333545,02LCC02100101A8BC0104122,3000.0
NMC_21Ah,NMC_21Ah,41.72750142641355,41.7719454990808,0.9973428381794949,0.9975329541415676,02LCC02100101A87Y0163477,3000.0
NMC_21Ah,NMC_21Ah,41.64969946964553,40.99860019693076,1.0002142962444005,0.9975992563086347,02LCC02100101A87Y0013547,3000.0
NMC_21Ah,NMC_21Ah,69.99999653173852,68.80072368505816,1.0111618692476882,0.9967299415542432,02LCC02100101A87Y0027455,3000.0
NMC_21Ah,NMC_21Ah,69.99999653173852,68.95361632230217,1.006080937631413,0.9931372292400371,02LCC02100101A87Y0010456,3000.0
NMC_21Ah,NMC_21Ah,69.99999653173852,70.03252388850643,0.9891618565361999,0.9984128934324596,02LCC02100101A87Y0184257,3000.0
NMC_21Ah,NMC_21Ah,55.92349703913051,54.44033074962754,1.0059999887818845,1.0069253732628323,02LCC02100101A87Y0173907,3000.0
NMC_21Ah,NMC_21Ah,46.949499483880345,46.14740606423127,0.9918856714885198,0.9969565983329234,02LCC02100101A87Y0085499,3000.0
NMC_21Ah,NMC_21Ah,56.198899836382985,55.32755612251719,0.9926904548319276,1.0021968221071615,02LCC02100101A87Y0055909,3000.0
NMC_21Ah,NMC_21Ah,20.500100580928294,20.234853131665997,0.8375523416282624,0.854152995324997,02LCC02100101A87B0101984,3000.0
LMO_24Ah,LMO_24Ah,41.643902856437975,44.83462737324181,0.7634124575419918,0.7943863585261661,A170530525010800528,3000.0
LMO_24Ah,LMO_24Ah,74.99999856275895,6.355977029296356,0.7957207939865173,0.8062190629301478,A170530525010800027,3000.0
LMO_24Ah,LMO_24Ah,60.85579940312864,59.97850653360244,0.7988583239632818,0.7920807076229505,A170528511010802426,3000.0
LMO_24Ah,LMO_24Ah,46.791699622251606,48.0588273313193,0.7420832957727146,0.7613448468494214,A170526507010800030,3000.0
LMO_24Ah,LMO_24Ah,65.67439927569912,63.88704211195426,0.819745813315415,0.8048582273938312,A170530525010800523,3000.0
LMO_24Ah,LMO_24Ah,37.1305022963682,36.06000015092893,0.7898291722904704,0.8015021481715969,A170528511010800172,3000.0
LMO_24Ah,LMO_24Ah,38.26200102867698,37.920971649497574,0.7926375060630658,0.8037734527309227,A170530525010800543,3000.0
LMO_24Ah,LMO_24Ah,44.114199213785696,41.77483302822868,0.7865249920318031,0.7487751727358988,A170527511010800648,3000.0
LMO_24Ah,LMO_24Ah,23.095200540901402,22.606897558373625,0.791762448999661,0.8166445079488145,A170530525010800530,3000.0
LMO_24Ah,LMO_24Ah,21.101602001561332,20.15318057596442,0.8067708368498764,0.801192265856995,A170526511010800410,3000.0
LMO_24Ah,LMO_24Ah,69.99999653173852,74.66172307227417,0.758099955298905,0.7834289451783576,A170523507010800997,3000.0
LMO_24Ah,LMO_24Ah,74.99999856275895,75.0122364468443,0.8111541632967583,0.813840137823988,A170525507010800584,3000.0
LMO_24Ah,LMO_24Ah,49.40099995812712,54.417014304098366,0.7919208209968736,0.8302396419300629,A170530525010800427,3000.0
LMO_24Ah,LMO_24Ah,69.99999653173852,74.70612221124064,0.734933305238358,0.7897665064975032,A170528511010800479,3000.0
LMO_24Ah,LMO_24Ah,57.006596206647345,64.70188144837941,0.7201916470094039,0.8055156553725168,A170530525010800449,3000.0
LMO_24Ah,LMO_24Ah,31.863299609461187,29.32543026164982,0.7595833366423889,0.7081158241192949,A170529511010800365,3000.0
LMO_25Ah,LMO_25Ah,38.062501366268805,39.47012884038887,0.9211839660702082,0.9504516613543132,515092905216,3000.0
LMO_25Ah,LMO_25Ah,22.88470256764415,21.47223506243174,0.8747679874503398,0.8680633578812904,515093005020,3000.0
LMO_25Ah,LMO_25Ah,41.55420093027903,44.072298454905365,0.8384559477856742,0.8739470396335418,515093000439,3000.0
LMO_25Ah,LMO_25Ah,50.48199868239127,47.37420486491085,0.9185159425827744,0.9132971892260479,515092905212,3000.0
LMO_25Ah,LMO_25Ah,65.67439927569912,65.89342370884152,0.8435679992543416,0.8329299129123433,515093004482,3000.0
LMO_25Ah,LMO_25Ah,6.929202384999056,9.598575928483404,0.5269439889688061,0.5889142795394144,515093001608,3000.0
LMO_25Ah,LMO_25Ah,47.2815008369574,52.413802937317755,0.8847479497642186,0.9472735589287868,515093003101,3000.0
LMO_25Ah,LMO_25Ah,24.077000908089857,24.744392709609016,0.9200799692176013,0.9434432617412142,515093004064,3000.0
LMO_25Ah,LMO_25Ah,29.79689918966566,29.700486390424263,0.7058879600011732,0.6661367752626056,515093000629,3000.0
LMO_25Ah,LMO_25Ah,74.99999856275895,73.01751705208994,0.818831956140364,0.8305793385597037,515091901822,3000.0
LMO_25Ah,NMC_21Ah,8.617300837915131,10.153329056376387,0.8861359632443516,0.8221507862435572,515100102065,3000.0
LMO_25Ah,LMO_24Ah,70.00830014699694,59.124193189753086,0.8887799645282749,0.7091505274918797,515093002646,3000.0
LMO_25Ah,LMO_25Ah,74.99999856275895,69.25203976537094,0.7954360026532048,0.8120348962658235,515100101320,3000.0
LMO_25Ah,LMO_25Ah,21.692401574286222,20.083516427440877,0.836023959760034,0.8307003784336839,515093000663,3000.0
LMO_25Ah,LMO_25Ah,55.00000105032612,56.65258629376713,0.6088039936884637,0.6799584118718932,515092901155,3000.0
LMO_26Ah,LMO_26Ah,8.376103364411708,9.744202239148219,0.838830741947137,0.8323572472328946,H27734091053,3000.0
LMO_26Ah,LMO_26Ah,49.40099995812712,60.8266730798308,0.8000807527772267,0.9206779472228499,H27733591038,3000.0
LMO_26Ah,LMO_26Ah,44.48969970535751,55.954995065955856,0.7923038386997859,0.8149216618846574,H27734091304,3000.0
LMO_26Ah,LMO_26Ah,72.82489440139221,77.65993039164114,0.9836614833967889,0.9585539581862148,H27735490851,3000.0
LMO_26Ah,LMO_26Ah,70.00830014699694,73.77624198917124,0.8877884423076107,0.909437016853696,H27733490499,3000.0
LMO_26Ah,LMO_26Ah,53.6027015707495,61.661291203335566,0.9502961257288985,1.0046320164661386,H27735376790,3000.0
LMO_26Ah,LMO_26Ah,43.01369793692715,46.94752903332661,0.9250730523597511,0.9826384670143549,H27735376805,3000.0
LMO_26Ah,LMO_26Ah,59.726499769245834,73.50119335570055,0.8198538167882471,0.9485520448210302,H27735290390,3000.0
LMO_26Ah,LMO_26Ah,79.99999794086715,79.5678279280688,0.8524307318712121,0.885652717585052,H27733690634,3000.0
LMO_26Ah,LMO_26Ah,41.55420093027903,45.80445813209349,0.8484115317685356,0.8609828964007565,H27733690394,3000.0
LMO_26Ah,LMO_26Ah,60.85579940312864,68.76555933354045,0.8140538080040349,0.8650551674071312,H27734091346,3000.0
LMO_26Ah,LMO_26Ah,89.99999404417134,84.71142944481555,0.9984076697020134,0.9575222524507142,H27734492478,3000.0
LMO_26Ah,LMO_26Ah,46.428099431684736,46.46578736595471,0.9893807346363708,0.9886934283108414,H27735391963,3000.0
LMO_26Ah,LMO_26Ah,89.99999404417134,84.43815826253437,0.99155379385371,0.9273416438677919,H27734490172,3000.0
LMO_26Ah,LMO_26Ah,9.099602932994166,10.334623771881313,1.0023307292118429,0.9760678868428864,H27735076555,3000.0
LFP_35Ah,LFP_35Ah,54.56280111595269,48.73330439815841,0.8632713851992527,0.893889955516705,18号,3000.0
LFP_35Ah,LFP_35Ah,52.87640052685941,48.17517941882982,0.8182657110327498,0.8023747166902917,24号,3000.0
LFP_35Ah,LFP_35Ah,25.55260241838855,29.377313929225824,0.8409142816381119,0.9041501905738191,33号,3000.0
LFP_35Ah,LFP_35Ah,38.830501216096245,41.52257025784253,0.8824714088261889,0.9005711699986154,35号,3000.0
LFP_35Ah,LFP_35Ah,14.461799111103197,18.501957602949986,0.8712485117105062,0.9004206367591364,38号,3000.0
LFP_35Ah,LFP_35Ah,5.0000046163318155,5.204212534708002,0.8552485415604023,0.8712394429097075,42号,3000.0
LFP_35Ah,LFP_35Ah,38.75429971153034,38.09769589466306,0.9039142373257008,0.9078517980630277,44号,3000.0
LFP_35Ah,LFP_35Ah,34.639400806524534,35.510949126245556,0.8895542276257589,0.856948276095606,46号,3000.0
LFP_35Ah,LFP_35Ah,39.11150132652551,41.072312357892784,0.7961485770356319,0.8671748082889427,7号,3000.0
LFP_68Ah,LFP_68Ah,59.840695702347006,63.56515896609627,0.8428293786507222,0.8549482458346502,02HCB68111211Y88D0001154,3000.0
LFP_68Ah,LFP_68Ah,49.40099995812712,45.96403809782396,0.8380235165018405,0.8448355481585923,02HCB68111211Y87Y0009119,3000.0
LFP_68Ah,LFP_68Ah,16.03880155885085,20.88902414512114,0.8262470114690571,0.8492907275790273,02HCB68111211Y87Y0008126,3000.0
LFP_68Ah,LFP_68Ah,27.90890181105184,31.666712181445977,0.8153514623308815,0.8319088238081823,02HCB68111211Y87Y0015279,3000.0
LFP_68Ah,LFP_68Ah,69.99999653173852,74.98889347219288,0.7509117543779192,0.8368956816359763,02HCB68111211Y86L0002535,3000.0
LFP_68Ah,LFP_68Ah,8.13500139574832,10.305956402398063,0.7854779186631499,0.8428633439658476,02HCB68111211Y87Y0014641,3000.0
LFP_68Ah,LFP_68Ah,31.863299609461187,34.54856575523229,0.7697308504265343,0.8387730453384291,02HCB68111211Y86X0004792,3000.0
LFP_68Ah,LFP_68Ah,44.46269869636442,43.807413128161535,0.8523190928147962,0.8488670338697429,02HCB68111211Y88G0002069,3000.0
LFP_68Ah,LFP_68Ah,44.38000045847457,44.79589419155591,0.8254852638226058,0.8466071079992854,02HCB68111211Y88E0004343,3000.0
LFP_68Ah,LFP_68Ah,34.24330144638213,38.138073716120296,0.6825176350462574,0.834968909293328,02HCB68111211Y86R0006266,3000.0
LFP_68Ah,LFP_68Ah,65.67439927569912,51.73605416647945,0.8560896823206804,0.8478232952932941,02HCB68111211Y88D0003027,3000.0
LFP_68Ah,LFP_68Ah,52.43750140220706,52.00052033309204,0.831083807995489,0.8449269069194981,02HCB68111211Y88E0004542,3000.0
LFP_68Ah,LFP_68Ah,39.5792994530596,39.59596844668914,0.8117617128710508,0.8481385930384985,02HCB68111211Y87Y0012947,3000.0
LFP_68Ah,LFP_68Ah,44.48969970535751,45.92283372840221,0.8056190991484341,0.8444045483018024,02HCB68111211Y88E0004475,3000.0
LFP_68Ah,LFP_68Ah,62.82330124492969,52.62281527973004,0.8382176486810033,0.8462425132742858,02HCB68111211Y87Y0003936,3000.0
LFP_68Ah,LFP_68Ah,50.564998357432486,46.24549019817324,0.8685220184896101,0.8491034234827533,02HCB68111211Y88F0000101,3000.0
LFP_68Ah,LFP_68Ah,64.9999971536303,73.89967403617727,0.7091867773985592,0.8362193322589714,02HCB68111211Y86P0008027,3000.0
LFP_68Ah,LFP_68Ah,43.57689926379472,47.43234741564929,0.7151896784661925,0.8409958095406902,02HCB68111211Y86M0004689,3000.0
LFP_68Ah,LFP_68Ah,41.643902856437975,44.908350477466755,0.7789132389039164,0.8428425187082951,02HCB68111211Y86H0009376,3000.0
LFP_68Ah,LFP_68Ah,57.006596206647345,67.8698141330462,0.7128293997378027,0.8518119387863058,02HCB68111211Y86P0006552,3000.0
LFP_68Ah,LFP_68Ah,24.41099990407093,28.80728931212034,0.8076352851871028,0.8420009434976562,02HCB68111211Y87Y0008148,3000.0
LFP_68Ah,LFP_68Ah,38.26200102867698,38.11634553597771,0.8386073436758568,0.8371172822736255,02HCB68111211Y87Y0007299,3000.0
LMO_10Ah,LMO_10Ah,52.672695335349516,52.49057291123097,0.6466599634874413,0.6330181092136539,PIP15829A00218444,5000.0
LMO_10Ah,LMO_10Ah,18.115401762916292,16.536010367711704,0.6590499817480412,0.6564611237057948,PIP15829A00217239,5000.0
LMO_10Ah,LMO_10Ah,35.37670148771982,33.326608187745904,0.5750200166341904,0.5648830451728704,PIP15828A00225770,5000.0
LMO_10Ah,LMO_25Ah,65.67439927569912,70.14499675511865,0.8047299740603592,0.9243715546890388,PIP15710A00246135,5000.0
LMO_10Ah,LMO_10Ah,24.387700702471207,20.38946087666225,0.8819599417418096,0.8953495771080265,PIP15N21A50200566,5000.0
LMO_10Ah,LMO_10Ah,37.94840027477962,38.51121809002394,0.8906699683856765,0.8886385190619813,PIP15D19A03261038,5000.0
LMO_10Ah,LMO_10Ah,30.690801942620944,30.439395399654824,0.8789499662822768,0.887887500300157,PIP15D25A03226076,5000.0
LMO_10Ah,LMO_10Ah,50.564998357432486,51.698541987644255,0.8637399968243484,0.8917688300456414,PIP15D01A03250557,5000.0
LMO_10Ah,LMO_26Ah,55.43259950844851,57.340906919814636,0.8332999677321057,0.9844170397210771,PIP15D01A03229494,5000.0
LMO_10Ah,LMO_10Ah,47.63939991915674,46.532048491324026,0.8851599952186417,0.877905201220661,PIP15D01A03214955,5000.0
LMO_10Ah,LMO_10Ah,49.833402100745005,51.44542630597838,0.8767699884679544,0.8932705956317488,PIP15D01A03224640,5000.0
LMO_10Ah,LMO_10Ah,64.84549419866687,65.59795560998933,0.8765499878349092,0.8795318999725839,PIP15N15A03208989,5000.0
LMO_10Ah,LMO_10Ah,63.63550358660503,64.44528381942067,0.8995499876135535,0.9020768502204929,PIP15D25A03236724,5000.0
LMO_10Ah,LMO_10Ah,53.381097180470086,53.74887305487617,0.8700699502164643,0.8849233937473142,PIP15N15A03208683,5000.0
LMO_10Ah,LMO_10Ah,24.077000908089857,20.797977524079094,0.9000099541544847,0.8949821831654861,PIP15N30A03228344,5000.0
LMO_10Ah,LMO_10Ah,16.92310209601447,14.631211432760683,0.69437998064225,0.7224020565318461,PIP15829A00218512,5000.0
LMO_10Ah,LMO_10Ah,25.680200864041012,21.026756715466,0.8901899701665513,0.881212878722593,PIP15N15A03208672,5000.0
LMO_10Ah,LMO_10Ah,40.14490277950498,39.80896542180884,0.9061599607837498,0.8926037952940786,PIP15D15A03236823,5000.0
LMO_10Ah,LMO_10Ah,74.34220101829476,72.59752390639579,0.8938799760413491,0.8892874632217888,PIP15512A50200153,5000.0
LMO_10Ah,LMO_10Ah,25.66410166621489,23.65044180464344,0.6193799861758993,0.592773642423271,PIP15829A00217327,5000.0
LMO_10Ah,LMO_10Ah,85.0000026247998,82.36761333061824,0.923849959512275,0.8886340226063552,PIP15D26A03256484,5000.0
LMO_10Ah,LMO_10Ah,85.0000026247998,82.59281109050391,0.9184699851382803,0.8996044952802791,PIP15D28A03264309,5000.0
LMO_10Ah,LMO_10Ah,43.991100770491734,43.30730435462676,0.8975499502379529,0.8889237183016059,PIP15N08A03232188,5000.0
LMO_10Ah,LMO_10Ah,56.435900402749404,56.31963254520197,0.8825699956711344,0.8824601993077679,PIP15N14A03236503,5000.0
LMO_10Ah,LMO_10Ah,55.74399834520065,55.20670535910427,0.9264899734329463,0.8975085018973427,PIP16N1700C039158,5000.0
LMO_10Ah,LMO_10Ah,52.8222970349807,51.87373765794818,0.8988499887613832,0.8849337842910467,PIP15N12A03225967,5000.0
NMC_15Ah,NMC_15Ah,5.0000046163318155,4.788286303451928,0.7645000053354094,0.779514518104435,PJP17601529001A009420,5000.0
NMC_15Ah,NMC_15Ah,35.356602693103284,35.72282230287648,0.756493310359627,0.7750722096696523,PJP17601527001A008674,5000.0
NMC_15Ah,NMC_15Ah,19.951500882936887,19.865502753855477,0.7735932868370213,0.7771597919611924,PJP17601529001A010983,5000.0
NMC_15Ah,NMC_15Ah,69.99999653173852,70.71624834412735,0.7714800032857558,0.784719826363185,PJP17601527001A011451,5000.0
NMC_15Ah,NMC_15Ah,50.95099774912738,51.164240823307516,0.7680933310901158,0.7826635042406465,PJP17601529001A010816,5000.0
NMC_15Ah,NMC_15Ah,64.9999971536303,66.59488288267414,0.7551599563253125,0.7802131762412848,PJP17601527001A007049,5000.0
NMC_15Ah,NMC_15Ah,41.95410025556707,42.6386487720473,0.7715599971918252,0.7842387182594434,PJP17601529001A003328,5000.0
NMC_15Ah,NMC_15Ah,46.82410030246086,47.96243840828791,0.7645666426813066,0.7879969709709355,PJP17601529003A008872,5000.0
NMC_15Ah,NMC_15Ah,23.604701618548173,25.224983676304124,0.7625332897948218,0.796027830443128,PJP17601527003A009249,5000.0
NMC_15Ah,NMC_15Ah,64.9999971536303,67.75863854051109,0.7541066220690784,0.7827989164879986,PJP17601527001A008438,5000.0
NMC_15Ah,NMC_15Ah,15.250300334977023,15.052995294205452,0.7600799641583761,0.7788726569689612,PJP17530529002A009949,5000.0
NMC_15Ah,NMC_15Ah,27.26530265280591,25.723380989840948,0.7632466388830355,0.7585129082658209,PJP17601529001A010435,5000.0
NMC_15Ah,NMC_15Ah,47.527301113167965,46.73675913656649,0.8000799780714402,0.7805055786636917,PJP17930O01003A016716,5000.0
NMC_15Ah,NMC_15Ah,41.72750142641355,42.56196319390418,0.7598000012974555,0.7801794559861531,PJP17601529003A008762,5000.0
NMC_15Ah,NMC_15Ah,29.79689918966566,29.982990370470024,0.7526066715079567,0.7648679937460636,PJP17601529003A008717,5000.0
NMC_21Ah,NMC_21Ah,48.708301363683375,54.39216712821644,0.7700523564899981,0.8177923816075175,02LCC02100101A8BC0104122,5000.0
NMC_21Ah,NMC_21Ah,41.72750142641355,41.09392928152901,0.9973428381794949,0.9972288394324945,02LCC02100101A87Y0163477,5000.0
NMC_21Ah,NMC_21Ah,41.64969946964553,40.45444437562363,1.0002142962444005,0.9983027903488428,02LCC02100101A87Y0013547,5000.0
NMC_21Ah,NMC_21Ah,69.99999653173852,68.65275750581254,1.0111618692476882,0.9966771224299258,02LCC02100101A87Y0027455,5000.0
NMC_21Ah,NMC_21Ah,69.99999653173852,68.85432577652671,1.006080937631413,0.9945226561514625,02LCC02100101A87Y0010456,5000.0
NMC_21Ah,NMC_21Ah,69.99999653173852,71.07082067439887,0.9891618565361999,0.9963129790896241,02LCC02100101A87Y0184257,5000.0
NMC_21Ah,NMC_21Ah,55.92349703913051,53.91078957304717,1.0059999887818845,1.0027703952991032,02LCC02100101A87Y0173907,5000.0
NMC_21Ah,NMC_21Ah,46.949499483880345,45.72242212741733,0.9918856714885198,0.9985108288921316,02LCC02100101A87Y0085499,5000.0
NMC_21Ah,NMC_21Ah,56.198899836382985,55.20555399519943,0.9926904548319276,0.9997752499217694,02LCC02100101A87Y0055909,5000.0
NMC_21Ah,NMC_21Ah,20.500100580928294,20.43791764487401,0.8375523416282624,0.8581826179873085,02LCC02100101A87B0101984,5000.0
LMO_24Ah,NMC_21Ah,41.643902856437975,46.009885063636204,0.7634124575419918,0.795288511319712,A170530525010800528,5000.0
LMO_24Ah,LMO_24Ah,74.99999856275895,9.800995784021193,0.7957207939865173,0.8075101338388413,A170530525010800027,5000.0
LMO_24Ah,LMO_24Ah,60.85579940312864,61.069681165926504,0.7988583239632818,0.7952042897334934,A170528511010802426,5000.0
LMO_24Ah,LMO_24Ah,46.791699622251606,47.365541780046186,0.7420832957727146,0.7443222460887444,A170526507010800030,5000.0
LMO_24Ah,LMO_24Ah,65.67439927569912,65.43828478201523,0.819745813315415,0.8224807935172539,A170530525010800523,5000.0
LMO_24Ah,LMO_24Ah,37.1305022963682,36.03425529587349,0.7898291722904704,0.7957677000503418,A170528511010800172,5000.0
LMO_24Ah,LMO_24Ah,38.26200102867698,37.17026447638265,0.7926375060630658,0.7962388571373075,A170530525010800543,5000.0
LMO_24Ah,LMO_24Ah,44.114199213785696,43.105030077647214,0.7865249920318031,0.7705869983446195,A170527511010800648,5000.0
LMO_24Ah,LMO_24Ah,23.095200540901402,25.130648770561496,0.791762448999661,0.8178302220326078,A170530525010800530,5000.0
LMO_24Ah,LMO_24Ah,21.101602001561332,19.971282322928726,0.8067708368498764,0.7997759013071404,A170526511010800410,5000.0
LMO_24Ah,LMO_24Ah,69.99999653173852,74.14619855742475,0.758099955298905,0.7844327931261883,A170523507010800997,5000.0
LMO_24Ah,LMO_24Ah,74.99999856275895,75.19476211362075,0.8111541632967583,0.8134510900641986,A170525507010800584,5000.0
LMO_24Ah,LMO_24Ah,49.40099995812712,51.48657960683983,0.7919208209968736,0.8141563411053949,A170530525010800427,5000.0
LMO_24Ah,LMO_24Ah,69.99999653173852,74.4719629138652,0.734933305238358,0.790522736341516,A170528511010800479,5000.0
LMO_24Ah,LMO_24Ah,57.006596206647345,67.36095638661355,0.7201916470094039,0.833074464316428,A170530525010800449,5000.0
LMO_24Ah,LMO_24Ah,31.863299609461187,29.55687629304904,0.7595833366423889,0.7125916630853433,A170529511010800365,5000.0
LMO_25Ah,LMO_25Ah,38.062501366268805,36.71910989210147,0.9211839660702082,0.922207817237653,515092905216,5000.0
LMO_25Ah,NMC_21Ah,22.88470256764415,29.551503482569125,0.8747679874503398,0.9894374494240717,515093005020,5000.0
LMO_25Ah,LMO_25Ah,41.55420093027903,47.53743722754453,0.8384559477856742,0.9020990036439225,515093000439,5000.0
LMO_25Ah,LMO_25Ah,50.48199868239127,49.336573984788174,0.9185159425827744,0.9183258898619904,515092905212,5000.0
LMO_25Ah,LMO_25Ah,65.67439927569912,65.63773602877532,0.8435679992543416,0.8224639602672357,515093004482,5000.0
LMO_25Ah,LMO_25Ah,6.929202384999056,10.092296157770836,0.5269439889688061,0.6028568587892009,515093001608,5000.0
LMO_25Ah,LMO_25Ah,47.2815008369574,51.85928724506874,0.8847479497642186,0.9198671559570162,515093003101,5000.0
LMO_25Ah,LMO_25Ah,24.077000908089857,23.646904146193883,0.9200799692176013,0.9245974968411568,515093004064,5000.0
LMO_25Ah,LMO_25Ah,29.79689918966566,28.486658340831667,0.7058879600011732,0.6657384816264091,515093000629,5000.0
LMO_25Ah,LMO_25Ah,74.99999856275895,72.77332178777436,0.818831956140364,0.8259218832607832,515091901822,5000.0
LMO_25Ah,LMO_25Ah,8.617300837915131,5.226380269244557,0.8861359632443516,0.7454195456888787,515100102065,5000.0
LMO_25Ah,LMO_25Ah,70.00830014699694,72.24867921361403,0.8887799645282749,0.8871347424028935,515093002646,5000.0
LMO_25Ah,LMO_25Ah,74.99999856275895,68.51139973091477,0.7954360026532048,0.7954643505608621,515100101320,5000.0
LMO_25Ah,LMO_25Ah,21.692401574286222,19.934999768908956,0.836023959760034,0.8221940875539262,515093000663,5000.0
LMO_25Ah,LMO_25Ah,55.00000105032612,52.910158834898866,0.6088039936884637,0.6543893264399128,515092901155,5000.0
LMO_26Ah,LMO_26Ah,8.376103364411708,9.721862065317161,0.838830741947137,0.8369800063845471,H27734091053,5000.0
LMO_26Ah,LMO_26Ah,49.40099995812712,57.76526941194029,0.8000807527772267,0.8712689892397855,H27733591038,5000.0
LMO_26Ah,LMO_26Ah,44.48969970535751,56.60302458761443,0.7923038386997859,0.8172678172522496,H27734091304,5000.0
LMO_26Ah,LMO_26Ah,72.82489440139221,77.94070400968936,0.9836614833967889,0.9630998432036209,H27735490851,5000.0
LMO_26Ah,LMO_26Ah,70.00830014699694,71.3816093413397,0.8877884423076107,0.8752567224534981,H27733490499,5000.0
LMO_26Ah,LMO_26Ah,53.6027015707495,58.38852205989086,0.9502961257288985,0.9905000927980016,H27735376790,5000.0
LMO_26Ah,LMO_26Ah,43.01369793692715,46.495633291693096,0.9250730523597511,0.9755250489172502,H27735376805,5000.0
LMO_26Ah,LMO_26Ah,59.726499769245834,73.5803960501224,0.8198538167882471,0.9337011688865011,H27735290390,5000.0
LMO_26Ah,LMO_26Ah,79.99999794086715,78.90600060993766,0.8524307318712121,0.8694719405905712,H27733690634,5000.0
LMO_26Ah,LMO_26Ah,41.55420093027903,42.27951890438344,0.8484115317685356,0.8321127073988038,H27733690394,5000.0
LMO_26Ah,LMO_26Ah,60.85579940312864,68.1234696823495,0.8140538080040349,0.849207169235824,H27734091346,5000.0
LMO_26Ah,LMO_26Ah,89.99999404417134,84.81417673521776,0.9984076697020134,0.9515662511227765,H27734492478,5000.0
LMO_26Ah,LMO_26Ah,46.428099431684736,46.991225150553944,0.9893807346363708,1.0038148884231777,H27735391963,5000.0
LMO_26Ah,LMO_26Ah,89.99999404417134,84.28227844612712,0.99155379385371,0.9257648045478757,H27734490172,5000.0
LMO_26Ah,LMO_26Ah,9.099602932994166,9.893266724054218,1.0023307292118429,0.9441001995999125,H27735076555,5000.0
LFP_35Ah,LFP_35Ah,54.56280111595269,49.75045415749215,0.8632713851992527,0.8713566195314646,18号,5000.0
LFP_35Ah,LFP_35Ah,52.87640052685941,48.109671720531885,0.8182657110327498,0.8105572635554819,24号,5000.0
LFP_35Ah,LFP_35Ah,25.55260241838855,30.070923799018217,0.8409142816381119,0.9138885458683703,33号,5000.0
LFP_35Ah,LFP_35Ah,38.830501216096245,42.826940211926726,0.8824714088261889,0.904900725539785,35号,5000.0
LFP_35Ah,LFP_35Ah,14.461799111103197,18.815749366527402,0.8712485117105062,0.9010232440267175,38号,5000.0
LFP_35Ah,LFP_35Ah,5.0000046163318155,4.6780392301949085,0.8552485415604023,0.8603404012713637,42号,5000.0
LFP_35Ah,LFP_35Ah,38.75429971153034,40.49595022364849,0.9039142373257008,0.9084178961346456,44号,5000.0
LFP_35Ah,LFP_35Ah,34.639400806524534,34.012935150257725,0.8895542276257589,0.8484766572523749,46号,5000.0
LFP_35Ah,LFP_35Ah,39.11150132652551,40.64004170023696,0.7961485770356319,0.8663235805431178,7号,5000.0
LFP_68Ah,LFP_68Ah,59.840695702347006,65.59905656856195,0.8428293786507222,0.8558322965998236,02HCB68111211Y88D0001154,5000.0
LFP_68Ah,LFP_68Ah,49.40099995812712,48.92545947307681,0.8380235165018405,0.850196827419504,02HCB68111211Y87Y0009119,5000.0
LFP_68Ah,LFP_68Ah,16.03880155885085,21.2564869758849,0.8262470114690571,0.847606728662225,02HCB68111211Y87Y0008126,5000.0
LFP_68Ah,LFP_68Ah,27.90890181105184,34.98065717550604,0.8153514623308815,0.8371834168512775,02HCB68111211Y87Y0015279,5000.0
LFP_68Ah,LFP_68Ah,69.99999653173852,73.84307945972103,0.7509117543779192,0.8270093630698154,02HCB68111211Y86L0002535,5000.0
LFP_68Ah,LFP_68Ah,8.13500139574832,10.318456924793502,0.7854779186631499,0.8435435213182944,02HCB68111211Y87Y0014641,5000.0
LFP_68Ah,LFP_68Ah,31.863299609461187,36.88742092357232,0.7697308504265343,0.8445887294641893,02HCB68111211Y86X0004792,5000.0
LFP_68Ah,LFP_68Ah,44.46269869636442,45.148421789731444,0.8523190928147962,0.8502604426223176,02HCB68111211Y88G0002069,5000.0
LFP_68Ah,LFP_68Ah,44.38000045847457,46.47826268568403,0.8254852638226058,0.8489515036780196,02HCB68111211Y88E0004343,5000.0
LFP_68Ah,LFP_68Ah,34.24330144638213,38.47801772258641,0.6825176350462574,0.8392054313652155,02HCB68111211Y86R0006266,5000.0
LFP_68Ah,LFP_68Ah,65.67439927569912,63.15911483287139,0.8560896823206804,0.8558518887510611,02HCB68111211Y88D0003027,5000.0
LFP_68Ah,LFP_68Ah,52.43750140220706,57.615297631053984,0.831083807995489,0.8515448629189889,02HCB68111211Y88E0004542,5000.0
LFP_68Ah,LFP_68Ah,39.5792994530596,41.66068617400364,0.8117617128710508,0.8512296430396211,02HCB68111211Y87Y0012947,5000.0
LFP_68Ah,LFP_68Ah,44.48969970535751,46.87609340266607,0.8056190991484341,0.8499633461152575,02HCB68111211Y88E0004475,5000.0
LFP_68Ah,LFP_68Ah,62.82330124492969,60.42415466695046,0.8382176486810033,0.8529815326656109,02HCB68111211Y87Y0003936,5000.0
LFP_68Ah,LFP_68Ah,50.564998357432486,48.85027859358526,0.8685220184896101,0.850205592662117,02HCB68111211Y88F0000101,5000.0
LFP_68Ah,LFP_68Ah,64.9999971536303,72.68183345684717,0.7091867773985592,0.8203448205726371,02HCB68111211Y86P0008027,5000.0
LFP_68Ah,LFP_68Ah,43.57689926379472,50.365358090676494,0.7151896784661925,0.8477705481059425,02HCB68111211Y86M0004689,5000.0
LFP_68Ah,LFP_68Ah,41.643902856437975,46.50544442432232,0.7789132389039164,0.8467388451372483,02HCB68111211Y86H0009376,5000.0
LFP_68Ah,LFP_68Ah,57.006596206647345,66.95065963509496,0.7128293997378027,0.8500656159747533,02HCB68111211Y86P0006552,5000.0
LFP_68Ah,LFP_68Ah,24.41099990407093,31.636370161121867,0.8076352851871028,0.8429774184047654,02HCB68111211Y87Y0008148,5000.0
LFP_68Ah,LFP_68Ah,38.26200102867698,40.63823941944712,0.8386073436758568,0.8465640268476528,02HCB68111211Y87Y0007299,5000.0
