stage,epoch,train_loss,train_cls_acc,train_soc_rmse,train_soc_mae,train_soc_mape,train_soc_medape,train_soh_rmse,train_soh_mae,train_soh_mape,train_soh_medape,train_score,val_loss,val_cls_acc,val_soc_rmse,val_soc_mae,val_soc_mape,val_soc_medape,val_soh_rmse,val_soh_mae,val_soh_mape,val_soh_medape,val_soc_rmse_raw,val_soc_mae_raw,val_soc_mape_raw,val_soc_medape_raw,val_soh_rmse_raw,val_soh_mae_raw,val_soh_mape_raw,val_soh_medape_raw,val_score,test_loss,test_cls_acc,test_soc_rmse,test_soc_mae,test_soc_mape,test_soc_medape,test_soh_rmse,test_soh_mae,test_soh_mape,test_soh_medape,test_soc_rmse_raw,test_soc_mae_raw,test_soc_mape_raw,test_soc_medape_raw,test_soh_rmse_raw,test_soh_mae_raw,test_soh_mape_raw,test_soh_medape_raw,test_score,score,best_score_so_far
stage1_soc,0,2.8478620232898164,0.2826126819965526,0.8003684058441548,0.6360718246547865,821.1794462484845,67.19483832353046,1.8245655802820424,1.5486815571336168,802.3534594494408,279.5263318115672,0.042502160243306164,2.5370868841807046,0.2549019607843137,0.7453924833513735,0.5445232241524055,124.17815909192416,63.53629261025944,1.8704224025745833,1.5970588658078044,553.2773564311653,254.33877684132426,16.588127120664314,12.117938755945529,33.78971713915096,20.102289372842787,0.1984770006178435,0.1694694487509104,22.603963901895934,21.610527000934887,0.03128421577890164,2.7972150444984436,0.3203125,0.7370933273908905,0.5713807629508665,401.9413736708144,58.89757597437255,1.770667568083862,1.551569492185081,925.4986223630699,291.82574214245926,16.403435891356846,12.715632290141029,38.760798969435264,23.52921517174017,0.18789166956128917,0.16464241373240604,21.342946942137694,20.091452819694744,0.09918450178273286,0.03128421577890164,0.03128421577890164
stage1_soc,1,2.1439913926478,0.43283089448784245,0.7169869075244235,0.547392854909077,700.1895706159278,58.04772538995373,1.8005257108137969,1.5249857220582321,805.2067744629265,272.8418447835859,0.2177348222305154,2.220129849863987,0.4950980392156863,0.7188162222906764,0.5362563542633628,181.16815463723384,73.88622798224884,1.8765958837670833,1.6063750925309517,540.186061166987,259.9868333113226,15.996693202676989,11.933966027923276,36.50861722068615,22.396673067310935,0.19913209009323232,0.17045802584159372,22.71168877183814,21.783939231185915,0.27945317252848334,2.2338355779647827,0.46875,0.6624499041205009,0.49636323198774335,278.65948771964054,55.82554667682919,1.7664189243641826,1.541123875278572,914.7001936916995,292.52654305793624,14.742304847529162,11.046175772012909,39.621873887467636,19.264281183513617,0.1874408312581256,0.16353399313695485,21.206046355903005,19.899634010052402,0.27001502876384975,0.27945317252848334,0.27945317252848334
stage1_soc,2,1.7911627844763514,0.5395166318260168,0.6823696867482957,0.5123762529024251,628.0349822806769,54.52048584430944,1.7585969351916013,1.47740025340435,773.7469104447366,264.17419973761514,0.3348057258015281,1.9356947739919026,0.6176470588235294,0.6528936454838979,0.49841205453427107,197.16157646947343,78.16747440621535,1.8978832189391686,1.6278322872285749,556.8014872665908,271.9243450671728,14.529637780711973,11.0917707164329,38.91152997474969,16.65415472120109,0.2013909629715119,0.17273492310255215,23.01470305743135,20.715995620814006,0.42177896517836005,1.997170329093933,0.525390625,0.6122697855760184,0.4549861307259562,235.4176481485143,66.42891777863454,1.7990749168811861,1.5643404905931675,938.3627891641431,298.71763720017316,13.625585529937796,10.125360723638487,42.81067836382002,15.684054942597157,0.19090607175035457,0.16599758861453065,21.548450380952424,21.02789148191428,0.3417096893271945,0.42177896517836005,0.42177896517836005
stage1_soc,3,1.4986117371291476,0.5983423185535629,0.6403230990474452,0.47249655294488135,581.4625914908601,49.291566600300705,1.7486368671268941,1.4635366160150958,760.1307349566704,260.9064262014778,0.40624538883932937,1.8300045728683472,0.6519607843137255,0.6911887482959448,0.5027435205548125,115.3356262226878,66.95454130894129,1.9252482585923225,1.6403438546786122,537.0996657709708,265.53458526130515,15.381865362467307,11.188164107260414,31.575275975578574,19.033638438511126,0.2042947621265425,0.17406256886700253,23.24969132125891,20.944262253674058,0.44460415982494206,2.0447045862674713,0.541015625,0.6249804907458323,0.455526741588983,403.0611170189802,46.66707739405016,1.801229386561141,1.5762319918503636,907.7246599836556,300.673319521997,13.908452338846528,10.13739159585547,33.393218400853556,16.28995306275069,0.19113468999156624,0.16725943700723747,21.6882719312799,20.61011529828904,0.3535214777762503,0.44460415982494206,0.44460415982494206
stage1_soc,4,1.3074170558826057,0.6452121612205229,0.5762668513498529,0.4190039376832036,543.4031178816082,41.94990056611875,1.7290116346080895,1.4386992317826215,735.4352742185198,254.14096802802314,0.47233210581556706,1.3979759543549781,0.7303921568627451,0.5496625921303475,0.396732504433934,150.03209642131492,60.57638053869878,1.8549138698277947,1.5656992432241346,505.5489930885471,261.40218118540105,12.232311373381469,8.828971801352804,26.332162909808293,15.87886795424242,0.1968313364837264,0.16614177056316684,22.231538252884004,19.85699305056767,0.5654933792236408,1.6516054570674896,0.61328125,0.5258011393325913,0.37998547354254697,339.2147897057762,42.34765405310367,1.7288870297246215,1.489711927693861,863.476196128965,289.89562688372666,11.701293391400661,8.456279718289409,29.72981333970089,15.13054251904114,0.18345819190066742,0.15807849327847928,20.559949133748848,19.534336311628707,0.45554090820022264,0.5654933792236408,0.5654933792236408
stage1_soc,5,1.0110746590913744,0.7020941064290167,0.5020705504793878,0.35974686910470133,510.7770234350336,34.03172761866742,1.712109436134503,1.4188005535409718,719.4007646750289,249.69119847765015,0.5514729412852004,1.3714489609587426,0.7745098039215687,0.5585659827839162,0.3834115115231743,166.99157643342923,45.800693288003586,1.908899229483073,1.6037395174304645,515.7026285065652,264.13621983181025,12.430449373515707,8.53252351576822,21.85720340315914,14.249022186726489,0.2025599100117735,0.17017835583757335,22.81204177845502,21.366732519233757,0.6069400090863938,1.7104122638702393,0.654296875,0.5692054263472046,0.4009602299790913,450.3908294760155,41.98766222140736,1.7074460454596907,1.475968300459499,861.3236974050598,286.4399918066246,12.66722187426249,8.923056528983857,25.57688365374861,15.638240796846468,0.18118301478487786,0.1566201093822368,20.358972604892482,18.99117353474938,0.4835352470958386,0.6069400090863938,0.6069400090863938
stage1_soc,6,0.7935506342490628,0.7379249642424909,0.4584028125252671,0.325680075729132,495.31243764724894,30.278200870987636,1.6723872162243623,1.3785524532056408,689.4721532701035,239.16938440827784,0.6004041204849108,1.4041313984814812,0.7892156862745098,0.6065240120977867,0.3998093505380858,164.36690055138985,48.956850926739094,1.8195385936157333,1.5102153379543155,458.2932500198127,257.72874656739737,13.497717832057457,8.897444606547875,21.04605949364435,13.79442635751003,0.19307754337852553,0.16025418116872836,21.53898100192891,19.47737079425145,0.6072584826451738,1.6569549441337585,0.703125,0.612446796247804,0.4195492040926183,446.5799913130373,40.057550593145365,1.6199409594206158,1.3767274523052038,799.6481232983656,268.10723037809265,13.629524764087424,9.336739618799195,25.102492810061772,15.331490247914537,0.17189754697186638,0.14608931919638202,19.050623138395693,17.594882272661856,0.5193909611256589,0.6072584826451738,0.6072584826451738
stage1_soc,7,0.6276582476657037,0.7647706018263836,0.4293903148945704,0.3047018086163851,480.3360615220138,28.28766717653201,1.6866629284283496,1.3923131302188314,697.2979209816434,243.17292557163444,0.6359535073580125,1.3727523742937575,0.8431372549019608,0.6218655727059742,0.44178316388370503,170.94957619338646,63.198940840915206,1.8836715839656475,1.5961797820294605,502.0183311162352,260.97479575282654,13.839132272479208,9.831539015959773,30.71763785278035,15.841717093178307,0.199882917152804,0.1693761661258855,22.60159703383114,20.431609852711215,0.6565775830901686,1.627156376838684,0.734375,0.5914634307437974,0.41868928997791954,304.20456789535365,39.75026821364641,1.6929665081519407,1.4468126337524154,849.1578625024782,282.9118085930665,13.162556365325422,9.317602902282626,33.25313814439316,15.589395727666346,0.17964654092142293,0.1535263005874586,19.97940628595538,19.044984835241564,0.5569359707768609,0.6565775830901686,0.6565775830901686
stage1_soc,8,0.5369508686547285,0.7784134668280339,0.4117041366620243,0.2920595764337541,478.4954418218722,27.07535720919465,1.6870353571509569,1.3928498618419356,697.640620854956,241.85412620249122,0.6549022258294266,1.3805928323783128,0.7303921568627451,0.586653431262724,0.39571809338624864,155.0891315257783,54.90956028133924,1.8524417895716268,1.5518360706228835,483.723270737407,255.6432497545684,13.055513586353952,8.806396876346913,24.046671536647825,14.663199336360469,0.1965690154840124,0.1646707012939171,22.05923401506413,19.58587559143921,0.5543961274839279,1.5873991250991821,0.705078125,0.5679902261948838,0.38336151084331505,353.07360813139263,36.62968329660535,1.675562015074748,1.4262361533255898,838.7798409727784,283.03878544751313,12.640178544669046,8.531410789718318,25.188912595196452,13.853974031321155,0.17779968986869799,0.15134285896872762,19.72485517035525,18.020509091149176,0.5346810571415348,0.5543961274839279,0.6565775830901686
stage1_soc,9,0.4909133841728497,0.785198224960575,0.39206842597388053,0.2791211306097733,478.9835331358053,25.839196669617237,1.685154810444417,1.3904974008927948,692.2528951964761,242.29660472192487,0.6675776971684109,1.4836878706427181,0.7156862745098039,0.5813956114601906,0.378287662980238,162.05113721056713,53.28675184403403,1.8949125074825606,1.6023682518040432,536.675469919809,258.8999005600165,12.938504916143287,8.41849627122839,20.467410297832075,13.723607289592962,0.20107573048777078,0.1700328460916423,22.742663648770748,22.04304042761838,0.5412675910717468,1.681876540184021,0.634765625,0.5784014224282992,0.37269958071556175,358.7988968642031,33.86869306952987,1.7313969728038072,1.4923333761762478,903.4673246207617,296.22762170227327,12.871871579486871,8.294137868054793,22.473728619718404,12.577029004347917,0.1837245306556955,0.15835666425811581,20.579047558169524,19.578057370576847,0.4612451982715102,0.5412675910717468,0.6565775830901686
stage1_soc,10,0.40951922638745847,0.7955770711849488,0.3875629821954622,0.2729158781118653,471.8686667473675,24.944639185547103,1.6883905721271064,1.3937807226686836,693.8583852152113,243.31457623856966,0.6793081765263101,1.1611470100926418,0.8823529411764706,0.4974432286845172,0.3540861672749195,124.68919851775158,44.00829892926046,1.9337080064560528,1.6365013045130992,537.345480390517,274.28991244192457,11.070210254377733,7.879910900116202,25.204647475534554,14.157269712898003,0.20519245527845573,0.1736548225576529,23.22819436237877,22.35710120455854,0.7331199725711154,1.4876677095890045,0.759765625,0.5465181216438095,0.3654915978167992,309.0013702928798,34.895099105308525,1.738570733546661,1.507182021778135,889.4396160745564,292.90907451889404,12.16233364041139,8.133729842378628,29.526316848210186,11.343603477381091,0.1844857632593212,0.15993230548131937,20.759518923499925,19.650665333288284,0.5958101885068572,0.7331199725711154,0.7331199725711154
stage1_soc,11,0.2980557705968084,0.8117137932299117,0.36851763042543784,0.2601642721244078,447.06113327234743,24.145652740927762,1.6764979807593652,1.3826910009136393,684.2616524427705,241.46707872704778,0.7011585041022803,1.2813881261675966,0.7549019607843137,0.5438585743020016,0.3857852573113918,143.3972673949031,54.406132802956506,1.8694430123638266,1.5742048780415572,518.1849260412278,252.58449135431079,12.103147493012932,8.585349372973075,23.827747407284225,14.465501653164633,0.1983730741297957,0.1670443329386971,22.38165639602669,20.626136688445204,0.5917443884937132,1.7220021486282349,0.662109375,0.5430320185111868,0.3704497419348627,320.8322211353175,35.0528512146139,1.7042381499146193,1.4566127644866356,885.9526053114779,281.8249108202442,12.084753139921643,8.244069464456947,25.105175253595654,12.71177640872034,0.1808426138758614,0.15456622640908763,20.13313860252915,19.390591037786827,0.499199769446644,0.5917443884937132,0.7331199725711154
stage1_soc,12,0.24883745273583863,0.8206256647229252,0.3727176978451109,0.26062853633482214,459.585072407172,23.65221315330588,1.669956795213019,1.37778060522429,680.406774410375,237.8782214360181,0.708810355369392,0.8810907941238553,0.8431372549019608,0.515397131285289,0.32794488053860177,143.22798566122478,38.48698742027829,1.9140623580289213,1.6154250211867631,531.2347588208359,263.57396400528734,11.469760324046518,7.298156995743434,18.08348247130134,9.947159917132023,0.20310778746778232,0.1714183451218475,22.934659258863398,20.937585451614137,0.6885181155163741,1.2307634204626083,0.783203125,0.5176080936160413,0.331372166514484,267.8558590851391,30.837570108825375,1.6852698638017636,1.4387652218938456,863.031703253924,275.4536123579361,11.518963562636504,7.374428566381215,19.916113676278993,11.05798661964241,0.17882982332686104,0.1526723618374592,19.89221877741202,18.920176866349355,0.6279206969151876,0.6885181155163741,0.7331199725711154
stage1_soc,13,0.2346118784262961,0.8246965196024498,0.36058878468709316,0.2562751248886367,448.49116257791417,23.663402388173512,1.6881688793103327,1.3933894403617515,696.0441801052273,243.77513567006665,0.7165198841963218,1.086157995111802,0.8480392156862745,0.4983250968405238,0.33352130455394075,130.71180265160146,40.26832065760603,1.9274294219159542,1.6327708540301697,535.0403902735447,262.4074552050269,11.089835540924401,7.422255953690081,20.210809704290995,11.564232837660622,0.2045262129227563,0.17325897153395578,23.1775807558127,20.54898462982739,0.6985416866341174,1.4651133120059967,0.802734375,0.5239467262737018,0.3545039735872706,312.07273545065664,31.389438680423346,1.7188285954868674,1.4879840702997171,894.8274951266537,287.5780906311545,11.660024878178238,7.889208853041532,24.311545702587196,12.292196001784866,0.18239085659946844,0.15789514434477692,20.51029558177671,19.54407262765377,0.6455503571178894,0.6985416866341174,0.7331199725711154
stage1_soc,14,0.11626370138219119,0.842960355007885,0.3370046743075106,0.23956234320010683,437.2354697194601,22.102099463821425,1.682121010233622,1.386983975992492,685.8772096926799,240.28432021017255,0.7418589527156318,1.2217939905091828,0.8186274509803921,0.6062234730877893,0.3682010528841512,115.47978404464273,42.67090509099632,1.8311738629691525,1.539167798617307,496.857332166312,250.34542308327127,13.491029571290271,8.194026647201351,18.0610924731612,12.2231402804271,0.19431220211628902,0.16332642706622555,21.894499385809542,20.03212761899715,0.6367604090540553,1.7600466161966324,0.6796875,0.6028210607792152,0.362468161909419,293.74350358713326,31.606289056185666,1.653187230407888,1.4160449570408673,827.9893766443504,278.21606728222594,13.415311544677255,8.06644563936747,19.65380616811722,11.520263130065143,0.17542542395740665,0.15026143582681314,19.567154005499823,17.918410176287626,0.4988411817662355,0.6367604090540553,0.7331199725711154
stage1_soc,15,0.07502963247330498,0.8378992921846922,0.33711339772138194,0.23704464836899308,425.01643035377055,21.60659804636735,1.6793996873769188,1.3832157627437347,685.0485144968867,240.43502613406554,0.7367652728682776,0.9398409782671461,0.8480392156862745,0.42792636289362385,0.2862516025665636,130.3529105936167,37.56012136167375,1.8857917877244101,1.5977368867572617,528.8883959594443,254.2946457864151,9.523166740355727,6.370305681805056,17.747203345971155,10.050337443724402,0.20010789931841466,0.1695413959026442,22.670681695129275,20.764158169226334,0.7196613068181874,1.1744742095470428,0.771484375,0.42521254551012166,0.2806988650609128,203.17981407640042,28.68911698408848,1.6993839287966104,1.4656872916748398,878.9391663931214,276.69358122108997,9.462772855596656,6.246733848618224,18.64120080897949,10.33526802778912,0.18032751565713176,0.15552915592482736,20.22575998137791,19.27480772024142,0.6439206113469635,0.7196613068181874,0.7331199725711154
stage1_soc,16,0.01439217995700171,0.8495617412990061,0.3221847480915307,0.2284368191168818,413.4112969013676,21.05479838890457,1.682631017494674,1.385607467570545,680.1947487868355,240.27925991547855,0.7529063168715469,0.8315456731646669,0.8480392156862745,0.4526896068550107,0.3001064024135178,147.12876599756933,35.25175966386379,1.8987414402276896,1.6040991733179373,526.835388149765,263.28378447311826,10.07425337984612,6.678633423532899,16.12132427984417,9.335066502351145,0.20148203180547025,0.17021652016970598,22.779901168493296,21.490505691633672,0.7122323336297713,1.209445744752884,0.78125,0.4461551010719773,0.29178982366829587,287.56331758048634,31.504231390707297,1.724405947505806,1.4792195532718324,884.7880685597129,288.5502375594008,9.928833060993005,6.493554463768659,17.547162737646318,11.866323980515077,0.18298268874315168,0.15696511108107983,20.430805788931437,19.394547725316272,0.6474034696784068,0.7122323336297713,0.7331199725711154
stage1_soc,17,-0.08883753303940786,0.8622877470935563,0.31091105821344683,0.2185905955995004,398.04282730811394,19.690432840168906,1.6809095729054793,1.384432783916786,680.5339883841722,239.74575870131494,0.7690144296295223,0.688967316758399,0.8725490196078431,0.4469653561886657,0.2796068854022808,120.71332926409116,35.72260334444795,1.894058936330648,1.597457627893663,534.8047325827048,248.91735846840635,9.94686465532216,6.222432694803087,15.33298811785841,9.168658401694104,0.20098515509591683,0.16951176277722468,22.689488229015204,20.584112293148372,0.7384594127512434,1.2258478701114655,0.78125,0.4299998731244292,0.2779816239490174,243.52588441128415,30.87351257711609,1.6953267058799493,1.4460180772366584,856.0107399373602,275.7220643906287,9.569311089893505,6.186263771459733,17.12090869548926,10.419093982038387,0.1798969896784927,0.1534419874430845,19.99658549801872,18.974185116625343,0.6522500380626712,0.7384594127512434,0.7384594127512434
stage1_soc,18,-0.05044853776692251,0.8636813730883486,0.31458981529576774,0.2210363668921371,412.39430364144005,20.18010856319696,1.6797510777647227,1.3834974570737115,681.0517764618686,240.0426312475701,0.7693044284996182,1.1135914641268112,0.8480392156862745,0.5064423451986219,0.3304314955032668,151.43706853510744,42.81818314754181,1.8720123459768185,1.5718970063562487,512.3124713825987,245.89881316980222,11.270478558719178,7.353494668251952,18.369978260700414,11.782538572207102,0.1986457150201055,0.1667994366792851,22.35118993651232,20.663853315241447,0.696106512126688,1.3442673236131668,0.767578125,0.5194710736611305,0.3370499586508231,253.2330621888975,32.07804101838303,1.6844924721913028,1.441541323241836,826.7872818365327,278.6543707853108,11.56042272744087,7.500783392631728,20.758572857310213,12.06916142509765,0.17874733161005027,0.15296694356841037,19.92831871351788,18.136491524318476,0.6117368029016609,0.696106512126688,0.7384594127512434
stage1_soc,19,-0.1459858002156215,0.8685590640701214,0.2942583995348079,0.20743253484790353,391.1658738048465,18.80390243902439,1.6817431019523752,1.386331247358847,684.3546560158396,240.9091599874775,0.780281544209679,0.9224306321611592,0.9117647058823529,0.4032597322399797,0.27613333403132856,98.58933453765242,40.02474676637378,1.8880475268362946,1.5822559783563894,518.4240947497595,252.0814327577434,8.974230154516501,6.145131523958906,14.190709712304438,11.14927072341757,0.20034726360986396,0.167898663083568,22.52153421647998,20.790254901332116,0.790786786210359,1.1710479706525803,0.822265625,0.4361562974759985,0.27104798885375203,209.60328708302498,29.03037451561311,1.675087894540335,1.4294770359774702,835.2850714756817,272.6110907448108,9.706317501996596,6.031961141721054,16.06903796474968,8.955694236289066,0.17774937929635234,0.15168676025392086,19.76611636496551,18.704515476139285,0.6914187357572005,0.790786786210359,0.790786786210359
stage1_soc,20,-0.10443700330898427,0.8630579088275204,0.30301903824994025,0.21334239214382897,407.19237512860184,19.495360440120237,1.6714945877359075,1.3762970844491844,675.391873607922,237.17392723512788,0.7721521973525384,1.0176084018221088,0.7843137254901961,0.3925026012736363,0.29628281167470943,134.81818765016467,42.54876146825114,1.8609909559014663,1.5660151430204803,509.2941503088088,257.77460721585294,8.734838612598816,6.593542400146699,16.156287305687155,13.64392855965087,0.19747619713912626,0.16617529178489096,22.24338153411302,20.56012091140703,0.6665629451081052,1.3116856813430786,0.7109375,0.42751841991988265,0.2782847583257535,246.31238124134413,28.948438943168412,1.6639795476726789,1.4125127581428387,850.5867882672555,278.24680327392497,9.514088288322009,6.19300979008516,17.06160721298521,10.37870538420866,0.17657063412890772,0.1498866219655691,19.55244526815956,18.56551996048806,0.5826819740240352,0.6665629451081052,0.790786786210359
stage1_soc,21,-0.07256778352754704,0.8716397110059779,0.30798404244749394,0.21568230891670237,409.1676077511253,19.883574610472824,1.682972880903526,1.3879990260158666,680.6540340283684,241.29358283978016,0.7792444982717297,0.7855948864244947,0.8676470588235294,0.4423593385897008,0.2957979849329693,114.03764037572586,40.34935109199772,1.8717420719283893,1.5766843734126466,518.7476854858168,252.32795218753444,9.844361333705447,6.582752959948266,17.197292771925273,10.465638842398537,0.1986170353045486,0.16730744078194268,22.400090971849277,20.63558164499442,0.7349392572466192,0.9734925329685211,0.810546875,0.41777281994695403,0.26100368659899686,182.6233928118417,25.705831998415015,1.6817697067395634,1.4349382653381326,865.6538514564149,272.5539922424687,9.297207578053461,5.80843304563518,16.4804628196475,9.997002561972952,0.17845840953581543,0.15226627022006456,19.84825840176942,19.243637394337043,0.6852150290159138,0.7349392572466192,0.790786786210359
stage1_soc,22,-0.24350218473280136,0.8769941687754429,0.28840359267479504,0.2020340539199608,375.14280904912937,18.38403807798719,1.689774696789157,1.394011063069921,689.7249279259635,241.42509558041607,0.7904730909730044,1.6492248937195422,0.8676470588235294,0.5054405258595105,0.3678179709697325,177.91083187558766,45.275827877805725,1.8386649051367971,1.5545262637383797,487.2786568375567,252.28399838875345,11.248183852345964,8.18550145861153,23.304136373812998,13.056877508576498,0.19510710255101937,0.16495616700471671,22.060025641631817,20.192732242134248,0.7160149010656763,1.7539417147636414,0.8125,0.5041201338416166,0.3475136307865796,254.92956027187293,32.67217962323229,1.6483414755260337,1.3922696583686047,836.813240293737,274.7862024385653,11.218799560001807,7.733644237641162,23.108955683560286,12.178909081048433,0.17491122412032392,0.14773855652277534,19.291084838213084,18.350433727335805,0.6612639598475151,0.7160149010656763,0.790786786210359
stage1_soc,23,-0.16137136391568255,0.8713829904279898,0.29756949876416816,0.20858449133392898,387.43248554013854,19.006489503573214,1.670684864513677,1.3749322775813106,671.3250433872371,238.45433850161507,0.7821121407987394,1.0919227331292396,0.7892156862745098,0.48122531180476286,0.3055139646806079,145.98111430852796,36.947016815720346,1.8396626470168473,1.549577567507239,491.68284787722286,238.24856814748165,10.709293190089449,6.798974495254054,16.210477428825033,9.570480293890768,0.19521297639826937,0.16443104370445374,22.00896734192091,19.893855348283047,0.6448480927330809,1.2433694452047348,0.74609375,0.503854332317266,0.3158025797656592,182.61504630382618,29.023534333565866,1.6572610298937542,1.4107498597950325,811.5388014329508,272.5220745254087,11.212884354826985,7.027939582424061,18.134261981385293,10.500391949127213,0.1758577089332283,0.14969955471488544,19.511758465447,18.495272355237816,0.5949374503048203,0.6448480927330809,0.790786786210359
stage1_soc,24,-0.09299658013460384,0.8769941687754429,0.29558094874340496,0.2083662087798553,392.94384111051545,19.142735341535253,1.6877170257996712,1.3910950859262978,682.777436674496,241.80085899638905,0.7883198841524214,1.0996682059531118,0.8186274509803921,0.3763936288750958,0.27826824598014355,83.79950125012628,38.549386199588284,1.9023703075706948,1.5999944579659724,521.238434209796,259.93495702353664,8.376346022589294,6.192642320739607,15.297346403136205,12.66894750553694,0.2018671034902877,0.16978095460423448,22.74602929423166,20.086182319072243,0.7057093623178634,1.2871064245700836,0.767578125,0.4246231832073991,0.2737201306008501,129.74906468278402,32.41408668002788,1.6732222463322657,1.4256497978130938,838.2477215024497,282.7797981264731,9.449657058193207,6.0914275677654945,16.338285175155338,11.007169862868695,0.17755140890205215,0.1512806387540554,19.71861492650826,18.383304351202646,0.6401911700377803,0.7057093623178634,0.790786786210359
stage1_soc,25,-0.08804029431783594,0.8745736604686984,0.2933596622470694,0.20818489581829233,391.4179865253872,19.31351776613171,1.6986396529573744,1.403244020283169,693.625509812975,244.54051161677083,0.7865657617945776,1.110933691847558,0.803921568627451,0.5258150805519929,0.33203002278163446,138.90280358048832,45.48394376392446,1.8781607182074709,1.5824883482327647,522.6148985695031,255.6869291450745,11.701603642342029,7.389068643428346,17.262126029141413,12.176871187782714,0.19929814009657068,0.16792332065612134,22.476987715183277,20.371297664428205,0.6461770444618531,1.2294655442237854,0.751953125,0.5278194875948847,0.3220557583117625,283.88408111637204,31.665060683667825,1.684286660758221,1.4318114578854875,862.6597181065019,276.2467667447195,11.74621015444362,7.167099183503746,18.033059716719002,11.034027568501264,0.178725492245918,0.15193447384943923,19.806043773504804,18.90275843550303,0.5936072787215346,0.6461770444618531,0.790786786210359
stage1_soc,26,-0.15559686948421805,0.8814684417060916,0.28796312423928755,0.2021096813822745,377.1356872945646,18.621858464518283,1.687471760040423,1.3908015103184066,679.2116450968801,240.83449155581613,0.7950795044343053,0.7879913834964528,0.8431372549019608,0.4761231469999475,0.3032935982223089,129.1082978011973,36.108833680200064,1.8308127796989766,1.5446364943887674,498.60502033910603,245.24289204141792,10.595748500193562,6.7495619751557525,15.170360824338104,9.271166361263163,0.1942738863196331,0.16390672931908398,21.92833566732991,20.724018862900515,0.7003003108019765,1.124189853668213,0.75,0.46405066237661907,0.29671981519277324,277.00129540898786,28.759769434415308,1.6617309934813769,1.42303301042557,855.746656479429,278.8410996137268,10.327084790715778,6.603267571880695,17.040113414693025,10.413301798802154,0.17633203225427124,0.1510029623793416,19.662140287421778,18.69482387944683,0.6107848012870143,0.7003003108019765,0.790786786210359
stage1_soc,27,-0.22948730258600292,0.8865661788975685,0.2844869432901046,0.1985970064316908,373.9803994555268,18.110000947349373,1.678403139026461,1.38208848780882,680.830081503243,240.7837618271134,0.8012200959105371,0.782334043114793,0.8480392156862745,0.3705033682166315,0.24958647644220322,115.86798178659646,28.397084946201787,1.8885840925570851,1.586103427936049,521.9924441327787,263.97647465467713,8.245262875443585,5.554351957249753,13.5308698634749,8.418541913388133,0.20040420045725754,0.1683069292867251,22.56309021114663,19.91967771665192,0.7368882052212851,1.173996239900589,0.8046875,0.44612330140886325,0.26938608866839786,187.22403463227226,25.7572124453622,1.7248478112319434,1.481762791496294,885.6087684364318,283.942542943429,9.928125384344913,5.994976852031732,16.090937025671852,9.31206631812421,0.18302957643382778,0.1572349828993135,20.45509421285524,19.761901883424414,0.670850509577341,0.7368882052212851,0.790786786210359
stage1_soc,28,-0.30642955358365837,0.8902336157259692,0.27582363209550914,0.1908972871879078,367.656009347366,17.437621214039986,1.6816727342041184,1.3844352116977776,678.5569550799995,240.42849226287743,0.8074865260973164,0.915618291088179,0.8774509803921569,0.3762998750775267,0.27492247708141804,148.45900071361157,37.34994388118927,1.868116142302704,1.5705271282908964,499.59430622264495,252.3451878744445,8.374259605102056,6.118184848940466,16.83461701786747,10.094575660419451,0.19823227535109275,0.16665407417226583,22.316379121441667,20.203549176378363,0.7645610178688989,1.440358817577362,0.779296875,0.44735938133949804,0.30024839061297826,174.2594158235232,28.10164460112471,1.6672763473939998,1.4261397344307625,852.4487915365241,287.27681905562747,9.95563337708517,6.681793259934381,19.153632965265913,11.375429318780093,0.17692046896804609,0.15133262762578503,19.69875765169376,18.3734701586839,0.6450890605981506,0.7645610178688989,0.790786786210359
stage1_soc,29,-0.3301059199528459,0.8989254410092786,0.27145356190256176,0.18828358617302973,350.5205937009924,17.053895174703655,1.67932721813355,1.3814711031074058,674.0916070705198,239.90412241780956,0.81748937243851,0.7266366820709378,0.8725490196078431,0.3926742352102777,0.2833732551753558,136.69794518082526,37.58695079500353,1.8499335144229259,1.5514100335684478,512.2729875690816,248.2164124102771,8.738658191710247,6.306250310320609,15.573336183886278,11.039674281157783,0.1963028537188661,0.16462549302620166,22.073004540383263,19.409168745353945,0.7547467490447598,1.1777611076831818,0.796875,0.4677255351584537,0.29783358165241225,250.43079925448535,27.56269608037357,1.6564642276975732,1.4087954986389377,852.4897806653833,275.54216440769727,10.408866212206995,6.628053573923747,18.32665993253119,10.206734465242711,0.17577315749192496,0.1494921706823526,19.50093859448959,18.440228200984677,0.6565573394524639,0.7547467490447598,0.790786786210359
stage1_soc,30,-0.3634224102766149,0.901272600579455,0.27205750337246254,0.18588254157734432,347.95243574649567,16.778618600434232,1.6608358322467232,1.3643439931274264,663.8428587425088,235.25028917619412,0.8196553495677162,0.7015798886617025,0.8774509803921569,0.419737221219106,0.2685672930514842,112.00620229566803,34.07256867714021,1.850873841399578,1.5527466472749616,498.7202472556592,250.29255019336952,9.340923792995609,5.976755195545286,13.620390278757991,8.874700754789572,0.19640263507182093,0.16476732573687086,22.093861200487638,20.080585155779723,0.751529814026425,1.2587093114852905,0.765625,0.43226060962416873,0.27229260995954974,237.46257726315497,28.94925209019582,1.6600371479777274,1.4141680222019204,841.654682184794,272.5198385466529,9.619622013710975,6.059659211638807,15.053830247134965,9.388157490631883,0.1761522924400926,0.15006226776901158,19.568943216385026,18.762287997981737,0.6359468171127494,0.751529814026425,0.790786786210359
stage1_soc,31,-0.3807531083091833,0.8984119998533026,0.26672990433594795,0.18397816117416177,352.41457281047286,16.82946408979661,1.6805171748029941,1.382901911901154,673.9230395454281,239.61927372971323,0.8183930285525182,1.0555695155087639,0.8872549019607843,0.3765291221174315,0.27686109249114843,161.19856972184928,35.21868573065923,1.8285082288120886,1.5448128757815736,489.5595694272331,250.5421164838603,8.379361318796404,6.161327219668571,16.017644945141118,10.299461366309338,0.19402934244164535,0.16392544575969162,21.907841706429725,19.120261377851286,0.7742961653255548,1.346438467502594,0.818359375,0.43952921703092823,0.2890801134526555,145.6386760609724,30.165422179378986,1.6481646708428692,1.406645634539018,840.3358092259189,274.7924582664177,9.781379190428696,6.433251980820199,18.247828566976715,10.66600734305457,0.17489246276291,0.14926404115519298,19.44330633597007,18.16067727039055,0.6865006098907216,0.7742961653255548,0.790786786210359
stage1_soc,32,-0.4003244012317699,0.9062969890343638,0.27223940541776714,0.1852198986606299,345.5091929850759,16.507725784680723,1.681970572638375,1.3843586080309251,678.6377360812997,239.86266638671475,0.8246251674090337,0.964209821878695,0.8921568627450981,0.3830278686397923,0.2751180784018966,123.45532919570672,33.702531873043995,1.9615776213821583,1.6414981836489602,537.8146406176451,266.05809969843267,8.523985843252571,6.122537803446367,16.63024096340978,9.83527215816903,0.20814979666363898,0.17418505871284998,23.376523513559555,21.156119742223396,0.7772485021531604,1.413347214460373,0.779296875,0.45682277159128004,0.2950748175589979,144.4122062606726,30.444274501154855,1.720412149095183,1.4733651501956047,868.8293957068887,289.11192267398735,10.166233730583793,6.56665943526578,19.076810090398098,10.379983526318878,0.1825588929585622,0.1563438800899528,20.356647022782735,19.17077735560885,0.6422500435226159,0.7772485021531604,0.790786786210359
stage1_soc,33,-0.3723322401220056,0.9019694135768511,0.2636770311975605,0.18231397026057977,338.93829114942093,16.843690452797468,1.6743555681562212,1.3779466940167184,670.6518336474974,239.26242385913258,0.822866304217583,0.4841668956420001,0.8970588235294118,0.3212463347296817,0.22951344360469603,95.65738650579242,33.260864358687506,1.858701961095896,1.5582127807771458,492.911921973931,260.98864721071936,7.149086094327355,5.107642300467668,12.184609365796682,8.610925042556428,0.19723330397081618,0.16534735609846027,22.16087322430523,19.869553549691663,0.8006849231105073,0.9379594922065735,0.83203125,0.3971794679152027,0.2417397485278343,235.3708496065748,24.278654302818275,1.6686794403320966,1.4243902725647786,839.7872049448267,279.5889017141007,8.838918624283247,5.379729160492278,13.823125597507126,8.820938711489427,0.1770693560202746,0.15114698616673394,19.688973411013723,18.80345566406713,0.7128774096254392,0.8006849231105073,0.8006849231105073
stage1_soc,34,-0.4384392798395052,0.9076906150291562,0.26569325026441837,0.18024987554720273,336.46994684107864,16.382845840743588,1.6849420516645899,1.387155415641101,674.0395758581935,240.68394026176722,0.8279826399498307,1.214531515158859,0.8284313725490197,0.47453299554614753,0.32746382440696015,169.6146751910525,38.71313234167471,1.8655688630315423,1.5932327259112806,511.98426938674737,248.99065747641066,10.560360922446405,7.287451467525645,19.89512674669044,12.647235362323588,0.1979619747233948,0.16906344379205138,22.5019568397678,20.289534132400732,0.6860714738851754,1.3544517755508423,0.76171875,0.48011083317369313,0.29978213546723964,282.47804425178714,26.165461833560347,1.6493505587447868,1.4114164907150553,831.4047203098906,269.1660681272787,10.684491339227835,6.671417116089461,18.355374324490814,8.963264346604026,0.17501830143631214,0.14977029323113883,19.498049207528755,18.28407140992762,0.617685500047892,0.6860714738851754,0.8006849231105073
stage1_soc,35,-0.4215252171011479,0.9072871969780321,0.2612102288775674,0.17981079757902957,342.7871250271335,16.11831272776755,1.6760507176339507,1.3790490407333837,669.2508058673264,237.86119116349602,0.8289241283147618,0.8490531748416377,0.8676470588235294,0.3418212780559681,0.23319402001980766,104.72695504445626,31.79240343944396,1.9116797244203185,1.6119790423442335,513.9592896426501,255.93237830283954,7.606965376745631,5.1895506518595225,12.520096740721561,9.882134400062057,0.20285495796170078,0.1710526803693742,22.8905468900939,19.991122755922902,0.765100675406739,1.0921777784824371,0.828125,0.4007252957643239,0.24813411623563297,146.0153539578261,24.829465546060742,1.7247647371571213,1.477336897783971,865.9991453976684,289.70692800775845,8.917828251658023,5.522030816012508,14.80981936021072,8.746388069329214,0.1830207611559648,0.1567653359854046,20.408296245864218,18.70241657242447,0.7079074112707029,0.765100675406739,0.8006849231105073
stage1_soc,36,-0.4543362751247361,0.9095243334433565,0.2618684792759127,0.17803184310876943,331.1709635320905,15.920702427055403,1.6735143209380992,1.3751341217945932,668.85861017755,238.1791909824738,0.8309637896605827,0.8775721776719186,0.8578431372549019,0.38241262250443114,0.26881249648902344,136.74803032791556,36.39812540647449,1.8675906311755857,1.574869411833146,528.5260751552162,245.69672423467344,8.51029402138447,5.982212006397521,14.556688917442866,10.19601836992741,0.19817651154492885,0.16711484892138753,22.362902705786773,20.955877803369447,0.7431193505035726,0.9979648590087891,0.826171875,0.42349649475770285,0.26804920374343055,218.9066376217267,24.822720399265197,1.6954239314947113,1.452672474209976,881.7643931960889,286.1597298038307,9.424583487361215,5.9652255229314575,16.566302053617637,9.49307727196555,0.17990730662528212,0.1541481085579549,20.060807022349948,19.19594793834598,0.6991229265726892,0.7431193505035726,0.8006849231105073
stage1_soc,37,-0.463457020901128,0.913228444640041,0.25827806812548476,0.17660915795751916,329.6184368279984,15.966676478513628,1.6810446232421727,1.381615213476001,672.3388756987897,239.06565536318095,0.8357450242023956,0.7469828479430255,0.8823529411764706,0.3190171145774117,0.22747409121845574,86.30154969699645,31.038207827501708,1.9081092843705552,1.596628240656619,523.7088863796921,259.79728164724565,7.099476542189747,5.062258107063027,12.146597708124347,9.149349193892139,0.2024760861993719,0.1694237536243549,22.72776889008696,20.748260451538194,0.7866478068032471,0.9845143854618073,0.802734375,0.4120240590959984,0.24842344832268282,233.1735972664582,24.20063191705325,1.6882091423492922,1.4451090821894468,852.5524059429299,277.4365750453833,9.169273398528071,5.528469675468791,14.133753557789436,8.827323928130618,0.17914172035573048,0.15334553082970204,19.964623471260317,18.785301340328505,0.6791271572712005,0.7866478068032471,0.8006849231105073
stage1_soc,38,-0.4783985239534255,0.9148421168445373,0.25603207807986317,0.17384827743139517,318.8498411809441,15.615666320303342,1.6818568639954377,1.3821392303381392,670.51271210392,239.47556369939457,0.8380324934205784,0.3239813353501114,0.9068627450980392,0.3225269540707094,0.2182600244961898,82.64038668439122,28.070511590652522,1.8457351546754859,1.551828345685613,502.6607188043376,246.56487350584558,7.177585276834049,4.857206253843332,11.334930646048281,8.890159275339776,0.1958573512221896,0.1646698815740627,22.060501443867327,19.895851889321307,0.8101046588768264,0.7233226448297501,0.853515625,0.38582131706021733,0.2191432529962185,97.93247645484433,22.322670587703342,1.67042694866016,1.4231118376847007,850.9718820830196,277.7062226457009,8.586151854499008,4.8768618137829725,11.92941480908479,7.8699272281339026,0.17725479018264953,0.15101132701287984,19.676632613170117,18.544342319977584,0.7377692298819348,0.8101046588768264,0.8101046588768264
stage1_soc,39,-0.5062013680524732,0.9178127406755419,0.25357255807653273,0.17189024254908028,322.6149521577137,15.504984860256904,1.6618757569342408,1.3656393877523743,659.194119937361,235.79909989355113,0.841740973252582,1.5057727636075486,0.9215686274509803,0.47187539291473274,0.34500066786730554,180.78003124374044,47.69306088130254,1.9045709077903303,1.6054264491095263,521.6894773323812,260.2501855782675,10.501218053057771,7.677720211996294,21.526985709949944,13.467686877127115,0.2021006168028694,0.17035736200187435,22.792736468866924,20.057762636499504,0.7800060095765605,1.819035291671753,0.826171875,0.5231988290912016,0.35802836709808616,195.78096110535415,34.42281144914742,1.6759150930977618,1.432105457795842,832.8871309557265,277.5855393697967,11.643381010935684,7.967641475970323,23.787306837349675,12.41051465756484,0.17783715620084595,0.15196567119839569,19.799083314390042,18.54395076091478,0.6692122262726395,0.7800060095765605,0.8101046588768264
stage1_soc,40,-0.4663408624623988,0.9133017933766091,0.2525514330768595,0.1721884536788014,323.4634040096991,15.503791825673064,1.6634313798933746,1.3654384810726694,662.0595362127189,237.25602175265809,0.8375363634535513,0.6138584122938269,0.9068627450980392,0.38547099749629293,0.27933861770868007,123.24808337287674,40.226236714738896,1.8626201705746341,1.5584217581678839,497.2444159982471,248.19135309842437,8.578355766412491,6.216462606959153,15.101249561683689,11.70454209705466,0.19764907875198964,0.1653695314133269,22.178458128466257,18.937929388460738,0.7912214458491513,0.8338694199919701,0.830078125,0.4317631587280993,0.2705053217978275,174.20322900664854,26.269840154921894,1.6473013228173288,1.4084006886478164,820.8607849596599,275.9702999150635,9.60855163282494,6.019884510538245,15.791570854719268,9.996263511583145,0.1748008499131266,0.14945027602650165,19.46414213165263,18.023510802423473,0.7005491773815702,0.7912214458491513,0.8101046588768264
stage1_soc,41,-0.5002216628340425,0.9182895074632339,0.25212857784097203,0.17122226662644494,326.08108955685424,15.378883609444557,1.672025138013088,1.3734755843704145,661.309652004647,237.75798321729283,0.8426509341109423,2.1379214548597147,0.7941176470588235,0.40079626852045014,0.29167349086435257,113.6632733192427,36.93305614549564,1.8916820208428895,1.5826470596241016,514.3441721197863,255.6513026553809,8.919407694873536,6.490965568142237,17.461104863482408,12.297356199780175,0.2007329323594467,0.167940162071661,22.542923021508205,20.12859358955626,0.6738787665026884,2.174940526485443,0.7421875,0.47704243509772676,0.31258916567003325,197.9351321807582,31.76905239588482,1.7021513648389743,1.4538247474483796,847.1760866503585,283.07854937587456,10.616206538297078,6.956427563319825,19.070749127126895,10.44110345625411,0.18062117788248472,0.1542703802629643,20.093885333726654,18.683558484208678,0.599074769470682,0.6738787665026884,0.8101046588768264
stage1_soc,42,-0.09113092991841194,0.9055268273003998,0.281997478106101,0.19250584956162284,356.81729822140414,17.22582038271021,1.7268127096643922,1.4298188179739157,713.0364280152813,250.9287724788008,0.8209275838685695,0.471401151488809,0.8774509803921569,0.35604561332913437,0.24138938696762802,102.96780646488344,28.50961213066944,1.8904220553090754,1.5906440225594185,515.0704042567735,257.481557485138,7.923516840556143,5.371932137811334,13.166992121583652,8.539728084670053,0.20059923305190575,0.16878874751164982,22.605923464572243,20.87845553783594,0.7706372963934165,1.1113553792238235,0.759765625,0.4157905834126488,0.2510810254352691,144.59350886886563,25.61505521137717,1.6913362332573578,1.462045373955334,861.9614414030289,278.5950471038491,9.253094453292073,5.587611976955843,14.745273183515412,7.976546366670543,0.17947354680479244,0.15514269941935055,20.157824367462347,18.95046088236665,0.6350284499762053,0.7706372963934165,0.8101046588768264
stage1_soc,43,-0.5089289493615352,0.9251842887006271,0.2406304524208211,0.16311279118916613,300.34589171830515,14.77613257205658,1.7216808503910743,1.4197790970596897,697.0179022263068,247.97186642850414,0.8529951529743808,0.6217741966247559,0.8529411764705882,0.34285124923630766,0.2478372655516746,128.09383745439652,30.807530114582214,1.850120102587204,1.5630993511454732,504.992654729369,251.39668643861268,7.629886580341989,5.515424636058534,13.757631061040815,9.507322047452924,0.19632265323535267,0.16586588700820487,22.174081366137564,20.053661809253907,0.7500858016996959,1.2106641829013824,0.783203125,0.4085627749882399,0.25288408987762523,250.63408193426702,24.034452873964547,1.6584695727268615,1.412263262878696,833.2803543831839,275.5245033904912,9.092245226038214,5.627737766851224,15.026245441225544,8.75950701945468,0.17598595159985972,0.14986014715879428,19.532150279941312,17.96107113427106,0.660634292503528,0.7500858016996959,0.8101046588768264
stage1_soc,44,-0.5811494463421389,0.9263945428539994,0.23776591123104757,0.15988576609266744,295.51762226075846,14.079342860291533,1.709745900233771,1.409527786414415,692.3575286849876,244.07889021289876,0.8550647694846851,0.61986865716822,0.9068627450980392,0.36535319408105926,0.2600352824140596,134.10918491000788,31.77804786416054,1.8726800000213715,1.578300980522352,521.7460987118898,239.61166068657278,8.130649775415641,5.786881967400935,13.72857827207003,7.9404462099709905,0.1987165621036471,0.16747898456257224,22.413398079212325,20.012663091383864,0.7972567868737215,1.0803911089897156,0.830078125,0.43438732999454166,0.2768641556467628,259.235406874162,25.898640436682406,1.6622684740970366,1.4172643486017478,820.2864643046205,274.33674363198486,9.666950513315957,6.161395387802617,16.716166501832955,9.64464171697923,0.17638906618432873,0.15039082968953052,19.598980521125732,18.172960870203326,0.6997619260016374,0.7972567868737215,0.8101046588768264
stage1_soc,45,-0.5659395856050154,0.9236072908644148,0.24529193540828623,0.164823391747589,301.28905090265147,14.764835186211211,1.698678289208328,1.3997756232090726,687.7696774143548,242.95803779892356,0.850019710241929,0.2721463196417865,0.9166666666666666,0.30413127081021746,0.21615778565333754,92.0219302054719,28.698727156031993,1.8750929258493303,1.5695375930152686,508.40033687147064,245.99077706571413,6.76820372387751,4.8104225714986395,11.883470713943048,8.48616384439702,0.19897260602206218,0.16654907115624026,22.330200642778344,20.405996455565244,0.8254272854236014,0.8126494288444519,0.818359375,0.38570992556201117,0.23226821767821093,262.5992602915367,23.21459725400294,1.6719396481169035,1.4269704667749465,810.761736231862,277.2314838558939,8.58367292376966,5.168947644351361,14.101825112929905,8.737315490899693,0.17741530796226843,0.15142077951263314,19.730842755709407,18.13778568898092,0.7026463973313967,0.8254272854236014,0.8254272854236014
stage1_soc,46,-0.6229048394114594,0.9284116331096197,0.2383532368262826,0.15951800607946295,297.74572123165615,14.112334879798816,1.6791817970927643,1.3813697322519973,673.7144141415195,239.10517295116293,0.8569056620617349,0.21932546473016926,0.9362745098039216,0.3175305906607485,0.22866074479751142,93.64084643150719,38.28035111516817,1.909837247048947,1.6052405869259554,528.6095517018164,255.78049709885283,7.0663951142866255,5.088666154980366,12.519466955308195,9.547834712711946,0.20265944630515054,0.17033763952171546,22.822176372288258,20.85255710981498,0.841015332605697,0.6657136827707291,0.876953125,0.4026680058041608,0.24343131178829935,158.89661299296392,23.316122253349548,1.6974470996788493,1.453677026416699,854.332389583715,278.07659394071175,8.961061745178796,5.417373578733631,14.308649258133201,7.835106322736509,0.18012199200992063,0.15425470507256034,20.07844168700172,19.18554728480267,0.7561527232587517,0.841015332605697,0.841015332605697
stage1_soc,47,-0.5983872189049446,0.9284849818461877,0.23993897195795943,0.1615272091134143,307.3776502786434,14.535136870815037,1.6894374452896324,1.3914103007123924,679.7268945773656,241.3662751502434,0.8565032902587998,0.8833428177179075,0.9019607843137255,0.35010029542673865,0.25163690061034527,144.50762821992623,35.063502386176275,1.912973345215714,1.612920912019178,530.223608633768,260.23067938570534,7.791208437479302,5.5999825445069495,14.65586692041868,9.586410072993143,0.20299222854563603,0.17115262542338908,22.903541931684373,20.746501506645643,0.796930695685704,1.1767969727516174,0.869140625,0.44834116053208223,0.28996295198339794,168.62651295613284,29.673537379857486,1.696816754650793,1.4548743969426141,876.5903820307612,277.9300002446729,9.977482105660735,6.452898862298172,18.30441172939953,9.915201411080954,0.1800551039153647,0.15438176220697272,20.093337052555768,18.981052457019988,0.7346382768403753,0.796930695685704,0.841015332605697
stage1_soc,48,-0.6470129279827667,0.9296952359995599,0.23627115371367108,0.1576792067764567,294.5539890213177,13.982068202103845,1.688342095876159,1.3892699426722688,675.4793807954455,240.53915168398058,0.8588138898854586,0.4146607670129514,0.9117647058823529,0.334553115131412,0.24110993439349912,106.96892307121294,33.02200139852031,1.9001020323686924,1.6080496788901442,525.9847537340285,253.90342641974433,7.445218091631939,5.365713139193311,13.071324962781423,10.200108810553429,0.20162640895088868,0.17063572200123694,22.812667075721592,20.426558137176386,0.8113987713429294,0.8453572541475296,0.845703125,0.39310691812864856,0.23248276593039918,119.98209157721122,24.34539170315096,1.7037906176484927,1.4592169034658582,868.92172975332,274.98688366477245,8.748287211875043,5.1737222480136005,12.937468720315511,7.960011220227302,0.1807951246767702,0.15484256061738022,20.161988434318836,19.2688758914176,0.7277710495614055,0.8113987713429294,0.841015332605697
stage1_soc,49,-0.7333255972970493,0.9367367147100891,0.23293564359485788,0.15447982550941536,280.75755978615615,13.640687632286417,1.6897065049546767,1.3911530912136543,682.1273142393973,241.94584162505674,0.8668560216316318,0.7808407545089722,0.8823529411764706,0.3670972143915079,0.2650622208967951,127.4051025014753,28.403842497356095,1.8540876658812533,1.5581305945912998,484.3721014170322,248.36459863087043,8.16946158430412,5.898752554295581,15.016103599099361,9.446005558231334,0.19674366512083932,0.16533863503757237,22.15325098844729,19.586527836684482,0.7722237768590182,0.9811485558748245,0.857421875,0.417389755838477,0.2598902608242497,134.18047720653107,24.709951128072802,1.6326466606275336,1.3834468945060507,810.3064178040355,273.89717377136867,9.288682785720955,5.783654625268117,15.422742345883496,8.89143378842126,0.1732457929417737,0.14680234248567398,19.154842185745895,17.4418273915512,0.7322049482484569,0.7722237768590182,0.841015332605697
stage1_soc,50,-0.5007753406511997,0.9239740345472549,0.2504300769409963,0.16849744581789833,306.9637959253606,15.130031086703436,1.6826442773012047,1.3857386595894952,676.1697676736782,241.78905475574118,0.8488450114649561,1.3325580568874584,0.7598039215686274,0.42051618880760594,0.31727579484839796,186.89908116049114,44.59225124536054,1.841296659012156,1.553983441316614,494.0008238391272,231.27979441910583,9.358259107839164,7.060724832630337,17.88689622742913,11.721154501583033,0.19538636707160392,0.1648985662371083,22.04426630171455,20.193035956588197,0.6336490649263457,1.559289425611496,0.7890625,0.47977270584803755,0.3242053543890506,197.42728327097615,31.167660385528336,1.655971878450191,1.4119425412864075,817.4648649675748,271.6095235520552,10.67696657987458,7.214936764086549,19.641918416938037,10.84973781601647,0.17572091260769862,0.14982611427959908,19.514151214282744,18.532423421505154,0.6451306882455887,0.6336490649263457,0.841015332605697
stage1_soc,51,-0.44416388061353773,0.9181061356218139,0.25271323183601435,0.17188667932897198,321.87924260841044,15.504224891536467,1.6915644820220728,1.3929233255206575,681.4102484901478,241.77054256738,0.8422921660710095,0.9026197709289252,0.7647058823529411,0.3466155211149433,0.2558724265728219,110.85580111400999,35.83779830253853,1.8904236486827446,1.5931119330081285,523.4370271048878,251.54718797116277,7.71365750885847,5.694240864328665,14.438338052577922,9.941034995344332,0.20059940213030555,0.1690506260386495,22.627473749019426,20.470017750499423,0.6607212260184582,1.1774847209453583,0.806640625,0.45562208125286235,0.28050015478766,146.70952929074923,26.349583787849845,1.6433301524862405,1.4043067914099083,840.615630261469,272.01831475608753,10.139513305557939,6.24231170679828,16.672716606332234,8.596713916279779,0.17437945527244433,0.1490158584085886,19.40425236540802,17.952403077582822,0.6699540006241413,0.6607212260184582,0.841015332605697
stage1_soc,52,-0.6037191710583328,0.9314922800454762,0.2449366987863134,0.16443895555517812,310.0475774965229,14.595061418666507,1.6857486331259364,1.3899418207769885,681.3570582243261,241.66563333300388,0.8580112704095822,0.6334158766503427,0.8676470588235294,0.43620382413393927,0.29355075817518667,143.49069085799914,32.72974580344764,1.8671589995228663,1.5772476539600129,521.0937445051994,247.5828239773606,9.707375170622386,6.532742684878875,15.958145216548496,9.645838301489546,0.19813070961500892,0.16736721243212913,22.38269132852312,20.484824961927785,0.7367859115833477,1.0893364250659943,0.830078125,0.45112712303144603,0.2980520211349358,197.0196261037058,29.548931486849135,1.6692169326550856,1.4291768719922402,868.406554089245,263.2888969049958,10.039481523584923,6.632914773875726,18.267000877744614,11.194169694462577,0.17712639119263737,0.1516549088136259,19.736362361262092,18.983276501738146,0.6947399880905663,0.7367859115833477,0.841015332605697
stage1_soc,53,-0.7252593893713127,0.9380569919683134,0.23475752539161895,0.15563680477102199,287.6945232577197,13.736272382584536,1.6818626563230101,1.3860582723571064,675.2626818326249,239.72813098554911,0.8676297343508277,0.23695783331698062,0.9313725490196079,0.34869384172666545,0.2380737032394345,122.906299812519,26.074466891346475,1.8771172675210304,1.5809806642286919,512.3498623775819,249.92882175137342,7.759908909663772,5.298144187967916,13.527570503189782,7.2909760934397605,0.19918741592953104,0.16776333508355973,22.453414220983305,20.276438909718255,0.8267643965016083,0.6860834285616875,0.8515625,0.40692053480735674,0.23945598510181298,154.97459273853883,23.375379596288425,1.6978018679595859,1.4653880388723337,879.6405681319122,287.22967147130703,9.055698454382199,5.328905790428179,15.01638988162922,7.885157988498383,0.18015963770117094,0.15549740117328775,20.205154542564046,19.52458807572056,0.729486339557793,0.8267643965016083,0.841015332605697
stage1_soc,54,-0.7689983912215889,0.9411009645358859,0.2296000944955073,0.1524226042696159,288.7577031025866,13.562115983793122,1.6753092940864012,1.3765643501168097,668.8009261585499,239.17172750020632,0.8722209361872337,0.39177438149265215,0.9411764705882353,0.3240540451823212,0.21069754904829988,94.71299915524875,27.551210547328946,1.8620994499770458,1.5679255398172958,500.62052302334445,246.46172303550398,7.211569495953566,4.688909273556551,10.920886324790194,7.747070913520883,0.19759382328550942,0.16637801060696025,22.272527845703888,19.21320433974499,0.8439602570335389,0.7574639916419983,0.861328125,0.37433069093006666,0.21589857683466107,137.40366941067643,19.237264917718214,1.6782094164090293,1.4294537997702719,842.0183246075458,277.8115190216308,8.330436951008206,4.804654081835759,12.543718172819917,7.009811492069369,0.17808061479535442,0.15168429457948063,19.77183167219667,18.650633150010165,0.74902891772098,0.8439602570335389,0.8439602570335389
stage1_soc,55,-0.6725954576027766,0.9370301096563611,0.23651672214983116,0.15704475795660183,305.8500777965364,13.826888134966536,1.6644287772043773,1.3669386625351534,660.2091415334603,236.23569288077476,0.8660750930114118,0.3453563031028299,0.9313725490196079,0.3071707934951981,0.22251085979023985,94.35996199400478,26.05799742043704,1.8913282196539307,1.604153602877084,532.5836180102403,258.5457166217984,6.8358459255507915,4.951805270873491,12.451786399801067,8.935558908123355,0.20069538928965516,0.17022229587878085,22.752440777454044,20.14054053999839,0.8392213109710485,0.6614547595381737,0.884765625,0.3967383163345707,0.23163550582285097,151.92421456641443,23.37871009945288,1.6722395915594412,1.433701919952,834.531966183973,278.00407427621354,8.829101140658912,5.154867136535836,12.581122519628945,8.047617912215323,0.1774471360000143,0.15213507732821854,19.79466768916672,18.425029962208473,0.7657441300996288,0.8392213109710485,0.8439602570335389
stage1_soc,56,-0.7936642740095182,0.9450617963105585,0.22711071754331383,0.15041823228269716,279.98992028666015,13.17130191182431,1.6649945098135852,1.3699377317625867,669.5540847206803,237.86192608956887,0.8769285810475644,0.5835093785734737,0.8872549019607843,0.3783156799343019,0.24561292878078186,118.34635339990196,31.726109951438882,1.8447120030530417,1.5563000900780453,502.13738982043856,238.5032544055994,8.41911976664312,5.465923759756642,12.23021095409886,8.96530054616166,0.19574878105915025,0.16514439386247304,22.092576004537943,19.27355718615109,0.7737601979804937,1.1824366748332977,0.833984375,0.40777915139938137,0.2392661000976659,154.30892811678493,24.140921908292302,1.6218260735717247,1.383917770210246,805.153957993607,261.41809601424285,9.074806295545793,5.324680048074381,13.382865626669277,8.128073544390764,0.17209758296481606,0.14685230873784452,19.137449454282894,17.328174497456363,0.7116506295801857,0.7737601979804937,0.8439602570335389
stage1_soc,57,-0.7522612817742038,0.9382403638097334,0.2359357177239667,0.15576422068881954,295.95555737738204,13.683365955916296,1.6653375752441866,1.3686817348435525,665.059810941759,236.76894918911694,0.8674596484925434,0.7768570254830753,0.8970588235294118,0.4778657941978257,0.304609292177666,105.0853877238153,38.75314261919583,1.8433409552108575,1.5636933234100248,536.020463634472,246.89469037819833,10.634529751535007,6.778841715790144,14.220623819489639,10.549147746707092,0.195603294423059,0.16592891546282348,22.167327957068984,20.63529485363602,0.7536990852700641,1.408196598291397,0.84765625,0.4840793576547135,0.29808904218225507,204.62471175804,30.76132003866349,1.6627483628742434,1.4298515200280235,839.5681184559623,281.4766030716079,10.772807749767223,6.633738648348288,15.155756428937249,10.039629720418027,0.17643998884489945,0.1517264980538054,19.73098583739437,18.695342368531673,0.702432442703586,0.7536990852700641,0.8439602570335389
stage1_soc,58,-0.7456500413293916,0.9456485862031027,0.23574323384414628,0.15505367420854324,292.57593278898776,13.501380530442866,1.6666187478788939,1.3712199938306917,672.3195571638233,236.935359586484,0.8749256160498587,0.9767006425296559,0.9068627450980392,0.390551950690164,0.278146459857988,145.6290853083897,38.60900090517589,1.8721305753312958,1.5855175982795509,520.4234866623092,254.24588178073955,8.69142840848574,6.189932065778666,16.968474045205227,10.840124206366044,0.19865826074647686,0.1682447648724545,22.497023016117428,20.231037490245747,0.78969715989099,1.3185855448246002,0.84765625,0.4542041768288008,0.28816729265236063,140.98714255839795,28.145363863176172,1.6874831817152072,1.4424893687028089,826.222316275675,281.0569627286659,10.107958950829897,6.412937867367382,17.5753796301655,9.565624577273343,0.1790646861579891,0.1530675439564747,19.93741611298592,18.198705889487158,0.7113949969513598,0.78969715989099,0.8439602570335389
stage1_soc,59,-0.6724215144676864,0.935709832398137,0.2436522642756948,0.1602937395686863,301.489813103635,13.895268983140513,1.6764962915112849,1.378964852258398,671.8511983165164,239.04722398811086,0.8626141531154286,1.2643143055485744,0.75,0.5021039947435576,0.3044695761419979,143.72323083573775,32.166489797210374,1.909323246020281,1.605329873076841,532.4965761528421,252.53574599911155,11.17393196018221,6.775732444617946,16.465276951199186,10.87580884329543,0.20260490387540647,0.17034711398448926,22.80560952214074,20.07334135205495,0.5993688015769327,1.7999916672706604,0.736328125,0.5098371764425624,0.305571942943061,279.77433088739195,26.942051747584095,1.6921599707640522,1.4592685633469955,868.522959517245,276.3245694938164,11.34602787466411,6.800264756169329,17.6293337941129,10.304694136099712,0.1795609564452031,0.15484804242632683,20.125402798901426,19.399245355053257,0.5833769720672313,0.5993688015769327,0.8439602570335389
stage1_soc,60,-0.7059804049835621,0.9289250742655958,0.23761155544615056,0.1579626026468923,288.6099845133591,14.090544986600282,1.6660228845856317,1.3693890967754208,673.2954144093371,236.8833438961122,0.8576416076317506,0.8773844510901208,0.8921568627450981,0.38935823188456403,0.25350881038306683,116.11785143768844,26.836693419679424,1.8921761278387779,1.6166316397926386,525.992999457526,259.03797929500627,8.664863129473815,5.641640433420329,16.751129654990088,8.49272936338501,0.20078536376445624,0.17154638360206145,22.85608779724848,20.605033148261427,0.7753493931797288,1.0251925215125084,0.845703125,0.43568011324270417,0.2560904154124728,127.48565333988513,23.745639563574557,1.6754058934634748,1.4252619847320602,847.757138082761,284.16481639030064,9.695720394068667,5.699092035575734,15.73219214386282,7.288229892882935,0.17778312326369236,0.15123948656457242,19.721976685936838,17.882540018666113,0.7149990910271887,0.7753493931797288,0.8439602570335389
stage1_soc,61,-0.7633944806186271,0.9398907103825137,0.23771823063146813,0.15666588988433938,299.5426348165182,13.691533982457033,1.6741192988052374,1.378706559709688,672.618699392136,240.18267088429997,0.8685752411930733,0.47555559990452784,0.9411764705882353,0.33907484440538305,0.22304617189893536,119.05119675125631,23.758438208575825,1.8797115546798506,1.5833765074026351,511.1248511402289,257.8390013917991,7.545845642455394,4.963718223454321,12.454860916012253,7.253678680048296,0.19946270472703223,0.16801756630237988,22.49722492418039,20.04112086042283,0.8394540172666204,0.8150379508733749,0.890625,0.3858102145315867,0.22415688616456464,111.34023355343523,21.431269798690636,1.6826470394885578,1.4414888197861728,835.7011529379859,281.21545215166225,8.585904776402034,4.988436301305272,12.776524749316193,7.954027553831009,0.17855150635305014,0.15296137224484851,19.915683851384124,18.682608188140875,0.774881935640524,0.8394540172666204,0.8439602570335389
stage1_soc,62,-0.7425969267696351,0.9398540360142297,0.2287912569151813,0.15235769304505675,285.27353461362765,13.50661785907095,1.6732180015270703,1.3766465500261778,668.6122306117201,238.8768141152954,0.8712166589396753,0.487597443893844,0.9558823529411765,0.4101645619254424,0.2755347616860972,125.61916782543098,28.994028122651194,1.8627988120161993,1.582459380375404,511.83557138736353,253.751152271521,9.127891742374235,6.131810764257963,17.140017231229592,7.458344969809483,0.1976680350142003,0.16792024677642692,22.41679827038494,19.864560650689974,0.8328329843635438,0.8669237196445465,0.875,0.48379860649112005,0.2961234133763355,173.38110548293554,21.199928394725006,1.6752884587199948,1.4440874531646841,835.7455610684603,283.15724139771976,10.766559852055641,6.589995115601576,19.336068648694166,8.385926643763636,0.17777066185624657,0.1532371222347772,19.920978280830028,18.771856552226232,0.729860418052664,0.8328329843635438,0.8439602570335389
stage1_soc,63,-0.7476529546813497,0.9426046136355302,0.23237861266160154,0.15300101047689946,290.8036979322637,13.393595804975522,1.668048435409303,1.3726307028084752,663.7741314327246,238.1648650554581,0.8728910298370497,0.7180696760906893,0.9068627450980392,0.40129487461738206,0.2740929930872631,125.63861490757525,32.89349595588094,1.8710019949945693,1.5885324400721812,505.23951899418114,252.03569385110552,8.930503783851867,6.09972533097252,15.90264043778082,9.070086929849632,0.19853850317734098,0.16856468017902637,22.499567318077727,20.733704527626394,0.7864742827128246,1.00262351334095,0.873046875,0.4117703649733742,0.24833837278947613,157.7622946766046,22.87044370662818,1.6807534896736285,1.4476874212050461,853.1641771068134,282.63421711622846,9.163627634115564,5.526576385972033,14.435147687212003,8.21048987946287,0.17835057522258982,0.1536191273144788,19.971386520032944,18.499598783971116,0.7495157655079877,0.7864742827128246,0.8439602570335389
stage1_soc,64,-0.771396270547452,0.947298932775883,0.22765243791200276,0.15027111977721916,281.35693054425656,13.266132163051733,1.6664068292947742,1.3702133424456726,666.1609687220639,237.60338407652793,0.8790032014022822,0.8959818564209283,0.9313725490196079,0.41328143392429806,0.3037573308935024,161.04889538591982,41.725953344585676,1.832230137934076,1.5600818350326782,511.2206542017128,235.88627021935798,9.197255292571835,6.75988198330123,17.71319661350855,11.130567447051234,0.19442428711194415,0.16554568792025595,22.089672398792917,20.669654004746914,0.8073881188423184,1.1723950505256653,0.904296875,0.5162966246528448,0.33909392852183373,233.52842213832145,31.421262575816442,1.6685037308806807,1.4287313721506507,848.88238479188,267.24383336011033,11.489777845900408,7.546270344550921,21.043657782255984,11.0584036722675,0.17705071088169563,0.151607635282143,19.742663707487583,18.630531261447366,0.7494078876041466,0.8073881188423184,0.8439602570335389
stage1_soc,65,-0.7793354326844429,0.9409909414310339,0.2334320418830798,0.1543748722132239,289.71674073481955,13.608992691101959,1.6649149415428957,1.3690745043483437,672.307714793103,236.62097307628605,0.87096132886611,0.3364380621442608,0.9117647058823529,0.2993566940846567,0.21398838251536967,94.17328160871793,30.18306995223741,1.872082738410552,1.57682147198448,513.6443465862278,255.47247333828665,6.661949250643666,4.7621442002615435,12.049296719225557,8.766250550732455,0.19865318460510106,0.1673219887863341,22.405029297138544,19.99140785155306,0.8219576976569559,0.6700834333896637,0.876953125,0.4020330325245573,0.2380199452618399,125.62171112148687,21.878601929196744,1.687301325348772,1.4409471726758056,849.9381563164045,280.0327069813649,8.946930911134253,5.296947846193607,13.511860356604874,8.169484508935977,0.17904538874896342,0.15290389619360414,19.908471224536257,18.367957191120002,0.7563432152426328,0.8219576976569559,0.8439602570335389
stage1_soc,66,-0.7880445954084143,0.9426779623720981,0.2376007935150263,0.15469784142361495,282.52574194428513,13.672821019013098,1.6653605632694806,1.3701890470265985,672.1177241477659,235.53006380557292,0.8713977243175902,0.36959638548832313,0.946078431372549,0.3494003435204803,0.24347907797816923,130.3317531756563,30.523812800942167,1.852539613527082,1.5626434895629977,501.18985432729926,244.13114342460284,7.775631554885637,5.418436577955288,14.271484178538472,9.300584911649546,0.19657939592280557,0.16581751395650157,22.196930859137055,19.944115581110577,0.8412583283164049,0.9004261791706085,0.873046875,0.42034374895322574,0.2584971265914646,227.9097741664853,24.515301370407727,1.6626749789179476,1.4200335226851166,811.1353126631491,277.7978268616143,9.354421593658358,5.752651511786632,15.54860672543334,8.107272326706546,0.17643220181908165,0.15068467634443544,19.62749606418366,18.703705064297452,0.7469437503140323,0.8412583283164049,0.8439602570335389
stage1_soc,67,-0.8436789327352079,0.9405875233799098,0.22249758792267751,0.14614563717394505,275.11888636078584,12.944494367669817,1.6664318010724446,1.372096016052234,668.8527790695133,237.39021717502814,0.8738382470031065,0.8731556207525963,0.9019607843137255,0.42092796723661535,0.2916642860783374,140.70245000242045,31.278990203318596,1.8766115616197168,1.5980747621141227,528.709934820052,249.17350231061923,9.367422914932098,6.4907607228239,17.4385357663876,10.34021346684943,0.19913375372448616,0.16957724902722196,22.61893372757584,20.80292412027461,0.7756823941427409,1.1961166560649872,0.86328125,0.49432162996460083,0.3011321011472319,180.88249608816716,24.316172248953464,1.6713395859044704,1.4316928477855981,846.8153710502473,277.24936227233434,11.000741514697319,6.701459547168939,18.02034178493666,9.42099341942891,0.1773516332821834,0.1519218877208532,19.762261672948362,18.865463924151054,0.7149847610106197,0.7756823941427409,0.8439602570335389
stage1_soc,68,-0.8883676920395596,0.9464554223053507,0.22040969219630258,0.14291369919111493,274.05340200222713,12.437047326867198,1.663470278337759,1.3662356493265917,666.5694882637914,235.7601775962919,0.88033251464646,0.4744362077292274,0.9068627450980392,0.3649961231906776,0.22359909579230874,94.3019847297348,25.438291388857394,1.8347033310495648,1.5354619445461852,490.6879514799679,238.6688026596351,8.122703441835634,4.976023112537843,11.534426660456681,7.238233598181786,0.1946867262010158,0.16293318605299179,21.834509282576686,19.427466002381934,0.7973639081408359,0.8398262858390808,0.875,0.3939157676510569,0.21997973491124867,144.84568464079808,21.393147045064673,1.6369599147514544,1.3790096952361637,790.2155979512927,266.99104399100963,8.766287525802106,4.895477065010446,11.799859784739137,6.907228195656975,0.17370348727875337,0.14633149589988745,19.12375350738615,17.31322284062977,0.7568252697046829,0.7973639081408359,0.8439602570335389
stage1_soc,69,-0.6256197387595842,0.9431547291597903,0.23943309808062227,0.15976804651724946,306.0897121954779,13.99997103393311,1.6654307185268438,1.3684916297774365,663.8544555749668,236.50510693956818,0.8713247997356036,0.8867554395806556,0.8627450980392157,0.3689974547125975,0.2614972829343934,132.7792989356199,34.01498379661468,1.8602242250222876,1.5667248524579347,502.50777111718173,256.36069023863297,8.211749947428364,5.819417646286152,14.784388008344534,9.874086188211155,0.1973948366694425,0.1662506015118608,22.244376427237423,19.126597318086326,0.7520458616254365,1.1083936542272568,0.859375,0.41324325840659054,0.24080996772136132,120.28343170238378,21.523778017058035,1.646348978100724,1.4073079121662886,819.6795201171715,269.52052222605204,9.196405726263118,5.359037615357851,13.740081144408556,6.906815531780545,0.17469979331615373,0.1493343177284719,19.446260242139708,18.12501843296623,0.7354020224780229,0.7520458616254365,0.8439602570335389
stage1_soc,70,-0.8451158876408924,0.9460520042542268,0.22679127480766728,0.14834840309021663,273.8361391184615,13.012420001021196,1.6633856912531577,1.3682795238916845,662.7307293656189,238.3402930729324,0.8780146218119266,0.4478261330548455,0.9656862745098039,0.32631715939494343,0.23102948461275766,107.74715054180672,30.450094790549862,1.8697597646529207,1.5813037767714144,501.40893398191895,248.50792423281578,7.261933333912825,5.1413806081694,13.335260647343095,9.164404315185248,0.1984066858124786,0.1677976216747882,22.434929929457773,20.0123590755492,0.8677911266913209,0.7053739875555038,0.91015625,0.3966039080180172,0.23215078843804804,136.87043876896269,19.423474538200345,1.6451507896246953,1.414373800776957,820.8604840691307,268.85503774195513,8.826109988627113,5.166334348393845,14.1710012617023,7.190619855142052,0.1745726493862213,0.15008410364646285,19.517145915984365,18.488205917523185,0.7911750775945948,0.8677911266913209,0.8677911266913209
stage1_soc,71,-0.8861706442542127,0.9503429053434554,0.2194012079989526,0.143492683793744,275.0893657395231,12.444659748305568,1.6496870396009502,1.35559507640311,657.9280444796694,234.78032151284665,0.8845225429437696,0.9795011445587757,0.9166666666666666,0.40088725755578747,0.27937542725646614,132.609083349243,32.385926507471936,1.8521334495745012,1.5705340155491643,490.0572484874042,254.22318294685138,8.921432584738238,6.217281774674909,17.09005752137908,9.686234313549116,0.19653629645877202,0.16665480500309934,22.267896220997553,19.764947007144094,0.7964004893999304,1.3338745832443237,0.806640625,0.4877335118841721,0.30131250025033296,170.7438173493768,25.731792729925612,1.6474337626494762,1.4054574983092607,820.5536525449352,276.6831424242761,10.854128096068862,6.705474188209106,19.416167269634332,8.682969856122842,0.17481490356251125,0.1491379639039352,19.42205572265706,17.99825487922258,0.6603205714347484,0.7964004893999304,0.8677911266913209
stage1_soc,72,-0.833963976667262,0.9404775002750577,0.23207482587748382,0.15163325028184618,285.1994473896491,13.1296259181551,1.655749898870236,1.3604665432628376,661.7892190134525,235.69826683846543,0.8708550525118126,1.0198409545655345,0.9166666666666666,0.3531523499551427,0.2573834230493316,136.81513706442024,35.08174803730073,1.8297839484192189,1.5441468586670417,506.1263349060434,243.0619212312954,7.859129525533124,5.727866909923498,15.317890492377433,9.57620936398671,0.1941647134684808,0.1638547723764652,21.916292574476675,19.62061893378466,0.8107209616801239,1.3934136033058167,0.845703125,0.43200927741291134,0.27828903976478614,161.3270130874688,28.245943651831798,1.6199540597541586,1.3780427076053456,816.1338345940557,262.01209770652184,9.614028811789874,6.1931050701644725,16.90540892068417,9.384144993353942,0.17189893709364054,0.14622888549256174,19.063508592242233,17.81292274122389,0.7161003417761266,0.8107209616801239,0.8677911266913209
stage1_soc,73,-0.9542322683313366,0.9496460923460593,0.21873755687292099,0.14255796447218327,273.46368886957043,12.415455447776342,1.6511763453126498,1.3569160569602654,651.2552295830003,236.223671559899,0.884024825284183,0.488977896232231,0.9166666666666666,0.29162550660270287,0.19787312692542577,111.69234526009812,24.011052308340112,1.8130969109265,1.5239083365190262,477.4872022287656,232.47918892930198,6.489897715903564,4.403511782738263,10.776002532729633,6.712159754051212,0.19239399411321995,0.16170719268144723,21.65086857402189,18.16992529863596,0.8291790146858558,1.09309983253479,0.80859375,0.37668157892491677,0.2210794072070712,228.06641145193905,20.988891896118574,1.637550814934158,1.3952928881990374,802.2259768343886,273.9082456516044,8.382754125887248,4.919949412453717,12.492611583894163,8.067503793650353,0.17376618974412492,0.14805936191309613,19.28650661427458,17.75093200600362,0.695589276322525,0.8291790146858558,0.8677911266913209
stage1_soc,74,-0.9374407019146328,0.9506363002897276,0.21409457165838297,0.1393342010811938,263.16785934399826,12.12354336137786,1.6369158003546884,1.3422768501149938,650.7043562781442,231.5984516604944,0.8864079287922126,0.7821386538299859,0.9362745098039216,0.33194973697349484,0.2349544524845174,119.37427568301605,31.550238257993122,1.7963652043550595,1.500038029954714,471.4632106375107,245.60304331204352,7.387281945519323,5.228727700413394,12.938896268904957,9.057170624364197,0.19061853476727417,0.15917423176085957,21.371316138949286,19.107403126265943,0.8366895887118732,1.0149104818701744,0.869140625,0.37625831255104475,0.2210663174405454,172.63568929008383,21.59502866200571,1.6091563685247667,1.364722687554604,770.2222283336121,263.407677959858,8.373334663560335,4.919658109930603,12.801940202454514,7.500306971272895,0.17075315667213925,0.14481545202202495,18.89038396659747,17.547953045917843,0.7562631312346866,0.8366895887118732,0.8677911266913209
stage1_soc,75,-0.8424818720580433,0.9467854916199069,0.22088387911643761,0.1464319151673732,273.07715015741354,13.023536566444962,1.644163076128418,1.3519481120997043,651.1874184878379,236.55140821114418,0.8805203278849756,0.7428309613583135,0.9362745098039216,0.4150197940029611,0.27273189718378527,111.87970796388854,29.182440887228985,1.8348327144442356,1.5472053143323636,504.6884936546248,257.37112252733266,9.235941137425945,6.0694352054687135,16.205882363724744,8.251557213595767,0.19470045552123172,0.16417931570215477,21.963125611679764,19.75685687977517,0.8117685716030333,0.8700675442814827,0.888671875,0.47509967969461,0.28306478032936866,177.59190370144955,21.469195240547418,1.637380282859107,1.3935530786184245,800.5419981530777,270.482315237801,10.572972035251965,6.299385443726093,16.694784137309163,8.183305548977131,0.1737480939948874,0.14787474469148304,19.276120344277185,18.147479741916783,0.7461419710916171,0.8117685716030333,0.8677911266913209
stage1_soc,76,-0.9422403599102481,0.9510030439725675,0.2195691465271201,0.14199166785939357,271.50084073709746,12.318194041989205,1.637055364135502,1.343675388712382,645.1330658595142,232.66159020054857,0.8851323000144316,0.5100339212838341,0.9362745098039216,0.2914654813900004,0.20815641157256037,107.43666573542927,27.57331344550063,1.8496666458347917,1.5541115200110511,503.3764350000447,251.8842921505548,6.486336479870053,4.632358245178685,12.383100863599651,8.298922535007573,0.19627453536849826,0.16491215711106275,22.08912630975143,19.502824326625735,0.8488348653869214,0.7236140668392181,0.89453125,0.3939542227967861,0.23078403478757537,115.55877810434555,20.535017452429443,1.639005930003376,1.3941278989441344,806.4385760288233,272.7676800707945,8.767143315013895,5.135918314152747,14.497748913578876,7.03314474356176,0.17392059704490073,0.1479357408675254,19.293391315957976,17.558576660621867,0.7763449831609641,0.8488348653869214,0.8677911266913209
stage1_soc,77,-0.9290278743354515,0.9511130670774196,0.21796812415778563,0.14254479382850976,272.626359623131,12.543301661000974,1.6403238504389834,1.3469119404809475,653.20456481301,233.74512454449666,0.8857226298300839,1.2113663238637589,0.8186274509803921,0.33655256203679,0.23682818001172706,117.19100934383717,29.49234287636802,1.8807373875621645,1.5874304261569883,508.02561910687996,241.48803863714227,7.489714219749982,5.270426042032157,14.528612120007786,8.387450938730039,0.19957155940784474,0.16844774166491028,22.529587594542402,20.02748001143197,0.7176616823693551,1.1358839571475983,0.87109375,0.41927100584721877,0.26179242735099706,136.91168711777783,25.667918286711263,1.6588744696816369,1.4206874105511815,831.3661832146549,273.30643403022486,9.330548534286667,5.825985854593759,16.66988892622234,8.78865926660977,0.17602891661836703,0.15075406265108912,19.628440889023306,18.600126495732553,0.7453124482458344,0.7176616823693551,0.8677911266913209
stage1_soc,78,-0.8621126761787791,0.942164521216122,0.22558902823314297,0.14847842006608866,288.1083906933585,12.915816659786227,1.6472381516194576,1.3516428823274984,649.5715230740806,235.43677354103082,0.8744878127461791,0.4937351626508376,0.9509803921568627,0.29183660808406586,0.20976202819706397,99.40546176893349,29.613446677928884,1.8165730730732799,1.5077778436973983,467.717813754338,245.60034737508968,6.494595614375074,4.6680899882123255,12.127816872127815,8.088610599799852,0.1927628617206676,0.159995530209207,21.499248327252626,18.21009639912908,0.863429409731643,0.5947787240147591,0.90234375,0.3614816136194938,0.2122228325370088,154.9255087007751,19.859861557682343,1.595381974015455,1.3483198551184614,774.6574313615853,262.8889537128717,8.044490778258096,4.722853265441197,12.545572896681524,6.689613133227036,0.16929150795376852,0.143074890649855,18.68101828187028,17.139023492056335,0.7938992659141518,0.863429409731643,0.8677911266913209
stage1_soc,79,-0.8662493039192651,0.953643598489016,0.21838794230098424,0.14272709107919798,275.34606759574416,12.490806830249939,1.6504522238188992,1.3570484563901763,662.6193628948838,235.3063076258078,0.8881272157987208,0.5731818652620503,0.9558823529411765,0.31778963404940985,0.20306957186217986,89.51553279231575,24.38112023906195,1.8321539194559542,1.538668044641906,498.1073481566454,242.52460406544415,7.07215992243382,4.519154603281404,11.134601538708448,7.339065298407936,0.19441619930519605,0.16327339644065786,21.861761627715094,19.28604549937226,0.8605454627263536,1.0409758388996124,0.90625,0.371847610050147,0.21486288541927934,138.59468641981232,20.137146569852085,1.620145163094029,1.3880813648356707,811.2425865772818,266.66749624995225,8.275177926793466,4.781605578879452,13.177304703054226,7.6018466679813965,0.1719192157310506,0.14729412218699128,19.176808745068467,17.642924740144423,0.7946957169849559,0.8605454627263536,0.8677911266913209
stage1_soc,80,-0.9060099124569623,0.9483624894561191,0.21823674281627323,0.14212502947879949,263.20234570139104,12.411675330804261,1.643149139343985,1.3487866644404256,655.0933223503439,233.24753179542336,0.8828914666112372,0.42629632996577843,0.9313725490196079,0.318175780109226,0.21210114023529505,108.19061032435347,23.61211104577383,1.8405371310714012,1.5544636703881562,500.28308905864935,238.16831633939665,7.080753301184534,4.72014509838086,11.356396519778638,8.505256512547005,0.19530577093066864,0.16494952500748983,22.049886913404436,20.78032554343183,0.8359198149868401,0.7150492668151855,0.87890625,0.38049095626436263,0.21147425286380894,105.34272129686062,19.595369036098603,1.6417045896171305,1.4094040053969366,827.8537665377701,268.5594125487195,8.46752884117978,4.70619420990155,12.560254968438201,6.75996661069807,0.17420696116516002,0.14955674144242104,19.45987508969058,18.71286538723756,0.7647589631206912,0.8359198149868401,0.8677911266913209
stage1_soc,81,-1.0370848293276813,0.9586313125756409,0.20859906317747892,0.1344927246072838,249.59609253700643,11.571046245116177,1.6396178523616665,1.3472306765171917,650.679239438684,232.54812692642636,0.8960515936223973,0.778683812010522,0.9411764705882353,0.32475630527807486,0.22534285350611397,104.55231774728013,28.371808286473346,1.827328622416015,1.5424065553382331,487.3502926845209,235.91834829771082,7.227197745500374,5.014829077543268,12.905851363891124,7.884760422029728,0.19390417032058857,0.16367010276152064,21.899224150686297,19.716316859314674,0.8437495790048128,0.9239852279424667,0.8828125,0.3803586175642723,0.21627723893743678,88.24468453903432,22.53660514664785,1.6276480582185895,1.391921023001487,823.9025669971832,266.31538669613246,8.464583746844763,4.8130809109719745,12.816594758330917,7.043369736494624,0.17271537392410005,0.14770156161623466,19.234414920818892,18.051262154726096,0.7687049147307183,0.8437495790048128,0.8677911266913209
stage1_soc,82,-0.9964605290648322,0.9575310815271207,0.2153055384362447,0.13851939996539026,262.12650592752266,11.821450357610772,1.6323364280884871,1.3402287825732597,645.9753276693907,231.38464269575024,0.8929394199962474,0.3458610188727285,0.9656862745098039,0.2918210860245879,0.20497911595100282,112.13021679158038,24.870398231228368,1.8487894672297325,1.5541246704318945,483.5393767209503,256.00355785924114,6.494250183073381,4.56165001448476,11.982625005468844,7.75656549570839,0.19618145490801042,0.16491355254777385,22.075579160319766,19.034802993240458,0.8781399487024275,0.7209156677126884,0.90625,0.4084406363032315,0.2392079017117794,131.48638435500055,20.02334990381592,1.6250075398578214,1.387718644204142,785.1913680916205,277.2298686221455,9.089527125066548,5.323384888484146,14.954124038314035,7.565225700643198,0.17243517937360697,0.14725563264425007,19.184053593765203,17.663920894900546,0.7837178091090305,0.8781399487024275,0.8781399487024275
stage1_soc,83,-1.0055926184180843,0.9557340374812043,0.21270154614150039,0.13626664963327795,258.0053418723152,11.703889179146039,1.648132815060511,1.3543529888392931,653.8658334032186,234.87707555378762,0.8919235736387542,1.2909498518588496,0.8676470588235294,0.39011535075027404,0.27707911187362877,147.86645640751064,32.4578931350256,1.8200431448864385,1.5360164478713392,486.84817709806066,240.4883755932181,8.681712218068569,6.166179070622437,16.087120985064885,9.721202830687147,0.1931310830617167,0.16299202632172338,21.79072449537945,19.72547997743034,0.7506124535984472,1.7653719186782837,0.833984375,0.4804072801559977,0.3002903815868194,187.58256365401172,27.452592830864933,1.6576404798837192,1.4144114748123684,839.3632118761498,270.06270038936634,10.691088535117034,6.682727736237207,17.50944937460026,9.572678213936893,0.1758979736861467,0.15008810136886996,19.54741538430799,18.074715688563188,0.6898621909532007,0.7506124535984472,0.8781399487024275
stage1_soc,84,-0.8850167750214902,0.9488025818755272,0.21900419855344141,0.1426026541766685,271.5003044695966,12.411951300476385,1.6465475805852223,1.3510582268999192,653.8234312387657,232.93712948213786,0.8831013223094948,0.27949519952138263,0.9117647058823529,0.2674361583834883,0.17899880896541565,101.19244380223937,22.728516043843985,1.806983177453971,1.5180521027422418,469.93110788342926,236.94654348328018,5.951582677600183,3.9834785886432567,10.254080409982109,6.343258294924787,0.19174524467537415,0.1610857674283423,21.56213185071049,19.249294104171177,0.8315338583673064,0.5248272642493248,0.888671875,0.3395405229082355,0.18544559794827364,81.71848778843999,18.06380943590748,1.6196337368889828,1.3848940542739,789.8721140495029,263.97215752647276,7.556208953563585,4.126946838667635,10.876404972735262,5.96858812266221,0.17186494652476053,0.14695590562186298,19.141034176705432,17.587214983745145,0.7868097181275293,0.8315338583673064,0.8781399487024275
stage1_soc,85,-0.9836510337631524,0.9521399493893717,0.2194960401384143,0.14177648120077269,272.5190757823636,12.313696048061722,1.6372785882575578,1.343032962271987,648.3525053009192,232.36109164675833,0.8862911373478475,0.8662685857099646,0.946078431372549,0.4154757411799938,0.2804161380227728,115.87551006942618,35.18186382318559,1.8603243181641673,1.57599326223135,519.6692552530532,242.87532016262463,9.246087885483991,6.240441979362942,16.30573456693226,8.948345307444388,0.19740545789946803,0.16723410458036145,22.340376349351278,20.34093173587655,0.8214357090185509,1.2004108875989914,0.859375,0.5381294621102441,0.318668858591991,257.58604923036216,22.45199515664722,1.665753494851707,1.4266903282623389,829.816026595913,274.7891981672756,11.975650579040671,7.091726377429945,19.273123269452853,9.235193381978831,0.17675887380934746,0.15139105304460998,19.71137557203665,18.332770044019583,0.6979361613669268,0.8214357090185509,0.8781399487024275
stage1_soc,86,-0.9211486452207377,0.9459419811493747,0.24227190145129568,0.15061268553866797,287.6860572366472,12.760711819461749,1.6557917065895147,1.3604456269162353,661.5121212172135,234.76499395204513,0.873260410713986,0.6998198055753521,0.9411764705882353,0.365457191027146,0.24005174950020863,123.44103132685886,25.25255162804241,1.8432482731870066,1.5527114685551793,493.32561691442436,246.14095217619956,8.132964146167128,5.342164061466973,14.221258074985549,8.416575704164849,0.19559345961244093,0.16476359280104935,22.043393156410577,18.970790680715155,0.8315393132800915,1.0359671711921692,0.861328125,0.41434406857200246,0.24806134364098398,187.1786983121862,20.54117370553741,1.638852111178341,1.4003206575653167,790.1301446865053,270.7460931568059,9.220903396104744,5.520411318797415,14.153074321746608,8.124646230176124,0.17390427479652013,0.14859287593765216,19.347148823308324,18.10654268780678,0.7370249044283993,0.8315393132800915,0.8781399487024275
stage1_soc,87,-1.1206725208166561,0.9612718670920893,0.19696708043277467,0.12658502216238576,239.40708414813645,10.90703738876809,1.639808200079507,1.345811154775817,646.8999762642467,232.75271600770856,0.902181742962257,0.9067902798746147,0.9607843137254902,0.30784760167680314,0.21587707521393895,126.87737133829931,25.276640615037927,1.8415973612385474,1.5402824815874006,504.0909578356387,232.4881711947259,6.850907762641356,4.804175580072184,11.602240587157818,7.82002398414371,0.1954182756265331,0.1634447099376451,21.91677991081714,19.2355733280804,0.8684300332224493,1.0751006305217743,0.890625,0.3957809201855646,0.2364371707471946,110.56114662812337,21.318863258833417,1.6249984391605283,1.3850710175247514,816.10382005809,266.7326004594553,8.80779503766047,5.261724436461546,13.754120328784843,7.0630239757201885,0.17243421366709075,0.14697468380544343,19.150907143635663,17.706645823851627,0.7718907239443307,0.8684300332224493,0.8781399487024275
stage1_soc,88,-0.9718902648297518,0.959364799941321,0.2143070323658306,0.13990051227010228,263.2863015683503,12.239094315400171,1.6438898355615494,1.3484466875501193,649.8872986423523,232.66439299834505,0.8950726902315718,0.8872145764967975,0.9509803921568627,0.31087153547017304,0.2215081320472938,124.82869685272549,25.80466453768063,1.8578721570726955,1.563788510566833,488.4400738262674,253.95770649176814,6.9182030457160675,4.929490348682942,12.91536504556876,9.242871300814203,0.1971452505913235,0.16593901610177791,22.214464214192752,20.04395089416723,0.8577189315158108,1.4416377544403076,0.865234375,0.41174661087297676,0.262978773265786,135.62798088601687,26.6201376190943,1.6618511824794155,1.4313302867594757,808.0434924749352,277.2726682056393,9.163099005177347,5.852387055683311,15.497508328833575,9.479465015078581,0.1763447859252095,0.15188341511439452,19.74709486928681,18.130464794288415,0.7417103917381069,0.8577189315158108,0.8781399487024275
stage1_soc,89,-0.9609564009002015,0.9527634136501999,0.2148336752002685,0.13901437477280026,265.3556354155131,12.048610983280048,1.6459614269984477,1.3507694671472281,649.2922219290997,234.50025709401342,0.8883133110901194,1.0128592322854435,0.9019607843137255,0.37332560143191706,0.27512185222597096,127.41083658206698,38.375572397551466,1.8275684625150124,1.536536510522459,474.50182049020077,244.36280748129718,8.308069469801541,6.122621786951535,15.669758073605733,10.49321552786159,0.1939296205843426,0.1630472119712246,21.836590028261266,19.35353573368864,0.7899631038841504,1.3276033401489258,0.869140625,0.44045271728308144,0.2708086200618709,152.38555697005597,23.55163924143813,1.639038840248631,1.3983553633806878,803.7088577187128,262.37838401603744,9.801930966735595,6.026634176347603,16.339907253735394,8.26872221434849,0.1739240892650318,0.1483843317635876,19.33554930821568,18.10044894191001,0.7370048098150755,0.7899631038841504,0.8781399487024275
stage1_soc,90,-1.0053622390884034,0.9583379176293688,0.2041776100385017,0.13257542961275376,250.28300028656034,11.379538933484989,1.6446915630881918,1.3487078619365496,649.8341122947936,233.37031987622092,0.8970846346178183,0.4873283949552798,0.9607843137254902,0.31954707552015366,0.19389812324844374,90.10401495953114,21.07484097380893,1.8274060040979065,1.534297577452426,495.8160414867989,251.0051298964487,7.111270408754733,4.315051182756865,10.144152983122872,6.674665783316934,0.19391238155891824,0.16280963102709528,21.80433109353199,19.555424568825096,0.8649201910694442,0.6877563744783401,0.89453125,0.37721327594937354,0.20990539461149638,89.89453810816715,18.331827270919277,1.6569476514666195,1.41685352280183,827.047531655906,266.15479451912165,8.394586627593881,4.6712804957108,12.258924319868854,6.129054755004665,0.17582445526272564,0.15034723554072654,19.576806976704034,18.444096019408803,0.7813672672151879,0.8649201910694442,0.8781399487024275
stage1_soc,91,-1.0780856427384948,0.9583379176293688,0.2079872612652882,0.13257324343359936,248.84930970011655,11.389557500602438,1.6368479620987084,1.3422870754836436,645.6678214814817,233.15394768333894,0.8959417392497824,1.0096642024376814,0.9313725490196079,0.33156498217431835,0.23836955862740675,134.44375972198998,30.468915877386205,1.848368434904679,1.5696238029529066,510.92177006608114,250.2588084868428,7.378719528186742,5.304728218387638,13.38718723133834,9.515197994550965,0.19613677770946708,0.1665582191913698,22.2306108841825,19.321281977162926,0.8319030543673124,1.2867644429206848,0.876953125,0.40496791873015825,0.25101171421601975,157.5693031956115,26.0046256546067,1.6494389928688296,1.4122597885652795,788.9849133162511,269.2318587631009,9.01224450974247,5.5860695099448705,14.166445809696594,8.384810194344574,0.1750276854875661,0.149859778487362,19.512885060852604,17.74386365951704,0.7554627493809525,0.8319030543673124,0.8781399487024275
stage1_soc,92,-0.8558772131655832,0.9486925587706752,0.21923179043650734,0.14422894966435873,260.91148547231325,12.762743807887375,1.6380129220958937,1.3433805864354718,647.5788677994717,232.63418226283505,0.8829230216397229,0.43309279633503334,0.9117647058823529,0.2976485745671269,0.1946112348688949,95.59657388699605,21.08141643932849,1.8026661299122848,1.4993260672279434,486.67208217709583,231.97726688115372,6.623936385841652,4.3309209245043006,10.465757693868847,7.375556039219257,0.1912871478056943,0.15909868292955462,21.372423649402833,18.87819702568858,0.8224701335122149,0.667815312743187,0.880859375,0.3674949976000595,0.1985342442003457,112.16761652605945,18.738059401412695,1.6035909668976935,1.3724490294771385,771.3652130301389,262.7286870852789,8.178313938704385,4.418224430964511,10.965528627463529,6.730498846977749,0.1701625926259352,0.14563532092886744,18.960071615918977,17.310681281458873,0.7706108757199821,0.8224701335122149,0.8781399487024275
stage1_soc,93,-0.9810654245688323,0.9573110353174167,0.21412209539531066,0.13883800374036726,258.8555170910525,12.135097644432259,1.6342482282869406,1.3400380978966762,644.4202978932527,233.0061795952345,0.8930744066988234,1.328856353666268,0.9117647058823529,0.49399959924191866,0.34320594752024786,196.59855716132526,40.85419851056268,1.826710113393039,1.5432063634781277,481.40139177831486,242.90275956918686,10.993574972662183,7.637780113420063,21.104238096956106,10.891637646354873,0.19383853818553376,0.16375497317392454,21.888398237746177,18.940656104196638,0.7635648261097774,1.6146290302276611,0.859375,0.5080054598620691,0.34033741752500646,222.6137470326674,37.145463319147325,1.628090314354809,1.394096788695606,790.7139421646582,268.1176140539526,11.305264453828903,7.573943220409603,20.64474841376562,13.359610971821294,0.17276230325476938,0.14793243965128253,19.252072557887118,17.459347513261307,0.7069733620413793,0.7635648261097774,0.8781399487024275
stage1_soc,94,-1.0051599880577633,0.9579711739465288,0.2257392537361212,0.1427536573856424,274.3404822508037,11.93409431293948,1.629023090051206,1.339005804349248,643.5238562648874,232.32342496431008,0.8902493978256925,0.6187618141080818,0.946078431372549,0.2907743265721335,0.19451071593600014,113.99080164640847,20.055233026878263,1.831473727453533,1.539644092905755,480.71243681837984,244.64822395238315,6.470955369602764,4.328683954217998,10.45836874517886,6.53345231662238,0.19434402177551136,0.16337696830314216,21.872299498044402,19.29607067585669,0.858846133400909,0.7130906879901886,0.896484375,0.3718086989289962,0.21456925345773925,100.87837855182964,23.404338489665243,1.6562492557506934,1.4234886370613822,811.3622994771647,276.0983552048459,8.27431199020506,4.775071029077155,11.810747826619624,7.533618962973581,0.17575034607393994,0.15105131050004053,19.648137018748077,17.6698363039326,0.7849417653213011,0.858846133400909,0.8781399487024275
stage1_soc,95,-0.9594522879349017,0.9487292331389592,0.21814470727082824,0.14214800655997986,271.6073084918685,12.341157370608746,1.6354830657748647,1.3429541266418614,648.9924281613355,232.82058114664957,0.8832858209577107,1.0184962854665869,0.8627450980392157,0.388515593256955,0.2620797548260467,117.40768747624027,28.944446743550213,1.8684818169717479,1.5854304837537747,518.636393183764,252.6757998814353,8.646110865419965,5.832380102976774,16.962109505665985,7.988452846102108,0.19827107835698804,0.16823552084834392,22.460181610517438,20.011730621906295,0.7461904200621292,1.2018855512142181,0.822265625,0.41127515094795225,0.24715435203415836,118.4471225635703,21.76422146470674,1.6519375696997958,1.4192875129301683,810.7136814589664,273.3070945245421,9.152607033037457,5.500226929489177,16.40738112666113,7.704437621922899,0.17529281813062084,0.15060551466502548,19.593888448344632,18.232834685898442,0.6988830797156144,0.7461904200621292,0.8781399487024275
stage1_soc,96,-0.7704555575776888,0.9407342208530458,0.2353641612723619,0.15391060967797854,281.8547532058552,13.168707537525965,1.636999740093431,1.3441452013634911,645.9919691437981,232.9975413039059,0.8701249724713372,0.213107765305276,0.9411764705882353,0.2880944157978546,0.1956121908802101,103.98628394978249,25.39393028471323,1.7808381955478312,1.489421612345705,459.28787801478427,234.182033872498,6.41131604993066,4.353196418192185,10.845651938934425,6.502515901860821,0.1889709100743794,0.15804768691118168,21.178007147245342,17.923719947819098,0.8547481458488789,0.6209018994122744,0.87109375,0.37394195987601997,0.198449053999866,82.00865687015391,17.137891431864254,1.602952468629734,1.3585469302270212,777.2729454539493,256.8295101782221,8.321786045231313,4.416328589637216,11.293232100111018,6.2604659005384775,0.17009483936284883,0.14416012101805756,18.808798020722236,17.662854594416366,0.758911162037194,0.8547481458488789,0.8781399487024275
stage1_soc,97,-1.0532230625373982,0.9576411046319727,0.20743081000012584,0.13273317698732062,250.5881302959118,11.255533635197363,1.6500067599128496,1.3558193090092634,660.3023759751412,235.0779659833191,0.895411861631935,0.8816520583395865,0.8921568627450981,0.3827791411481212,0.26854918964261953,146.94756662191006,31.403364107285878,1.852432748596791,1.5531060086453663,491.6325564509557,245.2115157074577,8.518450607330024,5.9763523183305685,16.1418110352188,8.595252532110678,0.196568056114853,0.1648054588167771,22.06770162296024,19.64948931980849,0.7773231204006618,1.12017260491848,0.869140625,0.4283784378695029,0.26255144790684426,130.9671735197095,25.60569133568093,1.6519205868655702,1.420226137714053,815.5637293787527,272.1797038992312,9.533227315603598,5.842877263816162,15.386836583566726,8.414294887203221,0.17529101602324954,0.15070511539240908,19.600257973648574,18.337789226322855,0.7406270936391491,0.7773231204006618,0.8781399487024275
stage1_soc,98,-1.0668746149307797,0.9584846151025048,0.21251835411726122,0.13735971453177603,255.20595482266438,11.967297174301828,1.6367405864208855,1.344273783412184,649.3927799781105,232.85285838187977,0.8947291088673265,0.4308333601437363,0.946078431372549,0.30720656656824213,0.20771794304178626,104.03327325638439,24.246516036698075,1.8006553292676653,1.5276010803440039,487.1404861046105,236.75852135917702,6.836642027331268,4.622600470731873,10.963979523802657,7.459850719974639,0.1910737747835175,0.16209904252104645,21.629414475318555,19.28807353678961,0.8539164614020763,0.8377887159585953,0.888671875,0.41162841102547054,0.23735718435455055,116.5789564760677,19.152512070183782,1.622217483452022,1.390523782094533,795.8892099410624,269.0748392930126,9.160468559955708,5.282198620213634,13.172364840509264,6.632293623431832,0.17213911682312882,0.1475532955433032,19.197870479264903,17.569189266800294,0.7651833516923588,0.8539164614020763,0.8781399487024275
stage1_soc,99,-1.199402084282209,0.9674331609638024,0.1961345236066045,0.12322016935220706,229.29933188118497,10.29482535835753,1.6250932779593865,1.3334696182004486,640.6350759031872,229.72870268165542,0.9085928038818211,0.543993353843689,0.9509803921568627,0.2703582560619175,0.19312545039015366,84.3068127577234,26.04384063450373,1.8430886317360173,1.5604076457082057,491.6251185199291,246.454139734562,6.016611677531664,4.297855952214191,11.380512730423993,6.98564084276269,0.19557651950504967,0.16558026081970312,22.1093835466793,19.72464948041675,0.8698729153382875,0.8020595759153366,0.90234375,0.37232537479048783,0.2070776891314381,85.15493813274249,20.367997357267928,1.6416374724805718,1.403168295204523,829.6229295659788,268.62009849568125,8.285810207670396,4.6083521203774325,12.884837628462446,6.76789708934284,0.17419983913329393,0.14889504863227893,19.387997537987584,17.931712880454576,0.7906461375628536,0.8698729153382875,0.8781399487024275
stage1_soc,100,-1.0174519928321764,0.9598782410972971,0.20734128179510172,0.1345926260968024,247.67121051996625,11.658860768418968,1.639962367805853,1.3473692016187164,653.4945504358784,232.55157154111566,0.8976758565587666,1.0797892224554921,0.8823529411764706,0.3406625677852939,0.24943807764051884,114.10242621178641,33.03896470563626,1.8770137593965754,1.5729723118391692,483.4916338418849,244.17570549817486,7.581179185315925,5.551049457906285,14.864076092879085,9.078181953374422,0.19917643232387433,0.16691354106913,22.372711916333913,20.04960261293813,0.7801541708408823,1.1568167507648468,0.8515625,0.42660442708349594,0.2520058867903572,147.3860668285949,20.6984401193939,1.6676356588730077,1.4405394282439374,816.5109607442362,281.71309568244845,9.493748092122027,5.608194043544727,15.851564927969966,8.031072886844235,0.1769585967538034,0.1528606290194383,19.857815345744555,18.706203755299953,0.7235811718749512,0.7801541708408823,0.8781399487024275
stage1_soc,101,-0.946627623870847,0.9555873400080683,0.2167857332273029,0.14033018228519792,264.1287914259134,12.159334007198925,1.6463310292925981,1.3528115581895945,649.3974537917303,234.79694919649495,0.8905516200398774,0.8424382653890872,0.9754901960784313,0.34725000488217783,0.24342529328229526,115.13267388236994,26.324469339995392,1.8137323140246526,1.5273192412420815,490.1368639265403,247.7401012801572,7.727777449187842,5.417239641586555,13.30062155570725,8.477166105258801,0.1924614189371159,0.1620691355976,21.68687054207497,19.468916838157607,0.871315194613778,0.7540430724620819,0.92578125,0.41382555170527197,0.24873407862878594,149.61880315166968,20.637274999935656,1.632307684944759,1.3968001595130772,790.190579659604,269.0764539365616,9.20936420850674,5.535382510143489,13.863484642486062,7.936869142135922,0.17320982305780155,0.14821930369368863,19.29701640948012,17.644601543634252,0.8016335844884184,0.871315194613778,0.8781399487024275
stage1_soc,102,-1.002708023651671,0.9569442916345766,0.21527251994442173,0.13640761732189166,257.6942847149591,11.586622946115643,1.6327220586127515,1.3400478618753076,648.5805467900661,230.73901436585854,0.8923625356512501,0.47666388866948145,0.9607843137254902,0.2897183988751891,0.20012228437425458,105.4767204302584,24.358898419698647,1.7972443279389057,1.5135072851005722,473.0814385517301,238.1043641828402,6.447456524016892,4.453565023827862,11.477292269563872,7.106771259108571,0.1907118216161988,0.1606035010843165,21.472586091328747,18.564331647190848,0.8738687940629335,0.7115283757448196,0.896484375,0.38717673499410143,0.21041823441919405,94.18639461776691,19.226815782883346,1.604393427823478,1.3604634605944739,793.9597033367829,265.7444174201694,8.616315621227388,4.682693344797199,12.248920652777379,6.814375193617897,0.17024774453463962,0.14436349069455492,18.830507225737712,17.70390741173948,0.7803313545017696,0.8738687940629335,0.8781399487024275
stage1_soc,103,-0.9751829301825222,0.9619686800894854,0.2114845864378813,0.1356679751292861,264.19961792652276,11.616350756726781,1.6356555841443008,1.3452185171737567,654.5114683094562,233.4699773453142,0.8985233041581211,0.6722834811491125,0.9264705882352942,0.38238198167262044,0.22442839778594526,109.05524121370905,24.03089985844199,1.826108012440521,1.5595682865264369,496.06265059890444,232.34440628079437,8.509612133621298,4.994478580226506,12.859210079747605,7.562678381214548,0.19377464716767576,0.16549119350923402,22.042813265630596,18.96697054060226,0.811755993733508,0.9490886330604553,0.84765625,0.4112156025221029,0.22619222936282313,111.91352314697713,18.802456208147596,1.641170106949326,1.4114657319514663,822.0406138148716,270.81473496504157,9.151281829363034,5.033731273364947,13.161555068780519,6.743678893969597,0.1741502453577349,0.14977551838931494,19.47789455114874,18.278505885786466,0.7242915692433691,0.811755993733508,0.8781399487024275
stage1_soc,104,-1.0261594025736425,0.9610518208823853,0.20937498796535217,0.13446310261313046,251.74872700382775,11.54917582858604,1.6283889094712933,1.337253725579855,647.2739030663088,230.71977492499718,0.8982393244927797,0.46759234456455007,0.9117647058823529,0.2990509194441902,0.19702194045827376,98.47528289435728,24.424204012435002,1.8164468492255634,1.5203431995183814,504.2862956526867,238.67039118000883,6.65514447501254,4.384569293196346,10.51950911168245,6.851901685849185,0.19274946767092424,0.16132888364403106,21.624787393430974,19.661692785872553,0.8220494300490959,0.7761260271072388,0.8828125,0.39283201297587006,0.2214475973505614,113.51665832237944,20.314838707443215,1.613469722142227,1.3813748403117643,786.1471698685777,260.1164262590984,8.742169412564923,4.9281431963208835,12.971252796057108,6.763921461926134,0.1712108615667231,0.14658246963714866,19.0847561548897,17.427663884659196,0.764962896107239,0.8220494300490959,0.8781399487024275
stage1_soc,105,-1.0434574350639814,0.9585212894707889,0.2065025112691972,0.13301287094462524,256.6329964975464,11.46590598362731,1.6210388985081052,1.3306245964016938,644.632934727309,229.46543990669227,0.8965705360900297,0.773437453251259,0.9411764705882353,0.3222977658054917,0.22639326977671362,110.7396331969098,27.847040649253543,1.8248033095906286,1.5390733309528406,506.9395877376311,244.3144779912229,7.172484871124427,5.038205270643552,13.451787342792645,7.369588512749969,0.19363620062854764,0.16331640277509601,21.847428598839862,19.12443524932123,0.8444871408465878,0.875543013215065,0.90625,0.4290979890890105,0.244842464021076,173.78085096422052,19.64235387376651,1.6194128451643275,1.38417210229818,787.7118656053244,266.6901807065615,9.549240365594866,5.448777668722118,14.515232005704007,7.072049874385992,0.17184150693864855,0.14687929679674744,19.1282773899569,17.767823796765132,0.7775206032732969,0.8444871408465878,0.8781399487024275
stage1_soc,106,-1.0968056680931704,0.9584112663659369,0.20935012402117767,0.13319440333027996,248.22367990496107,11.344034437477728,1.626190671475331,1.336983036409383,643.3071373766667,231.1017975781598,0.8956062291595835,0.8997291104466307,0.8823529411764706,0.344501016057926,0.22789218203694211,114.28717609569966,28.976135800323327,1.8230313688158883,1.5421844958966853,490.6904628182371,238.11665315527333,7.666600851504769,5.071562391450032,12.668384136018863,7.590181514178509,0.1934481738546174,0.163646539264924,21.87919152853773,20.111885576596244,0.7790026363590927,1.1223770380020142,0.869140625,0.41192924103873774,0.23970766546517552,247.96093913769877,20.425688100943866,1.6283673639926957,1.4020135768005275,806.5465028129942,270.87695930933575,9.167163296773218,5.334506740202265,13.693148662252566,7.189319278256061,0.17279170195159546,0.14877251746227807,19.34657023128393,17.794288263218505,0.7455618526883787,0.7790026363590927,0.8781399487024275
stage1_soc,107,-0.9872833001765323,0.9614919133017934,0.20306692216503505,0.13043470248021977,240.33824271364284,11.018353703361095,1.6293443208699252,1.3395183193550473,649.7953367194149,231.03035191037299,0.9005718366522829,0.5015205559777278,0.9509803921568627,0.2779421898238909,0.18872197893420783,101.89472848645222,25.275068456145213,1.7905723916065064,1.5104823509852092,476.2467091510769,234.11062384278216,6.1853861958266245,4.199860136700967,10.45715420758892,6.879284604944976,0.19000383933917675,0.16028251484641778,21.428140129137542,18.563843759547858,0.8675977352096954,0.8687413930892944,0.873046875,0.36493325041019903,0.2020711454542834,90.67759906955325,19.83671906904798,1.589293173165759,1.3522819275749498,776.7402126439838,255.01168039862262,8.121304257247244,4.4969354039404745,11.031343637396592,6.616039406649029,0.16864540420290258,0.14349531988354677,18.715087265368545,17.421765437030786,0.7635668998769403,0.8675977352096954,0.8781399487024275
stage1_soc,108,-1.2854165012225174,0.9658561631275902,0.18848337442588156,0.11908110082458444,231.77791479591093,10.223902154361744,1.6220309297799758,1.3309832969782553,641.4702069751046,228.90528114595804,0.9093111507998257,0.6134332196385253,0.9705882352941176,0.2815276462668442,0.1882293701751669,106.31705922827663,21.279437113364843,1.7542633570965893,1.4796120774220018,477.9763144049004,227.37370738215202,6.265177726583553,4.1888975137899,10.139013347291288,6.337568551238928,0.18615096190628322,0.1570067631784288,20.998301453370647,18.729994289283074,0.8861299414140644,0.8169931620359421,0.89453125,0.3904632181892399,0.21651307090428418,91.95588612940388,17.819733187039475,1.6121654231919642,1.372312110303028,792.6373262884554,256.03019713373953,8.689453736030705,4.818329167068671,12.114110306242358,6.607136304013123,0.17107245788678385,0.14562079196098984,18.977967922246847,17.49032808658299,0.7773922845432281,0.8861299414140644,0.8861299414140644
stage1_soc,109,-1.0732962069532574,0.9554406425349323,0.2105893179472253,0.1334893165170753,252.46193711867244,11.327521235215325,1.6234406434385493,1.3325794016324233,640.9592569461735,229.69321798182264,0.8922638471507648,0.6366893754285925,0.9264705882352942,0.263300382184,0.17885228177970824,72.53229482643927,21.224795005323394,1.8245607351827444,1.5409432645229733,476.78973900215465,246.5734836151255,5.859544210789687,3.9802177406505055,10.127626021492603,6.950120151634288,0.19361046021780554,0.16351482790401003,21.85904460346793,18.569005078166015,0.8474804735800942,0.6209838911890984,0.892578125,0.3663629824442308,0.19530461649446806,241.2683979580505,18.080532758974066,1.6414538720861602,1.4025463425568887,796.3928003857823,269.71996803408297,8.153121826190752,4.346351590636628,10.452183598050258,6.345665883104158,0.17418035665941803,0.14882905108228223,19.3862756781619,17.993855213652203,0.7826692302667307,0.8474804735800942,0.8861299414140644
stage1_soc,110,-1.116720068748536,0.965562768181318,0.20419287932134497,0.13040452983769193,253.5261778474374,10.986551086591781,1.624903478572344,1.3354256126217299,643.307114969276,231.87872049777405,0.9043049043849145,0.985561398898854,0.9558823529411765,0.35419659653303504,0.2519519085192359,124.76689824975477,34.599548684977755,1.7803202308731982,1.49772511524897,470.610141931703,244.4707121196381,7.8823684169444155,5.606992799310162,14.512121359684624,8.608702937231213,0.18891594704843098,0.15892880036907925,21.27530239956185,18.26738795301089,0.849623373981266,0.9108565896749496,0.912109375,0.4055756208397464,0.23624096023013408,111.11881811629779,20.432877192194617,1.6002829015134623,1.3683218355072313,780.5515125367704,259.6601000661001,9.025768445213377,5.257357924761861,14.384554237679197,6.776387208136947,0.16981156234827913,0.14519737007937608,18.908183305677312,17.554643685837075,0.790436688748076,0.849623373981266,0.8861299414140644
stage1_soc,111,-1.1077091785535589,0.9630322367697216,0.20095130732065133,0.12728586278125176,241.72068562415117,10.815162628491661,1.6104834465293647,1.3206173923476192,634.1624210409445,226.9976403036353,0.9027468445735262,0.8657545646031698,0.9215686274509803,0.3559315805906226,0.2237184982262917,83.04681043541662,32.11592180253288,1.8420312895196396,1.5456338590558838,507.10216292883865,253.13551708931055,7.920979131088178,4.978680320381582,11.83200325273081,8.333422888033214,0.1954643212596456,0.1640125631389629,21.975954094480574,19.84532964434648,0.8147891532737935,1.0590774714946747,0.875,0.39159693768080406,0.22792556931563013,104.63250266898837,22.84680815578144,1.6621528250075146,1.4205760468976223,813.194666847606,272.0332345845526,8.71468377720403,5.072305399241843,12.441999628942554,7.39997361801737,0.17637679425881025,0.15074224546802614,19.636932853758363,18.30924149989619,0.7575209186957588,0.8147891532737935,0.8861299414140644
stage1_soc,112,-1.0275924759309503,0.9610518208823853,0.21252094687776324,0.13619844458405708,257.9889686841028,11.739064947242893,1.6168795100247224,1.32577366102825,636.323779305376,229.74801375280975,0.8972955368190563,0.6761071319673576,0.8970588235294118,0.39324479493167264,0.23168983688011913,135.03490901961217,27.32222247677,1.7538716307104991,1.4623767749643792,453.727537001196,235.63054147108835,8.751355552362284,5.156076231750362,11.573304246963596,8.19709546448515,0.18610939446244432,0.15517786552845325,20.797066282315903,18.449179306788835,0.77908538504991,1.2620598822832108,0.826171875,0.39680602324303726,0.22473227025147935,116.91266138768981,20.17572889886786,1.585024097346519,1.3463301124065765,762.9910549613948,255.04401185228812,8.830607904987337,5.001241024441245,12.70325828620308,6.665219284550054,0.1681923977788742,0.14286375215786914,18.641589688244842,17.61016383270573,0.7071300680270889,0.77908538504991,0.8861299414140644
stage1_soc,113,-1.0203395321734052,0.9623354237723255,0.22522486557743948,0.1412705808169804,276.8993993016774,11.682860723718386,1.6133073667453368,1.321724908902944,638.5294364628467,227.05773982995007,0.8947679640990936,0.5894171011214163,0.9558823529411765,0.3035811447281712,0.19675899234910807,105.33760287521417,21.578111425535948,1.8103999444461067,1.5202713629194335,486.9483955380705,248.30499019104474,6.755961097898313,4.378717588546243,10.5237627101359,6.870497685190987,0.192107809657207,0.16132126081366177,21.604209405353167,18.59107446383369,0.8648080095227252,0.9366003572940826,0.890625,0.38920638259846735,0.21439853445417612,84.44834999623609,18.264337791828886,1.6139134531926114,1.3696465909379185,776.1277411911797,265.716168024356,8.66148384229664,4.7712718110862715,11.882436041229493,6.62442625123747,0.1712579474056438,0.14533794446731813,18.95501822625919,17.05072909916219,0.7738630852204598,0.8648080095227252,0.8861299414140644
stage1_soc,114,-1.1207162305703409,0.9678365790149265,0.19611884930856233,0.12552344819772104,244.33025364477328,10.749100315948166,1.6157947001560542,1.3252733383309552,645.0771894500018,229.22474166634905,0.9090009242223578,0.7142186129794401,0.9607843137254902,0.3740361889675169,0.2570195564653213,122.47883192681063,26.93734878970165,1.7829130318804218,1.5028990935169013,459.74450629516366,239.79938217683826,8.323883040013428,5.719769343493278,14.884166551818838,9.377444108634013,0.18919107814523797,0.15947782912668368,21.319600841462048,18.525499403754157,0.8485734570352351,1.058868184685707,0.88671875,0.4605613588606836,0.2870607602008022,159.6539788389318,24.574443156371174,1.5881902817942237,1.3504213538035401,779.0088230725662,258.06643881556795,10.249433068196822,6.388312852520083,17.559827881207035,9.506675694283324,0.1685283725788543,0.14329788795529927,18.687138605181616,17.309648443738567,0.748550342341795,0.8485734570352351,0.8861299414140644
stage1_soc,115,-1.1635569143195608,0.9573110353174167,0.2051234090048447,0.1300147454225408,241.382168193591,10.960412978162763,1.6326865514152766,1.3422295742044152,646.3102413270026,232.24905074720033,0.8957740126159632,0.7600336998116737,0.9019607843137255,0.34036090821226744,0.22589526429553242,95.48080306380479,26.41017482834492,1.8589632423103615,1.5738869331338827,497.9992271195362,242.7272333571819,7.574465987294351,5.027122547899315,12.931507875370801,7.370783652786592,0.19726102942560836,0.1670105947031252,22.32178600338449,20.745327877881067,0.7998525118500452,0.9510332942008972,0.865234375,0.4389810007500413,0.25181275464001374,122.47978698480136,20.95688592935374,1.6513159389746956,1.4250944946325035,848.5406380602643,267.37392354428573,9.769179065581605,5.603896038490289,15.404358515754401,7.193935375001583,0.17522685474093946,0.15122171360989253,19.65268342723415,18.84488284902987,0.7335400747749876,0.7998525118500452,0.8861299414140644
stage1_soc,116,-1.2073548965372762,0.9635090035574138,0.2074758890916116,0.13063237966638164,260.3955064677707,10.846077515324861,1.6151573269081734,1.3244478830143225,633.8672287597434,228.7237708871149,0.9012662368299302,0.3700340919050516,0.9362745098039216,0.3369268263452021,0.22683874098584056,98.89097781455811,23.069724161582144,1.7929277074705854,1.5067343798046018,477.7634407292328,242.79442572603602,7.4980431794099385,5.048118884223836,13.194729819812954,8.118101298475484,0.19025377006475325,0.1598848046407952,21.40450539511305,18.95803265994047,0.8351964619003609,0.7867260575294495,0.896484375,0.43868876613272073,0.254821384839488,139.26434515198173,22.48021639951481,1.5997187019691708,1.3679281393197016,795.2917597435903,261.7253263786329,9.762675612582754,5.6708507520440925,15.688892182783007,7.383875770410688,0.16975169318014535,0.14515559361308267,18.9062867372216,17.79148880858703,0.7648777451601838,0.8351964619003609,0.8861299414140644
stage1_soc,117,-1.1494162711245692,0.9671397660175304,0.1986150956187521,0.12642238478772277,239.46826308735237,10.702996144682135,1.60768770314847,1.317383169382387,633.8784166498101,225.92072226475543,0.9075552373319048,1.1066007041463666,0.8578431372549019,0.3270817366280561,0.2351811901191432,102.8549842132947,30.304272295465246,1.7673221852565175,1.4844465152013535,463.95301529494947,238.03369751808913,7.278948402644689,5.233773569254602,12.706992948677426,9.679086947933097,0.18753667940046997,0.15751976211856047,21.07102656479641,17.695795281314034,0.7597186162664851,1.3643863499164581,0.826171875,0.41439449118743904,0.2390509995066168,110.58364497733479,22.792067533267996,1.5662877924204623,1.3347121956539922,774.1336827508791,257.4001442257188,9.222025512001135,5.3198931525425,13.405699755459299,7.949663595139745,0.16620422355722977,0.14163093476469274,18.454007419155168,17.30469487905407,0.7018535276437683,0.7597186162664851,0.8861299414140644
stage1_soc,118,-1.2601234718234195,0.9670664172809623,0.19248279232138826,0.1219820006349861,236.06198102072693,10.282924724008854,1.6131342942669544,1.3218794238037066,636.4010802750299,227.6751807710956,0.9093215795845458,0.5486671176611209,0.9656862745098039,0.29282326659087893,0.19057702755226807,97.86423990141347,22.917688844635578,1.794672783805543,1.5097686936165773,482.55504821619115,233.6047560819279,6.516552928275145,4.241142793795981,10.498708279791483,6.333734051343415,0.19043894615991488,0.16020678619079437,21.42471635017032,18.932559231959182,0.8778392945325403,0.5890204086899757,0.923828125,0.3672494560746246,0.19739955590762293,87.79782942569685,17.872301898537724,1.604219127232244,1.3723797951606684,777.6389705202356,265.5154627512345,8.172849603970283,4.392972829878614,10.90429298122865,6.372979423271331,0.17022924889509508,0.14562797423570664,18.964002844386215,17.954757354010457,0.8136532881776126,0.8778392945325403,0.8861299414140644
stage1_soc,119,-1.1623296916482646,0.9637657241354017,0.19456940227774525,0.12406034131895116,241.3949536642178,10.605375041860832,1.6167414309711954,1.327142849729046,640.0115067105347,228.54840506062249,0.9053949034520782,0.6086265596688962,0.8970588235294118,0.2978827469567566,0.2075518463537389,96.89535483023192,24.436478484883363,1.7915341360065653,1.5143227885458983,458.53603272087355,245.6900893398808,6.629147709344489,4.618904118760007,12.111398510643143,7.480956605029444,0.1901058933691231,0.1606900369799511,21.481889948000237,19.110994453609948,0.8076939994423848,0.8279094472527504,0.896484375,0.4034366400041133,0.23047563131513016,139.21092345877014,19.308828481232034,1.5838300240390801,1.3460355256465846,778.3020486807591,256.9280845736246,8.978167098536769,5.12905503592062,12.971245865993415,7.213363195513654,0.16806569052373652,0.14283249253626473,18.62449775517273,17.53317934925658,0.775453382998766,0.8076939994423848,0.8861299414140644
stage1_soc,120,-1.0812216723507797,0.964975978288774,0.2003198652366065,0.12936988382610035,245.93499320009732,11.033850512864143,1.6129134498501396,1.3232555282214933,639.0743077883328,229.4170263635531,0.9048800187177921,0.9797937309040743,0.9509803921568627,0.3469654844212276,0.24133648607405087,113.90814899853332,30.17388765369143,1.8095110676241293,1.5241141636289803,483.93037477793325,247.73682748821545,7.721445668709654,5.370754869771939,14.517695615011792,8.261758788556126,0.1920134878583973,0.16172903370910674,21.628291904551197,19.041332623791263,0.8468907468304945,1.2798939943313599,0.875,0.43614273075720067,0.25618739117635414,125.10131238945138,22.70002930511881,1.6142897766381645,1.3760903736183536,781.0270869972625,266.56142782104905,9.706015585273455,5.701250155404974,15.50642500668286,7.339769454845001,0.17129788039010377,0.14602171656996482,19.0270888659539,17.852284386837205,0.7441571807728398,0.8468907468304945,0.8861299414140644
stage1_soc,121,-1.212101349857471,0.9643525140279459,0.20126071266012327,0.12555633259272464,239.71839571795667,10.544201363584275,1.600799950122824,1.3126481594610389,633.4829688941658,226.4541031404764,0.9039743002299089,0.6069703341699114,0.946078431372549,0.28960221334465913,0.1910708806358789,115.73916036931503,21.224642803209672,1.8131361056116142,1.5308392081482738,478.74889148983823,235.40270363650308,6.4448709058451765,4.252133108177788,10.345377836096686,6.789745280992255,0.19239815319703488,0.16244265147981646,21.70816256115338,19.513047734778574,0.8591977673691512,1.1787125319242477,0.8515625,0.3865009605692899,0.21697052552099194,120.94862004519116,20.220503760089258,1.6250134550814208,1.3825253781324136,793.5865716875969,265.3449849199653,8.601276789586281,4.828509462018474,12.779367419192091,6.812870873049933,0.1724358070584745,0.14670455719096837,19.127853200576503,17.346090555286743,0.735612211829213,0.8591977673691512,0.8861299414140644
stage1_soc,122,-1.0643844125110569,0.9670297429126783,0.20411820136135184,0.13032585649032868,249.67217427993705,11.067808024567734,1.6099267262429557,1.3199259383023898,638.7268100151042,227.20901127485837,0.9057942825042727,0.34970730601572525,0.9509803921568627,0.2825613098813699,0.18912341508685665,94.69956713678488,26.664673599416595,1.809331768029601,1.5277232949932416,475.9379331540963,247.3184231344353,6.288181102416731,4.208793784516986,10.178036536999993,6.816230029628107,0.1919944617572957,0.16211201114085066,21.656882241805512,18.407892868275663,0.8662119991924517,0.5560001954436302,0.890625,0.3750257326192782,0.2028696274574031,102.89570753197779,18.882319448276593,1.6058278193671796,1.3748111919048824,781.3456238422907,261.26244345531086,8.345904560559303,4.514704996828988,11.117415858441358,6.697156275576782,0.17039995279033288,0.1458859781670322,18.990354897083222,17.240825114707064,0.7781172802142166,0.8662119991924517,0.8861299414140644
stage1_soc,123,-1.1425503234783363,0.971100597792203,0.1974333235649247,0.12594723584742373,241.1542090530982,10.630555827390474,1.6038091232848588,1.31455373162427,632.8467924251671,226.42464703678223,0.9118706007227256,0.7818431515319675,0.8970588235294118,0.2987778777471061,0.2076365106519969,112.52198519598228,27.86479852522304,1.7868837237356379,1.4932579330953897,467.36668266149024,228.01714033445708,6.6490681454524285,4.620788256544401,11.38549874776365,8.523066346581205,0.1896124220131879,0.1584547721956379,21.233303726836873,17.87968690441572,0.8074254602052799,1.018601506948471,0.853515625,0.397462400447729,0.2242822026310023,112.65099951480414,21.969849513943178,1.592187235769885,1.357053376013937,776.0278828386961,258.380776627294,8.84521506665548,4.991225121318903,12.80777747152309,7.387834577409921,0.16895250321138144,0.14400163480656591,18.76586718797636,17.364919386189293,0.7342769048656813,0.8074254602052799,0.8861299414140644
stage1_soc,124,-1.2756253938039774,0.9669197198078263,0.19061120812318122,0.11959724569899577,229.41868214932643,9.957489607893544,1.6024446409228945,1.3124044720692403,628.003877798684,225.2703530582126,0.909736357370872,0.7238998833824607,0.9656862745098039,0.31203087245053446,0.22429516838461744,115.57827064704664,27.702843158802118,1.7921247421009856,1.5130661546307451,478.98797774706014,233.4301583027202,6.944003184080027,4.991513664031618,12.553792770348625,8.131722640183835,0.19016856462776813,0.1605566912020076,21.44937011810078,17.688647232225417,0.8720770127746436,0.9865093529224396,0.87109375,0.388822571780774,0.22737642375886935,113.45737459809024,21.196387940446495,1.6104491892924222,1.3709253349588835,797.0932197820496,261.60691904072235,8.65294243253415,5.060084594086499,12.8539081701921,7.875792566681611,0.17089034236235956,0.14547363642518268,18.971317167836368,17.392844363613428,0.7544469784657678,0.8720770127746436,0.8861299414140644
stage1_soc,125,-1.192583574100913,0.9683500201709025,0.20187765239818348,0.12575983693324033,238.32892046366808,10.544968766492056,1.605170410029017,1.3151650677505153,637.4956336972502,226.4307496993,0.9077867244514475,0.4584694399553187,0.9607843137254902,0.2699017979832964,0.17944642257712343,106.69705662829234,20.340736968977357,1.8080360991551785,1.5128428120823467,485.12928373564534,238.79171802146686,6.006453559758088,3.993439879718483,10.075662774534722,5.695010778074966,0.19185697384460002,0.16053299155049813,21.517733716904186,19.144383150927666,0.8798137743305013,0.9375889003276825,0.880859375,0.38133755114336565,0.2077853165801571,104.07691997842616,18.174420430329832,1.620620867992094,1.3832441990161897,795.6639740094057,265.1463688449478,8.486369148516212,4.62409981616938,11.572103648537798,6.719813154361112,0.1719696944257119,0.14678083376507106,19.118614693130617,18.335994641785103,0.7664581096569903,0.8798137743305013,0.8861299414140644
stage1_soc,126,-0.9337340690534112,0.9606850771995452,0.2183436536112166,0.1422720401827823,270.9184782202964,12.170819476212738,1.609737239561202,1.3191920753594915,635.2890309136918,227.34190915836786,0.8951819811161802,0.3584344749357186,0.8921568627450981,0.3706322383569581,0.23461631890021117,121.72209324650093,28.52306435619291,1.7769404212543942,1.498915537023077,478.32557750197856,233.1649511683147,8.248130779692072,5.2212028017787615,12.164310215676714,9.393143067092636,0.18855730374150942,0.15905512014736553,21.26995761002305,19.068644953116646,0.7809671912380107,0.6957646608352661,0.8984375,0.3723110867425953,0.21022106778582383,104.23835544605218,21.0941660449521,1.617268686436072,1.3789370350496029,778.006269763817,266.49243057537194,8.28549223833204,4.6783055554763395,12.192750867962687,7.498053904619953,0.17161398282824067,0.14632378567578347,19.068537137770004,17.994862168984966,0.7867441739772214,0.7809671912380107,0.8861299414140644
stage1_soc,127,-1.0683565030319355,0.9617486338797814,0.21249322661452555,0.13565474636982192,254.85002303571207,11.423569490988,1.618897704540338,1.3264242207320858,639.2433592002496,227.955214719332,0.8980006658954237,0.8670604486091464,0.9264705882352942,0.3207610471000671,0.21399314104415038,118.35826230203077,26.35848707316471,1.7885299440191444,1.4924591031729006,473.32819076646575,236.11098946011805,7.138286397429502,4.762250097600308,12.184650950018638,8.154243621451638,0.18978710815027483,0.15837000558527167,21.223251988852518,18.160133623418837,0.8302422741052741,1.0911815017461777,0.8828125,0.3779366659440301,0.2140313607033022,94.55504327091472,20.834939971078143,1.5993808069494997,1.3609908143480425,760.2616827555457,261.3335008023398,8.410685106525717,4.763100646242372,13.362266217066484,6.694241123963297,0.16971583796907871,0.14441945002819462,18.824364369550764,17.091394988224067,0.769431500216791,0.8302422741052741,0.8861299414140644
stage1_soc,128,-1.1915852554115425,0.9678732533832105,0.19824386249073145,0.12481100124871963,239.6509662848621,10.424163322612339,1.6057940805863142,1.3134835656458665,634.128899364123,225.37226119395854,0.908400094635991,0.6444416981117398,0.9411764705882353,0.29758431569227517,0.20181341929470792,113.52032834495604,25.271691071891187,1.7698003332793357,1.484082265081359,471.5131252122676,237.94470398432082,6.622506354806354,4.491199909697043,10.87174964456023,6.61764235798902,0.18779964427192303,0.1574811102764997,21.085898320972746,18.359635645394043,0.8519011758805527,0.8057927489280701,0.892578125,0.3801082818953984,0.20770021177304443,100.06135932751653,18.52672870104152,1.5806338428243443,1.339233383863757,759.7755725245199,255.49408259385447,8.459012722195514,4.622205875204726,12.27460265435106,6.878440493427126,0.1677265326628925,0.14211069370784252,18.546443797004752,16.89883695364446,0.7785456404313805,0.8519011758805527,0.8861299414140644
stage1_soc,129,-1.2279496130238718,0.9716873876847472,0.19716577960947634,0.1215101969942574,226.7191098092528,10.033672963029556,1.604363687416128,1.3121618650210551,627.0235829679833,225.84099375890787,0.9125376538019042,0.5100825072503558,0.9607843137254902,0.32096641892636996,0.20404761696380436,102.44289971328881,23.264177327928152,1.8273349904137384,1.532822797549706,504.2528949865701,246.05035786151544,7.142856786905925,4.540920232581213,11.327047626378429,6.795880950775653,0.19390484605088695,0.162653137022714,21.7910980879465,19.559144121464385,0.8644943880475793,0.793291725218296,0.91796875,0.42102880559676165,0.23458651688997634,115.35286602693093,19.038357885823757,1.6206852898021578,1.3883043310270295,794.6292163533138,270.09367528123823,9.369666993822225,5.220539581334139,13.272486090950451,6.773126432540071,0.17197653044714653,0.1473177819019515,19.180800542192806,17.80742033655809,0.7916601083209716,0.8644943880475793,0.8861299414140644
stage1_soc,130,-1.2121480417648558,0.9663696042835662,0.20215540158178272,0.12588225371884415,238.8022171055211,10.582678707063888,1.6121711269330272,1.320489030282394,632.310660035235,228.1581723141727,0.9057229838090314,1.349067816547319,0.9362745098039216,0.38011459865942143,0.2722585734856479,122.81493917829296,34.84586510081864,1.7784557313132476,1.5036109260776465,481.33906452918416,241.5075616513164,8.45915329684168,6.05890175651492,16.52518441985817,10.458290838115794,0.1887180985411618,0.15955336414562074,21.293449421079377,19.176609735587988,0.8222401302060951,1.6194498538970947,0.880859375,0.45683636423021556,0.290419361757813,151.5535743026659,28.721974588886187,1.6009309206037132,1.3686239637681865,790.6674155242061,261.8904631261332,10.166536224139342,6.463055905099398,19.5530798669278,9.956546217708578,0.1698803258988007,0.14522942995577282,18.91196382567892,17.737712129630747,0.7438084657309354,0.8222401302060951,0.8861299414140644
stage1_soc,131,-1.2204450399790738,0.9680566252246305,0.19015886450167674,0.1199101441866143,232.29347990078597,10.159677939450578,1.6118989739532008,1.3216987026671387,634.9709247767729,226.78743669126212,0.9110089658741275,0.8478372611251532,0.9607843137254902,0.30591500437546926,0.21520308555816026,98.40610366098545,28.64476462376221,1.7706809382993123,1.495143104563741,473.97648354616945,237.39832291513343,6.807899320211884,4.789176467070933,12.120662553271595,7.833503554268237,0.1878930883211674,0.1586548142707188,21.176543336227457,18.14469435423404,0.8690098124128495,0.9076211303472519,0.89453125,0.39920060381133204,0.2269465096087515,119.54078362296266,20.62239320447891,1.6009658043788875,1.3700509217815124,778.1659639936436,254.81215350732018,8.883897423938418,5.050517190695116,13.516586831436303,7.090654299837311,0.1698840275370281,0.14538084941380686,18.927193357120753,17.7238741155629,0.7747710688566004,0.8690098124128495,0.8861299414140644
stage1_soc,132,-1.216842220024285,0.9666629992298382,0.19847799056494184,0.12289790566292774,232.98089731961707,10.388782260763048,1.6130592966135844,1.3220654770914453,633.849131508791,226.96679122148865,0.9071196020603557,1.0688635426409103,0.9117647058823529,0.3294916586912966,0.22166010671678713,112.62581218897833,25.81371328543462,1.7783072076384943,1.4889624096891458,481.86350492295605,246.21433994299286,7.332579334574927,4.932872426169612,13.535062390370713,7.487560865797663,0.1887023381795209,0.15799895932653332,21.17719203743093,18.784995439617077,0.8129172082749639,0.8115692660212517,0.8828125,0.39926730331442817,0.21417314755944972,95.74044470317618,18.81562296170504,1.6223538694119766,1.3811968521113158,791.0552492809649,267.3236101430033,8.88538176924771,4.766256001905793,12.910548023786435,6.388733803469782,0.1721535892098052,0.14656358269261582,19.10847608523597,17.87044798632133,0.7630323090056715,0.8129172082749639,0.8861299414140644
stage1_soc,133,-1.2530720289659285,0.9723108519455752,0.19753603372543002,0.12171719732373298,228.92021174612998,10.151719480093515,1.6152484926045925,1.323780600139414,639.3670383094587,228.02469854705313,0.9130500418279462,0.49196799011791453,0.9362745098039216,0.2823099358657514,0.19244717917971166,92.47858364170051,25.547757842467295,1.7987071295966781,1.5051852889797266,474.14424340856147,230.18746433058075,6.2825869701722485,4.282761556560358,10.827076748090656,7.345878748540411,0.19086704456751388,0.15972042524703758,21.400448419669605,18.743662612249196,0.8515815290441962,0.8035286664962769,0.892578125,0.38987998183443195,0.22098755189927033,115.82094883902613,19.58421676015249,1.5927681081207639,1.3535946057309047,764.0333197177501,261.9641671969878,8.676474266810079,4.917905244372416,13.077857458333566,7.171387566661608,0.1690141415887798,0.1436346127100291,18.727269493646645,17.800405930713445,0.7756141304496704,0.8515815290441962,0.8861299414140644
stage1_soc,134,-1.2609772291951882,0.9674331609638024,0.1895542771785006,0.11978249148508797,228.31327539932195,10.148076350512536,1.6031789556161378,1.3115255804991683,620.8945902625842,225.79139960055033,0.9105668778102523,0.6863676344647127,0.9215686274509803,0.27917805127830964,0.18346612743448978,101.04455481993143,21.122992581022793,1.7946694137544617,1.5053116779993563,483.33851923108546,245.84929135280723,6.212889326549454,4.082895269531035,10.27959119654795,6.287870477974204,0.19043858855212017,0.15973383682374484,21.39621287221279,17.726655596191076,0.8378152120674874,0.8545174151659012,0.880859375,0.37408027591363574,0.19613986675813067,85.36671138206724,18.223470217933404,1.6059469211205828,1.3761355615351931,793.1111971679891,259.3323923502381,8.324864160541091,4.364939432425572,10.075656413574194,5.798163073755046,0.17041259108997647,0.14602651161635977,19.0046640493005,17.058733922492635,0.7686352922259093,0.8378152120674874,0.8861299414140644
stage1_soc,135,-1.2334858351608584,0.9704037847948069,0.19076247964323925,0.12020235001872578,236.95484025806934,10.034175699216362,1.601264132340691,1.3103380231666635,628.3051781787291,225.4449248157184,0.9131750409018352,0.6424328018637264,0.9313725490196079,0.28170087152682294,0.19200096562431723,96.30521890360434,19.686569989129573,1.7792810306081854,1.5029446016631873,485.9521456539181,240.57837401393797,6.269032719352084,4.272831422644107,11.488635882417945,6.739616509259491,0.1888056739083333,0.15948265815373452,21.31906702812738,19.03591886091778,0.846862287561561,0.9238933622837067,0.8828125,0.3817130840798836,0.21359492180272355,101.8164516627742,19.331095409387153,1.6146836625411556,1.3758011719110073,789.8697143639255,266.9240247588565,8.494726340503105,4.753388039629207,11.907277548882412,7.064171638154614,0.17133967698776198,0.14599102837495143,19.026650280311046,17.534208171275758,0.7682985747760349,0.846862287561561,0.8861299414140644
stage1_soc,136,-1.2300839998079667,0.971100597792203,0.1897170016639312,0.11966079705455585,229.39230704460448,10.082633091785574,1.604858987797256,1.3138528053169942,629.8231155171172,226.11233996022014,0.9141854972930237,0.9209375007479799,0.9411764705882353,0.3195684618742513,0.22774207283395762,115.85906654550304,26.529243711890025,1.769222420503461,1.4884644549559145,470.6475551619078,230.0377494622683,7.1117463453496725,5.06822182846247,12.602795885590414,8.099139840358538,0.18773831994528084,0.1579461196247851,21.1291515634277,17.993823802346867,0.8453059320259599,1.1283642053604126,0.87890625,0.4404417248655982,0.2572015159548755,127.42520579673919,20.748862200103297,1.594269353317647,1.3606992784552858,806.2625837298174,260.73082604185186,9.801686339076143,5.723818709714365,14.257042048231344,7.31092698065374,0.1691734439172053,0.1443885141446813,18.80976713361314,17.570057209218895,0.7467737325403205,0.8453059320259599,0.8861299414140644
stage1_soc,137,-1.292797127690572,0.9746580115157516,0.18406055702175791,0.11604883658428829,226.37167963625078,9.762975509306182,1.6070122875390702,1.3167825641142168,638.6458560608838,226.75295985056826,0.9194398444092242,0.45342758473228006,0.9852941176470589,0.28314699179465835,0.1852753767287176,98.4271665370266,20.886387641206177,1.8219012277273101,1.5172694139182568,471.7697396448479,247.69899041208913,6.301214995629903,4.123158698470761,10.049608916637636,6.500179213226623,0.19332825066869574,0.16100271360585394,21.598311034024466,18.559903197130186,0.9003500201086614,0.9107867479324341,0.904296875,0.3677268839740243,0.19836744519125205,97.84858991339918,17.269903402222536,1.625384064391019,1.388504945593013,792.9972006777343,265.9179841140219,8.183474388715343,4.414512449386691,12.10333795967758,6.154234752257274,0.17247513369617345,0.14733906980851302,19.196023588670776,17.745725333336246,0.7939788098077927,0.9003500201086614,0.9003500201086614
stage1_soc,138,-1.308123490700834,0.9772985660322001,0.17650388878602552,0.10989078131099646,213.42036957578472,9.076324783312781,1.6087512217190498,1.3187137032766227,637.3654918303387,227.37871555293964,0.9243473993963924,0.8970091132556691,0.9411764705882353,0.3405916418446768,0.22601322622458433,103.2868362516702,27.430800990197042,1.7972750946806042,1.5013290279928375,464.8121103845299,244.51054829937783,7.579600783942971,5.029747698431708,13.058429981902927,7.367810535513277,0.190715086381742,0.159311224034935,21.359417484262973,18.002899795491793,0.8389989780348323,1.2924135327339172,0.8671875,0.4621972860936496,0.27652413218311267,159.807102530622,23.837487638230236,1.6072750507693225,1.3723776837941841,810.770099264078,257.63378646181127,10.285839350131118,6.153828431380308,16.00795734403002,8.786715698627521,0.17055352352788494,0.14562775019129487,18.96886763055784,18.129145385379715,0.7285283141719051,0.8389989780348323,0.9003500201086614
stage1_soc,139,-1.273666193948072,0.9723842006821433,0.18725208129866075,0.11722236942604965,230.71418668397908,9.774512871978684,1.61512887672781,1.325065974411244,637.4566096769845,228.3502697774893,0.916208576292545,0.6132509953835431,0.9558823529411765,0.27388094428018733,0.17650610418971993,93.47096844462537,20.928699971853014,1.7906875537954747,1.5016323490177883,483.74772038513606,240.05332244794067,6.0950063505077,3.928005392150027,9.42283736976742,5.980243209589025,0.19001605959799078,0.15934341047965128,21.334684549937442,18.386153752909642,0.8737180696571203,0.7751113921403885,0.91015625,0.3778259250668365,0.20527577754182857,104.74738360088162,17.92214594249168,1.6243160561393306,1.3862501304611214,811.3007613758311,262.0294336520665,8.40822065485848,4.568251986318862,12.394712261895585,6.120251194569446,0.17236180364081355,0.1470998035637816,19.164145219387308,17.72072159918212,0.796808472479949,0.8737180696571203,0.9003500201086614
stage1_soc,140,-1.1651993998130887,0.9627755161917336,0.207427801772738,0.1301618479576551,248.38651538281462,10.928162214727086,1.6119424889437077,1.3211455229991147,635.2499013289698,229.21164658647163,0.9005471756599123,0.876402900499456,0.9068627450980392,0.3864288285287184,0.2358895872842849,114.7799800241645,24.75174829773462,1.8310133234219397,1.5367942483109587,498.8776487282741,239.07278174444093,8.599671547401526,5.249538394483929,12.829718865023018,7.309049670834874,0.19429516670879632,0.16307456142081245,21.841218496361904,19.886812773802518,0.7909340965394237,1.2038337290287018,0.859375,0.4249077572664619,0.2377893382408729,121.24058788392509,20.110858187006457,1.6290804007132402,1.3965238051096094,800.0594724595468,264.17395663875936,9.455990031455498,5.2918158671836775,14.823455775086707,7.020355568566449,0.1728673647481003,0.14818997877059517,19.282274185461034,18.00341554777432,0.7319026728200615,0.7909340965394237,0.9003500201086614
stage1_soc,141,-1.0879384806636458,0.9646825833425019,0.21828539494416604,0.13655743291462524,260.6237748050018,11.329174285192405,1.598512547803023,1.309887194624016,627.2268305390767,226.66246601671412,0.899196964859252,0.8818779967579187,0.9411764705882353,0.3163460880078212,0.21354897704212836,118.59397348981952,26.664136374111678,1.7912743770825101,1.5057882576012145,480.6847683654997,252.60144704531587,7.040034933549118,4.752365574892435,11.7236056150312,8.792179931204016,0.19007832944983985,0.15978440833625576,21.371522709210865,17.327943315772643,0.8462726441858889,1.18837371468544,0.90234375,0.40369514912979315,0.22855073497885314,119.39865471209363,19.862732320954503,1.6029788408099555,1.362774096436624,756.9682250011704,260.8024429910728,8.983920017078889,5.08621797244944,14.106730398300883,7.408245543614478,0.17009763780625012,0.14460868026822488,18.86556870341479,17.667509627422938,0.781235205261062,0.8462726441858889,0.9003500201086614
stage1_soc,142,-1.2929161983245092,0.976675101771372,0.1923022109012836,0.11904229459891563,224.38645722694682,9.806509794865654,1.5953510104328579,1.3060922002096103,620.7901629640422,224.44590668461078,0.9189844385009869,0.7157126407997281,0.946078431372549,0.324459128956962,0.22439460698332564,112.25443982930861,24.560000166687264,1.7946961916876862,1.4994606229239236,473.1370818174835,236.61073791967277,7.220584318746045,4.993726592324986,12.23254769540137,7.228573483576842,0.19044143005137823,0.1591129611005803,21.32341713873704,17.816096085735396,0.8487406926854604,1.0963198840618134,0.91015625,0.4082873042220366,0.2377471061754477,111.14618111094288,20.86261428833673,1.600256066184902,1.3579915629597963,790.962653991563,263.83328230884274,9.086114839443407,5.290876025576083,12.926453207418504,6.938103807258982,0.16980871475860315,0.14410118907343988,18.791144996964377,17.84692178851416,0.787670058733389,0.8487406926854604,0.9003500201086614
stage1_soc,143,-1.1708152420682456,0.9600249385704331,0.2084771398847151,0.12985859481881848,244.5309166065123,10.859533184038911,1.5958558911433758,1.3062192881363388,626.8475154220241,225.17176623577154,0.8974817966050186,0.7029714584350586,0.9558823529411765,0.3145551551316822,0.2084107404921715,108.05142622723214,22.150690710514656,1.7946159950198084,1.5038641511517412,480.2831441656895,240.63552179279307,7.000179122177905,4.638018136501983,12.41920540126472,6.994264936422616,0.190432920105134,0.15958023473545027,21.362885307457407,18.30627298501384,0.8615158064016719,0.7527354806661606,0.91015625,0.3739074919629739,0.21052662142574263,103.82762447092966,19.298986617254204,1.5883876871263285,1.3511301098405966,748.3691979224343,255.24333197826616,8.321018988766479,4.685105412913009,13.184660751172487,6.247714111665195,0.16854931994249164,0.1433730965136501,18.69075746953049,17.414382029424807,0.7979840024111078,0.8615158064016719,0.9003500201086614
stage1_soc,144,-1.2963742378254939,0.965269373235046,0.19531050654930399,0.12037615630874725,226.7590694490881,9.935807428457311,1.6003664838383713,1.3116030679513526,630.8075321025439,226.26616656077033,0.9066762212702548,0.7067009701448328,0.9411764705882353,0.2921950922216598,0.1993286162980047,102.48334600498528,22.931874554567763,1.8066596066267449,1.5298549659988459,489.5315050016498,241.64055891477938,6.502573398667199,4.435902561119286,11.305934604076548,7.137617866061824,0.19171090945398947,0.1623382101357483,21.6832163342406,18.20311712926088,0.8535179429217373,0.7767064347863197,0.896484375,0.3751528370597822,0.206551849249081,94.51748743866153,18.252734353838584,1.6248930691678118,1.3884080038187676,791.4280550505962,268.37103267157113,8.348733170538306,4.596649964790302,12.076415138418934,5.963590034866803,0.17242303249214294,0.14732878298102406,19.19460028624573,17.716194783822708,0.7839385238820653,0.8535179429217373,0.9003500201086614
stage1_soc,145,-1.4499902786426682,0.9746213371474677,0.17573706120030017,0.10834932556033211,211.17792681898985,8.834054813005357,1.6061884555016492,1.3169301797716084,633.615549571669,227.9208760051699,0.9219002187873776,1.4656604177811567,0.9705882352941176,0.3402819614555825,0.25979220718327983,154.1789820090719,35.49114842191614,1.8258947778306278,1.5258157938426615,471.9606452493461,254.6762874723422,7.572709088928854,5.781472518126735,15.120605630080874,10.928632310140642,0.19375202010453685,0.16190959958583453,21.723467419616377,18.877724817996757,0.8685036468574429,1.485136330127716,0.90625,0.4267958097025832,0.2636667623082758,127.36130780411327,26.886724253180326,1.6188853727454386,1.3725810806863592,789.8702002013835,268.41204494033263,9.498007162725784,5.867697714093941,16.80180527800831,8.634633663147,0.17178553501302066,0.14564933334012709,19.00354944684352,17.48222505362736,0.778211257089225,0.8685036468574429,0.9003500201086614
stage1_soc,146,-1.3497842009689136,0.9774819378736201,0.18313469413123318,0.11458183772756571,230.20108772501666,9.593795320502032,1.5993269298183361,1.3091522168910357,624.8226678214228,226.08144922267292,0.9225415296342502,0.6098485162445143,0.9803921568627451,0.30554205667004086,0.21544963859167754,93.32755142564918,29.305507399650445,1.7935077072758436,1.4961795096888262,472.4554258763835,236.03543932406598,6.799599660522279,4.794663312126819,12.237324332359362,7.377644328682705,0.19031531585331318,0.1587647908088359,21.289071709715753,19.15466879307965,0.8887295398617328,0.80899977684021,0.921875,0.4140397699389731,0.23465308994263978,118.05486545400132,20.163865590959908,1.5922114071317206,1.361736623723118,774.4493639254267,263.95817037450047,9.21413146786549,5.222021112587884,13.350897562348209,6.848483445683811,0.16895506811831976,0.14449859044460212,18.813021776230165,17.54862274354003,0.7976630690183081,0.8887295398617328,0.9003500201086614
stage1_soc,147,-1.3088611046394492,0.9726775956284153,0.18616881704899102,0.1153864737877526,225.59752991417096,9.61485955844889,1.5911052760419282,1.302825534123716,627.8791886065837,224.4917210662075,0.916826950513718,0.9631320612103331,0.9117647058823529,0.3218405643366027,0.2264494843251419,119.99140224157014,29.78864230345434,1.7854838087664777,1.5023558497721075,478.33598405119307,239.58680715184934,7.162310209781468,5.039456281481715,12.198209043163107,9.106351077625973,0.18946387218625232,0.15942018365102922,21.33676757627616,18.94934982410159,0.8152125365813722,1.3008321821689606,0.859375,0.37967775705434836,0.22350264558008348,83.60912386908294,25.06860485217317,1.6043226780049475,1.3647932152161957,782.8730585359016,263.78727970888485,8.449431728354748,4.9738766884499395,12.264830677009101,7.521309517344765,0.1702402370263052,0.14482293595651696,18.881508483054382,17.455646131092678,0.7454716728836955,0.8152125365813722,0.9003500201086614
stage1_soc,148,-1.2567575521764134,0.9665163017567022,0.19113582606833937,0.11965636937402913,229.35271603887495,10.006356099134292,1.600446162153614,1.3108359540115178,625.5026185730586,226.62472024266248,0.9091755539362004,0.867984788090575,0.946078431372549,0.3368881746778655,0.2353544338861955,139.69403547374822,29.36559040428768,1.80382839920449,1.5266087312324375,490.8049231687379,250.04268744528966,7.497183016763379,5.237628973883591,13.959349931450909,8.152485047060047,0.19141048022660065,0.16199374091914176,21.64255444043547,18.973755004610144,0.8450119789691893,1.162755861878395,0.87890625,0.4202721130956359,0.24967489251866937,129.41479144807124,25.536328629170796,1.6153147053781558,1.3766849236926646,798.4329722214461,263.2067372677906,9.352827393638048,5.556319587925794,15.091451957830685,7.550547009569549,0.17140663912924228,0.1460848063379787,19.03723070312549,17.84025657631291,0.7528246160713092,0.8450119789691893,0.9003500201086614
stage1_soc,149,-1.2802808860542094,0.9718340851578832,0.18801891437040807,0.1174955097421305,230.17950485525233,9.76788278588515,1.6001337952990053,1.3126401193831385,631.3176641409017,225.29556704288643,0.9154284108467607,0.8754795707908332,0.9313725490196079,0.3413237156330361,0.2306337158376004,105.76497606887749,27.95529996349415,1.8058564163714275,1.539470687508583,497.7799934310182,247.89621420141611,7.595892513916437,5.132573083409852,13.168089958166458,7.934355652708337,0.1916256801536018,0.16335856765574064,21.78001769614799,19.749031591725036,0.828975434329697,1.1412514746189117,0.888671875,0.4087968276991012,0.2378625495369988,135.6515496792359,18.692014314519067,1.6263833162705108,1.3933367593344883,791.6592558813832,268.12838326144356,9.097453886183601,5.29344512735725,13.745099842556874,6.908007699457098,0.17258116777469512,0.14785179030289552,19.242068235082797,18.126261682066563,0.7660328266902696,0.828975434329697,0.9003500201086614
stage1_soc,150,-1.304635787419405,0.9680199508563465,0.19380849913607454,0.12073923720285079,224.4824511222027,10.207451367823554,1.610227675460876,1.3204897244463238,635.2835223483205,227.8974407693363,0.9098774011155242,0.38253916712368236,0.946078431372549,0.2810850597034781,0.1942993154196872,104.47188148827914,22.113016261118506,1.7916258228375856,1.512612802871302,488.0164302150535,230.2431825843307,6.255328308540047,4.323979400957404,10.663329099554323,7.29548375765995,0.19011562257638243,0.16050858447632083,21.463245888012725,18.908467238959595,0.8617529134615056,1.0187250673770905,0.904296875,0.36485225675163546,0.20243679447594332,80.69456567914267,18.85214371381806,1.6165968613911266,1.3830227697108057,781.5527514314292,269.9654172612293,8.119501806680288,4.505072637127439,11.67881905827974,6.821220440526453,0.17154269314539836,0.1467573371344057,19.108954356487708,17.283783676901223,0.7948411979745094,0.8617529134615056,0.9003500201086614
stage1_soc,151,-1.2614419815209534,0.9690468331682986,0.1939207125993504,0.12087990745601697,234.13036001119337,10.241951386073863,1.6032597847367602,1.314863844101831,630.2198083721672,227.05208280377872,0.9108706193884936,0.880256897094203,0.9117647058823529,0.2963425250759736,0.19666290742472983,103.88585319381475,24.626507061513514,1.807687654421299,1.522395935713076,495.464788904976,245.44976420464593,6.594871275220035,4.376579293653867,11.028934567116998,6.97881830984072,0.19181999916681264,0.16154670659269865,21.620968114146816,19.022997132252556,0.8228619483595608,1.2146108746528625,0.87109375,0.38537919910539764,0.21600670055522642,102.51481155939541,19.830439514181947,1.6240033909723208,1.3874131733973627,798.8233139341057,277.2730021100775,8.57631286497244,4.8070602907277955,12.940666348177386,6.749562498773175,0.1723286256568136,0.14722321807873673,19.179563401641275,18.18464067472904,0.7554799902683808,0.8228619483595608,0.9003500201086614
stage1_soc,152,-1.455898021612903,0.976785124876224,0.1777032266321207,0.10850154702327469,210.29033700189706,8.782713818027926,1.5955540613323809,1.3079912217545884,621.1534285249958,224.6470694014182,0.9234741568865878,0.9196989396039177,0.9117647058823529,0.35310148627611737,0.2387376858615408,128.7324647296316,26.1442627363375,1.7937011776036664,1.5089924763522895,483.51149227884116,247.36876482095448,7.857997594111299,5.312920602256252,12.55691072259548,7.697115567960548,0.19033584566001457,0.16012441908792416,21.415301158409818,18.490556815190946,0.8058342599995177,1.4734635949134827,0.87890625,0.4379353938983665,0.25393872056793043,123.95211442900651,23.05356538211766,1.6212211707911275,1.3907779182263766,806.3649544813788,264.0811267566976,9.745909902340467,5.651207748568078,14.265516710472243,7.135215550565235,0.1720333946352745,0.14758026280862654,19.205712706911335,18.044250951338427,0.74752563183049,0.8058342599995177,0.9003500201086614
stage1_soc,153,-1.3092387601048454,0.9722375032090073,0.18844978931486434,0.11585966964431457,228.30018462793987,9.443023000973984,1.594123629797154,1.3063319096984607,626.2074745555472,224.6444798184586,0.915702566414548,0.6304430061695623,0.9509803921568627,0.36190789558291286,0.2404361007182731,116.50905564473986,24.285655796088243,1.8133791851655299,1.535122089087963,484.74877673696733,248.26957778773874,8.0539773501734,5.350717497417345,13.430976954297796,7.514192521808855,0.1924239472105723,0.16289712281299917,21.750363236238893,18.796953252590463,0.8424080234819888,1.0163562297821045,0.87109375,0.45297152401656915,0.25136311253481836,127.81523128867867,21.120068246277803,1.619824015669289,1.3879496202353039,809.0748130061388,268.6667710117256,10.080527225931077,5.59388960487796,14.767714043633385,7.597202161179453,0.1718851376652988,0.1472801423110593,19.16669527249405,18.08715895148648,0.7352022927950292,0.8424080234819888,0.9003500201086614
stage1_soc,154,-1.272235025255035,0.9638023985036858,0.20070477373079315,0.12391859924016149,245.26143789307363,10.328456451675496,1.5993970719902117,1.310645587126092,629.5291618122917,226.50495820928745,0.9035909663844478,0.621264785528183,0.9411764705882353,0.31797311889019436,0.19207965628262244,94.77793967032478,22.482757208155434,1.7934724632723438,1.5142094422423957,493.55293694488586,241.01384834900978,7.0762432341543295,4.274582621740329,10.35026237846487,6.282090405994484,0.19031157599001022,0.16067800941103438,21.483450512385428,18.605489779678543,0.845784534921177,0.7749361544847488,0.900390625,0.37251351592908793,0.2001998556233957,92.00862826123398,17.19648553929251,1.6017755484996314,1.3657692895576474,779.0752198056981,259.46717601044065,8.289997141659445,4.455291311348063,10.983974014797958,6.109837528335436,0.16996995229077996,0.14492651058618605,18.89017127959543,17.75853265725621,0.7886365702212736,0.845784534921177,0.9003500201086614
stage1_soc,155,-1.3416564884954993,0.976711776139656,0.18586702437038932,0.11476214623369702,221.42374051420362,9.541389167077297,1.5910726593434497,1.303703771971739,627.5865276633808,224.99205731437297,0.9209516688285392,0.910852758323445,0.8970588235294118,0.3511595826820553,0.2220285624726767,107.39115279448605,27.414314105981273,1.7904563263386422,1.4996691543389769,483.5327256470351,233.1584105219412,7.814782047410929,4.941072121033123,12.123633049509536,7.975765002327261,0.18999152325153265,0.15913508909142204,21.337332634871792,18.57853642190379,0.7917109487247952,1.4090106785297394,0.841796875,0.39215395084692467,0.22801014027845667,100.14393591670326,20.072231049042298,1.6470717158016348,1.405494716404064,790.9966017871835,269.36331628865827,8.72707966985638,5.074187459919161,13.475036214441936,6.684176752217577,0.1747764855172912,0.14914191324490497,19.43527914270034,18.025207936095498,0.7241506897459226,0.7917109487247952,0.9003500201086614
stage1_soc,156,-1.3365464360292418,0.9753914988814317,0.18946053946133204,0.11276997202964834,214.47005686103734,9.226639685838922,1.5906342397913282,1.3023419115770525,623.4680698387119,224.33461671775655,0.9185533370430321,1.0181998996173633,0.9313725490196079,0.3028607895663414,0.21055728422623932,108.79336925405198,24.31919822438283,1.7524397219684384,1.4628051063593697,447.5342562959218,237.56569847230008,6.739930156799021,4.685787789572118,12.426648804401758,7.0666949053372665,0.185957449665434,0.15522331725659289,20.77981901386061,18.105175758106576,0.8405143121497054,1.3134502470493317,0.869140625,0.3745888100211353,0.21067971538786878,92.92421810776752,18.349112376883326,1.5663671760118139,1.3343093778021284,760.5320119382415,250.1673719358601,8.336181189634901,4.688512399382388,12.587573980870918,6.4528271795486125,0.16621264722510717,0.14158819036699774,18.459516360774842,16.393277874790005,0.7567639819936594,0.8405143121497054,0.9003500201086614
stage1_soc,157,-1.3278899219424154,0.9764550555616679,0.18601804538724462,0.11559979949865418,225.84799619476735,9.62038670958654,1.5953667359254569,1.3079719229001516,632.12545080107,225.11287772824292,0.9206496419454945,0.691413562671811,0.9558823529411765,0.2856036478174699,0.20077153927117003,98.97563576558609,26.64003893648642,1.7830224462619164,1.4935422184712746,460.6851916783967,236.4321779879752,6.355885955303283,4.468013684103216,11.078395715942433,7.388062523318831,0.18920268848428953,0.1584849387016889,21.22999576872293,18.406701070383235,0.8702012585959356,0.7860133945941925,0.912109375,0.36286959239773237,0.19945613964728182,84.47652560018527,18.585326067775675,1.5865175830429086,1.3510722637656727,757.3010600713557,260.01026418606426,8.075379161128131,4.438740493585616,11.456232096735338,6.582458477326918,0.168350876719822,0.14336695826625068,18.6835205000546,17.20520654165348,0.8032484972806803,0.8702012585959356,0.9003500201086614
stage1_soc,158,-1.354030620530655,0.9727509443649833,0.1915653991653418,0.11805547158802923,219.39117955635834,9.812465641037397,1.6011835119704643,1.3135387407359682,631.894151377433,225.81265279804703,0.9152813246153808,0.6361046900936201,0.9558823529411765,0.3012796556033575,0.20444399586823933,94.50168255537137,23.72249515336486,1.7810067502583473,1.5094354173132019,453.63883773404655,232.45776439835475,6.704743256261935,4.549741335290962,11.635755635355956,7.804900709459726,0.18898879599861618,0.16017142108771396,21.371918336742056,18.747645189664738,0.8654984562601693,0.9020080864429474,0.892578125,0.3877390986528543,0.21621142778531066,105.75390901751047,19.67833483897195,1.5933830173526744,1.3552341415561386,754.4290779718006,260.6894253695388,8.62883058491134,4.811616335219188,12.516218826760001,6.4589225994030315,0.16907939173753433,0.14380858953609255,18.753902394080903,16.85582906971859,0.7762563954041437,0.8654984562601693,0.9003500201086614
stage1_soc,159,-1.3537356514923204,0.9720908057358713,0.18528432064040679,0.11454002428076365,219.86881436580708,9.36525464548437,1.594352373260284,1.3073537280403862,627.9659048035987,224.90257645450734,0.9165055095437492,0.6519631661620795,0.9362745098039216,0.31459663678658695,0.17745114566173917,93.81475453660207,18.63207586796896,1.7835463997541678,1.4979444651627074,479.48477329546165,240.3644914627103,7.001102263985886,3.9490365514684984,9.309100784762364,5.721948152954115,0.18925828700442174,0.15895207634829359,21.267535018436025,18.001508640477567,0.8418955187679455,1.029181808233261,0.88671875,0.36457239293302557,0.19502785616850815,104.74332163580667,18.43556214828675,1.609343766060488,1.3760681512430892,785.6754476090437,265.7994762424859,8.11327365613777,4.340192505897353,10.559070791255378,6.545665142605008,0.1707730420738335,0.14601935847674322,19.013723407746205,17.71099776982458,0.7773470321200924,0.8418955187679455,0.9003500201086614
stage1_soc,160,-1.3701146583848824,0.9714673414750431,0.18613506081874684,0.11451773123166561,221.9724889145005,9.437043839496383,1.5964166794991694,1.3067499751153182,627.7658109130598,224.1183346892642,0.915626823229419,1.0290695557407303,0.9362745098039216,0.3708217785229971,0.2453054159916207,131.00317375293687,27.806208249794864,1.7792346432870236,1.5014823377132416,474.84192780519913,239.45689459985084,8.2523488479433,5.459080302984848,13.951564884394292,8.000018375570185,0.18880075158899073,0.15932749226045964,21.30378583196205,18.92308423885521,0.8250279762470225,1.1477052718400955,0.86328125,0.4436601473898827,0.25581864538253285,121.63006501148351,20.718785153139187,1.6124158624573097,1.3815781361263362,775.7065036765775,262.7588163086607,9.873309816845607,5.693044005973984,15.716996279841128,6.769443010424579,0.17109903286479647,0.14660404206028627,19.087654961502725,17.982447135884698,0.7301832057830352,0.8250279762470225,0.9003500201086614
stage1_soc,161,-1.3521642620275747,0.9737778266769355,0.17766742779421507,0.11089795417806537,213.6562084978357,9.22312704387509,1.604315249136705,1.3165351759101884,633.783225455901,227.3039937168618,0.9204775983386709,0.7460971287652558,0.946078431372549,0.2586352857932921,0.17980495829810844,99.0349232103783,21.02754770311959,1.8036539617257943,1.518642029779799,479.42842222998166,249.5994862318866,5.755726136838522,4.0014188119586604,10.263939328404525,6.143497965778733,0.19139197006145336,0.16114836662991117,21.550659361261705,18.709279095571123,0.8684878456345614,0.7056214809417725,0.927734375,0.37114722589066707,0.1963254279235116,112.48122791131064,17.54034199463694,1.6143796137775042,1.3782406372847618,775.803679972179,266.7031619614904,8.259591424742203,4.369068951127126,10.763040642459611,5.837327076046838,0.17130741332017116,0.1462498884965087,19.060128666481898,17.17786456511625,0.8163902072327999,0.8684878456345614,0.9003500201086614
stage1_soc,162,-1.3709523485330053,0.9735211060989475,0.1845706687796681,0.112699769738058,216.52845119796675,9.111647008148289,1.6081624460065986,1.320162117528913,638.6331008114638,227.23336649368545,0.918149905465047,0.5394139219732845,0.9313725490196079,0.2849989662780283,0.18379384262815995,82.45847434789525,19.751323204502118,1.7836159034715036,1.5053058726822628,489.89407161265854,244.73073510937766,6.342429240260118,4.090188315025046,9.745277149773486,6.322710158459948,0.18926566228464164,0.15973322080143737,21.35449999087866,18.254448803108307,0.8458728591361994,0.964971199631691,0.892578125,0.3568738859777294,0.1855961744972774,88.23283909747363,16.907009431034773,1.6028293539524523,1.3701479912051582,792.0901450811474,260.1192114902001,7.941949400975441,4.130297802075576,10.162028606959202,5.605031212090683,0.17008177523795104,0.1453911497866159,18.94003847905651,17.949724916341857,0.7855159592066812,0.8458728591361994,0.9003500201086614
stage1_soc,163,-1.4120164266246273,0.9729709905746874,0.18048546213506247,0.11125521480850957,209.00305928785903,9.315361807308385,1.5992661610138696,1.31101627244915,633.0847561107058,227.06573085794113,0.9188253519341687,1.0447050987505446,0.9068627450980392,0.42744311276473373,0.2317219788628612,103.97294109880275,25.39589483169181,1.7730322354641637,1.4855070819749552,489.1119532323763,232.5857638884728,9.512412386443993,5.156791526454219,11.861786158828846,6.460994855928895,0.1881425926086474,0.15763230253290197,21.11534097833218,18.94285308625909,0.7786298112686191,1.0196460634469986,0.876953125,0.39969216074484115,0.2072338830330409,96.51203597577808,18.93735077514252,1.6049306242950292,1.3718590946882614,763.3485984252886,266.9892187319017,8.894836639294375,4.611828093576961,10.818541721089247,5.728621023215006,0.1703047483131814,0.14557272090477916,18.95931619724378,17.41388297466916,0.7570454767765477,0.7786298112686191,0.9003500201086614
stage1_soc,164,-1.3157753880348266,0.9689368100634467,0.19183771278174805,0.11797711178305516,230.6075888807813,9.798406208636537,1.6026963551481561,1.3132323606167429,636.2033006491812,226.98997387057562,0.9113854962289223,0.740816524215773,0.9362745098039216,0.3213752571655447,0.21610347465520688,120.76092394927211,23.62090961242488,1.7743295411165687,1.4994001401697887,469.19704911722937,239.9250275712221,7.151955162372134,4.809213922684541,12.408834537976293,7.701160221971064,0.1882802542055249,0.15910654306601588,21.2747312037509,19.310594342311383,0.8398619326542581,0.953452005982399,0.8984375,0.38915937076024265,0.2182051075869822,103.91502498690497,18.827166436945877,1.6265961957311914,1.389801400458964,807.7343323926239,264.1517072437797,8.660437630581248,4.855984120951794,12.677916316925844,6.51704797233195,0.17260375715172083,0.14747664112549266,19.21359781972746,17.49250771295859,0.7816896887719272,0.8398619326542581,0.9003500201086614
stage1_soc,165,-1.3922426693946715,0.9774452635053361,0.18040880052054648,0.11221522244450736,221.96970261639518,9.261649821892613,1.5946741585017499,1.3069652922209811,632.2862431342113,224.43605934800007,0.9233226233491721,0.7114436661495882,0.9705882352941176,0.27598442320834504,0.1958181116188986,104.45068630721367,24.98576369415308,1.808901385678798,1.5240421287861525,491.0746866897844,244.61851409417739,6.1418176299816185,4.357779023284723,11.399524243895145,7.260174868292923,0.1919487923951299,0.1617213898423926,21.617649935410483,19.013875581259953,0.8877929083316142,0.7679798901081085,0.916015625,0.37686554843444825,0.20092446063699754,110.80560989953113,15.621919658006204,1.6185769739078122,1.376222699858772,780.5356996632688,262.3375534078847,8.386848223531905,4.47141682957687,11.965640692222843,5.711650113910718,0.17175280974401086,0.1460357581657376,19.044018433950953,17.498403375014423,0.8029559604696656,0.8877929083316142,0.9003500201086614
stage1_soc,166,-1.5106609661138792,0.9806726079143286,0.1705779821517711,0.10379958184948196,209.50320992963137,8.383856865558274,1.6019631163369337,1.3132820292947578,629.5898968251414,226.40366386782543,0.9294992132687974,0.8478425530826345,0.9166666666666666,0.42721701487829644,0.2464744218752957,109.36429922477132,22.662372261224704,1.7608928211090449,1.4751308461030324,477.3026290341844,232.49642147365918,9.5073807546987,5.48509561523487,12.149467749558069,7.206624867481979,0.18685443729830428,0.15653124419937917,20.971124524092705,18.733720753286903,0.7885015622031777,1.2177340686321259,0.857421875,0.41948072414249554,0.2380171160275495,103.19373925558071,18.53597748874943,1.5939534318093187,1.357050282684213,773.3309908912024,257.65433240149196,9.335215651032918,5.296884883795794,13.606759119318761,6.773044080723787,0.16913992039154743,0.14400130656263305,18.77644162843496,17.339458223221143,0.7315776577572514,0.7885015622031777,0.9003500201086614
stage1_soc,167,-1.342693688264664,0.9683133458026185,0.1982496155559675,0.12163687849510368,233.9436991865384,9.956150366135514,1.6002569959340072,1.312640850950666,630.8460596720184,226.3096470555593,0.9088384611358282,0.9092148717711953,0.9215686274509803,0.3424056141990922,0.22900173170765972,100.68957987116454,28.624525107706063,1.793015783094122,1.5107658632537897,483.9173038718453,239.32364513492132,7.619969320895644,5.096254552151466,14.229266192115078,7.763525368434211,0.1902631160742766,0.16031259931537453,21.426315727845747,19.05754005546837,0.8188469431912526,1.2326240986585617,0.908203125,0.415448313787423,0.2353185625624974,132.87732715813328,18.603070561521086,1.6013713889458556,1.3591828299759072,751.4380647285666,262.8581538645806,9.245477510299489,5.236830685611597,14.001934065700379,6.499645686418672,0.16992706552044723,0.14422759854328332,18.811882298347207,17.127193845002722,0.7835686308637732,0.8188469431912526,0.9003500201086614
stage1_soc,168,-1.3989171918593482,0.976601753034804,0.17723767381313152,0.1090830669667744,213.9818509863754,8.843328040133025,1.589267899516286,1.3022584077305541,627.4829993245412,224.25494599557823,0.9234304508908645,0.6919006635161007,0.9411764705882353,0.3266199706061649,0.20994670763520487,116.04589757170193,19.859833588991044,1.7861098414848355,1.5057135089939715,468.1792566241683,241.8599098488815,7.268672160742309,4.672199884763309,11.349900941708738,6.5634768929561,0.1895303026866875,0.15977647650259855,21.3567253567012,18.022851973565402,0.8431904794063858,0.8902877420186996,0.888671875,0.4052773244707102,0.22264186592019541,102.62819762298881,18.722521415235278,1.5927173683643217,1.3521681821803213,763.6846999036509,263.35706547519834,9.01913009266794,4.954720709901691,12.362641186909176,6.311456150354141,0.16900875741745203,0.14348324996568818,18.720004912920892,17.049474657750256,0.767088677658787,0.8431904794063858,0.9003500201086614
stage1_soc,169,-1.4023044432735803,0.9753181501448638,0.18188459313004618,0.11237111526629376,212.09421386174478,9.324243551917627,1.5953797172895219,1.3080775331268344,630.6220848409847,225.5627130291226,0.92075277220585,0.8113402397024865,0.9411764705882353,0.3122800994660134,0.22089687825235374,110.8361951943541,27.548879933114343,1.7932090747181422,1.49982591148685,469.7877794612983,235.886144151452,6.949549536514494,4.915887373230512,12.09216263471363,8.381278557650795,0.19028362691809841,0.15915172313541792,21.3286382128992,19.372492249567,0.8474924407484312,1.055691421031952,0.91015625,0.4037759568118665,0.22590428163766774,110.96546431470466,17.314218235046326,1.6065320013520215,1.3750423024539487,816.2592034814155,258.23978949539617,8.985718328884412,5.027323221800611,12.655538676017498,6.822695347508864,0.17047467598015792,0.14591050210800224,18.997184799875146,17.95705632199119,0.7890234629564401,0.8474924407484312,0.9003500201086614
stage1_soc,170,-1.5356235292199447,0.9820295595408369,0.16779571411304986,0.1030354903562667,198.3715161645305,8.292295179135586,1.5914958530251095,1.3032069265627666,626.5784907637591,223.253784459667,0.9316908453069219,1.0615099224389768,0.9509803921568627,0.3358362138840634,0.22511586543702172,109.6593228044072,25.132862348775816,1.7721121896501453,1.4926079285203242,476.07899962420925,232.63932057066188,7.47377245150642,5.009777635478751,12.63023122737358,8.33539644992505,0.1880449633601172,0.1583857979584446,21.17272839048724,18.624735802886775,0.8502295279916436,1.3945464193820953,0.900390625,0.3997879697860663,0.2278466983079852,114.57859217366625,19.19668476315458,1.5749010215462527,1.3356705545811565,746.7691315992415,257.47454791940237,8.896968794622811,5.070550186612028,12.96517517507188,6.813001208919314,0.16711820313754702,0.14173262955038235,18.49451286954949,17.112054124122043,0.7804542340641801,0.8502295279916436,0.9003500201086614
stage1_soc,171,-1.3173106103445842,0.9694869255877068,0.18969964438297723,0.11671007060576388,224.74363755845266,9.609135527398779,1.5889082030696555,1.300980479809893,625.6172014556261,222.661497975266,0.9125770322728136,0.7666806368266835,0.9509803921568627,0.351273810918635,0.23014482296090208,109.44959675531045,30.828988405419054,1.7838854972109872,1.4998352251508658,469.34258723396675,231.02130252677657,7.817324107535596,5.121693154556,13.189182910557742,7.167860449296826,0.18929426981025962,0.1591527114405708,21.286021900384878,18.490495522323023,0.8455982488812722,0.9879049807786942,0.919921875,0.39592106268850713,0.22410027999058002,125.28439765108841,18.486002699489866,1.59486887312363,1.3548850189326913,771.8044726467942,253.69162962729288,8.810913799528537,4.987176575146445,12.45611140131084,6.513727940657484,0.1692370610406629,0.14377154292509484,18.740707049572812,17.451977428049155,0.8011455561934478,0.8455982488812722,0.9003500201086614
stage1_soc,172,-1.664214768132374,0.9861737631569296,0.1582231175681034,0.09610730646987428,193.123122128455,7.636240037278511,1.5800074104471802,1.291444074505492,615.1709419955217,220.75992876182497,0.9387068278864986,1.153460518986571,0.9656862745098039,0.2766214592595835,0.19667821947266073,115.68671288030365,24.38418483167152,1.79787353974052,1.515607175143326,483.1233780521153,246.65510616144334,6.15599436939664,4.376920051312722,10.714679715864317,7.500237342943016,0.19077858946017132,0.16082632769115104,21.501676502378626,19.110907950705933,0.8826998367319289,1.091509848833084,0.912109375,0.37555981897131474,0.2036843127461907,99.27201096515634,17.560955579958865,1.608531292467428,1.3785524722843547,791.7199641630946,262.33536228432763,8.357790234883735,4.5328351811756065,11.84565415971034,6.248912702944239,0.17068682768631882,0.14628297838856819,19.037489319926024,17.597856805173116,0.7994414293086056,0.8826998367319289,0.9003500201086614
stage1_soc,173,-1.4526239861315633,0.9751347783034437,0.17912900681888916,0.10848868660859073,215.5453290053853,8.72554901329775,1.5943031703349777,1.304731088934502,629.8674142268819,223.77517523710867,0.921396076257777,1.9119183970432656,0.9215686274509803,0.43687832087215195,0.29382049496851714,139.35463738881654,34.13959667416189,1.8079879318058354,1.5252921267175208,482.9797938549367,241.99915425208633,9.722385568346871,6.538745466389054,17.381212550534322,9.135822321802316,0.19185186264030082,0.1618540314531084,21.649437041074417,19.68109210212826,0.7905051311893347,1.7505544424057007,0.876953125,0.5130668975724284,0.2998355351319333,179.81191488923892,23.153590179083082,1.6012572886988174,1.3709535953603336,814.3488495795017,264.7066231885469,11.417902794069834,6.672605483890214,17.065485232773515,7.6893495505489575,0.16991495794797015,0.1454766352342797,18.94172716754506,17.46105996048644,0.7230330557282715,0.7905051311893347,0.9003500201086614
stage1_soc,174,-1.3913652643440588,0.9688634613268786,0.193936154353952,0.11721049415760072,228.08456296211898,9.684849538942304,1.59066849475296,1.3016583431618955,630.084158799843,223.76121325181856,0.910682615020693,1.2288185965781118,0.9117647058823529,0.3033646977011756,0.20519205938805551,107.14920397220173,24.216012182704997,1.792932809639718,1.5091436810645402,482.40870483281,240.00411891912586,6.75114423848681,4.566388904240477,11.31890518879766,7.448455802074782,0.19025431147359473,0.16014046394374148,21.420264631886983,18.954591279638088,0.8207552965720002,1.3809759020805359,0.87890625,0.4000044055013471,0.2235995983733119,107.31153276368958,19.41573082730321,1.6207482857561026,1.37869794377184,790.0751817622149,267.12395497708604,8.90178540230094,4.976034297085254,12.588889987091425,6.5209695173584326,0.17198321516604897,0.14629841487204476,19.07291128836382,17.495296127714454,0.7589049283495959,0.8207552965720002,0.9003500201086614
stage1_soc,175,-1.4663864052343338,0.9773352404004841,0.17962871428783728,0.11029501470819679,228.21205859912587,9.053493297017837,1.587861940491324,1.2993145496485594,623.023333334396,223.80976425395912,0.923446626114133,0.9996873058524787,0.9264705882352942,0.27021261733741786,0.18670160634392946,97.70804846058051,21.246062036912875,1.7879904294165103,1.5011409301968182,470.24950131633193,239.02204043927253,6.013370601548674,4.154898323820912,10.491628175756125,7.244651288361228,0.18972985838681344,0.1592912643261947,21.331937889347014,18.46914066399352,0.8454068030340688,1.1385751962661743,0.890625,0.37018809760201526,0.19789129985292675,98.23441116225894,18.30885556002525,1.606546451084928,1.3695930895410129,772.9394046055822,258.74464357706233,8.238246774329781,4.403916207035897,10.952983332623997,6.329792371425111,0.1704762092913731,0.14533226724875398,18.94520090677807,17.71248033953075,0.7795685707193954,0.8454068030340688,0.9003500201086614
stage1_soc,176,-1.5100835154551189,0.9801591667583526,0.17239455688336777,0.10496196110677342,201.49771332047976,8.639697779671636,1.5869831394845098,1.29867310406561,620.7471814923563,223.72971381660474,0.9284407996933423,1.3996553888507919,0.9313725490196079,0.36059136490769217,0.26242787292336717,125.16466803354771,30.186439143793784,1.7852188135635914,1.5176129915258463,490.1010603077082,234.78634839196815,8.02467898899242,5.840127199144681,15.295101331730379,10.024651146150816,0.18943575262728282,0.16103917181601007,21.47473337233699,19.58273450309511,0.8231951395473002,1.268028736114502,0.912109375,0.4559355914289174,0.2685005456824001,139.67789778659397,20.814063040055114,1.5914366066632948,1.355916893844551,780.3548456865148,258.8200673590226,10.146490229487519,5.975269785015845,16.327193697108324,7.499119137558769,0.1688728513565665,0.1438810387465931,18.75197618678896,17.706225934598116,0.7753286975713248,0.8231951395473002,0.9003500201086614
stage1_soc,177,-1.3618121659720295,0.9692302050097187,0.18584708764137672,0.11497578726565906,227.11373581228833,9.418655435877984,1.5956269628323982,1.3077402608836302,627.7348823075565,224.5587945789158,0.9134760787173056,1.1633031508501839,0.9264705882352942,0.3462536246273962,0.23466428639549836,118.67791200672934,27.778057319877597,1.7884887559783178,1.5160296800381996,476.78927168503935,233.04197664096944,7.705603785385216,5.222270280895141,14.034437356389812,8.339830774714363,0.18978273754457994,0.1608711611491793,21.4694782209087,18.969788195373642,0.8225945008470753,1.283474177122116,0.888671875,0.4416434711599868,0.2555550151139414,143.02317697318608,20.130386312979073,1.6126881098555264,1.37660369041987,797.6485799655213,260.5788865649796,9.8284302635768,5.687177120399035,15.194214172170462,7.117420503173317,0.17112792197933532,0.14607618639399572,19.03684618371903,17.589315821613944,0.756178833652004,0.8225945008470753,0.9003500201086614
stage1_soc,178,-1.4456356996185697,0.9788755638684123,0.17457466563070484,0.10666372795542235,209.56800283866218,8.636189638326504,1.5905651542480734,1.3020041079119722,627.904227744503,223.69834504875578,0.9265031641792009,0.7879158270125296,0.9411764705882353,0.3331480001862751,0.21067776057558754,100.0957165462639,22.99728023709205,1.7610331188479575,1.4758849611469345,462.67606756728725,232.67694795448307,7.413948356761152,4.688468896562944,10.711449322283665,7.460265186713777,0.18686932477739698,0.15661126595907818,20.975824700959986,17.141515891116917,0.8412320705323527,1.012265384197235,0.908203125,0.3899405461890478,0.21031621212659957,84.54552822674387,18.46478531172815,1.5704463109563085,1.332093875425926,742.3099072222926,255.49475989621993,8.677822079185152,4.680422918415799,10.723870056686835,6.053735073835039,0.16664549836492687,0.141353095734959,18.435103215788672,16.725100712191512,0.7912209611432857,0.8412320705323527,0.9003500201086614
stage1_soc,179,-1.3299039755034736,0.9704771335313749,0.19896423620717354,0.12056864433980903,229.3877953141462,9.903023683947017,1.5890959363327397,1.2999313310719514,626.4324450454071,224.25914909457128,0.9107878626692228,0.8279955340366737,0.9264705882352942,0.2976033490776745,0.2093345475949201,99.64070438943968,27.473681308119453,1.775184534367987,1.4974285961658347,469.1977888156649,241.75486515940375,6.622929927921984,4.658576741529051,12.590543176784262,7.7326828843439355,0.18837098050128379,0.1588973357019722,21.251525210506646,18.18829308722284,0.8371895835119918,1.056559070944786,0.888671875,0.3949369890324987,0.21529960772204504,114.22344465129981,18.79800280799937,1.6171641782882127,1.375121322031191,804.9310943861153,266.68844741464113,8.78901400946281,4.791324492386783,12.071345070260055,6.460221726520722,0.17160289310663626,0.14591888714908147,19.029498527371807,17.185336359266447,0.7701907782902504,0.8371895835119918,0.9003500201086614
stage1_soc,180,-1.4545077258229768,0.9797557487072285,0.17984939732697905,0.1106205841979259,215.76429853661125,9.105227608931926,1.5862823645962092,1.296532133572774,618.9547068091591,222.24037064556688,0.9258009295091347,0.9743772417891259,0.9313725490196079,0.28010706779388855,0.18119508317470842,88.24697115337185,20.19974764549215,1.7864570462837701,1.4868874492890694,467.5632051796484,235.3846085069775,6.233563862987401,4.032354954570349,10.095514815703678,6.193393821508874,0.18956714579068254,0.15777877809044405,21.189182456438775,18.122014865773874,0.8473404286814413,0.7352713048458099,0.8984375,0.38329845211376773,0.19377557671464274,80.94164769956986,15.243327741344274,1.5930246985709031,1.36945621198538,761.7533435258232,261.1926020760489,8.530007466978741,4.312324005429094,11.361316353647231,5.3478224623612824,0.1690413692903197,0.1453177426971572,18.900573192515516,17.363937858730033,0.7834479643658697,0.8473404286814413,0.9003500201086614
stage1_soc,181,-1.5720099431040455,0.9813327465434408,0.16871537344486767,0.10128567607997516,193.50538299997214,8.14784729030482,1.5880529266749914,1.299346139395344,623.1544855027075,222.83792266560462,0.9307181345099805,0.632871645338395,0.9607843137254902,0.25473344030237144,0.16963306774257444,105.95155634455766,17.404187991042846,1.7614063059178107,1.4757830848296483,469.22708396836987,239.1153860994919,5.668893615107724,3.7750513379615516,9.310154798823483,5.6625235648754035,0.18690892495016642,0.15660045551013302,20.966851307314652,17.66313443026415,0.8843642816347788,0.9526520669460297,0.89453125,0.36605534562814535,0.19294222447206266,77.3893312365535,17.886342907471622,1.5716342423305771,1.3356978864539997,741.0698640677579,249.3598822096551,8.146275609296696,4.293778402615853,10.571224940906472,5.930093746550451,0.16677155387825912,0.1417355298300923,18.489197890004522,16.99624836217576,0.7847146463115564,0.8843642816347788,0.9003500201086614
stage1_soc,182,-1.522597966385818,0.9791689588146845,0.18003293167683435,0.10773755214108548,209.66820548315204,8.699517638125693,1.5873985499037213,1.2995997093890888,622.6992469876545,224.00539307805957,0.9251590793116342,1.0681080724678786,0.9509803921568627,0.31323946555728954,0.21988258060688773,116.03351969228304,25.07280927817972,1.7633199033918376,1.4851465556843608,464.957790033381,241.66992140945553,6.970899479038454,4.893314971902381,12.463430578452666,8.87059943007783,0.18711198340718233,0.15759404583927888,21.06731470799215,17.72410129468227,0.8570085524896758,1.3679498434066772,0.8828125,0.41592380348800806,0.23878789959235291,119.40683587329562,18.664483503908087,1.5925717103167858,1.3502655063421116,751.6692507327363,255.96144861820898,9.256059161944819,5.314038069588587,13.911421825884997,6.905707660864339,0.16899330113744224,0.14328135044128337,18.691075306273557,17.32149904431619,0.7580353589535975,0.8570085524896758,0.9003500201086614
stage1_soc,183,-1.3457254468006599,0.9699270180071148,0.19032720497386554,0.11664164899401304,233.70402006606983,9.49584040686044,1.5855681185298933,1.2961227578286314,616.256931384713,221.74174203811083,0.9128288565149552,0.9867340653550392,0.9607843137254902,0.3009153987871248,0.2124860334465755,115.3381802058643,25.878680255899773,1.7875014791398525,1.502291990991901,475.370816185321,243.15997158771398,6.6966370055186095,4.728710595966635,12.624235853219876,7.31117485020201,0.1896779741791453,0.15941340737464318,21.33808558912372,18.8083096686663,0.8705096940893527,0.9904267191886902,0.92578125,0.3999859153187882,0.22771323831875634,112.3409932503884,21.106014127306988,1.5983630272547735,1.3569037370980368,765.2899290692219,266.17016938328595,8.901373917739955,5.067580138863629,13.639081422396494,6.083506123499807,0.16960783783989886,0.14398575610282355,18.781087682416747,16.976394472943895,0.8057854754043635,0.8705096940893527,0.9003500201086614
stage1_soc,184,-1.5535912520378237,0.9796457256023765,0.16949474224368466,0.10203844339217964,194.92954396683442,8.134789970013989,1.5856090152131135,1.296362810146383,623.3086999870216,223.4741038461808,0.9287973029292711,0.8207683528170866,0.946078431372549,0.2853349971300953,0.1977316409431617,91.21486766224544,24.03726297393537,1.783158069169462,1.4980897942886633,480.37500927518505,239.05771128886033,6.349907344232257,4.4003631227879545,11.204941133569573,7.146359851939788,0.18921707990083142,0.1589674977252951,21.27534326577725,18.575121791756224,0.8604779322335204,0.9510528594255447,0.892578125,0.3955926488662299,0.21092884503832465,96.16771012239924,18.915843392385298,1.5998209871006224,1.3607285886901082,772.9117791023359,264.3185049754905,8.803605206600922,4.694056585034366,11.245714901570809,6.043587480139023,0.1697625470097778,0.14439162435523423,18.833822159117688,17.66009132090025,0.7739003303401311,0.8604779322335204,0.9003500201086614
stage1_soc,185,-1.4074606808183148,0.9695602743242747,0.18061379902160996,0.11217848523576034,219.59069797545664,9.372343346333363,1.5979896385220933,1.307184225038731,629.1023965932359,224.14117375968513,0.9153761346177918,1.0895275193102218,0.8921568627450981,0.3217791031800253,0.20923434345818617,107.44236252909764,19.121080390061728,1.832382578607554,1.5398617370748053,487.66647470193857,243.09705027492416,7.160942439779677,4.656346776785263,11.755276978142287,7.1698210350909335,0.19444046311988888,0.16340006327987874,21.892549905251997,19.442421757001178,0.7956231317910905,1.4159810543060303,0.880859375,0.43275489247216314,0.23795928231902508,113.76996372283105,18.211003780611797,1.6344317917469111,1.4052214344628737,787.8381090479177,271.83553479574124,9.630621892163237,5.295597839815221,14.13533690550299,6.776061955649569,0.1734352193888671,0.14911291435142732,19.395587895408163,18.134669302630552,0.751032907258351,0.7956231317910905,0.9003500201086614
stage1_soc,186,-1.4519167642028181,0.9807826310191807,0.1678382465338974,0.10369891231158967,203.79547043202808,8.365031784792212,1.598858646787216,1.3095238281099475,633.7121139329012,224.14892574783187,0.9304311570590115,0.611915832641078,0.9558823529411765,0.2758616749770968,0.17649641591489462,96.86846822471225,19.154510907627547,1.7719223340694408,1.4902307385323095,449.3282074270938,239.2785902067347,6.139085964034804,3.9277897871661134,9.218132037916394,6.0634460619121295,0.18802481712675465,0.15813354609380134,21.143755066810314,18.642965067207435,0.8731238504480475,0.7014078721404076,0.908203125,0.36158947737582176,0.18484220391110284,86.75673511820796,17.53080424725331,1.593139917094562,1.357490355243499,777.278760061371,258.97956755624847,8.046891201849213,4.113518775981199,10.292642005959339,5.801029893323712,0.16905359552700286,0.14404800418638963,18.77693523114758,17.24815902237164,0.7997262817872535,0.8731238504480475,0.9003500201086614
stage1_soc,187,-1.457917692008382,0.9778486815564602,0.182085827573818,0.10966132939795262,219.47492854354803,8.897939066587899,1.5949329655395006,1.3063512144536304,627.1957088478309,224.16561322243425,0.9232229332843148,1.1353155655019425,0.9362745098039216,0.4247878253307385,0.25422082694393455,116.16759601135338,24.727002948083523,1.7732664077864284,1.5087945483186667,493.9885053305482,238.36540771741113,9.453321039964381,5.65748580547263,15.704261780295646,6.687653103460544,0.18816744144497807,0.160103416258618,21.329032493220367,19.710804480111793,0.8088381622047001,1.2766836285591125,0.890625,0.4419365343553263,0.24756116697381003,124.0406894907384,19.867627059277122,1.597593694028942,1.36611554420233,769.6910206294525,256.38486681281177,9.834952155931846,5.509280278005903,14.287618586387044,6.334016673504509,0.16952620122619674,0.14496325286602188,18.877392023046607,18.0516494198098,0.7580440396934021,0.8088381622047001,0.9003500201086614
stage1_soc,188,-1.4510087985587066,0.970880551582499,0.1845762743065196,0.11265295666867009,225.29451515593536,9.196630394477364,1.598856610867797,1.309578725917171,629.3013290842872,224.97512732493826,0.9155076692905431,1.1015962046735428,0.9411764705882353,0.3157094215518143,0.21603527308131257,116.7191989236527,23.247527152907594,1.7673255712270097,1.4865819373551536,466.60529141045475,236.1430381530539,7.025866419187098,4.80769614996365,12.964389364088598,7.2472788373254735,0.1875370386975285,0.1577463591607878,21.10499455500077,18.26176356730978,0.846463644122691,1.1569610089063644,0.880859375,0.41131331140623195,0.22859833173606603,116.47026395263507,19.91549320831753,1.5992132874748572,1.3609870492728078,771.3652452972518,262.796578732817,9.153456264210382,5.087277201079743,13.855145180381427,6.596054038324432,0.16969806189730674,0.14441905050301856,18.826430442585583,17.03216085257937,0.7574653815781305,0.846463644122691,0.9003500201086614
stage1_soc,189,-1.3441487169372421,0.9742912678329115,0.1836936746043426,0.11399171697382877,219.16333285778902,9.657223892190817,1.585681621283148,1.297193021001699,622.0669547282471,222.01020337986043,0.9191831654516087,0.7554185402159598,0.946078431372549,0.2637293744836573,0.18483261707896256,87.91276209799905,23.342231511343062,1.7460394518040092,1.4658560044333047,462.8478835767131,229.35306295549833,5.869091099119585,4.113305428524955,10.484953122098881,7.2237843691308825,0.18527829482659589,0.15554705862007948,20.830447896140004,18.312864709526472,0.8669596190274518,0.9070812612771988,0.888671875,0.36643961143960174,0.20225445384676277,78.13514029559809,19.786119853228236,1.57899210715329,1.343025409594702,755.0500620587887,257.49821671284303,8.15482714458976,4.501014788941864,11.545732095317474,6.191218148943401,0.16755232240356838,0.14251307869441437,18.580445876207396,16.65357939761065,0.7787399915681195,0.8669596190274518,0.9003500201086614
stage1_soc,190,-1.3831949869249547,0.9753181501448638,0.18317199742282816,0.1131642104917507,217.90420298175258,9.302286677811445,1.589220714359562,1.3007427794228232,625.4497676129135,223.5026627288029,0.9203665509180153,1.1105626961764168,0.9705882352941176,0.3283172216131186,0.2214275325520658,125.33792775539209,23.976194520973834,1.795841932755681,1.5041994325378363,488.17506794216945,238.27921579720953,7.306443155336244,4.927696669912944,12.153673981789218,8.864635462685673,0.19056300860515693,0.15961581260480404,21.389912265005577,18.759799308151344,0.872093068810182,1.023019164800644,0.923828125,0.41546385727919544,0.23492478339142053,104.74039006820755,19.742945035993905,1.6263809993912748,1.3886604804793024,776.998814998552,267.0435063977914,9.245823418560143,5.228067437935792,12.719763102931005,6.688272201485768,0.17258092192261335,0.1473555741540981,19.206307911925087,17.348308415447676,0.7991889678162414,0.872093068810182,0.9003500201086614
stage1_soc,191,-1.475506410537723,0.9776286353467561,0.173300328078766,0.10621709037980749,205.785367402796,8.744835153743837,1.5920084834226147,1.3014954139568027,623.3767765616441,224.56298578297375,0.9256385369231264,0.6571133078313341,0.9607843137254902,0.2908735653585565,0.19843157437429124,121.98103590166907,24.722291997016796,1.7636242411803265,1.4730905649416588,463.6750829821069,230.0193250862538,6.473163851229898,4.415939594232069,10.546561288078601,7.3017714442085975,0.1871442777441999,0.15631474289744376,20.961600592653507,17.778153487739928,0.8735222441179232,1.0964055955410004,0.927734375,0.3667318622190767,0.198689129626473,80.8338946295631,17.60652422252247,1.5750645486993902,1.3410346277305507,745.556086785517,260.6928166945528,8.161330957264724,4.421671285065033,10.753742021744491,6.306654661305403,0.16713555557025403,0.14230182993438176,18.550458124940086,17.29234342654685,0.817714816334277,0.8735222441179232,0.9003500201086614
stage1_soc,192,-1.4824709687098492,0.9789122382366964,0.1728763511866741,0.10536775809330284,203.16250991195227,8.555809410947342,1.5814922868402896,1.2931838874219204,619.0269586175408,221.3214448589214,0.9270493328806941,0.628921741364049,0.9656862745098039,0.2842131271510127,0.18372702929099985,110.51383356454487,22.12539495706761,1.7594307704408425,1.4859959987156532,464.44876626322707,239.15869749889652,6.3249410046976715,4.088701436427633,10.066938733375055,6.4078418836795485,0.18669929403709404,0.15768418318195324,21.08196443540316,18.00772999464093,0.8804223363645001,1.141443818807602,0.888671875,0.37950917216842944,0.19896054592027212,80.9021939416462,17.422507438887692,1.6050506969410743,1.3716626986060874,774.1731993193637,264.86855655763566,8.445680003484016,4.427711442545448,12.070252414280853,5.789591200972813,0.17031748963760657,0.1455518806361482,18.958810535996413,17.6071819486558,0.7748191233494712,0.8804223363645001,0.9003500201086614
stage1_soc,193,-1.6809302568304512,0.9869072505226097,0.15387209239227678,0.09212484155046682,187.1009190866124,7.308605917661184,1.5800824570977383,1.2924575106025527,616.9044906184487,222.70547222674665,0.9407456228049267,0.8183089845320758,0.9607843137254902,0.2851423022201128,0.19404619614429333,106.5614801549567,22.095334865730536,1.8017086318423743,1.5173493185464073,478.7899107802274,246.67820280068236,6.345619069620306,4.318346429320709,11.040057697319966,6.758523701659135,0.19118554436855,0.1610111925627511,21.544376441611295,19.11506296151895,0.8752416230594564,1.163205474615097,0.904296875,0.3921167253440313,0.20940809954799988,108.69814718428412,17.632511408801907,1.601071025546422,1.3650619535837905,786.8658559590724,263.81689489999326,8.726251245384818,4.660213582756876,11.619558701916999,5.575671999185275,0.1698951929196203,0.14485145271566066,18.881801670257936,17.282445543000605,0.7866618573967906,0.8752416230594564,0.9003500201086614
stage1_soc,194,-1.5589335816769412,0.9751714526717278,0.18163237633559504,0.10905646295966968,202.87821771328197,8.743174714926015,1.5910793679940893,1.303122126974927,625.4588192249969,225.07303246903354,0.9206817397710493,0.9780442364075604,0.9313725490196079,0.277631905241923,0.18264216490377508,87.88401761607999,24.721276396646147,1.7448632732581144,1.4784251116946632,475.54453872714606,232.40184245895637,6.178481054972342,4.064558627416393,10.098805494799166,6.2897231833232965,0.1851534864465963,0.15688081013323746,20.938643077454696,19.41578828920803,0.848082977447031,1.3661480247974396,0.90234375,0.3591206234350879,0.18635307616750652,113.11223730397495,18.79999469941112,1.5890629765894821,1.3525859489818686,778.3879753480821,263.4914085662549,7.991948787046327,4.147142057154662,9.934529415151443,5.948920038946103,0.1686209772467514,0.1435275806482199,18.713425541633125,17.533299682322337,0.7946075629694737,0.848082977447031,0.9003500201086614
stage1_soc,195,-1.3434039362171948,0.9748047089888877,0.18469706616199877,0.11376362378948637,219.33502769644494,9.481503181108888,1.5922960432176352,1.3025184700566574,627.235839534108,223.99901254324303,0.9193955891402881,1.045854367461859,0.9166666666666666,0.3154389653488444,0.22803016012881464,122.065361111118,32.26971981567756,1.7641477076539829,1.4713460985644191,469.7316225856541,235.41859648375976,7.019847627777683,5.074632986041427,13.061151601518258,9.525335179208417,0.1871998245851019,0.1561296315270086,20.935282869738906,18.3841928167343,0.8220349770620133,1.1901416927576065,0.865234375,0.3902601478519488,0.23165501255607523,117.63327131591085,22.56299953719549,1.609899972782881,1.3737813640982495,767.4605760580707,265.33721262709355,8.684934564393403,5.155301243637343,12.845704149933052,7.2411280985767785,0.1708320630959471,0.145776699570961,19.00388487950869,17.67420813544848,0.7481563306444153,0.8220349770620133,0.9003500201086614
stage1_soc,196,-1.5591051904317608,0.9853669270546814,0.15707873545587225,0.09665202587681701,190.17885144509884,7.8773453068422175,1.5919891286852714,1.303784756197234,628.4343607542189,223.51419300871598,0.9382433064179198,0.7613187537473791,0.9656862745098039,0.30081429057707587,0.2005756415024984,100.64608296937617,21.609693284055638,1.7783817902701398,1.4993615429483207,474.0636044317446,226.22128035405137,6.694386921329816,4.463654132374483,10.551184134174814,7.051468589190691,0.1887102524009325,0.15910244738113816,21.26129736145197,19.042175796348502,0.8754419873366812,1.1680803298950195,0.916015625,0.3848623420087863,0.2081594875344308,98.87146926427138,17.64084101097028,1.60405997584693,1.3743734098170535,771.2305315374853,263.82091871467105,8.564810614261166,4.6324266983059506,11.89009978755876,6.251431185145028,0.17021236079027033,0.1458395235931365,18.979739838075957,17.605362905618634,0.8005569223973641,0.8754419873366812,0.9003500201086614
stage1_soc,197,-1.5401682942601833,0.9796823999706605,0.17123725697367356,0.10414847204398403,201.0634766708714,8.458990896779705,1.593204154255081,1.3044159659423094,624.9537544917926,224.22438406581952,0.9283112228785585,0.9152766886879417,0.9411764705882353,0.2740827085997947,0.19310718808578803,103.27105218528916,23.39575230991651,1.8039608680500827,1.5186460691632009,468.19635280359245,248.40156251524456,6.099496457742232,4.297449538904292,11.01342808448441,7.022634414538848,0.1914245369547025,0.16114879526287712,21.539194852224355,18.91285435497022,0.8589516580082969,1.3375337719917297,0.892578125,0.35372227665047384,0.19507913078314232,90.15295529275069,17.84323231994705,1.6012977128700265,1.359024189216143,746.00432426575,263.2870573872476,7.871812798684883,4.341333582369966,11.045163984822134,6.111942954072365,0.16991924749681375,0.14421076462270452,18.80896658168882,16.79088445927453,0.7864614420048579,0.8589516580082969,0.9003500201086614
stage1_soc,198,-1.580144702227468,0.9793890050243884,0.17789279586681517,0.10698778193960695,207.29011731927795,8.656862272027308,1.5801713228466863,1.2933941419001473,621.6276636411226,222.2517040883845,0.9260211662643438,1.1985961502673579,0.9558823529411765,0.2744993224926877,0.18160384048835612,88.72035664089549,21.18286105904717,1.781298681268473,1.4912006050056101,471.15432726961274,245.4254914962709,6.1087678743045135,4.0414515291022015,10.041702101348228,6.563069397254422,0.1890197738094023,0.15823646198507574,21.181874299361372,18.047396855586335,0.8735325561933702,1.1828107237815857,0.896484375,0.3525685562162553,0.1855523115646065,80.05719231520203,17.577402788928865,1.5921005341442778,1.3545081928969012,754.4088993570908,265.88382405186854,7.846137652165459,4.12932166679211,9.981238231730206,5.762905409754026,0.16894330300153815,0.14373155660904374,18.74505415490395,17.155136326842296,0.7907138081351234,0.8735325561933702,0.9003500201086614
stage1_soc,199,-1.5902548913983319,0.9813327465434408,0.16888905723321326,0.10318514338392226,204.90250065595959,8.484966035355985,1.5843405302690843,1.2951418820979814,615.1026835875793,222.26059053948575,0.9306660293734769,1.359597215465471,0.8774509803921569,0.3426227068361691,0.23232162933951864,165.9482226980564,23.69288363886266,1.7411099195765916,1.4518335106618263,445.1628956793861,240.96527872975318,7.624800547854897,5.170136279127385,12.880377132991141,7.703979539647188,0.1847552050851556,0.15405908322953965,20.668442113407416,17.903897444926763,0.7746641683413061,1.39263117313385,0.875,0.4011841599427891,0.2279471840761289,95.77898162663291,19.987323634992094,1.5531860845864838,1.3194017727000755,719.0724372312923,253.35671584940042,8.928039915303028,5.0727864188427185,12.622438720152982,6.485052204070754,0.16481395595228662,0.14000629274698528,18.250642954517797,16.474343572998386,0.7546447520171633,0.7746641683413061,0.9003500201086614
