final_stage,test_cls_acc,test_soc_rmse,test_soc_mae,test_soc_mape,test_soh_rmse,test_soh_mae,test_soh_mape,test_soc_rmse_raw,test_soc_mae_raw,test_soc_mape_raw,test_soh_rmse_raw,test_soh_mae_raw,test_soh_mape_raw,n_test
finetune,0.916205533596838,0.3617140858960803,0.1842575705113265,192.35860481834212,0.5475530761646031,0.36079991135687345,344.8891038831209,8.058001553530262,4.1047552187068455,10.32768494970053,0.05856011353512159,0.03858709719079912,4.839445260826314,1265
