final_stage,n_train,n_test,test_cls_acc,test_soc_rmse,test_soc_mae,test_soc_mape,test_soh_rmse,test_soh_mae,test_soh_mape,test_soc_rmse_raw,test_soc_mae_raw,test_soc_mape_raw,test_soh_rmse_raw,test_soh_mae_raw,test_soh_mape_raw
finetune,22721,384,0.9322916666666666,0.3469692583734849,0.17532847599553256,84.79972266072463,0.4484146656360663,0.3020922044670442,404.4529294074123,7.720337096533502,3.901195577686232,9.431058478143068,0.04777523009212969,0.03218566579740811,4.009587552783754
