stage,epoch,train_loss,train_cls_acc,train_soc_rmse,train_soc_mae,train_soc_mape,train_soc_medape,train_soh_rmse,train_soh_mae,train_soh_mape,train_soh_medape,train_score,val_loss,val_cls_acc,val_soc_rmse,val_soc_mae,val_soc_mape,val_soc_medape,val_soh_rmse,val_soh_mae,val_soh_mape,val_soh_medape,val_soc_rmse_raw,val_soc_mae_raw,val_soc_mape_raw,val_soc_medape_raw,val_soh_rmse_raw,val_soh_mae_raw,val_soh_mape_raw,val_soh_medape_raw,val_score,test_loss,test_cls_acc,test_soc_rmse,test_soc_mae,test_soc_mape,test_soc_medape,test_soh_rmse,test_soh_mae,test_soh_mape,test_soh_medape,test_soc_rmse_raw,test_soc_mae_raw,test_soc_mape_raw,test_soc_medape_raw,test_soh_rmse_raw,test_soh_mae_raw,test_soh_mape_raw,test_soh_medape_raw,test_score,score,best_score_so_far
stage2_soh,0,0.5514591391934823,0.9809280694805099,0.15747844926842683,0.09796839863500123,197.92161594833271,7.988548563570206,0.7060209064280021,0.5041950057148955,186.78405148805635,61.784708431289026,-0.7060209064280021,0.8385533870435229,0.9823529411764705,0.29290047016924575,0.19425434929263943,113.26300820396447,22.68636585062039,0.5677407412355485,0.4138628201887888,140.8619098722403,47.865160579575424,6.51827756379985,4.322983045855488,11.077784619894684,7.308842960297623,0.060238017113056444,0.04391137333342579,5.870128485449538,3.7445823462379355,-0.5677407412355485,0.705617755651474,0.88984375,0.38835451245985564,0.2117431171987846,183.37454089992292,18.50570232346861,0.6430088927790762,0.45522515286429555,204.00418728168796,56.47455367078827,8.642534796563465,4.712182296356038,11.174603406876845,6.408279043028861,0.06822406403806662,0.048299969610875924,6.143676227146271,3.6978203285820506,-0.6430088927790762,-0.5677407412355485,-0.5677407412355485
stage2_soh,1,0.16006594513223135,0.9806346551648255,0.15752797389008333,0.098142745954273,197.4852222613818,7.977781389149855,0.5158446611012867,0.36018799706775534,171.01949836537818,40.33490802928165,-0.5158446611012867,0.9304369688034058,0.9823529411764705,0.28767866763531325,0.18758436017030594,116.61634567404073,20.025804490985504,0.5429293366503114,0.375749589868949,123.31867789360376,45.16377553892576,6.402070313330575,4.1745475024718495,10.61633906657835,6.489585585270303,0.05760549542586543,0.039867510961942666,5.383516936636875,3.41658426471065,-0.5429293366503114,0.9206721425056458,0.88984375,0.38820166715331705,0.21345694503288543,186.22624677818268,19.744720490016572,0.6482214408624889,0.4432823048526188,195.26958361777008,54.94107297519632,8.639133340322147,4.750322233491611,11.463185884059337,6.49795351706463,0.06877712204121064,0.04703281819711551,5.958647256328371,3.2892143129619864,-0.6482214408624889,-0.5429293366503114,-0.5429293366503114
stage2_soh,2,0.06114172673196721,0.9802972287017884,0.1580507494389798,0.09825840795407072,198.60756933630347,7.948321353028039,0.4684869355960945,0.32491492678385087,160.37086448035643,35.42970174105151,-0.4684869355960945,1.0838619222827985,0.9823529411764705,0.29394195414115404,0.19215978042533,115.05966569073927,21.20918691306773,0.5610239765749074,0.3772781389135429,127.82799983760894,41.79294984866856,6.541454998794147,4.276370006123161,10.909751558990596,6.9019558644280234,0.05952535981160657,0.04002969196608553,5.451618114467873,3.0393816950312598,-0.5610239765749074,1.1039021611213684,0.88984375,0.3878048271452294,0.21275971009199565,178.90938684323166,19.74487113318345,0.6549317392107431,0.43795043255413474,188.4634083330044,48.02639051896189,8.630301967263438,4.734805799293765,11.336430838875271,6.266392657695675,0.0694890932586649,0.046467099742488235,5.915860584698095,3.2942210745174156,-0.6549317392107431,-0.5610239765749074,-0.5429293366503114
stage2_soh,3,-0.01839685085050629,0.9809133987647257,0.15712876669690834,0.097898307240787,197.57906842508675,7.925021278254514,0.4385446844984895,0.3019678274962315,150.55162799544482,32.48247567097598,-0.4385446844984895,1.2834863379889843,0.9823529411764705,0.29278451619575413,0.19065256829957897,117.25984505934397,21.364122697731972,0.5378205949791085,0.37866329751433986,134.4902861283316,43.31770301613197,6.515697096163838,4.2428281446932585,11.047268289842288,6.51022242117131,0.05706345141551947,0.040176659061167554,5.397683772881396,3.376386445100925,-0.5378205949791085,1.370025396347046,0.88984375,0.39001030757689775,0.21420179660563007,183.93377666350844,18.762951149289826,0.6564678309186459,0.4286588048817066,201.3565400167046,47.57084953367745,8.679383259645236,4.766898339675999,11.430179114227473,6.595855547116313,0.06965207454900968,0.04548124618982298,5.7729136496898406,2.9844082677777624,-0.6564678309186459,-0.5378205949791085,-0.5378205949791085
stage2_soh,4,-0.08396490180848999,0.9810307644909995,0.1584007027685834,0.09837091044166855,200.94844739723294,7.936157033176018,0.4176261795979268,0.28520455146262513,146.87770873019159,29.910138743912757,-0.4176261795979268,1.4089736597210754,0.9823529411764705,0.28986123904907435,0.18811429379617467,111.89040821105723,20.327602478563325,0.5407699015510541,0.37957452668479696,118.75387614966057,45.117997342024665,6.4506417829137055,4.18634077293607,10.736043661542539,6.5885319515634775,0.05737637660627797,0.04027334163893088,5.450403115948698,3.5181136076135004,-0.5407699015510541,1.410260134935379,0.88984375,0.3882692258243847,0.21233313532684406,190.01702775335863,19.02035167247739,0.6543702610582832,0.4348015453713742,194.57027184986612,47.79435088157418,8.640636807249345,4.725312701794249,11.164927858776728,6.330115935786225,0.06942951971021233,0.046132998794246594,5.853670586337396,3.132768000123569,-0.6543702610582832,-0.5407699015510541,-0.5378205949791085
stage2_soh,5,-0.13215378367773825,0.9806199844490413,0.1579139745452986,0.09814567032042423,198.38652795957637,7.888543973027924,0.40065585100921736,0.27247733226282517,141.43350442335407,28.511526241877384,-0.40065585100921736,1.3660038433822932,0.9823529411764705,0.28858350895447293,0.18742505633363538,118.2770634672717,21.131817356142612,0.5600072254922536,0.38531965300961235,132.7942627887145,41.1819454668193,6.422206869840948,4.171002316546415,10.52943143826981,6.687873071205501,0.059417481224307504,0.04088290687308645,5.4968463550385565,3.3411224583360544,-0.5600072254922536,1.3886539161205291,0.88984375,0.3902745550139049,0.21383393303040066,182.6884829642977,19.139364864029442,0.6642033047075183,0.4303378884022095,197.2606396020171,48.98405640980859,8.685263885712311,4.758711815128697,11.423617581935414,6.594979617525077,0.07047281818889295,0.045659399093949934,5.750204420995556,3.0315169874073558,-0.6642033047075183,-0.5600072254922536,-0.5378205949791085
stage2_soh,6,-0.16567788172764703,0.9809133987647257,0.1574401385145221,0.09787853544651956,199.36412462513584,7.899668775841497,0.39338127886833824,0.2664610004603719,138.20579659649687,27.710184475617822,-0.39338127886833824,1.4525708418266445,0.9823529411764705,0.29205996470581796,0.18886260640277874,114.35046025718015,20.903436212436347,0.5168530655636902,0.36512807026578514,125.61581235544199,44.44586046800087,6.499572752908467,4.20299390180103,10.769292342328015,6.482061139842184,0.05483876978883934,0.03874055417841215,5.2066164518531775,3.2057390223424784,-0.5168530655636902,1.5239605903625488,0.88984375,0.3886577849680006,0.21212272692318948,181.18097090224833,18.791424670733136,0.6272057701165171,0.4158637809268839,203.18405880768688,48.48855345099506,8.64928389595691,4.7206302225343695,11.25522691961369,6.469367932869085,0.06654733255792783,0.044123677821072065,5.566048624408822,3.143776628449303,-0.6272057701165171,-0.5168530655636902,-0.5168530655636902
stage2_soh,7,-0.20558683458128324,0.9804292651438463,0.15741645861656106,0.09806354064326656,197.59695328814504,7.946442666449957,0.38351431004978465,0.2578455252613535,136.2036545804205,26.493856389435948,-0.38351431004978465,1.8948094255783978,0.9823529411764705,0.2926310043964298,0.18855600169878087,113.49257413724779,19.455833003540775,0.5690638392793235,0.39565330498815315,140.0863065032778,46.386099321781465,6.512280807631643,4.196170646919022,10.684666491899385,6.585207224756449,0.06037839950384579,0.041979320534309764,5.670947160552778,3.5341808054836252,-0.5690638392793235,1.720810055732727,0.88984375,0.38897948661690324,0.21377881805528887,185.59440179123368,19.378486119397166,0.6624068907215555,0.43075486033376365,210.62773387730277,46.6500173538537,8.656443121884637,4.757485273206475,11.322327516046498,6.605433396305257,0.07028221637266065,0.04570364034796661,5.790663263065933,3.072472337527868,-0.6624068907215555,-0.5690638392793235,-0.5168530655636902
stage2_soh,8,-0.23627956229257996,0.9806639965963939,0.15789018621568723,0.09778320715351099,198.05236887011569,7.878407643045385,0.37424418278934807,0.2509542026966322,134.34526429086424,25.613860661772925,-0.37424418278934807,1.4898570215000826,0.9823529411764705,0.2968941806304473,0.19074352217071197,115.21500685867376,20.880743812598645,0.5406745568990716,0.3695971716788835,132.6248433945249,39.21954938337122,6.6071545576828585,4.244852254033897,10.917066626303376,6.551231111758392,0.05736626041703769,0.039214731541157566,5.187269718121618,3.279228929145333,-0.5406745568990716,1.524631094932556,0.88984375,0.38835550157444076,0.2127018599459916,180.9266622447094,18.70299966208236,0.6668114903128296,0.4324032428670762,197.01973227261468,50.401835147574275,8.64255680855752,4.7335183882201575,11.366642306540466,6.488476834976339,0.0707495500098027,0.04587853583817656,5.7639440059013385,3.099332580577925,-0.6668114903128296,-0.5406745568990716,-0.5168530655636902
stage2_soh,9,-0.25324986266335725,0.9805613015859044,0.1583681092981306,0.09816539384940785,198.0145832295567,7.918733464045748,0.37008161391893524,0.24804616248607128,132.23358833124524,25.296523281529915,-0.37008161391893524,1.2410002563513962,0.9823529411764705,0.29022346792045767,0.18672581313762301,115.1733811127994,20.102856751218397,0.49076031762082367,0.33616690467221333,119.95320570972903,40.74719073081211,6.458702911405354,4.155441190155688,10.698620038461735,6.3012731469532675,0.052070295936340265,0.03566773755291681,4.778065413159301,2.672905066320673,-0.49076031762082367,1.3834528028964996,0.88984375,0.38767747888027404,0.21246234261707286,182.65061609081857,19.455298748615988,0.6207106397416068,0.4021600927175314,205.77253764544025,44.90342733888852,8.627467928322607,4.72818811193098,11.259581714134109,6.5117557848976375,0.06585819093701138,0.04266969901541069,5.334766366703581,2.8375954421663,-0.6207106397416068,-0.49076031762082367,-0.49076031762082367
stage2_soh,10,-0.27687865011371615,0.9808547159015888,0.15768624506020593,0.09802387630936721,198.64784724267827,7.904482936502108,0.3632628116866096,0.24275770587066198,129.10906288934777,24.596735656792827,-0.3632628116866096,1.3696147067874085,0.9823529411764705,0.29083558148465244,0.190164312544991,116.78329606900952,21.0981708116557,0.5010572928432049,0.3459020924338998,135.4921119470155,37.9877432391075,6.472325033997655,4.231962383608313,10.816984487170517,6.987894611810172,0.053162818146933535,0.036700653397059094,4.912175036078144,2.7460477151594302,-0.5010572928432049,1.6407305240631103,0.88984375,0.38526846015595,0.211034167078833,178.87118231935045,19.01561307341715,0.6270807647846527,0.41519515113795935,222.03679305682925,47.462284628542236,8.573857045784719,4.696405149743525,11.300497387400062,6.450339565500953,0.06653406933270345,0.04405273534725931,5.547192214770192,2.9260530290684703,-0.6270807647846527,-0.5010572928432049,-0.49076031762082367
stage2_soh,11,-0.3054760811709725,0.9807813623226678,0.15805941184710953,0.09814505551649691,199.4664547666706,7.977218808039291,0.35894350720402857,0.2389491239957107,127.9726079947562,24.299110449857476,-0.35894350720402857,1.4418750127156577,0.9823529411764705,0.2945802200280175,0.1923623458884072,115.62999014454684,21.536426402522014,0.5248752983457963,0.34726096244035837,111.86854964692496,37.958816507629415,6.5556591214699385,4.280877946695649,10.957369894766378,6.623374480668746,0.055689938923824726,0.03684483123873615,4.98229159249099,2.8742545401845687,-0.5248752983457963,1.6392859935760498,0.88984375,0.390101926960222,0.2137598970624822,176.41517303147484,19.341423925889586,0.6249828040513465,0.407208037548844,197.18985456767797,46.16767865201762,8.681422179454367,4.757064200878305,11.338706383041247,6.6276765777253015,0.06631147302178803,0.04320529240346423,5.412946533660632,2.736054279107455,-0.6249828040513465,-0.5248752983457963,-0.49076031762082367
stage2_soh,12,-0.3188208975779409,0.9806199844490413,0.157637690094954,0.09797849647437756,197.37819882429528,7.985838832666108,0.3548625410121226,0.23531643884154171,128.2528726192804,23.586004230268323,-0.3548625410121226,1.6820506876590204,0.9823529411764705,0.2941679627981985,0.1917023005511831,115.60733746668937,20.51600191122744,0.518993754220046,0.3576300864226605,136.38628068554007,41.235298254687216,6.546484649847922,4.2661891388892546,10.968648518282412,6.904536119386005,0.05506589958691347,0.03794500852482275,5.1020049312063875,2.9579492481021,-0.518993754220046,1.911034345626831,0.88984375,0.39003914619015556,0.21502464882541972,184.08560875999237,18.94556401966065,0.6486361395428042,0.4261481396844829,223.51552278132604,46.93954659267754,8.680025041086083,4.7852102910343515,11.524208738799272,6.5471583718051,0.06882112210037009,0.045214861408652635,5.6995184790335385,3.039104007934613,-0.6486361395428042,-0.518993754220046,-0.49076031762082367
stage2_soh,13,-0.3516960888136955,0.9808253744700204,0.1580843069591054,0.09804431326199384,197.5489059918183,7.908027484092614,0.3480956794903851,0.23072880794929285,123.75181861877972,23.133544365747152,-0.3480956794903851,1.61421786663579,0.9823529411764705,0.2900329343886996,0.18962319079129136,112.41420392878123,21.74096867475685,0.51693201853787,0.35701775886027104,126.41037011525734,38.49353379672037,6.454462732328507,4.219920129854382,10.643193929645332,6.833045635102713,0.054847146800148086,0.03788003978909007,5.072670539863736,3.0229487766530774,-0.51693201853787,1.7049160242080688,0.88984375,0.38908814817118137,0.21334860959068463,193.5116913996865,18.469901892623724,0.6446742917077045,0.4140662069472455,195.6638547064466,45.929332728835035,8.658861302268198,4.7479113104847155,11.272221128883803,6.223373503079506,0.06840076498953339,0.04393295292803059,5.502530236502483,2.9281984651147503,-0.6446742917077045,-0.51693201853787,-0.49076031762082367
stage2_soh,14,-0.36474788278171216,0.9809133987647257,0.15668426765251497,0.0975271741293659,199.22291242446119,7.869391801285844,0.34420082446424594,0.2282053249465903,124.83862473963971,22.868674459238107,-0.34420082446424594,1.6084731237561094,0.9823529411764705,0.2931880194686334,0.18999025032070338,116.22592344714074,20.814556558765155,0.5294285063646407,0.36769793091396635,144.82110415369377,39.95221065668828,6.5246767551210585,4.22808876097253,10.772552460676929,6.397234376254787,0.05617304010476441,0.03901321967246568,5.199148338497525,3.149559740147054,-0.5294285063646407,1.7364166498184204,0.88984375,0.38644452353097103,0.21245942045388802,180.82826984906214,19.373588087492504,0.6472723886730496,0.4206937084440142,210.81410267949323,46.92608625649313,8.600029443208925,4.728123081408104,11.40014859159067,6.347575981765056,0.06867642639286908,0.044636139293888946,5.607177663660401,2.9225049383752673,-0.6472723886730496,-0.5294285063646407,-0.49076031762082367
stage2_soh,15,-0.38025132062847433,0.9805172894385517,0.1576010614159035,0.09795647197955251,199.92922625100994,7.9699258122735674,0.34362103166979285,0.22635794499310558,122.3473595887944,22.537180335495293,-0.34362103166979285,1.7232513348261516,0.9823529411764705,0.29172537487174255,0.1913757978819822,114.11120235753978,21.531117759216503,0.5120175429954247,0.35157473542197953,110.53266598400049,44.36541857626334,6.4921267102057385,4.25892306990021,10.924119880315345,6.602955563466976,0.05432571467395742,0.037302528056694345,5.031092021144643,2.990102125385347,-0.5120175429954247,1.8199002265930175,0.88984375,0.3870581078026854,0.21233345851542254,174.98534926204042,19.28885109332937,0.6142315258339276,0.4061278550470888,180.85370379258126,49.73338389247246,8.613684295280366,4.725319894110666,11.305028190436914,6.406814871007195,0.06517074868370601,0.04309068366165657,5.389653787066182,2.931230110789368,-0.6142315258339276,-0.5120175429954247,-0.49076031762082367
stage2_soh,16,-0.39807174562832515,0.9804145944280621,0.15687957928858484,0.09744861419975662,199.0030717848602,7.863776312624836,0.3384442664010359,0.22303051717325695,120.85091030100597,22.157481892411575,-0.3384442664010359,2.056070624145807,0.9823529411764705,0.29577988962411145,0.18891546956318267,116.33963610112065,20.471979024942613,0.5521980489959216,0.3844151706873056,152.4566134445318,43.050155140166396,6.58235685741988,4.204170331296734,10.676010726026641,6.631186493256058,0.058588917633114114,0.04078694014452122,5.51963866000433,3.2396959939669108,-0.5521980489959216,2.0869835138320925,0.88984375,0.3847627382184678,0.21192574414326373,189.05839204445027,19.09027892650727,0.646990336739751,0.4234950436895815,227.26429490246565,44.87718542054924,8.562602588061566,4.716246520336476,11.250655969073918,6.467098035365007,0.06864650032283254,0.044933364538099284,5.670352300909547,2.979308358381965,-0.646990336739751,-0.5521980489959216,-0.49076031762082367
stage2_soh,17,-0.4183750053421705,0.9808987280489415,0.15711733689621987,0.0975952665888243,196.13712038932087,7.949412218581077,0.3360618206615468,0.2207660317779645,118.27273210898268,21.87642207750849,-0.3360618206615468,1.4787866545658486,0.9823529411764705,0.2929147610324011,0.1886336949215654,115.61955686295775,21.164840432499673,0.5024452159163943,0.3412941938622252,107.37835593701102,40.068869345125535,6.5185955961082955,4.197899650599497,10.687145734673987,6.744277200604615,0.053310078556064004,0.036211749478676045,4.824522911868716,2.640608175990409,-0.5024452159163943,1.777514886856079,0.88984375,0.38787102200878193,0.21147941042981983,192.99827476679033,18.349845912170426,0.616753405161716,0.4011051939789468,188.6806498127101,47.22791624278831,8.631775083689927,4.706313702445717,11.223037103052386,6.486774332150068,0.0654383232984391,0.04255777291313888,5.312389545839272,2.8779765240763755,-0.616753405161716,-0.5024452159163943,-0.49076031762082367
stage2_soh,18,-0.42342708677859253,0.9802972287017884,0.1574915305137492,0.09794768860140883,200.21192104700447,7.880594431612109,0.33474633199320314,0.21961919359699175,119.5552569415612,21.63236437066968,-0.33474633199320314,1.3472929949853933,0.9823529411764705,0.2869099300316239,0.18849115432513988,114.43181532095592,21.504864450393562,0.4945211640875535,0.3397560357198338,119.58844228892384,37.4479893475511,6.384962641664217,4.194727517857362,10.843403643728683,6.845505703571261,0.05246932654550427,0.036048548936995134,4.830381405060884,2.833887038662044,-0.4945211640875535,1.7720497727394104,0.88984375,0.3894054340897928,0.21385921512119238,192.88448194138272,18.980657917422988,0.6199103665219208,0.41244378805531595,204.14236523445274,47.755173689745455,8.665922259471166,4.7592744488625325,11.404644005188706,6.418873530931579,0.06577328092721067,0.0437608122133024,5.462859605740781,3.0221536514337184,-0.6199103665219208,-0.4945211640875535,-0.49076031762082367
stage2_soh,19,-0.44941278569029874,0.9801945336912988,0.15726000592321354,0.09783873669174227,198.0741420376206,7.879707741539555,0.32998095112086623,0.21652403206639373,117.83848817355651,21.456915561165353,-0.32998095112086623,1.2764829067622914,0.9823529411764705,0.2910164535393649,0.18762010160066625,115.83281295931215,22.61299966842327,0.44408057807384776,0.3025240665310811,108.21286478171095,34.337285119382685,6.476350204238828,4.17534290086599,10.542216459253801,6.353879943304953,0.04711751600452781,0.03209818949605733,4.28297027474149,2.5108184431777563,-0.44408057807384776,1.7266258001327515,0.88984375,0.3885828732892915,0.21320199993351707,176.9831666846025,18.59408745440918,0.6074178333903413,0.389425096836203,194.10994579060315,43.94468672933689,8.647616793427801,4.744648623885409,11.322628877336914,6.312406514995054,0.06444780722080055,0.041318499701856595,5.14442418922736,2.7638121905747597,-0.6074178333903413,-0.44408057807384776,-0.44408057807384776
stage2_soh,20,-0.4619750940701601,0.9805759723016886,0.15820595762819314,0.09823382748043524,199.44098211715882,7.917188675565434,0.3296341790284964,0.2158413233030722,118.21405479560539,21.211491101264766,-0.3296341790284964,1.5141688627355239,0.9823529411764705,0.2956611435337226,0.18946162132254127,115.43554064718728,20.54290111840219,0.49174802176038673,0.33289515304233075,113.42620910054187,40.07610322445051,6.57971425334238,4.216324524007315,10.801158948199419,6.691435499379952,0.052175092605911924,0.03532060053005382,4.7430782094738255,2.792353308724431,-0.49174802176038673,1.9979350209236144,0.88984375,0.38653243340844284,0.21293648192149703,186.52685795391162,19.059577973972665,0.6200107123660002,0.4007692851599131,198.67088479231847,45.31517890784771,8.601985810781944,4.738739722136173,11.364797952812946,6.5161724818721645,0.06578392774931426,0.04252213255880155,5.340046405527481,2.8641157876189176,-0.6200107123660002,-0.49174802176038673,-0.44408057807384776
stage2_soh,21,-0.4671686099675746,0.9806933380279624,0.15785742610017175,0.09788930060254387,199.15560970215276,7.880864459360246,0.3287879992747457,0.2144895610657095,118.13748155390707,20.979447191851538,-0.3287879992747457,1.8065536601870669,0.9823529411764705,0.2972203302297197,0.1926661639602161,116.46139512213372,21.819318209561516,0.4910928111274285,0.34135135295526947,114.23113938683801,39.04267114176469,6.61441276936873,4.287639187194185,10.949333399042207,6.754280272104799,0.05210557392167077,0.03621781413138614,4.858972850248593,3.001234880016168,-0.4910928111274285,1.9672030210494995,0.88984375,0.3857055981355106,0.21069436339639652,173.98245523077458,18.57227029390323,0.6021759761248854,0.3911407302868611,189.27162979859776,44.036931605911775,8.583585219600241,4.688843076804406,11.266559914499414,6.380381344447379,0.06389163947604164,0.041500530600212714,5.202319164863514,2.7264218483969267,-0.6021759761248854,-0.4910928111274285,-0.44408057807384776
stage2_soh,22,-0.48606335079089497,0.9810454352067838,0.15767014788652303,0.09811528475373883,199.89524338084382,7.8774313142455155,0.3257523952221252,0.21222711673513373,116.19252317463533,20.539643632809156,-0.3257523952221252,2.1611143098157997,0.9823529411764705,0.2940026462388313,0.19017770653134028,117.26935305814412,21.865063521823608,0.5417526613046129,0.3756453747961524,132.88900312349608,44.87498583638305,6.5428056553443446,4.232260456604441,10.780305825806584,7.210373066952843,0.057480648670185285,0.03985645360973487,5.396000680833874,3.3014014474574127,-0.5417526613046129,2.148388993740082,0.88984375,0.3864348706878803,0.21436068834882463,188.36140586691673,19.711375819162846,0.6400273650845308,0.4165216338587925,191.5188412622088,48.126440980016255,8.59981462651536,4.770434354774027,11.395584803870772,6.563762517170586,0.06790772014508437,0.04419347685660357,5.5866367003829005,3.013230796473721,-0.6400273650845308,-0.5417526613046129,-0.44408057807384776
stage2_soh,23,-0.500482746646163,0.9805026187227674,0.15742632619912808,0.09783153017031775,197.45985260208738,7.902957310918643,0.32397076992592394,0.21078309558594285,112.40804898442984,20.49786086505636,-0.32397076992592394,1.8154490124945548,0.9823529411764705,0.289212616145121,0.18920322549711985,114.2873355158397,21.95990106040084,0.5090091234317377,0.3449932558434632,101.95292748433219,38.41001195905214,6.43620717268668,4.210574121112944,10.838296074921129,6.626041200538574,0.05400651751934377,0.036604224675089024,4.936465222905853,2.7845178373101005,-0.5090091234317377,1.91469349861145,0.88984375,0.38745107853140465,0.21231829048665532,193.73098320583122,19.068422267952766,0.6091174318845176,0.3933788527992874,181.30141832205254,46.49563976728096,8.622429560464681,4.724982341147561,11.419624425711834,6.3956197000155175,0.06462813678981248,0.04173799825474681,5.233075082458472,2.738912015507556,-0.6091174318845176,-0.5090091234317377,-0.44408057807384776
stage2_soh,24,-0.5094159706046936,0.9806346551648255,0.15760107054069009,0.09769323410529929,196.6510480400957,7.954960874942339,0.3233658994202275,0.20967559610571868,114.44034631231598,20.27185829837115,-0.3233658994202275,1.5696835167267744,0.9823529411764705,0.2938111809261232,0.18930410753807747,113.38385220062818,21.028687603863204,0.47963562698626433,0.3380111786308607,115.74432029269883,40.48853679444072,6.5385447401899555,4.2128191743345536,10.712678636448029,6.5852569145494115,0.05088995206430516,0.03586341737332285,4.784702110869634,3.0964812716476806,-0.47963562698626433,1.7877894520759583,0.88984375,0.3875813567856738,0.2136378372884792,184.04613355778005,19.43243967859847,0.6022780318334472,0.3876303612778429,204.20294357561588,42.525435595378724,8.625328804092945,4.754347853288058,11.538492805833013,6.465655729668907,0.06390246771694866,0.04112807596893472,5.143004772745665,2.648381833836128,-0.6022780318334472,-0.47963562698626433,-0.44408057807384776
stage2_soh,25,-0.5192960617743844,0.981060105922568,0.15779855105162463,0.09820830491427164,199.15597927177197,7.918424541814295,0.3210406186694706,0.20862672459410445,113.46886383087337,20.24902737308625,-0.3210406186694706,1.6413886794856951,0.9823529411764705,0.2938165939477253,0.1906155135619509,115.76860282678544,21.722011856891413,0.49198665444910017,0.3492829391066277,136.0563541422517,41.16555882705338,6.5386652028755945,4.242003519643069,10.772163143473866,6.849858075987145,0.05220041183869267,0.03705936554317917,4.923729963092096,2.9702854175444426,-0.49198665444910017,1.9979432821273804,0.88984375,0.3918760892282087,0.21508091300020168,188.53719480146827,18.565686796030427,0.6231026933705718,0.4019743843717151,207.02330121801046,43.57280447770586,8.720904813604035,4.786462407522642,11.374188880261375,6.280849394384553,0.06611199087943467,0.042649995122945664,5.3397025934909355,2.725873393243907,-0.6231026933705718,-0.49198665444910017,-0.44408057807384776
stage2_soh,26,-0.5298336760118397,0.9804879480069832,0.15795761668893255,0.09810051501400213,197.4549472258073,7.893921530475015,0.31909014299252597,0.20694085188210515,112.4477865215993,20.10822748433897,-0.31909014299252597,1.739615873261994,0.9823529411764705,0.2911800845226167,0.18823698690690685,110.66650053093149,19.602612060164553,0.5038447658424433,0.3508469143704347,132.26911999097373,41.5893054211095,6.479991687525817,4.18907121495433,10.734981621025476,6.903065506618336,0.05345857258911938,0.037225305314386316,4.9938246198363965,2.8640365200651106,-0.5038447658424433,2.0463663935661316,0.88984375,0.38891049885977086,0.2131730692122801,193.69457366907767,18.9073293154953,0.6281589374704005,0.4082507407081721,204.40819204506724,46.64825775550309,8.654907851732174,4.744004792651426,11.33034627499801,6.42196339093867,0.06664846483046809,0.0433159245392147,5.427917811303866,2.808664608617528,-0.6281589374704005,-0.5038447658424433,-0.44408057807384776
stage2_soh,27,-0.5456978030592536,0.9804439358596306,0.1573975803370067,0.09784400141633114,196.6864938462844,7.948401172458749,0.3194219791573075,0.20615424920457878,110.09678308507912,19.996953086746334,-0.3194219791573075,1.5198250513450773,0.9823529411764705,0.29204940632020243,0.19167303464503266,116.23698233971689,20.612398610256903,0.4862509192074804,0.33087222035061203,124.31903394293137,37.67681091972395,6.499337784053594,4.2655378483695285,10.871246749676745,6.914888975626404,0.051591843010447704,0.035105964790090684,4.664172541662085,2.73970927536876,-0.4862509192074804,2.008133125305176,0.88984375,0.3851153132836632,0.21009813149357798,189.35828186502673,18.780145310355607,0.6108064640072858,0.39686934497167387,205.94322582564683,45.67369722992049,8.570448878426653,4.67557438852706,11.07369352152836,6.432659576060193,0.06480734525333474,0.04210834392829425,5.255069614379641,2.937614767029899,-0.6108064640072858,-0.4862509192074804,-0.44408057807384776
stage2_soh,28,-0.551067207467956,0.980531960154336,0.1573377943208696,0.09794884443267791,197.14921946452083,7.923224723162084,0.31618641612263754,0.20473820814232593,108.8544753533816,19.87920407870073,-0.31618641612263754,1.9719766612146414,0.9823529411764705,0.29401907290315316,0.1875315282932099,116.25333102636137,20.442686753843596,0.5205996325002485,0.3640792468142714,130.46427345840723,42.788856276556714,6.543171218286033,4.173371769162411,10.469747063624899,6.497396938878781,0.05523628532163071,0.03862927267185096,5.18328409822297,3.0659978084812405,-0.5205996325002485,2.0680105090141296,0.88984375,0.38880575570442266,0.21355309941791348,184.06602249016038,19.54318724107086,0.6365869938644008,0.4067072712663503,206.11437269525305,44.73085333310053,8.652576872341555,4.752462076320225,11.362086203198794,6.640349599065068,0.06754269236852838,0.043152160461886725,5.413134049063843,2.798747906036672,-0.6365869938644008,-0.5205996325002485,-0.44408057807384776
stage2_soh,29,-0.5559226134736908,0.9808840573331573,0.15810766215032437,0.0979829067364335,197.25292262564093,7.936255185538636,0.3155339803178427,0.20406318088365738,108.49243868711741,19.867286699182927,-0.3155339803178427,1.6325984912760116,0.9823529411764705,0.2945283173268439,0.19042934124157124,114.11918049230381,20.81180179843241,0.4780406975661944,0.3304432301371194,114.30384020173436,38.82675396186265,6.554504066265128,4.237860396013974,10.914406457983908,6.755947039546516,0.05072072801761933,0.03506044838102434,4.706184133076453,2.730741114595398,-0.4780406975661944,2.121711528301239,0.88984375,0.3892457701094922,0.21393526691572334,186.84629975450414,19.069175776324602,0.6077826574239114,0.3950442378958542,204.77457659080056,44.41571800926087,8.662369058822703,4.760966923803563,11.307428867288753,6.24930957721744,0.06448651551629758,0.04191469773861421,5.228673690480953,2.7751833055665482,-0.6077826574239114,-0.4780406975661944,-0.44408057807384776
stage2_soh,30,-0.5665097177162446,0.9806933380279624,0.15735908116129185,0.09777548963977649,198.01560037417312,7.956542989168197,0.3157090880191801,0.20372453768062695,109.07944053500499,19.685013771727707,-0.3157090880191801,1.7846961442162008,0.9823529411764705,0.2911407141573209,0.18934569527924644,114.22794357321243,20.627815579734296,0.5218810349432642,0.3609543228878037,135.94011442560688,41.400302024935584,6.4791155299401435,4.213744677936627,10.886396073289472,6.762184422948243,0.05537224375597366,0.03829771425568039,5.13950212996304,3.0432185761785946,-0.5218810349432642,2.070190691947937,0.88984375,0.3880207218345979,0.21337175996304722,175.93434068621195,19.10067524758461,0.6180435799394052,0.4010133516963833,197.184918109546,43.49544973049446,8.635106539646134,4.748426504443528,11.501137098346227,6.541557450839733,0.06557521248868488,0.04254802832976316,5.336170336206067,2.7871096127327695,-0.6180435799394052,-0.5218810349432642,-0.44408057807384776
stage2_soh,31,-0.5870752325684154,0.9809720816278626,0.15753417828753274,0.09784689652292936,198.4545218223196,7.875996079979069,0.31092822871694,0.2006087098039269,108.60536921074029,19.171864776625338,-0.31092822871694,2.1606221301882873,0.9823529411764705,0.29173227831900794,0.18924297978645008,111.89944186350618,20.431804634983756,0.5286112034096591,0.3685682717719864,137.1519224114275,42.48912269316552,6.492280341182831,4.21145882263649,10.758778840151672,6.523592435180861,0.056086323218317975,0.03910556394810372,5.254792362408375,3.14969568585139,-0.5286112034096591,2.120855116844177,0.88984375,0.38953105751818007,0.21493036903957546,185.73631665770765,18.913069939483943,0.6587317168936627,0.41757352674139836,220.76527695477247,44.787419483705605,8.668717913483844,4.783112165987186,11.402895341484214,6.551437117760084,0.06989227573980017,0.044305084033720396,5.599349038960568,2.760683971483356,-0.6587317168936627,-0.5286112034096591,-0.44408057807384776
stage2_soh,32,-0.5910662164284187,0.9808253744700204,0.15773625403140737,0.0979302373045441,198.58287480100952,7.934175942358143,0.3114670893019619,0.2003568771654509,107.45802119786701,19.370941264014494,-0.3114670893019619,2.249342894086651,0.9823529411764705,0.29484311115464673,0.19276254149245134,113.11057553457469,21.62711488987614,0.5253605522210056,0.37029983817471884,130.25343200072382,42.519121332015985,6.5615095638794,4.289783995994459,10.904154402100355,6.863761820950634,0.055741424979194695,0.039289285353006256,5.242946116279014,3.234020597798692,-0.5253605522210056,2.402535593509674,0.88984375,0.3879753604835187,0.21323680795285327,188.91441639488386,19.496842193190588,0.629771735796241,0.4050395644244418,202.68024041052095,45.80815567983164,8.634097057220817,4.745423249925948,11.406081036486855,6.570115653003663,0.06681958479085785,0.04297521463787589,5.404175785398254,2.752226703182991,-0.629771735796241,-0.5253605522210056,-0.44408057807384776
stage2_soh,33,-0.6060009793365474,0.9805613015859044,0.15727267493901775,0.09777793444777677,199.18803337149382,7.888687753117534,0.30869720394995087,0.19873573298050135,106.53994949589429,19.195252780083642,-0.30869720394995087,2.358157952159059,0.9823529411764705,0.2935587431013335,0.18945684889422768,112.3256246590676,20.44562661770545,0.535402666818323,0.37654881873076745,133.57581491194497,43.89996602308402,6.5329269280757245,4.2162183172389085,10.761965680564186,6.818128022541966,0.05680690615225272,0.03995231016404097,5.365402953058429,3.4671399227035513,-0.535402666818323,2.3791010975837708,0.88984375,0.3879156672559253,0.21202361667928926,182.9139878705273,19.401114756802396,0.6340668164977805,0.4122144375480275,216.24368341578156,46.144921732839975,8.632768629765891,4.718424599310945,11.138080195405104,6.354400210154743,0.06727529833404702,0.043736477831815404,5.5105255903547725,2.8172853432560805,-0.6340668164977805,-0.535402666818323,-0.44408057807384776
stage2_soh,34,-0.6067812000556326,0.9802385458386514,0.15752513654792913,0.09792161247256095,197.96312751667094,7.887461321343071,0.31001864089411973,0.19937077286658644,107.72159556096567,19.045400953509997,-0.31001864089411973,2.055105120527978,0.9823529411764705,0.28859164333082515,0.1874825087302894,113.1420350084664,20.914075100343737,0.5225883045373388,0.3628099093807167,135.26749578857164,42.00194843609209,6.422387894210222,4.172280876010251,10.694887843033204,6.65394842612934,0.05544728596241932,0.038494594350407425,5.179156648970203,3.361990527678766,-0.5225883045373388,2.2491283655166625,0.88984375,0.3879955365952373,0.21421290126236273,185.9071072699729,18.799144249349272,0.6218886618774678,0.40242284435080367,212.97820866706175,44.14035324135423,8.634546061267358,4.7671454653798,11.358987505467953,6.590307010793637,0.06598318058884634,0.042697577298986204,5.37954406598364,2.7843555374180897,-0.6218886618774678,-0.5225883045373388,-0.44408057807384776
stage2_soh,35,-0.6118021989224437,0.9803559115649253,0.1574982782233594,0.09783439142613176,196.85705910105386,7.883980337634745,0.30693237402908213,0.19789923477155286,105.0667335945053,19.015457321220115,-0.30693237402908213,2.1692450761795046,0.9823529411764705,0.2959312483651731,0.19133162647668345,118.40265767751177,21.268303225091188,0.5339081592107978,0.3696506030145375,137.63718031017976,43.93509665713307,6.58572523127526,4.257940068814708,10.882617218913893,6.882208128976179,0.05664833698802157,0.03922040067405174,5.256721912285578,3.1192830496475787,-0.5339081592107978,2.422337603569031,0.88984375,0.38395815388435633,0.21006422721766285,185.37260437472048,18.377502647741494,0.6228582373390854,0.40451495050601805,216.7440055920597,45.760467138807726,8.544697174628146,4.674819874610142,11.139997228030689,6.365997796184461,0.0660860537825548,0.04291955243169533,5.396234782684014,2.8354925265149653,-0.6228582373390854,-0.5339081592107978,-0.44408057807384776
stage2_soh,36,-0.6256248047370271,0.9807666916068835,0.1571707189864301,0.09757836127764308,196.25528507233776,7.899892176270839,0.307176597353578,0.19621566227295065,105.51818465318885,18.575422738919226,-0.307176597353578,1.7093550705442242,0.9823529411764705,0.29000091710654236,0.18963145973781745,114.50222934645932,20.82204621709818,0.49458755590946757,0.3431956669498308,126.24787134969654,41.75425256055132,6.4537502120248735,4.220104148980694,10.867526372391566,6.6965232178059,0.05247637080252893,0.03641349819965374,4.868602685322663,2.901221596715408,-0.49458755590946757,2.1880401492118837,0.88984375,0.38920934970524934,0.21539595154245034,189.35873798135265,20.26881162547938,0.6393944976704883,0.40800706896516203,209.81049528110333,43.85600461143994,8.661558550380354,4.7934733510710945,11.474694829849682,6.521817673252658,0.06784057210488131,0.04329007065634298,5.426725590210977,2.856327411515389,-0.6393944976704883,-0.49458755590946757,-0.44408057807384776
stage2_soh,37,-0.6409077191386773,0.9809280694805099,0.15747844926842683,0.09796839863500123,197.92161594833271,7.988548563570206,0.30612858694445727,0.19561113568595936,106.6209069882253,18.698502451526494,-0.30612858694445727,1.8765244736390956,0.9823529411764705,0.29290047016924575,0.19425434929263943,113.26300820396447,22.68636585062039,0.5137570842265297,0.35627692253054943,126.24032681149704,40.102180457860555,6.51827756379985,4.322983045855488,11.077784619894684,7.308842960297623,0.05451028221832658,0.03780143610915929,5.061668838470157,3.009097728508787,-0.5137570842265297,2.2308619618415833,0.88984375,0.38835451245985564,0.2117431171987846,183.37454089992292,18.50570232346861,0.6190425357174003,0.401124698730564,219.93459218626026,44.400786916045135,8.642534796563465,4.712182296356038,11.174603406876845,6.408279043028861,0.0656812029714519,0.0425598423921746,5.3200984064264345,2.838015701020689,-0.6190425357174003,-0.5137570842265297,-0.44408057807384776
stage2_soh,38,-0.6427267370038198,0.9806346551648255,0.15752797389008333,0.098142745954273,197.4852222613818,7.977781389149855,0.3041979144037199,0.19488410293432107,104.58561151450903,18.6781978642777,-0.3041979144037199,1.8644546317119224,0.9823529411764705,0.28767866763531325,0.18758436017030594,116.61634567404073,20.025804490985504,0.5242159245847879,0.362183673938225,123.45028214053602,42.39324014057094,6.402070313330575,4.1745475024718495,10.61633906657835,6.489585585270303,0.05561997852638509,0.038428149970848674,5.1482004689575485,3.0431967116251526,-0.5242159245847879,2.0769551157951356,0.88984375,0.38820166715331705,0.21345694503288543,186.22624677818268,19.744720490016572,0.6173990610203623,0.3997776806001639,212.01519059681337,44.19572864136266,8.639133340322147,4.750322233491611,11.463185884059337,6.49795351706463,0.06550682820893336,0.04241692204967098,5.330692959750962,2.811882131823646,-0.6173990610203623,-0.5242159245847879,-0.44408057807384776
stage2_soh,39,-0.6418110147913656,0.9802972287017884,0.1580507494389798,0.09825840795407072,198.60756933630347,7.948321353028039,0.30607505549086905,0.19584933030679402,104.6366783344048,18.828048010844345,-0.30607505549086905,1.9257157994251626,0.9823529411764705,0.29394195414115404,0.19215978042533,115.05966569073927,21.20918691306773,0.49973593745696804,0.3487967686015455,119.34807858877629,44.181387130227066,6.541454998794147,4.276370006123161,10.909751558990596,6.9019558644280234,0.05302262065433269,0.03700778223221004,4.918739124413518,2.9200915482692027,-0.49973593745696804,2.372655761241913,0.88984375,0.3878048271452294,0.21275971009199565,178.90938684323166,19.74487113318345,0.6163462961316013,0.40115906845603605,213.0411931406483,46.57518305709222,8.630301967263438,4.734805799293765,11.336430838875271,6.266392657695675,0.06539512851085075,0.04256348906390481,5.313476747963572,2.7382582229125747,-0.6163462961316013,-0.49973593745696804,-0.44408057807384776
stage2_soh,40,-0.6574519809495657,0.9809133987647257,0.15712876669690834,0.097898307240787,197.57906842508675,7.925021278254514,0.3039950408334388,0.19427001642136166,101.54629892622843,18.47664092899633,-0.3039950408334388,1.8712883084428076,0.9823529411764705,0.29278451619575413,0.19065256829957897,117.25984505934397,21.364122697731972,0.504175908560447,0.3466364398598671,126.75725047669138,37.25368390839205,6.515697096163838,4.2428281446932585,11.047268289842288,6.51022242117131,0.05349370725405564,0.03677856859602136,4.929142846099016,3.002480040422965,-0.504175908560447,2.308398759365082,0.88984375,0.39001030757689775,0.21420179660563007,183.93377666350844,18.762951149289826,0.6230198809978409,0.3978680834243278,203.99721048248497,42.03998324042863,8.679383259645236,4.766898339675999,11.430179114227473,6.595855547116313,0.06610320438101484,0.042214311352565245,5.28794196429193,2.747622027263469,-0.6230198809978409,-0.504175908560447,-0.44408057807384776
stage2_soh,41,-0.6660026581290217,0.9810307644909995,0.1584007027685834,0.09837091044166855,200.94844739723294,7.936157033176018,0.30201756899886856,0.1930272291091948,102.8597854242604,18.38343929174748,-0.30201756899886856,2.0680844540689507,0.9823529411764705,0.28986123904907435,0.18811429379617467,111.89040821105723,20.327602478563325,0.4991899081805739,0.3469520696584939,129.5144522375546,38.81386075881407,6.4506417829137055,4.18634077293607,10.736043661542539,6.5885319515634775,0.05296468625134431,0.0368120573204164,4.910529300726418,2.9449692612941103,-0.4991899081805739,2.2813754200935366,0.88984375,0.3882692258243847,0.21233313532684406,190.01702775335863,19.02035167247739,0.6280712362281718,0.4023048842005664,210.77875180769465,43.47566812735232,8.640636807249345,4.725312701794249,11.164927858776728,6.330115935786225,0.06663915961675608,0.04268506157652249,5.368973620809726,2.7572983569253493,-0.6280712362281718,-0.4991899081805739,-0.44408057807384776
stage2_soh,42,-0.6739474389288743,0.9806199844490413,0.1579139745452986,0.09814567032042423,198.38652795957637,7.888543973027924,0.3006970347032521,0.1915719565557742,101.63747538220768,18.107907077133028,-0.3006970347032521,1.945436562276354,0.9823529411764705,0.28858350895447293,0.18742505633363538,118.2770634672717,21.131817356142612,0.5271953981075235,0.3744213684882019,140.52364579941593,42.95729045179355,6.422206869840948,4.171002316546415,10.52943143826981,6.687873071205501,0.05593610446911707,0.03972658497856292,5.282811699555428,3.3349702733263826,-0.5271953981075235,2.1857745170593263,0.88984375,0.3902745550139049,0.21383393303040066,182.6884829642977,19.139364864029442,0.6309397292409414,0.40564061013537867,212.31783759124716,43.99478707809919,8.685263885712311,4.758711815128697,11.423617581935414,6.594979617525077,0.06694351038576354,0.0430389863547732,5.388378155617112,2.8392125608942482,-0.6309397292409414,-0.5271953981075235,-0.44408057807384776
stage2_soh,43,-0.6764125804649423,0.9809133987647257,0.1574401385145221,0.09787853544651956,199.36412462513584,7.899668775841497,0.2994687137744158,0.19172001606996883,101.61503112437703,18.27127970327411,-0.2994687137744158,1.7663756534165027,0.9823529411764705,0.29205996470581796,0.18886260640277874,114.35046025718015,20.903436212436347,0.47946480459207613,0.3274427645711922,115.5787042621201,36.305208527873084,6.499572752908467,4.20299390180103,10.769292342328015,6.482061139842184,0.050871827590303155,0.034742095155722734,4.641737716056002,2.5173462626106744,-0.47946480459207613,2.2537501096725463,0.88984375,0.3886577849680006,0.21212272692318948,181.18097090224833,18.791424670733136,0.6031087897874108,0.3926575961348135,204.2023061515933,44.5371632931124,8.64928389595691,4.7206302225343695,11.25522691961369,6.469367932869085,0.06399061219595638,0.041661472002283526,5.186148597928685,2.7775231927997672,-0.6031087897874108,-0.47946480459207613,-0.44408057807384776
stage2_soh,44,-0.6984696249767867,0.9804292651438463,0.15741645861656106,0.09806354064326656,197.59695328814504,7.946442666449957,0.2989576896461478,0.18989872986446638,101.60620698707136,17.93437322835823,-0.2989576896461478,2.3326628465278474,0.9823529411764705,0.2926310043964298,0.18855600169878087,113.49257413724779,19.455833003540775,0.5160168076750123,0.36570539685221864,131.93154191165976,43.99561012099512,6.512280807631643,4.196170646919022,10.684666491899385,6.585207224756449,0.05475004175974022,0.03880180926593277,5.187877044868272,3.230356757025973,-0.5160168076750123,2.3852392077445983,0.88984375,0.38897948661690324,0.21377881805528887,185.59440179123368,19.378486119397166,0.6182108518691019,0.3957347559000482,207.98146138539033,44.461325554783386,8.656443121884637,4.757485273206475,11.322327516046498,6.605433396305257,0.06559296025387376,0.04198796257999761,5.272970742598834,2.61840652836072,-0.6182108518691019,-0.5160168076750123,-0.44408057807384776
stage2_soh,45,-0.6975359018022144,0.9806639965963939,0.15789018621568723,0.09778320715351099,198.05236887011569,7.878407643045385,0.2964609748744532,0.18886287067400276,101.17410134457191,17.928410566530122,-0.2964609748744532,2.27922378988827,0.9823529411764705,0.2968941806304473,0.19074352217071197,115.21500685867376,20.880743812598645,0.5503569932708101,0.37724739703459337,147.59415124210238,41.20992018094503,6.6071545576828585,4.244852254033897,10.917066626303376,6.551231111758392,0.058393579271392874,0.040026430213500684,5.369468590398636,3.1518520382936948,-0.5503569932708101,2.46871600151062,0.88984375,0.38835550157444076,0.2127018599459916,180.9266622447094,18.70299966208236,0.6493566283748048,0.4181683456106839,218.28444692939746,46.839278547344094,8.64255680855752,4.7335183882201575,11.366642306540466,6.488476834976339,0.06889756688482816,0.04436819507477272,5.582664320343041,3.0085830422597994,-0.6493566283748048,-0.5503569932708101,-0.44408057807384776
stage2_soh,46,-0.6978947224432043,0.9805613015859044,0.1583681092981306,0.09816539384940785,198.0145832295567,7.918733464045748,0.2979400084512079,0.1897915038168134,101.6672001568622,18.04622852639453,-0.2979400084512079,2.0359555202371933,0.9823529411764705,0.29022346792045767,0.18672581313762301,115.1733811127994,20.102856751218397,0.51426452450508,0.3597369298384543,136.527727121114,39.249526913077105,6.458702911405354,4.155441190155688,10.698620038461735,6.3012731469532675,0.05456412227940207,0.03816854729968489,5.092184830520148,2.994259063821759,-0.51426452450508,2.273348557949066,0.88984375,0.38767747888027404,0.21246234261707286,182.65061609081857,19.455298748615988,0.6262609066160598,0.39930971047833735,216.33336373961302,43.21330464910737,8.627467928322607,4.72818811193098,11.259581714134109,6.5117557848976375,0.06644708133483225,0.04236726982258994,5.3065609514414875,2.7164719871792844,-0.6262609066160598,-0.51426452450508,-0.44408057807384776
stage2_soh,47,-0.7104862012639022,0.9808547159015888,0.15768624506020593,0.09802387630936721,198.64784724267827,7.904482936502108,0.29496294453149724,0.18780877860138656,99.37271561137092,17.85537390593627,-0.29496294453149724,2.1883832548178876,0.9823529411764705,0.29083558148465244,0.190164312544991,116.78329606900952,21.0981708116557,0.5419778760741752,0.37517624019699936,140.6218912989886,40.142333218282715,6.472325033997655,4.231962383608313,10.816984487170517,6.987894611810172,0.05750454424462212,0.039806677830123545,5.361404618934024,3.302168157640066,-0.5419778760741752,2.4502309441566466,0.88984375,0.38526846015595,0.211034167078833,178.87118231935045,19.01561307341715,0.6319671385713348,0.4147193934848474,224.63091459579528,45.742162786739826,8.573857045784719,4.696405149743525,11.300497387400062,6.450339565500953,0.06705251982674827,0.04400225685317157,5.520392905328424,3.018193317128422,-0.6319671385713348,-0.5419778760741752,-0.44408057807384776
stage2_soh,48,-0.7227937785374815,0.9807813623226678,0.15805941184710953,0.09814505551649691,199.4664547666706,7.977218808039291,0.2952875974955181,0.18704626022419704,100.1981829756,17.698972501073406,-0.2952875974955181,2.1112397254682054,0.9823529411764705,0.2945802200280175,0.1923623458884072,115.62999014454684,21.536426402522014,0.5209539701925291,0.34691329704935425,124.10028017214452,37.84185390533014,6.5556591214699385,4.280877946695649,10.957369894766378,6.623374480668746,0.05527388100293579,0.03680794349711073,4.972811298176067,2.712211848336235,-0.5209539701925291,2.44122793674469,0.88984375,0.390101926960222,0.2137598970624822,176.41517303147484,19.341423925889586,0.6185862392932922,0.3992659052331874,211.1078165582116,43.52787586651319,8.681422179454367,4.757064200878305,11.338706383041247,6.6276765777253015,0.06563278933859504,0.04236262203018166,5.299726215150215,2.7546463912809944,-0.6185862392932922,-0.5209539701925291,-0.44408057807384776
stage2_soh,49,-0.7241820020307204,0.9806199844490413,0.157637690094954,0.09797849647437756,197.37819882429528,7.985838832666108,0.29299248657254484,0.1859953143393321,100.39706445769278,17.532426854946,-0.29299248657254484,1.6913137459287457,0.9823529411764705,0.2941679627981985,0.1917023005511831,115.60733746668937,20.51600191122744,0.48287561700413417,0.33450364934590954,121.17017940990813,38.85750663098966,6.546484649847922,4.2661891388892546,10.968648518282412,6.904536119386005,0.05123371913960407,0.03549126404039201,4.743797392155224,2.881665976582629,-0.48287561700413417,2.2795671582221986,0.88984375,0.39003914619015556,0.21502464882541972,184.08560875999237,18.94556401966065,0.6250192710495949,0.4010963474487653,220.96786334399013,45.08809575533098,8.680025041086083,4.7852102910343515,11.524208738799272,6.5471583718051,0.06631534221683603,0.04255683428499798,5.343798482127295,2.7138500926195723,-0.6250192710495949,-0.48287561700413417,-0.44408057807384776
stage2_soh,50,-0.7436832532612593,0.9808253744700204,0.1580843069591054,0.09804431326199384,197.5489059918183,7.908027484092614,0.290617726543064,0.18453380172849945,97.60716248618048,17.514557342410384,-0.290617726543064,2.5533423760358027,0.9823529411764705,0.2900329343886996,0.18962319079129136,112.41420392878123,21.74096867475685,0.5344936979347499,0.3790888207161105,136.1108222464375,42.419713691443214,6.454462732328507,4.219920129854382,10.643193929645332,6.833045635102713,0.056710463393812034,0.040221807615866106,5.382345114561552,3.3748542787321307,-0.5344936979347499,2.6747592449188233,0.88984375,0.38908814817118137,0.21334860959068463,193.5116913996865,18.469901892623724,0.647829462012909,0.4178048068893986,215.24636517472118,44.89848111248977,8.658861302268198,4.7479113104847155,11.272221128883803,6.223373503079506,0.06873553258508394,0.04432962315254923,5.573515465325299,2.938445203454829,-0.647829462012909,-0.5344936979347499,-0.44408057807384776
stage2_soh,51,-0.7420309638182357,0.9809133987647257,0.15668426765251497,0.0975271741293659,199.22291242446119,7.869391801285844,0.29156361279970716,0.18488724503795811,99.16797448994184,17.37399659302365,-0.29156361279970716,2.4691180145039278,0.9823529411764705,0.2931880194686334,0.18999025032070338,116.22592344714074,20.814556558765155,0.5562233331365388,0.39258700307257766,149.43921354913948,43.86440069183362,6.5246767551210585,4.22808876097253,10.772552460676929,6.397234376254787,0.05901600541691439,0.04165398198829972,5.575447924583301,3.4486680010802298,-0.5562233331365388,2.768363332748413,0.88984375,0.38644452353097103,0.21245942045388802,180.82826984906214,19.373588087492504,0.6417588002976367,0.4256801321509556,232.153503388113,51.79661665413131,8.600029443208925,4.728123081408104,11.40014859159067,6.347575981765056,0.06809142763060008,0.045165205212142415,5.6656598673172365,3.1197321767749524,-0.6417588002976367,-0.5562233331365388,-0.44408057807384776
stage2_soh,52,-0.7533222968487432,0.9805172894385517,0.1576010614159035,0.09795647197955251,199.92922625100994,7.9699258122735674,0.2914392720259534,0.1840514578828614,96.45945658169687,17.293130383160705,-0.2914392720259534,2.196627270006666,0.9823529411764705,0.29172537487174255,0.1913757978819822,114.11120235753978,21.531117759216503,0.5158810099958872,0.36072833843930974,113.96860879416813,46.16564698821523,6.4921267102057385,4.25892306990021,10.924119880315345,6.602955563466976,0.05473563345269984,0.038273737017326774,5.12566531187346,3.145602990192618,-0.5158810099958872,2.528890085220337,0.88984375,0.3870581078026854,0.21233345851542254,174.98534926204042,19.28885109332937,0.6203043638431922,0.40217469293565955,202.63551101347105,46.804775917797215,8.613684295280366,4.725319894110666,11.305028190436914,6.406814871007195,0.0658150845457595,0.04267124811718476,5.346146805111294,2.8825727645783257,-0.6203043638431922,-0.5158810099958872,-0.44408057807384776
stage2_soh,53,-0.7521210559619826,0.9804145944280621,0.15687957928858484,0.09744861419975662,199.0030717848602,7.863776312624836,0.2894083615035032,0.18321108265889,97.92959679488942,17.381466174100446,-0.2894083615035032,2.412822608386769,0.9823529411764705,0.29577988962411145,0.18891546956318267,116.33963610112065,20.471979024942613,0.5417059202420593,0.3776106277928121,146.27410907701295,42.66210724465417,6.58235685741988,4.204170331296734,10.676010726026641,6.631186493256058,0.05747568938380422,0.040064969460449844,5.401659979191935,3.2353083279235673,-0.5417059202420593,2.714333164691925,0.88984375,0.3847627382184678,0.21192574414326373,189.05839204445027,19.09027892650727,0.6349428418785757,0.41246961175893376,234.53207097293367,44.29960399336626,8.562602588061566,4.716246520336476,11.250655969073918,6.467098035365007,0.06736824574480527,0.04376355214120869,5.506704671351403,2.777309261053053,-0.6349428418785757,-0.5417059202420593,-0.44408057807384776
stage2_soh,54,-0.7603411795067685,0.9808987280489415,0.15711733689621987,0.0975952665888243,196.13712038932087,7.949412218581077,0.28931638941757626,0.1831350381014711,96.89219290259283,17.304391224415415,-0.28931638941757626,2.478267403677398,0.9823529411764705,0.2929147610324011,0.1886336949215654,115.61955686295775,21.164840432499673,0.526480880101314,0.36607522745616733,126.46528544357086,41.762119266586915,6.5185955961082955,4.197899650599497,10.687145734673987,6.744277200604615,0.055860293196894534,0.038841048764935625,5.20678758335075,3.1869293542692736,-0.526480880101314,2.5432564973831178,0.88984375,0.38787102200878193,0.21147941042981983,192.99827476679033,18.349845912170426,0.6228147691038315,0.3987671589387901,197.5799612938746,43.55194116015514,8.631775083689927,4.706313702445717,11.223037103052386,6.486774332150068,0.06608144174732654,0.042309704411918794,5.3061961204746675,2.706150652689133,-0.6228147691038315,-0.526480880101314,-0.44408057807384776
stage2_soh,55,-0.7642313487283546,0.9802972287017884,0.1574915305137492,0.09794768860140883,200.21192104700447,7.880594431612109,0.2905297424718552,0.18286971881778707,97.52482415790841,17.13476579391684,-0.2905297424718552,2.389237751680262,0.9823529411764705,0.2869099300316239,0.18849115432513988,114.43181532095592,21.504864450393562,0.5439787961806821,0.3782834398140218,135.31685189786197,40.5794697407639,6.384962641664217,4.194727517857362,10.843403643728683,6.845505703571261,0.05771684442120502,0.04013635567444479,5.415905474990443,3.3733835318157945,-0.5439787961806821,2.5833198547363283,0.88984375,0.3894054340897928,0.21385921512119238,192.88448194138272,18.980657917422988,0.6306088273444906,0.4076072681280493,214.45213239533888,45.94022475451145,8.665922259471166,4.7592744488625325,11.404644005188706,6.418873530931579,0.06690840127230134,0.043247651277357774,5.423424888220734,2.8666296012248322,-0.6306088273444906,-0.5439787961806821,-0.44408057807384776
stage2_soh,56,-0.7713424920976304,0.9807080087437466,0.15795308917060424,0.0980367489406677,200.29749894879163,7.892149616916952,0.28900232712855833,0.18269065945650625,96.2643188581336,17.218411199126095,-0.28900232712855833,2.2343578951031553,0.9823529411764705,0.2930406225973412,0.18738849666700058,117.36155060190787,20.246615551563494,0.5098784212039671,0.35044470392258875,127.50992230517863,38.12607672549576,6.5213965496691415,4.170188708925274,10.552623773307863,6.583199387650321,0.054098751122248406,0.03718263027262753,4.975878301640189,2.9917268061672004,-0.5098784212039671,2.6232975482940675,0.88984375,0.38963210884337474,0.21451670567403197,173.05902281877962,19.165814903784923,0.6401705454466889,0.4063714590905875,223.37196958268117,42.86465721258389,8.670966733997613,4.773906401882302,11.39342904275119,6.327545190612599,0.06792291176421525,0.04311653036152374,5.413000939980535,2.6812031189655983,-0.6401705454466889,-0.5098784212039671,-0.44408057807384776
stage2_soh,57,-0.780137899875529,0.9808693866173731,0.15695204016077238,0.09753556328866723,198.2159789383193,7.837471465336841,0.28698175226466094,0.18087469995458877,96.18159568851041,16.90401504522134,-0.28698175226466094,2.6665783129486385,0.9823529411764705,0.30005060583208565,0.19422479290332573,114.20388207938723,20.61909136132165,0.5529211054377094,0.399069378143359,155.8961990211809,43.21156268021225,6.6773984038663885,4.322325290853528,11.065569257212244,6.77415861359772,0.05866563484424702,0.042341770255171655,5.591948074311678,3.5664241548951106,-0.5529211054377094,2.652162265777588,0.88984375,0.38958306652328933,0.2146231710277789,178.55692800937337,19.479176760049686,0.643439534780793,0.4126976608073164,232.3080443726114,45.323104927800536,8.669875334402027,4.776275707490617,11.421728781494904,6.483370835134819,0.0682697557039713,0.04378774843624504,5.498950899692895,2.8210920898055525,-0.643439534780793,-0.5529211054377094,-0.44408057807384776
stage2_soh,58,-0.7771558571449092,0.9808400451858046,0.1579017801422465,0.09797433469972362,200.0884792378784,7.826785386360727,0.2858544636656507,0.18092484709246154,96.94939650122404,17.018574441453566,-0.2858544636656507,2.4324628245596793,0.9823529411764705,0.29188072166422074,0.19164594538765503,117.2032074004388,20.763325009144992,0.5395771652427654,0.37540557703514604,124.10292696534263,42.25911139543715,6.495583835117263,4.264934997515507,11.005489702215327,6.84961886235741,0.05724982576197236,0.03983101076129715,5.366501794895423,3.3468077591389873,-0.5395771652427654,2.6589049100875854,0.88984375,0.38856752962632124,0.21387360234693914,189.14869002026882,19.19562525844666,0.6294210511377434,0.404869192433398,219.12222773931552,44.378575805347694,8.647275331858866,4.759594625647281,11.382833456371939,6.49435439648993,0.06678237670109863,0.042957137952222245,5.423410062269879,2.7580020869985855,-0.6294210511377434,-0.5395771652427654,-0.44408057807384776
stage2_soh,59,-0.7759466626805627,0.9807520208910993,0.1574042951900434,0.09803856655940435,197.45057381161322,7.970255215530675,0.2866947544050685,0.18032624512491138,94.34379849732613,16.923255001213157,-0.2866947544050685,2.403068515366199,0.9823529411764705,0.2933573502172144,0.19139149379551265,113.82268888482182,21.08086902399971,0.5129118181997957,0.35948562517342175,130.75944127121252,43.39085919425967,6.528445082357607,4.259272370537897,11.008288904461857,6.666293454802287,0.054420598414284836,0.03814188355404656,5.095941871702531,3.1968863626945714,-0.5129118181997957,2.615907835960388,0.88984375,0.3869884095915297,0.21169466458268288,192.43176060353346,19.09564622780792,0.6209757098384794,0.4000084398769104,211.7570263695683,45.85101305727103,8.612133214513063,4.711104020174846,11.27085247783019,6.36230821955745,0.06588631521253337,0.04244140590339514,5.332204344864648,2.8100360505639808,-0.6209757098384794,-0.5129118181997957,-0.44408057807384776
stage2_soh,60,-0.7913341472382301,0.980531960154336,0.1580102033572136,0.09798088904895799,198.3871751972827,7.91330842788377,0.2853143994692531,0.17912430444058797,94.41508512794974,16.7864157688586,-0.2853143994692531,2.6304846576615875,0.9823529411764705,0.28833503614505523,0.19223770891754505,114.68626105853639,21.67416818898318,0.5394651305930939,0.38165919476407856,140.54692092040085,44.19098414233298,6.416677296133177,4.278104245546173,11.076749417723184,6.875163953361502,0.05723793874267991,0.040494527582292134,5.40953678169642,3.3452312485991733,-0.5394651305930939,2.694031500816345,0.88984375,0.38656598221504596,0.213124771983712,186.62634303142036,19.139288959365572,0.6313500477368665,0.4072138873834774,216.0243051877047,45.5890698543012,8.602732413999231,4.742929974501807,11.385966402751103,6.548316259026311,0.06698704570176983,0.04320591307838354,5.435712597747148,2.8488898664911972,-0.6313500477368665,-0.5394651305930939,-0.44408057807384776
stage2_soh,61,-0.7952380268800032,0.9803999237122779,0.1574345332372444,0.09794231539303935,198.65851336359705,7.953837762572668,0.2841448017063992,0.17866104608687558,92.92406207685929,16.639737245030226,-0.2841448017063992,2.409694106906068,0.9823529411764705,0.2977799422108584,0.19411467934009052,115.64228078996562,21.462435151707307,0.5386163903209571,0.37587098947671405,134.3722448708597,41.95592747310344,6.626866509094659,4.319874797113142,10.923671322017011,7.133410895309991,0.0571478863167676,0.03988039161523903,5.33026363306618,3.184692154802154,-0.5386163903209571,2.6089468002319336,0.88984375,0.3857008132351529,0.2111618312283099,181.81975392698217,18.777771733620458,0.6201953592565412,0.39868256553163517,214.62935828364252,43.53222451664426,8.583478735275964,4.699246218454531,11.182561176208608,6.504179478752847,0.06580351902002007,0.042300728943473885,5.300277724989735,2.7953356557431435,-0.6201953592565412,-0.5386163903209571,-0.44408057807384776
stage2_soh,62,-0.7998178064698105,0.9804879480069832,0.15818626415056838,0.09813969407482277,199.01342093895957,7.924722946057915,0.2840653488598018,0.17867279925325136,95.35216535604356,16.714037266866367,-0.2840653488598018,2.3266893106348374,0.9823529411764705,0.2943086738459717,0.1907025696052348,117.14695152148326,21.00343492545029,0.5215513204172577,0.3593327911278489,132.84051933480094,42.000575995749585,6.549616067373979,4.2439408857845535,10.870916694606246,6.482494545945116,0.05533726062403076,0.03812566766678675,5.114995252292951,3.1510193146336922,-0.5215513204172577,2.5982993483543395,0.88984375,0.38746873203028037,0.21387252834210813,193.23535435231193,19.507449593110767,0.627312133862371,0.4015996232166799,222.0676082987621,45.53980684428541,8.622822425677828,4.759570724485261,11.38975554593913,6.645039616175834,0.06655861788708883,0.04261023248618088,5.332959658007181,2.728868131936975,-0.627312133862371,-0.5215513204172577,-0.44408057807384776
stage2_soh,63,-0.8130307039401586,0.9805172894385517,0.15784116200558843,0.09809069188399196,197.21067279864684,7.992595676011947,0.282353522952132,0.1774234824373969,93.12850208076352,16.50516387621177,-0.282353522952132,2.457642977377948,0.9823529411764705,0.2925989419389398,0.1913012947896313,113.89549831435299,21.26534477882968,0.48668827680231297,0.3357005943306813,117.67620564341803,38.320159785808116,6.51156728198528,4.257265060150265,10.886343689149136,6.935652625629189,0.05163824720935144,0.035618261430642985,4.7707120513951065,2.851665884351214,-0.48668827680231297,2.780247414112091,0.88984375,0.3894028640599902,0.21455889080752968,183.9668081766762,19.782770826517286,0.6256822631333943,0.40309197122551266,201.02520504223682,45.01811527532553,8.665865065409337,4.77484519999705,11.367101211703547,6.592081178456807,0.066385686522941,0.042768572514235006,5.356938657449071,2.7768163486018134,-0.6256822631333943,-0.48668827680231297,-0.44408057807384776
stage2_soh,64,-0.815535299596153,0.9808253744700204,0.15740831870403296,0.09794628447427148,199.32044872801612,7.9192961469671515,0.2818347347088566,0.17701602190575325,93.84148846935568,16.444630316625297,-0.2818347347088566,2.0700452524072985,0.9823529411764705,0.2940034590341523,0.19272666889626314,119.01165692202663,21.17220667327031,0.5033770379928137,0.34337729339433065,116.9883164648895,37.29195693600809,6.542823743487055,4.288985678604413,10.996093411967205,6.692617359813482,0.0534089460674276,0.03643276899718036,4.8915685325074465,3.023165780878904,-0.5033770379928137,2.513553202152252,0.88984375,0.38672160974700703,0.21157939519762295,190.54426345011342,19.365061787969545,0.5926944806164713,0.3873983378784033,203.67849126660525,45.126908058952026,8.60619578655478,4.7085387875345734,11.24455088759647,6.304142659331577,0.06288564070369662,0.04110345799017975,5.127243486504269,2.713767449770004,-0.5926944806164713,-0.5033770379928137,-0.44408057807384776
stage2_soh,65,-0.8262391314565224,0.9805466308701202,0.15737697690627722,0.09801898570726159,194.89649581068332,7.973208860796044,0.28332483983557843,0.17731505069520997,93.80893731424918,16.46542063449634,-0.28332483983557843,2.8455957422069473,0.9823529411764705,0.29342906186588125,0.1878163685437803,114.80914619437739,20.52976419265982,0.5452941721916353,0.3855940616580055,151.24588418307118,46.947285849708834,6.530040970647913,4.179710672659176,10.534001740264694,6.883227046282105,0.05785640749445826,0.04091202198084126,5.487965524435751,3.4484719858694457,-0.5452941721916353,2.8593069314956665,0.88984375,0.3858710831025238,0.21222480573087524,187.40948854510725,18.705763495249954,0.6317102549441359,0.4096756993603776,226.14841497518418,45.74380249434596,8.587267961888111,4.722901908890806,11.423278905447237,6.565959112097206,0.06702526414610503,0.04346711447053819,5.4473516402523074,2.838319015340685,-0.6317102549441359,-0.5452941721916353,-0.44408057807384776
stage2_soh,66,-0.8230389144149791,0.980209204407083,0.15799624156148814,0.09800139134346228,199.83455846809878,7.939067844263119,0.2830096837902276,0.17691819056063013,92.30571304485748,16.46652247764415,-0.2830096837902276,1.9483474983888514,0.9823529411764705,0.289867130449162,0.18641908951012381,111.3693288489933,19.83705973981209,0.4732653839870028,0.32725730152143273,128.83626568919618,35.756313509499236,6.450772891549308,4.148615288721457,10.70705624825469,6.594683626726065,0.0502140611533081,0.03472241728948235,4.595955486975635,2.6904468557460444,-0.4732653839870028,2.5523712277412414,0.88984375,0.38970741938259174,0.21506411421978555,183.13459131720228,19.304316034924657,0.6294773906929146,0.4033316058721539,218.85972987762625,44.598233329448504,8.67264271286447,4.786088563419822,11.572679884857163,6.5067604295478345,0.06678835439979462,0.04279399805603044,5.333826672559989,2.7640798197305076,-0.6294773906929146,-0.4732653839870028,-0.44408057807384776
stage2_soh,67,-0.8299320343741771,0.9808253744700204,0.15770295228759132,0.09783735839674348,198.41552669031736,7.84582515807856,0.28205315782946755,0.17633943798966464,90.51082370650889,16.386112694083586,-0.28205315782946755,2.1868728820015404,0.9823529411764705,0.29438074316294005,0.18992830979382144,115.59988387056244,18.923567708683816,0.5064026173297269,0.36067952380844337,152.54134238092507,42.38600841927563,6.551219915300757,4.226710321578319,10.738590369253485,6.842953742270618,0.053729963895877336,0.03826855772270174,5.09795363178177,3.347628467652929,-0.5064026173297269,2.671917188167572,0.88984375,0.3872983238182875,0.21141269704421575,173.27230724772966,18.500778969462782,0.6285674383358316,0.40790789744969513,230.17802749478102,44.65598589003081,8.619030120311168,4.704829046704684,11.232728962578529,6.45951535346256,0.06669180729355959,0.04327954843200371,5.446162621619462,2.745313877226755,-0.6285674383358316,-0.5064026173297269,-0.44408057807384776
stage2_soh,68,-0.8379520916413067,0.9808547159015888,0.1577437549401605,0.09799840258824129,197.044187448779,7.916280959924407,0.2803878118905442,0.17540716847149665,90.4812961878284,16.32808317285726,-0.2803878118905442,2.4394471210591933,0.9823529411764705,0.2958251896966442,0.19053601832950817,116.80237702006758,20.999333712905823,0.5259717942254156,0.36401133603945957,125.9117681313422,39.75117827608213,6.583364976137674,4.24023441360592,10.831122864569467,6.827480422057375,0.05580627853584053,0.038622067251985595,5.168676522462184,3.0280075224097365,-0.5259717942254156,2.615762162208557,0.88984375,0.3864914153011719,0.21240268499022932,181.1220640884477,19.116366692694303,0.6212072080580755,0.3975730597812799,207.25611393857463,43.50974370361643,8.601072983949747,4.726860476743712,11.272129110041579,6.416060493905842,0.0659108774690368,0.0421830089675717,5.282841664742873,2.649688078680324,-0.6212072080580755,-0.5259717942254156,-0.44408057807384776
stage2_soh,69,-0.8366361390749824,0.9807666916068835,0.15745177355735934,0.09787232797041255,198.3942742718191,7.912601750189892,0.2792021439597863,0.17568124062091683,92.03004946224203,16.476463748476913,-0.2792021439597863,2.395516620430292,0.9823529411764705,0.29432194058319616,0.1926111432632395,117.0484903608722,22.60228206497316,0.5306178606078537,0.369899996307989,128.3497660919222,41.38809898680454,6.549911308537455,4.286414743360278,10.924289697910856,7.2358828770517505,0.05629923210764979,0.039246861620726305,5.276764591997171,3.2650027419592993,-0.5306178606078537,2.6682984948158266,0.88984375,0.3889664515586566,0.213585561832042,190.87184448758495,18.915800688267083,0.6203107511734551,0.4010625386799802,210.7389243805016,44.332901919028686,8.656153036560902,4.7531845026978905,11.33815162635258,6.4554604409225345,0.065815762249651,0.04255324713148806,5.344084494377605,2.7862381068147735,-0.6203107511734551,-0.5306178606078537,-0.44408057807384776
stage2_soh,70,-0.848368428469897,0.9806346551648255,0.15720099541671162,0.09757356938924036,196.38823192151628,7.922510435273947,0.2795872069628818,0.17504114593127074,90.92195735775664,16.13327851474956,-0.2795872069628818,2.3858627183764587,0.9823529411764705,0.2935080557044101,0.18797933206729153,113.37054646677883,20.801738007683433,0.5189113729540089,0.3732645642478019,138.07542307203923,40.51528280894199,6.531798918544219,4.183337302136442,10.775565419176692,6.8147836710470155,0.055057158829463985,0.03960384657251155,5.264085865882368,3.3736141293403987,-0.5189113729540089,2.639511215686798,0.88984375,0.38819830919699017,0.21279563024363596,182.66931213970753,18.868536264133404,0.6321498855017794,0.4074340584280435,218.7087723311945,45.7681278338012,8.639058611553793,4.735605174994289,11.32753542937283,6.4442739626145435,0.06707190950926344,0.04322927350716219,5.424608032016638,2.755721110221806,-0.6321498855017794,-0.5189113729540089,-0.44408057807384776
stage2_soh,71,-0.8584329483750864,0.9806639965963939,0.1579330600210836,0.09796910161878775,198.44572379266347,7.9278762140854235,0.27851922099554527,0.17376718773043495,89.44799874153375,16.157754161620936,-0.27851922099554527,2.442224149142995,0.9823529411764705,0.2937891697279919,0.19099926021242258,117.37146147761669,20.393185925128144,0.5099293007972313,0.3644175719771096,140.65123542435754,42.24770388332195,6.538054897688683,4.250543509969844,10.94425694980254,7.0310409634829085,0.05410414951201885,0.03866516940334933,5.12642761772481,3.222140371411725,-0.5099293007972313,2.7430859208106995,0.88984375,0.38625948136653687,0.21128351189508976,177.3825160519097,18.795741005261924,0.6072589139969712,0.395036316324331,211.43597092661193,43.27612702838479,8.59591147034227,4.7019541293013845,11.234512045257079,6.431208718937922,0.06443094567037422,0.04191385724976725,5.227565104623035,2.7617597941038214,-0.6072589139969712,-0.5099293007972313,-0.44408057807384776
stage2_soh,72,-0.8551005416786128,0.9813975323856051,0.15690604031718391,0.09753535519387561,194.78577630255438,7.857738884428622,0.27765105460986766,0.17295493611985926,90.70471488383765,15.992192032783889,-0.27765105460986766,2.553331753319385,0.9823529411764705,0.2946491793697623,0.1910994872396045,116.49001945149311,21.739826428015405,0.5608064106171026,0.3891046584291639,154.8353277381464,42.084159185580134,6.557193759259525,4.252773986357227,10.986917401596996,6.706667603959311,0.059502275785857525,0.04128450077797298,5.522780696355922,3.35545097738257,-0.5608064106171026,2.811593747138977,0.88984375,0.3903378467599874,0.21516168455127627,188.76103348234827,19.032048993431836,0.637353835107808,0.4139526087205013,231.42764527790695,45.07099523976348,8.686672395463848,4.788259917061833,11.490007558658268,6.532216807969493,0.06762405520298488,0.04392090001121553,5.500866085780169,2.825196906863666,-0.637353835107808,-0.5608064106171026,-0.44408057807384776
stage2_soh,73,-0.867562096188148,0.9800478265334566,0.15810311881472397,0.098178846781208,195.92235523723008,7.895897004393072,0.2791207840089978,0.1733375391910936,90.66402860448265,15.958228661427528,-0.2791207840089978,2.7380191204594633,0.9823529411764705,0.2921579198557225,0.18901413537324496,113.7368884920679,20.875500856078204,0.5471714020137238,0.37386843373031153,133.12558920450718,41.57728697376195,6.501752670392082,4.206366063982555,10.740454902699968,6.4516774110207695,0.058055583974028865,0.03966791789517602,5.348036764794723,3.2301701249047463,-0.5471714020137238,2.907279872894287,0.88984375,0.38981334474617285,0.21325738414088846,186.49913976465797,18.342720724361165,0.6351176982506573,0.4104801556990424,205.70978227442575,45.99993076601508,8.67500000140166,4.745881157367138,11.356061800270885,6.4609253367290345,0.06738679822900934,0.043552468314600426,5.457999090801275,2.8928347807636214,-0.6351176982506573,-0.5471714020137238,-0.44408057807384776
stage2_soh,74,-0.8721984180505816,0.9807520208910993,0.1571109658528882,0.09767090404024878,197.35128575609178,7.945171969734504,0.27876751674697114,0.17296308732449048,90.33231351070117,15.918873659984778,-0.27876751674697114,2.3063929445603315,0.9823529411764705,0.29836719437472237,0.19160789537572248,117.244788329772,21.33520113945307,0.48968822218794633,0.3452761915238465,133.64648368686133,37.44278352202987,6.639935360099901,4.2640882233913855,10.762956806462261,6.92092710616025,0.05195654524286008,0.03663424451181895,4.890269619924313,2.955313476992748,-0.48968822218794633,2.6916336536407472,0.88984375,0.39136340258539326,0.21407787879034004,184.68046449121385,18.98624846463557,0.631656413221005,0.4021687644919439,214.36640077697894,43.55671294798776,8.709495361652003,4.764140642787724,11.50942334477141,6.258277349480087,0.06701955147057588,0.04267061910174151,5.340148590825512,2.6598874441470954,-0.631656413221005,-0.48968822218794633,-0.44408057807384776
stage2_soh,75,-0.8711589255309932,0.980531960154336,0.1578182792210809,0.09821249270166735,196.7066708165714,7.984744014641786,0.2762968067073929,0.1726419357698278,89.97851618996609,16.0920127415858,-0.2762968067073929,2.8851253621718462,0.9823529411764705,0.29254885475633624,0.19156211614608765,112.17569628946485,21.654545310017394,0.5271813708775979,0.3736398762311129,140.26604555992006,40.96499489405349,6.510452629767718,4.263069441396108,10.825923515042641,6.829040693310237,0.05593461616212246,0.03964366765285929,5.297406503204561,3.27913798008775,-0.5271813708775979,2.859138345718384,0.88984375,0.3873460335726901,0.21262628662116184,172.93189828747137,18.817697932428004,0.6231794018708599,0.4003266323990829,224.675795531342,42.220778590355195,8.620091864669302,4.7318365612590245,11.38725031172534,6.360430511594877,0.06612012974919944,0.04247516653602854,5.329983878747443,2.778561474664146,-0.6231794018708599,-0.5271813708775979,-0.44408057807384776
stage2_soh,76,-0.8747502515112194,0.9805026187227674,0.15843164964850426,0.09827124303758972,199.52644602587563,7.971499369938181,0.2749276866159749,0.1719894516920588,89.73928705172798,15.860312302741185,-0.2749276866159749,2.518310031236387,0.9823529411764705,0.29692269997239884,0.19304356620208743,116.22598978106983,20.828381821563404,0.492515692389298,0.34395568508508745,121.71823468228831,39.029139344623204,6.607789233983206,4.296037987524879,10.938527205022071,7.058641162188697,0.05225654343922877,0.0364941370936288,4.856837401235952,3.171036608050556,-0.492515692389298,2.798770320415497,0.88984375,0.38814987585689553,0.21169221393574844,189.985649828701,18.779225359589518,0.611027561245701,0.394889047774268,213.99737954873413,43.836240783634665,8.637980764345503,4.7110494828881,11.206640601603414,6.334741191274661,0.06483080395246266,0.04189823186868291,5.227811839052295,2.651833383722429,-0.611027561245701,-0.492515692389298,-0.44408057807384776
stage2_soh,77,-0.877848557478497,0.9807520208910993,0.15782337584134243,0.09793112942645929,197.01105966008737,7.909094537246851,0.27537267173201413,0.17233258342723612,90.93791170336421,16.04218354346728,-0.27537267173201413,2.324416506056692,0.9823529411764705,0.2966906045152053,0.19175960577513074,116.35431844523082,20.42385492657541,0.5155754864171381,0.3564031903686769,133.83126300949473,39.396624793012606,6.602624125813832,4.267464423136256,10.942301217156645,6.798463903516019,0.05470321701112992,0.03781483328790921,5.021753880543456,2.9483984682158395,-0.5155754864171381,2.697223496437073,0.88984375,0.38660943932623687,0.21135170271991227,191.01661256211486,18.016918758059926,0.6346825603279086,0.4018714369794907,202.90793507075256,43.81508019412897,8.603699519011728,4.703471664330403,11.210822415812759,6.441819265682848,0.06734062954014612,0.0426390722732642,5.34013780950165,2.7657989190283323,-0.6346825603279086,-0.5155754864171381,-0.44408057807384776
stage2_soh,78,-0.8904155347861187,0.9805906430174728,0.1577371948936783,0.09808954398075606,198.07735838881518,7.933419183028835,0.27298848397662717,0.1703516629201477,88.75138985536648,15.74531630326043,-0.27298848397662717,2.544739853634554,0.9823529411764705,0.28907415811464054,0.18830430322125846,113.875137744168,21.519666578631863,0.5185363289504504,0.3606213344516707,123.79504835265182,39.20366974725586,6.433125894349751,4.190569288416835,10.525849628222215,6.834757470536958,0.05501736618210995,0.03826238375769538,5.135525786423845,3.030321572193805,-0.5185363289504504,2.903714394569397,0.88984375,0.3878425240795757,0.21318957019957452,200.67688562618292,19.057101261694463,0.6185954081891019,0.39985681264661255,207.54361511556743,46.4171094557763,8.63114088391397,4.744372009594434,11.402855340987793,6.392913065912088,0.06563376217014047,0.042425318060775964,5.311604383549342,2.6962461313420887,-0.6185954081891019,-0.5185363289504504,-0.44408057807384776
stage2_soh,79,-0.8915440132470239,0.9802972287017884,0.15795444913884782,0.09818722721957855,197.31612250180007,7.962259382889099,0.27380697900364903,0.1706079875202977,89.62999093914965,15.771943066231852,-0.27380697900364903,2.622491085763071,0.9823529411764705,0.29425185120871794,0.1913868801010882,111.77039870927526,21.40225574124046,0.5044146810401708,0.35470905251910584,140.49006801636622,37.315327377394226,6.54835152272742,4.259169696271667,10.92034290938581,6.922488658712531,0.05351904131884097,0.037635083100257975,5.009984138627682,3.1475795687042853,-0.5044146810401708,2.807059872150421,0.88984375,0.38918493757470546,0.21478747586115787,190.57691339608317,19.842518350032833,0.6279080433981895,0.40557879178013534,218.62900547660107,44.934049270715256,8.66101527695127,4.779932186800531,11.480158589588651,6.456108455261003,0.06662184464925205,0.043032427348398315,5.394749881613703,2.776865897490584,-0.6279080433981895,-0.5044146810401708,-0.44408057807384776
stage2_soh,80,-0.8989205234772656,0.9806346551648255,0.15771947907202288,0.09806503719052335,199.5112203797182,7.952099714198265,0.27387987055964114,0.17051609335673465,88.77240441793306,15.765537014769407,-0.27387987055964114,2.299374439202103,0.9823529411764705,0.29132527825010396,0.18879005736214857,115.05728570254185,21.064728092668815,0.5065773025684681,0.3519924877111015,131.13153315108454,40.528574596022736,6.483222863685207,4.201379377988413,10.748668072225769,6.65263756289277,0.05374849822261562,0.03734685210764475,4.97957940521701,2.9553501699502314,-0.5065773025684681,2.794076752662659,0.88984375,0.3890565832830145,0.21388875414832,190.68207212906427,19.16760997821291,0.6177417878653956,0.4004257955322828,212.13860338700957,44.5663282008539,8.658158849649316,4.759931817482224,11.512510577734087,6.413792268426499,0.0655431919645294,0.04248568787099859,5.3137850655276475,2.812601608702091,-0.6177417878653956,-0.5065773025684681,-0.44408057807384776
stage2_soh,81,-0.8914967604679847,0.9807813623226678,0.1567317525574779,0.09724719628453647,198.44301333711863,7.810680460971353,0.27398777785854295,0.1704168070296988,88.72312085434774,15.777059989460168,-0.27398777785854295,3.1113570456411326,0.9823529411764705,0.29345345035578096,0.1896017063080388,114.71389101681451,20.385416566938304,0.5434046407850874,0.38727995796749987,144.96540553794244,44.78981136822764,6.5305837179724096,4.219442008992798,10.631567568401458,6.483979443277445,0.05765592580107901,0.041090897730573714,5.513827007466845,3.4226621006341484,-0.5434046407850874,3.042645883560181,0.88984375,0.3838093905292461,0.2110635764503968,184.97478045951198,18.51334533402877,0.6417300895711083,0.41873270143114494,233.1309009807137,46.63275103013337,8.541386559116432,4.697059632977092,11.294493005763679,6.462024058588666,0.06808838138587898,0.04442807394747226,5.5954346771487184,2.953184752231593,-0.6417300895711083,-0.5434046407850874,-0.44408057807384776
stage2_soh,82,-0.9058282771633172,0.98026788727022,0.1575730359701649,0.09788169714820807,198.92527179454387,7.917999488601393,0.2705500907937225,0.16833417888599236,87.73679208812075,15.54148286057141,-0.2705500907937225,2.7191916797675337,0.9823529411764705,0.298479683549061,0.19313928524726162,112.60892415937869,21.4742626085677,0.5080953952014229,0.3638896836607041,142.7240291600091,38.159923085486,6.64243872126159,4.2981681421956,11.026059405609216,6.807771709922935,0.05390956978814062,0.038609159779364605,5.118738552042637,3.1406679460515567,-0.5080953952014229,2.9407530069351195,0.88984375,0.38641644712659606,0.21023213503758598,175.99637818208788,17.818042243785474,0.6058437366100589,0.39397739536943843,235.82579146415839,45.05665236898792,8.599404624148022,4.678556535649843,11.165927446046869,6.292523277250435,0.06428079354377976,0.04180150438521261,5.207530827679179,2.6911171874964444,-0.6058437366100589,-0.5080953952014229,-0.44408057807384776
stage2_soh,83,-0.9071827025013228,0.9804439358596306,0.15778999946946604,0.09779592888231604,198.2407230179864,7.8682959249148725,0.2717622010808162,0.16947464350557795,87.82992254517485,15.670251485148814,-0.2717622010808162,2.9597184209262624,0.9823529411764705,0.2922938748949695,0.18711534023796225,114.57469761014585,20.34114800301057,0.5461107206606979,0.38609701154443127,143.7377954889038,43.6681423305495,6.504778246559637,4.16410982000516,10.707066763894474,6.462983834293288,0.057943044328985914,0.04096538560558236,5.498666252588006,3.4478069158934765,-0.5461107206606979,2.915208113193512,0.88984375,0.38798810727553545,0.2133378532842471,186.21542863096215,19.742965740395654,0.6212904378018057,0.40784072900969476,225.0996760854132,46.23709110238818,8.63438072739849,4.747671937052229,11.428528011552496,6.433512665487746,0.06591970825105224,0.0432724217748091,5.438166146480808,3.0427961554473004,-0.6212904378018057,-0.5461107206606979,-0.44408057807384776
stage2_soh,84,-0.9095828517485104,0.980341240849141,0.15809631564836166,0.09816838212096292,201.24628640449845,7.891030513617123,0.27110049978872003,0.16865500689235183,87.29649653367589,15.560001823772641,-0.27110049978872003,2.489942612835005,0.9823529411764705,0.2878447565619838,0.18858621534252284,113.82727187400218,23.05562513394233,0.49201238177704415,0.3518934113028295,142.4626589595379,37.91001490232698,6.405766496282029,4.19684302861923,10.668361758073043,6.957622631385408,0.052203141541017004,0.03733633997430023,4.9737465849443385,3.196008644648587,-0.49201238177704415,2.7178069591522216,0.88984375,0.38861538906160836,0.2134512411255855,196.6205237145862,19.383145691425675,0.6134062689080539,0.39432220618255087,237.76725388556724,42.396313597177,8.648340407251432,4.7501952973656385,11.351765281609136,6.518997202656821,0.06508318787079824,0.04183808925248113,5.225910559319627,2.642510797989729,-0.6134062689080539,-0.49201238177704415,-0.44408057807384776
stage2_soh,85,-0.9176105379222321,0.9801065093965935,0.158139196665041,0.0983625960687532,199.8978914772457,7.903246461342227,0.2700421566970384,0.16794786994608188,88.87155641492649,15.412003805599372,-0.2700421566970384,2.6047877882041184,0.9823529411764705,0.29711804428450894,0.19438104137924372,117.99625214889858,20.53896181625282,0.5089238704596847,0.36139992124528864,140.8351151891342,41.38172098685398,6.612136473323954,4.325802482045354,10.9454895593568,6.956680045692597,0.05399747207022153,0.0383449928100172,5.11070687118742,2.9769383534194898,-0.5089238704596847,2.903460693359375,0.88984375,0.38579160739257057,0.21181025860169028,182.73912403939843,18.876267266732004,0.6207290396596318,0.4054080807669379,209.8729827350243,45.597804428761556,8.585499290309139,4.713676477297125,11.160615895862483,6.37452275200255,0.0658601431917931,0.04301431469206156,5.3717917210611885,2.841996028119493,-0.6207290396596318,-0.5089238704596847,-0.44408057807384776
stage2_soh,86,-0.9253121843437769,0.9801358508281619,0.1583080954618498,0.09840653757703814,199.88055927679088,7.919074709404511,0.27008601065895416,0.167715148914192,86.69482653830977,15.314437750589969,-0.27008601065895416,2.4457129473779715,0.9823529411764705,0.2923233336871433,0.18949101303028418,116.65075853743043,21.082508202597936,0.4756906855410911,0.33113511396553735,120.94962735374911,36.82030075566594,6.505433829611356,4.216978614145961,10.692636125998897,6.482184162824197,0.050471388743013136,0.035133858138100764,4.672096013045875,3.0005514885099047,-0.4756906855410911,2.7325553417205812,0.88984375,0.38647835211536324,0.21197445271827747,196.18414392878452,19.394082865489658,0.6074777471454461,0.39550770479399944,202.19391276618495,44.84517167357488,8.600782272668473,4.717330492688904,11.352465936899176,6.4804133159011075,0.06445416414667038,0.04196387216791631,5.25531950070313,2.8522530270034796,-0.6074777471454461,-0.4756906855410911,-0.44408057807384776
stage2_soh,87,-0.9273908766002656,0.98026788727022,0.15810225905484493,0.09827026070189725,196.57703957507442,7.959314369031222,0.26788464445153765,0.16691080102759565,87.25994150640663,15.45819127688562,-0.26788464445153765,2.802013454250261,0.9823529411764705,0.2961761031532311,0.19252924678536754,113.6281151561965,20.356826181895485,0.5525966563871786,0.3883730646578924,145.79804084233223,46.24874847268095,6.591174288664842,4.284592199429371,10.929030918475243,6.900299469576516,0.05863121038597112,0.041206877745287744,5.514713455386834,3.5029265240657494,-0.5525966563871786,2.9346381425857544,0.88984375,0.3863580963218148,0.21114953979922574,182.3103054866214,18.881622033335184,0.6268719955271459,0.4095691296875884,218.9634059349998,46.15863144505629,8.598106071293477,4.698972682033167,11.23314159052099,6.44758775314609,0.06651191864808108,0.04345580729226658,5.446777845462274,2.973799612548014,-0.6268719955271459,-0.5525966563871786,-0.44408057807384776
stage2_soh,88,-0.9231841584552984,0.9804879480069832,0.15761162419217553,0.09788380997376937,195.80476878380063,7.940431089814291,0.26955787793397185,0.16705773026575685,88.83570861069201,15.119211093393842,-0.26955787793397185,2.7972831641926486,0.9823529411764705,0.293934832665551,0.19161588324270412,114.77684184993939,22.22962892173942,0.525184872544291,0.37291570046606165,145.16591094364452,41.84380665888652,6.54129651576195,4.264265987305862,10.936867947820735,6.735250548810636,0.05572278514131849,0.039566831680099813,5.255015012999498,3.3614599838115655,-0.525184872544291,2.8689627408981324,0.88984375,0.38791045815615943,0.2135566635784926,182.40699920035107,19.375639195029105,0.6294427029277981,0.40526672644082284,225.88253921694655,46.33554707751618,8.632652705205883,4.75254139400764,11.376705123046447,6.552309420265043,0.0667846739836523,0.04299931681768496,5.374386245826701,2.737196136817669,-0.6294427029277981,-0.525184872544291,-0.44408057807384776
stage2_soh,89,-0.9190054238362854,0.9807520208910993,0.15742388245561031,0.09768983106169424,194.71241950367565,7.947049356227906,0.27007121053806216,0.1674481613949463,87.87246393779367,15.357361178220174,-0.27007121053806216,2.42116879715639,0.9823529411764705,0.28674282669867945,0.18702497039099827,113.39748533508332,20.19499871191958,0.4998089716041533,0.35016959313595414,141.27554168393198,40.061881009890065,6.381243883871378,4.162098707678952,10.603218268746044,6.571909590334414,0.053030369670544565,0.037153440667109315,4.937189558861492,3.0664812346904426,-0.4998089716041533,2.725599133968353,0.88984375,0.38676355886119584,0.21139423303211516,188.49435499345162,18.11126468021422,0.6212399234899764,0.4030176720516465,249.34348430864276,45.3277033528436,8.607129332239019,4.70441814413514,11.345783594540148,6.230772402957934,0.06591434861810813,0.04276068927707803,5.3291045045949055,2.8694373316656074,-0.6212399234899764,-0.4998089716041533,-0.44408057807384776
stage2_soh,90,-0.917031306564487,0.9805026187227674,0.15719886462270632,0.09767537133638483,198.36837261393785,7.8924073341869985,0.2678521693964349,0.16624945578991537,87.37853594857066,15.190737039114232,-0.2678521693964349,2.5130994913624782,0.9823529411764705,0.29384316352303547,0.1892994608483551,115.69095490934039,21.197092851888122,0.5156581051459956,0.3627168217071277,136.80583001050584,40.164063553758425,6.539256488599799,4.212715765783021,10.70146427426263,6.845870482318276,0.05471198296368767,0.03848471762945472,5.118989165300038,3.127862890144458,-0.5156581051459956,2.6605089902877808,0.88984375,0.38488227386984014,0.21148978731507667,187.30540240417685,18.807893967835057,0.6178792617423194,0.3990931498075952,236.55439622775674,43.59752426026783,8.565262763219238,4.706544632147922,11.2657920969046,6.446192246207229,0.06555777811829516,0.04234429245908104,5.28934389986273,2.860975553728576,-0.6178792617423194,-0.5156581051459956,-0.44408057807384776
stage2_soh,91,-0.934839664933974,0.9806493258806097,0.1569863962010122,0.09751428567451052,196.9138254009475,7.86406894985871,0.26740206069566286,0.16554812753679005,85.36314082081097,15.162273268401819,-0.26740206069566286,2.8911223710752,0.9823529411764705,0.29848223134956015,0.19099278710782527,114.92031904728509,22.187927787256164,0.5304284967313507,0.37435836858189137,146.64814836208797,44.55856894295326,6.642495420627149,4.25039945594207,10.792736172143893,6.590745442703352,0.05627914035871426,0.03971990060811208,5.289367241175364,3.2248143609426405,-0.5304284967313507,3.0607556819915773,0.88984375,0.3870922883499507,0.21404673957586057,189.72374484182063,19.438972465150634,0.6294366621098295,0.41299451987506475,230.0075954983061,49.065218367582005,8.614444957406407,4.76344766321354,11.431004037691617,6.756478833305712,0.0667840330451574,0.043819245562141396,5.4985702863139405,2.857527893840852,-0.6294366621098295,-0.5304284967313507,-0.44408057807384776
stage2_soh,92,-0.9433256917448021,0.9806346551648255,0.15804515942715927,0.0981528801228538,196.85448998766304,7.936115771845367,0.26729833684973026,0.16540654919961742,87.66289679310773,15.140356753052183,-0.26729833684973026,2.5955622205547257,0.9823529411764705,0.29461721352598597,0.19164153241424584,115.99278781851791,21.939356698569952,0.5176654185641147,0.36598262856805736,140.51413156733517,45.910124420593476,6.556482383678001,4.264836790143064,10.866141951682234,6.766646702487773,0.05492496147879086,0.03883122390474594,5.179229481095684,3.223189306547537,-0.5176654185641147,2.9027849435806274,0.88984375,0.3896736253404925,0.21458638109943423,191.28741743012068,18.79309677696856,0.6171488276639185,0.4023473718236346,227.5807917120253,43.659941098656155,8.671890652117423,4.775456975569961,11.387318366952353,6.452920481039765,0.06548027813050333,0.04268956956754653,5.339224588075846,2.8700887932757366,-0.6171488276639185,-0.5176654185641147,-0.44408057807384776
stage2_soh,93,-0.9472876856371584,0.9802972287017884,0.15679895883315598,0.09775442975594105,197.21343291781318,7.931687542072208,0.26539465787284555,0.16413925130015147,85.9057118673668,14.896324649201057,-0.26539465787284555,2.848605147530051,0.9823529411764705,0.28679441636438874,0.1850991841314324,115.2547032737208,20.860865300936645,0.5211874849615795,0.37340693900215566,145.86934316676013,43.68226606861629,6.382391972709619,4.11924179672504,10.454638094938662,6.316186175571746,0.05529865721790954,0.03961895271562639,5.281443426992445,3.3561797253471513,-0.5211874849615795,2.8570626020431518,0.88984375,0.388161714641827,0.2133289095654618,186.11808881490387,19.486820299640165,0.6330365693341493,0.4093034364756022,236.35873683949347,45.54683399532949,8.638244227514946,4.747472901381643,11.402640600339776,6.2670445753438395,0.06716598779533453,0.043427616903435905,5.432859765741109,2.863364379323354,-0.6330365693341493,-0.5211874849615795,-0.44408057807384776
stage2_soh,94,-0.9486281024906544,0.9799011193756143,0.1572011423767807,0.0976168528910357,198.78990128055773,7.876856356065612,0.2667321392124731,0.1647791370011273,87.12802451015824,14.944546176732471,-0.2667321392124731,2.808474553800097,0.9823529411764705,0.2933402024901177,0.19049428502627302,115.04733033918498,20.652076245129848,0.540004860028858,0.38085832742097625,148.51231705404442,45.02488886216919,6.528063472711368,4.239305670630587,10.809670292344103,6.639008544072632,0.05729520472453851,0.04040955453523885,5.406395223396204,3.3550656506554346,-0.540004860028858,2.9837589263916016,0.88984375,0.388452800020023,0.21282885689324757,193.1382699689207,18.668232252358358,0.6412883122676096,0.41486378706249527,231.72402684647795,46.44237724115631,8.644722111585082,4.736344608852345,11.338868046571283,6.289996636190146,0.068041508250246,0.04401757719601405,5.53352175049232,2.9832882800813003,-0.6412883122676096,-0.540004860028858,-0.44408057807384776
stage2_soh,95,-0.9615675896988115,0.9812654959435471,0.15799427397420757,0.09829809133676377,199.6318990023317,7.980179081841024,0.2648209991910085,0.16343140667019382,84.59565774273125,14.89129235880808,-0.2648209991910085,3.201584608414594,0.9823529411764705,0.2940332778509585,0.19261226736228257,115.40917490164735,22.106398166376742,0.5414912535860018,0.3857284856868871,145.70837967817874,45.97802486686509,6.5434873386136,4.286439759330952,10.855374635067394,7.068334145313764,0.05745291297767024,0.04092628454183796,5.485949089574082,3.3719169462463117,-0.5414912535860018,3.1152663469314574,0.88984375,0.3890538906713915,0.21574487372236034,187.75256849027696,19.201142638430355,0.6248219406388227,0.40638933211121187,225.9020455695783,47.49442614400679,8.658098927622152,4.801238349247797,11.48866326710952,6.586359148333408,0.0662944052084488,0.04311842671181894,5.400697883929418,2.785010813057994,-0.6248219406388227,-0.5414912535860018,-0.44408057807384776
stage2_soh,96,-0.9539614781751975,0.9805026187227674,0.1580525479978604,0.09817505302949475,197.1897842211278,7.955317462211263,0.26391469617089863,0.16391068060084857,85.62173770638644,14.894393307488196,-0.26391469617089863,3.160710064570109,0.9823529411764705,0.2948868584449547,0.19214945627358176,112.83181422758318,21.96793291584399,0.5213580373774251,0.37832426955539955,150.87910013096962,42.8389461699263,6.562483126607814,4.276140249965149,10.98247071805133,6.932872446529624,0.05531675304686488,0.04014068776210593,5.307233062584728,3.5377454406664137,-0.5213580373774251,3.0331276655197144,0.88984375,0.3879895022572727,0.21212096691815532,195.58786788716876,19.06553456085568,0.6316912310351966,0.4119304003172147,239.79260457464625,45.316723153103105,8.63441177165784,4.7205910549587085,11.200895181519126,6.430343168385958,0.06702324568509103,0.04370634111917926,5.478091382612128,2.8838310407779026,-0.6316912310351966,-0.5213580373774251,-0.44408057807384776
stage2_soh,97,-0.9578221685054298,0.9809427401962941,0.15762542828187623,0.09794800067803186,200.52931878099554,7.975852751144956,0.26409969694626745,0.16340153564998436,84.94479062139722,14.834230229839596,-0.26409969694626745,2.7704431374867755,0.9823529411764705,0.2922260908279208,0.1882655550296619,113.95572927822728,20.12079059046086,0.5098962856340997,0.3584286743163259,140.21091220643817,43.19484621923499,6.503269763616024,4.1897069768344215,10.794885531742016,6.488268549226017,0.054100646561081454,0.038029739719382095,5.069010379800591,3.096142744767543,-0.5098962856340997,3.0399036169052125,0.88984375,0.39184112692478146,0.2153910125070979,189.78941609446935,19.28085472204536,0.6282539898250639,0.4061707125150861,231.90020442563787,44.92648379781586,8.720126754088197,4.7933634365895434,11.437724059781914,6.570915938303577,0.06665855000658982,0.04309523089369953,5.3873672635455465,2.899427089299242,-0.6282539898250639,-0.5098962856340997,-0.44408057807384776
stage2_soh,98,-0.9635758882262306,0.9808107037542362,0.15806098012392636,0.09814040575853637,200.0669373266869,7.891923131725321,0.26390165275445154,0.162834382090925,85.72798352635844,14.793585010685446,-0.26390165275445154,3.053335527345246,0.9823529411764705,0.29480858271569244,0.1910697377104239,115.33234966243774,21.47416649031044,0.5631471494968664,0.3950686942685542,156.17830854515742,45.09684414788614,6.560741159687974,4.252111933174181,10.903198060881971,6.6748195899953195,0.05975063116791018,0.041917292590965334,5.62559961385537,3.461113990031148,-0.5631471494968664,3.0747058153152467,0.88984375,0.3872408128514044,0.21374008305592723,196.25832766793056,18.56667492350659,0.6413545006773249,0.4161062163162569,249.3017534564804,47.222688703496694,8.617750257411357,4.7566232552072325,11.559287797280698,6.734156237241848,0.06804853092497679,0.04414940052524524,5.561647817094096,2.9135656045496834,-0.6413545006773249,-0.5631471494968664,-0.44408057807384776
stage2_soh,99,-0.9656350832204225,0.9808253744700204,0.15785140652662988,0.09809257945829289,199.51164721796036,7.906867050232585,0.263394826574682,0.16297145075579728,86.85454866725838,14.736581540706498,-0.263394826574682,2.4277444792728797,0.9823529411764705,0.29884629756003966,0.19346923183047157,116.64680081357984,21.519138716376737,0.5022913437900701,0.34916889614553426,137.92316152080488,35.608512631000664,6.650597437705287,4.305510852875944,10.994457192964802,6.980159876332508,0.05329375252711184,0.037047265439482155,4.914112501975722,2.862119771276174,-0.5022913437900701,2.791291666030884,0.88984375,0.3877373276752173,0.21353260009454972,194.3799363286686,18.898632088950677,0.6222713759865385,0.40206931005741353,224.59793786649084,44.70059506901187,8.628799817810778,4.752005879443935,11.359756339551419,6.439981101171391,0.06602378704418269,0.04266006685932859,5.331074197062833,2.8447974251161763,-0.6222713759865385,-0.5022913437900701,-0.44408057807384776
stage2_soh,100,-0.9695125020183595,0.9797837536493406,0.15755278007966209,0.0980236886848717,198.42162777973078,7.896074610574999,0.2638455821424963,0.16328931561904264,85.26936490267053,14.814007591639175,-0.2638455821424963,2.6194863151101506,0.9823529411764705,0.2908834162386115,0.18798435598922272,114.59296782839445,20.571116440959386,0.5240257506806307,0.3695925199152792,136.59196594412586,40.12079272766475,6.473389560126006,4.183449105704348,10.666256957020735,6.398524389827315,0.0555998008324818,0.03921423798310325,5.224971000598098,3.175009674534995,-0.5240257506806307,2.921065092086792,0.88984375,0.38726775193855073,0.21150042242115888,176.00286739359893,18.38871447159176,0.6314440703101011,0.4071235198773138,231.1289053917134,43.39346127637074,8.618349766340907,4.7067813083585275,11.284916445024516,6.138127408627827,0.06699702161676792,0.04319632497066574,5.411034612619432,2.7833995815182506,-0.6314440703101011,-0.5240257506806307,-0.44408057807384776
stage2_soh,101,-0.9766970171960655,0.9805906430174728,0.15728063594110017,0.09782458557612586,199.68967944386284,7.859828847805216,0.2636913469844159,0.16249840750207528,83.88656476614506,14.647963488020977,-0.2636913469844159,3.000523224998923,0.9823529411764705,0.29087394071660794,0.1884722457431695,113.95738499847045,20.435502072605843,0.5238948746842874,0.3667951968808969,132.1561915755083,44.94165704178246,6.473178689578597,4.194306721722928,10.582834130617096,6.651308812035664,0.0555859147222649,0.03891743843961945,5.220221000385044,3.353717617009712,-0.5238948746842874,3.0283313512802126,0.88984375,0.387057571355878,0.21206713255596696,171.85620786707196,19.05703701654435,0.6301932955554478,0.4061683430303674,219.0358763426003,45.165089497946255,8.613672357063992,4.719393012104729,11.288696008537304,6.4227454900303,0.0668643128192428,0.043094979488347285,5.387258210246471,2.80006253583892,-0.6301932955554478,-0.5238948746842874,-0.44408057807384776
stage2_soh,102,-0.9789525689311395,0.9802532165544356,0.15810065382865635,0.09828707919680524,195.78356692506915,7.991776455918422,0.2626182106485171,0.16210437885619025,84.7160055142663,14.744725907355807,-0.2626182106485171,2.7559665090897503,0.9823529411764705,0.3005001458248072,0.1947120264318644,117.43677670459473,21.26191182439947,0.542415642334097,0.38416110103511636,147.63282279297437,43.31685167837694,6.687402575067939,4.333168303073923,11.090096336627955,7.246907906107188,0.0575509918034133,0.04075998303021729,5.431415268523547,3.253673950931116,-0.542415642334097,3.04688618183136,0.88984375,0.38671196401253904,0.2120908489006979,187.27881644586859,19.103945109386352,0.6341159132021039,0.41330343739973613,235.27204405734764,48.49464036426201,8.605981128058216,4.719920801348855,11.34507094281,6.267347007645368,0.06728050755702579,0.04385202210570455,5.485435534193071,2.8799899392934565,-0.6341159132021039,-0.542415642334097,-0.44408057807384776
stage2_soh,103,-0.9867524067396436,0.9808107037542362,0.1576476131694505,0.09809100225229189,198.89088410206475,7.916553219605425,0.2630616083003585,0.16212844862516643,84.38362499357889,14.638950829849525,-0.2630616083003585,2.9061906459284765,0.9823529411764705,0.29245044010085525,0.18858442712556936,112.423544112049,20.75930139159332,0.5212303977,0.36517240417317726,137.26076684799423,43.92064222935957,6.508262486336402,4.196803233208725,10.632576418342506,6.3842449265072165,0.05530321031421493,0.03874525806255892,5.184659498528989,3.089027141823687,-0.5212303977,3.165506649017334,0.88984375,0.3895067984582715,0.21318325871616253,185.05600492784728,19.40531764426007,0.6202535529287259,0.4024894756079448,212.75744455553672,46.389709200055776,8.668178046525526,4.744231552323421,11.36287704858012,6.2551123700063345,0.06580969344289715,0.04270464696039398,5.338969259831712,2.746815748212491,-0.6202535529287259,-0.5212303977,-0.44408057807384776
stage2_soh,104,-0.9929702230613368,0.9805026187227674,0.15713862901304365,0.09776492042255916,196.51765965668224,7.919934020866879,0.2637702641159079,0.16209851095310931,84.12837461192487,14.644764136125621,-0.2637702641159079,3.0055391274246515,0.9823529411764705,0.29379645630349954,0.19039092401006058,113.59770984883413,20.86056965647764,0.5223153295277052,0.36863615767226793,153.50054032193353,42.41769494604911,6.538217054893898,4.237005449696973,10.757707351434151,6.513202802602208,0.055418322965566286,0.039112766728749686,5.185190984534172,3.277711751406229,-0.5223153295277052,3.1486626625061036,0.88984375,0.3904023649971089,0.2151022410263977,195.28980286730922,19.112581246873216,0.6319841399153788,0.4072572193166707,238.6229314549445,46.149412264003175,8.688108199842182,4.786937046551228,11.490610363300581,6.435296647313022,0.06705432369104597,0.043210510651789234,5.394822112588431,2.7446077930624835,-0.6319841399153788,-0.5223153295277052,-0.44408057807384776
stage2_soh,105,-1.0039644278007138,0.9804145944280621,0.15745760363211594,0.09765256298605784,199.96598676122707,7.843261814739122,0.26163820097660223,0.16035137350111472,84.77124304782456,14.451810042510074,-0.26163820097660223,3.2773997821059884,0.9823529411764705,0.2955344580821898,0.19159303824691212,114.34347143436054,21.733224771882412,0.5349797397814462,0.37625171357364046,135.58007292577108,41.72142231446625,6.576894964810992,4.263757589270754,10.889322728631637,6.829931052777335,0.05676203305396225,0.03992078692774752,5.377384571617118,3.49289209950361,-0.5349797397814462,3.168425989151001,0.88984375,0.3871986550293458,0.2128078473815549,187.57700364514577,19.14350050544904,0.63394925564897,0.4107252650988812,225.08068859566205,45.84978332273244,8.61681206709195,4.735877058122182,11.45535007134255,6.40653407597307,0.06726282497797421,0.043578474734696206,5.475253317852607,2.8977273369774683,-0.63394925564897,-0.5349797397814462,-0.44408057807384776
stage2_soh,106,-0.9972909879000984,0.9808840573331573,0.15733178774286538,0.09788364562157166,199.3145835493263,7.952204775582386,0.26241644557353394,0.16137315412228162,85.65967428968905,14.594917591070761,-0.26241644557353394,3.0341352032680136,0.9823529411764705,0.2924897943920607,0.1891660471994649,116.05841683061219,21.232851187037653,0.5207548852477599,0.3772540855878854,152.89803127115056,43.50652577586139,6.509138286205399,4.209746746328176,10.708514172955914,6.868760787347636,0.05525275783625259,0.040027139877539926,5.3284323131640905,3.3819516489126036,-0.5207548852477599,2.9368945240974424,0.88984375,0.38720164994847195,0.2132079094368237,184.4050025300367,19.402972384830512,0.6317928649670506,0.4110790146281943,238.65913379226686,46.85166537539569,8.616878716743052,4.744780135394402,11.2785307902162,6.447431299481098,0.06703402917495113,0.043616008011159904,5.457115515594159,2.876099174961113,-0.6317928649670506,-0.5207548852477599,-0.44408057807384776
stage2_soh,107,-0.9934110992480834,0.9809574109120784,0.15658522565153885,0.09752358175481754,195.27792188819072,7.92080665498758,0.2624396015205712,0.16135921380275411,84.00518000636872,14.403358542940284,-0.2624396015205712,3.719823832605399,0.9823529411764705,0.2882036743186211,0.190096692455129,115.47464101339125,22.28475234389409,0.569150824255796,0.409632776588585,154.32534327366247,45.24890273930493,6.4137539384291395,4.230457549852482,10.867121011886981,7.034718353741508,0.06038762872084708,0.04346256030967922,5.808267998809641,3.7677420893790545,-0.569150824255796,3.3356587409973146,0.88984375,0.38935716257141356,0.2140207473283226,190.5995266089597,19.45387689978056,0.6525296234772846,0.43060801083847766,239.14260195764444,50.066952123691024,8.664848013482281,4.76286922548054,11.413410427796151,6.52314131197892,0.06923422571411504,0.04568805942912886,5.7416260305718625,3.134272834877418,-0.6525296234772846,-0.569150824255796,-0.44408057807384776
stage2_soh,108,-1.008937421784603,0.9808253744700204,0.1568539523634786,0.09757814706104476,195.45616486609237,7.881741692656995,0.25951561328098716,0.15939299550025995,80.96924557768865,14.38845591741563,-0.25951561328098716,3.3815019439248477,0.9823529411764705,0.295393831010159,0.19171154120590025,116.01729101538471,20.819465890802185,0.5373145467178894,0.3824663077992405,144.37035956931018,44.972701663642,6.573765416101317,4.266394782643541,10.780298433712321,6.710390867085053,0.057009759049259104,0.04058016330524282,5.417912577117886,3.464994438513668,-0.5373145467178894,3.2745583772659304,0.88984375,0.388338743360794,0.21340718527826538,188.568162163472,19.148202197229445,0.6367133068618178,0.41315951878132184,230.7614176822211,46.854970969095774,8.642183867237351,4.749214867935207,11.484172251146468,6.415682985857298,0.06755609433873656,0.04383675215664282,5.507287713945823,2.817372885476361,-0.6367133068618178,-0.5373145467178894,-0.44408057807384776
stage2_soh,109,-1.0129958998201536,0.9804586065754148,0.1582663605914431,0.09820115033629696,200.0297802932546,7.910421848546402,0.2618770763297174,0.15985794113912188,83.22996652349563,14.428785481202084,-0.2618770763297174,2.802214336395264,0.9823529411764705,0.2895081150177832,0.18602325852741214,110.44072310813395,19.195642768254622,0.4959420202897097,0.3518119003988949,132.49498805378053,41.53386128428607,6.442783275724988,4.139806370756335,10.606977947905069,6.539539638579965,0.05262008120164259,0.03732769156338043,4.984791478457541,3.1844040048286266,-0.4959420202897097,2.9760528802871704,0.88984375,0.3865525519067627,0.2115959602444491,182.87934530051115,19.02496065529982,0.6167753339814456,0.398981298561921,224.2830735565223,45.334614273259064,8.602433532686042,4.708907430073822,11.32638773563227,6.5185834883174305,0.06544064997419477,0.04233242489918675,5.302596440101669,2.689379516122397,-0.6167753339814456,-0.4959420202897097,-0.44408057807384776
stage2_soh,110,-1.0177086237990978,0.9808840573331573,0.1578892074051216,0.09799627229559278,197.30401063263926,7.9931068184376315,0.2585186740481086,0.1589153964779255,82.63180091343543,14.318691156057058,-0.2585186740481086,3.153947072870591,0.9823529411764705,0.29163513750714926,0.1878350410783919,116.84564698794601,20.548671323599535,0.529237333329684,0.3710728310660331,134.07565976308325,42.93687789023157,6.490118546174098,4.180126215738869,10.608885861338964,6.38229354668961,0.05615275640180835,0.03937130088515552,5.2666492490322865,3.171567218990467,-0.529237333329684,3.2328936576843263,0.88984375,0.38628841659312535,0.2106735323977773,180.6916935062855,19.013820259329073,0.6164972821999273,0.4037204210912023,225.10613873168478,46.09104734151822,8.59655540183943,4.688379498747148,11.190364590715294,6.413115217681093,0.06541114832536653,0.042835251846920774,5.358104700425573,3.0211113118886717,-0.6164972821999273,-0.529237333329684,-0.44408057807384776
stage2_soh,111,-1.0194488585055606,0.9804292651438463,0.15804077363812227,0.09799129148404793,202.73703490377542,7.8762688648340475,0.2604103230777436,0.15908527820641252,82.37953416026451,14.271818971965217,-0.2604103230777436,2.954579516953113,0.9823529411764705,0.2912151908649687,0.18896102175372195,112.53386236787472,20.664622224771207,0.5214188197031439,0.3637552357753556,143.39291640219733,40.29336464812175,6.4807729525185565,4.205184060709331,10.765186387028889,6.78488798867464,0.05532320212918518,0.03859489468716635,5.109960601212236,2.8740579816560756,-0.5214188197031439,3.1700496435165406,0.88984375,0.38860915977175975,0.2142703645149595,191.19276633814053,19.350509061300578,0.6247301141409553,0.41025045801397936,239.8712992688814,45.98606516653754,8.648201779135762,4.768424266434397,11.509025466035848,6.65065240678452,0.06628466229984947,0.043528097097108545,5.4357588134986115,2.8786012923661084,-0.6247301141409553,-0.5214188197031439,-0.44408057807384776
stage2_soh,112,-1.0242646652885166,0.980531960154336,0.1573943862449254,0.09814185394540345,198.14753349591678,7.9322868268965685,0.26038540457671205,0.15920850704505038,83.15018736915039,14.246486679283516,-0.26038540457671205,3.2708318196090995,0.9823529411764705,0.2906828124110231,0.1914654848384945,117.5186939123957,22.9716793248668,0.5407086844494939,0.3846037623344683,153.0767196392223,46.17270327947544,6.468925274261848,4.260918985017936,10.91923209317107,7.033357879204868,0.0573698813936861,0.040806949958938354,5.435763964038283,3.3654134080202427,-0.5407086844494939,3.288317346572876,0.88984375,0.3855428931384821,0.21132276474127137,190.6470539427205,18.796262952929155,0.6254583552980677,0.4138680639271115,241.63796440651467,45.44702810746314,8.579964343433549,4.702827671588404,11.243583752480088,6.433475836164752,0.06636192961589432,0.04391192970075313,5.501737432940591,2.9893988226753074,-0.6254583552980677,-0.5407086844494939,-0.44408057807384776
stage2_soh,113,-1.013538096416039,0.9802825579860042,0.1575617411203258,0.09786621078224993,197.26393213608384,7.918214857292001,0.2597725391158809,0.15944079787404217,82.68077759374283,14.305263858568045,-0.2597725391158809,3.0009205163693897,0.9823529411764705,0.2935301364444167,0.18965706892366357,113.03378743323945,21.423280052507536,0.5284075071220247,0.38334459835919094,154.95983102029714,48.86632547255455,6.532290308647124,4.2206740619666006,10.66899527426901,6.500996486869729,0.05606471078227246,0.04067335105439993,5.3992886820209485,3.3662320582988228,-0.5284075071220247,3.161138820648193,0.88984375,0.38986399214364315,0.21355529037500673,193.5387853417172,19.029082978151518,0.6448899308934593,0.41884404217889826,252.39760834641328,47.459865921461656,8.676127120775709,4.752510834406738,11.236818233637734,6.422283820524882,0.06842364458230925,0.04443988734288571,5.565592332515072,2.908765528088161,-0.6448899308934593,-0.5284075071220247,-0.44408057807384776
stage2_soh,114,-1.0287330226156106,0.9814562152487419,0.15802540581618613,0.09821974718841106,197.4502272868677,7.933995326667397,0.2583631950017444,0.15848813471874787,82.39497956558763,14.366980375975052,-0.2583631950017444,3.1907332541895848,0.9823529411764705,0.2936215843198113,0.18932903373760043,114.87620371424602,21.129495431233302,0.5210571903781561,0.3619801167663479,131.99351333554523,42.49864235101157,6.534325411677505,4.213373887978432,10.818497399418566,6.898641843802178,0.05528483279634537,0.03840655229516253,5.198028916333877,3.109945300421165,-0.5210571903781561,3.2484623432159423,0.88984375,0.3874593049083688,0.2130968404308078,174.79891689859366,19.050216027237063,0.6217928005856788,0.3995151353155961,217.66767941621993,44.88414470108762,8.622612632237717,4.7423083790004,11.480993264657007,6.484488097948649,0.0659730095834633,0.04238906565995633,5.331886486334406,2.8099940382265416,-0.6217928005856788,-0.5210571903781561,-0.44408057807384776
stage2_soh,115,-1.0351135702184107,0.9801945336912988,0.1571513216277506,0.09787031339366484,200.51332875180017,7.935327143426028,0.2584448412383316,0.15807327084880232,83.47962565799507,14.120578638921705,-0.2584448412383316,3.6163778174157235,0.9823529411764705,0.2907833592702979,0.18829714148031437,113.48506917564708,21.220698962692108,0.556410887216626,0.3877773998716079,152.99803707366206,44.261123275405694,6.4711628682696105,4.1904099093100475,10.593013712002584,6.771812645171883,0.0590359051441408,0.04114367695136241,5.530692804135285,3.1381180498012693,-0.556410887216626,3.273169660568237,0.88984375,0.38894138536306533,0.21386386264384782,180.44976255479475,19.69044661265167,0.6435331722724438,0.4207642288174611,236.5232835797925,47.94037882110466,8.655595207410821,4.759377875950357,11.377468899605137,6.547802095640074,0.06827969076132197,0.044643621595499484,5.610602213834367,3.0065670485314264,-0.6435331722724438,-0.556410887216626,-0.44408057807384776
stage2_soh,116,-1.0353829353143165,0.980341240849141,0.15785411891597045,0.0981488629880999,198.53028329137695,7.922334890081483,0.2585978924979233,0.15784646903015537,83.07506251549819,14.239850342908417,-0.2585978924979233,3.100067649168127,0.9823529411764705,0.29396906966492825,0.19069235251266875,116.93910363022502,20.992694985552973,0.539621641725177,0.37596355113839985,145.49860005042015,45.88114074779102,6.542058434186881,4.243713512147352,10.947351431157271,6.939645524858101,0.05725454477351063,0.03989021252565759,5.350513740234601,3.215948536522298,-0.539621641725177,3.1566640377044677,0.88984375,0.388646167405194,0.21346988267650885,181.5366101648212,18.911705994571754,0.6267954376586848,0.4107199756894261,228.73592897603984,47.98813887398471,8.649025355917882,4.750610150926876,11.5923320532104,6.318627010705461,0.06650379576054535,0.043577913521603444,5.457481193451975,2.849409546329147,-0.6267954376586848,-0.539621641725177,-0.44408057807384776
stage2_soh,117,-1.051839773331359,0.9807666916068835,0.15754662064049957,0.09782918796884502,196.38759328231302,7.928914508154902,0.2564968724389522,0.15662933742552382,81.78372006729563,13.948037565090967,-0.2564968724389522,3.093601555917777,0.9823529411764705,0.29153536614691733,0.18827014982828177,113.25929525258614,20.71143124907051,0.5376466440525063,0.382045815468711,149.56807129895827,41.5352965300323,6.487898210308697,4.189809230588868,10.693924556678184,6.538259368199295,0.05704499500023616,0.04053554853240262,5.415788571158713,3.510025545655693,-0.5376466440525063,3.0859243392944338,0.88984375,0.3878663930603869,0.21293038539261033,194.8073485930447,18.55122493632851,0.634922546774354,0.41320554609228566,236.10405120410252,46.247731371011724,8.631672069958164,4.738604048514905,11.29640747324827,6.503052409899556,0.06736609240834969,0.043841635713069434,5.51069120648698,2.8614378378413776,-0.634922546774354,-0.5376466440525063,-0.44408057807384776
stage2_soh,118,-1.047656741164379,0.9812068130804102,0.1573729275614502,0.09775148977118246,195.20772884568137,7.893741674587543,0.2562768177007055,0.15690389745143024,83.35972428712772,14.003972820480035,-0.2562768177007055,3.027646207809448,0.9823529411764705,0.2929139143940528,0.1933431201057472,113.65989421584388,22.155318079364072,0.5109037277096847,0.3660070846441622,152.4084460048296,43.813986596331816,6.518576754814708,4.302704332199047,11.089314295552581,7.134117667749816,0.054207537450851724,0.03883381872562795,5.147323494748636,3.302437594989006,-0.5109037277096847,3.130845475196838,0.88984375,0.38979512608075895,0.2141356536434614,184.57211963258226,19.09766709265935,0.6273589472209029,0.4065899300672754,233.9496494038051,45.244929499370315,8.674594558836338,4.765426378275397,11.516470333541168,6.345875248806043,0.06656358484416545,0.04313971041093114,5.392111356511466,2.8725700030275494,-0.6273589472209029,-0.5109037277096847,-0.44408057807384776
stage2_soh,119,-1.046398070421937,0.9801945336912988,0.15775225997154613,0.09802606495563003,199.18999969055739,7.891090465579613,0.25645662967093386,0.15638097639741752,80.90355049058515,14.005187285607374,-0.25645662967093386,3.135506732791078,0.9823529411764705,0.29148723043045865,0.19086653263737247,112.64715879981985,20.750704089389153,0.5394341092012221,0.382558453703007,156.24372105349823,41.16434901128649,6.48682698648844,4.247589758567374,10.807608191329784,6.847534546579365,0.057234647333417356,0.04058994010321561,5.36917257112513,3.4673579864587216,-0.5394341092012221,3.2669103384017943,0.88984375,0.3859942453205945,0.2115780889085727,182.3034613291249,19.418983095504565,0.6320605218131191,0.41354490046505815,250.72538876558593,46.59677297741,8.590008843533996,4.708509717063627,11.256465420311661,6.482659548491356,0.06706242790786367,0.043877641645055164,5.4732836925514246,2.8848377753491956,-0.6320605218131191,-0.5394341092012221,-0.44408057807384776
stage2_soh,120,-1.053235177595868,0.9808987280489415,0.1574272469932905,0.09786683748995859,197.38780631127884,7.905047912271626,0.2552854747197872,0.15566344634045304,81.26357111802052,13.942445678996723,-0.2552854747197872,3.482408757303275,0.9823529411764705,0.2875221297610383,0.1892333098888105,120.31155692156266,21.377580867139176,0.5406094360263081,0.3790509994233064,144.51039097696363,45.49325221789448,6.398586681798057,4.21124362640689,10.61821949090839,7.020677886309995,0.057359351009339705,0.04021779472843756,5.42113290249873,3.3655281873198097,-0.5406094360263081,3.4134164810180665,0.88984375,0.38942604597035485,0.2140635544041288,184.85909956741574,19.252291583480712,0.6401409821369263,0.4215587394097383,235.11302291995108,46.931886084077775,8.666380961222439,4.763821864449123,11.42768205939242,6.57115704747183,0.06791977505932505,0.044727920183178685,5.617148955958675,3.088845520189585,-0.6401409821369263,-0.5406094360263081,-0.44408057807384776
stage2_soh,121,-1.0594421006014336,0.9808107037542362,0.15756019037748878,0.09776830908639637,197.90069302931047,7.910571337041078,0.25545401676813934,0.15596682926617206,80.72193827473389,13.898121520207276,-0.25545401676813934,2.9902020192613787,0.9823529411764705,0.2946543586527476,0.1911786991847204,114.42788872886058,20.8953690160564,0.5092655412510556,0.36079768384715505,138.5479455350101,44.383013514414564,6.557309020269725,4.254536788050021,10.98089602989587,6.9203836121503155,0.05403372377717645,0.03828109465358766,5.10025478148255,3.2615990380119526,-0.5092655412510556,3.2380775213241577,0.88984375,0.3907148202457647,0.21465259090255132,187.26232275247202,19.195290447615157,0.6356260000498097,0.4146444711357617,231.66327083748328,46.563466956578296,8.695061654153225,4.776930424465118,11.351088295750921,6.390538857957042,0.06744072969852007,0.043994307496328613,5.484934146042708,3.0030131608449677,-0.6356260000498097,-0.5092655412510556,-0.44408057807384776
stage2_soh,122,-1.0586801580918037,0.9804586065754148,0.15764347960811845,0.09802941672185105,200.4551230002514,7.916260548359489,0.25464745606189465,0.1552050342546303,79.50128782225876,13.783627959171529,-0.25464745606189465,2.8824185520994896,0.9823529411764705,0.29736358568644394,0.19131098387890733,119.76373031200923,21.623150486568512,0.520042940680422,0.36360910465922575,141.9869285060476,40.218626104703276,6.61760081078402,4.257480683475161,10.601940617030321,6.498323870082913,0.05517721960917817,0.038579389989273724,5.131242083231231,3.0356216046679103,-0.520042940680422,2.969908857345581,0.88984375,0.3851397116433974,0.21016478187666507,179.16544559949534,18.98619814841654,0.6206914093444902,0.4039927349342179,239.95453697500056,45.905842528607806,8.57099184539682,4.6770576421949155,11.212501647898137,6.248605111955848,0.06585615056733826,0.042864144693151945,5.348078019525874,2.794235667503869,-0.6206914093444902,-0.520042940680422,-0.44408057807384776
stage2_soh,123,-1.0698167917032821,0.980531960154336,0.15729101654786343,0.09758586362373732,197.4127623417012,7.919134661367002,0.2544107369915271,0.15466990658566523,81.06129407322969,13.83304868145117,-0.2544107369915271,3.6112280565149644,0.9823529411764705,0.29295047700293164,0.1906292477695673,116.56153459868185,21.14367945771503,0.5352428970960756,0.3769366208071291,144.56724721385626,41.468776435247776,6.5193904279132555,4.2423091640051664,10.799914026954346,7.037658818222009,0.05678995438084745,0.03999345645919941,5.358157462410195,3.4513160219959786,-0.5352428970960756,3.3830472946166994,0.88984375,0.3898302122284494,0.21516351462778402,188.64809818429688,19.416201666080276,0.6389710131141909,0.41524275214578665,231.47465658334477,47.67073250821509,8.675375374412218,4.788300644024933,11.47338809114029,6.537212773903946,0.0677956398530689,0.044057785874931255,5.518699604021743,2.854594746525355,-0.6389710131141909,-0.5352428970960756,-0.44408057807384776
stage2_soh,124,-1.0662689173849262,0.9809867523436469,0.15702175827464956,0.09759775309245036,197.14698701088824,7.822024497463947,0.25372482388199985,0.15502059175368033,82.59786122266223,13.882701646338555,-0.25372482388199985,3.3833966732025145,0.9823529411764705,0.29658974906305074,0.19191017462050214,115.34404099855757,20.847601114400497,0.5207030217356335,0.3591330771927959,130.8199131022897,41.26968308372581,6.600379664305847,4.270815218462821,10.836521799579685,6.529934666094032,0.05524725505143533,0.03810447776343182,5.116220581780213,2.813137971658523,-0.5207030217356335,3.3583272457122804,0.88984375,0.39010193202921,0.2148921889005578,176.60710861778787,18.78213683340556,0.6205196027960501,0.40902874589155547,226.0755483450618,45.96499749435274,8.681422292260848,4.782262495983592,11.49015262389674,6.429395627381559,0.0658379216733143,0.04339847188194847,5.416303040197282,2.928935934706581,-0.6205196027960501,-0.5207030217356335,-0.44408057807384776
stage2_soh,125,-1.0790120650647335,0.9805759723016886,0.15709158326538,0.09783070175293049,196.42684689027323,7.9670029727513665,0.25269726347861954,0.15389801581537108,79.72478380807854,13.601169462600133,-0.25269726347861954,3.4395130989598295,0.9823529411764705,0.2934639082376916,0.19170522664801454,113.57668638647526,22.368390115267303,0.5408794025173453,0.3855743610437083,150.87070337467947,43.79370033979259,6.530816450193644,4.266254256952447,10.922572947704634,6.567805442565657,0.05738799479853064,0.04090993172052528,5.4537903026877546,3.3552954798329053,-0.5408794025173453,3.1625175714492797,0.88984375,0.3879833281677439,0.2134570357742632,186.75727785937343,19.66579392756634,0.6360535553753882,0.41541020117692823,239.55167159440816,45.98695751795201,8.634274371983373,4.7503242528720735,11.377564454828708,6.556409665948945,0.06748609386414771,0.04407555243080942,5.526932399411743,2.949184558763428,-0.6360535553753882,-0.5408794025173453,-0.44408057807384776
stage2_soh,126,-1.0711135071313078,0.9805759723016886,0.15804290944758306,0.09820775293320504,198.7250845172547,7.9258211423934295,0.2551067134431031,0.15489489218167812,81.79660925473267,13.813457322031875,-0.2551067134431031,3.7018568338132374,0.9823529411764705,0.29032401513657524,0.189344370918458,112.92403751676825,21.15684122932498,0.5337395459132532,0.3822170501483568,146.00081518299,44.86153895586478,6.460940513354381,4.2137152052928695,10.630226278866386,6.4471858256724985,0.05663044690199238,0.04055371675041778,5.380190235687965,3.3345586790855863,-0.5337395459132532,3.186525845527649,0.88984375,0.38980118489253357,0.21384070601452548,192.32954271558282,19.009123847715145,0.6365460231860831,0.41126818578522945,241.22984163780765,47.624907446142004,8.674729393091916,4.758862542747655,11.410249267753205,6.6014830643850555,0.06753834532727807,0.04363607931231399,5.482191178344337,2.872993982993643,-0.6365460231860831,-0.5337395459132532,-0.44408057807384776
stage2_soh,127,-1.0784143466613536,0.9806493258806097,0.1572801394671094,0.09779823989728832,199.70878633271883,7.90509200793643,0.25247113619951655,0.15356465541579026,79.39670416062235,13.667524909342504,-0.25247113619951655,3.2335665712169575,0.9823529411764705,0.29106295409820293,0.19093327113591574,115.17298170678052,21.97687257248993,0.543818939873637,0.39037771455888803,161.31928617565669,45.104543219095234,6.4773850388678165,4.249074973177799,10.873905831030411,6.814301347030234,0.05769988346304222,0.04141957365782534,5.507297343582104,3.653481643880763,-0.543818939873637,3.329142117500305,0.88984375,0.3859429381376964,0.21146747353159298,186.25673900195903,18.502905595664032,0.6355235282664488,0.41745603078961724,240.70338416095692,46.44918989105574,8.588867041136227,4.706048055839385,11.248211478283247,6.284976429866218,0.06742985731154592,0.044292617563305214,5.537272132405296,3.0112296565437537,-0.6355235282664488,-0.543818939873637,-0.44408057807384776
stage2_soh,128,-1.081334763948356,0.9805172894385517,0.15751852531470978,0.09773230816930979,198.10383455482287,7.896372899607974,0.2522593059368052,0.15300033398973287,78.88413415604354,13.59511881356844,-0.2522593059368052,3.47076189845216,0.9823529411764705,0.28808965371623524,0.18873265689311952,115.35730611226859,21.781893848567513,0.5171745325275305,0.3698852263957116,142.73224334040606,40.43825963944069,6.411216496499076,4.200101974134443,10.83531884558395,6.877614273912101,0.054872877843912087,0.03924529451418647,5.241324640926116,3.2835673604368107,-0.5171745325275305,3.090945267677307,0.88984375,0.3863047104067866,0.20950858339529077,182.77644572806236,19.35971756842079,0.6313711928477861,0.4074836536077783,230.48705117164172,46.15621161827036,8.59691800829054,4.662454443244535,11.113680238806356,6.40737503386835,0.0669892892250207,0.04323453561901818,5.422473588651502,2.7950718727746953,-0.6313711928477861,-0.5171745325275305,-0.44408057807384776
stage2_soh,129,-1.0834000716737504,0.9805172894385517,0.15778615157137293,0.09799166699664247,199.1240499227154,7.89414852405959,0.25234545283660953,0.15360934885901953,78.54385596062389,13.603911318049722,-0.25234545283660953,3.4911647132798738,0.9823529411764705,0.2950033487534286,0.18982923060527765,112.28903103614024,20.60890148313834,0.5320153418038784,0.37375971064355007,147.33822310651286,42.51189366992895,6.565075529971614,4.224505389468271,10.743203295052167,6.454558802740232,0.05644750664580979,0.039656382236934073,5.2784014869507425,3.222510807568543,-0.5320153418038784,3.4120067596435546,0.88984375,0.3859227877542201,0.2114455730861664,186.75521551841365,18.599550969915967,0.625959607748872,0.41215251287139837,240.6390615406514,47.428585691089395,8.588418609652184,4.705560678055461,11.231251533535277,6.425364327676765,0.06641511314054996,0.04372990754460581,5.462549606016367,2.902209428359887,-0.625959607748872,-0.5320153418038784,-0.44408057807384776
stage2_soh,130,-1.1000102093306396,0.9806639965963939,0.15734017355639135,0.0977195042772783,198.02108278185915,7.885320287754788,0.25052736910577045,0.15288915040871381,80.27836478163233,13.49609803528973,-0.25052736910577045,3.2935347996506037,0.9823529411764705,0.2947609969192156,0.19239784509820096,113.09909099883383,21.779500517818832,0.5290414780527776,0.37473954492358164,141.76865160429892,42.74018345077047,6.559682173919357,4.281667954654999,11.01390191708581,6.60088519864717,0.056131975907006616,0.039760343904367085,5.292166442160605,3.380801274012833,-0.5290414780527776,3.086923670768738,0.88984375,0.3899523373739979,0.21412704087815654,190.61234294567626,18.912889456935037,0.6181622711401816,0.40400987701505076,216.34615181791224,46.990942389429804,8.678093176796573,4.765234707723224,11.39429224276841,6.530396733994696,0.06558780577654368,0.04286596348980254,5.37125051198616,2.8982199536784186,-0.6181622711401816,-0.5290414780527776,-0.44408057807384776
stage2_soh,131,-1.0965148772424969,0.9807080087437466,0.15747551730667209,0.09787230199015669,197.54823432807316,7.88671611047486,0.25254945657683603,0.15299489379002018,78.83614095291776,13.618248662991844,-0.25254945657683603,3.126886941872391,0.9823529411764705,0.28899336165582373,0.18800338119286678,116.89483860658565,20.867328396137484,0.5127378988646283,0.35544136736961995,132.2457695899288,36.979413166492094,6.431327830507669,4.183872497165578,10.60549418003428,6.674665670824624,0.05440214535089307,0.037712782640370986,5.0520583913463035,2.985950884420604,-0.5127378988646283,3.12026047706604,0.88984375,0.3876728142572356,0.21250918434379856,189.94808534721045,18.413105539634294,0.6241458572389467,0.40363625517784385,238.46561286890855,46.30738252444422,8.627364120678742,4.729230538992259,11.542723987227097,6.305590345503008,0.0662226718970029,0.04282632173611317,5.362609408642436,2.854604036842267,-0.6241458572389467,-0.5127378988646283,-0.44408057807384776
stage2_soh,132,-1.1051423186478515,0.9805906430174728,0.15687277261315302,0.09770902592938514,196.27864909663307,7.8615044188923715,0.24944136353881777,0.15177759102143004,79.09964903820915,13.45913700456445,-0.24944136353881777,3.405962516747269,0.9823529411764705,0.2952331147584977,0.18898131803189422,114.09125542667097,20.075220041849533,0.5121845355459671,0.3543009473704824,136.8194166646889,37.398671739059864,6.570188797952714,4.205635738969057,10.729360817658238,6.641546112189205,0.05434343279666152,0.03759178262322474,5.032136603145147,2.961702321536502,-0.5121845355459671,3.3772422313690185,0.88984375,0.3849765707170194,0.2116518521688704,184.6587868225039,19.23383989109082,0.6174990099038737,0.40689631091390766,231.48642626139713,44.905895380267914,8.567361267953457,4.710151262412987,11.326276480794032,6.461469006821176,0.06551743291301411,0.043172217809717396,5.4147329575907595,2.871109347148725,-0.6174990099038737,-0.5121845355459671,-0.44408057807384776
stage2_soh,133,-1.102274290407921,0.980341240849141,0.1569648350432867,0.09784232991072571,197.54000023350926,7.91050473144963,0.25034133270082287,0.15181472303245294,78.55337688791863,13.415511109127928,-0.25034133270082287,3.620169619952931,0.9823529411764705,0.292686704520089,0.1901904174163207,116.00932065722705,20.57154171617904,0.5265599276042646,0.37721550522792135,147.84904363138708,43.5607284666309,6.51352037159048,4.232543327698284,10.712541340348437,6.690084267305941,0.055868680237826485,0.0400230464521171,5.3222829045271105,3.2554546261818875,-0.5265599276042646,3.36799840927124,0.88984375,0.388834838806122,0.21474567159639263,184.33870290202012,19.06015819425909,0.6283422665732618,0.4139185220279614,237.07225185209955,46.61911876607772,8.653224094687026,4.77900186463023,11.422000585895248,6.560863908374899,0.06666791628221953,0.04391728336964058,5.504949354072016,2.9215470541024358,-0.6283422665732618,-0.5265599276042646,-0.44408057807384776
stage2_soh,134,-1.1103361444556654,0.9810454352067838,0.15700511443322784,0.0975492362826612,198.6069673593454,7.868361657767702,0.2488583626146327,0.15107603311522738,78.09643221529424,13.412298653379343,-0.2488583626146327,3.6023256329929128,0.9823529411764705,0.29261517407792,0.19011831032203547,115.3783556628533,21.459837929564515,0.5324237325929951,0.37809571469586123,146.37241160336947,45.02266249402325,6.511928515913192,4.230938639066003,10.781230843085673,6.697714558274107,0.05649083742966387,0.04011643779986053,5.360822267535457,3.2928268894564328,-0.5324237325929951,3.2233945608139036,0.88984375,0.38705585779955703,0.21055162670418212,183.3830887521191,18.80073018806918,0.6383145986589862,0.4117594530011047,226.82404069060695,48.33701139484023,8.613634223169175,4.685666580099384,11.331963471536985,6.088587136769382,0.06772599344175127,0.04368820339080195,5.480585489220244,2.851789711056055,-0.6383145986589862,-0.5324237325929951,-0.44408057807384776
stage2_soh,135,-1.1015232510545234,0.9804879480069832,0.1576272725814847,0.0979337782333782,199.35298087105605,7.931239008541599,0.25010535412816215,0.15254350054944554,78.95286377103773,13.514650871967405,-0.25010535412816215,3.3587732427260457,0.9823529411764705,0.29209346151444243,0.18968652857869278,116.27749783772454,21.02223413689518,0.5157474619955498,0.36884477342679806,148.94489666302164,43.67571943884117,6.500318198950223,4.221329664220511,10.733266897563261,6.559420859569663,0.054721463839449556,0.03913490112651035,5.197931761057867,3.3905970711722304,-0.5157474619955498,3.3196956396102903,0.88984375,0.3877495891002635,0.21268659091947484,194.8278456727475,19.941002671356102,0.6207052347328633,0.408756035973056,237.87900044614418,46.5974410119114,8.629072686515062,4.733178587628825,11.329976444143279,6.522199883956182,0.0658576174586866,0.04336953701160303,5.409142789796533,2.880656301304357,-0.6207052347328633,-0.5157474619955498,-0.44408057807384776
stage2_soh,136,-1.1208257561948045,0.9808987280489415,0.15754053345133648,0.09819111083662754,200.12105690230706,7.9824367203014805,0.24872557994809996,0.15084633374242362,78.89901622984173,13.174515321399369,-0.24872557994809996,3.284477699504179,0.9823529411764705,0.29348790540253417,0.1907959814585161,116.93381722773682,20.379376584411453,0.5279522525646925,0.36651706483087265,145.28836218517105,38.748294869286816,6.531350488876129,4.246019695651552,10.835157837524926,6.925915058818813,0.05601640769281002,0.0388879282742003,5.239894388386125,3.167584792722061,-0.5279522525646925,3.25968017578125,0.88984375,0.38622797061418784,0.21159090796609234,193.21961719860846,18.60857604901029,0.6283656476087187,0.4127669220066309,247.5701593592863,45.681400175387836,8.595210222474908,4.708794995455196,11.440814240031624,6.4497713911182455,0.06667039703991698,0.04379509713787335,5.462632450209067,2.8514449300323053,-0.6283656476087187,-0.5279522525646925,-0.44408057807384776
stage2_soh,137,-1.109308961719253,0.980737350175315,0.157243316068289,0.09783965735643721,199.3957936656767,7.961932412433516,0.2503849421437733,0.1516844215042288,79.03609453853515,13.358248344586036,-0.2503849421437733,3.2303245965172263,0.9823529411764705,0.29488196625947144,0.1897800128249561,115.31975551690543,21.114762314839368,0.49731926097834056,0.3487518551850728,143.5816454671232,39.271166496880554,6.562374254734527,4.223410085138357,10.718116364134827,6.881830953875981,0.05276620819614011,0.03700301686141032,4.938340554241983,3.1042301461302015,-0.49731926097834056,3.320603060722351,0.88984375,0.3885369212778379,0.21357204756604914,195.8102052648077,18.581605719668545,0.6181479201631561,0.401763085966013,235.81468456414123,45.382658686172356,8.646594166304341,4.752883752969624,11.492643402049861,6.502828012919533,0.06558628311956864,0.042627576092472454,5.319125640865768,2.8801080432731676,-0.6181479201631561,-0.49731926097834056,-0.44408057807384776
stage2_soh,138,-1.1159177711430657,0.9801211801123777,0.1574110030238648,0.09786337180933581,198.7334056571163,7.921518617646534,0.24642039401889348,0.15037294074825241,78.17413055628116,13.396982170703328,-0.24642039401889348,3.35172002175275,0.9823529411764705,0.2910627991116631,0.1875686867263022,114.35936978785843,19.222077850518858,0.5185478950398674,0.36836159991045647,148.460826359015,42.6837339932857,6.477381589760054,4.174198701876418,10.620449049827277,6.164855203598831,0.05501859335895604,0.0390836357998709,5.191613325022935,3.2941657651247835,-0.5185478950398674,3.2673607587814333,0.88984375,0.3869552787282582,0.21168355358604457,187.79476113852422,18.665461756486387,0.6362937780040056,0.4129080969050847,233.74398784781542,46.177847617690325,8.611395912307275,4.710856753381259,11.325221689143307,6.387802742096636,0.06751158179158111,0.04381007597474612,5.469636473618789,3.0002588226181297,-0.6362937780040056,-0.5185478950398674,-0.44408057807384776
stage2_soh,139,-1.1181159089495594,0.9806786673121781,0.15781409242188263,0.0982132615833371,198.34565294242526,7.9908771764810576,0.24724276571560272,0.15048961636368546,77.83271519860723,13.419630834251775,-0.24724276571560272,3.527556547464109,0.9823529411764705,0.29799629283332574,0.19381014287983087,115.27975701493024,21.376308914419788,0.5470592012416639,0.38939196638507295,151.09143752815856,47.1087229466604,6.631681227922281,4.313097569425105,11.029196653103874,6.997325777085566,0.05804367932893904,0.04131498451871545,5.52463434549736,3.4463512935685907,-0.5470592012416639,3.233266019821167,0.88984375,0.3884451940399344,0.21381505707577161,192.09327020254173,19.779054143890466,0.6337945618347134,0.4182095178419331,247.28033479537083,49.88954920604289,8.644552846273443,4.75829174509097,11.362244506567036,6.433261449236641,0.06724641176688388,0.044372563501046264,5.551469602796909,3.008227611992043,-0.6337945618347134,-0.5470592012416639,-0.44408057807384776
stage2_soh,140,-1.1241689693087775,0.9811921423646259,0.15725417983920179,0.09785218030598887,198.90990495280278,7.936239706926922,0.24804570005063728,0.1503303101756722,78.18497672231538,13.194688336826976,-0.24804570005063728,3.348975622887705,0.9823529411764705,0.2909872741585724,0.18890861289886138,117.32846702371134,22.184707854271785,0.5259361722294686,0.36113678623063894,145.111937274405,40.17143440149018,6.475700839275244,4.20401774143854,10.58305709188524,6.525488155068174,0.05580249899661496,0.038317073849188324,5.149265546233851,2.884749515290447,-0.5259361722294686,3.3815651655197145,0.88984375,0.3880715044802199,0.21308753813536896,181.9010309652121,18.483613653506794,0.6271729812443505,0.40838597298898094,232.11113586572046,46.426700157749266,8.636236668865104,4.742101363478658,11.305968736061335,6.76400475166073,0.06654385361675058,0.04333027285677223,5.417691727803605,2.8638027169479257,-0.6271729812443505,-0.5259361722294686,-0.44408057807384776
stage2_soh,141,-1.1271913067380173,0.980077167965025,0.1568868381337778,0.09773828860554859,199.1059715655053,7.880718776068695,0.24706947253325537,0.14969020370748987,77.94984235335909,13.156000740617168,-0.24706947253325537,3.1971745163786647,0.9823529411764705,0.2947934606805941,0.19062226364462106,116.33555679016571,21.10490321611432,0.5089723983409378,0.35763777091405263,139.94028403650708,39.257976194310686,6.560404630279046,4.242153737607545,10.929956906672981,6.3151728407948085,0.054002620940346704,0.037945823859165284,5.022615544889458,3.1872850226624116,-0.5089723983409378,3.1673800230026243,0.88984375,0.38837279773938715,0.21369387425474998,186.83890187991665,19.118761119640524,0.6221641134732221,0.40637468236855057,239.54465144975637,45.47304329111634,8.642941721575397,4.755594913423453,11.326988602464217,6.482454960381327,0.06601240635464703,0.0431168723554287,5.37075767056588,2.892673183980964,-0.6221641134732221,-0.5089723983409378,-0.44408057807384776
stage2_soh,142,-1.1326688582888478,0.9803999237122779,0.15780756835991716,0.09785646312427426,200.05950760017933,7.873182423778993,0.24818488138058659,0.14992418505232333,78.17910975670004,13.197516246655166,-0.24818488138058659,3.5210052752027323,0.9823529411764705,0.2917971745089336,0.18874340329100103,114.39555795601274,20.920695660096484,0.5483750521208841,0.38901059799371107,143.08955678045018,43.56147526928078,6.493724556613843,4.20034112705954,10.744719895435288,6.531995616102693,0.058183292786321374,0.04127452084574521,5.528214704546791,3.4159021261896063,-0.5483750521208841,3.346728038787842,0.88984375,0.3886815773975794,0.21283854295070342,180.90485011178208,17.830040453816373,0.6280329648789298,0.4146021859654866,241.11975365635394,48.17484662045045,8.649813378411555,4.736560164706385,11.4682313908942,6.594598637268756,0.06663509897776518,0.04398982098580424,5.5105352060805615,2.929228610574641,-0.6280329648789298,-0.5483750521208841,-0.44408057807384776
stage2_soh,143,-1.1221095703612953,0.9805172894385517,0.15772594451909314,0.09795433204916433,196.28049439765687,7.958490208182689,0.2478137088993042,0.14989697788139258,79.37580715401184,13.21125013679641,-0.2478137088993042,3.5337468596065746,0.9823529411764705,0.28614917131673157,0.18877272304859669,112.09808988823244,22.926455999581627,0.5391675277363477,0.37554110744237607,141.32329172587293,40.89272955158744,6.368032534109653,4.200993616002289,10.693820073340483,7.030997443104196,0.05720636269982175,0.03984539071044841,5.341658907539004,3.0904482438416903,-0.5391675277363477,3.4206593513488768,0.88984375,0.38833745691042854,0.2124793735722051,187.17115897346451,18.353641214362117,0.6323563795901997,0.41348006019834427,233.8952884269514,48.35542906054031,8.642155238261273,4.728567122905814,11.311488848047652,6.360365650581802,0.06709381879554249,0.04387076201001714,5.502608034301892,2.9496515208670178,-0.6323563795901997,-0.5391675277363477,-0.44408057807384776
stage2_soh,144,-1.1112508136929529,0.9807520208910993,0.15827452399596592,0.09832630722951755,200.20471710059218,7.944546621427135,0.2500296256535961,0.15082091704405276,77.71040499505872,13.27262407192735,-0.2500296256535961,3.492211655074475,0.9823529411764705,0.29424130888359973,0.19177740975465699,116.16431963592582,21.18774345735738,0.5375855418622387,0.37622860240585665,161.10398564069445,43.193205633007686,6.548116911286718,4.267860637182022,10.982228408261657,6.910502373673163,0.057038511979879074,0.03991833480335454,5.346706972082099,3.144239630646707,-0.5375855418622387,3.295730209350586,0.88984375,0.3866278723176303,0.2119042588805314,181.10701200482123,19.05583206296651,0.6251947724398118,0.4058556243620842,240.4183506629537,43.96261781499294,8.604109731238987,4.715768382128164,11.220793996363778,6.402649551776894,0.06633396313828735,0.043061799638596465,5.385520379019172,2.6736410009052873,-0.6251947724398118,-0.5375855418622387,-0.44408057807384776
stage2_soh,145,-1.1354792359418724,0.9805466308701202,0.15755298000263895,0.0978867662504836,198.80082714617012,7.938160484605924,0.24599531460789975,0.14882959621805503,77.12336014397951,13.066493479256804,-0.24599531460789975,3.5789579681321686,0.9823529411764705,0.2909230445798738,0.1880347816109219,113.8561620837862,20.186762094223816,0.5313651805817873,0.38211940657621357,153.04778043276048,45.07372939486993,6.474271458770932,4.184571289627005,10.674018200796695,6.6570760381349245,0.05637852371050494,0.040543356642814894,5.405330565540129,3.468803145014901,-0.5313651805817873,3.421836519241333,0.88984375,0.3884012443465512,0.21410086895812128,178.038318462411,19.50021289211615,0.6387948990334577,0.41736870461463693,250.51364367343314,47.83449319605992,8.643574779218277,4.764652271515223,11.341465356820336,6.425077957558155,0.06777695392437201,0.044283352144706876,5.528249361410732,2.9992351640971258,-0.6387948990334577,-0.5313651805817873,-0.44408057807384776
stage2_soh,146,-1.138519198346435,0.980796033038452,0.15768023652372906,0.09788404504520687,196.05912128888144,7.961294213656404,0.24729681891306232,0.1491300920001765,77.73333278029091,13.02951601895096,-0.24729681891306232,3.210938746321435,0.9823529411764705,0.29528863876719363,0.19025011721121915,115.60864902918314,21.213908997528762,0.49655221291880725,0.35060309342784335,131.89944882850304,41.72337294353464,6.571424442606769,4.233871901303594,10.690808199514864,6.7885103784697955,0.05268482341822872,0.03719943560124864,4.941079500952949,3.0447314437357336,-0.49655221291880725,3.3516181468963624,0.88984375,0.38728870753210476,0.21302741058025276,186.3448506526755,19.05521091404553,0.6143000603947721,0.4030967383929237,215.9884910668422,44.759078990831156,8.618816117163833,4.7407632703945,11.417793389913307,6.598016986830546,0.06517802028806544,0.042769078316780486,5.315271508076381,2.92863663875411,-0.6143000603947721,-0.49655221291880725,-0.44408057807384776
stage2_soh,147,-1.1375207321857508,0.9810307644909995,0.15745915162948912,0.09796035939449105,196.92115957719074,7.908946256012146,0.24660405658453483,0.14894985309811765,76.71860292987853,13.102102059236257,-0.24660405658453483,3.4358823925841087,0.9823529411764705,0.2961116586783916,0.19200029745058833,112.07914149604899,21.52132835930118,0.5277956372126829,0.37302949864271223,145.63794019887732,40.72702857778177,6.589740125810087,4.272820833615973,10.774877199331756,6.658067283677057,0.055999790604112115,0.03957890581185508,5.263477420466254,3.2374679883812467,-0.5277956372126829,3.3985928297042847,0.88984375,0.3884644976924932,0.2132289573417438,177.810895676886,18.872053699231376,0.6185250509963296,0.40554420217195003,227.78217143352313,44.82528055917088,8.644982434403843,4.74524854053669,11.346207292681552,6.467649576553504,0.06562629718220774,0.043028757346831634,5.38100044809457,2.8019920921553156,-0.6185250509963296,-0.5277956372126829,-0.44408057807384776
stage2_soh,148,-1.1431866209800068,0.9805026187227674,0.15756205006069096,0.09804056682738488,195.72950774599687,7.952108936377569,0.24576205270084928,0.14896644625321087,76.36393999595904,13.06392089567101,-0.24576205270084928,3.771802283268349,0.9823529411764705,0.2919513745639273,0.1894460858649337,114.83753283167442,20.33133641626071,0.5416935635741862,0.3804525060980928,155.3246254171852,42.66840062020111,6.497156161753367,4.215978794194357,10.643161450339733,6.9211514142290795,0.05747437832557511,0.04036649637503089,5.393970113399176,3.281376146559958,-0.5416935635741862,3.572144317626953,0.88984375,0.3877254443735728,0.21337802352900326,190.2453463227341,19.155227823996256,0.6368949433526431,0.4145547398231429,241.9317070772841,44.2606788332737,8.628535363955692,4.7485658953479435,11.339539636341232,6.381453640521341,0.06757536620219112,0.043984786889557724,5.4992059334523535,2.8019260302555793,-0.6368949433526431,-0.5416935635741862,-0.44408057807384776
stage2_soh,149,-1.1473186665811255,0.9801065093965935,0.15784706711990606,0.09791395178822887,198.86725897661012,7.888000419453308,0.24613315919052609,0.148235140209713,77.35118664896714,12.953355644119814,-0.24613315919052609,3.310521319333245,0.9823529411764705,0.2973584788274728,0.19268446383796925,115.26859175728848,20.623107614427795,0.5090275169108048,0.3564673600225326,131.07809155684296,40.22311122656604,6.617487161515264,4.288046437078455,11.04797000163137,7.018398611174806,0.05400846909094389,0.037821641770067256,5.035810716323649,3.1707801383736176,-0.5090275169108048,3.297487735748291,0.88984375,0.3880063807062736,0.21325065137825733,192.47770565141408,18.50354381218818,0.6254811016079842,0.40534921595717605,227.84835577337307,45.76984560428947,8.63478738872452,4.74573132484698,11.368123706463562,6.53592604717104,0.06636434302840198,0.043008069060631135,5.375791139541976,2.865020772025434,-0.6254811016079842,-0.5090275169108048,-0.44408057807384776
stage2_soh,150,-1.140138658430281,0.9809427401962941,0.15717271478005548,0.09774194972274075,198.8806637581007,7.8792650768603005,0.2462504111994707,0.14877557848587178,78.03453836078297,12.978246644134586,-0.2462504111994707,3.442729310428395,0.9823529411764705,0.2946001884823181,0.19293770100921392,114.86772309852006,21.382153867836948,0.5252850760785392,0.36753159645104816,146.13317600133374,39.19162143803995,6.556103504258318,4.293682038041097,10.876061795404016,6.728240212616607,0.055733416864167364,0.038995571373698266,5.206516655161883,3.1501766023866136,-0.5252850760785392,3.368596601486206,0.88984375,0.38931792105226315,0.21351651636541646,192.37651871527072,18.345613728933497,0.6313668013231427,0.40982477969919273,231.44936740533393,45.78722059907568,8.663974723269739,4.751647948264478,11.33240696130895,6.498594241481133,0.06698882327865222,0.04348293208472107,5.442225653199978,2.789529597646293,-0.6313668013231427,-0.5252850760785392,-0.44408057807384776
stage2_soh,151,-1.151786539250045,0.9808987280489415,0.15767388645099417,0.09800900496120425,198.23293927014993,7.867868292298915,0.24505967075745316,0.14804773085061285,76.46289375929591,13.001338976824162,-0.24505967075745316,3.493699508554795,0.9823529411764705,0.2904718495145099,0.18865719940239453,113.56653097663077,22.21963241811327,0.5107394245497359,0.3649021625062268,143.3948052068448,42.34570740105242,6.464230455184426,4.1984227249733586,10.698169305701642,6.642684122852296,0.05419010467592142,0.03871658507685246,5.146183994382742,3.140892364464324,-0.5107394245497359,3.3243677616119385,0.88984375,0.38639608212500265,0.2115935992449522,181.87385072243188,18.761723983849098,0.6290666381334377,0.40872077222520603,234.55565561333438,46.864767043961294,8.59895141650074,4.70885488782273,11.318326188751886,6.465815840056318,0.06674477302909157,0.04336579548295769,5.43163725073602,3.0028999476577987,-0.6290666381334377,-0.5107394245497359,-0.44408057807384776
stage2_soh,152,-1.1585027863866606,0.9808253744700204,0.1571501186383542,0.09764191865981589,197.0962588765159,7.8821170521773665,0.24537488616255193,0.1476683473490872,76.17273154396301,12.795975991729799,-0.24537488616255193,3.5544563957289155,0.9823529411764705,0.29197876213597485,0.19008204422105907,115.0548849553107,21.2768840141169,0.5265779364331317,0.36966646017013666,141.4112469093033,39.179495497611356,6.4977656513738555,4.230131564525684,10.68877141287679,6.38546818561621,0.055870590997549534,0.03922208313849541,5.257316110311124,3.1725572594424922,-0.5265779364331317,3.5054375886917115,0.88984375,0.38792465643226964,0.21412039455062767,189.6459273210714,18.942188863164898,0.6275234054750954,0.4105730709939962,217.7937649686588,48.143271149905914,8.632968677059939,4.765086798750637,11.417108205357497,6.651350463500293,0.06658103407479293,0.04356232674595999,5.442938723629053,2.9563129052532613,-0.6275234054750954,-0.5265779364331317,-0.44408057807384776
stage2_soh,153,-1.152836223395255,0.9805613015859044,0.15830808958745435,0.09819129513946324,198.234498300971,7.925608290578203,0.24438814625618185,0.14789513306839164,76.63567267277777,12.978522985666247,-0.24438814625618185,3.5749712560691087,0.9823529411764705,0.29647897118259114,0.19380837668135178,114.34201753777943,22.512656711913987,0.5209944120788612,0.3661302781216435,148.48613892132343,41.62272298127053,6.597914386690048,4.313058264019031,10.99574198104326,6.356313388686931,0.05527817193868166,0.038846889710790276,5.179058169639576,3.1961920647557074,-0.5209944120788612,3.5683507204055784,0.88984375,0.38571477793168624,0.21121570687464555,178.46858551531028,18.365534384706464,0.6191699524018011,0.40752613856129755,236.50440111895304,47.728979650440394,8.583789508993895,4.700445180055864,11.234001148047533,6.5025693612814575,0.06569472204425741,0.04323904332679969,5.416329107539592,2.8580470940438083,-0.6191699524018011,-0.5209944120788612,-0.44408057807384776
stage2_soh,154,-1.1601987391548072,0.9805906430174728,0.15741013230451525,0.09761675093723186,196.9909427625473,7.882299744884838,0.24557324635796943,0.14794389725831958,76.72278304933403,12.926610370549355,-0.24557324635796943,3.7179367598365336,0.9823529411764705,0.2971438016606265,0.19226539695690223,114.65729062168558,20.075602067786658,0.5250671804065984,0.3708970121381914,144.47504085198418,40.819740010661334,6.612709684171832,4.278720421838491,11.037149734222734,6.864250366626832,0.05571029785532775,0.03935264627255703,5.236261950239614,3.329191915453721,-0.5250671804065984,3.49486722946167,0.88984375,0.3894262858317471,0.21484140433494758,195.62641176467682,19.269848628146,0.6139771743443131,0.40209427289373706,229.5698787222645,45.108288075315855,8.666386299155597,4.781132324036742,11.479931660013062,6.678187639814989,0.06514376166609162,0.04266271544811645,5.333951541545911,2.7825391690293513,-0.6139771743443131,-0.5250671804065984,-0.44408057807384776
stage2_soh,155,-1.1687712044076,0.9805172894385517,0.15730715210902715,0.0978743760384904,200.8774209504601,7.875020509159279,0.2432852196966663,0.14671043662787595,77.05772924868644,12.821825842811238,-0.2432852196966663,3.6338968809913186,0.9823529411764705,0.29449916142662136,0.19151109617349563,116.43271467193178,21.432808289754682,0.5244859048404792,0.3734705518091134,146.34019214953815,42.795107537302115,6.553855223843798,4.261934030645623,10.84832909897091,7.002869641390369,0.05564862377602337,0.039625702115618,5.308039417563426,3.4328404362392204,-0.5244859048404792,3.3479537963867188,0.88984375,0.3920610360674118,0.21506907734874403,195.468277954468,19.165203058531297,0.6307321984233787,0.41129396756441566,236.7098333425156,46.551096435348654,8.725020665080056,4.786199014086281,11.465241382525946,6.451640734324155,0.06692149110119955,0.043638814791984594,5.459528859070086,2.989622314163457,-0.6307321984233787,-0.5244859048404792,-0.44408057807384776
stage2_soh,156,-1.178598469412439,0.9808253744700204,0.1579615995079362,0.09795504266827115,196.94183330260657,7.878099772658757,0.24327228042019503,0.1467061907201287,75.41657578373753,12.850000884355792,-0.24327228042019503,2.9356471061706544,0.9823529411764705,0.291235212341061,0.1910293891094625,112.43919074685613,22.92906696551817,0.4893502811243363,0.3476281851767471,143.02847972591437,39.50393751885608,6.48121851526665,4.251214005696545,10.94190699330708,6.817442916182289,0.05192068926477994,0.03688379403966312,4.893788847894191,3.0970572568653605,-0.4893502811243363,3.330465579032898,0.88984375,0.38807295276673937,0.21492291332833702,192.1840398013158,18.699775758772347,0.6334772720424731,0.4111838976303261,235.74649194119283,46.1472361480127,8.636268899381907,4.782946244794709,11.544157800534972,6.591496890137098,0.06721274691504822,0.04362713623152249,5.439187456523497,2.9348345520708965,-0.6334772720424731,-0.4893502811243363,-0.44408057807384776
stage2_soh,157,-1.1660034591728448,0.9808693866173731,0.1573545494971214,0.09795090300152266,196.06686523991954,7.94805149127509,0.2431662677482567,0.14675791714193132,76.04214589101775,12.864316349589167,-0.2431662677482567,3.7829323020635868,0.9823529411764705,0.2934413937778493,0.19113480435209532,114.81810581348442,22.31777469633407,0.515547972633398,0.3642151486046393,150.50449124992292,39.658084275799396,6.53031540798512,4.253559941879368,10.816867471535307,6.709866659736529,0.05470029776356601,0.03864369202522704,5.161403971929378,3.207556408064618,-0.515547972633398,3.393998050689697,0.88984375,0.3875889159457086,0.21141247764498985,185.67464528010953,18.311165268535916,0.6261779239709445,0.4069079185395822,229.4823922145466,45.66106017935279,8.625497027459836,4.704824164141501,11.101493785208106,6.4219169328286565,0.06643827677029518,0.043173449393613415,5.399841097833908,2.878502436334265,-0.6261779239709445,-0.515547972633398,-0.44408057807384776
stage2_soh,158,-1.1724481521395627,0.9805466308701202,0.1576674970412319,0.09779103521361807,198.79918651366322,7.874559161038899,0.24442182196322035,0.14635398538645045,75.27250836180721,12.628965717973703,-0.24442182196322035,3.698168768602259,0.9823529411764705,0.28995106258768366,0.19107952113537227,115.83731638827457,22.055989956110928,0.542978086620791,0.38256616809533217,154.9660190490006,42.228501868294586,6.452640737562293,4.252329655867836,10.763989133300283,7.057206159879556,0.057610667859940914,0.04059075861008528,5.434418010693018,3.186990181433047,-0.542978086620791,3.4936524868011474,0.88984375,0.3870208301476541,0.2125305877347273,186.36782993487432,19.283774878011176,0.6186211733175154,0.4052713986959134,229.96513898746826,45.41797244983067,8.61285470937263,4.729706855205748,11.245237307764985,6.454586279182569,0.06563649588314285,0.04299981254991212,5.381331504331989,2.8795568191346206,-0.6186211733175154,-0.542978086620791,-0.44408057807384776
stage2_soh,159,-1.1784726239502235,0.9806493258806097,0.15818523152849345,0.09818509026351534,197.37456399273873,7.956978069891488,0.243641524632046,0.1461517758642165,75.67967403297249,12.683485621449343,-0.243641524632046,3.880964455885046,0.9823529411764705,0.29433830841323244,0.19201270693036562,114.77925816652188,21.93291893451768,0.5469498902756065,0.3875449752197692,152.8059369082464,44.70042225212998,6.550275562166791,4.2730969971658785,10.837813997374473,6.500912088320206,0.058032081295953636,0.04111901639921587,5.499148182249788,3.379786298337435,-0.5469498902756065,3.4161900997161867,0.88984375,0.38701552549080953,0.21213790452238754,187.0599180600344,18.812011611038383,0.635020152612665,0.4158034669399058,240.97574008076336,46.78944620836738,8.612736658262389,4.720967988480146,11.36447995637065,6.241634337378882,0.06737644851234484,0.044117278430089765,5.547530184033872,2.852633106248056,-0.635020152612665,-0.5469498902756065,-0.44408057807384776
stage2_soh,160,-1.1809940148905342,0.9808253744700204,0.15683056348079347,0.09744363285307839,196.11696777976053,7.901445362699794,0.24298839605825967,0.1460245467277017,75.65442914352046,12.710738200317257,-0.24298839605825967,3.7261758720173557,0.9823529411764705,0.28861081911038466,0.18732366740119225,116.74006644173005,20.748700591004877,0.5459466516211198,0.3923911985229043,158.99048179464998,44.220046853039925,6.422814636624117,4.168745982839679,10.573029341458817,6.804408300997032,0.05792563639452568,0.04163320687572217,5.52684679215049,3.565628579095552,-0.5459466516211198,3.4616894006729124,0.88984375,0.38810540214619155,0.21330695606011432,182.53633521880477,19.683921185520617,0.6378870990333654,0.4178833915193536,250.74896307529585,44.818026535076655,8.63699103568275,4.746984342789467,11.338738086210217,6.332613887593164,0.06768063518596021,0.044337961082065704,5.565455040097937,3.0007181665208664,-0.6378870990333654,-0.5459466516211198,-0.44408057807384776
stage2_soh,161,-1.1794611251810851,0.9806786673121781,0.157838735900094,0.09838712257035448,202.8668329980084,7.962693844109441,0.24154450873258831,0.14577084786568573,75.32278624353654,12.679099113664783,-0.24154450873258831,3.185023905249203,0.9823529411764705,0.2926658768865624,0.19340407323713105,114.88602076345603,21.267094191205913,0.5071759016516781,0.35494094711783175,142.25227819907408,40.02336813368241,6.5130568684208034,4.30406079785618,11.047224000869557,6.684612236565507,0.05381201034918908,0.03765968741309288,4.997364720633106,3.1699435719145317,-0.5071759016516781,3.2833749294281005,0.88984375,0.3876871417840025,0.211568301063744,184.77575940617265,18.60340288110732,0.62384719584178,0.4018971137051267,235.03746254854886,42.978827846345794,8.627682968908024,4.708291896008893,11.364694717917535,6.413325768433703,0.06619098354165537,0.04264179660661908,5.328887909813146,2.809969008859405,-0.62384719584178,-0.5071759016516781,-0.44408057807384776
stage2_soh,162,-1.1772615991371795,0.9805613015859044,0.15776144811212572,0.09813142144044237,199.64872820986574,7.939042800740174,0.24135468698904466,0.1458982448670247,74.72473614541158,12.605400483751142,-0.24135468698904466,3.86347204283172,0.9823529411764705,0.2946772199930176,0.1897377364410489,115.96872813881743,21.294284849386617,0.5411963652483117,0.3742428086113696,146.0439334804114,41.389577475431764,6.55781778203878,4.222469256315032,10.80648849184624,6.889050419680554,0.05742162494874781,0.03970763954777892,5.358669696361215,3.3176141983647263,-0.5411963652483117,3.4818517923355103,0.88984375,0.3893818170245858,0.21367964047531132,170.43909003212605,19.075192828514687,0.6261484871197326,0.4091903988093691,229.6074731643851,44.31478086483919,8.66539667961746,4.755278151469778,11.535309723772198,6.459045434027814,0.06643515348281859,0.04341562346280638,5.443219407084338,2.828771103699259,-0.6261484871197326,-0.5411963652483117,-0.44408057807384776
stage2_soh,163,-1.1870435681622271,0.9811628009330575,0.15839410423467096,0.09817359825257052,200.99637225406866,7.951372229046291,0.24273293050290262,0.14626939521051285,75.7701876270584,12.701039130352537,-0.24273293050290262,3.7186498370825074,0.9823529411764705,0.29624796012720117,0.1917951907012977,112.96346082066796,21.682029485875358,0.5201577753340362,0.3654697317045693,145.36934779979876,38.546989964736255,6.592773411059426,4.268256338648408,10.816220799357847,6.93076583785101,0.055189403712461865,0.03877680489304567,5.159756987860517,3.2865930875768026,-0.5201577753340362,3.497312831878662,0.88984375,0.38502436024135694,0.2132047920989862,183.336766810452,19.240817836396307,0.6250248990875734,0.41419133679810327,229.53285428808076,45.99075418324395,8.568424787530924,4.744710761407829,11.404924743297958,6.511103985443288,0.06631593935884723,0.04394622936487906,5.506991313054337,3.13015200746145,-0.6250248990875734,-0.5201577753340362,-0.44408057807384776
stage2_soh,164,-1.1918395082587838,0.980737350175315,0.1580959263990189,0.09805263062978699,200.98328778002755,7.900824841714376,0.24216676028639667,0.14549379225394776,74.5813787165233,12.611393439156265,-0.24216676028639667,4.008328325608197,0.9823529411764705,0.28763132626967464,0.18899567037976037,109.92566373970247,21.754946463907633,0.5155940684405421,0.36727073946876415,154.22152777092182,38.36553054237076,6.401016767184666,4.205955139573056,10.680146051875624,6.328049650670593,0.054705188587524746,0.03896789411501029,5.197785403315604,3.1028608938608615,-0.5155940684405421,3.479906129837036,0.88984375,0.38844344575949874,0.21292580997687766,187.6469734513805,18.73803970601186,0.6348882045472778,0.41035131574717526,239.73562731328948,46.01142869776926,8.644513939619818,4.738502226111894,11.373768899990026,6.285988246028863,0.06736244865423437,0.043538798231300566,5.449433015965319,2.697391229839193,-0.6348882045472778,-0.5155940684405421,-0.44408057807384776
stage2_soh,165,-1.1893948481039298,0.9809574109120784,0.15775658849458496,0.09815117471025388,199.15743652261358,7.968867138378719,0.2410896342868803,0.1449928047274454,74.53793228373195,12.454868145824337,-0.2410896342868803,3.6309265314363968,0.9823529411764705,0.2979600005640222,0.19124137720129653,117.23004548031062,20.783448369096494,0.5172598061384879,0.36195930181819874,137.76143402567894,41.181916678568186,6.630873571025711,4.255931639717398,10.7815245897078,7.200657383993324,0.054881925482848405,0.0384043438026029,5.12545543584285,3.1872225275117305,-0.5172598061384879,3.497158098220825,0.88984375,0.3874010966573793,0.21237163078949378,190.58759788710523,18.294895263350206,0.6289445002580539,0.4051077172091027,230.04634812344722,44.79892361674442,8.621317251809568,4.726169389085849,11.322352133400072,6.45750755082949,0.0667318140446588,0.04298244573529506,5.364127504447242,2.7316224364476875,-0.6289445002580539,-0.5172598061384879,-0.44408057807384776
stage2_soh,166,-1.199771878039468,0.9806933380279624,0.15751229482088874,0.09795934235951793,198.44130187321355,7.880598872143714,0.2415792682578425,0.14484458972697056,75.07747005652652,12.489206269897759,-0.2415792682578425,3.709809145272947,0.9823529411764705,0.2935147593745941,0.19083606957129257,117.44104127346937,21.34327110786876,0.5201988100691487,0.36521288089490694,144.81112808843045,40.90805904488454,6.531948103634057,4.246911826162423,10.733060877356843,6.741406114304919,0.05519375755021986,0.03874955269438494,5.1745216808613055,3.319508397762715,-0.5201988100691487,3.5638739824295045,0.88984375,0.3884995618687212,0.2127359336518566,192.8750299209497,19.081922013199712,0.6206401864844713,0.4062167612159101,232.57098280175552,47.35748053335603,8.64576276102151,4.734276672671962,11.274290026445613,6.441402051186273,0.06585071575652712,0.043100116719617595,5.376786103403602,2.9683815074128956,-0.6206401864844713,-0.5201988100691487,-0.44408057807384776
stage2_soh,167,-1.2032843041605015,0.9805466308701202,0.15761590733660838,0.09814377623272336,198.39003392326615,7.922272501883809,0.24047486958960487,0.14454504305610436,75.03295396474039,12.537644092575157,-0.24047486958960487,3.6130451595082,0.9823529411764705,0.2877826969996732,0.18942465240172313,114.23247523980346,20.368544999707375,0.5030493758634237,0.3529206048500925,136.3229783414461,39.7627249639464,6.404385407844737,4.215501808745071,10.72025156825551,6.56090979604075,0.05337418069738467,0.037445326520419486,5.002673622163808,3.117202723468481,-0.5030493758634237,3.4667298078536986,0.88984375,0.38854641333179446,0.21274623914141558,185.96775220325938,19.575214923055597,0.6306202922927866,0.4069029246817081,233.20911914396692,44.7630958441242,8.646805404757812,4.734506013517121,11.437037053603252,6.446527096252426,0.06690961771794544,0.04317291953892055,5.421107143353862,2.8874237916014147,-0.6306202922927866,-0.5030493758634237,-0.44408057807384776
stage2_soh,168,-1.2016308655273698,0.9810747766383522,0.1569360311504721,0.09766392630273449,196.32434199528387,7.924217255520394,0.2403813767974065,0.14408765388752218,74.70440688325957,12.346028167018366,-0.2403813767974065,4.268765726276473,0.9823529411764705,0.28864227928821967,0.18645189598969678,112.55172926252132,21.79781836018592,0.529905026469992,0.380117000749006,153.78365625613222,43.032435741988536,6.423514758994068,4.149345372014338,10.560536709584149,6.639210570660515,0.05622359949600767,0.04033089882936978,5.394778397812198,3.506002242788891,-0.529905026469992,3.8000845432281496,0.88984375,0.38744817305804624,0.21230342679591557,182.70415630185016,19.05856728038321,0.6340936620267132,0.4144735701927857,240.2896265873106,45.89693291433669,8.62236490136122,4.724651560996174,11.251459234960198,6.372825145491316,0.06727814667892314,0.04397617468819998,5.520504569269091,2.8363159817103645,-0.6340936620267132,-0.529905026469992,-0.44408057807384776
stage2_soh,169,-1.2108221348195984,0.9804439358596306,0.15760372266678918,0.09778828716464494,198.92659212674897,7.82744659456303,0.24034230199423656,0.14401656224138235,74.99944491451865,12.441627010704238,-0.24034230199423656,3.741823214175654,0.9823529411764705,0.292886513579787,0.1901910437745791,112.88196897168659,21.16893255382658,0.5304757802344346,0.3685291818197013,146.13856303821572,37.12223495916709,6.517966970498707,4.232557266825729,10.834839878547218,6.7720998107868215,0.056284157198727786,0.03910141645428538,5.2271535722746085,3.2141761193364955,-0.5304757802344346,3.4778493642807007,0.88984375,0.3872056348154974,0.21218851396351965,193.11947244267796,19.061218597268887,0.6275535847232708,0.405038915851037,226.3845680925706,44.236949065832086,8.616967396932989,4.722094263164708,11.23953737308027,6.297542978818505,0.0665842361315347,0.04297514582341002,5.401813854089886,2.8109354567614284,-0.6275535847232708,-0.5304757802344346,-0.44408057807384776
stage2_soh,170,-1.2105018377965155,0.9804586065754148,0.1577707746855842,0.09810440899019245,198.13668754667395,7.914729352987068,0.2388168853914885,0.14339590106908628,73.65921384696263,12.353355129205644,-0.2388168853914885,3.850479954364253,0.9823529411764705,0.2918000915869015,0.19096759292936208,113.1839412411772,21.345134225614203,0.5110550261848376,0.36388070236197584,150.3622315266121,41.56747853028649,6.493789473969076,4.2498387786303535,10.88518608589805,6.947550039849472,0.0542235904121305,0.03860820685210891,5.129952607663015,3.2295157186782193,-0.5110550261848376,3.541530203819275,0.88984375,0.3859585687603172,0.21223416357679525,190.4133877476375,19.76002154430013,0.6284683620649333,0.4051789378139802,225.05784614687587,44.67096550356399,8.589214888774295,4.723110160646328,11.400892538883962,6.316477724637522,0.06668129517479056,0.04299000233235391,5.388663755610756,2.8691142374139775,-0.6284683620649333,-0.5110550261848376,-0.44408057807384776
stage2_soh,171,-1.2080766398405511,0.9803999237122779,0.1576136976779396,0.09796669594501999,197.13839458563507,7.91526431477222,0.23947743720269016,0.14348306347905307,75.6621743265697,12.402183855676492,-0.23947743720269016,3.9927622720306997,0.9823529411764705,0.29754418521886744,0.19265640490122285,115.83980334983976,20.999939360003467,0.5316155450685272,0.37917221589926997,151.61419753934064,43.52391686834719,6.621619916248578,4.28742200674636,10.962291420923975,6.612414014309619,0.056405087702026714,0.040230655951216096,5.344047618765952,3.446358068115721,-0.5316155450685272,3.49254515171051,0.88984375,0.3908491227836314,0.2159948403630551,194.67378838439643,19.43725661104663,0.635522609292287,0.4107992648205254,232.00368090188232,45.24562637190486,8.698050455157306,4.806801167036371,11.571375886849825,6.507451472354535,0.0674297598072147,0.04358632619959032,5.461088919667558,2.7549053078515398,-0.635522609292287,-0.5316155450685272,-0.44408057807384776
stage2_soh,172,-1.2173768017959852,0.9802972287017884,0.15742650354714696,0.09802669200039882,196.9881448864174,7.928883902410558,0.24140871014630375,0.14427095700024092,74.47499328578462,12.355594710932332,-0.24140871014630375,3.604095039180681,0.9823529411764705,0.2965552559193257,0.19283557854154532,113.11295221910737,22.186950281113017,0.5040472003617251,0.3511401180342278,130.88957556440283,40.28129877929997,6.599612045582947,4.291409380064892,11.003638424283967,6.956206576647942,0.05348005114993261,0.037256414597258536,4.959576098378233,2.99476591132908,-0.5040472003617251,3.5060431003570556,0.88984375,0.3874525630198986,0.21342600885218416,184.43041522873983,18.77738243276925,0.6203792644275695,0.404917804534125,227.66764481846872,44.68390431877362,8.62246259662894,4.7496337722799975,11.447190164767722,6.434120681251158,0.06582303159333916,0.042962295758141054,5.3606161743845115,2.9805247569199187,-0.6203792644275695,-0.5040472003617251,-0.44408057807384776
stage2_soh,173,-1.2251190222927555,0.980209204407083,0.15796777849341048,0.0980397611250909,198.64949902540098,7.92299198701604,0.2383348014248921,0.14236209007481324,74.14356553493701,12.201441353716284,-0.2383348014248921,3.990219298531027,0.9823529411764705,0.2910215820793295,0.1889209654529159,113.63451258222206,22.3931774769678,0.5086635568545754,0.35810362346945146,136.44636029106633,39.050644209877774,6.476464336001631,4.204292638149708,10.72239205605012,6.425116143960203,0.05396985246454518,0.037995251409746224,5.0666830254027815,3.075496311781168,-0.5086635568545754,3.674374580383301,0.88984375,0.3884362397656026,0.2132776871403621,192.56620483330292,18.848732823439484,0.6312914806784087,0.4080726466661872,224.4380868754917,46.13645458800794,8.644353575697185,4.746332985204322,11.3614693613334,6.365616476991718,0.0669808316621327,0.043297028534102444,5.414296180560379,2.909299978934745,-0.6312914806784087,-0.5086635568545754,-0.44408057807384776
stage2_soh,174,-1.2176729511239133,0.980737350175315,0.15865849841437388,0.09865374437712184,201.98043269566307,8.004900432111441,0.2387792092332692,0.14361498277427687,73.38682599464073,12.429716596404708,-0.2387792092332692,3.8084086988486496,0.9823529411764705,0.290292257753316,0.18879119318672546,113.28164012178762,21.000776364280718,0.5384295130973655,0.3746304359542681,154.4600717555325,42.33734952685208,6.460233776903382,4.201404654901939,10.717111203989589,6.7022929814676395,0.057128058404879084,0.03974876730349395,5.32002195588059,3.0631241143010373,-0.5384295130973655,3.6000375270843508,0.88984375,0.3892146770146738,0.21307137523399433,184.87286808226133,19.000827091046798,0.6502567622724524,0.4215737784950761,239.58226722926398,45.42445736661446,8.661677105606561,4.741741670381083,11.313270951284926,6.666897728635817,0.06899307223998823,0.04472951584932371,5.603129722967466,2.947414084779586,-0.6502567622724524,-0.5384295130973655,-0.44408057807384776
stage2_soh,175,-1.221154437692205,0.9806933380279624,0.15732806991643314,0.0979113640462674,197.2848571456503,7.875828401541428,0.23771952729030255,0.14304946220687437,75.4454390758949,12.298010874320958,-0.23771952729030255,3.962326306922763,0.9823529411764705,0.2920908457342943,0.19237923802004434,113.59609921131678,21.18699676643885,0.5234449730712547,0.36566892717006233,148.79530745686566,44.079515952593226,6.500259986749191,4.281253868259009,10.98154659968195,6.856865258910004,0.055538179587023284,0.03879793978611869,5.194033579669163,3.1085776539694,-0.5234449730712547,3.6951404333114626,0.88984375,0.3874133755845119,0.2145460715109948,173.00787018768472,19.78778566181002,0.623971163937083,0.40710490783967546,225.56239939612342,45.40607335638347,8.621590510009494,4.774559916286379,11.418034084737137,6.563098293676914,0.06620413671475703,0.04319435020972234,5.39937999844687,2.8359029180658055,-0.623971163937083,-0.5234449730712547,-0.44408057807384776
stage2_soh,176,-1.2277246037903886,0.9806639965963939,0.15698120309096428,0.09770481661861141,198.01832928789779,7.917703369508843,0.23830243519908517,0.1425260084646454,74.52721783069387,12.281911851718167,-0.23830243519908517,3.7570027912364288,0.9823529411764705,0.29428843195393667,0.19255415538471995,118.62780270197362,20.817291908616305,0.5218297158629424,0.3569827512573159,136.96207713275436,38.05726932383557,6.549165599436441,4.285146521394818,11.043219478758681,7.018937846642296,0.05536679873606558,0.03787632543774492,5.091132104369273,2.949454755768039,-0.5218297158629424,3.522195506095886,0.88984375,0.38922397530988156,0.21407589342197753,190.31523964731136,18.759300619386266,0.6232921334415715,0.40318754984473343,221.4279485179145,44.317209863634766,8.661884032106197,4.764096459922309,11.473092142252696,6.4821665606612875,0.06613209071270354,0.04277871352769782,5.354670078466265,2.7713772607387397,-0.6232921334415715,-0.5218297158629424,-0.44408057807384776
stage2_soh,177,-1.2284036527914637,0.9806346551648255,0.1575832137124627,0.09814865631456475,197.21500860646722,7.949530306349866,0.23793693017769676,0.14230897777783436,75.28521636475702,12.254070770552246,-0.23793693017769676,3.7792462694878672,0.9823529411764705,0.29140165009207325,0.1911355994285687,114.53743818844654,21.889615331229287,0.5122873848124949,0.3655111602525793,141.65289987519003,40.801340875896564,6.484922461038965,4.253577635702581,10.924273952605315,6.83688659594643,0.054354345235081356,0.0387812005148546,5.157687862766522,3.275596132344339,-0.5122873848124949,3.467158579826355,0.88984375,0.389229047188078,0.21383068322284088,191.04492501987755,18.730099643739706,0.6212610885360819,0.40249485103358895,229.504730673223,43.65899161519778,8.661996902904376,4.758639493129037,11.404986904383941,6.530948768995021,0.06591659425650769,0.04270521729991415,5.334026417118368,2.877750171186725,-0.6212610885360819,-0.5122873848124949,-0.44408057807384776
stage2_soh,178,-1.2393061172171167,0.9807520208910993,0.15778751655119855,0.09796082234085549,196.40867745928497,7.956660329596428,0.237775412945109,0.14179699319223948,72.8054975207634,12.201834693597533,-0.237775412945109,4.0084950624727735,0.9823529411764705,0.29201170216779204,0.19044201574379616,115.57936190799903,21.392504951928082,0.5260295832294483,0.3656269019615709,138.66084563340368,37.91484029295448,6.498498706770526,4.238142457437219,10.773801917990536,6.390010526854532,0.05581241002291031,0.0387934808578713,5.199352740200549,3.212899715839378,-0.5260295832294483,3.592275929450989,0.88984375,0.38879308975969357,0.21358621537146974,187.9698459914209,18.993724271308587,0.6188080068447119,0.40384974712033,224.78658241792527,44.590829319788185,8.652295001358882,4.753199046721621,11.411538854068803,6.339812901864967,0.06565631915878811,0.04284897350363824,5.348060608455522,2.7351730094939812,-0.6188080068447119,-0.5260295832294483,-0.44408057807384776
stage2_soh,179,-1.2372814001717423,0.9807520208910993,0.15772324761810694,0.09794659153748164,199.64954390628657,7.929379646405837,0.23827459955223368,0.14216600005661142,72.9681301483769,12.132480350019465,-0.23827459955223368,3.8435693292056814,0.9823529411764705,0.2955693191642974,0.1918354181408444,117.2279970547605,21.44748591941078,0.5300390879486817,0.37546058276248184,147.86975629627173,43.89049077753502,6.57767077172322,4.269151569770758,10.878703633848714,6.639845273504563,0.05623782358996637,0.039836846939157775,5.304545080961092,3.3035091393039595,-0.5300390879486817,3.359643983840942,0.88984375,0.38842794439885586,0.2135345679595048,192.22590089801582,18.50983057370171,0.6349049337792235,0.40880199081839236,227.85556322821327,45.79824214895129,8.644168968608922,4.752049672784308,11.538930564396543,6.501825466264984,0.06736422364709121,0.0433744128793341,5.4281328843627845,2.9173119308943614,-0.6349049337792235,-0.5300390879486817,-0.44408057807384776
stage2_soh,180,-1.2396277905615793,0.9803852529964937,0.15756746534615565,0.09794230360686204,199.17478955443949,7.914691702147738,0.23639801340200844,0.1410745669524105,72.02989669130112,12.125745193831461,-0.23639801340200844,3.5848615169525146,0.9823529411764705,0.2946403243496361,0.18873223429180536,113.79957217233479,21.045850076964314,0.5213126169250152,0.35986290356947803,134.9004578772454,40.589431339853505,6.5569966975102485,4.200092569463079,10.676002177527078,6.4775068710511,0.05531193387890523,0.038181913273295814,5.13604274608902,3.1416487913300313,-0.5213126169250152,3.523846435546875,0.88984375,0.38742585016729786,0.212973947178034,187.0309758758968,18.926272278667618,0.6160249042306616,0.40136317106553177,230.2949438314327,44.61325546926041,8.621868122377425,4.739573482972972,11.230350389852854,6.466180982206007,0.06536102842004754,0.042585144611218304,5.306409754026094,2.846990796802418,-0.6160249042306616,-0.5213126169250152,-0.44408057807384776
stage2_soh,181,-1.2334710649713487,0.9807520208910993,0.157660908778789,0.09789980861776902,198.42399762159457,7.940733979162016,0.23704469254020585,0.1422711759697228,74.39575229188665,12.253700131258942,-0.23704469254020585,3.896989398844102,0.9823529411764705,0.292648031545417,0.19148425592620874,112.38988959279679,22.369128166282614,0.5394506985145915,0.37348728305021045,144.44044780316992,39.75056326991811,6.51265973390361,4.261336721322099,10.746280450131234,7.0287982462277,0.0572364074807347,0.03962747732164837,5.287374207958828,3.034431865236824,-0.5394506985145915,3.600775694847107,0.88984375,0.38842905833771646,0.2139004992437549,186.7853931650164,18.957728196889455,0.6331669880033438,0.411592086786186,234.3315994117494,46.241749348394784,8.644193758472449,4.760193195663057,11.377166065157956,6.300626613426015,0.06717982538255735,0.043670445621830714,5.459394339526919,2.865681157557778,-0.6331669880033438,-0.5394506985145915,-0.44408057807384776
stage2_soh,182,-1.2379617400025473,0.9807080087437466,0.1575981723747563,0.097809239472286,196.63442155706582,7.8654730213102875,0.237523549313677,0.14154141337345974,72.16981553809119,12.21857217756006,-0.237523549313677,3.8302028590557624,0.9823529411764705,0.293409246104199,0.1859718889390648,113.87495881731205,19.578362148672184,0.5137869560362074,0.360408891825115,142.67868577487556,39.859568623599856,6.529599985917815,4.13866317957268,10.561828251170343,5.9202264195980465,0.05451345165545143,0.03823984332392951,5.103670062316251,3.2202403525336862,-0.5137869560362074,3.4960251569747927,0.88984375,0.38837442927160104,0.21283541133998368,199.5021973180592,19.405774201630585,0.6219087387931828,0.40206471156561746,238.3449049355594,46.21191574104695,8.642978030085992,4.736490473087655,11.453181078971031,6.228836136257021,0.06598531077522292,0.0426595789534811,5.331518722843051,2.840739426644771,-0.6219087387931828,-0.5137869560362074,-0.44408057807384776
stage2_soh,183,-1.248330574668881,0.9807520208910993,0.15751610320465792,0.09796878015617236,197.4862619723134,7.923434715083764,0.2374543343432704,0.14158239797634709,73.42595243389677,12.162985239229593,-0.2374543343432704,3.7807042177985695,0.9823529411764705,0.29184891742567826,0.19030989638949727,115.84556924676801,20.780812863312512,0.5133515659237421,0.36273749905784486,157.9255088247446,38.32432287212747,6.49487605593751,4.235202241525744,10.704523592112364,6.8769576172444715,0.054467256208937484,0.03848691152275122,5.106678488209763,3.1993807069987685,-0.5133515659237421,3.4780415296554565,0.88984375,0.385889735282911,0.2124561408210866,181.70541844504294,18.674894146441822,0.6161683076177924,0.3991253249154397,243.981003011906,43.907024762090515,8.587683051999994,4.728050095670339,11.24537574915262,6.481189081368962,0.06537624370241263,0.04234770627908053,5.292230650648735,2.8559067925303037,-0.6161683076177924,-0.5133515659237421,-0.44408057807384776
stage2_soh,184,-1.256189150618424,0.9801798629755146,0.15802537682833337,0.0979808985219096,198.60994036334577,7.913257847343845,0.2360447021434238,0.14023949776535405,72.27486693374547,11.912774207677376,-0.2360447021434238,4.158392430286781,0.9823529411764705,0.29403703382613255,0.19067599842525726,113.95560789200408,21.172439134081397,0.5377089900423522,0.3834346718949211,145.83614336849192,43.96243448462575,6.543570924989179,4.243349564349695,10.915214293044663,6.583703055167506,0.057051609989315674,0.04068290797147961,5.432328426602361,3.40161852474998,-0.5377089900423522,3.58988299369812,0.88984375,0.3879961276836377,0.21417593161713738,185.64080470477955,18.570738853295577,0.6313226572398513,0.4111563926562667,230.60048553215083,46.78295291809309,8.634559215490896,4.766322733996423,11.389678437421034,6.792758596241763,0.06698413953508475,0.04362421791867695,5.481194155118381,2.88648654079194,-0.6313226572398513,-0.5377089900423522,-0.44408057807384776
stage2_soh,185,-1.2493660096636843,0.9804292651438463,0.15814035173057936,0.09789943533483968,197.49736800559964,7.88705541390876,0.2348542789054441,0.14050456095535685,72.40033353699789,12.105020420899246,-0.2348542789054441,4.3484845675674135,0.9823529411764705,0.2962965508926062,0.19012002446323487,115.36325776579655,19.72952972306507,0.5692344331418602,0.3995494956981537,159.46504262800886,43.69001056811227,6.593854761648465,4.230976785976845,10.864774398334642,6.38317997097049,0.06039649973034796,0.04239271134039138,5.688704984002274,3.4694771490858125,-0.5692344331418602,3.8048821687698364,0.88984375,0.3876027328823071,0.21184576695304713,190.20934025989703,19.858969573200447,0.6411922210197816,0.4185064234830861,241.07269937195778,46.18002665637276,8.625804512892614,4.71446668869502,11.232501167762909,6.396318105534394,0.0680313128462338,0.04440406556844029,5.57769167517706,2.9034910635085573,-0.6411922210197816,-0.5692344331418602,-0.44408057807384776
stage2_soh,186,-1.2588413832915644,0.9805172894385517,0.15794518689622541,0.09793488623688204,197.9249758298748,7.9361976683857405,0.23545397255687536,0.14027051099654309,72.79212128877984,12.01077971976149,-0.23545397255687536,3.610841953053194,0.9823529411764705,0.28801508844569723,0.18805015674408745,112.11084450979298,21.55651250106539,0.5128932518886913,0.36243028571263103,147.48588458374914,38.120541823177575,6.409557103020788,4.184913451541239,10.592180233332071,6.7607935093243015,0.05441862850498504,0.03845431579480315,5.108994311582654,3.203618871536721,-0.5128932518886913,3.4737425088882445,0.88984375,0.3883312893447061,0.21395874154841293,196.17418595557234,19.291821214626104,0.6352843381121743,0.41428199736874377,235.61344963374103,45.899653808331635,8.642017983769163,4.761489333929743,11.424760324379914,6.457185395970591,0.06740447893095777,0.04395584856711183,5.475347980776571,3.0915044871091855,-0.6352843381121743,-0.5128932518886913,-0.44408057807384776
stage2_soh,187,-1.2648273953571183,0.9810307644909995,0.1574638381276517,0.09791710584526514,195.74919103770668,7.938030002813412,0.23566960579779236,0.14003998517794647,72.61523197984279,11.968809524857098,-0.23566960579779236,3.9868999013713764,0.9823529411764705,0.29442827554446205,0.19059747881073433,112.66201378201458,19.855718208886703,0.5498673724706458,0.38168472368270157,151.71276291934453,38.00881472443921,6.552277712360112,4.241602169948561,10.830488011122325,6.536720219442307,0.058341629879712746,0.04049723623313433,5.402246004744644,3.2210236440030173,-0.5498673724706458,3.588794803619385,0.88984375,0.3876603671672314,0.21230086652794852,183.4440537214353,18.90481512264801,0.6215874674413246,0.40358040066967077,232.10776089717393,45.846356216602885,8.627087120141795,4.724594584176582,11.281841670762931,6.486028766934578,0.06595122347483112,0.042820395501522626,5.360093694582887,2.8019905303781885,-0.6215874674413246,-0.5498673724706458,-0.44408057807384776
stage2_soh,188,-1.2614090145749162,0.981060105922568,0.1580057126415188,0.09816740322647273,198.17702183060382,7.962586511514541,0.23545385331669805,0.1397283931720767,71.48449546754749,11.98600998373758,-0.23545385331669805,4.1259126943700455,0.9823529411764705,0.29713884800892254,0.19354855082655215,114.2601718442514,22.03517580809247,0.523761894521873,0.36932254569951956,143.3826838380637,44.160024849851894,6.612599444414475,4.307276036906671,11.01276827495101,6.986012362155238,0.05557180535734284,0.03918559337430942,5.22011471737946,3.0853580755092658,-0.523761894521873,3.7419254779815674,0.88984375,0.3874563017513123,0.2133257036744908,190.42423399519555,19.72517990223271,0.618619339868299,0.40437129710553565,221.15722920489497,45.38741946535082,8.622545799257727,4.747401556712322,11.425142378869557,6.577515228172286,0.0656363013518414,0.04290431062259462,5.365737826492066,2.7745472584277016,-0.618619339868299,-0.523761894521873,-0.44408057807384776
stage2_soh,189,-1.2569623504790923,0.9803559115649253,0.1577740648938738,0.09800869048598805,198.58521868414198,7.928511194391831,0.23708921954408033,0.1408755772256742,72.93748554771547,12.025613223971488,-0.23708921954408033,4.15722482064191,0.9823529411764705,0.29298487361770253,0.1916289893289407,112.46294889014219,22.253790501875173,0.5266680351114791,0.3779210790571775,151.32670237533557,42.40371746525666,6.520155898457576,4.264557653303584,10.844293583662617,7.044660839920885,0.05588015058229299,0.040097908735751635,5.309072233755377,3.3213630297912107,-0.5266680351114791,3.769647812843323,0.88984375,0.3871816040726764,0.21239753796653532,177.96711834233295,18.994153471093043,0.6318697977919168,0.4141060906858911,246.08165502570864,46.405618117478966,8.61643261099809,4.726745933639546,11.402813141363136,6.20919624935919,0.0670421918458399,0.043937184643594696,5.5022756636860235,2.899943794068567,-0.6318697977919168,-0.5266680351114791,-0.44408057807384776
stage2_soh,190,-1.2593104123436116,0.9807520208910993,0.15781473773072335,0.09805104949417155,199.5861581021614,7.944649390328,0.236670368664878,0.14031257957595392,73.12440327577441,11.956132841849213,-0.236670368664878,4.126076048495722,0.9823529411764705,0.2950482372987285,0.1935857017606716,112.58322652648631,22.1076875095339,0.5209588106985013,0.3712515726429867,145.78066676341464,44.87534108669591,6.566074490463315,4.308102802736734,10.865781167912811,6.788443206731044,0.05527439458679617,0.03939026559455423,5.254369891389189,3.2568668902976396,-0.5209588106985013,3.6669413805007935,0.88984375,0.389714555708073,0.2133205864996853,177.15170900246864,19.908911024101222,0.6299455373666996,0.4097062284512504,227.64725316790572,46.82035792710085,8.672801526369431,4.747287677872505,11.384453959399542,6.366237890951924,0.06683802535926373,0.04347035364603656,5.446621125470756,2.8653309120009927,-0.6299455373666996,-0.5209588106985013,-0.44408057807384776
stage2_soh,191,-1.2644639634040926,0.9806786673121781,0.15833720153130926,0.09861733892030505,198.55945110188475,7.968699872509955,0.23345672768651224,0.1393328250577433,74.18232306497613,11.815198271405709,-0.23345672768651224,4.091610893548704,0.9823529411764705,0.2948233401140949,0.1898421756466668,116.79887679598512,21.097560020726604,0.5265857639613594,0.3642326741954129,134.75087299712115,37.30630740300097,6.561069574384103,4.224793471535193,10.94989693517522,6.732536936210209,0.05587142150828284,0.03864555151277173,5.184408809198753,2.8927473201856295,-0.5265857639613594,3.7433335065841673,0.88984375,0.38779738927919627,0.21323047692421823,178.04801307009646,19.006826790005427,0.6242714191925461,0.40259636249538744,215.6629984441115,46.727621378770166,8.630136443202455,4.7452823576908365,11.516266826786515,6.444848563486251,0.06623599418050365,0.0427159877955451,5.350826383188138,2.6946914835653715,-0.6242714191925461,-0.5265857639613594,-0.44408057807384776
stage2_soh,192,-1.2698314901182663,0.9810454352067838,0.15783266410081773,0.09806422234163963,198.53521043846266,7.907107105316317,0.23350037596968692,0.13948925625677394,72.61263984487965,11.897397816713443,-0.23350037596968692,4.106292639526666,0.9823529411764705,0.29057289185591756,0.18759129070768168,112.84482078995055,21.192118997586398,0.5406955295878528,0.3907812623115366,162.046627094441,46.313793880159565,6.4664790757708355,4.174701736318778,10.594887090019755,6.564339891864097,0.057368485646079666,0.04146239058933017,5.490515465815645,3.4927692309572054,-0.5406955295878528,3.8106924057006837,0.88984375,0.38765977152107534,0.21406901498194203,182.18334610980233,19.594588919020097,0.6322855205741134,0.4123752869803866,238.19017248708306,45.82932887849714,8.627073864488867,4.76394338546213,11.46327727622328,6.499098921169183,0.06708630056351576,0.04375354416184131,5.483807894658942,3.0992797463129906,-0.6322855205741134,-0.5406955295878528,-0.44408057807384776
stage2_soh,193,-1.2735310772758324,0.9806053137332571,0.15767707423164595,0.09809001251707809,200.62320321444804,7.931335902488638,0.23396300706833917,0.13932281691953974,72.46662571317019,11.829135737293463,-0.23396300706833917,4.150631366056555,0.9823529411764705,0.2890919836937652,0.1883399269242278,115.51797367585739,19.249041873473264,0.5272094434941915,0.3666955180794877,139.4807257125819,39.09103716985491,6.433522589078178,4.19136206687728,10.71379947637725,6.272992443236509,0.05593759470256522,0.038906862391594375,5.220220254389576,3.1161936359420555,-0.5272094434941915,3.5574624300003053,0.88984375,0.387589138937298,0.2122816904928186,181.2837522342628,19.457108323328782,0.6222966420817976,0.4078750239614237,223.67908322488557,46.04780549194544,8.62550198996834,4.7241678360751616,11.27297280010988,6.293250709929978,0.06602646780913059,0.04327606051294976,5.42118831597323,2.912082246723293,-0.6222966420817976,-0.5272094434941915,-0.44408057807384776
stage2_soh,194,-1.27364886466717,0.9808253744700204,0.15775120758502567,0.09822431682014086,198.84598091547736,7.954769970959299,0.23662086441737162,0.14011399501478927,72.8521491570499,11.959042646124447,-0.23662086441737162,3.8251731274174707,0.9823529411764705,0.29711546178708914,0.18999928648346195,113.82089635810573,20.584258586782774,0.5256370312327169,0.3598651345545316,142.35281784211517,38.160095127353756,6.612079001804771,4.228289853913549,10.813664647585068,6.431771371063752,0.055770759755139475,0.03818214998365686,5.12352494322562,3.004575485583814,-0.5256370312327169,3.6245315313339233,0.88984375,0.38742994572842043,0.21258143205523083,164.85434252269926,18.89189730772992,0.6254267803195931,0.4088605878987437,221.17360301747595,46.78684635026325,8.62195926598044,4.730838356952376,11.2978032258514,6.647171105416609,0.06635857947038677,0.04338063010433242,5.411058152370567,2.907714177429331,-0.6254267803195931,-0.5256370312327169,-0.44408057807384776
stage2_soh,195,-1.2695908266206324,0.9804292651438463,0.15797788904189478,0.09814735022324242,198.65886295384925,7.937326819049299,0.23418352944959406,0.13967703232987128,73.24352644909855,11.82470636423655,-0.23418352944959406,3.8689769165188657,0.9823529411764705,0.295421609207791,0.19284515237143518,118.34931096960453,21.76814743818742,0.5230622974066395,0.3636558965889408,144.04486101092678,41.88508166247205,6.574383598797587,4.291622438379666,11.19411301139368,6.864024207953802,0.05549757721069271,0.03858435467272554,5.120624790972074,3.1205604407080614,-0.5230622974066395,3.6515626192092894,0.88984375,0.38872856495085084,0.2146563335933024,193.3943619389313,19.16711989269924,0.6396784486978753,0.41650872060163235,252.976057393764,46.69993969612528,8.650859050731881,4.7770137152059515,11.429887938391385,6.531828423279282,0.06787069967122399,0.04419210674354087,5.520818467215452,3.061654555890869,-0.6396784486978753,-0.5230622974066395,-0.44408057807384776
stage2_soh,196,-1.270980429555263,0.9806346551648255,0.15692783078509684,0.09749304251757948,197.1837576385438,7.911718007340138,0.23369180132076633,0.13963137467786532,73.17636926031264,11.915785128390425,-0.23369180132076633,4.160410109688254,0.9823529411764705,0.29124721365036244,0.19008436538096443,117.24876518696028,21.660620870756407,0.5759521168233412,0.3999881365920837,158.30054275902907,47.73507686746139,6.48148559529254,4.230183220176919,10.892169273225852,6.842226983910042,0.06110925454108166,0.04243925169896694,5.653207190043765,3.3833296971277935,-0.5759521168233412,3.8658658981323244,0.88984375,0.3892652171146447,0.2142007455957355,186.20977196839186,19.238531430729306,0.6433322147350465,0.42504555749001155,243.8252408448784,50.30642123231904,8.662801837156229,4.766874950248829,11.53152103090641,6.67771946459402,0.06825836891017141,0.045097876030864584,5.639380170399621,3.1809254490226673,-0.6433322147350465,-0.5759521168233412,-0.44408057807384776
stage2_soh,197,-1.285109415387379,0.980209204407083,0.15688862184171562,0.09769995735613961,199.8126723845353,7.915871068156689,0.23449902743368925,0.13900993341509013,72.57585898356831,11.689343975751846,-0.23449902743368925,4.188757513083663,0.9823529411764705,0.29261074081343996,0.18878918926542004,115.65312150041656,20.803774600953517,0.5410107150238391,0.3790431204909349,156.04179227243623,39.317313314092154,6.511829856978376,4.201360059154867,10.7523615760632,6.943983297547755,0.05740192722303151,0.04021695876365901,5.371658226144794,3.292740225496101,-0.5410107150238391,3.806845712661743,0.88984375,0.3870897508170404,0.21177966750656196,179.38892219637265,18.57631613938272,0.632401340686303,0.4146076394672491,244.80767301211762,48.06246665524379,8.614388486538243,4.712995695702912,11.199735777063703,6.326814351257596,0.06709858922521185,0.043990399609300214,5.502590833041901,2.992075412098248,-0.632401340686303,-0.5410107150238391,-0.44408057807384776
stage2_soh,198,-1.2823209636391146,0.9803852529964937,0.15759561005048572,0.09802441439460004,199.67662603771677,7.879567770269542,0.23362190463509305,0.13870118503001996,71.60687796683172,11.770802261097735,-0.23362190463509305,4.04376550468744,0.9823529411764705,0.29328965411226815,0.18912646009349354,115.86158758840861,21.37886483953239,0.5513528650288014,0.3805342542281484,151.2357349107546,39.91084325346168,6.526938556943794,4.208865765343339,10.804679132357734,6.589708128794204,0.058499242535702094,0.04037516995594484,5.416206905178741,3.261748152446438,-0.5513528650288014,3.800039029121399,0.88984375,0.39081051596959304,0.21635823497235834,184.39635179836262,19.36889115589689,0.6342986975713003,0.4168522084764845,236.29964292151573,47.03233125309538,8.6971912898251,4.814888238140279,11.545314009353808,6.577105319741911,0.06729990121184029,0.044228551245371825,5.536181556946876,3.158147467182357,-0.6342986975713003,-0.5513528650288014,-0.44408057807384776
stage2_soh,199,-1.2882951163539755,0.9807226794595308,0.15754355515501553,0.0977359237915076,201.4272455166061,7.861923889924355,0.2321857920660241,0.13837605660206442,73.13519972629354,11.749913305362652,-0.2321857920660241,4.051781717001223,0.9823529411764705,0.2931936856910513,0.18995941617781772,115.19215281689371,21.66046457679606,0.5484393507727388,0.3754771995622957,149.7222298375898,41.38146300305297,6.524802852598597,4.227402570535027,10.782578349375537,6.611312249791721,0.05819011495533171,0.03983861000282195,5.314782731478788,3.045697795777888,-0.5484393507727388,3.7215766429901125,0.88984375,0.38672045567783825,0.2123424470984901,185.09564698446167,19.481616983998293,0.6299486409869265,0.41019047095542194,220.3384808792125,48.0627410382947,8.606170103621716,4.725519928201788,11.34828587848894,6.563912848150116,0.06683835465733019,0.04352173239364886,5.45549169308286,3.0293169697439746,-0.6299486409869265,-0.5484393507727388,-0.44408057807384776
