label,count,mape_pct
LMO_26Ah,20,118.12569215895576
LMO_10Ah,20,108.47042284375297
