label,count,mape_pct
LMO_24Ah,20,173.42352271080023
LMO_26Ah,10,114.87390376815343
LMO_25Ah,20,73.55950037638348
LMO_10Ah,10,70.53537720267673
