label,count,mape_pct
LMO_10Ah,10,470.83088517199485
LMO_25Ah,10,241.1470588120112
