label,count,mape_pct
NMC_21Ah,80,42.40729733438659
LMO_26Ah,50,22.869561292608473
