label,count,mape_pct
LMO_10Ah,10,298.10642843120496
LMO_25Ah,10,290.57898721041033
LMO_24Ah,10,148.2022325971994
LFP_68Ah,40,130.44366870195688
