label,count,mape_pct
LMO_25Ah,30,71.03614830971293
LMO_10Ah,30,43.683447502160554
LMO_26Ah,20,29.34849489715693
