label,count,mape_pct
NMC_15Ah,110,176.03459778016
LMO_24Ah,50,163.12895314377212
LFP_68Ah,10,107.78800710878824
