label,count,mape_pct
LMO_10Ah,10,642.8515217054421
LMO_25Ah,10,494.0392728908148
