stage,epoch,train_loss,train_cls_acc,train_soc_rmse,train_soc_mae,train_soc_mape,train_soc_medape,train_soh_rmse,train_soh_mae,train_soh_mape,train_soh_medape,val_loss,val_cls_acc,val_soc_rmse,val_soc_mae,val_soc_mape,val_soc_medape,val_soh_rmse,val_soh_mae,val_soh_mape,val_soh_medape,val_soc_rmse_raw,val_soc_mae_raw,val_soc_mape_raw,val_soc_medape_raw,val_soh_rmse_raw,val_soh_mae_raw,val_soh_mape_raw,val_soh_medape_raw,test_loss,test_cls_acc,test_soc_rmse,test_soc_mae,test_soc_mape,test_soc_medape,test_soh_rmse,test_soh_mae,test_soh_mape,test_soh_medape,test_soc_rmse_raw,test_soc_mae_raw,test_soc_mape_raw,test_soc_medape_raw,test_soh_rmse_raw,test_soh_mae_raw,test_soh_mape_raw,test_soh_medape_raw,train_score,val_score,test_score,selection_score,best_score_so_far
stage1_soc,0,2.3072713235640365,0.42021947712801855,0.7419869296941096,0.5770804664270416,916.0100323910561,61.9757653119123,1.6085344482087347,1.3361198858506815,595.3217753379716,221.0634010165303,2.1534633355982162,0.5647058823529412,0.7320539843905083,0.5019550897381908,130.35447714343735,64.32940272148204,1.6768413422830757,1.347410289044766,434.25971337900614,159.1682558503748,16.274772093538605,11.159292703641619,32.726525654573926,16.72194269394333,0.176060606038907,0.1414718650419779,19.386811790068766,14.630559716482164,2.2664552688598634,0.4359375,0.6940664430717947,0.5108257679377857,277.8140874129539,55.791399289893,1.3969472855325298,1.1570036150347733,583.858418139984,191.07764782550402,15.43024615619168,11.356502566700726,38.05273359709622,19.13672650470773,0.14667302116990846,0.12148004257509556,15.818660739797622,12.70437652555215,0.19762339821978567,0.3450896870357887,0.22771756707846158,0.3450896870357887,0.3450896870357887
stage1_soc,1,1.4002587638275292,0.6451982042780435,0.6183023842309736,0.4569562911970813,740.1784514771136,46.07853338108224,1.4474904084635143,1.1618230555786193,467.47894628318596,175.08925952271653,1.7652185982348871,0.711764705882353,0.7047617862929175,0.4704345208830109,128.52200282996694,68.40790854528979,1.5750838569583654,1.2859978424640848,408.4485760447793,148.565335807718,15.668021343674432,10.458538271161004,35.91537866540826,14.756093940615019,0.16537653946474257,0.135023841433134,18.436492882475715,15.329238390763436,1.8206858515739441,0.60546875,0.6103931920294943,0.44014558839298845,228.57251936870634,51.645991589636196,1.3790582396743647,1.1301740927221544,604.5238103335388,191.28404232154134,13.570051252433792,9.785165154228775,38.38155625673083,16.5022754091925,0.14479475387304055,0.11866306649096428,15.507351733980915,13.248512995734178,0.45970748900875147,0.5003361699944777,0.4223507923911517,0.5003361699944777,0.5003361699944777
stage1_soc,2,1.0283958611310373,0.7163962325049148,0.5647225814463126,0.41130268191249497,701.5917953441854,40.67931577991997,1.4218999797357303,1.1394029200190503,472.4845207998141,168.55282532899133,1.6731689378327015,0.6549019607843137,0.6675879341858106,0.4221636291976799,123.30518425787933,56.30156140778125,1.5622700364721644,1.273157740691129,477.1492523946336,141.85770752187648,14.841585064680912,9.385396429600341,27.025268698455363,14.137988613824259,0.16403114742103095,0.13367568997554297,18.241446703580518,15.096149518576306,1.803505575656891,0.56953125,0.6057538056801515,0.4242973618001997,261.74533080319736,46.408801096901634,1.295573999077234,1.0590867556595185,561.9797402859792,168.116200880346,13.466910012717307,9.43283283805521,30.605246718947132,16.143095863149444,0.13602929370480749,0.11119922400965998,14.451993461162573,11.981453874222552,0.546979458071021,0.45462558052857055,0.3878051082959546,0.45462558052857055,0.5003361699944777
stage1_soc,3,0.8077716438557137,0.7418356268888824,0.5339530683617382,0.38240283463520647,709.1870681287279,36.56609620942287,1.394210031282039,1.1139891494301708,457.8477115501361,163.78254208971646,1.7642606520185284,0.6568627450980392,0.7053482186165582,0.46680389910607656,154.69795116003021,64.45565267920252,1.5856020015172059,1.291738896342177,473.0748386247101,146.98054768994288,15.681058705151921,10.377823538043828,29.14821418803638,14.952814687183487,0.16648089612553013,0.1356266256081131,18.510267698450914,15.027732301576286,1.6927061080932617,0.625,0.6063205760548878,0.4204050839311094,288.03738404099664,45.21417989529965,1.3206729902649594,1.0892964944003325,593.4613283841506,173.4909904496169,13.479510256517475,9.346301056800158,27.931090526606454,15.035384072189002,0.138664572003385,0.11437110722655579,14.856636932306554,12.350038141540155,0.581649706380361,0.44525827951307173,0.4431038271835337,0.44525827951307173,0.5003361699944777
stage1_soc,4,0.6556515011256865,0.7571374079399079,0.5075492776777597,0.3589693430175287,692.7716767766881,33.31058254079498,1.4020917982011083,1.1216467458819461,462.3944317114371,163.83124107695045,1.5624315345988553,0.6705882352941176,0.6678556648819688,0.43009902400275074,138.9230590175611,50.99430899798822,1.6276776203129757,1.3127780194156895,446.52861028286964,152.76298551630913,14.847537161323134,9.56181339430316,26.668805487677442,12.751479324373484,0.17089864201349778,0.13783563648197816,18.878398849906073,15.79976501475373,1.5650318384170532,0.63828125,0.5685173059246614,0.39803675371804276,235.5967054241518,42.509486546086684,1.3533990649271928,1.1259592387075827,638.3310109307134,185.39467845365292,12.639080972778045,8.849016042179597,27.445577971623216,15.63844578261643,0.14210065888472492,0.11822052626163009,15.365333111777455,13.67190662040721,0.60487262463658,0.4702315358295269,0.4677260582226016,0.4702315358295269,0.5003361699944777
stage1_soc,5,0.5223907489531904,0.7693876353393386,0.4816733343956651,0.33792698537471183,680.2324113722227,31.103656584570267,1.4073071153800032,1.125160410807366,464.4692562843679,164.14799925849007,1.704728882453021,0.6627450980392157,0.7155240664887502,0.4711180948935376,178.73927454171294,58.711129714818256,1.575482633988224,1.283716671256458,463.7421436982929,139.17793056419197,15.90728465092876,10.473735253169988,30.145846784056474,14.022455924675203,0.16541840921340684,0.13478432897887496,18.333064156045676,15.672923058911344,1.4952860832214356,0.6375,0.5870136864209077,0.41059797811722093,276.96945409329044,45.03924911668935,1.2932790130404752,1.063688271841238,595.9357769157009,165.82329277446087,13.05028613462469,9.128272857484859,28.175569877200473,15.614674097416355,0.13578833075721436,0.11168236198295704,14.505867396488588,12.485564989386788,0.6248856350206391,0.4480878780925906,0.46139589407372766,0.4480878780925906,0.5003361699944777
stage1_soc,6,0.44455906500863496,0.7801267568439894,0.4654409221415224,0.3249536168630984,675.5488180988797,29.67877411574677,1.398649034370254,1.118432930019824,460.97880758960366,162.33346163050288,1.5077895547829423,0.703921568627451,0.6547678476721439,0.415064306207476,149.0388128119621,48.719566913524346,1.6342148956408864,1.3211739701675433,492.661737299835,148.84701108337447,14.55657331598715,9.227566725579013,28.75567107038762,12.04086589797502,0.17158502576791315,0.13871717258224603,18.98108413046969,16.280601946536613,1.3584338188171388,0.6640625,0.5041514575858976,0.3472840719303349,235.78207688040857,38.33151619919933,1.3329593426696036,1.1075873043118918,592.0282246974784,180.15667596629473,11.208121597298641,7.720699897683053,26.5031619029826,12.746441876643624,0.13995458233162753,0.11629155789578074,15.117020228223288,12.952951461816397,0.6404944802015327,0.5074912143258079,0.5128170627242308,0.5074912143258079,0.5074912143258079
stage1_soc,7,0.38253568708660535,0.7870661072151639,0.4558021716888025,0.31665760494565764,667.5921199381917,28.860422419130014,1.397110859094101,1.1195485016201767,464.3171052131415,162.82497617641982,1.7167435258042578,0.6568627450980392,0.6521166843111516,0.4047413185877981,136.41716501485618,44.2552269753389,1.581752504525452,1.2680463323077442,471.5360161714425,143.18698840822918,14.497633565090478,8.998069619604575,26.273831508185168,12.26250329544854,0.16607671669828006,0.13313901567309183,18.192448223411326,13.799109680365207,1.5376176118850708,0.64921875,0.5136568372057072,0.3501962851740245,201.90269212938705,36.34385658641187,1.28224709034906,1.0644646455992188,566.957017346228,162.72713588636833,11.419441923768506,7.785443219677664,23.06396770023352,13.24212376611619,0.1346300297624521,0.1117638776463034,14.462686021812093,11.798159215985518,0.6503254557085232,0.4612277398046938,0.4951216988382878,0.4612277398046938,0.5074912143258079
stage1_soc,8,0.29020529981405363,0.7962501100319826,0.43378269630591065,0.3007011264166164,643.5232561931747,27.05342005655758,1.3939736694583946,1.1133608642460093,458.0900846946748,161.5338679161726,1.2517706291348327,0.7450980392156863,0.611983906376218,0.40600808502777536,156.32459104481532,47.40083069255779,1.578005296494997,1.2815421806684897,452.3854236610918,148.35255637071634,13.605415466017584,9.026231934879092,26.56897507923896,13.000698113274009,0.16568327714012995,0.13455601749758575,18.392464753893073,15.19723615963397,1.0731864094734191,0.721875,0.4764348005637777,0.3292766043359734,168.16861225971584,30.764914630946375,1.3061225549578692,1.0778337619631202,589.7158410348886,171.48087099531836,10.591934422789457,7.320364079110851,23.50508806729814,12.012533024526595,0.1371368434141028,0.1131675731957156,14.726762153900546,12.468843013595295,0.6661153011402094,0.5615028673028208,0.5789445598308667,0.5615028673028208,0.5615028673028208
stage1_soc,9,0.1899620280238595,0.8058889117103372,0.4152529897147533,0.2878701083721258,631.8249029772851,25.8263541102333,1.388449399301504,1.1101533491194573,457.28143087778255,161.21026990015753,1.9642194196289662,0.7450980392156863,0.7278215636361224,0.4982242582968491,222.1750890044599,57.43961208686031,1.5887975144115118,1.2947121215801614,488.41397932451866,149.3631818715308,16.18067837278802,11.07635014377317,39.64016477433787,14.190259028866297,0.16681641023923313,0.13593880054326649,18.597850634069843,16.06278323770991,1.7234776377677918,0.6921875,0.5633875113460931,0.3874994905441781,259.0048740452539,37.72763533506564,1.3222658873965571,1.098782767515513,588.826624043548,182.04305483418705,12.525037146184607,8.614755235871627,34.617311104109056,13.897720657962594,0.13883181885451815,0.11536712214555542,15.01598970718318,13.07788431518744,0.6813130147959112,0.5267515701248495,0.523171246596172,0.5267515701248495,0.5615028673028208
stage1_soc,10,0.18759128171783884,0.8077374490185147,0.4090130023813984,0.2839889460922655,617.7530880220813,25.49420055622739,1.395033138017997,1.1155059420966755,458.18013845348554,162.61923577972476,1.379454345329135,0.7333333333333333,0.6360384888610238,0.4078146988772513,151.99793854988874,44.10512206723935,1.5677385297090543,1.2761563253168966,445.7378736606855,147.7267971028052,14.140188660471786,9.066395951861708,24.70409313563155,12.203191838207005,0.16460531398594616,0.1339905275294363,18.288048782425687,15.341880251422147,1.1772471785545349,0.69921875,0.5136646654835642,0.3396552481364779,216.6890991667523,33.85246347953067,1.3101401911037371,1.0773332159871642,581.6142871719019,173.67528773337236,11.419615959346105,7.551098514131867,21.360620705039878,12.448741781405273,0.1375586766769458,0.11311501817714889,14.72165563013798,12.310333528370684,0.6850335483040952,0.5425217866750262,0.5451193503549308,0.5425217866750262,0.5615028673028208
stage1_soc,11,0.11118714396097526,0.8185645961092691,0.39909180152094564,0.2763832090170217,615.3259089799574,24.69785350894596,1.4116971824360833,1.1276115423663389,464.2911066233662,164.6883917133422,1.7291170012717154,0.7137254901960784,0.6911494230115255,0.45814753412725584,189.95664509588832,49.04373043033955,1.5844711255807407,1.2846884561958267,479.07606668839765,146.85831557073382,15.36539597070613,10.185378212708851,28.874879733615042,13.760560736155899,0.16636215936868357,0.13488636191487818,18.453797851635528,15.233576968304291,1.5456502497196198,0.6375,0.583838222061625,0.39100679403636607,195.46742226739144,33.97621480569781,1.335173151115709,1.0998620891819884,620.6699968940118,177.99907474535485,12.979690304480403,8.692728399347752,25.594903919461945,13.056277951211772,0.14018702200665648,0.1154804459418615,15.053732318478279,13.100103913147048,0.6988370556529855,0.5063806632926208,0.4623485333815125,0.5063806632926208,0.5615028673028208
stage1_soc,12,0.0167336548295702,0.8246823743434758,0.3861267418983479,0.2661823728922969,597.0309380640568,23.57448549111652,1.4088904550266372,1.1259256642530315,462.2207515060775,165.29995757701337,1.6464477006126852,0.707843137254902,0.6893960121323264,0.44047824266713625,178.9302022766069,42.586503697679674,1.5441786229708703,1.2474713242010158,436.7110462028947,143.34914284541958,15.32641474383793,9.79256060950002,23.477176346022674,12.21338736544574,0.16213163245511203,0.1309787347298787,17.914824489820226,13.625174680099544,1.2867507934570312,0.64765625,0.599947435853254,0.3818814061167359,191.93044075770177,33.86079852825622,1.2947460585494828,1.0587702067008649,582.8694371573587,167.92072554391854,13.33782479818599,8.489855917503727,22.53217203664341,12.413002690476088,0.13594236376850144,0.11116598782917216,14.47668621287973,11.922703769397636,0.7088443517739714,0.501024333615204,0.4676720192440238,0.501024333615204,0.5615028673028208
stage1_soc,13,-0.016824608927359867,0.8266189372377571,0.3776707046355133,0.2603998485474357,585.5734422556535,23.12890257014646,1.4016343978969976,1.1222266729833337,464.44414431996205,164.88784409493115,1.6337218032163732,0.7607843137254902,0.6608177228013913,0.44993315394054734,185.57441905846417,52.47596276525091,1.6388951374281504,1.336249610774365,487.3918726429971,156.6491999725344,14.691072056547716,10.00275894107185,33.750452006108546,14.376157072472271,0.17207642956664848,0.14030004530534337,19.19834013478197,16.69418886542612,1.346963357925415,0.70859375,0.5159839865400929,0.3548211757806712,173.95893188785095,33.322022374623025,1.3769169173271216,1.1369286147477395,625.2920848124215,191.95538929252996,11.47117830640194,7.88826219503423,28.226120339506167,11.759820258926755,0.14456992490402973,0.11937226014652413,15.585377874700294,13.522807725950214,0.7133177258471032,0.5625389968850728,0.5537985540379722,0.5625389968850728,0.5625389968850728
stage1_soc,14,-0.07393096981447755,0.8349666969865908,0.3692422399084656,0.2549003302167494,582.8492022675081,22.536289284306704,1.4074290441386537,1.1307221617812842,473.9113454386262,168.11245185098997,1.8254871134664499,0.696078431372549,0.6758490745943933,0.4435400135249046,172.6731170970623,52.92866699510547,1.59441966226145,1.289973836432339,473.9211209756023,146.39718712118494,15.025243893468437,9.860628844869717,25.868264208652523,12.904539311112636,0.16740670982974337,0.1354413024594138,18.525966857640242,14.864169962956492,1.6572331190109253,0.6359375,0.6039969346807155,0.38744518875428186,188.06326677545962,31.43189916181423,1.3408099715529758,1.1101826108446402,594.9536728997787,177.27429550126817,13.427851861647516,8.613548017177816,23.670966891735297,11.807333140069712,0.14077886215115484,0.11656405311014031,15.163935439834296,13.01830301259617,0.7241940250140511,0.49332370899423106,0.4547384195957854,0.49332370899423106,0.5625389968850728
stage1_soc,15,-0.12025918065233657,0.8367565505706992,0.37123672792728196,0.25433464471952266,575.8923267228602,22.29833207360169,1.3943289252579087,1.117772932305213,463.02239578589086,165.0210218901158,1.707929942187141,0.7274509803921568,0.6705366503210676,0.43871057953539433,180.89812924796277,47.73966870926431,1.5225555000553657,1.2446766345743454,448.57811627917783,145.01479764843054,14.907139906390844,9.753262531461143,25.291761000909993,12.978740805956072,0.1598613042917008,0.13068530521036772,17.84774587027579,14.144854298040316,1.5194419205188752,0.6515625,0.5965311800684826,0.38765629636436644,175.43804559393445,33.110926946610306,1.2993418161592534,1.0645727915769385,593.7803222914073,175.3148597175579,13.261875775988292,8.618241288868974,23.886995850898366,12.344715479416458,0.13642489711830688,0.11177523247511031,14.594127083769967,12.890721909529342,0.7253855321925147,0.5262899852958366,0.4726031459794553,0.5262899852958366,0.5625389968850728
stage1_soc,16,-0.16394863905948232,0.8446054986649453,0.3649605307660622,0.2487210244033565,569.8732870320736,21.68382330696067,1.395745290793256,1.121579489031098,469.9766442779969,166.98527562888302,1.5448767830343808,0.7627450980392156,0.609089226434945,0.3782277962667685,131.96728199427568,43.67720163731209,1.5872436947807769,1.310695272947059,477.59379340709563,146.70977758823068,13.541061938364594,8.408630121462966,27.49148572269852,11.93965094111578,0.16665326634543462,0.13761695771002394,18.71177200984284,15.451102771814297,1.1760677218437194,0.7109375,0.4606408562434203,0.29762177806878753,133.74475797537366,28.676039009181206,1.3150703465988836,1.0830663572931372,596.7554250875728,177.35869829604053,10.240808891404141,6.616624882078911,22.426692201490894,9.581873365388047,0.1380763202622117,0.1137169715685544,14.821959899644316,12.99657774411148,0.7351173394351266,0.5800183301087322,0.572745243126974,0.5800183301087322,0.5800183301087322
stage1_soc,17,-0.20686510064394056,0.8472756081100906,0.35957078952983845,0.24518126895641273,557.3510600116352,21.187604486748704,1.4110631131885873,1.1370539086486116,484.1333522946501,170.73633255966928,1.6086656780803905,0.7607843137254902,0.6380651307573978,0.41816042977403484,171.49666252204824,46.73264702214956,1.5797767948798969,1.287731513388309,478.59278185673713,149.14518747720086,14.185244265224988,9.296398678540967,25.876791564843742,12.73839557885383,0.16586927629901146,0.13520586888313435,18.48238535403659,14.967105689834685,1.2505809843540192,0.7046875,0.5310689788825783,0.35066500456887295,170.04480869249775,33.445153803465914,1.3578582328296995,1.1270451575452172,623.1031237666217,183.2864303339527,11.806542661547317,7.7958636278574405,22.474770136710998,11.942707155575457,0.142568850945326,0.11833454273047658,15.421469555568995,13.651537965275567,0.7394043712511391,0.5693647744982708,0.5453668063352265,0.5693647744982708,0.5800183301087322
stage1_soc,18,-0.2308393075967324,0.8524544467591914,0.3524802376725703,0.24042037031459032,538.5306018713973,20.910844691413267,1.4039519848902065,1.1305786414010541,484.90201025210246,169.80137101346543,1.7510134958753398,0.7372549019607844,0.6588318675139209,0.41828351226069177,163.34279722801122,43.859823549217175,1.6132239082296262,1.320571751585778,542.5893943410953,158.24598245425233,14.646923205638531,9.29913500600009,25.717898789683204,10.998609232152427,0.1693810689165454,0.13865394240906276,18.934980290933236,16.684982293244968,1.4834953665733337,0.66953125,0.5834132330823482,0.37256961650346054,176.8439310872061,32.97093830715407,1.3601941986771346,1.1333211936544103,655.8335646029018,187.06995435582303,12.970242095840772,8.282839417395184,22.521094924680902,11.329464070412513,0.1428141165840093,0.11899349757196576,15.48948019978963,13.867740131176955,0.7467103754574203,0.5396053417066081,0.49450728007529554,0.5396053417066081,0.5800183301087322
stage1_soc,19,-0.31072378984055454,0.8579853877527068,0.34169338340728583,0.2327374582841318,535.5252243181733,20.22768586164281,1.410132885481074,1.1380092127494092,490.95034771754314,171.67512979329354,1.2616664477423125,0.7627450980392156,0.5870314607920594,0.3860430215531047,151.84854840570605,44.257752756884756,1.629329014294509,1.3406593444300632,521.9418835412403,151.826807026776,13.050681288323418,8.582375518806414,23.433866773110065,12.614122569342193,0.17107203076404104,0.14076304699805886,19.195446385265846,16.648163936499618,1.3668754875659943,0.71171875,0.5030937800780384,0.3348777581977629,165.73153697724348,29.303493355698805,1.374254095038539,1.1444336621840194,675.1596613423169,190.66372336942868,11.184607675161871,7.444887002973308,20.63351894118776,11.029732316317999,0.1442903408467429,0.12016025550819809,15.652421638874163,13.94990988769477,0.7554773727305211,0.5866356598015978,0.5607906159765884,0.5866356598015978,0.5866356598015978
stage1_soc,20,-0.38064629913848985,0.8626507438162025,0.3365022550014778,0.22832390609988182,531.5043749125762,19.6335197131486,1.4065620024620955,1.1354332102426592,488.50378780449955,171.17130876301462,1.5642254287121342,0.7549019607843137,0.6122899763855901,0.39929749043658375,170.14481213179562,43.82920482823523,1.6068720926018114,1.311746147932375,518.8872255160416,152.17402153565035,13.612219909068795,8.87704430676352,26.75471732400176,12.03039341376267,0.16871415757515518,0.13772729473602663,18.821958569114297,16.508650192445618,1.4604001879692077,0.72578125,0.48927261044977216,0.3215322692376503,160.89252702039,28.762096883526663,1.3732665670310862,1.149838271523913,659.5306993670722,189.93234862149907,10.877340191393651,7.148194688015829,20.537862178145513,11.209309158646708,0.14418665496121016,0.12072771455861112,15.702279305161614,13.87602739575265,0.7617000673157592,0.5712149678686367,0.5789994668650684,0.5712149678686367,0.5866356598015978
stage1_soc,21,-0.3897850883833935,0.8649980927789678,0.3373915360163905,0.22784423026624928,527.754666035982,19.545862984141877,1.4122504737401824,1.1391561959209617,488.7030443859417,172.77921698861448,1.7470336053885667,0.7254901960784313,0.6628785420864257,0.43262009954664343,161.53002171366464,45.65284652105575,1.67465950991324,1.372671949746562,533.8164243036458,162.2050106349348,14.736887481236414,9.617861077646632,25.952306286558308,12.404191068398312,0.17583152370438776,0.14412422288917404,19.69482146846379,16.360561444332674,1.3748771727085114,0.6953125,0.5495272303728723,0.3531230540545948,159.1766217369058,29.278553524632088,1.4389666213384704,1.2059246141863695,693.7832018746221,206.466255097009,12.216900152463596,7.850510137579081,21.075137371024752,10.89631692999524,0.15108485760356513,0.12661652182418895,16.489789636207934,14.84946539994103,0.7637806319740507,0.5266266334525036,0.5304543308881383,0.5266266334525036,0.5866356598015978
stage1_soc,22,-0.49080264833813586,0.8714092896335202,0.3304002705253947,0.22225962112902806,505.30825298580913,19.0358540704839,1.4219477494270734,1.1483613677761977,498.2035316608673,175.3154151140356,1.5764191038468305,0.7823529411764706,0.6142987321586615,0.39179356322240305,178.9882052473368,40.31091432678901,1.5943971168741153,1.288867402325074,487.9824689564951,154.80680365052876,13.656877875687933,8.71021958096277,23.573105205142443,11.431609588731211,0.1674043426680702,0.13532513198188847,18.559139084519156,15.309457689971602,1.2672064542770385,0.7359375,0.5273661859480442,0.3366746914765827,166.8078658627509,28.41128838991521,1.3623616303235304,1.124111524507316,631.4559150421044,193.41533199099354,11.724223444106979,7.484835804842663,20.29963924963986,10.348789845462228,0.14304168690899471,0.11802652479370183,15.416030401511694,13.570236869257915,0.7722892084759018,0.5980633215288722,0.5777276442155868,0.5980633215288722,0.5980633215288722
stage1_soc,23,-0.4353563744628455,0.8703676535312931,0.33554511745617316,0.22486329968272037,512.1324344549986,19.16770161305712,1.4231431985363643,1.1518663187603808,504.67898255907016,174.9967437788115,1.3695284048716228,0.8529411764705882,0.5475301996931798,0.3279587889218009,114.34102139553772,32.36951220563235,1.595764452332504,1.2936734650795367,468.6480352274759,157.38915488022968,12.17250285408285,7.291066860621063,20.773809200745102,9.294335366877544,0.16754790658398286,0.13582974640179518,18.627484113609853,14.80018983571674,1.1198725044727325,0.7796875,0.4556067693477146,0.28820501002664967,119.90245271606034,26.16961684948276,1.3618711966334809,1.1239548941397515,633.2411362134253,193.78678091977594,10.128892805058555,6.407274537689885,17.48545103023796,9.754015614969795,0.14299019363380241,0.11801007932760905,15.419255015861836,13.458303962017254,0.7697041182944412,0.6886821165626342,0.6430054691956856,0.6886821165626342,0.6886821165626342
stage1_soc,24,-0.4337391529897615,0.8771309527302603,0.32371128269665356,0.2168225424912739,502.6845843936658,18.379341218712707,1.4039221112898232,1.1353958240646296,496.60579504554283,171.72563239779856,1.5319409922057508,0.8156862745098039,0.6413629132979192,0.4166439406884213,175.57146047802223,42.346211678461316,1.610773059989233,1.3203838702948654,532.9819189994988,156.4444929556126,14.258559431053532,9.262684615402241,28.87713508979119,11.353663896175014,0.16912374115652873,0.13863421574017204,18.928741723514335,15.291347040229011,1.036285549402237,0.75859375,0.4674921635059678,0.30371201589878183,143.72711732919538,30.26959188963324,1.3748885017160157,1.1480386277100478,662.3302260349162,190.99290568957346,10.393124795174,6.752020952303331,20.247565490814612,10.155849126930029,0.1443569506214993,0.12053876025951689,15.69484569209725,13.911842760023905,0.7800175679212642,0.6232774005204281,0.6183461009482096,0.6232774005204281,0.6886821165626342
stage1_soc,25,-0.3290567115744544,0.8748716293535987,0.33034250158203415,0.22149973002323134,509.3442793493113,18.78294763457627,1.4149492808696713,1.1441255868478413,497.00410981760876,172.973526437106,1.8344555092792885,0.7490196078431373,0.6250640773334046,0.4203035218951603,180.06504108550538,49.34268490498059,1.5345475349942683,1.2490571883890558,477.1446778007693,146.8297194667031,13.896209322497949,9.344043164590467,24.273292927253067,13.364809391732743,0.16112041264366228,0.1311452431543797,17.921623069105298,14.795577113923812,1.5366763353347779,0.69609375,0.5656068493039139,0.36818865176319376,177.3261890314878,32.13486019448649,1.3162257398803798,1.0836348429969802,595.8177563639605,181.30337617864637,12.574376703419778,8.185443317902559,21.94858927158169,10.892765384807529,0.1381976312271934,0.11377665994515822,14.85291449151435,13.18599886749151,0.7757688788789885,0.5615003846431159,0.5264116952088258,0.5615003846431159,0.6886821165626342
stage1_soc,26,-0.48174379802408474,0.8829259704820868,0.31550024961805306,0.21186563708177517,497.5931582617293,17.82887318245806,1.4188547881639806,1.1452437069837398,499.57136936567014,173.8492741484141,1.9642543932970833,0.711764705882353,0.6674320136320532,0.4145831376898522,181.17605711685803,39.41289745084029,1.5676249868105188,1.2680320724041438,514.3771622102926,147.8564446372637,14.838118692622004,9.216869552788632,21.71559221871011,10.811718856417132,0.16459339250534838,0.13313751844899158,18.257020985192167,15.500083468454172,1.9758191108703613,0.64296875,0.6402144328539031,0.39185863819620864,180.34126026054406,29.8864139118134,1.363172149075801,1.125653059360775,638.2585080350242,191.06379602151776,14.233026809308685,8.711666305371434,21.533007921537134,10.262059378101174,0.14312678763923814,0.11818837884255333,15.42651746232616,13.728506377168074,0.7882758955966709,0.511535101792737,0.45090442014382903,0.511535101792737,0.6886821165626342
stage1_soc,27,-0.6933520006352071,0.8888823684751034,0.30841979883898846,0.2047647849223936,475.88664023569004,16.972715517907965,1.432863295173383,1.1543730013600852,500.5460759928944,176.58204038030246,1.811380685076994,0.8098039215686275,0.5791423453104164,0.36982852127037796,167.6402430245282,39.12591693867016,1.613234363547504,1.3161721599452636,502.7284443704925,153.36537933030036,12.875293189602472,8.221900332086815,23.595910169776243,11.20702093357343,0.16938216667669445,0.13819200558115866,18.90020553963733,15.966415313309504,1.2236455142498017,0.76875,0.4672432700391962,0.29294871694728497,149.30301362716892,26.625782624388652,1.3697563474734709,1.1370352618534525,652.2936081106227,191.03041647057887,10.387591481328775,6.512734996423893,17.826857456366223,8.909741619685082,0.1438180980995324,0.11938345760068433,15.56615274006576,14.078382499438003,0.7963564288234068,0.6360612179755025,0.6285770189882411,0.6360612179755025,0.6886821165626342
stage1_soc,28,-0.7646387939473273,0.8932396349872362,0.29834681560605336,0.19917829367090728,467.61572619229,16.632501724102255,1.4169387631785342,1.1429348721122672,494.8828645597226,174.54305590387207,1.5623464341257132,0.8,0.5566985192680443,0.34269211964371304,132.439934155858,35.23880854674556,1.5952882666662087,1.2798998966082638,472.7808769859031,158.78759226065904,12.376329777702257,7.618613195714762,19.142030470595493,10.074074779350106,0.16749790928556174,0.13438358524675773,18.475479083388834,13.933254457209879,1.11733740568161,0.77109375,0.484043711904524,0.29803596707497493,132.14467130081334,25.823295467218166,1.3550370842169996,1.1160451785333863,583.1651820602256,185.98890533154426,10.761093119540064,6.6258329894358585,17.277312656146155,8.823884628137453,0.14227264335433143,0.11717959567472151,15.312634612386418,13.451640643179319,0.8037355903054202,0.6329904442195868,0.6258806364286429,0.6329904442195868,0.6886821165626342
stage1_soc,29,-0.7943527565074916,0.894163903641325,0.29901798732673307,0.1984652485896717,471.3573835438136,16.482361342082108,1.421104299540554,1.1476728022001395,503.3866297231867,175.44382423449275,1.654400723588233,0.7803921568627451,0.5980425008634802,0.377256344194871,140.85628868847806,40.32189693543348,1.5896390526484794,1.295054730816799,514.7411951840686,150.1837294845254,13.295474939469782,8.387033133526222,21.721596321937234,11.541488968088043,0.16690476787228364,0.13597477293273227,18.60242284909285,15.915962420691876,1.4650027275085449,0.734375,0.5357665982026021,0.3369995867516991,151.78270032478076,29.031251583494715,1.3673791729213913,1.136655519920896,651.1668926418522,189.91342808508358,11.910978516615085,7.492058764719301,20.495835894263138,10.171623540626342,0.14356850573694813,0.11934358644943202,15.551752623767829,14.081118815918806,0.8044585074433052,0.6009794066037011,0.5736450205392194,0.6009794066037011,0.6886821165626342
stage1_soc,30,-0.6360262550206144,0.8917285290924563,0.3081821632397485,0.20461122896283995,472.7229003318552,17.056897525183697,1.4211140453374131,1.1493212344437505,503.6753107308599,176.83642448475098,1.954390149490506,0.7647058823529411,0.6575020102902734,0.4235859390494286,173.80095261896318,47.57527944133902,1.6044167698729392,1.2971539343396823,504.14017779323757,155.64867470271088,14.61735827778717,9.417016732443003,22.69280301965522,11.49344267472997,0.16845636001448808,0.13619517961947022,18.690192370647814,15.364532054999835,1.6798866510391235,0.696875,0.5964769617089559,0.368949025578695,172.2508430848324,28.667882581566513,1.389624804550622,1.1554294038614898,658.2151782755225,202.4856743351697,13.260670412089729,8.202347686729237,20.359255758187167,9.45682748321569,0.14590419444380462,0.1213147576633912,15.835260669232763,14.308858990655233,0.7992738801205317,0.5674552792658591,0.5179319114873132,0.5674552792658591,0.6886821165626342
stage1_soc,31,-0.7331798504378355,0.895044159502362,0.3024598893975211,0.2013433099086642,464.80260978580816,16.875879486816586,1.416009213198197,1.1468222105265213,501.3830663193074,176.34726968832013,1.21660414723789,0.8647058823529412,0.5481555424590419,0.32857062392594183,135.53348879306793,29.956234144451543,1.5732985299112698,1.2866426709747198,497.8121345482475,153.70458571338008,12.186405259112748,7.304668965743859,21.50599308561614,8.673064641187612,0.16518908836011906,0.1350915454522984,18.45968780051037,15.40410796110725,1.031824803352356,0.79375,0.4563998568315512,0.28774452118814225,140.5625107030475,26.324948739247137,1.358729064107645,1.1249516639007198,645.1913720540742,196.53452770389939,10.146524452894505,6.397037108404438,18.236489149742944,8.539617279245418,0.14266028421255686,0.11811473555463074,15.424221023158532,13.690983620153855,0.8043061926831057,0.7002592196152286,0.6568300429505346,0.7002592196152286,0.7002592196152286
stage1_soc,32,-0.7724200460658325,0.900501745840791,0.2959996525817247,0.1964127022481533,461.7221283862318,16.244856107617842,1.4150980854542408,1.1461481788800383,506.60623549170634,175.97236800107078,1.7584266148361505,0.7235294117647059,0.578936511516641,0.3503725258368707,138.13564750930257,28.60588591518099,1.5713676311631788,1.2642291684068885,467.2916338004091,152.2078436076888,12.870717163579428,7.7893613414044705,19.459896090798058,9.57886899596053,0.16498635289838134,0.13273823107124066,18.222610132816367,14.920284507320659,1.5896459102630616,0.68984375,0.5236099299869784,0.32322942711107316,161.67501134766513,25.805609803381934,1.3755116007960648,1.1449250571582525,645.7577221961734,193.72472671568005,11.64071565507112,7.18592531743069,17.718379300230417,9.214552869232115,0.14442237315068526,0.12021184971379548,15.663477121092422,14.035311699694988,0.8117018500662736,0.5498484583097135,0.5327607710039064,0.5498484583097135,0.7002592196152286
stage1_soc,33,-0.7853675824313344,0.900501745840791,0.2958879248190957,0.1960375950709129,463.18909415583084,16.34255381347541,1.4144863329865924,1.1460612463936568,509.70479967457817,176.16504679757787,1.6673962780073577,0.7549019607843137,0.5842757427523722,0.3802888381879265,152.92270245272363,43.35062156625999,1.6029519999097952,1.3122169593750845,536.5266637097651,155.81371721678892,12.989417113814072,8.454450495721298,22.98015253507363,12.117649602520768,0.1683025659250201,0.13777672776576136,18.813809258448522,16.104131018864404,1.4125911831855773,0.73828125,0.49204321381319854,0.3128459353105427,144.93921700249317,27.28136634844533,1.391383702752808,1.1590227743654395,679.16892867645,199.93968736343942,10.938935291294511,6.9550831033425355,19.358861431094528,9.913022304633511,0.14608887064162307,0.12169204499087702,15.852676420805201,14.497898158095605,0.8117353683950623,0.579619237958602,0.5906682858560405,0.579619237958602,0.7002592196152286
stage1_soc,34,-0.8444804069613289,0.9027904110794871,0.2931485939935346,0.1935083676307176,459.9951995189764,15.967570862635714,1.421679711364738,1.151453220900484,514.0462543701693,177.4146592677805,2.1660210632810406,0.8431372549019608,0.7431444231864722,0.46863734673562585,218.07192055195074,37.80451612489182,1.6148913587772413,1.317241706523825,520.158567323298,160.62635380323104,16.52133090978756,10.41858411438465,29.856325124773807,10.563267351254536,0.16955614353246182,0.13830430303832414,18.915825787070876,15.727222277893459,1.4728685766458511,0.7328125,0.53128054167571,0.33313449368324655,162.48161727772768,28.780341311309428,1.3890742999713126,1.1528820504267059,669.7470386337385,196.84211789495478,11.811246052711232,7.4061313465907705,21.480757014666757,9.633490211031372,0.14584639400233385,0.12104729730312078,15.793519738675391,14.216170018803425,0.8148458328814268,0.6201939279460191,0.5734283374972869,0.6201939279460191,0.7002592196152286
stage1_soc,35,-0.8420494513095976,0.9055485461107362,0.29250415888881387,0.19290985972047642,460.0931102837238,15.80472252434426,1.4245794245394536,1.155115212316386,511.7484808226224,178.02354851956392,1.6901933576546464,0.7470588235294118,0.5529382536394521,0.3266666782554239,121.14992764542599,31.166489609899315,1.6001091283605589,1.2940274636900309,490.7639189352147,157.47083422949697,12.292732847118709,7.2623411012326695,18.19275414859734,8.357611574328143,0.16800407752589236,0.13586691462297923,18.63767820746289,15.560686236834956,1.5985166668891906,0.67890625,0.5010190264098305,0.3098382878157281,148.50988599608218,27.775659185798826,1.38968378230296,1.1546416310033236,663.8976331062361,196.8079652694239,11.138482466064854,6.888218119940302,17.485543239405718,9.811312916389344,0.14591038683574867,0.1212320451471069,15.80005281872073,13.90344893877974,0.817797298444092,0.5811773474375761,0.5286005420770509,0.5811773474375761,0.7002592196152286
stage1_soc,36,-0.9082304828935993,0.9058859775241337,0.2921136581926349,0.19089394870832377,455.2953056955807,15.602051855595432,1.4276722541988154,1.1572797004922482,516.3312370548842,178.98585727583497,1.582695450034796,0.8470588235294118,0.616579662366926,0.3752116609593013,145.37652137954296,31.496450193816457,1.5770052492598285,1.2849579823806005,485.423078579543,157.20759599703376,13.70758673062529,8.341576439932675,21.869145486477745,9.834091413519433,0.1655782767934355,0.13491466092101434,18.439791970969264,15.30244387845909,1.1684918344020843,0.784375,0.49966335674772333,0.31408106326816776,141.62042713367183,28.267703785400567,1.383048954745179,1.147566726779769,646.4015471540694,198.63949609920098,11.10834368497033,6.982542042772313,18.815945432220456,9.231723871249672,0.14521376054718393,0.12048921283861296,15.726516733267994,14.11403594837945,0.8182518800663432,0.662084924819334,0.634475992975683,0.662084924819334,0.7002592196152286
stage1_soc,37,-0.9512604040556826,0.9088054927965729,0.28709691062554904,0.1885021255912252,442.06584472373106,15.502391538809192,1.4185733909048708,1.1504832120126778,513.3826877467998,177.71079447782355,1.5237400531768799,0.7941176470588235,0.5455187634238954,0.3387818338112066,132.89088019159612,34.21881148454213,1.5629667044450062,1.2633026038460873,466.9325107151752,150.44192240518507,12.12778529559495,7.531681067618196,19.267359656501366,10.574249867612917,0.164104294344603,0.13264094606639532,18.18561382099248,14.275498208591904,1.165401864051819,0.75234375,0.47677035548247815,0.29892260319247727,147.76377952870996,25.16512027143977,1.3704128337291568,1.1391305822653521,644.7231100343512,198.17773188746474,10.599394364191541,6.645544378281402,17.85880864177836,9.019678094428922,0.1438870261281525,0.11960345657868095,15.608627894692313,14.18634167793839,0.8226764196089081,0.6304620180316549,0.6093126433552565,0.6304620180316549,0.7002592196152286
stage1_soc,38,-0.9528606609259863,0.910419295208474,0.28740831293429625,0.18796440538143608,445.08851452360426,15.34072807090555,1.4269714872476673,1.1562445751840165,519.4005536242765,178.6007829038001,1.3285889793844785,0.8607843137254902,0.602003234371633,0.3795764945063959,178.19378711946266,30.407123092891062,1.5887627058350218,1.279509988485598,461.97367116951796,158.7802803809405,13.383528602919336,8.438613916293573,23.81540045428312,9.594037280024626,0.16681275549926597,0.13434264669243834,18.440124332673435,14.78700506503105,1.0922113835811615,0.79609375,0.49490165221088744,0.3058052533357113,164.69374217002877,23.948549078164465,1.3606750013541555,1.1290239782822027,631.0904738795813,189.5128513833225,11.002483109430544,6.798557086181565,18.6499151312651,9.69299396552142,0.14286459864725934,0.11854230977999465,15.463695900793216,13.89688133156325,0.8241968013281851,0.6801833434140003,0.6476232543367338,0.6801833434140003,0.7002592196152286
stage1_soc,39,-1.0100476815280022,0.9114462603796837,0.28245954660392036,0.18471037093375486,445.2169489496884,14.968743138618365,1.4378149832983427,1.1651228557350692,524.1496164964102,180.30639895688938,1.8106243788027296,0.8509803921568627,0.5686809070984226,0.35450237459941386,135.3775517250815,37.28676400006431,1.6477811921704575,1.3442720227089582,549.4182287738874,164.89406262173466,12.642718097736003,7.881174716953724,19.203046974091166,9.978688463555226,0.17300942432517188,0.14114236155285143,19.31052835460778,16.029462827770097,1.307162880897522,0.7921875,0.4940185515022091,0.3112582424688298,140.82550816891504,27.772803941604767,1.4220143555819065,1.1857116205639613,675.691393265254,203.4201727289082,10.982850318576538,6.919786062817673,17.493072479163157,9.832882534910684,0.14930494789620452,0.12449425073193614,16.24327152856364,15.010264883930382,0.8267083963985076,0.6803761200273359,0.6439819345493374,0.6803761200273359,0.7002592196152286
stage1_soc,40,-1.0015815807208746,0.9099644963469382,0.2831789826500008,0.18553503504765861,450.5577177952278,15.141501511620948,1.4388982113155557,1.1680956896546593,527.1357532762652,181.92685361703957,2.496060614492379,0.7254901960784313,0.6729900820299206,0.42660137260077047,178.12570037526154,39.68983557747453,1.6217972361618274,1.3113156226043607,521.7848233107266,160.2472928705584,14.961683755287298,9.484054812772774,24.365849184653747,11.758384462629273,0.17028122880254778,0.1376820915625039,18.889508168541564,15.710214308155146,2.469203531742096,0.65234375,0.6318353849735239,0.382997403950867,164.73516704003427,28.84323523066674,1.430537759061084,1.1909491614344005,672.0704051520885,209.60858797870748,14.046746702210362,8.514666397051197,21.585815806490547,9.663552852214494,0.15019986594492993,0.1250441683637066,16.308371906623442,15.139083910686992,0.825010801551938,0.5235931714694552,0.46279313450794285,0.5235931714694552,0.7002592196152286
stage1_soc,41,-1.0148544508066086,0.9109034359320443,0.28659307833655373,0.1869304180918132,443.82544545209754,15.22881246063866,1.4453407913954976,1.1734036988202339,528.5536764544495,182.42042771199056,1.6781326396792542,0.8352941176470589,0.6096760193002806,0.3846799366705704,166.36155002712275,37.19100621808596,1.651366934854051,1.3327101334746854,535.1247763173149,169.80186784908716,13.55410731528089,8.552071885084832,23.95629620493254,10.681409782158166,0.17338591076670576,0.1399284165157084,19.22240989223559,15.705572341248487,1.0924621224403381,0.78671875,0.4710629751615691,0.2997808857173368,148.69655598622847,26.78492360040738,1.4488852638470981,1.2104971255081183,688.4689817571401,207.493464031654,10.472509850269693,6.664625419819049,17.88079877820264,8.985422548756748,0.15212626931445164,0.1270966144209821,16.578001442036705,15.361067572732615,0.8249255124310781,0.6523913118569746,0.6453998574515293,0.6523913118569746,0.7002592196152286
stage1_soc,42,-1.0522324581394726,0.914732548927555,0.281792378640233,0.1836012074371762,437.28782042125135,14.773363343192262,1.4516657234338797,1.1777429844558742,527.9103678865092,184.66598886900533,1.6508736629112095,0.8529411764705882,0.5940031315994129,0.363566650946935,158.51249017521573,28.854668007717628,1.6289037189960855,1.323761464008952,508.1203708159948,164.47141071243203,13.205673072973454,8.08268858737078,20.989746837739204,9.35256747933637,0.17102737671950044,0.13898884750005316,19.03001000623739,15.766015570029502,1.2936751425266266,0.78203125,0.49909178809525573,0.3034652691516385,150.96326982359727,24.088314415673196,1.3884518787926972,1.1529866186254367,654.9726399449543,197.0584223960825,11.095636767511962,6.746535363589649,18.09898599803721,8.049273664296177,0.1457810426496714,0.12105827648163739,15.796118244589826,13.798778509367262,0.8301948353354851,0.6747402369907644,0.6323037135714232,0.6747402369907644,0.7002592196152286
stage1_soc,43,-1.1136856185295454,0.9201754643349667,0.2744444237177989,0.1774825640493458,422.7899451281558,14.29748817942339,1.4503901077840273,1.1762268637030415,529.7583841074037,183.57830543594702,2.08345982280432,0.7627450980392156,0.6482316802797717,0.4122840358565251,186.86250145868675,39.7345874504376,1.61948521364435,1.3011894570115734,502.56744686032664,165.58437351675673,14.411263493290615,9.165756712540398,23.345224064862812,11.249476187272043,0.17003847710306472,0.13661889088503903,18.75467480672538,15.15210108997789,1.5715393662452697,0.725,0.5468287359731883,0.33517318527301543,164.4413946282075,26.30563137960057,1.4012965340633647,1.167043545087654,647.8530831193187,202.20258178424453,12.156908154213479,7.451454835978137,18.857553478028912,9.519064931057352,0.1471296722035179,0.12253418891865583,15.98338624384851,14.578637475321505,0.837842137219627,0.5682755939552842,0.5609513792080435,0.5682755939552842,0.7002592196152286
stage1_soc,44,-1.0974800968347855,0.9151433349960388,0.28016656379398247,0.1816551804144104,441.2984312217292,14.533780803320314,1.453147750725856,1.1796726050901938,530.8436650070454,184.2273526431423,3.0443394371107515,0.6607843137254902,0.703998961757063,0.47800758372919233,214.0060157191118,48.692643571142085,1.6375222473542494,1.3129979737979525,499.5814060990209,166.6543439512883,15.65106249127678,10.6268999965251,27.473451483002275,15.15062837922682,0.17193228244172923,0.1378587306775145,18.97242423189857,14.978411858784963,2.831990647315979,0.6,0.6159275893802261,0.41179649879195496,237.66428073836414,33.36108676793867,1.41069662649321,1.1730255634836795,682.4579838546231,203.94481569842577,13.693090068530443,9.154917956407353,23.41753283174171,14.192195161118715,0.14811663854808987,0.12316227325650156,16.082179603066628,14.450325344124343,0.8310933658578441,0.4495846251983713,0.4152217231859322,0.4495846251983713,0.7002592196152286
stage1_soc,45,-1.113270941801584,0.9172119362694756,0.28201426342486086,0.18294585055550383,435.10910543728585,14.787617620505653,1.4526260351890437,1.1781500848928497,527.8348989648648,184.8243360345125,1.8156069236643173,0.8254901960784313,0.5990680949628037,0.374430511029912,160.79370432264227,31.070700931403024,1.6508133400489284,1.3453133207764112,525.0148765594722,163.61830380969002,13.318275594316113,8.32421018369642,23.954952482604924,10.058870455569535,0.17332778586577915,0.14125169304665472,19.340971124752915,15.845135246771378,1.3254958629608153,0.8015625,0.4606376637234799,0.28790015943995967,131.90021221967277,25.679748917968958,1.4117933515263492,1.1758017983018363,684.3590719030906,198.73544907374617,10.24073791640019,6.400497204423826,17.068421226565427,8.896800777675601,0.14823178961761782,0.12345376510624655,16.099399798508507,14.531243259457597,0.8326076572420174,0.6457697675895903,0.663371200882956,0.6457697675895903,0.7002592196152286
stage1_soc,46,-1.1890760231583315,0.9236671459170799,0.2722060745336924,0.17636292380815877,423.17035216047327,14.182335377567245,1.445942216041479,1.171246868868004,523.7809895011704,183.5052133231755,2.00251626033409,0.788235294117647,0.6015026011989115,0.37581224750143055,149.87015157433012,39.01007076303394,1.630140387755448,1.3177109152078628,519.9180344637492,158.95179373045198,13.372398698619602,8.354928473121507,19.95115894031567,12.449160476846448,0.17115722123475208,0.13835356778579153,18.98344666375511,15.165446554385458,1.694170731306076,0.72890625,0.5520080920674556,0.3481502891139826,183.33376622426732,27.806078111050454,1.4143011827104561,1.1835976407739508,673.2817649959384,201.77078439155702,12.272053815357115,7.739957339822527,19.270269377932827,10.479088177353812,0.1484951003238746,0.12427229260530952,16.18245470154709,14.59175084379692,0.8420053235569722,0.6077845137579736,0.5633038223797633,0.6077845137579736,0.7002592196152286
stage1_soc,47,-1.2074633626527083,0.9235937912619935,0.26924640741513867,0.17437089565068492,420.57607136713943,13.988506524430248,1.4522986703543417,1.1793869533345296,535.8958316776278,184.8950684561498,1.4129698309243894,0.8921568627450981,0.5653140824364821,0.3404744126651363,133.63481529741097,34.63825049550474,1.5975397152019317,1.3003712057409917,531.0798713851051,157.61418145418867,12.567868011239161,7.569309897848503,23.102707701313573,9.402829843929077,0.16773430099637504,0.13653297827604138,18.708849927574327,15.702497758277904,0.8696833580732346,0.8359375,0.43970651929686266,0.2733554739403189,134.67953369125297,25.035889829068836,1.3927452256845338,1.1595370283925148,665.0208013372563,197.9150551004808,9.775403921279937,6.077144764950487,17.111966321268632,8.772680188726039,0.14623182426904802,0.12174603929157905,15.879155911088864,14.627702817624314,0.8428198690374519,0.7225626380141534,0.7040255442109412,0.7225626380141534,0.7225626380141534
stage1_soc,48,-1.2039052733184061,0.9230803086763886,0.27427104957574566,0.1764174349805003,426.0656529218257,14.067563194553369,1.4528204575084478,1.1800750671590206,535.5914414071545,185.7579633507026,1.420437957726273,0.8470588235294118,0.5612507846653713,0.3437623115439041,148.0497376151128,31.90116476324613,1.6332733843552238,1.3143725105141308,517.2882800574166,162.9127250265255,12.477534174414178,7.642405333512442,22.281466034708497,9.471541154455256,0.17148617142590336,0.13800305069227725,18.973003487370416,15.79452841696967,0.989933067560196,0.81484375,0.435284801782244,0.26386887663211384,126.741784654464,24.54773515582619,1.4214849758142583,1.1894943791754486,694.706704175935,201.83832302355358,9.677101820141395,5.866242000364403,15.918123422994649,7.9715608443584856,0.14924936546251405,0.12489142293710764,16.276491759414444,14.657170520526288,0.8407989938036649,0.6786835881298003,0.6842583094653267,0.6786835881298003,0.7225626380141534
stage1_soc,49,-1.234452207646513,0.9264692937413809,0.26592593757090965,0.17105294958682743,419.91551643416545,13.502672026504982,1.456408727848406,1.1828901042900999,532.0345829505084,186.17163836050742,1.921763123250475,0.7941176470588235,0.6177420157951032,0.3933649361170098,180.02986110414176,39.173556033985996,1.6205854367737265,1.300034912182566,490.9656267920734,166.0636732276254,13.733427771776752,8.745153802043447,23.986404473225956,11.577299136227989,0.17015399545656157,0.13649766900365498,18.76562210292077,15.153821110786641,1.5818399786949158,0.75703125,0.4749931447623957,0.29844344152370467,154.22531690635145,25.502085677224887,1.4118900938681074,1.1759768115465703,667.8345605031436,201.36598372393712,10.559884027456448,6.634891821063607,18.14339372575943,8.991721815143332,0.14824194711725125,0.12347214068964596,16.107388796790268,14.895056815938233,0.846691512470108,0.6087950423202926,0.6145333065712814,0.6087950423202926,0.7225626380141534
stage1_soc,50,-1.189241163289406,0.9222147237463689,0.2732845784680491,0.17654221519075783,430.2679677116174,14.159973042452245,1.4604721362856006,1.1867978069743261,533.7256158045889,186.67269992374412,1.7250849204904892,0.8313725490196079,0.5646398325720573,0.3432862694448262,141.1065938533171,34.612026346693426,1.6763917671809516,1.3555509842640046,545.9168651837922,168.2588283937414,12.552878320435486,7.631822129493858,21.382553169409608,10.275927654489465,0.1760134027269752,0.1423266004887589,19.539373040175214,16.430101563031663,1.0127620577812195,0.80859375,0.45097319918198225,0.27437243556232715,129.80693343997686,24.231062210191343,1.4343370333676027,1.1962694010981068,699.7906284903867,204.3412769242976,10.025880868733259,6.099753505533791,16.87156001454013,8.556624996083718,0.15059877222189647,0.12560276898729866,16.397579563090357,15.326386282639263,0.8402293502059542,0.6619805992479907,0.6733017902454053,0.6619805992479907,0.7225626380141534
stage1_soc,51,-1.1978866541974333,0.9239899063994601,0.26993447798435466,0.17449294222142075,431.4568598258081,13.871944666452753,1.4639783225529277,1.190293525737284,539.4290085454287,187.53147305741317,1.5509844508825563,0.8470588235294118,0.5749201552312849,0.33995359738302583,122.16726248185539,31.74176128389441,1.6748286777237267,1.3618614257112438,521.7509836618157,173.25495156174622,12.781426913701143,7.557731311842667,23.451772303403107,8.68211119035159,0.1758492855441549,0.14298916773203862,19.605760179800075,16.170748150575132,0.870238196849823,0.8375,0.434798043169153,0.2645582487661159,136.00102481345294,22.371391580625872,1.4576966598729753,1.2179510376496183,713.057189687271,210.12175472030702,9.66628037027357,5.881567884257873,16.75882349602041,7.969190896374832,0.1530514252521342,0.12787924081258006,16.69050703940048,15.276245004020659,0.8430095630041538,0.6745827769600263,0.7070605870492541,0.6745827769600263,0.7225626380141534
stage1_soc,52,-1.2370177689234816,0.9231683342624923,0.2728540157440099,0.17505351191272955,429.72431350034356,13.883489238637114,1.4597754496599415,1.1854257525733574,533.443066867951,186.72890133886668,1.7640495318992466,0.8725490196078431,0.5415142848383424,0.3292089695695276,137.03777588120693,33.09842599886554,1.643097434202969,1.3252333585099847,521.9614122343901,164.251534649252,12.038759106648529,7.31886044627369,19.890534417967018,10.069007499924389,0.17251765134373237,0.13914338963313555,19.1196383447859,15.596772052876894,1.2222437143325806,0.803125,0.4622711524258281,0.2797351103894471,139.387123798598,24.94161567114254,1.424488935636354,1.1932724459264137,697.5059054011867,203.1384258010423,10.277053074728604,6.218974645619241,16.512710935552082,7.821947945559438,0.1495647673872272,0.12528810251856687,16.3299662214176,15.072019820803856,0.8413121295392894,0.7100947341563404,0.6644436542722516,0.7100947341563404,0.7225626380141534
stage1_soc,53,-1.2954933790599392,0.9302543939438397,0.2637270917067021,0.16936926356918647,416.5667390549476,13.458475961610041,1.4632262791916149,1.188968699678641,536.7407142940477,187.48374809271434,1.9169194506663902,0.8764705882352941,0.5616913997507071,0.33766833996655893,141.52458725529013,30.119878911964285,1.6225486712037973,1.3039556079635433,484.0819711990494,163.60610194634222,12.487329777262769,7.506926255902656,20.635232826940303,9.199610778290438,0.1703601260157498,0.13690932397534913,18.832707448884527,15.40919607801509,1.1727051317691803,0.8234375,0.4363095127220555,0.2667520608913037,128.54656525653974,25.0408799004581,1.4020084235550583,1.1613464008718437,676.6990763307,194.63807202572158,9.699882840889574,5.930339959971933,15.297872853925554,7.727820994896314,0.1472044173163559,0.12193601505567075,15.935259169420595,14.545822049272099,0.851136266431829,0.707963168310082,0.6925446461833834,0.707963168310082,0.7225626380141534
stage1_soc,54,-1.2633653613156246,0.9289046682902496,0.26618851921171066,0.1710453697281514,420.15862029919816,13.650461807623923,1.452496949750873,1.1800011401376356,530.3060623712432,186.0220236990544,1.518492369558297,0.884313725490196,0.5662254416553615,0.3437680682094366,152.20395913506687,29.622543357984057,1.6100444465885893,1.3071017374448917,490.5976498788849,165.88244459752593,12.588129035560963,7.642533313718216,19.46399599847565,8.966661606269664,0.1690472401103947,0.1372396530584864,18.805767072462608,15.22030697783211,0.9951150178909302,0.85390625,0.46638124465311276,0.28097859876834264,133.2217703256403,23.920362785285757,1.3891896226486224,1.1582524609249958,662.2513894392168,196.55224042894304,10.368427229789278,6.24661945105574,15.976453534170986,8.28066589980736,0.1458585023514932,0.12161116563291714,15.863543658042724,14.53416718774471,0.8490481125267364,0.7144460929935876,0.7139918766040662,0.7144460929935876,0.7225626380141534
stage1_soc,55,-1.2871575517583902,0.9327924650098295,0.26147860289995445,0.16742594324535798,401.9681930604013,13.169864890988427,1.4510055643131703,1.179111380948748,530.2657195751331,185.77931271311712,1.5396406968434653,0.8980392156862745,0.5791525351591776,0.35039189547373384,153.80712056874052,32.63040391823234,1.6656196684122646,1.3530645752508266,542.9182071938155,170.66812408901706,12.875519726811193,7.789791960501154,21.930848757288544,9.525116223211317,0.1748823820455887,0.1420655390116339,19.483052928297703,16.04897496229669,0.9863701641559601,0.8296875,0.4798683696315783,0.283533366402844,134.56577371156132,24.230106586049914,1.44397087675183,1.213983970865229,709.6016638871835,203.46651553216947,10.668268347933521,6.303416165355539,17.280771449316163,7.854818362564159,0.1516102813384368,0.12746271709942697,16.606174251116133,15.113125701036735,0.8543488841398431,0.7242934551385213,0.6857269891105265,0.7242934551385213,0.7242934551385213
stage1_soc,56,-1.2563784775545486,0.9281271089463338,0.2705721532238904,0.1729062300615717,420.9508658444163,13.731505040758154,1.4629580344100197,1.1903588679593966,536.069481818901,188.194596660943,2.019725608358196,0.8333333333333334,0.5801237056809515,0.37068666906150827,163.65091221981336,38.33921276698066,1.6502598434516975,1.3354964935458173,523.4176487230385,171.6713907086683,12.89711045542254,8.24097837827059,21.440691559663716,10.949651870695801,0.17326967127622814,0.1402209714703102,19.270824303469016,15.982718659660755,1.4076447486877441,0.79609375,0.49410227074310376,0.3115048261679476,163.91154583071017,25.0346026662959,1.448404669645117,1.2090660488924185,703.1790222675631,206.43870767427526,10.984711535910856,6.925268026703799,18.06671280332479,9.633035445881024,0.15207580914011912,0.12694635797757575,16.564727375216144,15.27197989912008,0.8469554629791667,0.6592962216290479,0.6478630687770689,0.6592962216290479,0.7242934551385213
stage1_soc,57,-1.311986189692909,0.9299169625304422,0.2654357942145078,0.1698087538254185,413.5462054575757,13.35255156047082,1.4612090894469731,1.1884389093259626,539.6177897358975,187.11310245796852,2.0264026520298977,0.8235294117647058,0.5800304681880157,0.37378474621686575,176.35223066771246,42.19862747291307,1.6379160666469523,1.3279170577834343,515.9520026750374,167.62568677380733,12.895037631586513,8.309853762745986,21.765320409803106,11.87056874075934,0.17197363165086113,0.13942516567753244,19.119546595383966,15.37726043976945,1.540426790714264,0.76875,0.4694938494151462,0.29249650310885045,154.74070432280024,25.4595114115241,1.3968811425156067,1.1643671529040147,663.3659030767201,198.80058256363367,10.437625587013619,6.502681534090518,17.42304267814475,8.809637044322326,0.1466660764582347,0.12225318008498305,15.956350863295494,14.39076131288149,0.8502862242660899,0.6495202713083011,0.6279018451754562,0.6495202713083011,0.7242934551385213
stage1_soc,58,-1.381183025958039,0.9338341011120566,0.2609011273270126,0.16629490219474433,408.57782902686284,13.11423819164559,1.461420266220609,1.1878716429774845,532.2590376496084,187.4569619068825,2.0627480838813033,0.803921568627451,0.5643113972580426,0.34514330387225045,149.49871197365476,32.60433252776688,1.665558440461728,1.348099803471682,538.3544080208173,169.9848990931555,12.545576659633095,7.673107079402774,19.166352436976357,10.076085003144769,0.17487595339321343,0.1415442608762255,19.440409244679184,16.08117618585464,1.595331084728241,0.76015625,0.49482046421892123,0.3043710927147913,161.76427276854434,25.819507384603114,1.4151254339144825,1.1827679759233434,665.7655028083212,202.05396207858803,11.000678165950754,6.7666733211195735,16.864700935721714,8.854340493363775,0.1485816428982076,0.12418518162305744,16.196152458130495,14.777886988351757,0.8555637629139528,0.6346281494500382,0.6117101107343236,0.6346281494500382,0.7242934551385213
stage1_soc,59,-1.3169116510870185,0.9336873918018838,0.26572293610190556,0.169196644034132,421.94421846157957,13.247885770032841,1.4582159386916376,1.1856047204333262,533.2772838138291,187.06828618891757,2.510293862398933,0.8058823529411765,0.6453853176556203,0.41669484624346975,182.960736043202,42.17916840959778,1.6716334919347324,1.3400363874055592,511.0045417166793,169.3857194147637,14.347984139593498,9.263816330172428,22.35563898956569,12.203452300675643,0.17551380577500078,0.14069763938404986,19.367993011071302,14.830151792969826,2.1930171251296997,0.73359375,0.6019661514755162,0.3671843822714436,178.9462818980006,29.64736008608248,1.455081593351897,1.216960326339904,710.753446182333,211.45253786547,13.3827041887426,8.163116744388535,19.180650387188106,9.668072634826316,0.15277685533014845,0.12777522069499375,16.66408999221009,15.315780407816526,0.853970510971312,0.6122667576444905,0.5530039045573452,0.6122667576444905,0.7242934551385213
stage1_soc,60,-1.3483628714953135,0.9323229952172765,0.26335749132231856,0.16903460784772487,421.9903300688861,13.38161479967411,1.4701865058286019,1.1972140429141214,537.5448883508953,189.80783865743007,2.1476389660554775,0.8098039215686275,0.6187796292196206,0.3890865538177975,152.7942142222271,40.55280076805032,1.6426037178651764,1.3147466570394588,506.77430315080323,167.23581904602065,13.75649563612186,8.650038280055432,26.815889898489967,10.241870367501463,0.1724658134056692,0.13804233435158098,19.017889773501643,15.00164644380883,1.9101288080215455,0.75390625,0.5225738385800326,0.3270414749109477,164.79979194268338,26.533213027730106,1.4279647250536345,1.189131089051807,682.0734213243402,207.79767963611897,11.617681627696546,7.270673451414671,19.988496950578792,8.784036535786845,0.14992970924298848,0.12485327914990285,16.300893152505104,14.927415316402376,0.8533157478205808,0.6241700328027413,0.5971340984259902,0.6241700328027413,0.7242934551385213
stage1_soc,61,-1.4064074039829997,0.9368416419705995,0.25543184051302753,0.16323590977448071,407.4328740332427,12.818392221224656,1.4642642667198402,1.1915484400671883,539.2425673104455,188.13103740645573,1.8877561209248561,0.8490196078431372,0.5276320600115633,0.30848845285089577,119.15055144965628,29.35262999908968,1.6575397565772956,1.3359745709481192,544.3349008219532,168.5037680598247,11.730134264731717,6.8582090538263785,18.44989521775174,8.451608641897387,0.17403402857377562,0.14027116739228587,19.287034610873544,15.458980772711243,1.369637417793274,0.81796875,0.4519513549875133,0.2704997148997791,122.90169964149456,22.40705276064682,1.4328882250204575,1.1925243326106283,675.8930094027207,204.12322422994413,10.04762689176767,6.013656513359936,15.272059659492749,7.697622674230283,0.15044665402848095,0.12520955407129183,16.35512321129341,14.96185069671226,0.8602120898166913,0.6907299898396683,0.6823833435037461,0.6907299898396683,0.7242934551385213
stage1_soc,62,-1.4016459048527137,0.9327191103547431,0.2654162027418481,0.16844913604208367,417.0864341253265,13.066929278104523,1.4660207496155686,1.1918196237692307,538.3049533260584,187.54979880735868,1.866929666668761,0.8254901960784313,0.5754430993251136,0.3592732628862209,140.2136122452661,34.87599922039229,1.6336632403367943,1.3317589560121883,517.3129915912066,164.0374137166919,12.79305282671603,7.987239462460387,21.49284182925284,10.83299769496828,0.17152710450564823,0.13982854726971888,19.159156801437543,15.180001352791983,1.266701066493988,0.796875,0.4509864123886352,0.27796059300344494,145.59776328698985,24.32006671454505,1.3950558392781016,1.1617590232075599,666.0555536245496,194.8350338837963,10.026174620193514,6.179524186159956,16.837800730030995,8.41469736356898,0.1464744280380196,0.12197933849758473,15.916889395553815,14.512409298719994,0.8530942495321887,0.6528572662808972,0.6615790762834095,0.6528572662808972,0.7242934551385213
stage1_soc,63,-1.441416315400563,0.9374578210733253,0.2525941344141171,0.1608658608316157,394.09140671286286,12.655624012059073,1.4700679881113754,1.1959505089314935,541.0226065004332,190.08051752269267,1.734461922271579,0.8764705882352941,0.5724756935061728,0.3497204979680771,136.79307712096175,31.811906727359393,1.6813526833686852,1.3641638784285854,547.3669776457853,169.64103753451485,12.727082482394346,7.774865682355382,22.837293901601686,10.183608462795235,0.17653427604307043,0.14323091464665083,19.659792346640966,16.141678318965873,1.224799382686615,0.82734375,0.44879570567378085,0.27398732132423903,138.28013355340846,22.282834745285406,1.4487931070070101,1.21198155077509,700.6951675933881,206.5495080104263,9.97747158289262,6.0911917784091445,16.43498276072106,7.666800784668974,0.15211659327134167,0.12725247222668642,16.60558274258114,15.238733350310824,0.8616795807490902,0.7047278801834422,0.6927050382978658,0.7047278801834422,0.7242934551385213
stage1_soc,64,-1.3814590795964745,0.9337167336639183,0.2602502150079425,0.16575944982428092,410.86148430187694,12.932083724678183,1.4693633286236039,1.1968071490266268,538.7129008970641,189.7331014223834,2.573190340341306,0.8352941176470589,0.6004597245103607,0.37245214175907715,162.44387068802618,35.65338058840447,1.6617515078919425,1.339658445777262,489.01012332304873,174.65067378521854,13.349213823200937,8.280227759331224,21.62130091002937,9.846843867693075,0.17447624303392975,0.1406579572564404,19.327271587398766,15.34569666921976,1.7583800315856934,0.775,0.5002149319551961,0.31081543790824073,152.34299075260992,26.879205664098155,1.4461888056510717,1.206715339046059,700.9604897112602,204.10339350600123,11.120606115044446,6.909941784309213,17.88686498962395,8.923364870591628,0.1518431536420383,0.12669954428701624,16.54080379708639,15.38186785630586,0.8556416691615355,0.6551562002939506,0.6249355204134412,0.6551562002939506,0.7242934551385213
stage1_soc,65,-1.4560314226778721,0.9391889909333646,0.252106225817854,0.16046322056830062,398.33511528942546,12.435464168120701,1.4765364764888662,1.2029349925484552,545.0444091850903,191.4318562290539,1.9392631367141124,0.8411764705882353,0.5561934332898866,0.34108850040527827,142.9903379912041,33.24886196342522,1.6776110389877847,1.3534547848882628,510.8245778183817,170.39544686808796,12.365100880165414,7.582962085022332,20.281997428147225,9.384519949842332,0.17614142064245958,0.14210650922361334,19.5302338914954,15.300194653289513,1.1991833567619323,0.81796875,0.45464510851484774,0.275188328191507,136.11484284998272,22.705324988641493,1.4472126922658628,1.2112162038298266,722.6025363022472,207.39303447622626,10.107513492576263,6.1178921495079175,15.827012886514634,8.038894302173755,0.15195065701362728,0.12717211432781114,16.590235777433413,15.414823766175134,0.8635571231880084,0.6743184406012693,0.6815752174455457,0.6743184406012693,0.7242934551385213
stage1_soc,66,-1.4732190505575642,0.9403626654147472,0.2536310264223525,0.1603784808560605,400.14052402202765,12.394975065321004,1.4733009708972895,1.2000767042968221,542.5516049073484,189.67881900828985,1.9746408588746014,0.8627450980392157,0.5704928938592442,0.34417524414465706,147.06404014227263,32.13177204660701,1.647384489251215,1.3314971723538989,514.2122285932562,168.64821089215516,12.683001563433459,7.6515855088964235,22.99861864045067,9.292830653081403,0.1729677723485549,0.13980106119314903,19.199308186846288,15.549946583031854,1.1786047011613845,0.82265625,0.4444555356348321,0.27035406125651207,122.92942500098313,25.120222575375166,1.397114836864563,1.1650869780416542,658.7971609181616,198.74810841978683,9.880982417151785,6.01041839171958,15.90441453303443,8.26977179217053,0.14669061328689442,0.12232875840403992,15.969860258292233,14.610711297374486,0.8642733574880415,0.6915972298814425,0.6893195893095504,0.6915972298814425,0.7242934551385213
stage1_soc,67,-1.4799535443170617,0.9376192013145154,0.25594018656213063,0.1619296257670451,396.20995541178013,12.600747010853482,1.4715334798133124,1.1989857185725612,539.522323572811,189.28288396751253,2.0445315580742034,0.8058823529411765,0.5570591611000097,0.3440469104796648,151.2518248525139,34.304527697579644,1.6670754576197908,1.3539405646861769,507.19721201551863,166.35851743270644,12.384347442721213,7.648732439048826,22.05242000072128,9.884571665671125,0.17503523319714306,0.14215751386159878,19.49489039363038,15.632661438042735,1.4817586541175842,0.77890625,0.45475571571732953,0.27617765463874094,132.03432260339758,23.11493481067329,1.4342580498435382,1.2009891232235532,677.4369543730542,202.12954892173235,10.109972473813547,6.1398865144019865,17.140053001523597,7.790473488382769,0.1505904793162034,0.126098318039429,16.439942543651643,14.881312378008717,0.8608371453458762,0.6387646046111736,0.6424795352848012,0.6387646046111736,0.7242934551385213
stage1_soc,68,-1.3780562891156625,0.936973680349755,0.25665217259015793,0.16282845035561036,407.5448499769929,12.559388299861666,1.4642381534519238,1.1905834443832446,532.687367655102,188.8828337015902,2.2373207947787117,0.8196078431372549,0.555270771798861,0.34399115315218476,148.57214646865646,34.235526958988764,1.646887712557325,1.3257491542282058,513.2081035877446,168.63366217717447,12.344588587621269,7.647492861344679,19.710919049378465,10.500390184600594,0.17291561308721817,0.13919754580429639,19.13644512894667,14.918810578073217,1.743431854248047,0.7671875,0.48594434918189244,0.29876847494633696,148.5355571186013,23.256313847502703,1.4349087437286283,1.1967713989513868,681.5333418296929,203.18099611294582,10.80334743299402,6.642117852188248,16.654566537371473,8.254500892060884,0.15065879917262986,0.12565547644628725,16.403994061759654,15.013276307332836,0.8599780285727077,0.6530266115975966,0.6214041952454323,0.6530266115975966,0.7242934551385213
stage1_soc,69,-1.3928480932946978,0.94050937472492,0.2534924198570431,0.16016942337620102,400.3227555649612,12.325870347776004,1.461144379885176,1.1876652468580429,527.6730527274015,188.92897088191626,2.2704506509444293,0.7784313725490196,0.59101357614359,0.3679750513595839,161.88557131058965,34.892284352037976,1.6161554092197612,1.3018726951351354,463.0141128023667,168.01459647618722,13.139210305551977,8.180694627284158,21.077791209931483,9.745500306733021,0.16968886299813934,0.13669062773638563,18.780004362057813,14.463589735978683,1.808496081829071,0.7234375,0.5047535401594263,0.310006270005033,162.940399113365,24.55036466246328,1.4231894667402682,1.1860184757875687,658.0024783848058,204.71522217915705,11.22150688974238,6.891952642127197,16.973424021141824,8.408133936183775,0.14942832914730284,0.12452646911495915,16.254797403083895,14.361217488517891,0.8644616487678071,0.6011272997059427,0.5720114379521721,0.6011272997059427,0.7242934551385213
stage1_soc,70,-1.4508190868550115,0.9418591003785101,0.24700365743760158,0.156787945251636,378.5904866030549,12.260724205586984,1.4623655952770842,1.1881621374437068,527.2137850598695,188.12049379271537,2.387370423709645,0.8588235294117647,0.5874484136388601,0.36048492815199434,140.2931961762711,34.95337139853046,1.6674340519707025,1.342507308356318,517.9416406812834,170.8825278313738,13.059950840433135,8.014176787404445,24.22018400550612,9.464168240423623,0.17507288394987183,0.1409570746860639,19.384140696844266,15.586426424288053,1.386296308040619,0.815625,0.4372905814749577,0.26733114529270097,125.23598772669973,25.143279669252486,1.4538569188256036,1.213594231611205,719.7452624848524,211.37076100326547,9.721693623566852,5.9432139649724105,15.79835798325261,7.947476736969181,0.15264827015404225,0.12742179627553601,16.6378874894982,15.091210146615257,0.8677580031472296,0.6825890053201066,0.6844378255575128,0.6825890053201066,0.7242934551385213
stage1_soc,71,-1.459833368379631,0.9389542560370882,0.25125036858513,0.15904722178433436,391.00576271395084,12.496694393318638,1.4694723660081623,1.1959537019035391,534.9999476095462,190.15112317755012,2.162849600642335,0.8137254901960784,0.5529149957602335,0.3425321538403046,137.5606511637196,35.530012789426536,1.6519239753029105,1.3286325702772421,507.0958091859479,168.72944255295005,12.292215785956918,7.615056891058623,20.293103008415873,10.156409793368478,0.17344439744433074,0.1395002911888803,19.19578971054021,15.27722349017938,1.8054026246070862,0.77421875,0.48250918717333297,0.2957748422672012,146.13274726139966,22.097434625775154,1.4138488733871926,1.1761307046363072,655.4859809868796,201.0458945924974,10.726978094139545,6.575564441342097,16.980214378597765,7.8683656332859435,0.1484476099313355,0.12348829875419332,16.12740073068211,14.574436457963099,0.8635791454615491,0.6478509914680084,0.6294659938480001,0.6478509914680084,0.7242934551385213
stage1_soc,72,-1.5121704797111506,0.9455268331328306,0.24594122073827065,0.15492161302443086,386.9431172883891,11.852088961047263,1.456825845838822,1.1841365895036886,528.7740055607231,187.9628156893449,2.4745519399642943,0.8549019607843137,0.6032323432719412,0.367957673034649,148.3748807201075,33.04650154782558,1.639783570692014,1.3297745418168752,520.2215974445238,170.43249235130529,13.410853728739546,8.18030827834854,21.916651993962162,9.780595234420545,0.17216971096120665,0.13962019293287786,19.171803750670072,15.820180801328167,1.8308624029159546,0.8,0.5069402215681439,0.31023214916785946,134.02099587185438,26.732414760220678,1.4578436492265046,1.2189648944673537,690.7662502776143,212.13731422197594,11.27012043782338,6.896974309892232,17.788032828361985,8.799086741037193,0.15306685845622514,0.12798569110174346,16.70396158694016,15.249024961483943,0.8717444669113494,0.6739322578027314,0.6479179335295568,0.6739322578027314,0.7242934551385213
stage1_soc,73,-1.5150453237569275,0.9444118423755171,0.25142473484191274,0.15661919771680174,388.3330892647209,12.076445599294901,1.470408459455432,1.1971725809083797,535.6346225808973,190.2790828400225,2.1458558606166465,0.8470588235294118,0.5565495420142678,0.3293822936896308,124.92259170439307,32.694687523468204,1.6461652548794572,1.3260331130641347,480.8919366114786,174.1938736023405,12.37301776669756,7.322713728426563,19.534611438073355,9.18504790335643,0.17283975836358065,0.1392273601722292,19.140945335585187,14.737070895764653,1.6173188269138337,0.80703125,0.4739769194334878,0.28355785696512614,141.14029630733208,23.579490941126103,1.4181347254098717,1.1819693146120698,648.6398480810286,205.98241591377626,10.537291655887804,6.303960631102716,15.735774214524644,7.543993286161583,0.14889760462402274,0.12410132586942295,16.200834847454665,14.445919267184337,0.8689844219229433,0.6800939609251314,0.6648381741699536,0.6800939609251314,0.7242934551385213
stage1_soc,74,-1.5687133620096685,0.9435462574454975,0.24847765780704756,0.1553100951194789,386.9321510526562,11.797557793994493,1.4650621654074645,1.193424046966682,536.8464449636044,189.27659318122807,2.3200957634869743,0.8392156862745098,0.5845506314684608,0.3615641871503755,172.32000852435885,32.69897854038518,1.6469097518373936,1.3284137052502119,522.1775910857428,165.62766982775116,12.995528345090479,8.038170501806775,20.387827566585827,9.585868846890847,0.17291792710996304,0.1394773113706184,19.170568503436993,15.548891308567153,1.6021909356117248,0.790625,0.4811534681605531,0.2898467570605135,144.59978403361882,23.77709498064208,1.4372072983106865,1.1987257483073335,673.4788075053693,206.96592239073863,10.696838215897863,6.443773292400744,16.126395104166335,8.566057465795605,0.15090013680101852,0.12586067411367732,16.434574026712898,15.10052351032498,0.8690029601033832,0.6638504968339716,0.6462789595518341,0.6638504968339716,0.7242934551385213
stage1_soc,75,-1.502606867925406,0.9455561749948652,0.2470307370534972,0.1551327281616568,378.1442413263374,11.900773312657595,1.4711572047405177,1.1996804494234223,537.8173317502246,190.49730014768198,2.3084582917830523,0.807843137254902,0.5998903405236469,0.3690882740250113,149.113665860621,32.04228499514679,1.6376360470667055,1.316194270215198,511.4562670821197,172.08933370254405,13.336555474479303,8.205443410236654,20.59196296273269,10.15078475238861,0.17194423088660407,0.13819432705751195,18.99867709597368,14.671113199904207,2.2352140069007875,0.74765625,0.5676144540771053,0.3487018315583555,189.48790202072868,25.56018510971368,1.4185319377906722,1.1839171621242712,679.2536671887827,199.94460886411952,12.619009081405936,7.752219041518688,19.312811680469814,9.169321433491419,0.14893931009175332,0.12430584087321135,16.218520672901825,14.643439324959022,0.8714469538788161,0.6278760350978079,0.5773719137768685,0.6278760350978079,0.7242934551385213
stage1_soc,76,-1.5287635284411627,0.9424459376192014,0.24878825215573375,0.15658910835401132,385.7284011210513,12.002573425564453,1.4642753827184645,1.192830835932631,535.4140751548684,189.40167277146418,2.020974520141003,0.8607843137254902,0.5520891408260922,0.3387066586600507,146.89684665103718,34.43043710908067,1.6266407205836437,1.300677901491815,488.53177051409676,165.40959743259037,12.27385566344947,7.5300097995447395,19.343390870180098,9.67482897305771,0.17078977232490863,0.13656517991515768,18.801366984498973,14.485939184577102,1.5968305110931396,0.8078125,0.45763922792537753,0.2781607007884304,137.071094165633,23.812536549079255,1.4249955846017943,1.1876826091574912,649.2474275679484,203.7227839370587,10.174077724267157,6.183972913527367,15.477729039190285,7.84536800666099,0.14961796319153806,0.12470119544251931,16.280849589640592,14.693170819121056,0.8678094619724812,0.6951575714776626,0.6705207316223868,0.6951575714776626,0.7242934551385213
stage1_soc,77,-1.5690909855620605,0.9455268331328306,0.23974276229726518,0.1506307227315621,378.95375522568884,11.533306361171181,1.4683987264950855,1.1962590753254798,537.6623760020294,189.96740801640595,2.404075521581313,0.8549019607843137,0.6235642728138137,0.3930542310718082,189.1554587329315,35.07080722116291,1.6568798680747643,1.334105906401779,485.64074773176975,169.2965620491749,13.862866184885602,8.738246314471777,23.368498183985054,10.634697949057536,0.17396474332493056,0.1400749662346593,19.23224835144413,14.593957534268997,2.046621489524841,0.7796875,0.5299467880052231,0.33012944341826367,167.69264731979183,27.725637218165463,1.4307753284060445,1.195511601407634,670.7250053594895,202.67195389772206,11.781594500395498,7.339324103907783,18.96287533569891,10.022919016277442,0.1502248096302956,0.12552320351536256,16.38723931321376,14.951671408718076,0.873604004443651,0.6678326789401696,0.6207034635984331,0.6678326789401696,0.7242934551385213
stage1_soc,78,-1.6145911206557175,0.9470085971655762,0.24240434143871514,0.15162734699757222,380.7699057831925,11.546546440991474,1.4652928699312624,1.1938065491646621,534.6840684429932,188.9942581956914,1.9298406390582814,0.8588235294117647,0.5112563817910667,0.3071850208309936,125.40659635478413,30.393244232195393,1.664508135635013,1.338832704182349,510.352718378169,172.20424609081525,11.366075825602262,6.829231602004994,18.138249318116177,9.718463264484829,0.1747656762312339,0.14057125819793911,19.33989972811059,15.175996370137888,1.4395383596420288,0.82890625,0.4446102397973531,0.2752522647839214,137.65334968981165,24.84225821045159,1.4391995158684288,1.2065258940820058,689.852717370669,206.4899177642225,9.88442174681959,6.119313565813503,16.672236273173702,8.271230131926927,0.15110931045491943,0.12667965343965865,16.524182574739562,15.019745138948943,0.8742872947339616,0.7054466148744447,0.695523178060794,0.7054466148744447,0.7242934551385213
stage1_soc,79,-1.5861160365290172,0.9454828203397788,0.24532067512992795,0.15371456120071192,382.58796257719007,11.738878447243946,1.4667740185305982,1.1958036383458783,540.7254209289383,189.35845811929846,2.358715752994313,0.8411764705882353,0.5742700767937601,0.3642279885106665,162.13987083220627,35.690958037668274,1.6886360312063207,1.3653074037941064,528.3806335868729,173.66146726889104,12.766974593736723,8.097391216351875,20.45212633821731,10.52012400092103,0.17729899396953827,0.14335097953519915,19.6855620595494,15.30844811963361,1.8603978872299194,0.81796875,0.5131893386604364,0.31469964840216563,162.76494365298248,24.398133268683857,1.4389163186193112,1.2071343859621266,693.5709332286567,202.95755157905617,11.409048657096132,6.99629421445764,18.690305055164213,8.099190473430925,0.1510795760500888,0.12674354228023194,16.52550588971893,14.819004199955902,0.8718866178008005,0.6688954475501073,0.6640119484018692,0.6688954475501073,0.7242934551385213
stage1_soc,80,-1.5531662321787465,0.9434435609283766,0.25045081641493455,0.15675615281869132,388.5960310984183,11.957625895341195,1.4649674141445481,1.193929702156174,535.6470340191414,188.77359142879646,2.4162016994812907,0.8745098039215686,0.6098624728395455,0.382077416111076,176.1772452682469,34.745505818062085,1.6477300152355168,1.3365217549105486,502.62420428522904,169.08370030525992,13.558252486159372,8.49421354420061,19.676288792623772,10.356662731530003,0.1730040509830711,0.1403286191843015,19.2569132325429,15.542356995451428,1.8229242324829102,0.78515625,0.56640143910604,0.33970442740064755,169.30676844321835,23.280819042037447,1.4424133348826182,1.211609804166801,677.3565994465368,208.99743673166026,12.592041750278609,7.552191850597697,17.80801787325934,8.350624888719139,0.1514467466267681,0.12721344054760153,16.589385163644373,15.373640177653666,0.8683083160038962,0.691551062069705,0.615235818268188,0.691551062069705,0.7242934551385213
stage1_soc,81,-1.5654572856485351,0.9502802147824301,0.24415588718037193,0.15223765775708434,376.5111671488917,11.569963742742605,1.4697933496415394,1.1982118115143594,539.527348733678,190.05397331591587,1.8102334148743573,0.888235294117647,0.5644030525459011,0.3402957768727313,140.42506007934497,28.162779422034156,1.6465921548714162,1.3346044552311593,506.0976876805199,168.21967541501346,12.547614308430685,7.565338528426122,20.2479726939779,9.244944106558885,0.17288458089354047,0.14012731156204794,19.2326875539781,15.43512565975465,1.298965984582901,0.84921875,0.46112222357949917,0.2773286302390261,127.47333504903122,20.624595578375974,1.4380382254348871,1.2058645274628361,685.1984779438023,202.8173245724793,10.251510484257953,6.16547460760178,16.910924805155048,7.722005592453495,0.15098738031617526,0.12661021299538477,16.508992584807242,15.048035855023052,0.8770334486283184,0.7189143783538767,0.7108820829261503,0.7189143783538767,0.7242934551385213
stage1_soc,82,-1.6377400455681645,0.9486223995774772,0.24035577969105074,0.15011329010170593,384.7094363195915,11.338263188287938,1.466407100699687,1.1944571201213536,536.7048236289786,190.23458080624744,2.0581931965023865,0.8627450980392157,0.5550888348245794,0.336557372319786,136.7974761938474,28.50210685583542,1.6608204173830468,1.3330248458128349,492.22955833698893,171.9806648332484,12.340543827460191,7.482227605748353,18.498103854514873,9.96363915057605,0.17437848282541177,0.1399614598595152,19.250328928867898,15.062804222397752,1.711682963371277,0.83046875,0.502236700409433,0.30525598896929296,142.41579538330467,24.135699271469967,1.4165006668677254,1.1816964619174541,655.6845662450747,199.72048211805532,11.165553375110255,6.7863460299300185,16.557567370096972,7.900817611395283,0.14872603601465056,0.12407267759509785,16.187942889668356,14.212689125125124,0.8765156656701619,0.6962184475918419,0.6797977398771701,0.6962184475918419,0.7242934551385213
stage1_soc,83,-1.7258598222121404,0.9495760100936005,0.23992585171852057,0.14862084864883565,366.77815965661824,11.198030678177231,1.468110150300893,1.1977676150002972,535.4022453834494,189.74105656776982,2.363703897420098,0.8529411764705882,0.5646970613478036,0.3513406273342815,160.6583438964623,29.358817846690137,1.6089851158977437,1.2969346483402393,463.7534718367849,163.3717608490505,12.554150610870785,7.810883840523019,19.654789180545777,10.03840929603275,0.16893601527431573,0.13617215560104684,18.69905415622672,14.914598905100444,1.777388048171997,0.8,0.48112369724899046,0.29063622021349145,149.17952744033732,23.377206737865166,1.4104044238365654,1.1792163856815023,646.3953488665829,202.00811766846954,10.696176359243804,6.461324365361108,16.45370422129694,7.699056726724641,0.14808595861700885,0.12381228103036986,16.155500757790584,14.242870977915214,0.8775982545780443,0.6835320580662472,0.6556628908253029,0.6835320580662472,0.7242934551385213
stage1_soc,84,-1.61295721129784,0.9439423725829641,0.24642599138319382,0.15459300862247832,384.9042357634877,11.921905857080525,1.4645770037242878,1.1945251093480451,532.1394921476535,189.87410709179508,2.0880125695583867,0.8666666666666667,0.5892001416754727,0.36158335554030013,151.52985904159559,33.026001387382365,1.6503632573771883,1.336256351789423,498.81811991292875,170.17131622813872,13.098894654924452,8.03859664685082,24.178487366624452,9.734152647879181,0.17328052926137893,0.14030075308082962,19.264166976451865,15.471617762524934,1.3372270345687867,0.81640625,0.4718013318247741,0.28687664565622983,134.99116070827833,24.117972278297458,1.433229181613957,1.205045279530168,673.7052751070553,207.63088416146525,10.488924741348269,6.377742798437405,18.555516118490512,7.94817655784818,0.15048245289804052,0.1265241957414654,16.493046647790017,14.935685006855245,0.870014575168006,0.6899066241640248,0.6748658504525678,0.6899066241640248,0.7242934551385213
stage1_soc,85,-1.6955014080415187,0.9525835509521434,0.23506217931635337,0.1461219745473967,365.9905689961943,11.011957415981925,1.4661633966594774,1.197654043745069,539.2780009791841,189.549598963909,1.9723828138089647,0.8490196078431372,0.512093999391021,0.3018658559988527,114.35285073602353,27.38341484719019,1.647928665573986,1.328155012940075,480.82400556647985,168.37589504038854,11.384697451645515,6.7109777611449735,17.422945555517423,8.67302124737917,0.17302490835228,0.13945014987134483,19.145841148791128,14.922222541762885,1.4920527935028076,0.8125,0.4381618960625917,0.26316487280091677,122.11886201005738,23.062833888475467,1.4184523961719846,1.1865867371605419,657.6041760993606,199.21868398073173,9.741064389436428,5.850590829617414,15.34741257655753,7.540987844084088,0.14893095858869912,0.12458613393785645,16.246094719790456,14.505106627482522,0.8820648971572375,0.695391408025831,0.6810514311812225,0.695391408025831,0.7242934551385213
stage1_soc,86,-1.6652816517532636,0.9520700683665385,0.237005975857337,0.14788481605135972,369.2936339722015,11.15519111336419,1.4641195030415763,1.1952559926916582,534.4625095219379,189.94088075432842,2.4499820386662203,0.8431372549019608,0.609130370299387,0.38307468003282946,172.72773112850714,37.35147671997849,1.6202712963698316,1.3011755156020324,456.8414096752036,166.51347885196435,13.541976634590716,8.516384372294878,21.70846006512964,10.695361492764308,0.17012101216321335,0.13661742710134592,18.791382785955406,14.961349354915336,1.8596848130226136,0.7890625,0.5028613866233811,0.31025209771578377,156.45419934705154,27.009907731903382,1.4167099382231494,1.1818214463935874,629.1277739424374,201.53089099044786,11.17944118390409,6.8974177991402765,17.38781992837793,8.746149131949185,0.14874800854164724,0.12408580038856591,16.2071363898683,14.611719092003074,0.8809682756093374,0.6603981438121447,0.6382040840129857,0.6603981438121447,0.7242934551385213
stage1_soc,87,-1.6955536513019205,0.9525395381590915,0.2354418276628097,0.1463724473508363,373.818529404679,10.968406370676583,1.4650674377961213,1.1948752448458795,535.3343451254038,190.15566113399979,2.5700598941129797,0.8666666666666667,0.5956648069544898,0.36979501734250314,160.18513486088563,33.0229596716553,1.6630416019760386,1.3444709863002393,487.63888331692755,172.08596591746206,13.24261486725908,8.221155484299592,24.327490117564405,9.617448831748632,0.17461169696183917,0.1411632518121606,19.382302426300427,14.801712056642232,1.6140644550323486,0.81875,0.4707720780412853,0.28863799682621905,136.82935365126792,24.03681651396908,1.456375440759911,1.2205324618807936,669.7646825346379,210.58183746682528,10.466042725663812,6.41690055111616,17.021347164752246,8.15255380073693,0.152912703339756,0.12815027844931046,16.712114018513628,14.985687762767997,0.8819069898602486,0.6879672245803198,0.6775183765876144,0.6879672245803198,0.7242934551385213
stage1_soc,88,-1.672331212510008,0.9508963938851559,0.2372876338996092,0.1472526013123646,365.89106576512165,11.167505590460618,1.4672843738823,1.1979874947768625,533.5433008179643,191.03372932650754,2.150563943152334,0.8901960784313725,0.5442981808207751,0.3310264079913716,131.41931472024186,32.842952710164994,1.6479476336516554,1.325818921055864,474.3148736620808,171.8409069495109,12.100649723477739,7.359265111421681,19.811646538286432,9.504267779740513,0.17302689991293965,0.13920487099938145,19.139164081418407,14.710926725796387,1.6291646122932435,0.83671875,0.447413042622976,0.273787023191835,130.0558489678905,22.739103821893888,1.4390654043986604,1.202624925571581,653.6216876389032,205.04701080810952,9.946732694075916,6.086738819303472,16.106054405229436,7.90401855416153,0.1510952293692205,0.126270069740375,16.47892122662318,14.901134180284124,0.8797101037152731,0.72690662418514,0.7024948372131071,0.72690662418514,0.72690662418514
stage1_soc,89,-1.6701859911472905,0.9518793462633138,0.2386913994125048,0.14763716167021246,367.89028975807395,11.116282536683649,1.4650222018152443,1.1966457274587046,534.7993818998312,190.13386685041672,2.363471074665294,0.903921568627451,0.5578295583090747,0.343175669120369,152.03685926184812,32.08914697701723,1.664696635420505,1.3514928561069217,512.8493720248503,170.06336925896449,12.401474648181981,7.629363301166448,19.241170742660753,9.687945632340849,0.17478546783920243,0.14190051575151905,19.453514253575765,15.403686069996946,1.6342857599258422,0.83515625,0.48673027841493743,0.2954183456557075,150.2723707142449,23.367243681852138,1.45345843383808,1.2321240744575335,691.3937677234615,207.09414804013574,10.820819941063363,6.567638931437239,17.172374124141186,7.327393217668657,0.15260643106847602,0.12936734430030528,16.82786457466807,15.1208832106374,0.8802719264395624,0.7365727011347286,0.6891371664755188,0.7365727011347286,0.7365727011347286
stage1_soc,90,-1.7110261444173673,0.9540653149848889,0.23473017146395256,0.145815072879416,362.96070585711203,10.929136450243575,1.474026104075801,1.2043435021417355,536.9237406863284,192.01994631591577,1.968640585974151,0.8862745098039215,0.5184358343429081,0.30055117134516146,121.31503437493575,27.214895203573157,1.6672884983578,1.353185712750636,526.8604439151368,171.5911094169128,11.525686942444793,6.681750144644107,18.068401778867525,8.458565130836524,0.1750576014919239,0.14207825789033318,19.495699841658954,15.812885375925852,1.5075950980186463,0.84921875,0.44510677108724706,0.2600691334915609,120.77804790116588,22.162565001851405,1.4579011756764761,1.2239874406914169,665.5808437351927,210.93508897356315,9.895460459472817,5.781767419329275,14.777514560741347,6.904650083753397,0.15307289846811528,0.12851303528736752,16.76768550615663,15.055394445149584,0.8836462635457031,0.7307437595010491,0.7156867186738259,0.7307437595010491,0.7365727011347286
stage1_soc,91,-1.7438527097381906,0.9553270150523753,0.23400955852708308,0.1440421321089723,362.92572247710723,10.737067121151693,1.4702558777682821,1.2014428118739329,537.8313111540075,191.61806994651874,3.161632027345545,0.8019607843137255,0.6472979087583317,0.37959030081938,156.7597077477583,32.05833054800044,1.6458467901333873,1.3280436542834722,494.6698941338593,169.41904666380339,14.390504206376104,8.438920853489545,19.13914524743445,9.108694489115198,0.17280632103425128,0.13943845772607455,19.156845561234356,14.615450072450447,2.6677286863327025,0.7640625,0.6018638766672217,0.35077941519921296,170.71992504741135,24.583550227847155,1.4468352072247728,1.2156906516604067,698.0586175118373,208.29288936613824,13.380430450423574,7.798407165593131,18.064464249558263,8.110353271305051,0.15191102282556843,0.12764191071037695,16.644933323139792,15.0232128821883,0.8851241474942504,0.6077714116862261,0.5835033369998335,0.6077714116862261,0.7365727011347286
stage1_soc,92,-1.740776544172563,0.953654528916405,0.22945470708858673,0.14234138068302052,360.1836233218762,10.740925939727802,1.469224502307991,1.20047290959449,534.1649026972449,191.74165373104046,2.525491725697237,0.8647058823529412,0.5164710721796474,0.3086910297418488,129.04050974719152,30.826568037907307,1.6431123639839453,1.3274827967671787,498.5998758800445,169.01206169959448,11.48200702660949,6.86271267350741,17.50736766113786,9.074979095617064,0.17251921890186708,0.1393795702739763,19.135144100738728,15.36924240870973,1.5272673606872558,0.834375,0.43998778382511555,0.26135194356938884,122.68900931445947,22.65235720464216,1.4425583431809004,1.2115668957725574,682.7616868931102,204.5587951644203,9.781656897416829,5.810286411235761,15.106837752846639,6.968195320100693,0.1514619718291963,0.12720893536413297,16.585163361100705,15.081151698251272,0.884818116789829,0.709764560699047,0.7023786648524653,0.709764560699047,0.7365727011347286
stage1_soc,93,-1.6782187620262414,0.9509990904022769,0.2361658006412008,0.14650963371394027,359.6614028276058,11.069264896059085,1.4646114235974421,1.1964191826040902,531.4311041508387,190.48161115945263,2.438150828492408,0.8431372549019608,0.5572909447096946,0.3347337609540452,141.65946302583885,31.34858736445878,1.6641707787356554,1.3448919910864503,532.5832236421721,170.8148907702622,12.389500376115574,7.441685705837341,19.10522522450669,9.624473679037958,0.1747302553129546,0.14120745537271012,19.38427440643912,15.899948835898602,1.6220559120178222,0.8203125,0.44593342296394933,0.26636138329704406,125.66815542007558,23.41786493675192,1.4477667805979726,1.212372482583305,665.7622137586934,209.2924541874653,9.913838299332847,5.921654550228659,15.560110706042678,7.79625534618558,0.15200883373261104,0.12729351826326646,16.608419957454768,14.750336940944923,0.8801493502099167,0.6759499714890524,0.6865324731108152,0.6759499714890524,0.7365727011347286
stage1_soc,94,-1.7460539992687194,0.9536251870543705,0.23328139044169663,0.14444891293561157,356.8965970207193,10.972179051810858,1.470918320445613,1.2012402294415967,535.1647596213121,191.37933544354644,2.1497806539722517,0.884313725490196,0.5533003788027524,0.3442421053773632,157.47302593604007,32.979638318041864,1.6751847957414456,1.3588218268080086,496.74295579463717,173.4558273114753,12.300783489049104,7.653071944797857,19.863045633468175,9.904137918405747,0.1758866762933212,0.14267002386820105,19.57063308161195,15.73260160372001,1.7271266341209413,0.859375,0.4613055916357663,0.2791894900987245,136.80005181970233,24.425620184056413,1.4488396775384873,1.2170105117744243,676.8384699137451,207.45041640089943,10.25558705974093,6.206844603203704,15.753865686642916,7.858680956409717,0.15212148296232714,0.127780489934124,16.66495949582915,14.62818507493607,0.8836407699218615,0.7183236118493703,0.7209833225092701,0.7183236118493703,0.7365727011347286
stage1_soc,95,-1.7646242438101132,0.9523781579179015,0.23487344520021552,0.14611324187160363,365.8203328804802,11.091057541970208,1.470616961149835,1.2011435543379096,535.5965549906571,191.5739690560168,2.2373456384621413,0.8607843137254902,0.5239329749884262,0.30192799442356416,108.92959442905358,29.132144096034295,1.660811586178362,1.3345082542621622,484.51131412759514,167.71365304974915,11.647897480300715,6.712359201205399,17.449242097819425,8.373462877178852,0.17437755558965626,0.1401172109040572,19.273144145458723,14.832928687790277,1.6201472997665405,0.81171875,0.4382474044853804,0.2565350491753634,128.11730461247635,20.1243725977169,1.437265385942439,1.2075733641300759,667.3826191068035,202.41036079660532,9.7429653832465,5.703198873795913,14.572543640785659,6.838451811821839,0.15090623573440706,0.1267896329629567,16.529505289343458,14.929760852417495,0.8819161243578368,0.7036044212289624,0.6802445286543859,0.7036044212289624,0.7365727011347286
stage1_soc,96,-1.8552361855410777,0.9566180569818961,0.22827534032831193,0.1404337940377589,347.5214172830996,10.330368685718444,1.4731312763766593,1.2041160675617864,535.2839972063721,192.86739675942414,2.839447425393497,0.8372549019607843,0.5881276404924466,0.3623780473518898,149.34291540568782,36.20876840168736,1.6647908206277011,1.3459498951540274,499.4993479302313,171.0800169683334,13.075051177945998,8.056263961548918,19.957244265890566,9.994529647889765,0.17479535685150233,0.1413185304199266,19.40388545958389,15.365430455021198,1.9291624426841736,0.80625,0.4946035265981274,0.29811782851502355,141.03476281177132,22.714046456492756,1.439088632663741,1.2132994348117792,682.5661110268072,208.64772994634345,10.99585528346911,6.627652904781516,16.78379475252353,7.479943760539036,0.1510976682299071,0.1273908439714292,16.59882350865935,15.327073441904826,0.8881354548834025,0.6608166098130503,0.6578689420205618,0.6608166098130503,0.7365727011347286
stage1_soc,97,-1.7541187544677155,0.9532730847099556,0.2325999963781812,0.1434093449215003,359.0920430700544,10.682151298422678,1.469020222446075,1.2003098266116268,531.4409164936006,192.18713476900427,2.572301406486362,0.8313725490196079,0.5560811218525339,0.3308698683173633,134.19144431328544,28.268740313118762,1.6236028488180954,1.3035587407940743,467.962923293406,167.199283480653,12.362604010965345,7.355784975294558,18.506562120749916,9.198565917200579,0.1704708098025613,0.13686765475321594,18.825796246553914,14.326716800782737,2.170300102233887,0.7671875,0.5428498323223551,0.32225600374295027,158.6833564014491,23.483758989505674,1.4254863694965085,1.194976390888769,645.9600678148341,206.24132496648747,12.068450538408852,7.164284504315091,17.555151414952398,7.656055685400382,0.14966949334160012,0.1254670088796903,16.36497829727994,14.668624777804446,0.8834930857965013,0.6645482124638478,0.6043325503032935,0.6645482124638478,0.7365727011347286
stage1_soc,98,-1.8219899507493873,0.9587160001173675,0.22646066457490258,0.13864491413002586,336.42439003161127,10.270144678893349,1.47127818953159,1.2019516778522856,533.9618990219167,192.5691109703147,2.205857836966421,0.903921568627451,0.5481665218197787,0.3331556802031164,142.81891687974385,32.322949885782705,1.6779078883683196,1.361642858612479,510.42395494710956,172.54743186618333,12.186649348479838,7.406602358004805,17.277917054968967,9.878684378530895,0.1761725884581148,0.14296621919487032,19.612688695425256,15.872821373469023,1.5948415756225587,0.8390625,0.4982058667827088,0.29990989392827033,142.14081840032054,24.26082806279082,1.4534376262876416,1.2312525380890293,696.2410163469873,210.0105809043692,11.075941269964039,6.667493485939727,16.073023883297815,7.761299809051854,0.15260424637166065,0.1292758370018182,16.8302603896996,15.589851106642877,0.8907778007448967,0.7394716120815175,0.6896007399651874,0.7394716120815175,0.7394716120815175
stage1_soc,99,-1.7493003235292535,0.9516446113670374,0.24255036986418374,0.14921231277185815,366.08240145006243,11.056704155164317,1.467897892801237,1.1984072491226392,527.9853793042192,190.88778159114682,1.8608984671387019,0.9098039215686274,0.5188285490625534,0.29870680743171013,117.3348556682391,28.0420325120957,1.666328513571966,1.349389222863258,501.5795583254534,168.1802952083862,11.534417640858143,6.640746881238665,17.420376780731385,8.157917292710463,0.17495680751761036,0.1416796439645325,19.431521237186598,14.969006635069707,1.3605921745300293,0.86796875,0.43389328856027753,0.252190538231298,122.28902463811028,22.235999496860693,1.4275749125795028,1.1968134130984254,692.3623839183431,203.01502139626768,9.646166177367038,5.606613202547342,14.0530320021943,6.8496276687052715,0.149888780731324,0.12565988773792428,16.376364585019115,14.384893510291782,0.8788795004077823,0.7541553568498615,0.7378007634319167,0.7541553568498615,0.7541553568498615
stage1_soc,100,-1.7925617331570889,0.9563686511546022,0.23226344279695288,0.14288589445001307,360.10485563930456,10.601692401309311,1.4712031621474908,1.2037656856532308,536.7211497143287,192.01344227472737,3.0282408237457275,0.7803921568627451,0.623124508840294,0.3856034312050278,179.54168888382378,33.56222671656835,1.6404280416653392,1.3180161493812121,493.3681285074642,170.5492302836777,13.853089503661826,8.572602697563692,21.907380203229085,10.246478120045293,0.1722373774406027,0.13838561596601498,19.015062501390933,14.75431315816348,2.680779314041138,0.7375,0.5556288910950806,0.33729583758176884,172.2124833761859,25.700573367318796,1.4411907854125208,1.2120610793084778,696.8773247651073,208.64438174576134,12.35255017249417,7.498644911157561,18.07524296649151,8.914840256866606,0.15131838457176006,0.12726082235584452,16.582176807574818,14.737601115655632,0.8866896183155164,0.5934548042106569,0.5708113326714759,0.5934548042106569,0.7541553568498615
stage1_soc,101,-1.8251383065764626,0.9575423256359848,0.22673697998321135,0.1400616475376749,349.8256273731138,10.52322669490044,1.4779520573654215,1.210111526737347,537.7448435444492,194.19917131162663,2.6001126251968683,0.8647058823529412,0.5489005855187178,0.33388349544256923,145.2650434349627,31.566865594311928,1.6643512017925486,1.342574912061294,493.3033132970248,171.7210430007442,12.20296879985516,7.422782895780528,18.15497256454138,9.28141712165309,0.17474919890167645,0.14096417276324535,19.372462891646094,15.150611423302013,1.851243221759796,0.8203125,0.5006531114629994,0.30185504617984404,144.2777052058016,23.943438604347666,1.4344471774877727,1.206886206522904,657.4171938177114,205.80862795125705,11.130347570972038,6.7107374409712035,16.85906281550694,7.525791754618744,0.1506103368464437,0.12671748458391083,16.521000906230988,14.66621427269024,0.8895212316410215,0.7000357066973258,0.6701165665611002,0.7000357066973258,0.7541553568498615
stage1_soc,102,-1.7858574746874472,0.9554150406384789,0.23482571283358572,0.1432117058604963,351.5093388498184,10.514764100733956,1.4746742198206968,1.2071381313689689,536.287616595909,193.46877881206882,2.278276851130467,0.8509803921568627,0.5254712560046039,0.30303593964188125,124.89307589905052,27.84303424797754,1.6330590915579013,1.3141331616423877,502.1024026749165,165.73904077919093,11.682096014135556,6.736990657771064,16.781484596038176,7.939893680748492,0.1714636716706701,0.137977920164808,18.962439266112913,14.579218469766985,1.7983474850654602,0.8390625,0.47157289183053336,0.2816093121193262,136.36239107396972,23.385702099834376,1.4354085884873933,1.2070852835684491,673.4278287244084,205.013196835464,10.48384614206107,6.260641253084664,15.70647283643813,7.7685553898296895,0.1507112805666261,0.12673838675539434,16.51442417969805,14.578085437689857,0.8849673267884032,0.6933390153554816,0.6975906324508401,0.6933390153554816,0.7541553568498615
stage1_soc,103,-1.7951153114379905,0.9538745928816643,0.23309977509509752,0.1424412127615754,352.289476579918,10.490611169491277,1.4668570077656298,1.199622438017488,530.7918957010312,192.1254593990327,2.4889507985582537,0.8666666666666667,0.5332732461559044,0.32313118223283516,134.54019513140796,34.15433936926085,1.6602473766560761,1.3401516519194725,478.1046803690286,172.306049039546,11.855547172514491,7.183741171128949,19.143909160576676,9.172320733650611,0.17431831619239088,0.14070974162632088,19.33335690123074,14.363944528891913,1.5497771859169007,0.81171875,0.449213834354725,0.2698792066777969,122.96070588053638,24.204613151166473,1.4404616794583973,1.2106660631448904,663.0076376013291,211.52520290858354,9.986767275742109,5.9998615882447695,15.176959234852912,7.69153042995946,0.15124183180978273,0.12711435209357097,16.567254926620198,14.500983876086107,0.8839446603531351,0.7066846928198953,0.6769545996935825,0.7066846928198953,0.7541553568498615
stage1_soc,104,-1.840078648076693,0.9580558082215898,0.22477736613999488,0.13882453696911592,348.6051416617619,10.346526464048644,1.471818741747336,1.2061858414267606,537.8038473102134,193.55712542752624,2.483588996588015,0.8764705882352941,0.5650035117715475,0.34300212018904,139.86926537099131,36.81654376735528,1.6707079769230115,1.3476091831484263,506.0445873771323,172.90373492886755,12.560963511163315,7.625505021087817,20.42826847544386,8.888522000110576,0.17541663096796756,0.1414927480054074,19.44135707579253,15.07773486277392,1.721747875213623,0.84296875,0.4655291186003932,0.28187135271145963,140.06545575429692,23.600982199839184,1.4632844301079015,1.2327755125959812,684.6710553982906,209.86181962895003,10.349483056820226,6.266466849293636,16.297569578597937,7.818326536912061,0.15363811535164462,0.12943574229990124,16.87046779279325,15.46515106317786,0.8906225983795912,0.7069695347038298,0.7033100144198821,0.7069695347038298,0.7541553568498615
stage1_soc,105,-1.785429483221708,0.9571902232915701,0.2294986869842079,0.14111985753060455,351.23074879399263,10.413981437068646,1.4807920820488436,1.2158544826528468,546.9522650361406,195.86996406515885,2.6606851185069367,0.8352941176470589,0.5594616269811886,0.34846614449668456,144.82320184868968,36.46814355880513,1.6693171471139767,1.35766242863793,505.0520714547542,175.17131209399764,12.437758236887225,7.746979327923955,20.27145357324951,10.529314369548462,0.17527060025361133,0.14254829240839192,19.544707924191655,15.327496009899333,1.8462859392166138,0.8171875,0.4594171418489279,0.28017035210978064,136.1442771439568,23.370675666541935,1.452704886389167,1.2250411740234994,701.7259274828896,208.49592842254094,10.213603694379596,6.228650789667451,15.194258609860437,7.596335141836051,0.152527312062289,0.12862367242659575,16.75817881810761,14.984087333172454,0.8883406171963077,0.6674556295527023,0.6793623574453216,0.6674556295527023,0.7541553568498615
stage1_soc,106,-1.7889648174330828,0.9553416859833925,0.2360094765576364,0.14474558666105414,353.43205261736813,10.757082120673294,1.4770818302939974,1.21035536065638,541.6328989452984,194.78836308056754,2.2596450216629926,0.8921568627450981,0.5508543762962274,0.3236309434597691,128.04688837718456,28.13020039821801,1.6520490413358668,1.3264466042027754,506.8300480394985,169.0373705063041,12.24640480362051,7.1948516906301965,18.721483186354202,8.765251580355695,0.17345752880088905,0.13927077483444267,19.152348321724226,15.389238600188548,1.4912574887275696,0.84140625,0.4493441375261932,0.2648709537439572,119.96868755498795,21.934425744627994,1.4326800588431285,1.2078937336154922,652.1753815082238,204.50552847245078,9.989664130979465,5.888519833643299,14.761265791566936,6.984013297616206,0.15042479754008628,0.12682327028113138,16.512870828368982,14.376034197495187,0.8845388430161016,0.7269005498562299,0.7066030087421421,0.7269005498562299,0.7541553568498615
stage1_soc,107,-1.8810751182589955,0.9602564478741821,0.22325547888263286,0.13656053627950182,339.6971150803474,10.041012895602364,1.4808984636033897,1.2152865000425563,544.2217468186676,195.77728263991253,2.2956970392488967,0.8705882352941177,0.5176454737536281,0.2984337255632614,122.84721300901829,28.774516521116286,1.6645169838739868,1.3420943113956965,492.58877219363126,172.30842805989687,11.508115917989599,6.634675819176787,16.030753542219585,8.677384342607752,0.17476660525551113,0.14091371191026292,19.357058812864725,14.612445778792535,1.7238719940185547,0.846875,0.4380142815648387,0.25506038957610144,126.37432499041726,21.153999579038203,1.4464647874059353,1.214961355205014,682.9655945866293,206.17509462370214,9.737782674754373,5.6704147493935055,14.408272765435587,6.883193722451566,0.15187213045325576,0.1275653379466451,16.631087278729787,15.048443651110425,0.8932798042093922,0.7152945931680292,0.7154707155305484,0.7152945931680292,0.7541553568498615
stage1_soc,108,-1.7900851802651596,0.9539772893987852,0.23475646784153054,0.14379238394935734,360.0640843608121,10.620817211504084,1.4845159979050053,1.2182486794131695,546.2819710370819,195.831554766841,2.3446295513826256,0.8450980392156863,0.5401769246243383,0.32504616855442814,124.9278496669644,33.901858035971294,1.6682746685673635,1.3485838667726984,491.61184059090044,173.74646128620702,12.00902737489926,7.226314487592922,18.031860887324566,9.637518246249279,0.17516114481494152,0.14159508528995451,19.43010206205987,15.02384032770756,2.004549670219421,0.8109375,0.4743370710805428,0.289326021884699,137.59104334271325,22.57886281305647,1.4593765503277154,1.2309665638305887,693.1710025123614,214.62670337270794,10.545298423284626,6.432196487290497,15.870768708258334,7.740339355760073,0.1532278060009162,0.12924581102381838,16.834663614811195,15.217772915402154,0.8835503490463261,0.6830449618283848,0.6686363786758371,0.6830449618283848,0.7541553568498615
stage1_soc,109,-1.8674909987012698,0.9605792083565623,0.22807707738922275,0.13958315874050065,347.0368111965585,10.226679442313738,1.4866511621742287,1.2205577519686512,552.7248071110442,196.66105370129577,2.552816229240567,0.884313725490196,0.5537891457138141,0.3300435696208083,130.26941392377432,33.97747335370063,1.6571525524033366,1.338242617833848,513.9527962988543,172.1387314531006,12.311649586705844,7.337414987213941,19.59403542785847,9.440001121124968,0.17399337392159772,0.14050930185328528,19.292163712227435,15.373152544478245,1.8710501194000244,0.84609375,0.4475606829345423,0.25599584086448884,118.98514758591008,22.00078568625283,1.4430539088758196,1.2164152199307865,647.2251482436146,209.29004591955413,9.950014982641779,5.691211380308351,14.541899605824796,6.952444311794126,0.1515140039412271,0.12771798703649254,16.640299631079092,14.988847341418227,0.8921560851397955,0.7181769817760518,0.7118255451196372,0.7181769817760518,0.7541553568498615
stage1_soc,110,-1.760264177829712,0.9554003697074617,0.23342913102624432,0.1440107239104454,348.36718244477197,10.825303843263011,1.4797081567637878,1.2143439039068384,546.2220102652491,195.39832464453687,2.3923177270328297,0.8568627450980392,0.5133832734876338,0.2987190732458497,108.37450583972753,30.807065918638756,1.6355463358120468,1.3353125639844174,502.00245694966577,168.99275329985136,11.413360149391702,6.641019570594805,17.05268960263619,8.57815897167988,0.17172482084424393,0.1402016597147899,19.18380565699709,14.92550261484567,1.6001849532127381,0.834375,0.4431768641527887,0.2541650214829133,126.08253001489174,20.929626191180766,1.4415238574472076,1.2139483864732028,658.2460576803846,208.38715795705156,9.852555433081626,5.650509234271427,13.844369434371435,7.177690851964174,0.15135335559901403,0.1274589809024072,16.609778694133674,15.03777501934814,0.8853716303995884,0.702847763051749,0.7014219407541634,0.702847763051749,0.7541553568498615
stage1_soc,111,-1.8558002122288484,0.957498312842933,0.23319200013898733,0.1411848786917957,351.68937026622626,10.142328247800581,1.4781880669532217,1.2133711250788828,545.0561745332958,196.05452073859303,2.093287296856151,0.888235294117647,0.5416323496325077,0.31670536884088435,138.73553597227465,25.152229467401803,1.655251569344564,1.3393498888056652,477.3441056313735,174.76436843252577,12.041383882496051,7.040884700568684,17.98847556440837,8.300733588497,0.17379377946924396,0.14062556019772826,19.287625065336037,14.61511772487119,1.8031616806983948,0.8359375,0.46245732526602534,0.27785407385490546,135.08320373516216,24.00528085249845,1.450026937495351,1.2241395592303888,686.0614963035447,211.07933050086308,10.281192005202069,6.177156089130169,15.851332530571716,7.984711190992758,0.1522461397812284,0.12852900703227016,16.735039471442985,14.784622439425489,0.8875407128012368,0.7257455892278947,0.6972003024201924,0.7257455892278947,0.7541553568498615
stage1_soc,112,-1.8415079731248793,0.9631759631466212,0.21911441357395067,0.13523786562047976,332.3051423093334,9.965610766917273,1.4791969383969776,1.2143255174502408,544.5177967483758,196.22683781293256,2.55901019152473,0.8627450980392157,0.5729808758538275,0.3542885450865416,150.1478338773671,37.354336956651274,1.6721451781867906,1.366220006397834,509.5215019343659,172.92815740283845,12.73831352238466,7.876420932857097,21.3107645776885,10.127720923798446,0.1755675304711706,0.1434467985989552,19.618562289432692,15.166550989041788,1.6550738215446472,0.82890625,0.45039083267864877,0.26538204087337364,131.93276429022217,22.74624040237355,1.4681172205241877,1.2382191692384368,657.6775475432452,212.59893600281129,10.012933897172745,5.899882146708391,15.982404884420252,7.16821626872833,0.15414553605275394,0.13000730113696662,16.938004514029167,15.011578481501832,0.8974416390744361,0.6908508352830675,0.6937890001964053,0.6908508352830675,0.7541553568498615
stage1_soc,113,-1.8540907124042274,0.9582171884627798,0.22872137794047254,0.1398396210988581,338.72157130485016,10.266700333079811,1.4794736549667946,1.212864959941981,542.2018919551994,196.06990390153248,2.5490288996228987,0.8372549019607843,0.5622866831945295,0.3491996060819456,163.28495061085954,33.74764687614882,1.6614656431718937,1.3413827808610364,469.8560806913274,170.14838169248125,12.500563913796197,7.763285393315331,20.315513036120656,10.205107880212289,0.17444622855695582,0.1408390044862577,19.328597378238086,14.7018216797294,1.810700738430023,0.81953125,0.47190191127059034,0.2854259712898056,145.98353723321998,24.890825682564763,1.4469294299961823,1.2275533283616824,695.7240256129328,211.3029965287356,10.491160788952484,6.3454919054719765,15.648297609362086,7.995138061485069,0.15192091578193745,0.12888743704408875,16.76871000790624,15.494074474390969,0.8896007750806381,0.6685688970024255,0.677960676618823,0.6685688970024255,0.7541553568498615
stage1_soc,114,-1.9236942087833404,0.9609753234940289,0.21783350924922568,0.13397555785168494,331.15330466331346,9.856655453633184,1.4783641988408165,1.2118263383244607,539.6032381959244,195.0689093245808,2.226808791067086,0.8352941176470589,0.5476968908553692,0.33135988303076697,166.38794669822497,31.601278066754325,1.6615647652159582,1.3485176063343591,491.3166384599247,173.059846984886,12.176208674599486,7.366678813663275,18.269906189415877,8.869932850790466,0.17445663591435437,0.1415881282495737,19.410242574571182,15.325264847398326,1.762577509880066,0.8390625,0.4987266396892101,0.298492402525153,154.25709216118935,23.768965912721207,1.4291546430948026,1.2097124443353096,661.4995530434319,208.34470848223668,11.087518913889923,6.635980305187776,15.925757074875586,7.485182456471335,0.15005464514848058,0.1270142265173991,16.528687718290257,14.736498843426137,0.8956252707192612,0.6709850503904481,0.689444508093237,0.6709850503904481,0.7541553568498615
stage1_soc,115,-1.8960475537150208,0.962178339837446,0.22247546249550712,0.13568555131567148,330.3644472690625,9.98995309571523,1.4818417350974151,1.2145431899468053,543.6336513745573,194.97482084175297,2.269976944549411,0.8705882352941177,0.5389759718044895,0.32987719107711433,127.8675908437754,33.319141676594185,1.6781092296102427,1.370074322688229,503.1015707896365,172.8834449044661,11.982328205364098,7.333716116724044,18.94768386287809,9.918099570518233,0.17619372835977373,0.14385148403033218,19.698310676895215,15.771007272756238,2.0011946320533753,0.82109375,0.47934213779879326,0.28781028909033923,138.84452313512688,22.658183909463297,1.4594335126931381,1.227839376398333,686.2394893008866,208.89717651313205,10.656569343038312,6.398499237758488,16.263821011500376,7.582653316571335,0.15323378678653068,0.12891747076846033,16.802124592588257,15.142514019670323,0.8954357010887939,0.7088954437527708,0.677291108660362,0.7088954437527708,0.7541553568498615
stage1_soc,116,-1.9088678547363704,0.9635427364220533,0.219236211161127,0.13404405547541717,334.4854087538166,9.91546547664495,1.480123267450015,1.2134112958202758,543.8968585375964,196.46635505934003,2.8131107900656906,0.8117647058823529,0.5673096842554507,0.3571084839638834,148.2538105862668,34.680537832173314,1.6644399668839416,1.3512884214082186,527.4614523905677,171.72525027017872,12.612233543680334,7.9391128429143265,19.183212572104306,9.72438363133128,0.1747585188268188,0.1418790510511676,19.438134372822642,15.141235647221674,2.2629188776016234,0.7828125,0.49359060951564937,0.30605425405046843,147.36472528919006,27.714855923426718,1.4510194491521915,1.2231674225207825,682.6866342647345,208.20889594607098,10.973336459695878,6.80409278432707,16.54628436734841,8.816760565175873,0.1523503489269584,0.12842693716201461,16.7292306052595,14.91347416899643,0.8977718730737152,0.6415718006057177,0.6347353171453052,0.6415718006057177,0.7541553568498615
stage1_soc,117,-1.9448588447865178,0.9616061735277721,0.22171779434528752,0.13525614810816952,328.34324815499997,9.95879790532738,1.4752026958219449,1.2094782640151227,538.2780133965301,195.27723656080013,2.709128892187979,0.8470588235294118,0.5371309797980331,0.3278197538810691,141.57001943530673,32.398422731806704,1.6786877930943487,1.3563627170727532,507.02456245649614,173.6402017279508,11.941310978411257,7.28797588147311,17.524105458428135,9.709421484612452,0.17625447485681864,0.14241182868933236,19.556922195589607,15.381929490494343,1.940736424922943,0.81796875,0.4870173427593556,0.29732155850979325,134.8385783189097,24.606266812914143,1.4457402812402993,1.2158250529340875,683.5013186029142,210.94371406691306,10.827201856716039,6.609950504225859,16.15178164099599,7.800379058272139,0.1517960606478518,0.1276560222241499,16.64589232965275,15.149724705908113,0.8950908352241859,0.6859195295900018,0.6718635471721933,0.6859195295900018,0.7541553568498615
stage1_soc,118,-1.9716562814288028,0.9589654059446613,0.22466117307987538,0.13654894722128375,344.0465474370747,9.896204935112973,1.4733205361382908,1.2081330021800303,540.1918382743411,195.61481798028265,2.5078955655004465,0.8431372549019608,0.5475547798159411,0.3163928120634427,123.55226466603719,30.965951453835466,1.641874234127405,1.3388382371588081,498.8669710411586,169.18041753716244,12.173049310907759,7.03393604592351,16.297654490221124,8.576751866531048,0.17238922097815143,0.14057183913494492,19.23797438726158,15.29397060456943,2.251594603061676,0.80546875,0.49971862536422956,0.2936791426651325,154.2442279878288,23.348537735782422,1.4465106720010945,1.2213218994664203,677.7530540275924,211.39417087639572,11.1095723978204,6.528973569456352,15.544924392991295,7.346619329941893,0.1518769481240919,0.12823316575429908,16.69346318824451,14.654512520515059,0.8915670540206987,0.6788708209571784,0.6555531623907311,0.6788708209571784,0.7541553568498615
stage1_soc,119,-1.8888143785143747,0.9601244094950265,0.2211432412899574,0.13542866920577398,335.3002147307013,9.875038796572197,1.4790871455037,1.215121077526763,544.332340861843,196.40730724999452,2.4021716491848815,0.8686274509803922,0.5496039964075632,0.3254990894420474,120.80318011129205,30.21499393724197,1.6664527798735238,1.3559464856543961,460.86279215732867,171.78175107058524,12.218606788511973,7.236383668800294,21.474777175846327,8.8558306856998,0.1749698549060607,0.14236812631038898,19.500799878144214,15.104070569406293,1.5590954780578614,0.8078125,0.4332884751582226,0.2579181275999872,115.59579069932661,24.133425405827925,1.4443626194320787,1.2171932807621488,655.9592166766045,211.82442010684173,9.632720174083884,5.7339469970603245,14.651399123997233,7.306947355748229,0.15165141251283998,0.12779967983476187,16.64674480825516,14.927140277732903,0.8937814371080393,0.7037462520581232,0.6778259574525333,0.7037462520581232,0.7541553568498615
stage1_soc,120,-1.9657347227345434,0.9591121152548341,0.225891354994065,0.13768693371688615,350.6931681621019,10.069215643384448,1.477817804877196,1.2129338378354653,543.2338199081588,195.66222774538008,2.217648896516538,0.8901960784313725,0.5343456674461234,0.31686041462691683,118.0261763150741,34.1208857094525,1.67276695441404,1.351632297024423,506.9467924962821,174.09606888562934,11.87938887334357,7.044331625092759,19.200192634493433,9.53992284514776,0.17563281410691461,0.1419151564046464,19.489237548301546,15.489029693876738,1.4315807342529296,0.85078125,0.43732439564557396,0.2620437484660215,118.70318764624012,23.503129416346386,1.4511460340202078,1.2277555347383895,669.4231041859615,210.0533967123032,9.722445368563868,5.825666379470295,13.898103906391611,7.172611395198752,0.1523636397541919,0.1289086677809094,16.78416007737319,15.007008137242398,0.8913447087566146,0.7298923781975355,0.7195839313063279,0.7298923781975355,0.7541553568498615
stage1_soc,121,-1.9868418194347242,0.9622957072855843,0.220279356992079,0.13327732895255728,328.89604905604295,9.596655790358302,1.472824792795723,1.2085065696947206,539.9721921769916,195.50028902264538,3.010505001217711,0.8098039215686275,0.5723367574592829,0.36453141767860336,160.83626125706866,42.10434147523866,1.6575964970786576,1.33089600484453,485.14872917657357,171.53290239551245,12.723993704043396,8.10413694912569,21.311128421604664,11.41191831722254,0.17403998606468715,0.13973794137771894,19.21799454131157,14.588561787794522,2.0098521232604982,0.80078125,0.46505342122986904,0.2871472886723495,133.15523689622978,26.48558360992737,1.429969526737853,1.207695526160387,656.673538985556,210.6076838775587,10.338907516688138,6.38375964077414,15.647654037812401,8.456911563914861,0.1501402041721216,0.1268024594126328,16.51166613839455,14.884092348760124,0.8962119001879606,0.6381028943308426,0.6612652236310392,0.6381028943308426,0.7541553568498615
stage1_soc,122,-2.003397823817671,0.9645843725242804,0.21826198029140567,0.1332243862325437,327.8019099187649,9.846603381868842,1.4747585838405879,1.210506395815162,541.1187183263361,195.97116859796822,2.658780336380005,0.8823529411764706,0.5816677915710128,0.3619060104877195,154.17828775609422,34.66711936917646,1.6490673787036234,1.3457243382200306,494.7962992630052,167.88433996906375,12.931438041214617,8.045769800533572,22.17032888551538,10.299641891317503,0.1731444679782583,0.14129484798230155,19.333002828794392,15.751544515860456,1.551274013519287,0.8390625,0.4458086884279465,0.270319260908218,126.41188196188281,23.48932565623346,1.4585151622528933,1.2329158936940074,678.8041770343699,212.20142076167355,9.911065244081561,6.009644722360027,16.49235509329065,7.5547858818024825,0.15313736422645388,0.12945048166764686,16.85806583153269,15.156325626042497,0.8991057784368587,0.7078526037051667,0.705319893471616,0.7078526037051667,0.7541553568498615
stage1_soc,123,-1.9511324135806163,0.9591854699099205,0.2303812186814304,0.1394865867027777,346.96624258671187,10.110294928514474,1.4775919745253934,1.213617280427715,542.8957188521404,196.00184542998298,2.281189279462777,0.8627450980392157,0.5049978161810337,0.2902376963976113,119.00596295857216,27.88539847117637,1.6275654143342255,1.3175984923965207,456.23066887003006,168.5919676699245,11.226937550136759,6.452464521120664,16.115928230425745,8.04927128843169,0.17088686090331057,0.13834176390918232,18.97084570722221,14.704071312083052,1.9109875202178954,0.81875,0.4526730673103926,0.26706120553753865,135.85122476504608,21.85931187809448,1.4276027315610988,1.1995390826014045,673.6172860992025,204.8748929252411,10.06367175160371,5.937212757291109,14.652796079739241,7.2650418560706935,0.14989170159606874,0.1259460704628223,16.414290735644464,14.45097068519437,0.8900711043054914,0.7112457531849057,0.6829480798068822,0.7112457531849057,0.7541553568498615
stage1_soc,124,-1.9921651450454592,0.9646723981103841,0.21684557269041813,0.13174884915543564,327.6972428060537,9.62877915792726,1.4728211495262362,1.2086000043851217,538.087023038758,195.4648540647707,2.2145971209395166,0.884313725490196,0.5312747783135842,0.3123290354267274,122.04227502357858,32.60723558726873,1.6412554752709252,1.32877466756047,483.2767666187316,171.43697227721628,11.811117923629102,6.943591563123306,16.571513503142434,8.910884532722697,0.17232425415241978,0.13951521074815565,19.136217521624598,14.751809993613609,1.7552788376808166,0.8375,0.4712074593077535,0.2753146246770484,145.71875644029495,22.026341522219234,1.4391728908600212,1.2112051809985132,664.838245267674,206.55633827313102,10.47572197205363,6.120699929483477,14.801391889033232,6.829929837970081,0.15110651495185196,0.12717095698136913,16.57164302656779,14.639645425927714,0.8996187263032587,0.7249312919961208,0.696137762207674,0.7249312919961208,0.7541553568498615
stage1_soc,125,-2.0523193851154855,0.965185880695989,0.21410823106504312,0.13048621631733087,322.14004310285964,9.451656824620592,1.4773760193139538,1.2119732730656474,540.951945565398,196.30458598696856,2.604361431271422,0.8568627450980392,0.5343862937942743,0.3104992292803146,119.26438919852284,32.0132015486581,1.6390632405152057,1.3350888473438283,503.2206966974735,169.66636920494113,11.880292064325717,6.902911942981605,17.62203129873287,8.786892842695082,0.17209407961536663,0.14017817049948375,19.184915960140646,14.639334160400391,1.8729334473609924,0.8140625,0.45480831717785214,0.2656303362953622,129.6284235863033,21.71510461064179,1.4408494005005574,1.213045478422282,670.7266150339908,206.7692948443364,10.11114189137024,5.9054021650279385,14.43981395528641,6.843284391015934,0.15128254073073752,0.12736417972197703,16.588305361579437,15.035426354884919,0.9009534113764761,0.6965468569597569,0.6776200048466444,0.6965468569597569,0.7541553568498615
stage1_soc,126,-1.993336503156834,0.9583638977729527,0.22472994762618712,0.1367591211716042,336.02949836061373,9.976882176259167,1.4709061333409812,1.2071124386450454,539.4999307968275,195.16240451727302,2.3619608851040113,0.8627450980392157,0.5327054370783975,0.3104096790483477,110.20884348379616,33.660788682298886,1.6299605828671355,1.32652155819769,492.88573545186824,170.37274690923982,11.842923836632012,6.900921093061708,17.21588258557894,9.255290770056488,0.17113834255087973,0.13927864465816236,19.059732738089632,14.935572646165008,1.406460738182068,0.834375,0.42446960956906465,0.24600790679214696,105.38549838123416,23.46650112355936,1.4325235608380167,1.212834939336608,665.1451409119023,214.1813341067437,9.436662191138005,5.469163069420475,13.821084810632328,7.265039188184447,0.15040836597144044,0.12734207408915182,16.5631273895783,14.77766567257548,0.8909449134850966,0.7029334669156965,0.7070341171292805,0.7029334669156965,0.7541553568498615
stage1_soc,127,-1.9501921629206835,0.9621343270443943,0.22130709366900136,0.13534939938529353,334.4472119514761,10.019493324815262,1.4754903679131173,1.2117358843204686,540.6112716151732,195.8917911108078,2.8159811636980843,0.8725490196078431,0.5490432276423882,0.3258533140735737,136.7000493887749,31.113132219594313,1.664785202781559,1.357002665628405,490.4531034080452,172.86275502355699,12.206139970428882,7.2442586688288895,18.72337306067307,9.17058221830478,0.1747947670035713,0.14247902033573367,19.504454036595448,15.040871975092951,1.8535446882247926,0.83359375,0.46750434889280373,0.27075578974399833,124.80374145296526,22.452886075904267,1.4471321964332389,1.2151909069238171,665.1784313573828,209.55874661626953,10.39339569649802,6.019349481115623,14.627838414176676,7.031365377990307,0.15194220532251135,0.12758943981824777,16.642650042709125,14.999393191447965,0.8957421989436939,0.7078360513151267,0.6933424453321589,0.7078360513151267,0.7541553568498615
stage1_soc,128,-2.037884401353759,0.9635427364220533,0.2183216877531841,0.13170657376702735,326.3346386009899,9.468624681813646,1.4756479586663778,1.2114267307404152,538.6635499515804,196.90484055878187,2.792822764901554,0.8372549019607843,0.525682384263106,0.31623789191282553,135.2912985380666,34.967337378448605,1.6871240640841292,1.3618669817479803,501.84148169638274,174.75415328932763,11.686789744875218,7.030491914482726,16.800806372216368,9.941220264981355,0.17714024439608045,0.14298975109026718,19.643675281595115,15.184089704281693,1.9792805910110474,0.8171875,0.4497219937836698,0.2660048733167059,133.384941628482,22.996126732291366,1.4551587239742032,1.222364749971166,657.3131890010227,211.8220622792001,9.998064501178488,5.913728743112253,14.502931338162247,7.542967561942349,0.152784953689704,0.12834266024685706,16.747291077206985,15.051243310364002,0.8980462300960981,0.6795501866818525,0.682270901864899,0.6795501866818525,0.7541553568498615
stage1_soc,129,-2.0234901096363247,0.9635427364220533,0.21793998626718358,0.13300576540712125,329.97475263125637,9.747439308344042,1.4759753505487223,1.2117286507470768,540.8679769753497,196.75703488956287,2.5239059036853266,0.8705882352941177,0.5388206094539153,0.3243669662113283,137.29328197154385,31.917075668812046,1.6765839129822286,1.3580311997117949,490.31062561469827,176.35570989799982,11.978874243086144,7.21121469498876,17.827296306842797,8.369419777221786,0.17603357714978288,0.14258701167008775,19.550273230760872,14.592932263703663,1.902183973789215,0.8546875,0.483300915621046,0.29061276894790355,151.73000633739156,22.75023856985583,1.4511124783828229,1.2204926757513022,669.4441705917562,207.77124624017733,10.744579528352393,6.46080300490015,15.646841926542056,7.4310921239969385,0.15236011656705126,0.12814610108923855,16.703040362505753,14.724396720275976,0.8981607405418983,0.7089420524579431,0.7096972253136863,0.7089420524579431,0.7541553568498615
stage1_soc,130,-2.0809112203285234,0.9654059446612482,0.2148030474482911,0.13026651428422953,330.78468472389216,9.472681717533177,1.480776775648228,1.2154447069802166,539.1765726238094,196.80143583276754,1.986175077569251,0.8960784313725491,0.5141483051247996,0.29353389560664983,115.54280591732142,26.58620030070245,1.6466392844188278,1.329352099799058,486.3423368054544,171.54678048625468,11.430368069305676,6.525744486868911,17.008109647624043,8.60054908679815,0.17288952927862045,0.1395758384696393,19.157105354971062,14.659955904918615,1.7731852173805236,0.84375,0.4473780884759368,0.26511749042765587,130.9965274322389,23.10407997437857,1.439507957711295,1.205308447698917,667.2199451624914,209.89371417799234,9.945955605515621,5.894000752298817,14.401704166044336,6.847599966015295,0.15114169542564593,0.1265518271852471,16.51243390539904,14.77691832723705,0.9009650304267609,0.7418339398351091,0.709536573457219,0.7418339398351091,0.7541553568498615
stage1_soc,131,-2.112459768841396,0.9659194272468531,0.21265397493845126,0.12886908590418797,319.69644015997767,9.229681533495132,1.4853479029910432,1.2194493221246827,543.4365375024762,197.86125970500046,3.003789161233341,0.8352941176470589,0.5899218598817196,0.37290684078436565,160.05664739401448,35.7477950249353,1.6642294346460245,1.3510718609480297,516.2625877860135,170.43494837507177,13.114939645557492,8.290336471482945,20.491252024177083,10.742304632738275,0.1747364139129765,0.14185631320179362,19.437902219833152,14.449049014464254,2.4319087862968445,0.79453125,0.5430077796597985,0.3308291128712881,168.5013583343351,23.146537297127786,1.4644903121999193,1.2340806398155109,679.8885036440072,215.33529569909842,12.071961969224729,7.3548789142518105,17.834278470530073,8.378929104246058,0.1537647274088373,0.12957277463768666,16.891001779135202,15.102713285009433,0.9021232347653177,0.658317559682543,0.6316289161020605,0.658317559682543,0.7541553568498615
stage1_soc,132,-1.986660307839752,0.9614301223555647,0.22302229805650342,0.1354814867099579,338.0517409013903,9.950639657942425,1.483635505714959,1.2161467401505368,540.7263407442339,197.33592482539143,2.349693439988529,0.8666666666666667,0.5191301998741026,0.3025175098530656,127.19324144113435,29.52094930086166,1.6646942714584516,1.354778816492534,495.58028775790496,172.77318839812506,11.541123837825134,6.725465105230699,17.308939105108347,9.324576648166591,0.17478521963409124,0.14224552643459484,19.48282941146848,15.19065388518171,1.8275031566619873,0.85,0.45227138921468296,0.26336950010627336,129.73266235924748,20.696761143359673,1.4471346363380522,1.2202023716548864,647.5847124729391,209.67320884055738,10.05474178250029,5.855140033405391,14.960228846867745,6.972762526352804,0.15194246150126203,0.12811562049822395,16.68610171832865,14.869813557185143,0.8945234329386137,0.7109276067044359,0.7143185832355952,0.7109276067044359,0.7541553568498615
stage1_soc,133,-2.0784030458652296,0.9659194272468531,0.21491893522247735,0.12989051067142313,314.86100028367076,9.364879687112195,1.4798839394420613,1.215808122218188,543.8772690777477,197.691677093432,2.3992338662054022,0.8666666666666667,0.5123411779333309,0.30632436861850176,122.87617984375176,31.576779703115214,1.6542994294800006,1.3406060655181316,503.7017109114139,169.11994084219668,11.390192639880649,6.810097878387922,16.775834795128596,8.96081837232602,0.17369380917547686,0.14075745295806996,19.30496717825008,14.979857295756307,1.9069343686103821,0.8203125,0.4500737524989509,0.26719734475191215,133.95998343279848,21.257085731981917,1.4523558286499387,1.2231232151527365,666.2682381760602,206.6741625871691,10.005884679806273,5.940239357424659,14.743952298273564,7.338204330163402,0.1524906626097967,0.12842229559228865,16.73941800391368,14.972182568078843,0.9014437466801098,0.7129643132866674,0.6852903742503147,0.7129643132866674,0.7541553568498615
stage1_soc,134,-2.0789737664828793,0.9616208444587894,0.22266341858309507,0.13533948289698927,339.57478261919385,9.868115894659534,1.482006539783047,1.2169499401755044,544.2041339496407,197.79981967692964,2.42994758942548,0.9019607843137255,0.5446785493668984,0.32735246229989856,132.88707278225783,31.219779828450935,1.6711044714134045,1.3515684179377323,486.8238655799159,169.11572179725744,12.109105946012836,7.277587215955346,16.843973499165482,9.552760952726112,0.17545826106051682,0.14190844939520403,19.474315336008527,14.49082491473867,1.9433723092079163,0.84375,0.5174356702001568,0.30591266972587616,157.36799744509358,22.067078315447,1.4448605834308852,1.2204032050234672,665.9842902964103,211.44494218742688,11.503451637636008,6.800945130378193,16.607866321271548,7.598243874326568,0.15170369643571607,0.12813670707552471,16.682089962534782,14.67352895138643,0.8948218188838608,0.738557219503656,0.688519298939953,0.738557219503656,0.7541553568498615
stage1_soc,135,-2.058200537387147,0.9656260086265075,0.2176584621998619,0.13089506655208352,324.97089983543077,9.517707467894784,1.485021484115146,1.220025812607755,545.0204741082857,197.95974563900745,2.684303683393142,0.8176470588235294,0.5722737724067837,0.3563927269376376,149.30790825327796,40.22271211775741,1.6977350976220056,1.3821191913795237,495.84113749898205,175.2107854136362,12.72259344204554,7.9232003791823,23.41667838152455,10.53395477516894,0.17825435397119027,0.14511613968258436,19.88383504778453,15.826651870330558,1.8898066997528076,0.80390625,0.4344590449110794,0.26457275110624323,119.85835219702933,25.2507745653313,1.4674909930989977,1.2405956961294577,685.6720063754822,212.37568441039429,9.658743877736278,5.88189029528961,16.849557212625143,8.093804292083718,0.15407978506175857,0.13025682549812725,16.96133150143467,15.202794289057701,0.9003284699665489,0.6459649271014943,0.6735685365266763,0.6459649271014943,0.7541553568498615
stage1_soc,136,-2.110746482690348,0.9652005516270062,0.21710718154917052,0.13142301936926473,323.08229041599935,9.544661866096243,1.4857023273004886,1.2202777380468544,543.567396625208,198.39759817082984,2.8178850323546167,0.8509803921568627,0.5196045901420046,0.3101252645509792,131.91867565164014,34.43959299427469,1.6516524213379786,1.3395317190271967,483.56657513443946,168.51073743622504,11.551670318901833,6.894598087896147,17.12631688019592,9.553377509848417,0.17341588553063172,0.1406446515322462,19.273489754174477,14.44163092378702,2.050749123096466,0.83515625,0.42075369085645914,0.24852418493610456,110.56525333423102,23.033790720306982,1.4463552277453655,1.2186471016051654,662.6700598258175,207.14386158064622,9.354051165919529,5.525104098620607,13.82039788756789,7.2528359344753595,0.15186062719427057,0.1279523243171224,16.672878589244192,14.802089443398966,0.9000683971622551,0.6950990151142613,0.7089301427430623,0.6950990151142613,0.7541553568498615
stage1_soc,137,-2.1519811185521878,0.9648631202136088,0.21140678457443327,0.12841862613106636,320.6813394427383,9.333811745688674,1.482336560107108,1.2176070527698335,540.5185636311087,198.17123989165398,2.863226151933857,0.8549019607843137,0.5669185728100065,0.3452219765158553,156.40439328929813,31.59314451592052,1.678503242724951,1.3646341778922315,482.03058419051507,176.3828094807593,12.603538488706922,7.6748561025239725,19.546089371209764,9.37882995218527,0.1762350979193222,0.14328029392094552,19.634307322228743,14.861769432366398,2.1507896780967712,0.8390625,0.465488349590927,0.2777783141595137,137.36220572297538,22.80903381808169,1.4487367101277446,1.225166777814593,678.7924267286477,213.74974994310423,10.348576694240839,6.175471825670551,15.56945729530041,7.145754460594631,0.15211067185916521,0.12863686024527785,16.75287041215109,15.216859384264898,0.9014410848412788,0.6848263889413118,0.6994159951227219,0.6848263889413118,0.7541553568498615
stage1_soc,138,-2.0974060317334677,0.9664035679704234,0.21471163988118022,0.1295933293647044,319.9079942062419,9.336689282052351,1.4859207877344422,1.222323315358933,547.0861660385285,199.15400439382054,2.4515989013746675,0.8725490196078431,0.5523337773037605,0.3214325956671554,137.67647968577268,29.82433435895346,1.662749726429587,1.3410835327032735,495.9039013866635,172.2997216837832,12.279294337378872,7.14597877951981,17.674551912489854,9.073750184339106,0.17458105137581958,0.1408075848100586,19.328082706709303,15.092327999125729,2.123500573635101,0.8328125,0.48600058483240843,0.284223595671574,141.4725882178131,21.309188636678957,1.454802867542415,1.2343008061601721,687.4177692235601,214.86774466909486,10.804597644611192,6.318761104773121,15.268306405866104,7.305436312841625,0.1527475904058538,0.1295958910882971,16.86278909709163,15.126884763262158,0.9019900760060693,0.706848886416715,0.6870123245502775,0.706848886416715,0.7541553568498615
stage1_soc,139,-2.129615800522928,0.9649511457997124,0.2161324984243164,0.1301341111913684,323.30051003527296,9.328925025678535,1.4827381187434228,1.2180539169877684,542.9888060371507,198.08268806862702,3.103649864944757,0.8352941176470589,0.5815006369112401,0.3799583323774677,172.07481819806432,39.76170609207797,1.6819451836046466,1.3672649252064089,484.73493481960486,175.97683617444045,12.927721916379317,8.44710280435495,21.493858772225007,12.030691458367816,0.1765964858347729,0.14355651025387456,19.660578237317065,15.059300370627032,2.2852049589157106,0.803125,0.49844516521100607,0.3106171777355485,140.43872566197913,28.150538439249043,1.4601483312934451,1.2251186759174744,653.4907911228483,218.51199844164256,11.081261270218013,6.9055341324220665,18.29324201347602,9.089102522292873,0.15330883944226173,0.1286318097679639,16.78126927905006,14.691978816055245,0.9001113962724175,0.6608439265736868,0.6535914504366982,0.6608439265736868,0.7541553568498615
stage1_soc,140,-2.0756051936328266,0.964041548076641,0.21984453519658384,0.1333562580956717,333.91663566376786,9.76025465829429,1.4777311357450975,1.2143444320999288,536.8536925420981,197.0132814419423,2.5517981921925266,0.8941176470588236,0.5652691496344545,0.35551184093323995,156.30065205498042,32.855022398912965,1.6746558652984802,1.3520525813394901,473.07625059956655,173.27688085368914,12.566869080657382,7.903616824871213,19.42966449172999,10.315450166524185,0.17583114103664982,0.14195928431904922,19.489721316271027,14.83627029265213,2.055662202835083,0.846875,0.4744895616600141,0.284617321125188,145.53443888326228,21.768124143320293,1.4473306755015298,1.220543876467127,665.2467080618469,208.15283520481657,10.548688541336336,6.327514273476011,15.393200433287337,7.156164223902689,0.15196304470914157,0.1281514769282225,16.68592859037357,14.671954268246669,0.8980881875176658,0.7245369021684872,0.7045281315019958,0.7245369021684872,0.7541553568498615
stage1_soc,141,-2.036410892038767,0.9613274258384437,0.22308406468913838,0.13602599599077447,338.4055427446795,10.085636782107755,1.4829047262214061,1.219024120408512,541.15793548087,198.71568780189153,2.319441146476596,0.8568627450980392,0.5206258383442771,0.3116616136467486,122.95354183564672,32.66418927166553,1.6638324843328645,1.3442735476674987,478.6559574710825,173.56429265819173,11.574374357261465,6.92875367194174,16.901496290014517,9.471669009546792,0.1746947359611393,0.14114252166646388,19.378283568750774,14.618162333624646,1.9515212178230286,0.82109375,0.44477687931289295,0.26296292002334665,131.21854524542624,22.16175844292725,1.4488492148279537,1.2201308487878122,658.9056681234315,209.7902690834765,9.888126419145701,5.846101085010194,15.093780263624495,7.507752008920109,0.1521224843337277,0.12810811092710042,16.695628479449994,15.074068332009293,0.8944022064317021,0.700674993594756,0.6876606862061321,0.700674993594756,0.7541553568498615
stage1_soc,142,-2.1683347455240995,0.9700566297937268,0.20839014930992805,0.12519487890773476,308.75098408858184,8.911730275419112,1.4810445684903553,1.2176585854051505,541.6379850101841,198.25117336554837,2.6849055617463353,0.888235294117647,0.5328517024307097,0.3218589453556228,127.69531617497088,34.815097948408805,1.6590104244441222,1.3495477541112433,507.57918071348973,172.9730535904352,11.846175557577215,7.155457238977598,19.548804180943712,9.486769325308753,0.17418844191592453,0.14169628901430112,19.40442011029805,14.914299125695258,1.9826036810874939,0.87578125,0.430435803301395,0.25358320813938917,114.31343255645137,22.322865009782593,1.4479057022427873,1.221227421536605,650.8522995674876,215.06793081892567,9.569300555698533,5.637574560369312,14.779967391179355,6.978130325121315,0.15202341986450152,0.12822324600747442,16.708823576475154,14.691521164638313,0.9075395850007484,0.7283797833884341,0.7466505090095814,0.7283797833884341,0.7541553568498615
stage1_soc,143,-2.1160793470869756,0.9644670050761421,0.21651924385511123,0.13119067772911808,319.8843293926589,9.597913656754043,1.4812550407224505,1.217990961883647,538.9104508173853,198.13726598657098,2.7339267534368177,0.8941176470588236,0.5620087399926134,0.35678639621565156,155.91853313341238,34.74051976805363,1.67102879540412,1.3644950296218488,477.5131818131637,174.09098061389693,12.494384776242702,7.931952299008594,19.650306125156554,10.355489971685252,0.17545031542861877,0.14326568399441575,19.604659224521114,15.089249763602737,1.933351719379425,0.86328125,0.46228462152632327,0.27262433351716026,131.12110805909262,23.393936141383783,1.4518030695867628,1.2245059146480344,671.4469869205293,214.54723353978233,10.277352515132641,6.060890302835664,14.889542176790513,7.160614747738117,0.15243262545791944,0.12856747266120588,16.754444176115943,15.359842872808901,0.8995112319196088,0.7255150250610396,0.724595863542103,0.7255150250610396,0.7541553568498615
stage1_soc,144,-2.073550060564131,0.9642616120419002,0.21818121255114492,0.1318930631835018,332.5509937877376,9.45310659970651,1.478558011697666,1.214220541014303,536.5487393187963,197.695895209812,2.3602737969043206,0.9117647058823529,0.5534480707927172,0.33451871507636766,149.14949612416513,31.172925110166354,1.6558274648594336,1.3466659288342093,500.2946991060318,171.61564039431917,12.304066926511329,7.436904879937225,19.948914001104928,9.235382153895914,0.17385424584182568,0.1413937106534396,19.37259173332467,14.60075843442801,1.7236448049545288,0.85390625,0.4562297467628893,0.2664190111441712,129.08588621254847,21.625855716350692,1.4377391516188414,1.209269998801028,659.5759251541834,209.80964102470355,10.142742624426495,5.922935712681476,15.532699539377983,6.750153118067003,0.1509559789450523,0.12696777177720364,16.554249676518793,14.307479014362082,0.8988072482765568,0.7457302846445377,0.7170373259711332,0.7457302846445377,0.7541553568498615
stage1_soc,145,-2.1713502523551464,0.9667409993838209,0.21220755274303532,0.1283326154246667,319.3656179874367,9.222915872540376,1.484036050105056,1.2202336533498572,538.5512280569711,199.35402482253755,2.369164764179903,0.8745098039215686,0.502916601313561,0.2925471155685099,106.97626795971726,29.206997074606083,1.6602101128887294,1.3524443662780172,476.24680705535053,173.56526009394568,11.180668697882641,6.503806732864945,15.687262158730563,8.612053545542764,0.17431440366870904,0.14200041993037668,19.43720590198616,15.488011958905938,1.7882717847824097,0.84921875,0.42816655270700077,0.24946618111753197,111.206653445625,21.143108947864548,1.436757424139786,1.2113840454920137,646.4477165176656,205.4696662035475,9.51885135791479,5.546046233343742,14.115228872800662,6.911543907182046,0.15085290208824473,0.12718973692812408,16.569313395446542,14.438170408524284,0.9030787335609103,0.7236348235275003,0.7207687841878998,0.7236348235275003,0.7541553568498615
stage1_soc,146,-2.1211227057863753,0.9616061735277721,0.22192370224049252,0.13436765974215067,333.69572403962405,9.796047281005482,1.4798492185249832,1.2147471277596973,531.0794930118294,198.9479776380565,2.2282981012381757,0.9,0.5219713742304338,0.30120206613130135,119.34715348271169,31.03790498226541,1.664502179122088,1.3579211885292155,494.48035543421145,174.3533070520176,11.604287847738687,6.696220613389823,18.497943228592497,8.745947808663544,0.17476505082485283,0.14257546100337437,19.520761996516626,14.861305292066795,1.7962087631225585,0.853125,0.4396719947284545,0.2599758212571032,120.79038492476961,23.304329105213277,1.4617907961567318,1.2356125724989397,662.6783865448693,213.94431939439409,9.77463638296384,5.779692933865471,14.98590167720962,7.40071807260583,0.15348129067657715,0.12973362050297768,16.889856789565844,14.637810726575342,0.8950290628556243,0.7434085877308698,0.7212234015814637,0.7434085877308698,0.7541553568498615
stage1_soc,147,-2.131974604203875,0.9676652680379096,0.2134940190910459,0.12918502769387544,325.853007216342,9.356556194979156,1.4790093831749334,1.2127996895237703,533.6341849639624,197.78487300507646,2.5076857996921915,0.8705882352941177,0.511625875970715,0.29450606069545826,112.42388033101278,28.37928363871972,1.65506265300642,1.3456281385731463,483.55671932706025,167.77029425806876,11.37429029296654,6.5473573263520874,17.43872335605894,8.117009933324246,0.17377394412516842,0.14128474746312653,19.333164493280012,14.600477512865556,2.0653738737106324,0.84765625,0.4182536259567396,0.24565094615863928,113.28270847860168,21.77298399847441,1.431527202527945,1.2082743682745787,683.8769865379148,204.09426761657772,9.298470583982166,5.461227243537989,13.957221687280068,6.639189608674232,0.15030375294486498,0.1268632351645514,16.524690391863935,14.525328861585558,0.9036170623105959,0.7171004725029032,0.7221801622129781,0.7171004725029032,0.7541553568498615
stage1_soc,148,-2.1758634076530234,0.9678119773480826,0.21202148931101011,0.12790487123563962,320.238392754097,9.15746927401716,1.4827349592170864,1.218248239802421,539.3783945292854,199.48956471889937,2.601029176805534,0.8254901960784313,0.5710486086410496,0.3499238474422372,141.33793275538636,36.923766432663534,1.655915836140301,1.3390965257643486,466.7949014549512,173.6687746066953,12.695356023098647,7.779386477840229,19.118039210359896,9.587082288673805,0.17386352441867947,0.14059895824709806,19.294140470050525,14.795497286348965,2.9459779977798464,0.75859375,0.5290343003610266,0.32404575620275866,175.2437992011017,23.670205273630362,1.4486278218247275,1.2232888189515507,652.0838317523642,216.9203786397597,11.761308389310628,7.204073664688943,17.290484303752756,8.085940096455968,0.15209923908962625,0.1284396832272702,16.728827390523232,14.847373351087963,0.9042055305547795,0.6541756134861165,0.599883459891692,0.6541756134861165,0.7541553568498615
stage1_soc,149,-2.1471809507525133,0.965083184178868,0.2194550793089549,0.13181084601493942,333.96353928247754,9.464797840778825,1.4810727643663313,1.2172666347670686,536.1575370915292,199.15352170826753,2.057659383381114,0.8745098039215686,0.5168632942742855,0.2978858807252026,127.59316984391691,28.550558365601987,1.6690585038078571,1.3647267763082889,475.27450124924184,174.09420166898371,11.490726773153318,6.622496321390905,16.609651465008714,8.361511297337149,0.17524344389953353,0.1432900163274954,19.58716405134998,14.872685582694018,1.871762251853943,0.84140625,0.4421383429312142,0.2569549906649627,128.13040460590378,21.74211815026882,1.444321729056345,1.2124998680774297,637.7917722751694,209.91349843912877,9.82946738690495,5.71253486838317,14.134495934980057,7.2850132792143425,0.15164711921200622,0.12730689315254823,16.598394732871064,14.815503609534991,0.8992466603861815,0.719450815639283,0.7087647471206358,0.719450815639283,0.7541553568498615
stage1_soc,150,-2.0531617686493933,0.965493970247352,0.2177031266535933,0.13183262378484228,324.1314682869926,9.617201961557987,1.483568027729321,1.218716571420152,537.2371597138414,199.65030355911574,3.136927234425264,0.803921568627451,0.5755963605832131,0.366091662899171,152.3386016719481,37.48627731714349,1.682408566049495,1.361666895025501,461.7952210062519,177.07161330933192,12.79646007822961,8.138823783589016,20.1013495045129,10.887326932939239,0.17664513885400054,0.14296874290736297,19.619619740258063,14.389579882891928,2.81642028093338,0.7921875,0.5328576026590872,0.32972655522862626,170.82642912471596,24.95209104409977,1.4552113376410387,1.2205606570518284,656.8271518207384,214.53650723812297,11.846306729422723,7.330367232412866,18.087695165707537,8.964219728629008,0.15279047788202643,0.128153238812211,16.725553159180127,14.729306602388515,0.9001830322512739,0.6312426604524871,0.632330219202274,0.6312426604524871,0.7541553568498615
stage1_soc,151,-2.055281611364886,0.9672838238314604,0.21482971148913155,0.12916465043847644,325.63670131848056,9.307385515123006,1.4838410720710409,1.2195609117538964,538.294904226581,200.06338550448163,2.2875211285609827,0.8627450980392157,0.5184680469051244,0.3074678734319248,125.0970050323902,28.172244698751832,1.674784027786808,1.3737164200374894,503.31837147485277,173.14643529870267,11.526403081035387,6.8355198836268105,17.728162925135937,8.416001701331094,0.1758445975067388,0.14423388745180937,19.70805256730786,15.370446187167987,2.1051859736442564,0.81640625,0.4492167128887722,0.269924406296559,128.31201536785733,24.14942213183679,1.45214134029308,1.2333414613931382,668.8218982743956,211.1196233463918,9.986831270319804,6.000866450604314,15.030310948691142,7.745204217483472,0.15246814232171427,0.12949516431300523,16.844300296481293,14.949260851392957,0.902834910384721,0.7072046839676784,0.6816412361333684,0.7072046839676784,0.7541553568498615
stage1_soc,152,-2.198452643786254,0.9680320413133418,0.21153157517398236,0.12665937693578447,318.9416373374857,9.00481236762379,1.4829568659059542,1.218794584061772,536.9304501953526,199.82758655693064,2.700788468940585,0.8450980392156863,0.5291457660436244,0.3177236939104749,125.51493773040728,33.50893497127812,1.6714088689636108,1.3562616973384922,498.08107073632067,176.05715303355527,11.763786455982228,7.063523752849125,16.88345387520987,9.820467547599527,0.17549022139916942,0.1424012220832168,19.53292122794314,14.977845566592165,2.1058589816093445,0.821875,0.46968885268205185,0.281586506415988,134.85380290099738,23.913095020045937,1.435756409239424,1.2067801371122187,657.5216249851368,205.81819765209718,10.441960832492855,6.260134244541338,15.048748846074256,7.986829010276251,0.1507478001411686,0.12670634778506376,16.529171306245313,14.581498159936281,0.904572568761147,0.686354309402599,0.6809683441953844,0.686354309402599,0.7541553568498615
stage1_soc,153,-2.13294361854977,0.9630145829054312,0.21516895465007765,0.13064336822675796,321.1336944996768,9.633391479008099,1.4844822240862516,1.220441070616762,537.2275991338906,199.0757831637846,2.0517532362657436,0.8960784313725491,0.4997359702798567,0.2852937244024931,106.74257161812139,30.12615539936873,1.6759507102079099,1.356064213184165,498.0948449438794,172.16030213793044,11.109958004011794,6.3425518382133,16.272934327016994,8.665575486774184,0.17596709377930475,0.14238048715796348,19.53212805776793,14.804381721233119,1.5915492177009583,0.85234375,0.4226016017457111,0.2449113447306445,110.07366241324749,23.10211661207807,1.4605134981578618,1.236887517800642,671.3523310004471,213.5693167875437,9.395133284469548,5.44478467927725,13.538319355738292,7.223071424537494,0.15334718027859093,0.12986748387861374,16.903783438932486,14.737646244875055,0.8984638965104079,0.7461576402885921,0.7255632694762866,0.7461576402885921,0.7541553568498615
stage1_soc,154,-2.1991907443376513,0.9664769226255098,0.21244091363823123,0.12826913087402517,315.2845957385212,9.310466010481306,1.4827102569270187,1.218187970907252,539.3468040194571,198.93481329548035,2.505550364887013,0.8921568627450981,0.5522301122130381,0.3299330347509799,143.57208347273786,34.06142362198952,1.6520231001827006,1.343622131397327,488.99095908525834,173.74126864470603,12.276989690779663,7.3349576140513,19.428459523510693,9.390686739562376,0.1734548050994674,0.141074125962936,19.332182203276066,14.610334115168873,1.7904576063156128,0.88203125,0.4333408989053695,0.25451227703670154,123.84884321794382,20.932984254097484,1.4377473770676248,1.2101533197237586,662.430488227619,213.965186243976,9.633885640778002,5.658229300163596,14.434214190347603,7.104998380510947,0.1509568425792324,0.12706051639952493,16.56394775929926,14.862860460981938,0.9027446485340405,0.7264878290811867,0.7520289803283893,0.7264878290811867,0.7541553568498615
stage1_soc,155,-2.204569427383145,0.9671957982453566,0.2113356205277003,0.1271838229020871,313.232126943405,9.149030385689663,1.4785251729657662,1.2139437511391251,531.0776294983358,198.8205432616282,2.9358861016292197,0.807843137254902,0.5301744407594935,0.32245097692654123,122.17832761797496,34.76123116516317,1.636825252393732,1.3322369587479854,472.9906685586697,167.22530951355526,11.78665559803477,7.168619080992433,18.437043248463716,9.8213088030596,0.17185910118595957,0.13987873535205594,19.15268667978139,14.45680870994513,2.1827182292938234,0.80078125,0.4338712608152957,0.2616988624409714,127.87006245700206,23.287494334881984,1.4594198106385508,1.2256233989341125,643.8537985476204,211.23069859719655,9.645676464125996,5.817998992125072,14.992219709079027,7.845053043902796,0.1532323481340036,0.1286848033565345,16.788951994475788,14.584726796176835,0.9037951120870465,0.6487908050270539,0.6706198717554113,0.6487908050270539,0.7541553568498615
stage1_soc,156,-2.206613166655234,0.968046712244359,0.21258766552058692,0.12759986517784527,319.76163411047105,9.192576110192512,1.4796562018065724,1.21427760710323,531.4155334400216,198.2497225379646,2.671479789883483,0.8686274509803922,0.5159911710056148,0.3001781605092772,122.70430164548326,32.286631544507884,1.6859072268817323,1.3606528437824226,458.5315887834773,173.053848081019,11.471338028965409,6.673457496189376,15.885904936014322,8.712061825905256,0.17701248210283152,0.1428622722044354,19.61421580877881,14.530448237292171,1.8834496140480042,0.859375,0.44182832203014766,0.2567876689499826,122.36005497598494,21.7838109757247,1.4776912144585568,1.2388164900527046,660.314073431848,211.97757300872996,9.822575108990103,5.708815029634026,13.949602894678147,6.890884794012429,0.1551507612531315,0.13007001706715499,16.97318332075198,14.886747433360188,0.904270412588183,0.7138300996787077,0.7268265033909557,0.7138300996787077,0.7541553568498615
stage1_soc,157,-2.1740074042566526,0.96679968310789,0.21301597370688402,0.12846470487943668,315.7117508268924,9.272374484511605,1.4766633702931669,1.2115887614824137,532.3876998381897,198.79075481608265,2.23021580658707,0.8784313725490196,0.5185667443354294,0.3003958135277179,119.44270655796382,29.20622876634654,1.6739986645175868,1.3626642357046697,489.90577618883754,171.0917314439173,11.528597288318842,6.6782962831451504,15.98696597910294,8.005339448385596,0.17576213798617885,0.14307345907816219,19.583996644190847,15.122508314863387,1.8660496473312378,0.85703125,0.4414106762536027,0.2593626204481552,127.75263751085735,20.20323086270423,1.4443828195359114,1.222383747438289,649.5457612620687,210.4109037872306,9.813290151904926,5.766060464640525,14.325894149264148,7.107468975563666,0.15165353343056373,0.12834465489327382,16.70881884905028,14.702410733546522,0.9028948909958248,0.7228613492483908,0.7246080471239192,0.7228613492483908,0.7541553568498615
stage1_soc,158,-2.232971208535087,0.965758047005663,0.21079252463374748,0.1272372091822802,313.2142691262522,9.1724041417828,1.481406852940392,1.2169237378698852,532.8234784256687,199.78385576929693,2.413265353090623,0.8745098039215686,0.543961207878645,0.32569650531125566,143.87466218916742,29.5874143347823,1.6540047829925988,1.3394925599442977,476.6462562608458,169.23005539510558,12.093158257067074,7.2407725504231255,17.581431773239284,9.33028066595709,0.1736628726534392,0.14064054000917403,19.29518107671985,14.708726702885343,2.0081539511680604,0.85625,0.46264422441765823,0.27168598187163295,131.64539331673828,22.557428406008086,1.4441767755223287,1.2147126460935396,649.7111561203777,215.90954511300504,10.285347082781266,6.04002919217964,15.09226059179663,7.592790923315117,0.15163189975957334,0.1275392246371808,16.629492269790976,14.593131282753632,0.9025202896155388,0.7113214415579752,0.7174567326747026,0.7113214415579752,0.7541553568498615
stage1_soc,159,-2.309099867619461,0.9698952495525366,0.20682037035670742,0.12413113367854901,311.49552657753304,8.827289706449108,1.4777620347011042,1.213285226288963,530.2110262263132,199.73153606360466,3.3996146248836143,0.792156862745098,0.6122802418991112,0.3991705448804971,188.7960985928018,41.165203160548174,1.6710000221669277,1.3537444471582478,478.0950499089986,174.78592104813083,13.612003495317529,8.874222096875108,22.26990147232991,11.213832933899047,0.1754472943714382,0.1421369224258133,19.47195328940165,14.571089749714979,3.2009650826454163,0.759375,0.5474822998704886,0.33440033676597525,178.885786803385,23.922458828632067,1.4559601065871666,1.227724289290927,672.9605106347971,211.98638719955167,12.171437961719386,7.4342731341049015,18.424484838322435,8.56936927463439,0.15286909516746316,0.12890538715305425,16.788978585874087,14.899967645841578,0.9078491384455244,0.6084727901753646,0.5951303100388534,0.6084727901753646,0.7541553568498615
stage1_soc,160,-2.2456831708417098,0.9709662275167982,0.20958142701800506,0.12590412371524234,312.52583170922384,8.98689159190737,1.47662862104177,1.2120974918177638,531.8368587941144,198.44194084459485,3.160604991164862,0.8019607843137255,0.5749550082176194,0.34727611042394796,139.39051999787506,34.645505073091385,1.670490757524847,1.3549257782598336,489.4298656659848,173.12796168569452,12.782201753291483,7.720522900214654,18.62367012693384,9.777387180213609,0.17539382393314565,0.14226095674225894,19.498324515910273,14.914929466620553,3.0615439891815184,0.76328125,0.548504875073286,0.3308245148131391,175.74014349439523,23.917402748169977,1.4647046690082053,1.237150099817518,674.5145570781249,213.90417199254966,12.194171501497724,7.3547766918064115,17.959146813893177,8.131189139086636,0.15378723388492643,0.12989505377915256,16.915366941195472,14.784466211761229,0.9080917994113966,0.6294742818484398,0.5987297874780142,0.6294742818484398,0.7541553568498615
stage1_soc,161,-2.114117554363827,0.9649658167307298,0.21786001981887168,0.1318231038537504,328.5950102661926,9.533541150876792,1.481389144280958,1.217093618763928,527.4270946688875,200.0738831747268,2.744925879497154,0.8235294117647058,0.5638046488157905,0.33938885462086865,150.05844545436517,31.73058459575681,1.662492488567443,1.3467867312916353,475.62977815375575,173.64129354683865,12.534310802766987,7.54517614522714,19.070903391041533,8.878143714431987,0.1745540425868762,0.14140639435423413,19.384731818746783,14.910347836838898,2.698469710350037,0.78046875,0.517753025465233,0.31304465803586934,161.03992096159746,26.02017955281508,1.4438702293016406,1.2143353124636633,643.0055831796323,209.7821669620863,11.510506970605887,6.959501038540566,17.3179758548008,8.262563163354201,0.15159971382043147,0.1274996063466009,16.619549412895275,14.679988704197513,0.8996078107850682,0.6543880171199687,0.6251428423604302,0.6543880171199687,0.7541553568498615
stage1_soc,162,-2.2039416699317003,0.9680907250374109,0.214387133939627,0.12879688514416962,313.29636684815245,9.252222935165154,1.482539018145937,1.2169431538784212,533.0213387609559,199.88204134006298,2.3007855639738195,0.8941176470588236,0.5194336269061187,0.2969767431509407,121.09545265691507,28.34308834210521,1.657341178137687,1.3492398317099785,480.03942324097017,171.92706726647236,11.547869523113897,6.602284687907204,16.056927309996045,8.59951710140489,0.17401317875361544,0.14166395858254674,19.404227310268887,14.810093558008138,1.83099045753479,0.84765625,0.4314040782783072,0.2498953333557438,126.34254758303521,21.658447594145088,1.4698906904742093,1.239885193664668,637.0604851706357,218.1916015240027,9.590826911553618,5.555586998122373,14.115914964972495,6.273408684231249,0.15433174221687887,0.1301822260167161,16.969645574959713,15.118271239826033,0.9037745848555228,0.738287558986988,0.7182350265165078,0.738287558986988,0.7541553568498615
stage1_soc,163,-2.227396398876297,0.9690883483465861,0.21217509614747423,0.1275665893238663,317.09566161999334,9.182515911170185,1.4871171090001356,1.2222149773032178,532.6029418620302,200.63374936257344,2.7737453058654187,0.8705882352941177,0.5287174553634613,0.3187032293893543,132.84447267319362,32.2388268731913,1.6998387771915826,1.381000191557641,498.58004319217525,179.5338330857636,11.754264400432342,7.08530044830632,16.91588679175686,9.80999139335184,0.17847523062218407,0.14499864986298705,19.873065223947776,14.47649518852877,2.3996110916137696,0.85078125,0.4821443645220764,0.28797467116528425,143.63979193700533,22.282786235738364,1.4641335164734448,1.2346055080961378,680.3972991374193,216.77878312443357,10.718867482585802,6.402153723442656,15.427059375882365,7.023477898611931,0.15372726550337776,0.12962788338605039,16.898850383201466,15.15787160019432,0.9054358195023438,0.7119729986850794,0.7061379406433772,0.7119729986850794,0.7541553568498615
stage1_soc,164,-2.2959935536445726,0.9691030192776033,0.20643811191453848,0.12369024869462572,309.73100256726894,8.880656380355052,1.485955312880077,1.2212665101092652,532.9750473906699,201.02393579826366,2.9536767351861095,0.9,0.5863968600264027,0.36242801974363187,166.33557757559467,31.618811202099543,1.6746368092835515,1.3549490207988841,448.3342168585272,175.81730626550853,13.036573062630136,8.05737493055382,23.65084922680391,9.526944144442066,0.1758291402429835,0.14226339710164648,19.518968418335355,14.824191364590526,2.0427712559700013,0.87109375,0.46063346629478336,0.2772129010940262,137.18417921901474,25.191417982297008,1.469170036166091,1.2422023446612003,668.8574860731752,221.30292116209853,10.24064460061082,6.1629017571022064,15.924967328775447,7.374254884715773,0.15425607683874645,0.1304255161828434,16.988865717573567,14.87594284254492,0.9071715857032419,0.7240809419920793,0.732903710111565,0.7240809419920793,0.7541553568498615
stage1_soc,165,-2.2254525868147845,0.970746163551539,0.2085929168567977,0.1251698332856586,311.8417307235721,9.090802657571137,1.482586225392934,1.2175590614385574,531.9742930511262,200.131404060134,2.542969248341579,0.888235294117647,0.548098539147907,0.3368494662109251,137.29767803324629,34.00791288725023,1.6803742138758162,1.3663442142599938,464.58492689941306,175.63834128737415,12.185137981129047,7.488721336551776,19.030738434521254,9.99341530450122,0.17643154125978405,0.14345983985153837,19.658298007343298,14.48833677725233,1.7610227346420289,0.865625,0.4366948023586778,0.255427779585807,127.44096397724554,22.56541721219739,1.4736230910702537,1.240810427240649,668.7241221061748,216.7433933663259,9.708448467414032,5.678582437576201,14.253794986307375,6.8825717265782895,0.15472362706271933,0.13027937127429484,16.98569384514648,14.981793041227741,0.9081682884944997,0.723805732373275,0.7346165592923967,0.723805732373275,0.7541553568498615
stage1_soc,166,-2.222297852568418,0.9699832751386402,0.2070326643523643,0.1253166419475794,312.0626952108939,9.120562316363218,1.4777888098532626,1.213450225506363,526.9969597580586,198.90551759435303,2.561392815907796,0.8607843137254902,0.5104376602727111,0.29785124500665594,115.50805628796766,28.408955795731895,1.6598026044766414,1.356525445802539,470.6903120946285,171.20224090710354,11.347874290738124,6.621726312023207,16.786606843496195,8.500188411017634,0.17427161716518655,0.142428914455328,19.481000012991352,14.920429167574852,1.7170217633247375,0.8625,0.4333618971389261,0.2517103423968365,113.3131303099482,20.41239295654939,1.4497218272700556,1.21864846540484,658.8898837610353,214.66276457566028,9.634352466275558,5.595937654114074,14.209012835928409,6.695302253754221,0.15221410461497886,0.1279524675097973,16.688066930919952,14.653165653126731,0.907873475832931,0.7076530156436769,0.7324914308583222,0.7076530156436769,0.7541553568498615
stage1_soc,167,-2.288315705984979,0.9698072239664329,0.21037462275299298,0.1253001515620199,313.5319978066481,8.88569714256024,1.480324249570479,1.2147174355297432,526.4848758401619,200.19928933317135,2.5498495653563853,0.8490196078431372,0.4920484821926931,0.28750171637637356,97.87852787404996,31.859659181518946,1.690271301651071,1.374661121400548,466.63189616251253,177.22375756758123,10.939052416093235,6.391639155440575,15.533430314776927,9.01228848706749,0.17747068982309366,0.14433307673723064,19.767170548977077,14.948129318562653,2.179557740688324,0.82265625,0.4137307285763619,0.24439772287441883,113.68828664467432,23.40522726684727,1.4514365708599237,1.2202146685180195,642.4080820025217,214.31348499229279,9.197919086909998,5.433366015038583,13.707615329833576,7.063981429263713,0.15239414478217944,0.12811691161213018,16.702406309983864,14.765098386086526,0.906694837140535,0.7014050631853292,0.6985370314270914,0.7014050631853292,0.7541553568498615
stage1_soc,168,-2.128259501453437,0.9637921422493472,0.20960765961397626,0.1273639616137615,313.5631525014765,9.365068930447643,1.485581431896112,1.2214497357509277,534.8844292155538,200.76924364819718,2.9471441250221404,0.8745098039215686,0.5579085620604629,0.34450298684886566,137.39140232828464,36.54645766829882,1.6985225801258492,1.3790428753430937,476.219626365517,175.42526293819128,12.4032310323774,7.658871771836108,19.84562125124605,9.513073095145765,0.17833703600161002,0.1447931406891294,19.835425845405886,14.882856425815323,1.896486258506775,0.83984375,0.4324711949069111,0.2566606079049961,118.59609697297401,24.025281897643637,1.4607217875064862,1.2306452786862792,667.1331637563304,213.60593934947934,9.614550680972362,5.705990252236164,14.913781558207143,6.905751598526987,0.1533690496994035,0.12921207756568368,16.846200717536956,14.932535120408993,0.9009098443651543,0.7071372353034298,0.7101023915279266,0.7071372353034298,0.7541553568498615
stage1_soc,169,-2.2234199705099,0.9690149936914997,0.21300350751955763,0.12720570979998114,314.12938955930224,9.089761002033608,1.4822790645237907,1.2175094644632216,525.4151564762636,200.46393158933375,2.5151200219696643,0.8862745098039215,0.5146360125191892,0.2996009598340036,118.84180627088385,28.30774020377654,1.6766337278621801,1.3631213592840177,476.18162361725234,173.43412180831263,11.441210612152611,6.660625369539404,16.105669500643593,8.626308663899785,0.17603880748239267,0.143121454945383,19.613698060838065,15.460732156384347,1.8446533918380736,0.85703125,0.4348548743162809,0.24164369585450912,109.68402720034778,19.35300867611074,1.4582174206461387,1.2339725789111982,658.015338380588,218.37410678218876,9.667543820766353,5.372139434698619,13.258739080076902,6.469631371838423,0.15310610273116126,0.12956142874119503,16.87179378892214,14.90008936849428,0.9051139414356324,0.7318837060481648,0.7265747877051157,0.7318837060481648,0.7541553568498615
stage1_soc,170,-2.267537736286877,0.9656846923505765,0.21409389199985782,0.12871847476747966,322.4629951065126,9.431676408559328,1.4799268944397834,1.2161151442601579,531.5809338809015,200.03563061495535,2.3530683573554545,0.8647058823529412,0.5105537056762698,0.29787622343420106,116.98115883450993,29.294931364213827,1.6659949627532296,1.363780387286462,479.8196659711738,172.52229627007517,11.350454172189073,6.622281623822909,16.39601249280029,8.223528807527902,0.17492178622023966,0.14319064984568827,19.576165214463888,15.024242282461266,1.956216073036194,0.84609375,0.4431653268984032,0.26291511223098496,128.73058502427313,22.73605018065557,1.4478563217492273,1.220936676995916,639.1521755408197,215.41096785613496,9.852298940815055,5.845038238633326,14.67468756649696,7.388880600043191,0.15201823514045912,0.12819271917184277,16.702888742666353,14.601854294933808,0.9014565247506192,0.7115397706500602,0.7131441519304791,0.7115397706500602,0.7541553568498615
stage1_soc,171,-2.301136222566637,0.9708048472756081,0.20883832306562636,0.12461096469589945,301.17130616494876,8.865121573935003,1.4821016442375756,1.2180799626151229,530.7751887705473,199.67248265242233,2.6155843912386425,0.8862745098039215,0.5304874449380141,0.3057626953421562,127.1544303399489,26.867313788919525,1.6757414757489948,1.3533414009008922,490.9474103835772,175.42807599371253,11.793614199146669,6.797610951523962,16.626246057558483,7.7917220398316225,0.17594512512627128,0.14209460442795485,19.51462414926168,14.364525651868217,2.339408504962921,0.828125,0.4565379768187895,0.2752214128995547,133.97040562575515,23.954390076819728,1.4665200062933386,1.2444212765629346,663.1701789684209,216.87913995129185,10.149595088888294,6.118627677344304,14.767793969983178,7.301112570146929,0.1539778359261132,0.13065849379708,17.00514343665635,14.917532166076299,0.9081533503559203,0.7271282763225173,0.6911636069543632,0.7271282763225173,0.7541553568498615
stage1_soc,172,-2.2363117602029523,0.9684721692438603,0.21379186652198703,0.12726833360634587,316.27636332483877,9.082476319474903,1.4821915434799218,1.2169312268943664,527.4334886608198,199.87778921371032,2.5485342175352805,0.8705882352941177,0.5469879669507365,0.33076081508040134,128.94196308568232,34.16559318034669,1.6971305792841962,1.38365587462105,496.09675259351354,178.0351721252199,12.160448122474133,7.3533605412835925,18.51491477594477,9.068568427155611,0.17819088233423067,0.14527748433456233,19.88912349804482,14.955291338064718,1.8485125064849854,0.83046875,0.4366556943492864,0.2616029687505943,119.60877862045285,24.226184699540703,1.45454921037444,1.2277760901859438,630.3951890741668,220.81723082347793,9.707579031616335,5.815867116622208,15.613225004851193,7.536927738120092,0.15272095757328122,0.12891082600808482,16.80164247617867,14.59421072054332,0.9043346092872642,0.7064918452088967,0.699472041695214,0.7064918452088967,0.7541553568498615
stage1_soc,173,-2.027420384986507,0.965083184178868,0.2227044016519586,0.1346102092932533,333.71452423766567,9.95288220456082,1.4826252997120044,1.2165609043824057,525.4931088051791,200.8415348738568,2.8220974267697803,0.8686274509803922,0.587198806573065,0.36570572407149216,163.71660584881602,36.81107783073476,1.6605400124806091,1.3567295579787564,475.2303100947867,173.43804267499615,13.054401662100153,8.130243724472543,20.145433315643132,9.476250718797878,0.17434904160410203,0.14245034529230616,19.487107472778614,14.320450544096449,2.169017505645752,0.82734375,0.4881416822606525,0.29991628798088643,147.95649433368482,25.608396883498962,1.4533392882739031,1.223715600216383,667.2246208570915,213.87798775422323,10.852197785335438,6.667635636315656,17.015744620279442,8.503197921649146,0.15259392133382974,0.12848449329142936,16.752253857960728,14.58867726862997,0.8982718636832804,0.6924678090084727,0.6809012453218043,0.6924678090084727,0.7541553568498615
stage1_soc,174,-2.1819589706217295,0.9700272879316921,0.2068357025264959,0.12472120484986549,315.31090049861535,8.93723045270636,1.4781840134699293,1.2136621676538268,524.8882427495909,200.00269971282913,2.6095410281536626,0.8686274509803922,0.5082438309698589,0.29460501908233355,117.02622398711472,27.82231760860016,1.6687625172140668,1.3540543423417737,480.13589379016213,168.22712934414946,11.299101833136149,6.54955733513215,16.17299944768783,8.571495995304062,0.1752123666725067,0.14216945999060512,19.489097066021113,14.814739803192701,2.122308540344238,0.83828125,0.4690247592279655,0.2785442374628474,137.88463286784128,21.60620430200608,1.4569613783366482,1.2223031566209102,650.3459597543622,215.3575431924382,10.427196935506398,6.19249956879972,15.511601284155798,7.0662055362435465,0.15297422408251207,0.1283361932291968,16.745061113414426,14.627163324582217,0.9079765771737434,0.7161543016894345,0.6975738222316104,0.7161543016894345,0.7541553568498615
stage1_soc,175,-2.25262642239731,0.9710835949649365,0.2071745387709231,0.12400169226015406,320.03351853105096,8.831799388220675,1.4780391410121718,1.2133433869752812,521.6009538679118,200.2434400796858,2.5332821574865605,0.9254901960784314,0.5206750972083092,0.31062283236716015,119.00157131033168,29.82167945401632,1.665511477883235,1.3569956483648105,465.3066283973586,173.12966881009422,11.575469463364023,6.905659844244849,17.741976268233575,8.923845607607689,0.17487102253909978,0.1424782835554253,19.49988793144092,14.658545491842416,1.9754429697990417,0.8828125,0.42821481215581014,0.2512762407317496,115.91044830078833,23.043064577632713,1.4591015072794804,1.2294065812857298,638.614772412768,216.3490902658424,9.519924245362274,5.586286855381523,14.265186196097499,7.008682804643422,0.1531989277495647,0.12908202005246502,16.825433367137627,14.621098384183679,0.9089312333336595,0.7692876669159386,0.754348056353257,0.7692876669159386,0.7692876669159386
stage1_soc,176,-2.393788096637591,0.9752794812358793,0.19482668457861874,0.11630933466371113,295.34378012109426,8.218228699518136,1.4819312871474852,1.2171516303997074,528.3343022941983,200.25320137758916,2.507466204026166,0.8725490196078431,0.5050125204399853,0.2907284069897644,118.17475705896548,27.39415670218993,1.6647752560806157,1.345973655859045,459.3654485895802,173.76066450681037,11.227264450158266,6.463373830026106,15.855861887495765,7.946542713579532,0.17479372264585416,0.14132102518435058,19.384182167676194,14.712499065271478,2.2368027687072756,0.85390625,0.424400234377395,0.24677945780786104,112.466977251455,22.3730647313229,1.4480106004858768,1.2235642255480343,650.452274046005,216.95804273023316,9.435119865766593,5.486315925913345,13.62969981740424,6.970329720939529,0.15203443369615338,0.12846859964951082,16.734446452147942,14.872676183774097,0.9168314758622936,0.7210452634758475,0.7265861796867815,0.7210452634758475,0.7692876669159386
stage1_soc,177,-2.3174366381893043,0.9698512367594847,0.20828070725518455,0.12421791069631774,311.76886922772525,8.834544040565493,1.4773511260728922,1.2117700351838352,522.7358836785785,199.61324048023016,2.7899720425699273,0.8588235294117647,0.5495745741867384,0.33680891638402555,143.12281973595148,29.331928335825072,1.676530225566492,1.3598508091095616,481.8398678874661,174.34313553029614,12.217952683830323,7.487819846763734,19.70536601537241,8.874453488533213,0.1760279402187788,0.14277806226339476,19.571835073878916,14.863892188272986,2.1016812920570374,0.846875,0.44149010025932367,0.2590789460420638,119.16387706507389,23.260485301030144,1.460565830518101,1.2317355884842982,668.1990904908782,215.33457398489736,9.815055879049956,5.759753912929381,14.623155246411908,7.160659917102708,0.1533526749350184,0.12932655506511606,16.857928735890933,14.665190632491665,0.9073670245829293,0.6939511571557432,0.7144279699222029,0.6939511571557432,0.7692876669159386
stage1_soc,178,-2.3011119762764953,0.9691030192776033,0.20846719364088637,0.12437690098337709,309.3231024012597,8.840575344054301,1.4817131250345437,1.2155186677604257,525.773492853534,200.1448454183749,2.8954776202931125,0.8607843137254902,0.5462408318443407,0.33077209917280603,133.69412841659428,34.373450598871685,1.6817432669923589,1.3718880753452871,485.62926948505935,171.17276022065613,12.143838072069451,7.353611405340184,18.31379613255649,9.17503642131134,0.17657528552187968,0.14404191969288066,19.723350423527354,14.282901472556567,2.140008866786957,0.82578125,0.4675116344511684,0.2763697568389034,133.00599622856038,23.039546905103272,1.4662549913100686,1.2354941224875802,652.3899645939533,218.18415877334695,10.393557666522756,6.144157264364388,15.561210795524952,7.204546678597813,0.15395001057532579,0.12972118379816883,16.90698274437353,14.923922573516641,0.9065628611853375,0.696912064172188,0.6855277596646495,0.696912064172188,0.7692876669159386
stage1_soc,179,-2.3737698193079972,0.9738123881341509,0.19960083250316155,0.11867079678695944,288.011607768445,8.403185396736756,1.4821564423230644,1.2156025343165366,523.3727476803776,199.89674699483157,2.7716354678658877,0.8862745098039215,0.5136103739116501,0.3060801578904776,126.0773472416723,31.924116215315152,1.652765134409217,1.3407934410534068,471.10947359820153,169.2456101707503,11.41840896781496,6.804668669578002,15.944533222180015,8.809763719315246,0.17353271527041073,0.14077712652495167,19.310312841378575,14.572203713755906,2.2862313747406007,0.84765625,0.45789664986328565,0.2671762572499574,137.64654758231663,20.389192563831926,1.4327952482556239,1.2027822617288622,640.0047169405236,211.5845558377761,10.179800640145855,5.939770547342816,14.542019767027318,6.44088133966909,0.1504368918970548,0.12628658931113237,16.475478871326338,14.385274035696476,0.9139321383832025,0.7321913976304265,0.7102872550410143,0.7321913976304265,0.7692876669159386
stage1_soc,180,-2.3692663676938603,0.9731521962383732,0.20160270564235666,0.12035275468707875,306.43812664415236,8.58741651249669,1.4814583413096971,1.2159014363554799,526.0742374561781,200.20325087074912,2.7004136852189604,0.888235294117647,0.5531311357927761,0.32671864720097943,150.15109492438492,28.1755985047987,1.6408578464424362,1.3365769931060427,458.8267697066396,172.03476337186135,12.297020936731215,7.2634964569344245,18.080987845280642,8.098528259941004,0.17228250495960287,0.14033441894002674,19.22101844080196,14.416345867574986,2.2659265875816343,0.85703125,0.45057183153662644,0.260162150540782,125.49138041633282,21.127865188762435,1.4540693897319419,1.2249256355360558,637.8879734441446,215.29649599152012,10.016957801455202,5.783835342336548,15.117045300046101,7.095668939146641,0.15267057861912617,0.12861154141836784,16.76829658202424,14.839317483998752,0.9126713845456662,0.7222959533798142,0.7218597005390122,0.7222959533798142,0.7692876669159386
stage1_soc,181,-2.3375174074797544,0.9721985857222499,0.20072801849001268,0.1201337361032015,302.30233288797496,8.469678212024697,1.4782890083420048,1.2136085477725742,523.2367535600551,199.82186797100204,2.377010841930614,0.8803921568627451,0.514121006474478,0.2990519076512725,116.49786244208057,31.493715049234297,1.6589326467806502,1.3428575082225542,487.13287517297437,168.24366428689632,11.429761175112187,6.648419030482526,16.780278313198913,8.229329444109053,0.17418027562003127,0.14099384405662363,19.335472612028774,14.761184508258342,1.8737698674201966,0.84609375,0.4353367780073256,0.24840302162810984,116.47960166252683,21.0791251950669,1.4366479505693024,1.2095794127169939,651.9464337168998,213.90338595429108,9.678257337679067,5.5224104376806205,13.393860826119328,6.411850215334715,0.15084140786832148,0.1270002588111216,16.550669833634583,14.734673111468851,0.9119801801752462,0.7261558549204017,0.7154927165978023,0.7261558549204017,0.7692876669159386
stage1_soc,182,-2.3598658733533577,0.9747073149262052,0.19920253994425727,0.11917888733997033,292.52476620682785,8.553203464038793,1.4770336289218062,1.2123917785897633,522.245167990913,200.09770749372277,2.8609202048357796,0.8784313725490196,0.5515504332584568,0.33888196001084997,140.4525334023016,29.577531775940024,1.6625856274420063,1.3527685964662655,456.5194285346823,175.63052309752626,12.261879302313169,7.533907038809577,19.961011399555105,9.068788264098464,0.1745638217390762,0.1420344626045401,19.44833500553549,14.270361554774109,2.5661651611328127,0.83359375,0.45329482371052043,0.27241151566158806,141.15846533719642,25.095279269669632,1.446343185550527,1.2117781308559643,630.2232685057322,213.23444608288366,10.077494425785591,6.056159009555759,16.196750549841635,7.694186419269345,0.15185936281936055,0.12723111407350965,16.602890325967895,14.24971453746883,0.914946552942928,0.7129662425714826,0.6976053028868439,0.7129662425714826,0.7692876669159386
stage1_soc,183,-2.3092706732611283,0.9688682843813269,0.21054749073287396,0.12543903194528402,306.5492774170613,8.986619186510143,1.4771858838713796,1.2118868202997228,525.5555742247965,199.86107579954677,2.816053451276293,0.803921568627451,0.5179169801115943,0.29935174820323784,111.68471046508374,30.37132534989528,1.6755895704620136,1.354593614664148,476.23097827954325,172.02519772677448,11.51415195384497,6.655084982381825,16.030362680278014,8.296652203656208,0.17592917577184394,0.14222608109690965,19.5133396719303,14.697778216623082,2.538665497303009,0.80390625,0.4734999756501115,0.2766647991618811,144.1686369502483,22.746033012381208,1.460265682591018,1.230367523754103,647.6849012088657,215.45911956862415,10.526688405934395,6.150716543689133,15.481454236087433,6.870708736235356,0.15332116078719113,0.12918291457902767,16.846319101246188,14.428966046203064,0.9057040371614646,0.6485464745939727,0.6618562573049667,0.6485464745939727,0.7692876669159386
stage1_soc,184,-2.2386955445313874,0.9658900853848186,0.21284324136967087,0.12849578243382137,319.9581754035682,9.142466548912441,1.4802765420964217,1.2156495107459437,524.9823513363546,200.0457699924707,2.8086681001326617,0.8745098039215686,0.48744771813708004,0.2798500546007691,104.94272218832475,26.640176223978315,1.6616222999169048,1.3577590038232943,492.8475216065488,171.76981011146285,10.836769813911122,6.2215300457435845,15.030371837811636,8.181947056359572,0.17446267679255884,0.1425584323573751,19.507030460621422,14.716402188806594,1.8394454956054687,0.87265625,0.417849031015344,0.23828341916196222,104.87178885831327,21.78255376146284,1.45062450946199,1.219244273640652,656.8383595013509,212.36570577071282,9.289475768569892,5.2974349204025,13.624294240169139,7.062682683358366,0.15230888208125729,0.128015024626225,16.695783623393478,14.551930654533184,0.9020371129739173,0.7282754884804447,0.7473015406953969,0.7282754884804447,0.7692876669159386
stage1_soc,185,-2.355587581398796,0.969396437897949,0.20804865885138094,0.12448407510736399,313.5704861321761,8.889322752917483,1.4779977594164755,1.2136784199642088,524.5364091471123,200.120951361067,2.959457773320815,0.8568627450980392,0.5510058655625965,0.34001864618165234,146.66893341628315,33.714872868946266,1.6563553514976996,1.3463965753275975,474.3294938486292,170.60922845794926,12.249772660824139,7.559177454333766,18.306294327669374,9.553290063464836,0.17390967150381853,0.14136542977771394,19.362919215824462,13.972986071178324,2.8918922185897826,0.8359375,0.5028989936570681,0.2981625649288617,156.93160123177148,22.361847322430755,1.4526993774269032,1.2225956962174678,632.8548152760347,215.05202015737868,11.180277250526801,6.628647469328695,15.911185017114908,7.4478400932549125,0.15252673364666297,0.12836690853741445,16.738463005196415,14.782678869216227,0.9069818402425348,0.6915609854292603,0.6850678019028795,0.6915609854292603,0.7692876669159386
stage1_soc,186,-2.3962402595103525,0.9720665473430944,0.2002344872733245,0.11944154006215758,299.12291276196447,8.430909754087857,1.4781340730982906,1.2136382650180257,522.3100720762669,200.1047792561489,2.719869729584339,0.9,0.5727189214695515,0.3390907904114939,148.1395984551832,29.34413454111305,1.668575430101966,1.354805226638621,470.273867364211,173.75610692547116,12.73248984271909,7.538549684364622,18.733349963490806,8.414772767040933,0.17519272338872788,0.14224829937810976,19.50433111839551,14.617545869757556,1.835243809223175,0.884375,0.43954310618864956,0.24953213080589193,117.90588226600462,19.58911757122476,1.4423497036027648,1.2242415568871365,641.7585091298249,214.79492344803708,9.771770977330482,5.547512404105168,13.949447105772851,6.356408566835738,0.15144006563590062,0.12853971631573588,16.72802690685976,14.565366816273068,0.911996201161097,0.7281843235591345,0.7525120681434052,0.7281843235591345,0.7692876669159386
stage1_soc,187,-2.3438959854497923,0.9733722602036325,0.2021791674884899,0.11982978751799646,294.269636681507,8.391120065578193,1.4824184975861168,1.2184521430036896,527.2649419401894,200.96591214570742,2.6259664666418936,0.8980392156862745,0.5344926840017242,0.32226842827181895,123.17774539334238,34.17553367014528,1.6596768695440438,1.3551162742078304,456.52132702197633,172.21001290227616,11.882657294781602,7.164560722162435,17.739433139831846,9.202461242326324,0.17425841557725144,0.14228095793808263,19.455471461077355,14.922950129336813,1.7484861969947816,0.85703125,0.44198808656146127,0.25580490926549826,113.95511041025877,22.264099100817038,1.4656478213174597,1.2308379734189656,668.5944180778785,215.11744865641734,9.826126939034337,5.6869666547481,15.289755873558358,6.715846410657406,0.15388626052684368,0.12923230962375729,16.855736466875562,14.809146394632995,0.9127185099570856,0.7376914104857573,0.7244348240315617,0.7376914104857573,0.7692876669159386
stage1_soc,188,-2.351101276002255,0.9710395821718846,0.20408492219335594,0.12148668526238206,309.2854836855074,8.458499820382476,1.4797843931081793,1.215626497589004,523.0994991514094,200.75903147578998,2.37402068306418,0.8745098039215686,0.5081834845735113,0.2885650584401161,106.88399756452512,27.656027254655974,1.6594269676827762,1.3515620726434623,455.66212154163094,175.6236745816029,11.297760232833213,6.4152790100331165,15.259050484162602,8.280030859799254,0.17423217703456076,0.14190778316857516,19.428526156953087,14.53056184973387,1.861466634273529,0.85546875,0.43534298152574163,0.2544742565354682,115.08587258127928,21.839974398903202,1.4623674972878666,1.2342358748624975,649.3704027606764,219.89747700502042,9.678395252164272,5.657384041472776,14.09858479554857,6.919735463032941,0.15354184163515067,0.12958907360155508,16.883919313111512,14.763461220670937,0.9098141055138778,0.7220547585495153,0.7248658555422776,0.7220547585495153,0.7692876669159386
stage1_soc,189,-2.333573040252581,0.9725947008597166,0.20088925801369256,0.12082017540170324,304.90573057850327,8.648100283325398,1.481752683156766,1.2170751829144009,524.8648436532393,201.18738144538582,2.661950650869631,0.888235294117647,0.5176197088343722,0.30550435663328745,131.1831546602315,28.039186137732056,1.6979164524448938,1.3855870631541691,478.45699209880104,176.49565106243907,11.507543121177017,6.791867654308964,16.227529693140543,9.327285251218266,0.1782733953910436,0.14548025022239128,19.926321881497294,14.176361958823534,2.5797633290290833,0.82421875,0.4603408311644348,0.27410460931823766,147.253846720725,22.26769093172701,1.463351201269712,1.2280637031966761,640.6815309009847,213.71368548721867,10.234138837163673,6.0937992847028575,15.031541843695479,7.59730786553871,0.15364512601563404,0.1289410240475161,16.828755712495557,14.37519675636653,0.9123279234556088,0.7329493814673353,0.6861165006506695,0.7329493814673353,0.7692876669159386
stage1_soc,190,-2.412415846297762,0.9719051671019043,0.20442184957045414,0.12188087764588318,305.79144486173726,8.54242336827457,1.4831034513205605,1.2167705535399633,521.673863563632,200.7487432067643,2.74595957737343,0.9019607843137255,0.5181367528271114,0.30337113226745643,112.58849556688473,27.59818013654369,1.6887190487414112,1.3761059942052645,484.561494630581,174.04168050249936,11.519037865176216,6.744442544797144,17.035659742251745,8.402357159432821,0.1773077104277811,0.14448478171684498,19.789028402796383,14.596146395168892,2.2693827748298645,0.83984375,0.44996589812331134,0.2645592204560671,125.206420512,22.488105113595147,1.4686542219204326,1.2431694396211241,681.9276706536609,219.133347143106,10.003486898467393,5.881589486534262,15.900850289104465,7.14323294835263,0.15420191872229017,0.13052705669263878,16.999725603281597,15.074460351931362,0.9105786122307681,0.746519758465592,0.7048539805630066,0.746519758465592,0.7692876669159386
stage1_soc,191,-2.3862276260836235,0.9743552125817905,0.19865103283139834,0.11825391777784333,293.25683887089036,8.312982575492661,1.4841369828311843,1.218653776799134,522.8649151518143,200.98745893179802,2.6798149791418338,0.8980392156862745,0.5416612415841667,0.32259350503411366,128.73867055347216,29.82129982034178,1.6754719879320201,1.3650625711708677,462.3230138072901,171.70064903230997,12.042026198416208,7.171787716799526,20.130347179090464,8.733283719596908,0.17591683014857704,0.14332527323911823,19.61262671347939,15.076474391341502,2.0255483984947205,0.84765625,0.4262025086353025,0.25407084567123095,114.37335015681742,25.225997386588237,1.4471084771267855,1.2166830453403237,602.5361302427712,217.1091984617264,9.475187406443823,5.648415550056141,14.284579498829633,6.918532267913793,0.15193971490474573,0.12774610746907417,16.6628337082631,14.270286502167675,0.914759902732371,0.7355408432110245,0.7197954974094093,0.7355408432110245,0.7692876669159386
stage1_soc,192,-2.4250407708488346,0.9726973973768376,0.19921559400049293,0.1185643267319014,296.95362914466716,8.37888080993838,1.4775482680340948,1.2123908494309745,519.720245829609,199.87973764791644,3.1502284657721424,0.8137254901960784,0.5798817453149766,0.3535325989273249,150.15517401722505,34.596714969059434,1.668705265502028,1.3643736115419398,472.54325850433145,175.5562182073415,12.891731275886773,7.859614998160243,17.963015545848563,9.278169537297558,0.1752063555068322,0.14325293565610023,19.588200552292232,14.91767610839744,2.981937026977539,0.78203125,0.5206958789563825,0.3059426891995827,161.70543729369268,22.02089140676116,1.4504945563175946,1.2224636006714718,639.519963472121,214.3818506272093,11.575931476030862,6.801612512980242,16.146331176559535,7.32403228868383,0.15229523760054106,0.1283530391144126,16.726383944221574,14.592302406389253,0.9129327191766897,0.6397609666015854,0.6258224863130852,0.6397609666015854,0.7692876669159386
stage1_soc,193,-2.417117184111813,0.9721105601361463,0.2032075273744438,0.12100721714952951,298.7580384263806,8.563970849802748,1.482171170721272,1.2184111182389763,527.2933255752276,201.68363601433367,3.0020666477726956,0.8490196078431372,0.517309923146983,0.30005741042505,119.42290193287641,28.831685959972496,1.6811571384100878,1.3631436665998955,484.903069627181,174.06761444909728,11.500656072451644,6.670773021897894,17.202988156185334,8.267493196773056,0.17651374472442363,0.14312379711065146,19.631541486137223,15.017090113432028,2.460272479057312,0.83984375,0.43566125545776874,0.25798707925023334,112.79391633279462,24.136897669599463,1.456928660462327,1.2263597360542917,658.1749635153085,213.07625608705575,9.685471008621452,5.7354799064046595,14.618764399530741,7.304468749962379,0.15297078885662874,0.1287621153575919,16.79121059285774,14.635748775473562,0.9111483019238131,0.6938266308990424,0.7091453733626694,0.6938266308990424,0.7692876669159386
stage1_soc,194,-2.38952902140519,0.9699539332766057,0.20342554192771894,0.12125242781414615,301.009909151198,8.5622831095005,1.4828767969772945,1.21852363192576,523.0319144719024,201.37941272170508,2.2468247862423167,0.8960784313725491,0.5030662676268242,0.278855159272458,95.85450752176713,28.366469431530934,1.6646890805988537,1.348906858353054,452.38430559261536,176.22205433481173,11.183996027820564,6.199411875403088,16.43244426868099,7.920216769316561,0.17478467461777775,0.1416289979160026,19.422964601786603,14.293279482333674,1.9465699195861816,0.87265625,0.4004921196738792,0.23121384766454867,97.43120412210374,21.85239500423632,1.4530918332213598,1.2219281762801983,631.5911123635944,217.31164208519203,8.903602892588921,5.140266641323771,13.021315721714629,6.37203651731163,0.1525679396947685,0.128296822023124,16.7346701131137,14.44492225804294,0.90892627069829,0.7451585510845018,0.7525086140978363,0.7451585510845018,0.7692876669159386
stage1_soc,195,-2.403015310630486,0.9722425985153018,0.20463345478384443,0.1222445880537161,308.99179498778136,8.546821911692943,1.4856715750583278,1.2209342828641372,521.5349982603502,201.45769140937594,2.789545642628389,0.8647058823529412,0.5589922317020165,0.34873630563527636,155.24052241469093,35.83685839411511,1.680375081435589,1.368991296037155,454.8940971652057,173.8001357254152,12.427322802679907,7.752985457325426,18.556239165177356,10.337505065408758,0.1764316323495583,0.14373777122773346,19.678925068880247,14.643757015714693,2.4358789205551146,0.80546875,0.48621007906322883,0.29162315307949027,139.93551482867542,26.10976136499397,1.465580218558097,1.2320642552564096,655.009542075665,216.11487217537695,10.809255048210124,6.483265516981405,16.42988666761204,8.03201308930991,0.1538791625489473,0.12936106356012012,16.866765905102056,14.466424536400773,0.9108525620801485,0.6970082128423363,0.6596057262810313,0.6970082128423363,0.7692876669159386
stage1_soc,196,-2.3982392753472803,0.9719785217569907,0.20632114903991258,0.12329848242618187,304.5323180842853,8.755633508921557,1.4734543865738503,1.2096076838536949,517.8403997403879,198.73684858316216,2.971451514374976,0.8627450980392157,0.5317917315382091,0.3239815535699474,120.53958670259289,33.45697478468335,1.6734432755392943,1.3564184774516845,444.36484751035425,175.12894198810952,11.822610649702842,7.202646333864866,17.063784476794396,9.47958672508616,0.1757038247053455,0.14241768327190976,19.508881617440284,14.628521936118794,2.592792534828186,0.80234375,0.4710666709503167,0.2769814624261926,125.60046617929478,23.32059771024221,1.4501205081802044,1.22078613083213,646.5480521252464,216.39693696698535,10.47259201377246,6.157756492336302,14.999518153300034,7.057569704528105,0.152255964271517,0.12817691251908161,16.707647045771395,14.501273786254355,0.9100821770450169,0.703207578577753,0.661023748714905,0.703207578577753,0.7692876669159386
stage1_soc,197,-2.399762927308853,0.9723306241014055,0.1978243550461515,0.11789757581265509,290.3076935890376,8.3596457486872,1.4750175276351487,1.210888741688581,519.1457059897718,199.81374253759964,2.4533643339194504,0.8784313725490196,0.519210620362222,0.30289655103731683,109.7134110106149,32.034192120308674,1.691071256073605,1.378638454380573,464.59053414165714,176.20055710944843,11.542911718423701,6.7338918183137375,17.15241375319485,9.066831224317433,0.1775546813474457,0.14475067835356978,19.82821058444234,15.13428190956038,2.2053807735443116,0.8625,0.4220326745562156,0.2449560592380294,111.85703139351703,22.093369796770595,1.4589841517195876,1.2308025361293402,664.5135152364089,217.4254608169718,9.38248509110637,5.445778756807707,14.41177860406346,6.823648610674175,0.1531866059571114,0.12922858887181105,16.839866439461822,14.589985477984346,0.91298331758756,0.722668186440353,0.7358901976331353,0.722668186440353,0.7692876669159386
stage1_soc,198,-2.381092205499806,0.9731815381004079,0.20001586179910474,0.11965102753606614,299.8552423474845,8.440286519589801,1.4814478452771755,1.2166076202927611,522.8791151073369,200.60129123008528,2.605543207654766,0.8921568627450981,0.5201274082403533,0.30209540454670786,124.51060126083297,28.63534506052023,1.661671482581203,1.3613550061250435,468.31181654124737,171.91191583111942,11.563293430828598,6.716081005414393,15.984870992082087,8.683399431399923,0.1744678407454413,0.14293599601148993,19.530892859831823,14.700409191610955,2.1436617612838744,0.8578125,0.44826215128741637,0.2622927974352933,122.09119600382856,22.82113802549491,1.4602650730007734,1.2337816613573522,654.2265144195751,214.79764910985884,9.965609785507802,5.831203150393556,15.56305731099979,6.993858608528819,0.15332109678302733,0.12954138327870196,16.88369804937863,15.003702148529877,0.9131767795606764,0.7361186402729921,0.7233338546137751,0.7361186402729921,0.7692876669159386
stage1_soc,199,-2.3137493596656626,0.9701739972418649,0.21237375261867725,0.12521928926681541,305.8636814957939,8.7087300256837,1.4802746223768029,1.215566261822136,522.2477049064738,200.42697210360416,2.781182642544017,0.8901960784313725,0.5786279712230811,0.3387867126449504,130.25566530348837,31.404610403156752,1.6788498270361278,1.3736950935978516,475.06567278785457,175.7242980829219,12.86385780202081,7.531789532169934,18.842790064072325,8.71363699013521,0.17627148767327847,0.1442316482740216,19.723901019569322,14.774236421200937,2.626551353931427,0.84453125,0.5109893038367369,0.29301987275212016,135.01343427333774,21.00075359080866,1.4499171562229276,1.2269977218435089,653.5958592354491,217.7526863807931,11.36013824049159,6.514316907774036,16.117591140955508,7.170896111876515,0.15223461325402088,0.12882910092257135,16.774373732898802,14.57676738736632,0.9064618714562618,0.7166076870644482,0.6912344588489789,0.7166076870644482,0.7692876669159386
