final_stage,mode,test_cls_acc,test_soc_rmse,test_soc_mae,test_soc_mape,test_soh_rmse,test_soh_mae,test_soh_mape,test_soc_rmse_raw,test_soc_mae_raw,test_soc_mape_raw,test_soh_rmse_raw,test_soh_mae_raw,test_soh_mape_raw
finetune,independent,0.8787878787878788,0.5057270504836141,0.275373416143266,181.18834619313375,0.5104132042766983,0.35893897159137217,271.2023986826578,11.250323162931787,6.1259130237648485,14.127677214277167,0.054331363180959144,0.03820756095024839,4.752178141546317
final_stage,test_cls_acc,test_soc_rmse,test_soc_mae,test_soc_mape,test_soh_rmse,test_soh_mae,test_soh_mape,test_soc_rmse_raw,test_soc_mae_raw,test_soc_mape_raw,test_soh_rmse_raw,test_soh_mae_raw,test_soh_mape_raw,n_test
stage2_soh,0.9233201581027668,0.3495294178716298,0.17427406643808124,144.48389708743886,0.4849003000300611,0.3334155760742282,424.13082433657235,7.786560428940131,3.8823500258009482,9.709206797846994,0.0518594777820749,0.03565837688418198,4.4633723691613465,1265
final_stage,mode,test_cls_acc,test_soc_rmse,test_soc_mae,test_soc_mape,test_soh_rmse,test_soh_mae,test_soh_mape,test_soc_rmse_raw,test_soc_mae_raw,test_soc_mape_raw,test_soh_rmse_raw,test_soh_mae_raw,test_soh_mape_raw
finetune,soc_to_soh,0.8811802232854864,0.4677976992792416,0.24901595934317558,108.70707199744069,0.6469730001408174,0.43696427553913675,268.33885846104204,10.406552933805191,5.539569269528856,13.798689302792072,0.06886758545702167,0.04651303005704624,5.833144888317086



