ID,True_Material,Pred_Material,True_SOC,Pred_SOC,True_SOH,Pred_SOH
PIP15829A00209415,LMO_10Ah,LMO_10Ah,38.8252,40.555454,0.67015,0.7097001
PIP15D26A03261343,LMO_10Ah,LMO_10Ah,61.3405,76.71522,0.71626,0.9018428
PIP15D19A03280145,LMO_10Ah,LMO_26Ah,41.6439,40.86675,0.74285,0.9245111
PIP15D01A03241499,LMO_10Ah,LMO_26Ah,47.5273,47.936523,0.79292,0.92358875
PIP15N21A50200177,LMO_10Ah,LMO_10Ah,8.6173,4.1043324,0.87622,0.84081614
PIP15D25A03219538,LMO_10Ah,LMO_10Ah,26.4669,52.015503,0.8858900000000001,0.9229154
PIP15N26A01201901,LMO_10Ah,LMO_26Ah,30.3575,6.309784,0.87909,0.9903643
PIP15828A00213703,LMO_10Ah,LMO_10Ah,38.6217,42.5684,0.59307,0.6945465
PIP15D01A03221296,LMO_10Ah,LMO_10Ah,58.0204,57.37941,0.87905,0.9197485
PIP15N15A03208398,LMO_10Ah,LMO_10Ah,63.7579,61.964794,0.88277,0.8801561
PIP15N15A03208683,LMO_10Ah,LMO_10Ah,53.3811,53.62671,0.8700699999999999,0.9030336
PIP15D25A03243702,LMO_10Ah,LMO_10Ah,8.8585,5.8575697,0.8977299999999999,0.8920234
PIP15D26A03252860,LMO_10Ah,LMO_10Ah,50.482,33.60388,0.9214399999999999,0.95736444
PIP15D23A03282874,LMO_10Ah,LMO_10Ah,68.8352,70.39004,0.89416,0.8431668
PJP17601527003A007037,NMC_15Ah,NMC_15Ah,33.5103,37.354313,0.7527466666666667,0.81124586
PJP17930O01003A017268,NMC_15Ah,NMC_15Ah,52.0063,62.364,0.75258,0.8014992
PJP17601527001A008674,NMC_15Ah,NMC_15Ah,35.3566,38.47267,0.7564933333333334,0.8888057
PJP17601529001A010983,NMC_15Ah,LMO_24Ah,19.9515,17.32374,0.7735933333333332,0.8542882
PJP17930O01001A011629,NMC_15Ah,NMC_15Ah,39.1115,41.29717,0.75428,0.81068856
PJP17601527001A008592,NMC_15Ah,NMC_15Ah,22.5881,23.052275,0.7639066666666667,0.83105713
PJP17601527002A007215,NMC_15Ah,NMC_15Ah,41.6439,43.40222,0.7767866666666666,0.8101497
PJP17601527003A007274,NMC_15Ah,NMC_15Ah,58.6931,65.857445,0.76566,0.79768425
PJP17601529001A003327,NMC_15Ah,NMC_15Ah,41.452,44.361866,0.7542866666666667,0.8078463
PJP17601529001A001010,NMC_15Ah,NMC_15Ah,41.3203,43.85137,0.7656533333333333,0.80857587
PJP17930O01001A006207,NMC_15Ah,NMC_15Ah,37.1093,38.683617,0.7581,0.8122428
PJP17601527001A008438,NMC_15Ah,NMC_15Ah,65.0,72.58496,0.7541066666666667,0.78637445
PJP17601527003A009662,NMC_15Ah,NMC_15Ah,34.8354,36.90865,0.7714599999999999,0.8118233
PJP17930O01003A016647,NMC_15Ah,NMC_15Ah,41.6497,42.988533,0.75896,0.80542684
PJP17530529002A000337,NMC_15Ah,NMC_15Ah,57.0066,56.950706,0.7549399999999999,0.7913665
PJP17601527003A009747,NMC_15Ah,NMC_15Ah,55.9235,58.543,0.7671666666666667,0.79515815
PJP17601527001A012082,NMC_15Ah,NMC_15Ah,26.9765,26.23734,0.7630533333333334,0.8154836
PJP17930O01003A017730,NMC_15Ah,LMO_24Ah,8.3761,4.359415,0.7969666666666666,0.8181568
PJP17930O01003A018005,NMC_15Ah,NMC_15Ah,52.0704,53.665985,0.79294,0.79823613
02LCC02100101A87Y0026421,NMC_21Ah,NMC_21Ah,26.9765,30.385216,1.000052380952381,0.9845005
02LCC02100101A87Y0010168,NMC_21Ah,NMC_21Ah,34.3612,38.10228,1.0051,0.9222489
02LCC02100101A8BC0103482,NMC_21Ah,LMO_25Ah,8.135,7.9235926,0.7755,0.83465713
02LCC02100101A87Y0074479,NMC_21Ah,NMC_21Ah,43.8556,46.255272,0.9881190476190476,0.83052075
02LCC02100101A87Y0020833,NMC_21Ah,NMC_21Ah,41.3203,44.14859,0.9979714285714285,0.8805982
02LCC02100101A87Y0027455,NMC_21Ah,NMC_15Ah,70.0,65.18179,1.011161904761905,0.79048884
02LCC02100101A87Y0173907,NMC_21Ah,NMC_21Ah,55.9235,54.523113,1.006,0.8025221
02LCC02100101A87Y0177229,NMC_21Ah,NMC_21Ah,49.0491,48.702114,0.9903,0.899823
02LCC02100101A87Y0175162,NMC_21Ah,NMC_21Ah,34.8354,39.010223,1.001404761904762,0.82250535
02LCC02100101A87Y0172641,NMC_21Ah,NMC_21Ah,21.8027,26.957762,1.004309523809524,0.8564163
A170530525010800027,LMO_24Ah,LMO_24Ah,75.0,4.2753067,0.7957208333333333,0.81996024
A170528511010800104,LMO_24Ah,NMC_21Ah,41.9541,58.206753,0.7689125,0.789891
A170526507010800030,LMO_24Ah,NMC_15Ah,46.7917,68.50598,0.7420833333333333,0.7796656
A170622616030800696,LMO_24Ah,LMO_26Ah,9.0996,9.591316,1.095941666666667,1.0470282
A170527511010800595,LMO_24Ah,LMO_25Ah,20.5001,10.975815,0.7606625,0.9298334
A170531525010801074,LMO_24Ah,NMC_15Ah,44.7967,42.901154,0.802275,0.8070531
A170529511010800411,LMO_24Ah,LMO_10Ah,7.6527,9.777478,0.6376916666666667,0.6959982
A170528511010802245,LMO_24Ah,LMO_24Ah,36.6803,53.811333,0.74125,0.9343238
A170525507010800198,LMO_24Ah,NMC_15Ah,44.4627,41.799877,0.825625,0.80542535
A170606528030800466,LMO_24Ah,LMO_24Ah,40.1289,37.69739,1.0524,1.0303832
A170529511010800365,LMO_24Ah,LMO_25Ah,31.8633,38.46702,0.7595833333333334,0.95023793
515092904916,LMO_25Ah,LMO_25Ah,27.7305,30.620344,0.629024,0.6730611
515092905212,LMO_25Ah,NMC_21Ah,50.482,42.457916,0.918516,0.7982351
515093002457,LMO_25Ah,LMO_25Ah,7.8938,7.4835863,0.715284,0.76405764
516020603556,LMO_25Ah,LMO_25Ah,35.3767,36.76673,0.6442319999999999,0.68238664
515092904019,LMO_25Ah,LMO_25Ah,41.6439,45.403908,0.7791079999999999,0.765965
515093000451,LMO_25Ah,LMO_25Ah,8.8585,11.465318,0.934832,0.9864151
515092901182,LMO_25Ah,LMO_25Ah,7.1704,9.257353,0.601472,0.76454866
515092904740,LMO_25Ah,LMO_25Ah,25.6641,27.6111,0.617416,0.6661271
515100100624,LMO_25Ah,LMO_25Ah,8.3761,7.8639364,0.8321599999999999,0.82668227
515093001782,LMO_25Ah,NMC_21Ah,50.1002,55.380955,0.925024,0.7939824
515093002576,LMO_25Ah,NMC_21Ah,50.1557,63.328438,0.804024,0.8153167
515093000724,LMO_25Ah,LMO_25Ah,38.8252,40.808983,0.7228279999999999,0.71192586
515093002348,LMO_25Ah,LMO_25Ah,21.1016,15.883127,0.782636,0.7189432
515092501338,LMO_25Ah,LMO_25Ah,32.339,35.32806,0.590388,0.6099435
515092901199,LMO_25Ah,LMO_25Ah,27.5501,45.43682,0.422888,0.63691765
515093000605,LMO_25Ah,LMO_25Ah,35.9961,45.498062,0.8718319999999999,0.980509
515100102065,LMO_25Ah,LMO_25Ah,8.6173,9.323615,0.886136,0.8564479
515093002646,LMO_25Ah,NMC_21Ah,70.0083,78.31971,0.88878,0.7763488
515100101320,LMO_25Ah,LMO_25Ah,75.0,82.91374,0.795436,0.74854165
515092904410,LMO_25Ah,NMC_21Ah,44.4627,55.28359,0.84136,0.89144135
515093001367,LMO_25Ah,NMC_21Ah,44.7967,61.864098,0.7882760000000001,0.82973874
515093004000,LMO_25Ah,LMO_25Ah,41.9541,49.452568,0.746968,0.7284173
515100100526,LMO_25Ah,LMO_25Ah,22.2517,29.459236,0.872804,1.0023655
515092904584,LMO_25Ah,NMC_21Ah,50.0064,67.376945,0.7854439999999999,0.7700964
515092905201,LMO_25Ah,NMC_21Ah,53.6027,52.03142,0.944636,0.79460186
H27734091053,LMO_26Ah,LMO_26Ah,8.3761,12.496208,0.8388307692307693,0.92058253
H27735178005,LMO_26Ah,LMO_26Ah,53.3811,64.78917,0.8490000000000001,0.7980271
H27733490499,LMO_26Ah,LMO_26Ah,70.0083,78.74727,0.8877884615384615,0.76804376
H27734592855,LMO_26Ah,LMO_26Ah,22.2517,26.094275,0.8586153846153847,0.91081053
H27734492478,LMO_26Ah,LMO_26Ah,90.0,65.130356,0.9984076923076923,0.7677782
H27733590292,LMO_26Ah,LMO_26Ah,38.0625,39.669785,0.9464884615384614,0.9586989
H27734676393,LMO_26Ah,LMO_26Ah,62.6027,53.207203,0.9604461538461538,0.7911178
H27735077206,LMO_26Ah,LMO_26Ah,71.0838,76.89627,0.9195923076923077,0.8011804
H27735176665,LMO_26Ah,LMO_26Ah,53.3246,50.790005,0.998203846153846,0.94538885
H27734291854,LMO_26Ah,LMO_26Ah,24.5519,25.728127,0.9923153846153846,0.998209
H27734591085,LMO_26Ah,LMO_26Ah,42.3415,43.936974,0.9497769230769231,0.961484
H27734491651,LMO_26Ah,LMO_26Ah,85.0,68.90417,0.9381923076923078,0.77034676
H27735076930,LMO_26Ah,LMO_26Ah,75.214,78.01129,0.9650538461538462,0.77876997
H27734691342,LMO_26Ah,LMO_26Ah,85.0,61.45121,0.9401923076923077,0.77426726
H27735177571,LMO_26Ah,LMO_26Ah,75.0,79.6412,0.8238038461538462,0.765736
17号,LFP_35Ah,LFP_35Ah,40.8667,54.730133,0.8172685714285713,0.8469372
1号,LFP_35Ah,LFP_35Ah,41.452,54.40296,0.7431371428571428,0.8464452
34号,LFP_35Ah,LFP_35Ah,38.5265,54.721764,0.8159685714285715,0.8415154
36号,LFP_35Ah,LFP_35Ah,32.1026,53.33032,0.88972,0.84447765
37号,LFP_35Ah,LFP_35Ah,33.7731,52.54553,0.88372,0.8426731
53号,LFP_35Ah,LFP_35Ah,53.3916,57.125,0.9176657142857142,0.84689075
8号,LFP_35Ah,LFP_35Ah,29.7969,49.02967,0.7810742857142857,0.8520504
9号,LFP_35Ah,LFP_35Ah,19.3077,15.463803,0.7772285714285714,0.85510474
02HCB68111211Y87Y0002979,LFP_68Ah,LFP_68Ah,21.1016,25.222153,0.8426367647058823,0.8024071
02HCB68111211Y88D0000337,LFP_68Ah,LFP_68Ah,44.7967,57.65056,0.8511661764705882,0.8032586
02HCB68111211Y88D0003997,LFP_68Ah,LFP_68Ah,18.1154,23.34834,0.6526647058823529,0.83421344
02HCB68111211Y87Y0011345,LFP_68Ah,LMO_24Ah,5.0,4.7238216,0.8249632352941176,0.8153187
02HCB68111211Y87Y0015653,LFP_68Ah,LFP_68Ah,48.7083,57.613865,0.7779485294117647,0.81016743
02HCB68111211Y86L0000199,LFP_68Ah,LFP_68Ah,32.5404,55.085556,0.7060573529411764,0.81002855
02HCB68111211Y86X0004792,LFP_68Ah,LFP_68Ah,31.8633,55.353073,0.7697308823529412,0.80908614
02HCB68111211Y87Y0015365,LFP_68Ah,LFP_68Ah,60.1373,71.14807,0.8225014705882353,0.8074657
02HCB68111211Y86S0005042,LFP_68Ah,LFP_68Ah,41.9839,57.652817,0.6715102941176471,0.8130381
02HCB68111211Y88D0003294,LFP_68Ah,LFP_68Ah,46.8445,57.695374,0.8352544117647058,0.81025547
02HCB68111211Y88E0004340,LFP_68Ah,LFP_68Ah,44.1142,57.539993,0.8342852941176471,0.8070183
02HCB68111211Y87Y0013553,LFP_68Ah,LFP_68Ah,37.6917,55.72477,0.8047691176470588,0.81128484
02HCB68111211Y87Y0013903,LFP_68Ah,LFP_68Ah,39.9041,57.096928,0.8119000000000001,0.8044032
02HCB68111211Y87Y0009622,LFP_68Ah,LFP_68Ah,37.1305,57.27398,0.8424544117647059,0.80357957
02HCB68111211Y87Y0012947,LFP_68Ah,LFP_68Ah,39.5793,57.607697,0.8117617647058823,0.80855453
02HCB68111211Y87Y0003936,LFP_68Ah,LFP_68Ah,62.8233,72.67369,0.8382176470588236,0.81018996
02HCB68111211Y88D0005602,LFP_68Ah,LFP_68Ah,39.1172,57.505917,0.8460514705882353,0.7995488
02HCB68111211Y88E0004523,LFP_68Ah,LFP_68Ah,50.1764,58.741295,0.8356073529411765,0.804994
02HCB68111211Y86V0003442,LFP_68Ah,LFP_68Ah,43.058,57.682133,0.6879132352941176,0.81358886
02HCB68111211Y86X0009373,LFP_68Ah,LFP_68Ah,18.8014,21.09702,0.7169970588235294,0.8105743
02HCB68111211Y88E0004411,LFP_68Ah,LFP_68Ah,59.1842,68.10016,0.8248588235294118,0.80708975
02HCB68111211Y87Y0004508,LFP_68Ah,LFP_68Ah,75.0,77.0162,0.8487455882352941,0.8113306
02HCB68111211Y86M0004883,LFP_68Ah,LFP_68Ah,39.1115,57.161873,0.7269970588235294,0.80616593
02HCB68111211Y86L0005694,LFP_68Ah,LFP_68Ah,52.0063,61.14221,0.6864426470588235,0.80921936
02HCB68111211Y88E0004333,LFP_68Ah,LFP_68Ah,29.431,52.911007,0.8231911764705881,0.804731
02HCB68111211Y87Y0007299,LFP_68Ah,LFP_68Ah,38.262,56.925278,0.8386073529411765,0.80517143
PIP15829A00209415,LMO_10Ah,LMO_10Ah,38.8252,41.467724,0.67015,0.70223147
PIP15D26A03261343,LMO_10Ah,LMO_10Ah,61.3405,77.15355,0.71626,0.8976731
PIP15D19A03280145,LMO_10Ah,LMO_26Ah,41.6439,40.922314,0.74285,0.91764086
PIP15D01A03241499,LMO_10Ah,LMO_26Ah,47.5273,48.103867,0.79292,0.91185415
PIP15N21A50200177,LMO_10Ah,LMO_10Ah,8.6173,4.092997,0.87622,0.84233594
PIP15D25A03219538,LMO_10Ah,LMO_10Ah,26.4669,51.93219,0.8858900000000001,0.9160337
PIP15N26A01201901,LMO_10Ah,LMO_10Ah,30.3575,8.197454,0.87909,0.9813344
PIP15828A00213703,LMO_10Ah,LMO_10Ah,38.6217,43.79046,0.59307,0.6858187
PIP15D01A03221296,LMO_10Ah,LMO_10Ah,58.0204,57.541718,0.87905,0.918514
PIP15N15A03208398,LMO_10Ah,LMO_10Ah,63.7579,62.262077,0.88277,0.8777077
PIP15N15A03208683,LMO_10Ah,LMO_10Ah,53.3811,54.18338,0.8700699999999999,0.9001654
PIP15D25A03243702,LMO_10Ah,LMO_10Ah,8.8585,6.0068026,0.8977299999999999,0.8935556
PIP15D26A03252860,LMO_10Ah,LMO_10Ah,50.482,32.971703,0.9214399999999999,0.9494326
PIP15D23A03282874,LMO_10Ah,LMO_10Ah,68.8352,70.47869,0.89416,0.83222866
PJP17601527003A007037,NMC_15Ah,NMC_15Ah,33.5103,37.409893,0.7527466666666667,0.8103468
PJP17930O01003A017268,NMC_15Ah,NMC_15Ah,52.0063,62.8774,0.75258,0.8011753
PJP17601527001A008674,NMC_15Ah,NMC_15Ah,35.3566,38.790257,0.7564933333333334,0.8810449
PJP17601529001A010983,NMC_15Ah,NMC_15Ah,19.9515,17.193882,0.7735933333333332,0.8489545
PJP17930O01001A011629,NMC_15Ah,NMC_15Ah,39.1115,40.481197,0.75428,0.81012493
PJP17601527001A008592,NMC_15Ah,NMC_15Ah,22.5881,22.901836,0.7639066666666667,0.8308184
PJP17601527002A007215,NMC_15Ah,NMC_15Ah,41.6439,43.78078,0.7767866666666666,0.8100546
PJP17601527003A007274,NMC_15Ah,NMC_15Ah,58.6931,66.61734,0.76566,0.79717076
PJP17601529001A003327,NMC_15Ah,NMC_15Ah,41.452,44.7268,0.7542866666666667,0.8076025
PJP17601529001A001010,NMC_15Ah,NMC_15Ah,41.3203,43.76416,0.7656533333333333,0.8083479
PJP17930O01001A006207,NMC_15Ah,NMC_15Ah,37.1093,38.7643,0.7581,0.8119507
PJP17601527001A008438,NMC_15Ah,NMC_15Ah,65.0,73.4512,0.7541066666666667,0.78631145
PJP17601527003A009662,NMC_15Ah,NMC_15Ah,34.8354,37.060036,0.7714599999999999,0.8115195
PJP17930O01003A016647,NMC_15Ah,NMC_15Ah,41.6497,42.586613,0.75896,0.805113
PJP17530529002A000337,NMC_15Ah,NMC_15Ah,57.0066,57.02479,0.7549399999999999,0.79093385
PJP17601527003A009747,NMC_15Ah,NMC_15Ah,55.9235,57.87997,0.7671666666666667,0.7947435
PJP17601527001A012082,NMC_15Ah,NMC_15Ah,26.9765,26.464725,0.7630533333333334,0.81510454
PJP17930O01003A017730,NMC_15Ah,LMO_24Ah,8.3761,4.3578444,0.7969666666666666,0.8185556
PJP17930O01003A018005,NMC_15Ah,NMC_15Ah,52.0704,52.882793,0.79294,0.7979725
02LCC02100101A87Y0026421,NMC_21Ah,NMC_21Ah,26.9765,30.412788,1.000052380952381,0.98308116
02LCC02100101A87Y0010168,NMC_21Ah,NMC_21Ah,34.3612,38.022377,1.0051,0.93924093
02LCC02100101A8BC0103482,NMC_21Ah,LMO_25Ah,8.135,7.693338,0.7755,0.8312499
02LCC02100101A87Y0074479,NMC_21Ah,NMC_21Ah,43.8556,46.28866,0.9881190476190476,0.8398239
02LCC02100101A87Y0020833,NMC_21Ah,NMC_21Ah,41.3203,43.70476,0.9979714285714285,0.8974427
02LCC02100101A87Y0027455,NMC_21Ah,NMC_15Ah,70.0,65.55417,1.011161904761905,0.7903718
02LCC02100101A87Y0173907,NMC_21Ah,NMC_21Ah,55.9235,54.05965,1.006,0.80155075
02LCC02100101A87Y0177229,NMC_21Ah,NMC_21Ah,49.0491,49.01625,0.9903,0.88982946
02LCC02100101A87Y0175162,NMC_21Ah,NMC_21Ah,34.8354,39.75972,1.001404761904762,0.8269255
02LCC02100101A87Y0172641,NMC_21Ah,NMC_21Ah,21.8027,27.407127,1.004309523809524,0.8389938
A170530525010800027,LMO_24Ah,LMO_24Ah,75.0,4.2731395,0.7957208333333333,0.81980413
A170528511010800104,LMO_24Ah,NMC_15Ah,41.9541,56.34186,0.7689125,0.78882825
A170526507010800030,LMO_24Ah,NMC_15Ah,46.7917,67.34836,0.7420833333333333,0.7784808
A170622616030800696,LMO_24Ah,NMC_21Ah,9.0996,10.668287,1.095941666666667,1.0450915
A170527511010800595,LMO_24Ah,LMO_24Ah,20.5001,11.312225,0.7606625,0.92442197
A170531525010801074,LMO_24Ah,NMC_15Ah,44.7967,43.532715,0.802275,0.80674624
A170529511010800411,LMO_24Ah,LMO_10Ah,7.6527,9.369829,0.6376916666666667,0.696259
A170528511010802245,LMO_24Ah,NMC_21Ah,36.6803,54.201736,0.74125,0.92321926
A170525507010800198,LMO_24Ah,NMC_15Ah,44.4627,41.88596,0.825625,0.8043933
A170606528030800466,LMO_24Ah,LMO_24Ah,40.1289,38.05934,1.0524,1.0299034
A170529511010800365,LMO_24Ah,NMC_21Ah,31.8633,38.807747,0.7595833333333334,0.940762
515092904916,LMO_25Ah,LMO_25Ah,27.7305,30.534575,0.629024,0.67139584
515092905212,LMO_25Ah,NMC_15Ah,50.482,42.603725,0.918516,0.79741335
515093002457,LMO_25Ah,LMO_25Ah,7.8938,7.315211,0.715284,0.74780065
516020603556,LMO_25Ah,LMO_25Ah,35.3767,37.342686,0.6442319999999999,0.6806358
515092904019,LMO_25Ah,LMO_25Ah,41.6439,45.51623,0.7791079999999999,0.7660136
515093000451,LMO_25Ah,LMO_25Ah,8.8585,12.132283,0.934832,0.97232366
515092901182,LMO_25Ah,LMO_25Ah,7.1704,9.228266,0.601472,0.750363
515092904740,LMO_25Ah,LMO_25Ah,25.6641,27.586061,0.617416,0.6648279
515100100624,LMO_25Ah,LMO_25Ah,8.3761,7.8602476,0.8321599999999999,0.82332087
515093001782,LMO_25Ah,NMC_21Ah,50.1002,55.257782,0.925024,0.7936191
515093002576,LMO_25Ah,NMC_21Ah,50.1557,63.35749,0.804024,0.81009316
515093000724,LMO_25Ah,LMO_25Ah,38.8252,41.176933,0.7228279999999999,0.7104709
515093002348,LMO_25Ah,LMO_25Ah,21.1016,15.743631,0.782636,0.71246195
515092501338,LMO_25Ah,LMO_25Ah,32.339,35.235565,0.590388,0.6086003
515092901199,LMO_25Ah,LMO_25Ah,27.5501,45.34555,0.422888,0.6348819
515093000605,LMO_25Ah,LMO_25Ah,35.9961,44.54461,0.8718319999999999,0.9792109
515100102065,LMO_25Ah,LMO_25Ah,8.6173,9.435523,0.886136,0.8477174
515093002646,LMO_25Ah,NMC_15Ah,70.0083,77.89809,0.88878,0.77489924
515100101320,LMO_25Ah,LMO_25Ah,75.0,82.91734,0.795436,0.7475721
515092904410,LMO_25Ah,NMC_21Ah,44.4627,55.252357,0.84136,0.8893
515093001367,LMO_25Ah,NMC_21Ah,44.7967,62.097355,0.7882760000000001,0.8206475
515093004000,LMO_25Ah,LMO_25Ah,41.9541,49.42868,0.746968,0.7283567
515100100526,LMO_25Ah,LMO_25Ah,22.2517,29.450031,0.872804,1.0012814
515092904584,LMO_25Ah,NMC_21Ah,50.0064,67.37663,0.7854439999999999,0.7682555
515092905201,LMO_25Ah,NMC_21Ah,53.6027,52.427116,0.944636,0.7935071
H27734091053,LMO_26Ah,LMO_25Ah,8.3761,13.13008,0.8388307692307693,0.9079166
H27735178005,LMO_26Ah,LMO_26Ah,53.3811,64.79226,0.8490000000000001,0.784223
H27733490499,LMO_26Ah,LMO_26Ah,70.0083,78.911415,0.8877884615384615,0.76596576
H27734592855,LMO_26Ah,LMO_26Ah,22.2517,25.984531,0.8586153846153847,0.9135926
H27734492478,LMO_26Ah,LMO_24Ah,90.0,64.84962,0.9984076923076923,0.7669975
H27733590292,LMO_26Ah,LMO_26Ah,38.0625,40.676216,0.9464884615384614,0.957029
H27734676393,LMO_26Ah,LMO_26Ah,62.6027,51.246056,0.9604461538461538,0.78910583
H27735077206,LMO_26Ah,LMO_26Ah,71.0838,76.35161,0.9195923076923077,0.8118314
H27735176665,LMO_26Ah,LMO_26Ah,53.3246,50.864464,0.998203846153846,0.95648175
H27734291854,LMO_26Ah,LMO_26Ah,24.5519,26.34335,0.9923153846153846,0.9964949
H27734591085,LMO_26Ah,LMO_26Ah,42.3415,44.589073,0.9497769230769231,0.9595816
H27734491651,LMO_26Ah,LMO_26Ah,85.0,65.95384,0.9381923076923078,0.7692458
H27735076930,LMO_26Ah,LMO_26Ah,75.214,77.97182,0.9650538461538462,0.776093
H27734691342,LMO_26Ah,LMO_26Ah,85.0,58.73343,0.9401923076923077,0.78496623
H27735177571,LMO_26Ah,LMO_26Ah,75.0,78.76623,0.8238038461538462,0.76452804
17号,LFP_35Ah,LFP_35Ah,40.8667,55.131805,0.8172685714285713,0.8474669
1号,LFP_35Ah,LFP_35Ah,41.452,54.72908,0.7431371428571428,0.8470367
34号,LFP_35Ah,LFP_35Ah,38.5265,54.67375,0.8159685714285715,0.8422789
36号,LFP_35Ah,LFP_35Ah,32.1026,52.56163,0.88972,0.8450232
37号,LFP_35Ah,LFP_35Ah,33.7731,52.913307,0.88372,0.8432693
53号,LFP_35Ah,LFP_35Ah,53.3916,56.88099,0.9176657142857142,0.8475404
8号,LFP_35Ah,LFP_35Ah,29.7969,49.892246,0.7810742857142857,0.85256803
9号,LFP_35Ah,LFP_35Ah,19.3077,15.419738,0.7772285714285714,0.8558878
02HCB68111211Y87Y0002979,LFP_68Ah,LFP_68Ah,21.1016,25.238148,0.8426367647058823,0.8033776
02HCB68111211Y88D0000337,LFP_68Ah,LFP_68Ah,44.7967,57.576607,0.8511661764705882,0.8039485
02HCB68111211Y88D0003997,LFP_68Ah,LFP_68Ah,18.1154,23.366177,0.6526647058823529,0.8357823
02HCB68111211Y87Y0011345,LFP_68Ah,LMO_24Ah,5.0,4.717154,0.8249632352941176,0.81625557
02HCB68111211Y87Y0015653,LFP_68Ah,LFP_68Ah,48.7083,55.644062,0.7779485294117647,0.8109892
02HCB68111211Y86L0000199,LFP_68Ah,LFP_68Ah,32.5404,55.18652,0.7060573529411764,0.8103218
02HCB68111211Y86X0004792,LFP_68Ah,LFP_68Ah,31.8633,54.593674,0.7697308823529412,0.80978173
02HCB68111211Y87Y0015365,LFP_68Ah,LFP_68Ah,60.1373,69.996704,0.8225014705882353,0.80763495
02HCB68111211Y86S0005042,LFP_68Ah,LFP_68Ah,41.9839,57.71279,0.6715102941176471,0.81369144
02HCB68111211Y88D0003294,LFP_68Ah,LFP_68Ah,46.8445,58.116283,0.8352544117647058,0.8115989
02HCB68111211Y88E0004340,LFP_68Ah,LFP_68Ah,44.1142,57.613007,0.8342852941176471,0.8071965
02HCB68111211Y87Y0013553,LFP_68Ah,LFP_68Ah,37.6917,55.297234,0.8047691176470588,0.81136
02HCB68111211Y87Y0013903,LFP_68Ah,LFP_68Ah,39.9041,56.212975,0.8119000000000001,0.8046394
02HCB68111211Y87Y0009622,LFP_68Ah,LFP_68Ah,37.1305,57.456882,0.8424544117647059,0.8042695
02HCB68111211Y87Y0012947,LFP_68Ah,LFP_68Ah,39.5793,57.51818,0.8117617647058823,0.80906314
02HCB68111211Y87Y0003936,LFP_68Ah,LFP_68Ah,62.8233,71.521164,0.8382176470588236,0.81096935
02HCB68111211Y88D0005602,LFP_68Ah,LFP_68Ah,39.1172,57.581932,0.8460514705882353,0.79952
02HCB68111211Y88E0004523,LFP_68Ah,LFP_68Ah,50.1764,58.39045,0.8356073529411765,0.8058918
02HCB68111211Y86V0003442,LFP_68Ah,LFP_68Ah,43.058,57.65377,0.6879132352941176,0.8138065
02HCB68111211Y86X0009373,LFP_68Ah,LFP_68Ah,18.8014,21.121395,0.7169970588235294,0.81166285
02HCB68111211Y88E0004411,LFP_68Ah,LFP_68Ah,59.1842,68.201614,0.8248588235294118,0.80751723
02HCB68111211Y87Y0004508,LFP_68Ah,LFP_68Ah,75.0,76.59707,0.8487455882352941,0.8094541
02HCB68111211Y86M0004883,LFP_68Ah,LFP_68Ah,39.1115,55.662994,0.7269970588235294,0.8059523
02HCB68111211Y86L0005694,LFP_68Ah,LFP_68Ah,52.0063,60.921825,0.6864426470588235,0.80989057
02HCB68111211Y88E0004333,LFP_68Ah,LFP_68Ah,29.431,52.664642,0.8231911764705881,0.80531365
02HCB68111211Y87Y0007299,LFP_68Ah,LFP_68Ah,38.262,57.420372,0.8386073529411765,0.7993023
PIP15829A00209415,LMO_10Ah,LMO_10Ah,38.8252,40.77105,0.67015,0.6966823
PIP15D26A03261343,LMO_10Ah,LMO_10Ah,61.3405,77.02802,0.71626,0.8957886
PIP15D19A03280145,LMO_10Ah,LMO_26Ah,41.6439,40.953365,0.74285,0.9123139
PIP15D01A03241499,LMO_10Ah,LMO_26Ah,47.5273,47.451965,0.79292,0.9193649
PIP15N21A50200177,LMO_10Ah,LMO_10Ah,8.6173,4.093292,0.87622,0.8409971
PIP15D25A03219538,LMO_10Ah,LMO_10Ah,26.4669,52.02627,0.8858900000000001,0.91867524
PIP15N26A01201901,LMO_10Ah,LMO_26Ah,30.3575,9.649213,0.87909,0.98922104
PIP15828A00213703,LMO_10Ah,LMO_10Ah,38.6217,43.834717,0.59307,0.6808168
PIP15D01A03221296,LMO_10Ah,LMO_10Ah,58.0204,57.562584,0.87905,0.91718
PIP15N15A03208398,LMO_10Ah,LMO_10Ah,63.7579,62.281128,0.88277,0.8778221
PIP15N15A03208683,LMO_10Ah,LMO_10Ah,53.3811,54.319393,0.8700699999999999,0.89860845
PIP15D25A03243702,LMO_10Ah,LMO_10Ah,8.8585,6.1268597,0.8977299999999999,0.8927033
PIP15D26A03252860,LMO_10Ah,LMO_10Ah,50.482,32.815605,0.9214399999999999,0.9429703
PIP15D23A03282874,LMO_10Ah,LMO_10Ah,68.8352,70.56254,0.89416,0.83894676
PJP17601527003A007037,NMC_15Ah,NMC_15Ah,33.5103,37.56299,0.7527466666666667,0.8101607
PJP17930O01003A017268,NMC_15Ah,NMC_15Ah,52.0063,62.45762,0.75258,0.8013883
PJP17601527001A008674,NMC_15Ah,NMC_15Ah,35.3566,38.538033,0.7564933333333334,0.8740148
PJP17601529001A010983,NMC_15Ah,NMC_15Ah,19.9515,18.285837,0.7735933333333332,0.8352629
PJP17930O01001A011629,NMC_15Ah,NMC_15Ah,39.1115,40.292873,0.75428,0.81028754
PJP17601527001A008592,NMC_15Ah,NMC_15Ah,22.5881,22.954786,0.7639066666666667,0.83065665
PJP17601527002A007215,NMC_15Ah,NMC_15Ah,41.6439,43.16017,0.7767866666666666,0.8100121
PJP17601527003A007274,NMC_15Ah,NMC_15Ah,58.6931,65.61687,0.76566,0.7970106
PJP17601529001A003327,NMC_15Ah,NMC_15Ah,41.452,43.481857,0.7542866666666667,0.8074772
PJP17601529001A001010,NMC_15Ah,NMC_15Ah,41.3203,42.232784,0.7656533333333333,0.8083254
PJP17930O01001A006207,NMC_15Ah,NMC_15Ah,37.1093,38.05542,0.7581,0.81186616
PJP17601527001A008438,NMC_15Ah,NMC_15Ah,65.0,72.23358,0.7541066666666667,0.786527
PJP17601527003A009662,NMC_15Ah,NMC_15Ah,34.8354,36.888145,0.7714599999999999,0.811547
PJP17930O01003A016647,NMC_15Ah,NMC_15Ah,41.6497,41.83638,0.75896,0.80496496
PJP17530529002A000337,NMC_15Ah,NMC_15Ah,57.0066,56.83801,0.7549399999999999,0.7909492
PJP17601527003A009747,NMC_15Ah,NMC_15Ah,55.9235,59.048904,0.7671666666666667,0.79458857
PJP17601527001A012082,NMC_15Ah,NMC_15Ah,26.9765,26.312256,0.7630533333333334,0.81484157
PJP17930O01003A017730,NMC_15Ah,LMO_24Ah,8.3761,4.3574686,0.7969666666666666,0.8183639
PJP17930O01003A018005,NMC_15Ah,NMC_15Ah,52.0704,53.47635,0.79294,0.79749596
02LCC02100101A87Y0026421,NMC_21Ah,NMC_21Ah,26.9765,29.68411,1.000052380952381,0.99807703
02LCC02100101A87Y0010168,NMC_21Ah,NMC_21Ah,34.3612,37.13337,1.0051,0.9605489
02LCC02100101A8BC0103482,NMC_21Ah,LMO_25Ah,8.135,7.7890606,0.7755,0.8287269
02LCC02100101A87Y0074479,NMC_21Ah,NMC_21Ah,43.8556,45.23377,0.9881190476190476,0.8787625
02LCC02100101A87Y0020833,NMC_21Ah,NMC_21Ah,41.3203,42.853436,0.9979714285714285,0.9291714
02LCC02100101A87Y0027455,NMC_21Ah,NMC_15Ah,70.0,66.6909,1.011161904761905,0.7901937
02LCC02100101A87Y0173907,NMC_21Ah,NMC_21Ah,55.9235,54.711296,1.006,0.8018802
02LCC02100101A87Y0177229,NMC_21Ah,NMC_21Ah,49.0491,48.329803,0.9903,0.91335845
02LCC02100101A87Y0175162,NMC_21Ah,NMC_21Ah,34.8354,38.388668,1.001404761904762,0.8635676
02LCC02100101A87Y0172641,NMC_21Ah,NMC_21Ah,21.8027,26.125275,1.004309523809524,0.891333
A170530525010800027,LMO_24Ah,LMO_24Ah,75.0,4.276256,0.7957208333333333,0.81996745
A170528511010800104,LMO_24Ah,NMC_21Ah,41.9541,58.44307,0.7689125,0.78829575
A170526507010800030,LMO_24Ah,NMC_15Ah,46.7917,68.352196,0.7420833333333333,0.77798223
A170622616030800696,LMO_24Ah,NMC_21Ah,9.0996,11.145294,1.095941666666667,1.04439
A170527511010800595,LMO_24Ah,LMO_24Ah,20.5001,11.630119,0.7606625,0.9133253
A170531525010801074,LMO_24Ah,NMC_15Ah,44.7967,42.99327,0.802275,0.81209993
A170529511010800411,LMO_24Ah,LMO_10Ah,7.6527,9.483076,0.6376916666666667,0.6961314
A170528511010802245,LMO_24Ah,NMC_21Ah,36.6803,54.941467,0.74125,0.92040116
A170525507010800198,LMO_24Ah,NMC_15Ah,44.4627,41.423363,0.825625,0.80450475
A170606528030800466,LMO_24Ah,LMO_24Ah,40.1289,37.59666,1.0524,1.0302881
A170529511010800365,LMO_24Ah,LMO_25Ah,31.8633,37.69963,0.7595833333333334,0.94493234
515092904916,LMO_25Ah,LMO_25Ah,27.7305,30.476007,0.629024,0.67125416
515092905212,LMO_25Ah,NMC_21Ah,50.482,44.84716,0.918516,0.79726374
515093002457,LMO_25Ah,LMO_25Ah,7.8938,7.3315263,0.715284,0.7457043
516020603556,LMO_25Ah,LMO_25Ah,35.3767,38.985134,0.6442319999999999,0.6797646
515092904019,LMO_25Ah,LMO_25Ah,41.6439,45.93046,0.7791079999999999,0.7701154
515093000451,LMO_25Ah,LMO_25Ah,8.8585,11.749435,0.934832,0.99141926
515092901182,LMO_25Ah,LMO_25Ah,7.1704,9.293901,0.601472,0.7583934
515092904740,LMO_25Ah,LMO_25Ah,25.6641,27.552456,0.617416,0.66382533
515100100624,LMO_25Ah,LMO_25Ah,8.3761,7.699798,0.8321599999999999,0.8188393
515093001782,LMO_25Ah,NMC_21Ah,50.1002,55.880577,0.925024,0.80497575
515093002576,LMO_25Ah,NMC_21Ah,50.1557,63.13762,0.804024,0.8238006
515093000724,LMO_25Ah,LMO_25Ah,38.8252,41.388367,0.7228279999999999,0.70963186
515093002348,LMO_25Ah,LMO_25Ah,21.1016,15.642704,0.782636,0.7074481
515092501338,LMO_25Ah,LMO_25Ah,32.339,35.19165,0.590388,0.6078315
515092901199,LMO_25Ah,LMO_25Ah,27.5501,45.331623,0.422888,0.6332777
515093000605,LMO_25Ah,LMO_25Ah,35.9961,42.45848,0.8718319999999999,0.9792498
515100102065,LMO_25Ah,LMO_25Ah,8.6173,9.315424,0.886136,0.8415349
515093002646,LMO_25Ah,LMO_24Ah,70.0083,78.30967,0.88878,0.7742551
515100101320,LMO_25Ah,LMO_25Ah,75.0,82.77168,0.795436,0.7472056
515092904410,LMO_25Ah,NMC_21Ah,44.4627,55.370796,0.84136,0.89182746
515093001367,LMO_25Ah,NMC_21Ah,44.7967,61.692726,0.7882760000000001,0.8432566
515093004000,LMO_25Ah,LMO_25Ah,41.9541,50.538002,0.746968,0.73730445
515100100526,LMO_25Ah,LMO_25Ah,22.2517,29.306143,0.872804,0.99989516
515092904584,LMO_25Ah,NMC_21Ah,50.0064,67.0387,0.7854439999999999,0.7856084
515092905201,LMO_25Ah,NMC_21Ah,53.6027,51.437096,0.944636,0.79318535
H27734091053,LMO_26Ah,LMO_25Ah,8.3761,12.972381,0.8388307692307693,0.8973221
H27735178005,LMO_26Ah,LMO_26Ah,53.3811,64.487366,0.8490000000000001,0.8299593
H27733490499,LMO_26Ah,LMO_26Ah,70.0083,78.7961,0.8877884615384615,0.76424193
H27734592855,LMO_26Ah,LMO_26Ah,22.2517,25.693985,0.8586153846153847,0.90178496
H27734492478,LMO_26Ah,LMO_26Ah,90.0,65.06433,0.9984076923076923,0.7664811
H27733590292,LMO_26Ah,LMO_26Ah,38.0625,41.085045,0.9464884615384614,0.9574709
H27734676393,LMO_26Ah,LMO_26Ah,62.6027,51.635773,0.9604461538461538,0.7887942
H27735077206,LMO_26Ah,LMO_26Ah,71.0838,74.55671,0.9195923076923077,0.8456324
H27735176665,LMO_26Ah,LMO_26Ah,53.3246,49.768005,0.998203846153846,0.965402
H27734291854,LMO_26Ah,LMO_26Ah,24.5519,25.72788,0.9923153846153846,0.99463975
H27734591085,LMO_26Ah,LMO_26Ah,42.3415,43.4,0.9497769230769231,0.95724857
H27734491651,LMO_26Ah,LMO_26Ah,85.0,64.175156,0.9381923076923078,0.7688417
H27735076930,LMO_26Ah,LMO_26Ah,75.214,77.744156,0.9650538461538462,0.7751247
H27734691342,LMO_26Ah,LMO_26Ah,85.0,59.110245,0.9401923076923077,0.7689408
H27735177571,LMO_26Ah,LMO_26Ah,75.0,80.11257,0.8238038461538462,0.7641361
17号,LFP_35Ah,LFP_35Ah,40.8667,54.799767,0.8172685714285713,0.8476276
1号,LFP_35Ah,LFP_35Ah,41.452,54.88738,0.7431371428571428,0.8467012
34号,LFP_35Ah,LFP_35Ah,38.5265,53.945713,0.8159685714285715,0.8419828
36号,LFP_35Ah,LFP_35Ah,32.1026,52.588337,0.88972,0.8449779
37号,LFP_35Ah,LFP_35Ah,33.7731,53.689026,0.88372,0.8433982
53号,LFP_35Ah,LFP_35Ah,53.3916,55.36078,0.9176657142857142,0.84727937
8号,LFP_35Ah,LFP_35Ah,29.7969,48.5585,0.7810742857142857,0.852807
9号,LFP_35Ah,LFP_35Ah,19.3077,14.786051,0.7772285714285714,0.8560743
02HCB68111211Y87Y0002979,LFP_68Ah,LFP_68Ah,21.1016,24.780136,0.8426367647058823,0.80255264
02HCB68111211Y88D0000337,LFP_68Ah,LFP_68Ah,44.7967,57.32972,0.8511661764705882,0.8033475
02HCB68111211Y88D0003997,LFP_68Ah,LFP_68Ah,18.1154,23.348202,0.6526647058823529,0.83504254
02HCB68111211Y87Y0011345,LFP_68Ah,LMO_24Ah,5.0,4.71634,0.8249632352941176,0.81532365
02HCB68111211Y87Y0015653,LFP_68Ah,LFP_68Ah,48.7083,56.927364,0.7779485294117647,0.8110152
02HCB68111211Y86L0000199,LFP_68Ah,LFP_68Ah,32.5404,54.27732,0.7060573529411764,0.81005454
02HCB68111211Y86X0004792,LFP_68Ah,LFP_68Ah,31.8633,54.04274,0.7697308823529412,0.8091085
02HCB68111211Y87Y0015365,LFP_68Ah,LFP_68Ah,60.1373,68.484505,0.8225014705882353,0.8069304
02HCB68111211Y86S0005042,LFP_68Ah,LFP_68Ah,41.9839,57.507744,0.6715102941176471,0.8135385
02HCB68111211Y88D0003294,LFP_68Ah,LFP_68Ah,46.8445,57.059887,0.8352544117647058,0.8105138
02HCB68111211Y88E0004340,LFP_68Ah,LFP_68Ah,44.1142,56.659714,0.8342852941176471,0.8071965
02HCB68111211Y87Y0013553,LFP_68Ah,LFP_68Ah,37.6917,55.16787,0.8047691176470588,0.8122461
02HCB68111211Y87Y0013903,LFP_68Ah,LFP_68Ah,39.9041,55.50573,0.8119000000000001,0.8048568
02HCB68111211Y87Y0009622,LFP_68Ah,LFP_68Ah,37.1305,55.82135,0.8424544117647059,0.8036041
02HCB68111211Y87Y0012947,LFP_68Ah,LFP_68Ah,39.5793,57.116837,0.8117617647058823,0.8087445
02HCB68111211Y87Y0003936,LFP_68Ah,LFP_68Ah,62.8233,71.79413,0.8382176470588236,0.8109794
02HCB68111211Y88D0005602,LFP_68Ah,LFP_68Ah,39.1172,57.04518,0.8460514705882353,0.7995333
02HCB68111211Y88E0004523,LFP_68Ah,LFP_68Ah,50.1764,57.864548,0.8356073529411765,0.8051701
02HCB68111211Y86V0003442,LFP_68Ah,LFP_68Ah,43.058,57.409485,0.6879132352941176,0.81349874
02HCB68111211Y86X0009373,LFP_68Ah,LFP_68Ah,18.8014,20.678774,0.7169970588235294,0.81136423
02HCB68111211Y88E0004411,LFP_68Ah,LFP_68Ah,59.1842,67.692825,0.8248588235294118,0.8075475
02HCB68111211Y87Y0004508,LFP_68Ah,LFP_68Ah,75.0,76.32851,0.8487455882352941,0.80940694
02HCB68111211Y86M0004883,LFP_68Ah,LFP_68Ah,39.1115,54.68677,0.7269970588235294,0.8064137
02HCB68111211Y86L0005694,LFP_68Ah,LFP_68Ah,52.0063,60.356632,0.6864426470588235,0.80985683
02HCB68111211Y88E0004333,LFP_68Ah,LFP_68Ah,29.431,52.937996,0.8231911764705881,0.80553854
02HCB68111211Y87Y0007299,LFP_68Ah,LFP_68Ah,38.262,56.916344,0.8386073529411765,0.79937685
PIP15829A00209415,LMO_10Ah,LMO_10Ah,38.8252,41.096592,0.67015,0.6921338
PIP15D26A03261343,LMO_10Ah,LMO_10Ah,61.3405,77.72777,0.71626,0.8921783
PIP15D19A03280145,LMO_10Ah,LMO_26Ah,41.6439,40.90699,0.74285,0.905653
PIP15D01A03241499,LMO_10Ah,LMO_26Ah,47.5273,47.779907,0.79292,0.91115564
PIP15N21A50200177,LMO_10Ah,LMO_10Ah,8.6173,4.108031,0.87622,0.84135973
PIP15D25A03219538,LMO_10Ah,LMO_10Ah,26.4669,51.760757,0.8858900000000001,0.91799426
PIP15N26A01201901,LMO_10Ah,LMO_26Ah,30.3575,6.695716,0.87909,0.98649824
PIP15828A00213703,LMO_10Ah,LMO_10Ah,38.6217,44.151863,0.59307,0.673297
PIP15D01A03221296,LMO_10Ah,LMO_10Ah,58.0204,57.62869,0.87905,0.9172646
PIP15N15A03208398,LMO_10Ah,LMO_10Ah,63.7579,62.367744,0.88277,0.8763854
PIP15N15A03208683,LMO_10Ah,LMO_10Ah,53.3811,54.49174,0.8700699999999999,0.89846104
PIP15D25A03243702,LMO_10Ah,LMO_10Ah,8.8585,6.1137037,0.8977299999999999,0.89149034
PIP15D26A03252860,LMO_10Ah,LMO_10Ah,50.482,33.47933,0.9214399999999999,0.95175654
PIP15D23A03282874,LMO_10Ah,LMO_10Ah,68.8352,70.57562,0.89416,0.8367472
PJP17601527003A007037,NMC_15Ah,NMC_15Ah,33.5103,37.79171,0.7527466666666667,0.8102457
PJP17930O01003A017268,NMC_15Ah,NMC_15Ah,52.0063,62.49669,0.75258,0.8006934
PJP17601527001A008674,NMC_15Ah,NMC_15Ah,35.3566,38.032772,0.7564933333333334,0.88410246
PJP17601529001A010983,NMC_15Ah,NMC_15Ah,19.9515,17.086874,0.7735933333333332,0.84815305
PJP17930O01001A011629,NMC_15Ah,NMC_15Ah,39.1115,40.093185,0.75428,0.8099774
PJP17601527001A008592,NMC_15Ah,NMC_15Ah,22.5881,22.993395,0.7639066666666667,0.8305565
PJP17601527002A007215,NMC_15Ah,NMC_15Ah,41.6439,42.491745,0.7767866666666666,0.8092851
PJP17601527003A007274,NMC_15Ah,NMC_15Ah,58.6931,65.76154,0.76566,0.7964014
PJP17601529001A003327,NMC_15Ah,NMC_15Ah,41.452,42.8213,0.7542866666666667,0.8071926
PJP17601529001A001010,NMC_15Ah,NMC_15Ah,41.3203,42.382744,0.7656533333333333,0.80799615
PJP17930O01001A006207,NMC_15Ah,NMC_15Ah,37.1093,38.125366,0.7581,0.8115518
PJP17601527001A008438,NMC_15Ah,NMC_15Ah,65.0,71.93851,0.7541066666666667,0.7863172
PJP17601527003A009662,NMC_15Ah,NMC_15Ah,34.8354,37.399246,0.7714599999999999,0.81121635
PJP17930O01003A016647,NMC_15Ah,NMC_15Ah,41.6497,41.834,0.75896,0.80494547
PJP17530529002A000337,NMC_15Ah,NMC_15Ah,57.0066,56.8668,0.7549399999999999,0.7904939
PJP17601527003A009747,NMC_15Ah,NMC_15Ah,55.9235,56.489334,0.7671666666666667,0.7941476
PJP17601527001A012082,NMC_15Ah,NMC_15Ah,26.9765,26.33092,0.7630533333333334,0.8147904
PJP17930O01003A017730,NMC_15Ah,LMO_24Ah,8.3761,4.364987,0.7969666666666666,0.8181998
PJP17930O01003A018005,NMC_15Ah,NMC_15Ah,52.0704,53.026054,0.79294,0.79761213
02LCC02100101A87Y0026421,NMC_21Ah,NMC_21Ah,26.9765,29.874472,1.000052380952381,0.9961327
02LCC02100101A87Y0010168,NMC_21Ah,NMC_21Ah,34.3612,36.723587,1.0051,0.9667192
02LCC02100101A8BC0103482,NMC_21Ah,LMO_25Ah,8.135,9.075678,0.7755,0.8367442
02LCC02100101A87Y0074479,NMC_21Ah,NMC_21Ah,43.8556,45.09729,0.9881190476190476,0.8838829
02LCC02100101A87Y0020833,NMC_21Ah,NMC_21Ah,41.3203,42.7371,0.9979714285714285,0.934279
02LCC02100101A87Y0027455,NMC_21Ah,NMC_15Ah,70.0,65.49352,1.011161904761905,0.78905773
02LCC02100101A87Y0173907,NMC_21Ah,NMC_21Ah,55.9235,53.104996,1.006,0.8009607
02LCC02100101A87Y0177229,NMC_21Ah,NMC_21Ah,49.0491,47.643196,0.9903,0.9384569
02LCC02100101A87Y0175162,NMC_21Ah,NMC_21Ah,34.8354,38.49067,1.001404761904762,0.8697302
02LCC02100101A87Y0172641,NMC_21Ah,NMC_21Ah,21.8027,25.962492,1.004309523809524,0.89461434
A170530525010800027,LMO_24Ah,LMO_24Ah,75.0,4.280316,0.7957208333333333,0.81996745
A170528511010800104,LMO_24Ah,NMC_21Ah,41.9541,56.477108,0.7689125,0.7876267
A170526507010800030,LMO_24Ah,NMC_15Ah,46.7917,67.62243,0.7420833333333333,0.77698386
A170622616030800696,LMO_24Ah,NMC_21Ah,9.0996,10.447966,1.095941666666667,1.043188
A170527511010800595,LMO_24Ah,LMO_24Ah,20.5001,11.721676,0.7606625,0.91763425
A170531525010801074,LMO_24Ah,LMO_24Ah,44.7967,42.82657,0.802275,0.8057645
A170529511010800411,LMO_24Ah,LMO_10Ah,7.6527,9.441305,0.6376916666666667,0.695598
A170528511010802245,LMO_24Ah,NMC_21Ah,36.6803,53.797493,0.74125,0.93349713
A170525507010800198,LMO_24Ah,NMC_15Ah,44.4627,42.07138,0.825625,0.8038466
A170606528030800466,LMO_24Ah,LMO_24Ah,40.1289,37.73171,1.0524,1.0297853
A170529511010800365,LMO_24Ah,NMC_21Ah,31.8633,37.784176,0.7595833333333334,0.93730885
515092904916,LMO_25Ah,LMO_25Ah,27.7305,30.42615,0.629024,0.66982675
515092905212,LMO_25Ah,NMC_21Ah,50.482,44.249718,0.918516,0.7963625
515093002457,LMO_25Ah,LMO_25Ah,7.8938,7.442017,0.715284,0.75377166
516020603556,LMO_25Ah,LMO_25Ah,35.3767,39.105778,0.6442319999999999,0.67775005
515092904019,LMO_25Ah,LMO_25Ah,41.6439,45.518646,0.7791079999999999,0.76533866
515093000451,LMO_25Ah,LMO_25Ah,8.8585,12.175927,0.934832,0.97562236
515092901182,LMO_25Ah,LMO_25Ah,7.1704,9.196559,0.601472,0.75846267
515092904740,LMO_25Ah,LMO_25Ah,25.6641,27.485897,0.617416,0.66341317
515100100624,LMO_25Ah,LMO_25Ah,8.3761,8.019309,0.8321599999999999,0.8215084
515093001782,LMO_25Ah,NMC_21Ah,50.1002,54.949604,0.925024,0.81215966
515093002576,LMO_25Ah,NMC_21Ah,50.1557,63.09919,0.804024,0.8222952
515093000724,LMO_25Ah,LMO_25Ah,38.8252,40.818916,0.7228279999999999,0.7088739
515093002348,LMO_25Ah,LMO_25Ah,21.1016,15.683141,0.782636,0.72137797
515092501338,LMO_25Ah,LMO_25Ah,32.339,35.051617,0.590388,0.6061261
515092901199,LMO_25Ah,LMO_25Ah,27.5501,45.202595,0.422888,0.6323896
515093000605,LMO_25Ah,LMO_25Ah,35.9961,43.811966,0.8718319999999999,0.9785626
515100102065,LMO_25Ah,LMO_25Ah,8.6173,9.633869,0.886136,0.8520471
515093002646,LMO_25Ah,LMO_24Ah,70.0083,77.811356,0.88878,0.7728232
515100101320,LMO_25Ah,LMO_25Ah,75.0,82.723274,0.795436,0.74581635
515092904410,LMO_25Ah,NMC_21Ah,44.4627,55.14582,0.84136,0.89386714
515093001367,LMO_25Ah,NMC_21Ah,44.7967,61.707634,0.7882760000000001,0.8423325
515093004000,LMO_25Ah,LMO_25Ah,41.9541,50.141434,0.746968,0.7335032
515100100526,LMO_25Ah,LMO_25Ah,22.2517,29.408981,0.872804,1.0003719
515092904584,LMO_25Ah,NMC_21Ah,50.0064,66.964645,0.7854439999999999,0.78611887
515092905201,LMO_25Ah,NMC_21Ah,53.6027,51.57366,0.944636,0.7922809
H27734091053,LMO_26Ah,LMO_25Ah,8.3761,13.152804,0.8388307692307693,0.90743816
H27735178005,LMO_26Ah,LMO_26Ah,53.3811,64.14475,0.8490000000000001,0.8365981
H27733490499,LMO_26Ah,LMO_26Ah,70.0083,78.8155,0.8877884615384615,0.7617661
H27734592855,LMO_26Ah,LMO_26Ah,22.2517,25.590427,0.8586153846153847,0.91186756
H27734492478,LMO_26Ah,LMO_26Ah,90.0,64.600624,0.9984076923076923,0.7660692
H27733590292,LMO_26Ah,LMO_26Ah,38.0625,40.701675,0.9464884615384614,0.95588034
H27734676393,LMO_26Ah,LMO_26Ah,62.6027,51.899643,0.9604461538461538,0.7865822
H27735077206,LMO_26Ah,LMO_26Ah,71.0838,72.16817,0.9195923076923077,0.820017
H27735176665,LMO_26Ah,LMO_26Ah,53.3246,50.154594,0.998203846153846,0.9636351
H27734291854,LMO_26Ah,LMO_26Ah,24.5519,25.866219,0.9923153846153846,0.99369586
H27734591085,LMO_26Ah,LMO_26Ah,42.3415,43.674385,0.9497769230769231,0.9582974
H27734491651,LMO_26Ah,LMO_26Ah,85.0,63.142433,0.9381923076923078,0.7685451
H27735076930,LMO_26Ah,LMO_26Ah,75.214,76.68583,0.9650538461538462,0.77387345
H27734691342,LMO_26Ah,LMO_26Ah,85.0,59.67425,0.9401923076923077,0.7675491
H27735177571,LMO_26Ah,LMO_26Ah,75.0,79.41655,0.8238038461538462,0.7629935
17号,LFP_35Ah,LFP_35Ah,40.8667,54.357693,0.8172685714285713,0.8473685
1号,LFP_35Ah,LFP_35Ah,41.452,54.14506,0.7431371428571428,0.84670144
34号,LFP_35Ah,LFP_35Ah,38.5265,54.114544,0.8159685714285715,0.8421512
36号,LFP_35Ah,LFP_35Ah,32.1026,54.207153,0.88972,0.8447963
37号,LFP_35Ah,LFP_35Ah,33.7731,53.591923,0.88372,0.84343827
53号,LFP_35Ah,LFP_35Ah,53.3916,56.340363,0.9176657142857142,0.84774005
8号,LFP_35Ah,LFP_35Ah,29.7969,48.680283,0.7810742857142857,0.8527372
9号,LFP_35Ah,LFP_35Ah,19.3077,15.195683,0.7772285714285714,0.85584736
02HCB68111211Y87Y0002979,LFP_68Ah,LFP_68Ah,21.1016,25.0334,0.8426367647058823,0.80296206
02HCB68111211Y88D0000337,LFP_68Ah,LFP_68Ah,44.7967,56.865257,0.8511661764705882,0.80401593
02HCB68111211Y88D0003997,LFP_68Ah,LFP_68Ah,18.1154,23.344702,0.6526647058823529,0.8353413
02HCB68111211Y87Y0011345,LFP_68Ah,LMO_24Ah,5.0,4.6917963,0.8249632352941176,0.8168581
02HCB68111211Y87Y0015653,LFP_68Ah,LFP_68Ah,48.7083,56.571243,0.7779485294117647,0.81107265
02HCB68111211Y86L0000199,LFP_68Ah,LFP_68Ah,32.5404,53.925064,0.7060573529411764,0.81062925
02HCB68111211Y86X0004792,LFP_68Ah,LFP_68Ah,31.8633,53.934914,0.7697308823529412,0.8096596
02HCB68111211Y87Y0015365,LFP_68Ah,LFP_68Ah,60.1373,68.92499,0.8225014705882353,0.8077065
02HCB68111211Y86S0005042,LFP_68Ah,LFP_68Ah,41.9839,57.038143,0.6715102941176471,0.8135263
02HCB68111211Y88D0003294,LFP_68Ah,LFP_68Ah,46.8445,57.07746,0.8352544117647058,0.8115823
02HCB68111211Y88E0004340,LFP_68Ah,LFP_68Ah,44.1142,57.10773,0.8342852941176471,0.80758125
02HCB68111211Y87Y0013553,LFP_68Ah,LFP_68Ah,37.6917,55.13257,0.8047691176470588,0.8118162
02HCB68111211Y87Y0013903,LFP_68Ah,LFP_68Ah,39.9041,55.21505,0.8119000000000001,0.8050615
02HCB68111211Y87Y0009622,LFP_68Ah,LFP_68Ah,37.1305,55.543476,0.8424544117647059,0.8042668
02HCB68111211Y87Y0012947,LFP_68Ah,LFP_68Ah,39.5793,56.86242,0.8117617647058823,0.8090883
02HCB68111211Y87Y0003936,LFP_68Ah,LFP_68Ah,62.8233,71.65091,0.8382176470588236,0.8108441
02HCB68111211Y88D0005602,LFP_68Ah,LFP_68Ah,39.1172,56.818573,0.8460514705882353,0.8001197
02HCB68111211Y88E0004523,LFP_68Ah,LFP_68Ah,50.1764,58.56938,0.8356073529411765,0.8057105
02HCB68111211Y86V0003442,LFP_68Ah,LFP_68Ah,43.058,56.862267,0.6879132352941176,0.81416386
02HCB68111211Y86X0009373,LFP_68Ah,LFP_68Ah,18.8014,20.539291,0.7169970588235294,0.81174594
02HCB68111211Y88E0004411,LFP_68Ah,LFP_68Ah,59.1842,67.57676,0.8248588235294118,0.80755913
02HCB68111211Y87Y0004508,LFP_68Ah,LFP_68Ah,75.0,76.56952,0.8487455882352941,0.80860555
02HCB68111211Y86M0004883,LFP_68Ah,LFP_68Ah,39.1115,54.690823,0.7269970588235294,0.8065662
02HCB68111211Y86L0005694,LFP_68Ah,LFP_68Ah,52.0063,60.476185,0.6864426470588235,0.8099583
02HCB68111211Y88E0004333,LFP_68Ah,LFP_68Ah,29.431,52.99898,0.8231911764705881,0.8052271
02HCB68111211Y87Y0007299,LFP_68Ah,LFP_68Ah,38.262,56.440174,0.8386073529411765,0.7992165
PIP15829A00209415,LMO_10Ah,LMO_10Ah,38.8252,40.298492,0.67015,0.6962721
PIP15D26A03261343,LMO_10Ah,LMO_10Ah,61.3405,78.44359,0.71626,0.88705057
PIP15D19A03280145,LMO_10Ah,LMO_26Ah,41.6439,41.024597,0.74285,0.9025978
PIP15D01A03241499,LMO_10Ah,LMO_26Ah,47.5273,47.340855,0.79292,0.9128416
PIP15N21A50200177,LMO_10Ah,LMO_10Ah,8.6173,4.118307,0.87622,0.8417474
PIP15D25A03219538,LMO_10Ah,LMO_10Ah,26.4669,51.37522,0.8858900000000001,0.9157276
PIP15N26A01201901,LMO_10Ah,LMO_26Ah,30.3575,5.680764,0.87909,0.9903236
PIP15828A00213703,LMO_10Ah,LMO_10Ah,38.6217,43.64158,0.59307,0.6596543
PIP15D01A03221296,LMO_10Ah,LMO_10Ah,58.0204,57.545113,0.87905,0.9157596
PIP15N15A03208398,LMO_10Ah,LMO_10Ah,63.7579,62.53916,0.88277,0.8734469
PIP15N15A03208683,LMO_10Ah,LMO_10Ah,53.3811,54.674145,0.8700699999999999,0.8957331
PIP15D25A03243702,LMO_10Ah,LMO_10Ah,8.8585,6.4966097,0.8977299999999999,0.8922772
PIP15D26A03252860,LMO_10Ah,LMO_10Ah,50.482,33.056957,0.9214399999999999,0.94985574
PIP15D23A03282874,LMO_10Ah,LMO_10Ah,68.8352,70.54004,0.89416,0.8350624
PJP17601527003A007037,NMC_15Ah,NMC_15Ah,33.5103,38.020805,0.7527466666666667,0.80897194
PJP17930O01003A017268,NMC_15Ah,NMC_15Ah,52.0063,60.370842,0.75258,0.79938453
PJP17601527001A008674,NMC_15Ah,NMC_15Ah,35.3566,37.52369,0.7564933333333334,0.8846206
PJP17601529001A010983,NMC_15Ah,NMC_15Ah,19.9515,18.714752,0.7735933333333332,0.8403287
PJP17930O01001A011629,NMC_15Ah,NMC_15Ah,39.1115,39.553185,0.75428,0.8088294
PJP17601527001A008592,NMC_15Ah,NMC_15Ah,22.5881,22.906593,0.7639066666666667,0.829648
PJP17601527002A007215,NMC_15Ah,NMC_15Ah,41.6439,41.565804,0.7767866666666666,0.8084548
PJP17601527003A007274,NMC_15Ah,NMC_15Ah,58.6931,66.23754,0.76566,0.79502213
PJP17601529001A003327,NMC_15Ah,NMC_15Ah,41.452,42.53376,0.7542866666666667,0.8062206
PJP17601529001A001010,NMC_15Ah,NMC_15Ah,41.3203,42.100803,0.7656533333333333,0.8068482
PJP17930O01001A006207,NMC_15Ah,NMC_15Ah,37.1093,37.9964,0.7581,0.81050175
PJP17601527001A008438,NMC_15Ah,NMC_15Ah,65.0,72.9706,0.7541066666666667,0.7859323
PJP17601527003A009662,NMC_15Ah,NMC_15Ah,34.8354,37.46737,0.7714599999999999,0.8100314
PJP17930O01003A016647,NMC_15Ah,NMC_15Ah,41.6497,40.923065,0.75896,0.8037375
PJP17530529002A000337,NMC_15Ah,NMC_15Ah,57.0066,57.465267,0.7549399999999999,0.7893642
PJP17601527003A009747,NMC_15Ah,NMC_15Ah,55.9235,55.235317,0.7671666666666667,0.7925166
PJP17601527001A012082,NMC_15Ah,NMC_15Ah,26.9765,26.924646,0.7630533333333334,0.8133714
PJP17930O01003A017730,NMC_15Ah,LMO_24Ah,8.3761,4.3657236,0.7969666666666666,0.81823486
PJP17930O01003A018005,NMC_15Ah,NMC_15Ah,52.0704,52.56233,0.79294,0.7962034
02LCC02100101A87Y0026421,NMC_21Ah,NMC_21Ah,26.9765,29.342707,1.000052380952381,1.0014198
02LCC02100101A87Y0010168,NMC_21Ah,NMC_21Ah,34.3612,35.782387,1.0051,0.9824179
02LCC02100101A8BC0103482,NMC_21Ah,LMO_25Ah,8.135,10.465261,0.7755,0.83704716
02LCC02100101A87Y0074479,NMC_21Ah,NMC_21Ah,43.8556,44.22332,0.9881190476190476,0.9300128
02LCC02100101A87Y0020833,NMC_21Ah,NMC_21Ah,41.3203,41.75479,0.9979714285714285,0.9664444
02LCC02100101A87Y0027455,NMC_21Ah,NMC_15Ah,70.0,63.03556,1.011161904761905,0.7858023
02LCC02100101A87Y0173907,NMC_21Ah,NMC_21Ah,55.9235,51.63342,1.006,0.7977379
02LCC02100101A87Y0177229,NMC_21Ah,NMC_21Ah,49.0491,46.737576,0.9903,0.96495235
02LCC02100101A87Y0175162,NMC_21Ah,NMC_21Ah,34.8354,36.206947,1.001404761904762,0.9111222
02LCC02100101A87Y0172641,NMC_21Ah,NMC_21Ah,21.8027,25.907486,1.004309523809524,0.91690755
A170530525010800027,LMO_24Ah,LMO_24Ah,75.0,4.292843,0.7957208333333333,0.82001066
A170528511010800104,LMO_24Ah,NMC_15Ah,41.9541,56.594204,0.7689125,0.7847042
A170526507010800030,LMO_24Ah,NMC_15Ah,46.7917,67.00109,0.7420833333333333,0.77399194
A170622616030800696,LMO_24Ah,NMC_21Ah,9.0996,9.675253,1.095941666666667,1.040087
A170527511010800595,LMO_24Ah,NMC_21Ah,20.5001,12.109573,0.7606625,0.905391
A170531525010801074,LMO_24Ah,NMC_15Ah,44.7967,43.240402,0.802275,0.80313
A170529511010800411,LMO_24Ah,LMO_24Ah,7.6527,8.895971,0.6376916666666667,0.69529396
A170528511010802245,LMO_24Ah,NMC_21Ah,36.6803,53.129066,0.74125,0.9350401
A170525507010800198,LMO_24Ah,NMC_15Ah,44.4627,41.563774,0.825625,0.8007012
A170606528030800466,LMO_24Ah,LMO_24Ah,40.1289,37.828007,1.0524,1.0281239
A170529511010800365,LMO_24Ah,NMC_21Ah,31.8633,36.589073,0.7595833333333334,0.9299923
515092904916,LMO_25Ah,LMO_25Ah,27.7305,30.300308,0.629024,0.6655571
515092905212,LMO_25Ah,NMC_15Ah,50.482,48.842266,0.918516,0.79426897
515093002457,LMO_25Ah,LMO_25Ah,7.8938,7.5224524,0.715284,0.7523992
516020603556,LMO_25Ah,LMO_25Ah,35.3767,39.75815,0.6442319999999999,0.6710055
515092904019,LMO_25Ah,LMO_25Ah,41.6439,45.37119,0.7791079999999999,0.761409
515093000451,LMO_25Ah,LMO_25Ah,8.8585,12.4715805,0.934832,0.9656719
515092901182,LMO_25Ah,LMO_25Ah,7.1704,9.231234,0.601472,0.7571738
515092904740,LMO_25Ah,LMO_25Ah,25.6641,27.418228,0.617416,0.6596448
515100100624,LMO_25Ah,LMO_25Ah,8.3761,8.057653,0.8321599999999999,0.81791246
515093001782,LMO_25Ah,NMC_21Ah,50.1002,56.321693,0.925024,0.8324232
515093002576,LMO_25Ah,NMC_21Ah,50.1557,62.843952,0.804024,0.8261555
515093000724,LMO_25Ah,LMO_25Ah,38.8252,40.6767,0.7228279999999999,0.7052155
515093002348,LMO_25Ah,LMO_25Ah,21.1016,15.643484,0.782636,0.71859175
515092501338,LMO_25Ah,LMO_25Ah,32.339,34.878647,0.590388,0.60068643
515092901199,LMO_25Ah,LMO_25Ah,27.5501,45.05056,0.422888,0.62561595
515093000605,LMO_25Ah,LMO_25Ah,35.9961,44.66154,0.8718319999999999,0.9756069
515100102065,LMO_25Ah,LMO_25Ah,8.6173,9.518779,0.886136,0.847214
515093002646,LMO_25Ah,NMC_21Ah,70.0083,78.05631,0.88878,0.7684863
515100101320,LMO_25Ah,LMO_25Ah,75.0,82.4185,0.795436,0.74135077
515092904410,LMO_25Ah,NMC_21Ah,44.4627,55.431335,0.84136,0.8926324
515093001367,LMO_25Ah,NMC_21Ah,44.7967,61.46482,0.7882760000000001,0.8542734
515093004000,LMO_25Ah,LMO_25Ah,41.9541,49.392647,0.746968,0.72409457
515100100526,LMO_25Ah,LMO_25Ah,22.2517,29.780758,0.872804,0.9977741
515092904584,LMO_25Ah,NMC_21Ah,50.0064,66.4602,0.7854439999999999,0.80375785
515092905201,LMO_25Ah,NMC_21Ah,53.6027,56.48696,0.944636,0.7896824
H27734091053,LMO_26Ah,LMO_25Ah,8.3761,12.568177,0.8388307692307693,0.90160656
H27735178005,LMO_26Ah,LMO_26Ah,53.3811,65.25465,0.8490000000000001,0.8783786
H27733490499,LMO_26Ah,LMO_26Ah,70.0083,78.52852,0.8877884615384615,0.805098
H27734592855,LMO_26Ah,LMO_26Ah,22.2517,25.142805,0.8586153846153847,0.90596086
H27734492478,LMO_26Ah,LMO_24Ah,90.0,67.392876,0.9984076923076923,0.7647929
H27733590292,LMO_26Ah,LMO_26Ah,38.0625,40.538418,0.9464884615384614,0.95290464
H27734676393,LMO_26Ah,LMO_26Ah,62.6027,51.725662,0.9604461538461538,0.7813958
H27735077206,LMO_26Ah,LMO_26Ah,71.0838,65.71218,0.9195923076923077,0.83880806
H27735176665,LMO_26Ah,LMO_26Ah,53.3246,51.02136,0.998203846153846,0.96029925
H27734291854,LMO_26Ah,LMO_26Ah,24.5519,25.34229,0.9923153846153846,0.99003476
H27734591085,LMO_26Ah,LMO_26Ah,42.3415,42.523197,0.9497769230769231,0.9536566
H27734491651,LMO_26Ah,LMO_26Ah,85.0,63.106834,0.9381923076923078,0.76574886
H27735076930,LMO_26Ah,LMO_26Ah,75.214,77.712326,0.9650538461538462,0.76666945
H27734691342,LMO_26Ah,LMO_26Ah,85.0,60.810394,0.9401923076923077,0.7648965
H27735177571,LMO_26Ah,LMO_26Ah,75.0,81.00454,0.8238038461538462,0.7589103
17号,LFP_35Ah,LFP_35Ah,40.8667,54.75095,0.8172685714285713,0.84749377
1号,LFP_35Ah,LFP_35Ah,41.452,54.44807,0.7431371428571428,0.84683216
34号,LFP_35Ah,LFP_35Ah,38.5265,54.415283,0.8159685714285715,0.8420637
36号,LFP_35Ah,LFP_35Ah,32.1026,54.27097,0.88972,0.8449812
37号,LFP_35Ah,LFP_35Ah,33.7731,52.796673,0.88372,0.84337187
53号,LFP_35Ah,LFP_35Ah,53.3916,57.688057,0.9176657142857142,0.8475404
8号,LFP_35Ah,LFP_35Ah,29.7969,48.842823,0.7810742857142857,0.8528272
9号,LFP_35Ah,LFP_35Ah,19.3077,15.834514,0.7772285714285714,0.8557715
02HCB68111211Y87Y0002979,LFP_68Ah,LFP_68Ah,21.1016,23.998425,0.8426367647058823,0.80309576
02HCB68111211Y88D0000337,LFP_68Ah,LFP_68Ah,44.7967,55.587166,0.8511661764705882,0.80370957
02HCB68111211Y88D0003997,LFP_68Ah,LFP_68Ah,18.1154,23.283745,0.6526647058823529,0.8355786
02HCB68111211Y87Y0011345,LFP_68Ah,LMO_24Ah,5.0,4.7422404,0.8249632352941176,0.81604934
02HCB68111211Y87Y0015653,LFP_68Ah,LFP_68Ah,48.7083,56.77565,0.7779485294117647,0.8108505
02HCB68111211Y86L0000199,LFP_68Ah,LFP_68Ah,32.5404,54.119267,0.7060573529411764,0.81032526
02HCB68111211Y86X0004792,LFP_68Ah,LFP_68Ah,31.8633,53.532436,0.7697308823529412,0.8095353
02HCB68111211Y87Y0015365,LFP_68Ah,LFP_68Ah,60.1373,67.88621,0.8225014705882353,0.80744696
02HCB68111211Y86S0005042,LFP_68Ah,LFP_68Ah,41.9839,57.42415,0.6715102941176471,0.813689
02HCB68111211Y88D0003294,LFP_68Ah,LFP_68Ah,46.8445,56.277378,0.8352544117647058,0.8109245
02HCB68111211Y88E0004340,LFP_68Ah,LFP_68Ah,44.1142,56.7173,0.8342852941176471,0.8075354
02HCB68111211Y87Y0013553,LFP_68Ah,LFP_68Ah,37.6917,54.248604,0.8047691176470588,0.8118038
02HCB68111211Y87Y0013903,LFP_68Ah,LFP_68Ah,39.9041,54.077305,0.8119000000000001,0.80517805
02HCB68111211Y87Y0009622,LFP_68Ah,LFP_68Ah,37.1305,54.936646,0.8424544117647059,0.8041472
02HCB68111211Y87Y0012947,LFP_68Ah,LFP_68Ah,39.5793,56.467934,0.8117617647058823,0.8089264
02HCB68111211Y87Y0003936,LFP_68Ah,LFP_68Ah,62.8233,71.044716,0.8382176470588236,0.81063706
02HCB68111211Y88D0005602,LFP_68Ah,LFP_68Ah,39.1172,55.305176,0.8460514705882353,0.8001391
02HCB68111211Y88E0004523,LFP_68Ah,LFP_68Ah,50.1764,57.56672,0.8356073529411765,0.8052682
02HCB68111211Y86V0003442,LFP_68Ah,LFP_68Ah,43.058,56.627018,0.6879132352941176,0.8140687
02HCB68111211Y86X0009373,LFP_68Ah,LFP_68Ah,18.8014,21.05127,0.7169970588235294,0.8114538
02HCB68111211Y88E0004411,LFP_68Ah,LFP_68Ah,59.1842,67.041245,0.8248588235294118,0.8072223
02HCB68111211Y87Y0004508,LFP_68Ah,LFP_68Ah,75.0,77.1048,0.8487455882352941,0.808249
02HCB68111211Y86M0004883,LFP_68Ah,LFP_68Ah,39.1115,54.900185,0.7269970588235294,0.8063739
02HCB68111211Y86L0005694,LFP_68Ah,LFP_68Ah,52.0063,60.133915,0.6864426470588235,0.80953133
02HCB68111211Y88E0004333,LFP_68Ah,LFP_68Ah,29.431,53.195496,0.8231911764705881,0.8053329
02HCB68111211Y87Y0007299,LFP_68Ah,LFP_68Ah,38.262,54.87951,0.8386073529411765,0.7989722
PIP15829A00209415,LMO_10Ah,LMO_10Ah,38.8252,39.991776,0.67015,0.6854055
PIP15D26A03261343,LMO_10Ah,LMO_10Ah,61.3405,78.01409,0.71626,0.88588136
PIP15D19A03280145,LMO_10Ah,LMO_26Ah,41.6439,40.853996,0.74285,0.9027344
PIP15D01A03241499,LMO_10Ah,LMO_26Ah,47.5273,46.971962,0.79292,0.9162011
PIP15N21A50200177,LMO_10Ah,LMO_10Ah,8.6173,4.1326137,0.87622,0.84154636
PIP15D25A03219538,LMO_10Ah,LMO_10Ah,26.4669,51.09751,0.8858900000000001,0.91720563
PIP15N26A01201901,LMO_10Ah,LMO_26Ah,30.3575,5.462023,0.87909,0.9939973
PIP15828A00213703,LMO_10Ah,LMO_10Ah,38.6217,43.237823,0.59307,0.6554207
PIP15D01A03221296,LMO_10Ah,LMO_10Ah,58.0204,57.419815,0.87905,0.91497326
PIP15N15A03208398,LMO_10Ah,LMO_10Ah,63.7579,62.479034,0.88277,0.8723246
PIP15N15A03208683,LMO_10Ah,LMO_10Ah,53.3811,54.549164,0.8700699999999999,0.8948572
PIP15D25A03243702,LMO_10Ah,LMO_10Ah,8.8585,6.766921,0.8977299999999999,0.89239126
PIP15D26A03252860,LMO_10Ah,LMO_10Ah,50.482,32.221405,0.9214399999999999,0.94863576
PIP15D23A03282874,LMO_10Ah,LMO_10Ah,68.8352,70.474625,0.89416,0.8359467
PJP17601527003A007037,NMC_15Ah,NMC_15Ah,33.5103,39.325394,0.7527466666666667,0.8076937
PJP17930O01003A017268,NMC_15Ah,NMC_15Ah,52.0063,57.295273,0.75258,0.7981667
PJP17601527001A008674,NMC_15Ah,NMC_15Ah,35.3566,37.16698,0.7564933333333334,0.8870084
PJP17601529001A010983,NMC_15Ah,NMC_15Ah,19.9515,21.786255,0.7735933333333332,0.83454674
PJP17930O01001A011629,NMC_15Ah,NMC_15Ah,39.1115,39.06056,0.75428,0.80803835
PJP17601527001A008592,NMC_15Ah,NMC_15Ah,22.5881,22.933144,0.7639066666666667,0.82893133
PJP17601527002A007215,NMC_15Ah,NMC_15Ah,41.6439,40.751156,0.7767866666666666,0.8075229
PJP17601527003A007274,NMC_15Ah,NMC_15Ah,58.6931,63.379967,0.76566,0.793962
PJP17601529001A003327,NMC_15Ah,NMC_15Ah,41.452,41.348736,0.7542866666666667,0.80503505
PJP17601529001A001010,NMC_15Ah,NMC_15Ah,41.3203,40.777893,0.7656533333333333,0.8060545
PJP17930O01001A006207,NMC_15Ah,NMC_15Ah,37.1093,38.086853,0.7581,0.80950683
PJP17601527001A008438,NMC_15Ah,NMC_15Ah,65.0,72.34035,0.7541066666666667,0.7856524
PJP17601527003A009662,NMC_15Ah,NMC_15Ah,34.8354,38.231476,0.7714599999999999,0.8090921
PJP17930O01003A016647,NMC_15Ah,NMC_15Ah,41.6497,40.77696,0.75896,0.80266553
PJP17530529002A000337,NMC_15Ah,NMC_15Ah,57.0066,57.50692,0.7549399999999999,0.7884445
PJP17601527003A009747,NMC_15Ah,NMC_15Ah,55.9235,55.065224,0.7671666666666667,0.7911237
PJP17601527001A012082,NMC_15Ah,NMC_15Ah,26.9765,27.072784,0.7630533333333334,0.8123332
PJP17930O01003A017730,NMC_15Ah,LMO_24Ah,8.3761,4.3691673,0.7969666666666666,0.8180744
PJP17930O01003A018005,NMC_15Ah,NMC_15Ah,52.0704,49.99473,0.79294,0.7952518
02LCC02100101A87Y0026421,NMC_21Ah,NMC_21Ah,26.9765,28.938976,1.000052380952381,0.9999023
02LCC02100101A87Y0010168,NMC_21Ah,NMC_21Ah,34.3612,34.97782,1.0051,0.9917398
02LCC02100101A8BC0103482,NMC_21Ah,LMO_25Ah,8.135,11.007742,0.7755,0.8348002
02LCC02100101A87Y0074479,NMC_21Ah,NMC_21Ah,43.8556,43.927097,0.9881190476190476,0.95631576
02LCC02100101A87Y0020833,NMC_21Ah,NMC_21Ah,41.3203,41.064095,0.9979714285714285,0.9820514
02LCC02100101A87Y0027455,NMC_21Ah,NMC_21Ah,70.0,63.569687,1.011161904761905,0.782849
02LCC02100101A87Y0173907,NMC_21Ah,NMC_21Ah,55.9235,52.77253,1.006,0.79528487
02LCC02100101A87Y0177229,NMC_21Ah,NMC_21Ah,49.0491,46.617107,0.9903,0.9787002
02LCC02100101A87Y0175162,NMC_21Ah,NMC_21Ah,34.8354,35.661724,1.001404761904762,0.94617933
02LCC02100101A87Y0172641,NMC_21Ah,NMC_21Ah,21.8027,25.715115,1.004309523809524,0.9382816
A170530525010800027,LMO_24Ah,LMO_24Ah,75.0,4.300658,0.7957208333333333,0.82019573
A170528511010800104,LMO_24Ah,NMC_21Ah,41.9541,57.116463,0.7689125,0.78269744
A170526507010800030,LMO_24Ah,NMC_15Ah,46.7917,67.571724,0.7420833333333333,0.77199566
A170622616030800696,LMO_24Ah,NMC_21Ah,9.0996,8.821485,1.095941666666667,1.0386604
A170527511010800595,LMO_24Ah,NMC_21Ah,20.5001,12.271432,0.7606625,0.8977925
A170531525010801074,LMO_24Ah,NMC_15Ah,44.7967,42.687664,0.802275,0.8009313
A170529511010800411,LMO_24Ah,LMO_24Ah,7.6527,8.657811,0.6376916666666667,0.69511724
A170528511010802245,LMO_24Ah,NMC_21Ah,36.6803,52.62719,0.74125,0.93775135
A170525507010800198,LMO_24Ah,NMC_15Ah,44.4627,41.272717,0.825625,0.7989036
A170606528030800466,LMO_24Ah,LMO_24Ah,40.1289,37.731934,1.0524,1.0275382
A170529511010800365,LMO_24Ah,NMC_21Ah,31.8633,35.97707,0.7595833333333334,0.91752267
515092904916,LMO_25Ah,LMO_25Ah,27.7305,30.061113,0.629024,0.6619505
515092905212,LMO_25Ah,NMC_21Ah,50.482,55.52351,0.918516,0.79216975
515093002457,LMO_25Ah,LMO_25Ah,7.8938,7.5664945,0.715284,0.7558905
516020603556,LMO_25Ah,LMO_25Ah,35.3767,40.141056,0.6442319999999999,0.66698056
515092904019,LMO_25Ah,LMO_25Ah,41.6439,44.893917,0.7791079999999999,0.758814
515093000451,LMO_25Ah,LMO_25Ah,8.8585,12.468439,0.934832,0.96640825
515092901182,LMO_25Ah,LMO_25Ah,7.1704,9.208702,0.601472,0.76026946
515092904740,LMO_25Ah,LMO_25Ah,25.6641,27.27507,0.617416,0.6564541
515100100624,LMO_25Ah,LMO_25Ah,8.3761,8.150442,0.8321599999999999,0.817463
515093001782,LMO_25Ah,NMC_21Ah,50.1002,56.845253,0.925024,0.8675913
515093002576,LMO_25Ah,NMC_21Ah,50.1557,62.522163,0.804024,0.83117217
515093000724,LMO_25Ah,LMO_25Ah,38.8252,39.888832,0.7228279999999999,0.7019423
515093002348,LMO_25Ah,LMO_25Ah,21.1016,15.626847,0.782636,0.7210672
515092501338,LMO_25Ah,LMO_25Ah,32.339,34.53234,0.590388,0.59557194
515092901199,LMO_25Ah,LMO_25Ah,27.5501,44.735672,0.422888,0.620635
515093000605,LMO_25Ah,LMO_24Ah,35.9961,44.881832,0.8718319999999999,0.9739334
515100102065,LMO_25Ah,LMO_25Ah,8.6173,9.442099,0.886136,0.8419866
515093002646,LMO_25Ah,NMC_21Ah,70.0083,78.47336,0.88878,0.7654469
515100101320,LMO_25Ah,LMO_25Ah,75.0,82.06994,0.795436,0.7381199
515092904410,LMO_25Ah,NMC_21Ah,44.4627,55.125015,0.84136,0.8943333
515093001367,LMO_25Ah,NMC_21Ah,44.7967,61.12995,0.7882760000000001,0.8590659
515093004000,LMO_25Ah,LMO_25Ah,41.9541,48.935555,0.746968,0.72586215
515100100526,LMO_25Ah,LMO_25Ah,22.2517,29.94186,0.872804,0.9964135
515092904584,LMO_25Ah,NMC_21Ah,50.0064,65.78142,0.7854439999999999,0.8131692
515092905201,LMO_25Ah,NMC_21Ah,53.6027,57.88275,0.944636,0.78739244
H27734091053,LMO_26Ah,LMO_25Ah,8.3761,12.643985,0.8388307692307693,0.90027446
H27735178005,LMO_26Ah,LMO_26Ah,53.3811,64.829414,0.8490000000000001,0.9295064
H27733490499,LMO_26Ah,LMO_26Ah,70.0083,77.89579,0.8877884615384615,0.8626442
H27734592855,LMO_26Ah,LMO_26Ah,22.2517,24.650776,0.8586153846153847,0.90189064
H27734492478,LMO_26Ah,LMO_24Ah,90.0,68.71373,0.9984076923076923,0.7637456
H27733590292,LMO_26Ah,LMO_26Ah,38.0625,39.7197,0.9464884615384614,0.9513086
H27734676393,LMO_26Ah,LMO_26Ah,62.6027,50.173763,0.9604461538461538,0.7906227
H27735077206,LMO_26Ah,LMO_26Ah,71.0838,70.68857,0.9195923076923077,0.8964357
H27735176665,LMO_26Ah,LMO_26Ah,53.3246,51.14875,0.998203846153846,0.958631
H27734291854,LMO_26Ah,LMO_26Ah,24.5519,25.179665,0.9923153846153846,0.98799336
H27734591085,LMO_26Ah,LMO_26Ah,42.3415,42.060528,0.9497769230769231,0.9519155
H27734491651,LMO_26Ah,LMO_26Ah,85.0,67.81462,0.9381923076923078,0.76308084
H27735076930,LMO_26Ah,LMO_26Ah,75.214,77.644135,0.9650538461538462,0.7707636
H27734691342,LMO_26Ah,LMO_26Ah,85.0,62.72976,0.9401923076923077,0.76300037
H27735177571,LMO_26Ah,LMO_26Ah,75.0,82.88237,0.8238038461538462,0.7562148
17号,LFP_35Ah,LFP_35Ah,40.8667,54.511574,0.8172685714285713,0.8476218
1号,LFP_35Ah,LFP_35Ah,41.452,54.22962,0.7431371428571428,0.8470367
34号,LFP_35Ah,LFP_35Ah,38.5265,54.454536,0.8159685714285715,0.8421512
36号,LFP_35Ah,LFP_35Ah,32.1026,53.962654,0.88972,0.84515476
37号,LFP_35Ah,LFP_35Ah,33.7731,53.42975,0.88372,0.8433968
53号,LFP_35Ah,LFP_35Ah,53.3916,57.30756,0.9176657142857142,0.8477506
8号,LFP_35Ah,LFP_35Ah,29.7969,48.64813,0.7810742857142857,0.8529532
9号,LFP_35Ah,LFP_35Ah,19.3077,16.146643,0.7772285714285714,0.856221
02HCB68111211Y87Y0002979,LFP_68Ah,LFP_68Ah,21.1016,23.524864,0.8426367647058823,0.8032017
02HCB68111211Y88D0000337,LFP_68Ah,LFP_68Ah,44.7967,55.059433,0.8511661764705882,0.80393493
02HCB68111211Y88D0003997,LFP_68Ah,LFP_68Ah,18.1154,23.264164,0.6526647058823529,0.83042467
02HCB68111211Y87Y0011345,LFP_68Ah,LMO_24Ah,5.0,4.768898,0.8249632352941176,0.81586653
02HCB68111211Y87Y0015653,LFP_68Ah,LFP_68Ah,48.7083,55.676224,0.7779485294117647,0.81125504
02HCB68111211Y86L0000199,LFP_68Ah,LFP_68Ah,32.5404,53.21747,0.7060573529411764,0.81036097
02HCB68111211Y86X0004792,LFP_68Ah,LFP_68Ah,31.8633,53.14602,0.7697308823529412,0.8096596
02HCB68111211Y87Y0015365,LFP_68Ah,LFP_68Ah,60.1373,67.55504,0.8225014705882353,0.807693
02HCB68111211Y86S0005042,LFP_68Ah,LFP_68Ah,41.9839,56.305244,0.6715102941176471,0.8138441
02HCB68111211Y88D0003294,LFP_68Ah,LFP_68Ah,46.8445,55.521687,0.8352544117647058,0.8112049
02HCB68111211Y88E0004340,LFP_68Ah,LFP_68Ah,44.1142,55.47709,0.8342852941176471,0.8078542
02HCB68111211Y87Y0013553,LFP_68Ah,LFP_68Ah,37.6917,54.15563,0.8047691176470588,0.8120935
02HCB68111211Y87Y0013903,LFP_68Ah,LFP_68Ah,39.9041,53.93789,0.8119000000000001,0.8050615
02HCB68111211Y87Y0009622,LFP_68Ah,LFP_68Ah,37.1305,54.410282,0.8424544117647059,0.8044549
02HCB68111211Y87Y0012947,LFP_68Ah,LFP_68Ah,39.5793,55.323185,0.8117617647058823,0.8091744
02HCB68111211Y87Y0003936,LFP_68Ah,LFP_68Ah,62.8233,70.906204,0.8382176470588236,0.81112903
02HCB68111211Y88D0005602,LFP_68Ah,LFP_68Ah,39.1172,54.05727,0.8460514705882353,0.8005454
02HCB68111211Y88E0004523,LFP_68Ah,LFP_68Ah,50.1764,57.655895,0.8356073529411765,0.8056783
02HCB68111211Y86V0003442,LFP_68Ah,LFP_68Ah,43.058,55.74711,0.6879132352941176,0.8143169
02HCB68111211Y86X0009373,LFP_68Ah,LFP_68Ah,18.8014,20.881523,0.7169970588235294,0.81132746
02HCB68111211Y88E0004411,LFP_68Ah,LFP_68Ah,59.1842,65.51789,0.8248588235294118,0.8073167
02HCB68111211Y87Y0004508,LFP_68Ah,LFP_68Ah,75.0,76.44058,0.8487455882352941,0.80860573
02HCB68111211Y86M0004883,LFP_68Ah,LFP_68Ah,39.1115,54.456486,0.7269970588235294,0.8064972
02HCB68111211Y86L0005694,LFP_68Ah,LFP_68Ah,52.0063,60.040913,0.6864426470588235,0.8097577
02HCB68111211Y88E0004333,LFP_68Ah,LFP_68Ah,29.431,49.648476,0.8231911764705881,0.805386
02HCB68111211Y87Y0007299,LFP_68Ah,LFP_68Ah,38.262,54.0342,0.8386073529411765,0.7993023
PIP15829A00209415,LMO_10Ah,LMO_10Ah,38.8252,39.592686,0.67015,0.673512
PIP15D26A03261343,LMO_10Ah,LMO_10Ah,61.3405,77.608864,0.71626,0.8849448
PIP15D19A03280145,LMO_10Ah,LMO_26Ah,41.6439,40.591423,0.74285,0.9042257
PIP15D01A03241499,LMO_10Ah,LMO_26Ah,47.5273,46.38412,0.79292,0.91640747
PIP15N21A50200177,LMO_10Ah,LMO_10Ah,8.6173,4.1945753,0.87622,0.8416325
PIP15D25A03219538,LMO_10Ah,LMO_10Ah,26.4669,49.655624,0.8858900000000001,0.9198487
PIP15N26A01201901,LMO_10Ah,LMO_26Ah,30.3575,3.9180403,0.87909,0.9948125
PIP15828A00213703,LMO_10Ah,LMO_10Ah,38.6217,42.7983,0.59307,0.652681
PIP15D01A03221296,LMO_10Ah,LMO_10Ah,58.0204,57.31532,0.87905,0.9145878
PIP15N15A03208398,LMO_10Ah,LMO_10Ah,63.7579,62.46903,0.88277,0.8715809
PIP15N15A03208683,LMO_10Ah,LMO_10Ah,53.3811,54.500126,0.8700699999999999,0.89426845
PIP15D25A03243702,LMO_10Ah,LMO_10Ah,8.8585,6.964017,0.8977299999999999,0.89211357
PIP15D26A03252860,LMO_10Ah,LMO_10Ah,50.482,32.053726,0.9214399999999999,0.9487909
PIP15D23A03282874,LMO_10Ah,LMO_10Ah,68.8352,70.41124,0.89416,0.8369549
PJP17601527003A007037,NMC_15Ah,NMC_15Ah,33.5103,42.32402,0.7527466666666667,0.80686766
PJP17930O01003A017268,NMC_15Ah,NMC_15Ah,52.0063,54.395367,0.75258,0.79679483
PJP17601527001A008674,NMC_15Ah,NMC_15Ah,35.3566,37.2104,0.7564933333333334,0.8910561
PJP17601529001A010983,NMC_15Ah,NMC_15Ah,19.9515,23.160053,0.7735933333333332,0.82507336
PJP17930O01001A011629,NMC_15Ah,NMC_15Ah,39.1115,39.094147,0.75428,0.8070924
PJP17601527001A008592,NMC_15Ah,NMC_15Ah,22.5881,23.985043,0.7639066666666667,0.82831234
PJP17601527002A007215,NMC_15Ah,NMC_15Ah,41.6439,39.955395,0.7767866666666666,0.8062474
PJP17601527003A007274,NMC_15Ah,NMC_15Ah,58.6931,59.94088,0.76566,0.7928545
PJP17601529001A003327,NMC_15Ah,NMC_15Ah,41.452,41.208164,0.7542866666666667,0.8039834
PJP17601529001A001010,NMC_15Ah,NMC_15Ah,41.3203,40.293457,0.7656533333333333,0.8049748
PJP17930O01001A006207,NMC_15Ah,NMC_15Ah,37.1093,38.592712,0.7581,0.80847305
PJP17601527001A008438,NMC_15Ah,NMC_15Ah,65.0,72.66562,0.7541066666666667,0.78523606
PJP17601527003A009662,NMC_15Ah,NMC_15Ah,34.8354,39.3008,0.7714599999999999,0.8080558
PJP17930O01003A016647,NMC_15Ah,NMC_15Ah,41.6497,41.31753,0.75896,0.8016622
PJP17530529002A000337,NMC_15Ah,NMC_15Ah,57.0066,57.644783,0.7549399999999999,0.78728193
PJP17601527003A009747,NMC_15Ah,NMC_15Ah,55.9235,55.28043,0.7671666666666667,0.78974885
PJP17601527001A012082,NMC_15Ah,NMC_15Ah,26.9765,27.367964,0.7630533333333334,0.81116617
PJP17930O01003A017730,NMC_15Ah,LMO_24Ah,8.3761,4.37097,0.7969666666666666,0.8182972
PJP17930O01003A018005,NMC_15Ah,NMC_15Ah,52.0704,49.19059,0.79294,0.7940575
02LCC02100101A87Y0026421,NMC_21Ah,NMC_21Ah,26.9765,28.926924,1.000052380952381,0.99910474
02LCC02100101A87Y0010168,NMC_21Ah,NMC_21Ah,34.3612,34.70641,1.0051,0.99452925
02LCC02100101A8BC0103482,NMC_21Ah,LMO_25Ah,8.135,11.330609,0.7755,0.8357915
02LCC02100101A87Y0074479,NMC_21Ah,NMC_21Ah,43.8556,43.351048,0.9881190476190476,0.9741381
02LCC02100101A87Y0020833,NMC_21Ah,NMC_21Ah,41.3203,41.049397,0.9979714285714285,0.98882073
02LCC02100101A87Y0027455,NMC_21Ah,NMC_21Ah,70.0,64.942764,1.011161904761905,0.78108454
02LCC02100101A87Y0173907,NMC_21Ah,NMC_21Ah,55.9235,52.788555,1.006,0.7932033
02LCC02100101A87Y0177229,NMC_21Ah,NMC_21Ah,49.0491,46.272896,0.9903,0.9844689
02LCC02100101A87Y0175162,NMC_21Ah,NMC_21Ah,34.8354,35.2403,1.001404761904762,0.9565357
02LCC02100101A87Y0172641,NMC_21Ah,NMC_21Ah,21.8027,25.719147,1.004309523809524,0.94326574
A170530525010800027,LMO_24Ah,LMO_24Ah,75.0,4.3073745,0.7957208333333333,0.8205764
A170528511010800104,LMO_24Ah,NMC_21Ah,41.9541,59.161297,0.7689125,0.7807699
A170526507010800030,LMO_24Ah,NMC_15Ah,46.7917,67.59656,0.7420833333333333,0.77042294
A170622616030800696,LMO_24Ah,NMC_21Ah,9.0996,8.454466,1.095941666666667,1.0381699
A170527511010800595,LMO_24Ah,LMO_24Ah,20.5001,12.139403,0.7606625,0.9141961
A170531525010801074,LMO_24Ah,LMO_24Ah,44.7967,42.437172,0.802275,0.799279
A170529511010800411,LMO_24Ah,LMO_24Ah,7.6527,8.526812,0.6376916666666667,0.6953083
A170528511010802245,LMO_24Ah,NMC_21Ah,36.6803,52.297417,0.74125,0.9397228
A170525507010800198,LMO_24Ah,NMC_15Ah,44.4627,41.36122,0.825625,0.79735667
A170606528030800466,LMO_24Ah,LMO_24Ah,40.1289,37.745396,1.0524,1.026674
A170529511010800365,LMO_24Ah,NMC_21Ah,31.8633,35.655853,0.7595833333333334,0.9138905
515092904916,LMO_25Ah,LMO_25Ah,27.7305,29.725437,0.629024,0.65819484
515092905212,LMO_25Ah,NMC_21Ah,50.482,57.881508,0.918516,0.7900497
515093002457,LMO_25Ah,LMO_25Ah,7.8938,7.618527,0.715284,0.7601878
516020603556,LMO_25Ah,LMO_25Ah,35.3767,39.464256,0.6442319999999999,0.66339827
515092904019,LMO_25Ah,LMO_25Ah,41.6439,44.135723,0.7791079999999999,0.7564475
515093000451,LMO_25Ah,LMO_25Ah,8.8585,12.307156,0.934832,0.9729676
515092901182,LMO_25Ah,LMO_25Ah,7.1704,9.173162,0.601472,0.7576963
515092904740,LMO_25Ah,LMO_25Ah,25.6641,27.074322,0.617416,0.6534512
515100100624,LMO_25Ah,LMO_25Ah,8.3761,8.071999,0.8321599999999999,0.8158989
515093001782,LMO_25Ah,NMC_21Ah,50.1002,57.028496,0.925024,0.89283854
515093002576,LMO_25Ah,NMC_21Ah,50.1557,62.032227,0.804024,0.8360701
515093000724,LMO_25Ah,LMO_25Ah,38.8252,39.039898,0.7228279999999999,0.6989013
515093002348,LMO_25Ah,LMO_25Ah,21.1016,15.393808,0.782636,0.7183846
515092501338,LMO_25Ah,LMO_25Ah,32.339,34.0448,0.590388,0.5895586
515092901199,LMO_25Ah,LMO_25Ah,27.5501,44.294716,0.422888,0.6151199
515093000605,LMO_25Ah,LMO_24Ah,35.9961,44.18495,0.8718319999999999,0.97224617
515100102065,LMO_25Ah,LMO_25Ah,8.6173,9.145602,0.886136,0.84061986
515093002646,LMO_25Ah,NMC_21Ah,70.0083,78.54763,0.88878,0.7622936
515100101320,LMO_25Ah,LMO_25Ah,75.0,81.20754,0.795436,0.7345099
515092904410,LMO_25Ah,NMC_21Ah,44.4627,54.711815,0.84136,0.8931541
515093001367,LMO_25Ah,NMC_21Ah,44.7967,60.61525,0.7882760000000001,0.86878306
515093004000,LMO_25Ah,LMO_25Ah,41.9541,48.048435,0.746968,0.7245987
515100100526,LMO_25Ah,LMO_25Ah,22.2517,29.72404,0.872804,0.9952905
515092904584,LMO_25Ah,NMC_21Ah,50.0064,65.068825,0.7854439999999999,0.8180851
515092905201,LMO_25Ah,NMC_21Ah,53.6027,59.138817,0.944636,0.78489494
H27734091053,LMO_26Ah,LMO_25Ah,8.3761,12.483559,0.8388307692307693,0.90385586
H27735178005,LMO_26Ah,LMO_26Ah,53.3811,64.26993,0.8490000000000001,0.9346291
H27733490499,LMO_26Ah,LMO_26Ah,70.0083,76.97268,0.8877884615384615,0.8858105
H27734592855,LMO_26Ah,LMO_26Ah,22.2517,24.208874,0.8586153846153847,0.9003217
H27734492478,LMO_26Ah,LMO_24Ah,90.0,70.17204,0.9984076923076923,0.7624243
H27733590292,LMO_26Ah,LMO_26Ah,38.0625,39.327717,0.9464884615384614,0.94957554
H27734676393,LMO_26Ah,LMO_26Ah,62.6027,52.600266,0.9604461538461538,0.8013644
H27735077206,LMO_26Ah,LMO_26Ah,71.0838,72.7088,0.9195923076923077,0.92200017
H27735176665,LMO_26Ah,LMO_26Ah,53.3246,51.34097,0.998203846153846,0.957054
H27734291854,LMO_26Ah,LMO_26Ah,24.5519,25.305967,0.9923153846153846,0.9865994
H27734591085,LMO_26Ah,LMO_26Ah,42.3415,41.297157,0.9497769230769231,0.9502971
H27734491651,LMO_26Ah,LMO_26Ah,85.0,77.034065,0.9381923076923078,0.7756798
H27735076930,LMO_26Ah,LMO_26Ah,75.214,77.28164,0.9650538461538462,0.8397843
H27734691342,LMO_26Ah,LMO_26Ah,85.0,64.545074,0.9401923076923077,0.76060826
H27735177571,LMO_26Ah,LMO_26Ah,75.0,83.82273,0.8238038461538462,0.77849513
17号,LFP_35Ah,LFP_35Ah,40.8667,54.214592,0.8172685714285713,0.84805405
1号,LFP_35Ah,LFP_35Ah,41.452,53.879944,0.7431371428571428,0.84722346
34号,LFP_35Ah,LFP_35Ah,38.5265,54.313946,0.8159685714285715,0.8423432
36号,LFP_35Ah,LFP_35Ah,32.1026,52.44455,0.88972,0.84551054
37号,LFP_35Ah,LFP_35Ah,33.7731,54.065937,0.88372,0.8435892
53号,LFP_35Ah,LFP_35Ah,53.3916,56.540993,0.9176657142857142,0.84839606
8号,LFP_35Ah,LFP_35Ah,29.7969,48.11614,0.7810742857142857,0.85345936
9号,LFP_35Ah,LFP_35Ah,19.3077,16.41019,0.7772285714285714,0.8565417
02HCB68111211Y87Y0002979,LFP_68Ah,LFP_68Ah,21.1016,23.896343,0.8426367647058823,0.8035398
02HCB68111211Y88D0000337,LFP_68Ah,LFP_68Ah,44.7967,54.410866,0.8511661764705882,0.80442
02HCB68111211Y88D0003997,LFP_68Ah,LFP_68Ah,18.1154,22.77273,0.6526647058823529,0.7350929
02HCB68111211Y87Y0011345,LFP_68Ah,LMO_24Ah,5.0,4.7886505,0.8249632352941176,0.81609356
02HCB68111211Y87Y0015653,LFP_68Ah,LFP_68Ah,48.7083,55.216087,0.7779485294117647,0.81188256
02HCB68111211Y86L0000199,LFP_68Ah,LFP_68Ah,32.5404,52.76304,0.7060573529411764,0.810711
02HCB68111211Y86X0004792,LFP_68Ah,LFP_68Ah,31.8633,52.350197,0.7697308823529412,0.80985296
02HCB68111211Y87Y0015365,LFP_68Ah,LFP_68Ah,60.1373,67.29649,0.8225014705882353,0.807863
02HCB68111211Y86S0005042,LFP_68Ah,LFP_68Ah,41.9839,55.842075,0.6715102941176471,0.8139969
02HCB68111211Y88D0003294,LFP_68Ah,LFP_68Ah,46.8445,54.975346,0.8352544117647058,0.8112411
02HCB68111211Y88E0004340,LFP_68Ah,LFP_68Ah,44.1142,54.975266,0.8342852941176471,0.8085145
02HCB68111211Y87Y0013553,LFP_68Ah,LFP_68Ah,37.6917,53.88965,0.8047691176470588,0.8123998
02HCB68111211Y87Y0013903,LFP_68Ah,LFP_68Ah,39.9041,53.730988,0.8119000000000001,0.80541307
02HCB68111211Y87Y0009622,LFP_68Ah,LFP_68Ah,37.1305,53.561592,0.8424544117647059,0.80474395
02HCB68111211Y87Y0012947,LFP_68Ah,LFP_68Ah,39.5793,54.827484,0.8117617647058823,0.80952185
02HCB68111211Y87Y0003936,LFP_68Ah,LFP_68Ah,62.8233,69.831924,0.8382176470588236,0.81161135
02HCB68111211Y88D0005602,LFP_68Ah,LFP_68Ah,39.1172,53.85648,0.8460514705882353,0.8011955
02HCB68111211Y88E0004523,LFP_68Ah,LFP_68Ah,50.1764,56.543736,0.8356073529411765,0.8061073
02HCB68111211Y86V0003442,LFP_68Ah,LFP_68Ah,43.058,55.68946,0.6879132352941176,0.8147046
02HCB68111211Y86X0009373,LFP_68Ah,LFP_68Ah,18.8014,21.005886,0.7169970588235294,0.8117009
02HCB68111211Y88E0004411,LFP_68Ah,LFP_68Ah,59.1842,64.885086,0.8248588235294118,0.8077656
02HCB68111211Y87Y0004508,LFP_68Ah,LFP_68Ah,75.0,76.1719,0.8487455882352941,0.80933464
02HCB68111211Y86M0004883,LFP_68Ah,LFP_68Ah,39.1115,54.048878,0.7269970588235294,0.8068058
02HCB68111211Y86L0005694,LFP_68Ah,LFP_68Ah,52.0063,59.59131,0.6864426470588235,0.80996674
02HCB68111211Y88E0004333,LFP_68Ah,LFP_68Ah,29.431,49.00202,0.8231911764705881,0.80578756
02HCB68111211Y87Y0007299,LFP_68Ah,LFP_68Ah,38.262,53.78513,0.8386073529411765,0.7996105
PIP15829A00209415,LMO_10Ah,LMO_10Ah,38.8252,39.237267,0.67015,0.6701665
PIP15D26A03261343,LMO_10Ah,LMO_10Ah,61.3405,77.24829,0.71626,0.8839813
PIP15D19A03280145,LMO_10Ah,LMO_26Ah,41.6439,40.304287,0.74285,0.90597886
PIP15D01A03241499,LMO_10Ah,LMO_26Ah,47.5273,45.710155,0.79292,0.9204539
PIP15N21A50200177,LMO_10Ah,LMO_10Ah,8.6173,4.150116,0.87622,0.8414407
PIP15D25A03219538,LMO_10Ah,LMO_10Ah,26.4669,48.867844,0.8858900000000001,0.9209522
PIP15N26A01201901,LMO_10Ah,LMO_26Ah,30.3575,3.9002218,0.87909,1.000616
PIP15828A00213703,LMO_10Ah,LMO_10Ah,38.6217,42.48215,0.59307,0.6492226
PIP15D01A03221296,LMO_10Ah,LMO_10Ah,58.0204,57.132458,0.87905,0.9138295
PIP15N15A03208398,LMO_10Ah,LMO_10Ah,63.7579,62.398396,0.88277,0.8702829
PIP15N15A03208683,LMO_10Ah,LMO_10Ah,53.3811,54.384056,0.8700699999999999,0.89318264
PIP15D25A03243702,LMO_10Ah,LMO_10Ah,8.8585,7.3015504,0.8977299999999999,0.8918233
PIP15D26A03252860,LMO_10Ah,LMO_10Ah,50.482,31.769089,0.9214399999999999,0.9481771
PIP15D23A03282874,LMO_10Ah,LMO_10Ah,68.8352,70.477066,0.89416,0.8378405
PJP17601527003A007037,NMC_15Ah,NMC_15Ah,33.5103,43.904785,0.7527466666666667,0.8053282
PJP17930O01003A017268,NMC_15Ah,NMC_15Ah,52.0063,53.3247,0.75258,0.7951155
PJP17601527001A008674,NMC_15Ah,NMC_15Ah,35.3566,37.58354,0.7564933333333334,0.8820691
PJP17601529001A010983,NMC_15Ah,NMC_15Ah,19.9515,24.129532,0.7735933333333332,0.82103854
PJP17930O01001A011629,NMC_15Ah,NMC_15Ah,39.1115,40.065205,0.75428,0.80583835
PJP17601527001A008592,NMC_15Ah,NMC_15Ah,22.5881,23.90941,0.7639066666666667,0.82738173
PJP17601527002A007215,NMC_15Ah,NMC_15Ah,41.6439,40.174065,0.7767866666666666,0.80473197
PJP17601527003A007274,NMC_15Ah,NMC_15Ah,58.6931,58.43917,0.76566,0.79136974
PJP17601529001A003327,NMC_15Ah,NMC_15Ah,41.452,41.552425,0.7542866666666667,0.8023639
PJP17601529001A001010,NMC_15Ah,NMC_15Ah,41.3203,41.005157,0.7656533333333333,0.8035224
PJP17930O01001A006207,NMC_15Ah,NMC_15Ah,37.1093,39.613453,0.7581,0.80695695
PJP17601527001A008438,NMC_15Ah,NMC_15Ah,65.0,73.15875,0.7541066666666667,0.7847047
PJP17601527003A009662,NMC_15Ah,NMC_15Ah,34.8354,40.549202,0.7714599999999999,0.806429
PJP17930O01003A016647,NMC_15Ah,NMC_15Ah,41.6497,42.28916,0.75896,0.800455
PJP17530529002A000337,NMC_15Ah,NMC_15Ah,57.0066,57.94632,0.7549399999999999,0.7860248
PJP17601527003A009747,NMC_15Ah,NMC_15Ah,55.9235,55.74732,0.7671666666666667,0.7880211
PJP17601527001A012082,NMC_15Ah,NMC_15Ah,26.9765,27.502193,0.7630533333333334,0.8097142
PJP17930O01003A017730,NMC_15Ah,LMO_24Ah,8.3761,4.3769207,0.7969666666666666,0.8180527
PJP17930O01003A018005,NMC_15Ah,NMC_15Ah,52.0704,49.382275,0.79294,0.79267687
02LCC02100101A87Y0026421,NMC_21Ah,NMC_21Ah,26.9765,28.905441,1.000052380952381,0.99805075
02LCC02100101A87Y0010168,NMC_21Ah,NMC_21Ah,34.3612,34.520535,1.0051,0.99499935
02LCC02100101A8BC0103482,NMC_21Ah,LMO_25Ah,8.135,11.977055,0.7755,0.8389861
02LCC02100101A87Y0074479,NMC_21Ah,NMC_21Ah,43.8556,43.32747,0.9881190476190476,0.98502755
02LCC02100101A87Y0020833,NMC_21Ah,NMC_21Ah,41.3203,41.051178,0.9979714285714285,0.99096864
02LCC02100101A87Y0027455,NMC_21Ah,NMC_21Ah,70.0,65.56943,1.011161904761905,0.77873003
02LCC02100101A87Y0173907,NMC_21Ah,NMC_21Ah,55.9235,53.95444,1.006,0.7906921
02LCC02100101A87Y0177229,NMC_21Ah,NMC_21Ah,49.0491,46.137966,0.9903,0.98314965
02LCC02100101A87Y0175162,NMC_21Ah,NMC_21Ah,34.8354,35.414463,1.001404761904762,0.96494734
02LCC02100101A87Y0172641,NMC_21Ah,NMC_21Ah,21.8027,25.511007,1.004309523809524,0.9529814
A170530525010800027,LMO_24Ah,LMO_24Ah,75.0,4.3162575,0.7957208333333333,0.82070696
A170528511010800104,LMO_24Ah,NMC_21Ah,41.9541,59.56047,0.7689125,0.7787228
A170526507010800030,LMO_24Ah,NMC_15Ah,46.7917,67.787346,0.7420833333333333,0.76834995
A170622616030800696,LMO_24Ah,NMC_21Ah,9.0996,8.528681,1.095941666666667,1.0378035
A170527511010800595,LMO_24Ah,LMO_24Ah,20.5001,12.328272,0.7606625,0.9101482
A170531525010801074,LMO_24Ah,LMO_24Ah,44.7967,42.533463,0.802275,0.79710484
A170529511010800411,LMO_24Ah,LMO_24Ah,7.6527,8.577999,0.6376916666666667,0.69958216
A170528511010802245,LMO_24Ah,NMC_21Ah,36.6803,51.53472,0.74125,0.9374089
A170525507010800198,LMO_24Ah,NMC_15Ah,44.4627,41.525574,0.825625,0.7955415
A170606528030800466,LMO_24Ah,LMO_24Ah,40.1289,37.777683,1.0524,1.0258201
A170529511010800365,LMO_24Ah,NMC_21Ah,31.8633,34.80818,0.7595833333333334,0.91311777
515092904916,LMO_25Ah,LMO_25Ah,27.7305,29.348206,0.629024,0.65353346
515092905212,LMO_25Ah,NMC_21Ah,50.482,59.21265,0.918516,0.7872219
515093002457,LMO_25Ah,LMO_25Ah,7.8938,7.6193337,0.715284,0.7620868
516020603556,LMO_25Ah,LMO_25Ah,35.3767,39.079548,0.6442319999999999,0.665954
515092904019,LMO_25Ah,LMO_25Ah,41.6439,43.115295,0.7791079999999999,0.75297356
515093000451,LMO_25Ah,LMO_25Ah,8.8585,12.349245,0.934832,0.97734606
515092901182,LMO_25Ah,LMO_25Ah,7.1704,9.111903,0.601472,0.7600068
515092904740,LMO_25Ah,LMO_25Ah,25.6641,26.855267,0.617416,0.6492093
515100100624,LMO_25Ah,LMO_25Ah,8.3761,8.010657,0.8321599999999999,0.81472373
515093001782,LMO_25Ah,NMC_21Ah,50.1002,56.82618,0.925024,0.9281364
515093002576,LMO_25Ah,NMC_21Ah,50.1557,61.5085,0.804024,0.8378238
515093000724,LMO_25Ah,LMO_25Ah,38.8252,38.016655,0.7228279999999999,0.6980166
515093002348,LMO_25Ah,LMO_25Ah,21.1016,15.233122,0.782636,0.7195884
515092501338,LMO_25Ah,LMO_25Ah,32.339,33.487625,0.590388,0.5830257
515092901199,LMO_25Ah,LMO_25Ah,27.5501,43.779755,0.422888,0.6085282
515093000605,LMO_25Ah,LMO_25Ah,35.9961,44.041584,0.8718319999999999,0.9642695
515100102065,LMO_25Ah,LMO_25Ah,8.6173,9.007784,0.886136,0.8440646
515093002646,LMO_25Ah,LMO_24Ah,70.0083,78.276665,0.88878,0.7582905
515100101320,LMO_25Ah,LMO_25Ah,75.0,80.110565,0.795436,0.72919667
515092904410,LMO_25Ah,NMC_21Ah,44.4627,54.029556,0.84136,0.8904495
515093001367,LMO_25Ah,NMC_21Ah,44.7967,60.06338,0.7882760000000001,0.87035966
515093004000,LMO_25Ah,LMO_25Ah,41.9541,47.11326,0.746968,0.7268825
515100100526,LMO_25Ah,LMO_25Ah,22.2517,29.44067,0.872804,0.9936407
515092904584,LMO_25Ah,NMC_21Ah,50.0064,64.186,0.7854439999999999,0.8204365
515092905201,LMO_25Ah,NMC_21Ah,53.6027,59.444202,0.944636,0.7815336
H27734091053,LMO_26Ah,LMO_26Ah,8.3761,12.376495,0.8388307692307693,0.9069186
H27735178005,LMO_26Ah,LMO_26Ah,53.3811,63.80355,0.8490000000000001,0.93198687
H27733490499,LMO_26Ah,LMO_26Ah,70.0083,75.99246,0.8877884615384615,0.90542984
H27734592855,LMO_26Ah,LMO_26Ah,22.2517,23.683146,0.8586153846153847,0.90207237
H27734492478,LMO_26Ah,LMO_24Ah,90.0,70.225464,0.9984076923076923,0.7600987
H27733590292,LMO_26Ah,LMO_26Ah,38.0625,39.654884,0.9464884615384614,0.9479398
H27734676393,LMO_26Ah,LMO_26Ah,62.6027,54.31698,0.9604461538461538,0.82870185
H27735077206,LMO_26Ah,LMO_26Ah,71.0838,72.49705,0.9195923076923077,0.9180976
H27735176665,LMO_26Ah,LMO_26Ah,53.3246,51.1191,0.998203846153846,0.95504826
H27734291854,LMO_26Ah,LMO_26Ah,24.5519,24.795378,0.9923153846153846,0.9848505
H27734591085,LMO_26Ah,LMO_26Ah,42.3415,40.543903,0.9497769230769231,0.94825363
H27734491651,LMO_26Ah,LMO_26Ah,85.0,81.70774,0.9381923076923078,0.79699516
H27735076930,LMO_26Ah,LMO_26Ah,75.214,76.554214,0.9650538461538462,0.8951326
H27734691342,LMO_26Ah,LMO_26Ah,85.0,75.55141,0.9401923076923077,0.7672812
H27735177571,LMO_26Ah,LMO_26Ah,75.0,84.09226,0.8238038461538462,0.8222377
17号,LFP_35Ah,LFP_35Ah,40.8667,54.042923,0.8172685714285713,0.84845173
1号,LFP_35Ah,LFP_35Ah,41.452,53.605404,0.7431371428571428,0.84760463
34号,LFP_35Ah,LFP_35Ah,38.5265,53.952076,0.8159685714285715,0.8426791
36号,LFP_35Ah,LFP_35Ah,32.1026,51.83787,0.88972,0.8455996
37号,LFP_35Ah,LFP_35Ah,33.7731,54.35144,0.88372,0.8438452
53号,LFP_35Ah,LFP_35Ah,53.3916,56.329872,0.9176657142857142,0.84087056
8号,LFP_35Ah,LFP_35Ah,29.7969,48.077312,0.7810742857142857,0.8514561
9号,LFP_35Ah,LFP_35Ah,19.3077,16.689709,0.7772285714285714,0.8503003
02HCB68111211Y87Y0002979,LFP_68Ah,LFP_68Ah,21.1016,23.975733,0.8426367647058823,0.80399024
02HCB68111211Y88D0000337,LFP_68Ah,LFP_68Ah,44.7967,52.97092,0.8511661764705882,0.8049656
02HCB68111211Y88D0003997,LFP_68Ah,LFP_68Ah,18.1154,22.257982,0.6526647058823529,0.7255416
02HCB68111211Y87Y0011345,LFP_68Ah,LMO_24Ah,5.0,4.813765,0.8249632352941176,0.8162319
02HCB68111211Y87Y0015653,LFP_68Ah,LFP_68Ah,48.7083,54.636566,0.7779485294117647,0.812426
02HCB68111211Y86L0000199,LFP_68Ah,LFP_68Ah,32.5404,52.30314,0.7060573529411764,0.8109603
02HCB68111211Y86X0004792,LFP_68Ah,LFP_68Ah,31.8633,52.22814,0.7697308823529412,0.81009555
02HCB68111211Y87Y0015365,LFP_68Ah,LFP_68Ah,60.1373,65.77188,0.8225014705882353,0.80821747
02HCB68111211Y86S0005042,LFP_68Ah,LFP_68Ah,41.9839,55.770763,0.6715102941176471,0.8145776
02HCB68111211Y88D0003294,LFP_68Ah,LFP_68Ah,46.8445,54.55234,0.8352544117647058,0.8122705
02HCB68111211Y88E0004340,LFP_68Ah,LFP_68Ah,44.1142,54.144783,0.8342852941176471,0.8092979
02HCB68111211Y87Y0013553,LFP_68Ah,LFP_68Ah,37.6917,53.477158,0.8047691176470588,0.8129573
02HCB68111211Y87Y0013903,LFP_68Ah,LFP_68Ah,39.9041,52.98033,0.8119000000000001,0.805876
02HCB68111211Y87Y0009622,LFP_68Ah,LFP_68Ah,37.1305,53.231888,0.8424544117647059,0.8053282
02HCB68111211Y87Y0012947,LFP_68Ah,LFP_68Ah,39.5793,53.88909,0.8117617647058823,0.8099509
02HCB68111211Y87Y0003936,LFP_68Ah,LFP_68Ah,62.8233,69.51989,0.8382176470588236,0.8121699
02HCB68111211Y88D0005602,LFP_68Ah,LFP_68Ah,39.1172,53.1368,0.8460514705882353,0.8018229
02HCB68111211Y88E0004523,LFP_68Ah,LFP_68Ah,50.1764,55.562973,0.8356073529411765,0.8066725
02HCB68111211Y86V0003442,LFP_68Ah,LFP_68Ah,43.058,55.553825,0.6879132352941176,0.8152038
02HCB68111211Y86X0009373,LFP_68Ah,LFP_68Ah,18.8014,21.25853,0.7169970588235294,0.81219137
02HCB68111211Y88E0004411,LFP_68Ah,LFP_68Ah,59.1842,64.08896,0.8248588235294118,0.8079918
02HCB68111211Y87Y0004508,LFP_68Ah,LFP_68Ah,75.0,77.19229,0.8487455882352941,0.80987906
02HCB68111211Y86M0004883,LFP_68Ah,LFP_68Ah,39.1115,53.365585,0.7269970588235294,0.80705327
02HCB68111211Y86L0005694,LFP_68Ah,LFP_68Ah,52.0063,59.785583,0.6864426470588235,0.8103702
02HCB68111211Y88E0004333,LFP_68Ah,LFP_68Ah,29.431,47.559708,0.8231911764705881,0.80614096
02HCB68111211Y87Y0007299,LFP_68Ah,LFP_68Ah,38.262,53.165497,0.8386073529411765,0.79975325
PIP15829A00209415,LMO_10Ah,LMO_10Ah,38.8252,38.827595,0.67015,0.6551445
PIP15D26A03261343,LMO_10Ah,LMO_10Ah,61.3405,76.97822,0.71626,0.880379
PIP15D19A03280145,LMO_10Ah,LMO_26Ah,41.6439,39.85436,0.74285,0.9235329
PIP15D01A03241499,LMO_10Ah,LMO_26Ah,47.5273,44.79883,0.79292,0.92122185
PIP15N21A50200177,LMO_10Ah,LMO_10Ah,8.6173,4.01942,0.87622,0.84233665
PIP15D25A03219538,LMO_10Ah,LMO_10Ah,26.4669,28.299828,0.8858900000000001,0.92251426
PIP15N26A01201901,LMO_10Ah,LMO_26Ah,30.3575,4.167499,0.87909,1.0103153
PIP15828A00213703,LMO_10Ah,LMO_10Ah,38.6217,42.105724,0.59307,0.6371095
PIP15D01A03221296,LMO_10Ah,LMO_10Ah,58.0204,56.781986,0.87905,0.9112785
PIP15N15A03208398,LMO_10Ah,LMO_10Ah,63.7579,62.415077,0.88277,0.8668415
PIP15N15A03208683,LMO_10Ah,LMO_10Ah,53.3811,54.142326,0.8700699999999999,0.89008915
PIP15D25A03243702,LMO_10Ah,LMO_10Ah,8.8585,8.530422,0.8977299999999999,0.89129055
PIP15D26A03252860,LMO_10Ah,LMO_10Ah,50.482,32.189754,0.9214399999999999,0.944143
PIP15D23A03282874,LMO_10Ah,LMO_10Ah,68.8352,70.53929,0.89416,0.8192227
PJP17601527003A007037,NMC_15Ah,NMC_15Ah,33.5103,38.665154,0.7527466666666667,0.7988692
PJP17930O01003A017268,NMC_15Ah,NMC_15Ah,52.0063,53.41138,0.75258,0.7885608
PJP17601527001A008674,NMC_15Ah,NMC_15Ah,35.3566,37.945488,0.7564933333333334,0.8558856
PJP17601529001A010983,NMC_15Ah,NMC_15Ah,19.9515,17.002886,0.7735933333333332,0.81773615
PJP17930O01001A011629,NMC_15Ah,NMC_15Ah,39.1115,42.066475,0.75428,0.80024123
PJP17601527001A008592,NMC_15Ah,NMC_15Ah,22.5881,21.788431,0.7639066666666667,0.8232936
PJP17601527002A007215,NMC_15Ah,NMC_15Ah,41.6439,42.7071,0.7767866666666666,0.79832935
PJP17601527003A007274,NMC_15Ah,NMC_15Ah,58.6931,59.36917,0.76566,0.7854738
PJP17601529001A003327,NMC_15Ah,NMC_15Ah,41.452,44.322052,0.7542866666666667,0.7967457
PJP17601529001A001010,NMC_15Ah,NMC_15Ah,41.3203,43.33458,0.7656533333333333,0.7976879
PJP17930O01001A006207,NMC_15Ah,NMC_15Ah,37.1093,40.708393,0.7581,0.8011857
PJP17601527001A008438,NMC_15Ah,NMC_15Ah,65.0,71.03952,0.7541066666666667,0.78189874
PJP17601527003A009662,NMC_15Ah,NMC_15Ah,34.8354,38.385582,0.7714599999999999,0.801109
PJP17930O01003A016647,NMC_15Ah,NMC_15Ah,41.6497,44.398167,0.75896,0.7952446
PJP17530529002A000337,NMC_15Ah,NMC_15Ah,57.0066,57.58031,0.7549399999999999,0.7803627
PJP17601527003A009747,NMC_15Ah,NMC_15Ah,55.9235,55.128258,0.7671666666666667,0.78259325
PJP17601527001A012082,NMC_15Ah,NMC_15Ah,26.9765,27.159792,0.7630533333333334,0.8035935
PJP17930O01003A017730,NMC_15Ah,NMC_15Ah,8.3761,4.402812,0.7969666666666666,0.81879777
PJP17930O01003A018005,NMC_15Ah,NMC_15Ah,52.0704,49.88003,0.79294,0.7868982
02LCC02100101A87Y0026421,NMC_21Ah,NMC_21Ah,26.9765,29.216707,1.000052380952381,0.992717
02LCC02100101A87Y0010168,NMC_21Ah,NMC_21Ah,34.3612,34.41599,1.0051,0.98972344
02LCC02100101A8BC0103482,NMC_21Ah,LMO_25Ah,8.135,12.917058,0.7755,0.84230787
02LCC02100101A87Y0074479,NMC_21Ah,NMC_21Ah,43.8556,44.505596,0.9881190476190476,0.98524034
02LCC02100101A87Y0020833,NMC_21Ah,NMC_21Ah,41.3203,41.34506,0.9979714285714285,0.98570734
02LCC02100101A87Y0027455,NMC_21Ah,NMC_21Ah,70.0,67.44776,1.011161904761905,0.7689945
02LCC02100101A87Y0173907,NMC_21Ah,NMC_21Ah,55.9235,56.90518,1.006,0.82377607
02LCC02100101A87Y0177229,NMC_21Ah,NMC_21Ah,49.0491,47.73787,0.9903,0.9781582
02LCC02100101A87Y0175162,NMC_21Ah,NMC_21Ah,34.8354,35.537056,1.001404761904762,0.9751099
02LCC02100101A87Y0172641,NMC_21Ah,NMC_21Ah,21.8027,27.15829,1.004309523809524,0.94761187
A170530525010800027,LMO_24Ah,LMO_24Ah,75.0,4.3535814,0.7957208333333333,0.8207429
A170528511010800104,LMO_24Ah,NMC_21Ah,41.9541,62.335262,0.7689125,0.77038765
A170526507010800030,LMO_24Ah,NMC_15Ah,46.7917,68.938156,0.7420833333333333,0.7594875
A170622616030800696,LMO_24Ah,NMC_21Ah,9.0996,9.715838,1.095941666666667,1.0347366
A170527511010800595,LMO_24Ah,NMC_21Ah,20.5001,12.988291,0.7606625,0.90531063
A170531525010801074,LMO_24Ah,LMO_24Ah,44.7967,45.66457,0.802275,0.7887931
A170529511010800411,LMO_24Ah,LMO_24Ah,7.6527,8.769508,0.6376916666666667,0.72605634
A170528511010802245,LMO_24Ah,NMC_21Ah,36.6803,50.043617,0.74125,0.9257166
A170525507010800198,LMO_24Ah,LMO_24Ah,44.4627,43.61683,0.825625,0.7883666
A170606528030800466,LMO_24Ah,LMO_24Ah,40.1289,38.13685,1.0524,1.0220418
A170529511010800365,LMO_24Ah,NMC_21Ah,31.8633,33.691,0.7595833333333334,0.8978825
515092904916,LMO_25Ah,LMO_25Ah,27.7305,28.661486,0.629024,0.63738686
515092905212,LMO_25Ah,NMC_21Ah,50.482,59.787384,0.918516,0.7775119
515093002457,LMO_25Ah,LMO_25Ah,7.8938,7.410291,0.715284,0.75381655
516020603556,LMO_25Ah,LMO_25Ah,35.3767,40.758972,0.6442319999999999,0.6871495
515092904019,LMO_25Ah,LMO_25Ah,41.6439,41.45548,0.7791079999999999,0.741807
515093000451,LMO_25Ah,LMO_25Ah,8.8585,13.123498,0.934832,0.9989613
515092901182,LMO_25Ah,LMO_25Ah,7.1704,8.803007,0.601472,0.75197554
515092904740,LMO_25Ah,LMO_25Ah,25.6641,26.468914,0.617416,0.63447577
515100100624,LMO_25Ah,LMO_25Ah,8.3761,7.3860383,0.8321599999999999,0.80529875
515093001782,LMO_25Ah,LMO_25Ah,50.1002,57.87076,0.925024,0.95635235
515093002576,LMO_25Ah,NMC_21Ah,50.1557,60.91189,0.804024,0.83185685
515093000724,LMO_25Ah,LMO_25Ah,38.8252,35.483185,0.7228279999999999,0.68385834
515093002348,LMO_25Ah,LMO_25Ah,21.1016,14.963081,0.782636,0.7068509
515092501338,LMO_25Ah,LMO_25Ah,32.339,32.6916,0.590388,0.5615466
515092901199,LMO_25Ah,LMO_25Ah,27.5501,44.820896,0.422888,0.58462995
515093000605,LMO_25Ah,LMO_25Ah,35.9961,43.722984,0.8718319999999999,0.92622703
515100102065,LMO_25Ah,LMO_25Ah,8.6173,7.987813,0.886136,0.8322506
515093002646,LMO_25Ah,LMO_24Ah,70.0083,77.523186,0.88878,0.8152267
515100101320,LMO_25Ah,LMO_25Ah,75.0,77.33338,0.795436,0.7168217
515092904410,LMO_25Ah,NMC_21Ah,44.4627,53.547684,0.84136,0.8662138
515093001367,LMO_25Ah,NMC_21Ah,44.7967,59.05318,0.7882760000000001,0.85646796
515093004000,LMO_25Ah,LMO_25Ah,41.9541,44.548965,0.746968,0.72267115
515100100526,LMO_25Ah,LMO_25Ah,22.2517,29.546488,0.872804,0.98812085
515092904584,LMO_25Ah,NMC_21Ah,50.0064,62.645065,0.7854439999999999,0.8100686
515092905201,LMO_25Ah,NMC_21Ah,53.6027,60.351486,0.944636,0.8302154
H27734091053,LMO_26Ah,LMO_26Ah,8.3761,12.5722475,0.8388307692307693,0.9208059
H27735178005,LMO_26Ah,LMO_26Ah,53.3811,63.135124,0.8490000000000001,0.9237448
H27733490499,LMO_26Ah,LMO_26Ah,70.0083,74.83085,0.8877884615384615,0.90444267
H27734592855,LMO_26Ah,LMO_26Ah,22.2517,22.518702,0.8586153846153847,0.90061593
H27734492478,LMO_26Ah,LMO_26Ah,90.0,81.9457,0.9984076923076923,0.7510087
H27733590292,LMO_26Ah,LMO_26Ah,38.0625,38.590977,0.9464884615384614,0.9344438
H27734676393,LMO_26Ah,LMO_26Ah,62.6027,63.67935,0.9604461538461538,0.93709606
H27735077206,LMO_26Ah,LMO_26Ah,71.0838,71.24245,0.9195923076923077,0.90751576
H27735176665,LMO_26Ah,LMO_26Ah,53.3246,51.730854,0.998203846153846,0.94864804
H27734291854,LMO_26Ah,LMO_26Ah,24.5519,25.370594,0.9923153846153846,0.9786265
H27734591085,LMO_26Ah,LMO_26Ah,42.3415,40.11075,0.9497769230769231,0.94235253
H27734491651,LMO_26Ah,LMO_26Ah,85.0,78.98919,0.9381923076923078,0.84040207
H27735076930,LMO_26Ah,LMO_26Ah,75.214,74.786194,0.9650538461538462,0.91416407
H27734691342,LMO_26Ah,LMO_26Ah,85.0,79.88709,0.9401923076923077,0.8118701
H27735177571,LMO_26Ah,LMO_26Ah,75.0,80.46968,0.8238038461538462,0.8399642
17号,LFP_35Ah,LFP_35Ah,40.8667,54.916687,0.8172685714285713,0.84740555
1号,LFP_35Ah,LFP_35Ah,41.452,54.479908,0.7431371428571428,0.8341245
34号,LFP_35Ah,LFP_35Ah,38.5265,54.582794,0.8159685714285715,0.8428224
36号,LFP_35Ah,LFP_35Ah,32.1026,53.00311,0.88972,0.8462485
37号,LFP_35Ah,LFP_35Ah,33.7731,54.517643,0.88372,0.8442595
53号,LFP_35Ah,LFP_35Ah,53.3916,57.61023,0.9176657142857142,0.81358063
8号,LFP_35Ah,LFP_35Ah,29.7969,50.17475,0.7810742857142857,0.8480205
9号,LFP_35Ah,LFP_35Ah,19.3077,20.27301,0.7772285714285714,0.85434616
02HCB68111211Y87Y0002979,LFP_68Ah,LFP_68Ah,21.1016,24.506577,0.8426367647058823,0.8041146
02HCB68111211Y88D0000337,LFP_68Ah,LFP_68Ah,44.7967,52.23783,0.8511661764705882,0.80581564
02HCB68111211Y88D0003997,LFP_68Ah,LFP_68Ah,18.1154,23.366234,0.6526647058823529,0.7278721
02HCB68111211Y87Y0011345,LFP_68Ah,LFP_68Ah,5.0,4.985795,0.8249632352941176,0.8156414
02HCB68111211Y87Y0015653,LFP_68Ah,LFP_68Ah,48.7083,55.77883,0.7779485294117647,0.70616335
02HCB68111211Y86L0000199,LFP_68Ah,LFP_68Ah,32.5404,52.872032,0.7060573529411764,0.8110111
02HCB68111211Y86X0004792,LFP_68Ah,LFP_68Ah,31.8633,53.95279,0.7697308823529412,0.8103892
02HCB68111211Y87Y0015365,LFP_68Ah,LFP_68Ah,60.1373,65.19855,0.8225014705882353,0.80097395
02HCB68111211Y86S0005042,LFP_68Ah,LFP_68Ah,41.9839,55.87481,0.6715102941176471,0.79023594
02HCB68111211Y88D0003294,LFP_68Ah,LFP_68Ah,46.8445,53.8758,0.8352544117647058,0.7012246
02HCB68111211Y88E0004340,LFP_68Ah,LFP_68Ah,44.1142,54.25818,0.8342852941176471,0.7029962
02HCB68111211Y87Y0013553,LFP_68Ah,LFP_68Ah,37.6917,52.849728,0.8047691176470588,0.8137568
02HCB68111211Y87Y0013903,LFP_68Ah,LFP_68Ah,39.9041,52.607437,0.8119000000000001,0.80666727
02HCB68111211Y87Y0009622,LFP_68Ah,LFP_68Ah,37.1305,53.879562,0.8424544117647059,0.8059809
02HCB68111211Y87Y0012947,LFP_68Ah,LFP_68Ah,39.5793,53.517464,0.8117617647058823,0.810755
02HCB68111211Y87Y0003936,LFP_68Ah,LFP_68Ah,62.8233,69.13481,0.8382176470588236,0.71151924
02HCB68111211Y88D0005602,LFP_68Ah,LFP_68Ah,39.1172,52.136864,0.8460514705882353,0.80311245
02HCB68111211Y88E0004523,LFP_68Ah,LFP_68Ah,50.1764,55.890377,0.8356073529411765,0.7647591
02HCB68111211Y86V0003442,LFP_68Ah,LFP_68Ah,43.058,55.70412,0.6879132352941176,0.75523496
02HCB68111211Y86X0009373,LFP_68Ah,LFP_68Ah,18.8014,22.658125,0.7169970588235294,0.81207615
02HCB68111211Y88E0004411,LFP_68Ah,LFP_68Ah,59.1842,63.26785,0.8248588235294118,0.7037959
02HCB68111211Y87Y0004508,LFP_68Ah,LFP_68Ah,75.0,80.65621,0.8487455882352941,0.79848534
02HCB68111211Y86M0004883,LFP_68Ah,LFP_68Ah,39.1115,54.204258,0.7269970588235294,0.807277
02HCB68111211Y86L0005694,LFP_68Ah,LFP_68Ah,52.0063,60.637165,0.6864426470588235,0.6975224
02HCB68111211Y88E0004333,LFP_68Ah,LFP_68Ah,29.431,44.697872,0.8231911764705881,0.80657464
02HCB68111211Y87Y0007299,LFP_68Ah,LFP_68Ah,38.262,53.796932,0.8386073529411765,0.80027014
PIP15829A00209415,LMO_10Ah,LMO_10Ah,38.8252,38.10655,0.67015,0.6426004
PIP15D26A03261343,LMO_10Ah,LMO_26Ah,61.3405,76.3543,0.71626,0.877865
PIP15D19A03280145,LMO_10Ah,LMO_26Ah,41.6439,38.80971,0.74285,0.92009366
PIP15D01A03241499,LMO_10Ah,LMO_26Ah,47.5273,42.79525,0.79292,0.9145659
PIP15N21A50200177,LMO_10Ah,LMO_10Ah,8.6173,4.186729,0.87622,0.8427686
PIP15D25A03219538,LMO_10Ah,LMO_10Ah,26.4669,26.077208,0.8858900000000001,0.914408
PIP15N26A01201901,LMO_10Ah,LMO_26Ah,30.3575,6.4426427,0.87909,1.0021831
PIP15828A00213703,LMO_10Ah,LMO_10Ah,38.6217,41.340042,0.59307,0.6282351
PIP15D01A03221296,LMO_10Ah,LMO_10Ah,58.0204,56.77087,0.87905,0.91014403
PIP15N15A03208398,LMO_10Ah,LMO_10Ah,63.7579,62.633682,0.88277,0.8653486
PIP15N15A03208683,LMO_10Ah,LMO_10Ah,53.3811,54.37445,0.8700699999999999,0.8893124
PIP15D25A03243702,LMO_10Ah,LMO_10Ah,8.8585,8.768932,0.8977299999999999,0.8924915
PIP15D26A03252860,LMO_10Ah,LMO_10Ah,50.482,32.27352,0.9214399999999999,0.93655497
PIP15D23A03282874,LMO_10Ah,LMO_10Ah,68.8352,70.53259,0.89416,0.79754454
PJP17601527003A007037,NMC_15Ah,NMC_15Ah,33.5103,37.21785,0.7527466666666667,0.7926645
PJP17930O01003A017268,NMC_15Ah,NMC_15Ah,52.0063,53.483395,0.75258,0.7826682
PJP17601527001A008674,NMC_15Ah,NMC_15Ah,35.3566,37.331535,0.7564933333333334,0.80389047
PJP17601529001A010983,NMC_15Ah,NMC_15Ah,19.9515,19.541159,0.7735933333333332,0.8155308
PJP17930O01001A011629,NMC_15Ah,NMC_15Ah,39.1115,41.15846,0.75428,0.7952561
PJP17601527001A008592,NMC_15Ah,NMC_15Ah,22.5881,20.946972,0.7639066666666667,0.81958205
PJP17601527002A007215,NMC_15Ah,NMC_15Ah,41.6439,42.244816,0.7767866666666666,0.7926822
PJP17601527003A007274,NMC_15Ah,NMC_15Ah,58.6931,59.864037,0.76566,0.77981454
PJP17601529001A003327,NMC_15Ah,NMC_15Ah,41.452,43.93298,0.7542866666666667,0.7909196
PJP17601529001A001010,NMC_15Ah,NMC_15Ah,41.3203,42.933414,0.7656533333333333,0.79221946
PJP17930O01001A006207,NMC_15Ah,NMC_15Ah,37.1093,39.550434,0.7581,0.7958994
PJP17601527001A008438,NMC_15Ah,NMC_15Ah,65.0,72.78247,0.7541066666666667,0.7789571
PJP17601527003A009662,NMC_15Ah,NMC_15Ah,34.8354,37.128044,0.7714599999999999,0.7969931
PJP17930O01003A016647,NMC_15Ah,NMC_15Ah,41.6497,43.581398,0.75896,0.79196125
PJP17530529002A000337,NMC_15Ah,NMC_15Ah,57.0066,57.851944,0.7549399999999999,0.7756305
PJP17601527003A009747,NMC_15Ah,NMC_15Ah,55.9235,55.61303,0.7671666666666667,0.7779054
PJP17601527001A012082,NMC_15Ah,NMC_15Ah,26.9765,25.970892,0.7630533333333334,0.79764086
PJP17930O01003A017730,NMC_15Ah,LFP_35Ah,8.3761,4.4332333,0.7969666666666666,0.8197619
PJP17930O01003A018005,NMC_15Ah,NMC_15Ah,52.0704,49.91047,0.79294,0.7813333
02LCC02100101A87Y0026421,NMC_21Ah,NMC_21Ah,26.9765,28.580875,1.000052380952381,0.98990315
02LCC02100101A87Y0010168,NMC_21Ah,NMC_21Ah,34.3612,33.10112,1.0051,0.9863073
02LCC02100101A8BC0103482,NMC_21Ah,LMO_25Ah,8.135,12.464978,0.7755,0.8536967
02LCC02100101A87Y0074479,NMC_21Ah,NMC_21Ah,43.8556,42.822872,0.9881190476190476,0.9822432
02LCC02100101A87Y0020833,NMC_21Ah,NMC_21Ah,41.3203,38.794075,0.9979714285714285,0.982904
02LCC02100101A87Y0027455,NMC_21Ah,NMC_21Ah,70.0,68.76765,1.011161904761905,0.7901804
02LCC02100101A87Y0173907,NMC_21Ah,NMC_21Ah,55.9235,58.2987,1.006,0.8834292
02LCC02100101A87Y0177229,NMC_21Ah,LMO_25Ah,49.0491,47.36338,0.9903,0.97520894
02LCC02100101A87Y0175162,NMC_21Ah,NMC_21Ah,34.8354,34.02545,1.001404761904762,0.9792521
02LCC02100101A87Y0172641,NMC_21Ah,NMC_21Ah,21.8027,27.719826,1.004309523809524,0.9482193
A170530525010800027,LMO_24Ah,LMO_24Ah,75.0,4.379868,0.7957208333333333,0.8217178
A170528511010800104,LMO_24Ah,NMC_21Ah,41.9541,63.485954,0.7689125,0.7640477
A170526507010800030,LMO_24Ah,NMC_21Ah,46.7917,70.20901,0.7420833333333333,0.75301784
A170622616030800696,LMO_24Ah,NMC_21Ah,9.0996,9.984627,1.095941666666667,1.0330884
A170527511010800595,LMO_24Ah,NMC_21Ah,20.5001,12.682231,0.7606625,0.8953401
A170531525010801074,LMO_24Ah,LMO_24Ah,44.7967,53.339355,0.802275,0.7827076
A170529511010800411,LMO_24Ah,LMO_24Ah,7.6527,8.774963,0.6376916666666667,0.74420184
A170528511010802245,LMO_24Ah,NMC_21Ah,36.6803,50.722763,0.74125,0.9142538
A170525507010800198,LMO_24Ah,LMO_24Ah,44.4627,46.377888,0.825625,0.7832577
A170606528030800466,LMO_24Ah,LMO_24Ah,40.1289,37.613617,1.0524,1.0195014
A170529511010800365,LMO_24Ah,NMC_21Ah,31.8633,33.396866,0.7595833333333334,0.898197
515092904916,LMO_25Ah,LMO_25Ah,27.7305,28.8956,0.629024,0.6326061
515092905212,LMO_25Ah,NMC_21Ah,50.482,58.60557,0.918516,0.78755814
515093002457,LMO_25Ah,LMO_25Ah,7.8938,7.1440706,0.715284,0.7373988
516020603556,LMO_25Ah,LMO_25Ah,35.3767,40.587692,0.6442319999999999,0.68018657
515092904019,LMO_25Ah,LMO_25Ah,41.6439,38.349365,0.7791079999999999,0.71946347
515093000451,LMO_25Ah,LMO_25Ah,8.8585,15.299967,0.934832,0.999452
515092901182,LMO_25Ah,LMO_25Ah,7.1704,8.630715,0.601472,0.73971546
515092904740,LMO_25Ah,LMO_25Ah,25.6641,25.973564,0.617416,0.62182415
515100100624,LMO_25Ah,LMO_25Ah,8.3761,7.059063,0.8321599999999999,0.79801494
515093001782,LMO_25Ah,LMO_25Ah,50.1002,58.183975,0.925024,0.949124
515093002576,LMO_25Ah,LMO_25Ah,50.1557,60.2595,0.804024,0.80934834
515093000724,LMO_25Ah,LMO_25Ah,38.8252,33.321335,0.7228279999999999,0.6667046
515093002348,LMO_25Ah,LMO_25Ah,21.1016,13.609993,0.782636,0.684366
515092501338,LMO_25Ah,LMO_25Ah,32.339,31.562054,0.590388,0.542784
515092901199,LMO_25Ah,LMO_25Ah,27.5501,42.046432,0.422888,0.5621669
515093000605,LMO_25Ah,LMO_25Ah,35.9961,40.757027,0.8718319999999999,0.9035178
515100102065,LMO_25Ah,LMO_25Ah,8.6173,7.492459,0.886136,0.821692
515093002646,LMO_25Ah,LMO_25Ah,70.0083,76.46495,0.88878,0.8476178
515100101320,LMO_25Ah,LMO_25Ah,75.0,71.88571,0.795436,0.71520054
515092904410,LMO_25Ah,NMC_21Ah,44.4627,51.59169,0.84136,0.84083515
515093001367,LMO_25Ah,LMO_25Ah,44.7967,57.822826,0.7882760000000001,0.8351162
515093004000,LMO_25Ah,LMO_25Ah,41.9541,42.529785,0.746968,0.7120273
515100100526,LMO_25Ah,LMO_25Ah,22.2517,28.189835,0.872804,0.9845223
515092904584,LMO_25Ah,LMO_25Ah,50.0064,60.835526,0.7854439999999999,0.78001344
515092905201,LMO_25Ah,LMO_24Ah,53.6027,60.458702,0.944636,0.90942407
H27734091053,LMO_26Ah,LMO_26Ah,8.3761,12.38961,0.8388307692307693,0.9328224
H27735178005,LMO_26Ah,LMO_26Ah,53.3811,62.069046,0.8490000000000001,0.9175392
H27733490499,LMO_26Ah,LMO_26Ah,70.0083,74.07704,0.8877884615384615,0.8986022
H27734592855,LMO_26Ah,LMO_26Ah,22.2517,21.585573,0.8586153846153847,0.8956052
H27734492478,LMO_26Ah,LMO_26Ah,90.0,84.673515,0.9984076923076923,0.7383655
H27733590292,LMO_26Ah,LMO_26Ah,38.0625,39.33041,0.9464884615384614,0.9275061
H27734676393,LMO_26Ah,LMO_26Ah,62.6027,65.1596,0.9604461538461538,0.9315835
H27735077206,LMO_26Ah,LMO_26Ah,71.0838,70.17124,0.9195923076923077,0.9002498
H27735176665,LMO_26Ah,LMO_26Ah,53.3246,52.33526,0.998203846153846,0.944063
H27734291854,LMO_26Ah,LMO_26Ah,24.5519,25.211761,0.9923153846153846,0.9750503
H27734591085,LMO_26Ah,LMO_26Ah,42.3415,40.724815,0.9497769230769231,0.9367482
H27734491651,LMO_26Ah,LMO_26Ah,85.0,77.39467,0.9381923076923078,0.88744164
H27735076930,LMO_26Ah,LMO_26Ah,75.214,74.08106,0.9650538461538462,0.9083182
H27734691342,LMO_26Ah,LMO_26Ah,85.0,78.27493,0.9401923076923077,0.8379597
H27735177571,LMO_26Ah,LMO_26Ah,75.0,77.05419,0.8238038461538462,0.87288314
17号,LFP_35Ah,LFP_35Ah,40.8667,56.169647,0.8172685714285713,0.8503488
1号,LFP_35Ah,LFP_35Ah,41.452,55.496334,0.7431371428571428,0.8491922
34号,LFP_35Ah,LFP_35Ah,38.5265,55.72115,0.8159685714285715,0.84379286
36号,LFP_35Ah,LFP_35Ah,32.1026,54.536285,0.88972,0.84766316
37号,LFP_35Ah,LFP_35Ah,33.7731,53.63217,0.88372,0.8450374
53号,LFP_35Ah,LFP_35Ah,53.3916,58.711514,0.9176657142857142,0.8463603
8号,LFP_35Ah,LFP_35Ah,29.7969,51.990948,0.7810742857142857,0.8570922
9号,LFP_35Ah,LFP_35Ah,19.3077,21.32263,0.7772285714285714,0.8591469
02HCB68111211Y87Y0002979,LFP_68Ah,LFP_68Ah,21.1016,24.579378,0.8426367647058823,0.805733
02HCB68111211Y88D0000337,LFP_68Ah,LFP_68Ah,44.7967,52.51647,0.8511661764705882,0.8080609
02HCB68111211Y88D0003997,LFP_68Ah,LFP_68Ah,18.1154,25.070702,0.6526647058823529,0.8407496
02HCB68111211Y87Y0011345,LFP_68Ah,LFP_68Ah,5.0,5.1133523,0.8249632352941176,0.81655407
02HCB68111211Y87Y0015653,LFP_68Ah,LFP_68Ah,48.7083,55.680065,0.7779485294117647,0.7538157
02HCB68111211Y86L0000199,LFP_68Ah,LFP_68Ah,32.5404,54.19293,0.7060573529411764,0.81275487
02HCB68111211Y86X0004792,LFP_68Ah,LFP_68Ah,31.8633,51.596382,0.7697308823529412,0.81203395
02HCB68111211Y87Y0015365,LFP_68Ah,LFP_68Ah,60.1373,64.249435,0.8225014705882353,0.8029438
02HCB68111211Y86S0005042,LFP_68Ah,LFP_68Ah,41.9839,55.786774,0.6715102941176471,0.81772614
02HCB68111211Y88D0003294,LFP_68Ah,LFP_68Ah,46.8445,53.997234,0.8352544117647058,0.71047837
02HCB68111211Y88E0004340,LFP_68Ah,LFP_68Ah,44.1142,54.10249,0.8342852941176471,0.71043867
02HCB68111211Y87Y0013553,LFP_68Ah,LFP_68Ah,37.6917,53.89522,0.8047691176470588,0.81582123
02HCB68111211Y87Y0013903,LFP_68Ah,LFP_68Ah,39.9041,54.037354,0.8119000000000001,0.8087173
02HCB68111211Y87Y0009622,LFP_68Ah,LFP_68Ah,37.1305,54.25291,0.8424544117647059,0.80796593
02HCB68111211Y87Y0012947,LFP_68Ah,LFP_68Ah,39.5793,52.400257,0.8117617647058823,0.8128408
02HCB68111211Y87Y0003936,LFP_68Ah,LFP_68Ah,62.8233,68.6574,0.8382176470588236,0.7116195
02HCB68111211Y88D0005602,LFP_68Ah,LFP_68Ah,39.1172,55.26037,0.8460514705882353,0.80623853
02HCB68111211Y88E0004523,LFP_68Ah,LFP_68Ah,50.1764,54.664783,0.8356073529411765,0.77412516
02HCB68111211Y86V0003442,LFP_68Ah,LFP_68Ah,43.058,55.048355,0.6879132352941176,0.8101753
02HCB68111211Y86X0009373,LFP_68Ah,LFP_68Ah,18.8014,23.575182,0.7169970588235294,0.8136272
02HCB68111211Y88E0004411,LFP_68Ah,LFP_68Ah,59.1842,61.69554,0.8248588235294118,0.70107913
02HCB68111211Y87Y0004508,LFP_68Ah,LFP_68Ah,75.0,81.60425,0.8487455882352941,0.7083917
02HCB68111211Y86M0004883,LFP_68Ah,LFP_68Ah,39.1115,53.782005,0.7269970588235294,0.8088844
02HCB68111211Y86L0005694,LFP_68Ah,LFP_68Ah,52.0063,60.359768,0.6864426470588235,0.700911
02HCB68111211Y88E0004333,LFP_68Ah,LFP_68Ah,29.431,42.718033,0.8231911764705881,0.80808395
02HCB68111211Y87Y0007299,LFP_68Ah,LFP_68Ah,38.262,52.446167,0.8386073529411765,0.80220807
