stage,epoch,train_loss,train_cls_acc,train_soc_rmse,train_soc_mae,train_soc_mape,train_soc_medape,train_soh_rmse,train_soh_mae,train_soh_mape,train_soh_medape,train_score,val_loss,val_cls_acc,val_soc_rmse,val_soc_mae,val_soc_mape,val_soc_medape,val_soh_rmse,val_soh_mae,val_soh_mape,val_soh_medape,val_soc_rmse_raw,val_soc_mae_raw,val_soc_mape_raw,val_soc_medape_raw,val_soh_rmse_raw,val_soh_mae_raw,val_soh_mape_raw,val_soh_medape_raw,val_score,test_loss,test_cls_acc,test_soc_rmse,test_soc_mae,test_soc_mape,test_soc_medape,test_soh_rmse,test_soh_mae,test_soh_mape,test_soh_medape,test_soc_rmse_raw,test_soc_mae_raw,test_soc_mape_raw,test_soc_medape_raw,test_soh_rmse_raw,test_soh_mae_raw,test_soh_mape_raw,test_soh_medape_raw,test_score,score,best_score_so_far
stage1_soc,0,2.962426421461595,0.2732518337408313,0.7970630990053053,0.6318387006204985,909.2093564942352,64.13074904515318,2.0049800507752664,1.7334743499263556,929.7347169438143,311.52354662307926,0.034132904039239714,2.8161123562482446,0.23529411764705882,0.8558441052833192,0.615810078033094,203.16951053896287,88.9410788943618,2.0569989976077245,1.7864090017243928,661.2967964926848,272.8627402778138,19.045181240659662,13.703680931567,33.831101037782645,22.297257759139356,0.21829124849913542,0.18957590731450505,25.133855665439572,25.660620328769156,-0.021459113937936924,2.8948777516682944,0.296875,0.7896163331816473,0.5818388724364922,446.2969513361376,54.921375392031294,1.9578643248599346,1.7316526052042416,1064.2126085616758,324.772518347746,17.571408254370414,12.947716424062667,35.84013252092282,22.558901405942756,0.20777095582576233,0.1837650915709881,23.726739941786857,22.988369934937623,0.05999010004550584,-0.021459113937936924,-0.021459113937936924
stage1_soc,1,2.3415509716397684,0.4017114914425428,0.7322447186053845,0.5577978619144806,754.5980788104279,59.02637182096248,1.9366864831361905,1.660027931971216,899.7759789379193,299.7444900842015,0.18203807586092746,2.054959429634942,0.49673202614379086,0.6944785195204871,0.5212133807720605,155.95142342393757,79.167735564239,1.9775097948261147,1.7089359160342248,605.2442869994361,272.01805152911203,15.454297330977322,11.59861152350256,36.7949408558965,20.27897222929904,0.2098557571169915,0.18135436874299607,24.034794907218792,23.086810472833488,0.2883884702876447,2.215218941370646,0.4895833333333333,0.6313803441007028,0.47221440497620887,233.5498979727191,57.69424507663851,1.9183529725178579,1.677399640449342,1046.4266879037802,321.02173478350176,14.050167560840139,10.508232599493072,38.56167672361333,16.215905383830183,0.20357796280891016,0.17800770062189197,23.00830987221386,23.09150997435934,0.30016923010312246,0.2883884702876447,0.2883884702876447
stage1_soc,2,1.872114955067343,0.5330073349633252,0.6734455161249219,0.5007400499031057,695.0918962131115,51.59237914030585,1.8442132791352408,1.5440088764661446,850.6092926118397,269.43483303348887,0.3309736801258486,1.7967345956104253,0.6078431372549019,0.717837668188923,0.535934196760744,189.0953661638957,74.43948129868765,1.9650353174068071,1.7007044610244777,588.6843873583923,288.9920817788842,15.974110714362846,11.926195258418943,37.042840334440996,19.569949832610135,0.20853195032204327,0.1804808366736407,23.83483566541149,22.046921829366923,0.39249183679822497,2.008291562398275,0.5390625,0.6345220286695212,0.45882903741585324,293.19596753994915,51.96222124986137,1.9730840319639151,1.7108016840769171,1049.662165490104,312.7363169269577,14.120079769903407,10.21036672697482,36.49144397656032,16.63323341458752,0.2093860897511473,0.18155236632876193,23.464394536937558,24.021938785720018,0.34870589139914365,0.39249183679822497,0.39249183679822497
stage1_soc,3,1.5375829539030863,0.6054278728606357,0.6098641851435147,0.44131946598860483,593.0393920292472,43.390488176877305,1.874420074353749,1.5695950241129126,879.3846941381141,270.7930049973851,0.42246861731758134,1.7091507522109288,0.7058823529411765,0.6974156273935497,0.4814351790773323,157.39496128463708,66.36784270077514,1.8881324326138746,1.6249999303151579,565.6112461758094,271.74284837206096,15.519657075141627,10.713423372965705,25.012845539187698,18.799366033862142,0.2003709221668726,0.17244697931892264,22.728610071717675,22.450827419100342,0.4966576647231116,1.9825878143310547,0.5572916666666666,0.6809561862702823,0.46809387316655676,484.1164951318419,39.61824903675651,1.8782644854752302,1.6137305964487798,1013.5732732348315,291.77896802723615,15.153383547781381,10.416538008576017,28.157430804599006,17.463507261590383,0.19932372355203454,0.17125106383121155,22.15618295590653,21.807337897220563,0.35300481078558194,0.4966576647231116,0.4966576647231116
stage1_soc,4,1.2814974357446423,0.6565281173594132,0.5024984180426851,0.3614841256584872,562.4614995919617,34.49751094386477,1.8483539408489023,1.546390532708629,865.6906013628059,267.46657482391527,0.5057785919466077,1.4735760174545587,0.7450980392156863,0.5337303196344018,0.3813693319307336,134.7027652753582,50.99399620684378,1.8634051679295367,1.602024745512632,536.2018981849225,277.4413503934672,11.87715216862698,8.486648446150932,23.762296762925825,13.719659600781345,0.1977468346071848,0.1700088246183737,22.44947999003321,21.046454158221568,0.5849789433253658,1.6246004104614258,0.6354166666666666,0.5297645854426306,0.3740596104616998,277.49783822485307,42.321827514507675,1.8656000363265408,1.6005990950240327,962.499716734169,303.58389984245497,11.788902303998235,8.32398451081845,25.750743743431528,13.87433383958987,0.1979797567249061,0.16985753284553293,22.00019814186598,21.302492655544185,0.47648729103387744,0.5849789433253658,0.5849789433253658
stage1_soc,5,0.9959918162408843,0.6932029339853301,0.4320205490833786,0.3088430847630843,514.0955516882441,28.771155291819774,1.8175277343406202,1.5170229584856236,839.3723421876688,260.9790697263693,0.5635967692603165,1.0686863707561118,0.7973856209150327,0.48481715331251624,0.3023596824834647,110.52541851055291,31.946489711430022,1.917122989730886,1.6601263284683228,564.6694176330421,280.58650371028216,10.788682771099896,6.728439113171898,17.072234497099206,10.538821993944392,0.20344743553178807,0.17617463563623229,23.26627512635604,22.17723409104579,0.6519404749212778,1.3540147145589192,0.6692708333333334,0.4858498147164732,0.31099487652682,398.5454256679827,30.97055266308447,1.8574220493211062,1.597397035465595,994.7617441944566,302.98490203563244,10.811662684704705,6.920598917263233,19.75026458262686,10.595238854819652,0.197111898745538,0.16951772637037524,21.95667965753047,21.25328369510966,0.5235158889183914,0.6519404749212778,0.6519404749212778
stage1_soc,6,0.8835674072536105,0.7132029339853301,0.3914898993707198,0.2806938627446047,493.28215110319803,26.521513330127284,1.791631777604511,1.489517948894823,821.5200098071807,254.96794949179758,0.5957559641741141,0.884075027860068,0.8235294117647058,0.40420407883956777,0.2705562568750549,97.0332303374594,37.45633490838859,1.9149719412546233,1.6509785564506756,558.302912114649,256.653260767124,8.994792266712004,6.020714422370308,15.442860062602277,9.524215987711557,0.20321916363762985,0.17520386288571566,23.163169004210793,21.2507927677045,0.7022681881128355,1.2997342745463054,0.7161458333333334,0.46955820117738356,0.31037601601080195,402.66564029198634,35.26294418562982,1.8547531032009537,1.5922971946153364,975.7999207450026,300.0346372332003,10.449123840726767,6.906827354641615,19.289139697953214,12.231084300263,0.19682866692023201,0.168976525024315,21.915840814323076,21.58612415224949,0.5752783729801183,0.7022681881128355,0.7022681881128355
stage1_soc,7,0.6899421666507908,0.7389731051344743,0.3597937304817508,0.2591987596638045,489.0028709520592,24.150082338165074,1.799059976707196,1.495263973851267,827.2606657761409,254.86129660922805,0.6310349859899491,1.0422080856522704,0.8627450980392157,0.48140285861912835,0.30720900938986173,123.48033715063386,36.45537602250213,1.8600809183874414,1.5975625206247654,495.57172762478876,262.2354115806398,10.712704142698795,6.83635165151551,15.008055742688763,10.751769377959688,0.1973940611815727,0.16953528785778743,22.37619653605415,21.997729921016713,0.7183242404534772,1.3364067077636719,0.71875,0.507016767031038,0.33333838043229963,438.8216703988705,35.32816819342711,1.833403742513006,1.5617241737321212,926.6447651224144,296.93833667162914,11.28269291165221,7.417811059993805,19.244877947380417,12.650136969326073,0.19456304666244362,0.16573207866982057,21.493967188613,20.921161396838954,0.5666449698906886,0.7183242404534772,0.7183242404534772
stage1_soc,8,0.5831534563649837,0.7545721271393643,0.3396890501742418,0.2437725002209321,453.1286889464227,22.819147604473194,1.7927861122092004,1.491923540880981,819.3272949313879,257.09077562166704,0.6526654120870917,0.8599371267300026,0.8300653594771242,0.4816218087928956,0.3277308932122062,155.288837049155,43.85386518844114,1.9124986498535466,1.6498429033101774,535.9745267914392,287.2012747939736,10.717576461987239,7.293027107224732,18.049112176715116,12.06448960747795,0.20295669493031832,0.17508334598600417,23.152115005457645,21.03714862965871,0.6855788168392556,1.2717770338058472,0.71875,0.4926293506613636,0.3244303243457883,397.2513105731557,31.149746296314824,1.8361600531301836,1.571566025816234,949.5796883535726,303.10439986265453,10.962528350543767,7.2195792305960795,19.429389845235164,11.946764001403944,0.19485554971498514,0.1667765080455681,21.629556517010567,20.431918661753375,0.5709611948015909,0.6855788168392556,0.7183242404534772
stage1_soc,9,0.5029741956902016,0.7707579462102689,0.33792681831409277,0.24341059606633897,465.63495182790456,22.684615710919807,1.7906018370479921,1.4877496316454721,819.1777272862525,255.3122501928118,0.6693799007160411,0.8760944172447803,0.869281045751634,0.44575608213529694,0.3164203639927448,163.84523822351838,39.81768803249252,1.9048314921721208,1.6487323211299048,551.9229290572003,261.68552530752555,9.919452994985262,7.04133281198727,21.022141009619236,11.76265406560467,0.20214304678335052,0.17496548964724337,23.096589229471082,21.284257292803552,0.735554221111045,1.032141109307607,0.7604166666666666,0.4359994532434439,0.28933962581747136,255.3302759219088,29.391891783526567,1.8604613265173595,1.587825399020706,962.1905234081391,294.7943506176164,9.702337793284267,6.438702539143134,19.509624846962268,10.9229342312444,0.19743443055740406,0.16850197260862596,21.85043210053182,21.56245455251816,0.6296168306936335,0.735554221111045,0.735554221111045
stage1_soc,10,0.42864462006062926,0.7824449877750611,0.32300880312361574,0.23370093314396104,458.36489492722313,21.967579268859264,1.7863154668559096,1.4824550773267586,823.5338935962639,254.37389052955933,0.6855423468379764,1.0648323161150115,0.8104575163398693,0.44437046121979384,0.34568341663168145,160.33388995171177,51.19024540256959,1.9448575082533714,1.6862450497212753,566.885861077473,271.2431085418093,9.888618639401463,7.692526338615601,22.68079635982259,15.174787364204159,0.2063906565454282,0.1789463862681668,23.637961695183293,24.563195872541428,0.6771463779739312,1.3350130319595337,0.7526041666666666,0.4935255964320333,0.3478303602108402,351.52103242067506,33.92147487198231,1.8666303504425812,1.5926087203867307,1010.1130745601786,295.30678464803646,10.982472593932496,7.740302480702849,25.1438507924409,12.962376797709164,0.19808909491855534,0.16900958452004466,21.909952390983765,20.958268950769323,0.6045464877370567,0.6771463779739312,0.735554221111045
stage1_soc,11,0.3256001514589874,0.788361858190709,0.31496029974195655,0.22706802533953144,453.92685212722444,21.283903708003773,1.7695636925221185,1.466829994851655,809.8777526266329,249.68694973506794,0.6938737682681221,0.5860622756037057,0.8431372549019608,0.3705350303256642,0.26117321343642047,101.06331815851642,34.19519042760899,1.951717762067125,1.69630920419506,562.604854964318,276.5752847278101,8.245551689848321,5.811912653713365,13.821617348984669,10.413733523176493,0.2071186750674435,0.18001440664529175,23.784162685458455,24.246465821025556,0.7319767458042615,0.8744661013285319,0.7578125,0.41539140843363964,0.26449182057209936,333.657397413062,27.747798601321712,1.8948721330052611,1.6278291224468073,1007.1246602923569,310.1116359218231,9.243744988829032,5.88576193768387,16.06362371567698,9.938557901644671,0.20108614741231845,0.17274721664688433,22.382876045424272,21.022980438408943,0.6331950774699081,0.7319767458042615,0.735554221111045
stage1_soc,12,0.24669777127233286,0.802200488997555,0.3091031898475907,0.22042865521304109,440.18754154124457,20.138815008054944,1.7859883392479359,1.4831815922858245,829.3561946211378,254.13231056877947,0.7094695320432778,0.8321297579731037,0.803921568627451,0.4015221555228209,0.2933137052954217,129.14829096163092,39.74080261789033,1.92954639570884,1.6641884019561843,563.8197527692918,260.67592181051083,8.935111169038162,6.52713811222837,15.439946632614783,11.681746665538109,0.20476582256294032,0.1766057078410276,23.384932979196694,23.267484625906558,0.6834649219706047,0.980594793955485,0.7421875,0.4299879526087913,0.276683558554699,290.24319336991175,28.762003102161636,1.8332121639915144,1.5623933046711802,970.7568599494165,291.73658606677566,9.568563291119064,6.15706585633431,16.769372189305628,10.186923787600335,0.19454271611552035,0.1658030876631484,21.51118254530337,20.928341272645184,0.6131911142173626,0.6834649219706047,0.735554221111045
stage1_soc,13,0.18357356513624962,0.8114425427872861,0.3047731432189929,0.21820725301043803,432.1970508784494,20.14852804659028,1.7868295323060799,1.4823004913213949,826.693777112318,253.93860831290084,0.7200105998215882,0.6756943536350151,0.8366013071895425,0.3643129209080573,0.2493161555209191,116.08452902432494,33.313182040984806,1.9317511883904979,1.6604626566366432,569.2987499582766,273.4428411425827,8.107090490167206,5.548056402805419,12.889130127080385,9.678501924860175,0.2049997978578824,0.17621032719264698,23.31802371245096,23.57238559987343,0.7273074309171254,0.9039976398150126,0.7552083333333334,0.4185159222794439,0.2668836190496222,273.1796175049996,25.0736532581109,1.821201256085047,1.5570363056346348,973.9140620471056,286.1514111725219,9.313275096140565,5.938986859389065,15.85737660102854,10.285759387314364,0.19326810388403157,0.16523459637595958,21.419431854397104,20.803412836152958,0.6296535566495002,0.7273074309171254,0.735554221111045
stage1_soc,14,0.1660460476682938,0.8077750611246943,0.3004858408130472,0.2139547263776478,418.62218416266796,19.852795860158754,1.7813769333933382,1.4754070946005853,827.1623910830265,252.23174090320754,0.7176293088807801,0.6323205368970733,0.8496732026143791,0.3742049116077118,0.2700512131030848,125.75837691865199,41.343680003793246,1.9332595232771692,1.6707705214522244,555.1986055605439,265.2832653089063,8.327217911204327,6.009475634707626,15.343785442779971,10.801240959277846,0.205159864200136,0.177304210409202,23.454601607663907,23.14368426465996,0.7374117291320655,0.9259447654088339,0.7942708333333334,0.40815832921722167,0.2694135872103895,220.00095662375358,28.872962197946233,1.85828037544264,1.5910804110390018,964.3905677184745,304.87568626541713,9.082786580920004,5.995286484352842,16.78274457754435,11.53085028020014,0.19720298536293884,0.1688473984635631,21.8733970947157,21.26063949817597,0.6718233345681669,0.7374117291320655,0.7374117291320655
stage1_soc,15,0.13813504987649056,0.8200977995110025,0.29833951118942637,0.2142331454190619,425.64451339123065,19.981724149060184,1.7868759855363716,1.4816630540748552,820.4766461840953,254.42938717833147,0.7305959461541746,0.6471855994922663,0.8562091503267973,0.3976538165040381,0.29096636043411067,137.96721024868853,40.51610093200414,1.9019567907369446,1.6418445881675272,559.3384407573702,260.51332076953827,8.849028648567165,6.474902421122917,16.323067735169424,11.887456610287312,0.2018379799524591,0.17423455500438031,23.069252711794196,23.674705655570275,0.7369130053755859,0.8827511270840963,0.7578125,0.43942771314215534,0.2930817793264093,274.9233950502218,29.501875805280932,1.8566134806914412,1.5821146783540219,984.3682934797507,300.8659575901067,9.778627190743434,6.521977041319555,17.558555837475243,11.741492050463297,0.19702609245400743,0.1678959439495891,21.790320208944564,21.344627146243294,0.6259841860573534,0.7369130053755859,0.7374117291320655
stage1_soc,16,0.09455688172855703,0.8216136919315403,0.29615933583026427,0.2101630228740097,411.16771757008365,19.354232827619292,1.7980778332379879,1.493963531256132,827.3655098543043,255.9787220647006,0.732765891182461,0.770325705896016,0.8366013071895425,0.38293963481376614,0.2674759760304214,153.096298967394,38.85908198453001,1.9166089868442695,1.6433305518299925,550.4782807688423,272.7229451810217,8.521592547331817,5.952168636290778,14.879320902232598,9.297024455452018,0.2033928889170439,0.17439224728497027,23.07814026956029,23.393628982596145,0.7217194167454126,0.9217994809150696,0.7708333333333334,0.40178845914143585,0.2568628938764353,195.6646769216443,26.67024634306709,1.8338937028390658,1.5622672208822526,955.2267600503355,293.6873808697942,8.94103724909206,5.715994697723119,15.767281616079709,10.471127460684524,0.19461504185126727,0.16578970749731825,21.48903044416588,21.376672304707405,0.6502967955909026,0.7217194167454126,0.7374117291320655
stage1_soc,17,0.0374338315285214,0.827041564792176,0.2864682099943642,0.20513219350821413,404.17504437949646,19.253214885565903,1.7791527248088124,1.474314281879389,822.0324084566844,252.63299632449247,0.7411011017938668,0.8722658385248745,0.8758169934640523,0.3951079516271737,0.29616229673786687,133.68669663040404,42.38002902326369,1.8464659138537756,1.577341069485627,525.5871468342684,250.83658729132367,8.79237527245019,6.590528091743388,16.748387467936652,12.863100058202976,0.19594922025484804,0.16738936274029326,22.181097511263477,22.028179841501867,0.7572846079759001,1.0647708972295125,0.7786458333333334,0.44196208126458725,0.2868132331374606,277.51879657022124,27.7402619348522,1.770793280660644,1.4958472041301623,943.8748576707698,278.15848738422255,9.835024728477585,6.382482479696731,17.752322279812244,10.315456899860418,0.18791874790354554,0.15874113411492505,20.637684675290583,19.937349705468975,0.6460572089539572,0.7572846079759001,0.7572846079759001
stage1_soc,18,0.005096243348856135,0.8334474327628362,0.28893266770897463,0.20625855196276474,411.9746523357581,19.06031104056003,1.774597677485771,1.468497488234684,815.5996807675629,250.7426837773907,0.7467676324501438,0.9408177433450238,0.869281045751634,0.4206430268205209,0.3011089447228348,141.06580979989246,41.000601981226446,1.9458126462194385,1.689102880315843,575.7420204399093,271.97374831152155,9.360609758204086,6.700606325414543,17.453439927798183,10.666330772657524,0.20649201695413244,0.17924966274482662,23.668233158758586,22.997975162930835,0.7430881377054778,1.0132813851038616,0.8020833333333334,0.45437033856057635,0.29693338751530973,225.1481794667819,29.67378800784902,1.8470308237092328,1.5754762932701851,945.0378323963796,296.0163493531688,10.111146872246536,6.6076872490230185,17.640060295665254,10.922031196329153,0.1960091691793641,0.16719147040844784,21.684447902654558,20.63585778527062,0.6657722317651604,0.7430881377054778,0.7572846079759001
stage1_soc,19,-0.03240083043907557,0.8359902200488998,0.2869598508599337,0.2028870328633265,403.3760179293914,18.621806212256423,1.795138121154173,1.488656196981204,829.9163690980068,255.23859841950818,0.7499022647909197,0.8284068762087354,0.8823529411764706,0.3744502558301886,0.26756665879994435,133.1821474163497,41.14847552140246,1.965871928171077,1.6835879488708148,552.0053667428796,268.1065789765052,8.332677579798846,5.954186608688213,14.936319849701933,10.237806450714437,0.2086207324791822,0.1786644114773625,23.695408307165717,22.716233218790123,0.770017864427414,1.0644967953364055,0.78125,0.4106488486028824,0.26555745803489117,191.3663488101979,26.861812659825162,1.8390639065686132,1.567629087806078,973.2554238773719,292.22653632733386,9.138208348494818,5.90947567069952,15.530660334114785,10.288985398878205,0.19516371019210277,0.16635871537065666,21.588554260127733,20.487345444648163,0.6580553454191352,0.770017864427414,0.770017864427414
stage1_soc,20,-0.09093785927464734,0.8403911980440097,0.2807249387434695,0.19811980033946885,397.0154548593343,18.113941737124186,1.7907553493073947,1.4862038077377147,824.7798675304292,254.59126389141824,0.7561737164209689,0.743663540268256,0.8104575163398693,0.3678018441930306,0.2659476751132923,113.31949023280598,39.596207151362215,1.8393945732854662,1.5793146395605373,529.4543907588751,246.65529544493788,8.18472983579906,5.918159208899379,13.954064359162206,11.302822673415074,0.1951988009483661,0.1675988004095161,22.18931093424566,21.907413034717056,0.7001169630819601,0.9327818155288696,0.7526041666666666,0.41234220484825923,0.26645931919241167,226.11132020809916,30.218050532744094,1.7172321356917843,1.4516462858906987,898.6210953594223,271.35632381775423,9.175890767990513,5.929544873832261,14.993633120230944,10.806329037059704,0.1822347737159581,0.15405047863161073,19.9993913247409,18.419870299909434,0.6289015052121889,0.7001169630819601,0.770017864427414
stage1_soc,21,-0.09316143949632248,0.8381418092909535,0.28096289473838526,0.19905127163716846,399.3240916407313,18.232940791417,1.785192377884359,1.4802969552693583,825.2284136235089,252.8887634758034,0.7538529408694379,1.0441547102398343,0.8823529411764706,0.437549533738509,0.313072514068944,155.21487732875926,37.73967853507706,1.9004874373726333,1.6364982295659631,548.5293282086461,263.20665888367796,9.736831883719526,6.966832785438385,17.401128064029596,11.340779059048483,0.20168205037701703,0.17366719289316065,23.0074156198637,21.62826023618937,0.7510880810549179,1.1376289923985798,0.7994791666666666,0.4864263069055128,0.32100182889795786,248.79260576836245,26.741855084552686,1.7947014714966663,1.5293464329564206,946.3930364085236,295.66372165918926,10.824491420868576,7.143284591439698,19.866151141689798,10.846994717816468,0.190455914345056,0.16229611323389723,21.05343743814909,20.36464343875687,0.6535512745950128,0.7510880810549179,0.770017864427414
stage1_soc,22,-0.1860357524771562,0.8454278728606357,0.2709344968267563,0.1891955889205159,372.286614314218,17.149345192590204,1.7859810973509584,1.4808751588820737,817.6274730212976,253.49096960832478,0.7641475238126088,0.8031929933946896,0.8496732026143791,0.376355937264807,0.2726886154584635,119.74024409920246,38.970746207935115,1.911327172561081,1.6489081622338762,546.4259420869962,260.0776269236634,8.375084892164752,6.068166003143478,15.854193035616548,9.657407220975344,0.20283237632780168,0.17498415012017896,23.17036043132812,22.0873699971359,0.736766421434937,1.0414018233617146,0.796875,0.4309710061489191,0.2807042048637716,171.29385895100722,28.12992921668745,1.8468532473104866,1.5787973930249184,963.6002890014282,292.4658940179824,9.590439276155857,6.246537685594067,18.167636585555783,10.719314977800526,0.19599032455482546,0.16754390957477414,21.729201292545156,20.696385895688902,0.6675836981553243,0.736766421434937,0.770017864427414
stage1_soc,23,-0.23142593050790009,0.8515892420537897,0.2735739377739643,0.1914803600932009,381.15309228499353,17.517211286589166,1.7831565339697324,1.4764106413298048,819.9550945115635,251.91075925022648,0.7695170607216004,0.9089283553603428,0.8888888888888888,0.37488430764054814,0.27714005551526166,130.18267309160862,38.88215394370424,1.8585388649245025,1.6047449259976156,525.0025684537807,260.57430036699594,8.342336576507597,6.167224327130634,14.977926444849897,11.112082109622708,0.19723041658278156,0.17029749349711432,22.522802124038485,21.430557878970205,0.7764235965967244,0.904807984828949,0.8020833333333334,0.4447656525675767,0.2880512247987402,260.9066414744317,26.562929012570663,1.7937091644698875,1.5161190265716868,930.3515252167084,290.93977293454657,9.897412870496593,6.410031627278568,17.279567047053025,10.765776227233465,0.19035060951018637,0.16089240469661206,20.917945033548946,20.22987213713526,0.6686536375630604,0.7764235965967244,0.7764235965967244
stage1_soc,24,-0.05801279067410234,0.8446454767726161,0.2867415880373874,0.2016252630062784,400.77579478102604,18.401898918270994,1.7619945553730263,1.4575442328778139,807.6145015244053,247.96565182362815,0.7586230003614,0.7381551164427614,0.8954248366013072,0.37395241461383527,0.27365080729808683,131.99651969339197,39.5170984019766,1.8537711235073058,1.5884656991833954,536.5926619490675,263.0827295414074,8.321599071299474,6.08957775075123,15.864133573287706,10.621807015334316,0.1967244580345804,0.16856992204471716,22.326686062209728,22.206163721770245,0.7832391122171567,0.8397230505943298,0.8072916666666666,0.42168657307203045,0.26541531531256624,134.81954633505558,26.655915255056208,1.782287086715934,1.510187246800342,957.9582832180271,276.01062759493686,9.383831893369031,5.906312555019916,16.963126590407793,8.603184035992026,0.18913848465438213,0.16026291697512332,20.814461422825776,19.90938695062419,0.6807856947450575,0.7832391122171567,0.7832391122171567
stage1_soc,25,-0.20289582875363693,0.8550122249388753,0.27369705397184624,0.19228423957223378,373.06877962338245,17.662352891585023,1.7783979928996418,1.4728270841734643,812.7686014643322,251.82816778597652,0.7729031087473215,0.8399046912691952,0.8300653594771242,0.4161080489944464,0.27658698880691934,107.34459191237369,36.33079439557357,1.9303465688581583,1.6634434718711704,565.6818581063527,255.87337002238627,9.259692460197611,6.154916880443171,14.109487199799421,10.73367907032898,0.20485073791583228,0.17652665494965947,23.312729026935187,24.86846042993836,0.7052329447787903,1.1171668569246929,0.7447916666666666,0.4543690210568197,0.28211390830013744,207.9947630816092,29.712134490022663,1.7992899636094841,1.525059123496855,968.3515263516119,275.66776258967747,10.111117553708642,6.277907951832309,15.883890505030323,10.650149131257564,0.19094285073792747,0.16184113871241268,20.988578336976214,19.784744005041556,0.6084809603496207,0.7052329447787903,0.7832391122171567
stage1_soc,26,-0.28970854976066457,0.8553056234718827,0.2662319045250202,0.18530258311983425,376.0802815030372,16.64037505922606,1.7611588520060542,1.456650008358708,803.8738636588157,247.44472662456832,0.7754360521143766,0.6970629203163721,0.869281045751634,0.346166181952249,0.24705976420660425,93.25770491055563,33.011635318750294,1.8686565849181902,1.5972193126974543,524.5421577326406,260.36136271840087,7.703269361755162,5.497844709734576,13.057320445433076,10.117740536163403,0.19830412139836745,0.1694988662129375,22.497074730899712,22.598476612081512,0.7654311911659593,0.8356373310089111,0.8020833333333334,0.3938026733251145,0.23853385610709665,149.87287196600417,25.371258201286643,1.7675701476220578,1.4976425527250588,961.5546467378999,278.50557099020773,8.763328788775468,5.30811685626928,13.567997759311737,8.867096912556567,0.18757670508491023,0.15893165870279646,20.635377070328484,20.493512906363165,0.6839425313357991,0.7654311911659593,0.7832391122171567
stage1_soc,27,-0.2834695967397946,0.8598533007334963,0.2675223626859843,0.18694831008492332,379.02239531318804,17.009497262886367,1.774328848898747,1.4676481185732797,810.9273716275666,250.9818446920229,0.779596591927701,1.5893069069369945,0.869281045751634,0.4288284345336485,0.33269006467357376,174.7332917967457,52.28143383005431,1.8284782954526746,1.5758970923283522,514.1190312170426,243.76763500926762,9.542760423801766,7.403384027021456,20.807819372463403,13.184368589921988,0.19404035219858315,0.16723612611896657,22.11142529199246,21.63516116986647,0.7406325153915394,1.6889055569966633,0.8229166666666666,0.47722067555218495,0.3388428120864167,190.81841306882566,35.046482527387624,1.757722899459605,1.4884324350593185,905.6382849061334,282.62154682977786,10.619637620419967,7.540301707335213,21.895946579077002,12.359396817755767,0.186531703070732,0.1579542697558808,20.51134931680894,19.39032621683267,0.6797504640010111,0.7406325153915394,0.7832391122171567
stage1_soc,28,-0.2658389969268463,0.8633251833740831,0.2648556459363,0.18558952812214716,369.5501499988541,16.79221784067778,1.7559340364208251,1.4521328076482967,800.7819384074069,245.13437457825682,0.7838684895931931,0.710336387547013,0.8627450980392157,0.36252926075383995,0.24656318936472624,109.90681696429525,31.034375312601846,1.826912216888562,1.569512720785889,507.49249146740317,247.52032477170823,8.067398529097304,5.486794381988277,13.136268442848102,9.718895519269385,0.19387415802668248,0.16655860880539108,22.067235919713358,22.371673216236694,0.7539863198130637,0.9630120595296224,0.7864583333333334,0.4139506457297727,0.24884751586553952,111.0040624891194,23.49909297187186,1.7824800699826773,1.5058046262153464,891.2233101328285,278.76481222322025,9.211683557721969,5.537627719452732,15.192303572861599,8.767021023803022,0.18915896427458895,0.1597978279204814,20.777056944188708,19.295696635122447,0.6622731396144016,0.7539863198130637,0.7832391122171567
stage1_soc,29,-0.24888943072636144,0.8606356968215159,0.2683667493082712,0.18755564247802228,375.61561472614443,17.07570205099033,1.761137716825268,1.4542909008055507,804.4242726570567,244.76137372856104,0.7801256720290345,0.7109250882092644,0.8235294117647058,0.37513636817059987,0.2671122689384456,113.59884076466123,32.92603932570402,1.8654748896452287,1.6028433983622035,521.6760517732524,235.9526968180441,8.347945703740953,5.944075027370143,14.733405319430354,9.586937242884689,0.19796647600608175,0.1700957010596496,22.56262082800973,22.012124279422277,0.7109885013135259,0.8782630761464437,0.7916666666666666,0.4261123914778396,0.2659537541330792,212.1395402911015,25.180943478826805,1.7835381908811998,1.5033765614619672,925.7821843064997,278.16362915736147,9.48232005629092,5.918294485911736,16.096065465747373,10.11634128228054,0.1892712533579916,0.15954015872031732,20.766863453809396,19.43210681104247,0.6638329492233148,0.7109885013135259,0.7832391122171567
stage1_soc,30,-0.24699852064652664,0.8593154034229828,0.26706240272492116,0.18621667374813505,370.4103393431995,17.091950887261344,1.763970776379905,1.457033640611097,798.376379672753,247.18267856723594,0.7791966826055066,0.8600198400566001,0.8562091503267973,0.4165583745984492,0.2996652618026227,124.65692082926988,38.00184853104198,1.844281446268587,1.5844366264109517,506.4490363345865,254.0638775300345,9.26971359920248,6.668479910452111,19.475447575410957,11.109979357878377,0.1957174018839926,0.16814235191618843,22.27290568080155,23.248016209141625,0.7312416379472626,0.9880048036575317,0.8046875,0.44987929787481173,0.2914095009327866,178.12094434836595,27.34980006536605,1.7551009301092535,1.4857869897896308,906.6767008790188,278.22998851332056,10.011207311651853,6.484763669287461,20.018158847354055,9.981649936720967,0.1862534564776708,0.1576735318695581,20.46533478101436,19.585435302737537,0.6697237106375564,0.7312416379472626,0.7832391122171567
stage1_soc,31,-0.26279304766421796,0.8568704156479218,0.26804234153368217,0.18911347511121981,377.18449251097013,17.257439539014875,1.7637337691994184,1.4581744171554236,801.9817378103155,247.20422899796395,0.7764577131878171,1.5133294981289533,0.7777777777777778,0.380400409761015,0.29640249312958783,159.36389938655313,45.16076660206497,1.930896183779586,1.6717312593086093,572.4159666711587,258.1881779663094,8.465086927859847,6.595873205164674,17.70742249272141,12.701918736442519,0.20490906372324963,0.17740616508511312,23.487442062540474,24.059337395467743,0.6636576548494733,1.6438267628351848,0.7291666666666666,0.4498419553949115,0.29826201018780313,158.42631554464504,30.152690118304818,1.8292511142310794,1.5671808697637364,972.9204710532721,292.40220717818556,10.01037632585282,6.637253217219656,18.613561572480666,11.059742056384877,0.19412236467219043,0.16631114992401505,21.56793977341415,21.48181071802116,0.5942140800481932,0.6636576548494733,0.7832391122171567
stage1_soc,32,-0.2982455089243817,0.8665036674816626,0.2619932400126891,0.18322112679527047,362.65917978079045,16.78563192432868,1.7625140561260568,1.4567018559665708,798.2753724863632,247.38182298874713,0.7879056954778559,0.389672193651885,0.8758169934640523,0.34531751712310754,0.23030523149893176,112.10640544317236,32.48717945981273,1.874593439508804,1.5996873811179517,536.3403705193384,250.61127952169454,7.684383941637415,5.125004480947172,12.00011032771837,7.778776770977166,0.19893414766588147,0.16976078065116437,22.542279878817524,21.87406128648165,0.77222173832712,0.8231557806332906,0.8098958333333334,0.38251503859482044,0.22716687064045496,125.94938893196398,22.925015864196887,1.7674104185555746,1.5035569005776779,951.1494827715918,278.18703471300364,8.5121439668088,5.055166234730012,13.46420907987004,8.48842561925754,0.1875597544410913,0.1595592965277579,20.700971088995725,19.55499122151498,0.6951413217548872,0.77222173832712,0.7832391122171567
stage1_soc,33,-0.40395581826021154,0.8709046454767726,0.25493283306860204,0.17679267480532232,354.4041997339803,16.03097410306735,1.7835832938468812,1.4762846288445217,809.542070893516,251.6064277225821,0.7944247955561919,0.880588097509995,0.803921568627451,0.33758677638225165,0.2393292391222287,115.46487952100807,31.78833743873206,1.8468523812933186,1.5878038514478534,527.7741120844851,252.79881805565475,7.512351023930502,5.3258165910520745,13.746056298945991,9.594924146915185,0.1959902326520248,0.16849968595385087,22.318368772382975,22.233216563283026,0.7026455357127755,1.1358143488566081,0.78125,0.4145520159987263,0.25996510886276764,145.6960728496111,25.081904652336217,1.786266275933487,1.5200497482558906,915.2205908055579,281.339170105274,9.225065908192413,5.785028586368796,16.710548680659226,9.770722488650296,0.18956076107907857,0.1613095376874134,20.929596033777482,19.828167075615255,0.6568843952003821,0.7026455357127755,0.7832391122171567
stage1_soc,34,-0.38242219260385973,0.8727628361858191,0.2589704386552302,0.18025442775357103,358.18696276884697,16.250409896058756,1.7832071259295204,1.4755275922792812,806.942003905723,252.33433221279614,0.79507170458925,0.8339887304243698,0.869281045751634,0.36279429865496815,0.25741813109055456,145.5416339918477,36.687873774722696,1.9002938320826779,1.628178242374869,543.2192727872658,264.64332342760764,8.073296443018155,5.728350444884524,14.427301456700153,9.51161060584428,0.2016615047469464,0.1727842656804819,22.951550752593693,23.125863390332857,0.7604427561551436,1.1399941444396973,0.7942708333333334,0.4063355712908887,0.2515401572381961,143.78806330817886,24.804998005778547,1.798558061296656,1.5319622159125477,949.9880493738814,275.67629950678133,9.042224573364473,5.59754732705623,14.920253304892663,8.77507228550266,0.19086518036967137,0.1625737033192399,21.110328160499947,19.957987711412237,0.6723701619460668,0.7604427561551436,0.7832391122171567
stage1_soc,35,-0.4043069973872168,0.8752078239608801,0.2566299448098749,0.17768545752131634,346.62459999474555,16.150154705381198,1.7736949604014436,1.4664488055630334,805.051715039732,250.4779683386112,0.7982188405179177,1.349913370959899,0.7320261437908496,0.3782668358068362,0.24953077111417563,150.296177617749,28.84499934697981,1.8754843138865722,1.6260211249582128,556.4217372772686,267.76500090114837,8.417608301323959,5.552832264256599,13.780253373006131,9.373532099744311,0.1990286883440272,0.17255534974294925,22.839836029116867,22.93284314267013,0.6185460930487988,1.404797911643982,0.734375,0.40836910814063865,0.26120783305183676,157.85436585737975,25.562697092819512,1.7837110752968595,1.5123306868990767,922.0307772171042,293.51132246489124,9.08747706458801,5.812683047346989,16.002286473699986,10.189308687313101,0.1892896000635487,0.1604903814589563,20.85594989058214,19.678342240419404,0.6118642675578084,0.6185460930487988,0.7832391122171567
stage1_soc,36,-0.37341044846257254,0.8711491442542787,0.25751180362150133,0.18077327171652544,350.1268914514296,16.569203544525102,1.7549980758187234,1.4495338334990233,794.3674793962318,245.19745248068267,0.7938956031678283,0.9765948937609304,0.8496732026143791,0.35246327910521297,0.2525001854873171,117.5613659264232,36.329725048770484,1.8581633591362192,1.5952887661706388,535.099730815791,253.11812904087088,7.843399270727939,5.618910928076312,13.83818566476418,9.68224109338593,0.19719056744943814,0.16929399425523878,22.430123787129023,22.418247962189668,0.7439342188828152,1.0459221204121907,0.8151041666666666,0.4167038301634387,0.2579262185220917,165.31178640468696,24.24490436412377,1.7859114933655649,1.5214404725435695,948.6332901594,276.2981783069792,9.272950435888726,5.73965696339647,15.235305918725158,9.602448051087741,0.1895231111192159,0.16145712304911194,20.946360866809243,20.31447601376671,0.690093017617635,0.7439342188828152,0.7832391122171567
stage1_soc,37,-0.45420375262029594,0.8755990220048899,0.2554406071172937,0.17626381028971855,349.3452158738106,16.138665791845714,1.7650189994554493,1.4578129834976403,790.59513499068,248.2428982709219,0.7989668398697019,1.1567598947512558,0.8104575163398693,0.38823888588003624,0.28162475625430444,138.12786643779447,39.750020267242526,1.909841652277279,1.6459692504281311,545.5365263053905,251.87339728989903,8.639517291305445,6.2670228042807645,16.33767915680158,10.889892153473973,0.2026747310990976,0.1746722692062597,23.18575118732696,23.654835897215396,0.6939858505758584,1.112440864245097,0.7942708333333334,0.4393412273486644,0.28471602076145547,187.7826191525783,26.59442097934042,1.8086035242696372,1.540969212629231,953.6049635519133,283.59812598216354,9.776702614057552,6.335813010859355,17.973863567630573,10.101998043544576,0.19193121718187894,0.16352953682270732,21.240811315663844,21.048015070625212,0.662468465128734,0.6939858505758584,0.7832391122171567
stage1_soc,38,-0.5282301089932692,0.8768215158924205,0.24915454079001229,0.17113526684329972,350.29574988705866,15.2117771597255,1.7594903661437047,1.4511410994525809,795.456480137762,245.30238465944896,0.8020751536554168,0.9279039817697862,0.8562091503267973,0.4105336086116787,0.2983384092210555,148.41334341683392,35.40525334705542,1.9026551816863535,1.6296164048653023,538.7609536770805,276.05507324412804,9.13564390187995,6.638953332259205,18.665784359073157,10.371710246269059,0.20191209405385843,0.17293688524225437,22.940284682216486,23.412886086922036,0.7330490677432937,1.2487771113713582,0.8229166666666666,0.45787061244242067,0.28966988746954786,157.30641937530828,25.36963119376382,1.805701048807925,1.5429448679909303,946.1904861146959,285.0770286743956,10.18903880380293,6.446051883470925,19.3593114282144,9.305611193554093,0.19162320293733523,0.16373919578511373,21.23510860169872,20.03754379376676,0.6855554829339404,0.7330490677432937,0.7832391122171567
stage1_soc,39,-0.4551734785491505,0.8787775061124694,0.2474148281649917,0.17182230393800765,339.52194042405057,15.743819458511705,1.7511230041167747,1.4427251985409095,788.3304928556781,244.31943238294127,0.8045530576629719,0.6029501744345123,0.8300653594771242,0.3506076359566331,0.23301159208214361,111.1137375263559,29.156387078110246,1.8070692763277265,1.5396287341912587,488.9571359946359,250.15240401767645,7.802105465156897,5.185229383463485,12.757570330953556,9.156746026555746,0.19176840091452227,0.16338728361200988,21.68887297397919,21.386396128373015,0.7248830686901343,0.7993709842363993,0.7916666666666666,0.3879088955706988,0.2286812564537589,150.51728245587697,24.370491773357017,1.7302147929561247,1.4617694325982786,880.5492464797861,268.88735907085163,8.63217398519374,5.08886600797681,13.168466666359379,8.384081325108731,0.1836125091773585,0.15512475933670952,20.155711588012604,19.093336656368177,0.675293997995457,0.7248830686901343,0.7832391122171567
stage1_soc,40,-0.41033505102824464,0.8781907090464548,0.2600991651600979,0.18065454473605147,355.4030178274074,16.52489131579253,1.73596054920256,1.4286674003762565,778.9828785856035,239.21744912021262,0.8001609594984255,0.6046053739934186,0.8366013071895425,0.32539938944165153,0.2238640161778997,102.40082979784445,28.913500187646157,1.8315656644462996,1.5610093760724162,514.0749737367438,252.59062715248226,7.241143929436417,4.981667496510552,12.553634848662874,8.225870744374346,0.194367987570783,0.1656562234682659,21.9662641599912,22.503497905605407,0.7389814903570471,0.7860240538914999,0.8463541666666666,0.3754606752941367,0.2204826683179514,108.21398849831856,21.988722087631473,1.7273221512763313,1.451506921024702,908.0015488243015,268.09434848311355,8.35516254137209,4.906422037164759,13.336167925433564,8.504030835105246,0.18330553850577475,0.15403568906164464,20.0291712884692,18.87781001348032,0.7337159640784257,0.7389814903570471,0.7832391122171567
stage1_soc,41,-0.5013386298858158,0.888361858190709,0.24906707420529595,0.17181694184436774,334.8946797290573,15.568415160469264,1.7429044409213539,1.4347667003073672,781.2841857131771,241.6538260795893,0.8136417359291203,0.5569043140006221,0.8888888888888888,0.3438603606377947,0.25090187529917635,130.10637524593966,30.178426075915056,1.8631253432173907,1.5928240728144551,531.6857539075363,250.14198450388108,7.651957698134109,5.583343577639452,14.797399447521364,10.055069641933912,0.19771713926662007,0.16903243798296322,22.40656977458102,22.492841820473863,0.7857307806975504,0.7760257720947266,0.8177083333333334,0.40256941343240005,0.24988556546304608,137.26846545572843,23.772824607865132,1.7638751692139967,1.4905961263502832,911.2930326517666,278.0321395433182,8.958415900087337,5.560727537047153,15.339206667157166,8.853737016681118,0.1871845894587913,0.15818388332099226,20.572632326958765,19.46515865171598,0.6969375093036134,0.7857307806975504,0.7857307806975504
stage1_soc,42,-0.48991600026128346,0.8906601466992665,0.24716647585477697,0.17142353277007905,332.2877314032294,15.524736749826385,1.7370944917540634,1.4262706638427685,774.8135673719936,236.34154993486874,0.8165102039428335,0.4548797936610926,0.8366013071895425,0.3390675297041394,0.2218103785481718,113.63115572544503,27.5657605204806,1.8678738137128257,1.6011111590207792,490.51150262822466,261.3646548277956,7.5453023701090505,4.935967700695683,11.953939138529906,8.093123801202747,0.19822105276104343,0.1699118737029136,22.51473647186841,22.94270335339249,0.7348810482783007,0.6771008471647898,0.7942708333333334,0.38473766850696967,0.222356956157455,132.15653773833523,19.928549811590848,1.7883569553951697,1.5072783195137163,912.6528937202823,278.96900643007166,8.56160436414808,4.948130744837278,12.926390338935784,7.766508931453579,0.18978262653960284,0.15995421805503182,20.794703620854577,20.5468744292629,0.6788495327812425,0.7348810482783007,0.7857307806975504
stage1_soc,43,-0.5188445787033417,0.8891442542787286,0.2428382346533167,0.1667428244518863,323.68364633703806,14.981678706501885,1.7382969893966151,1.4294086139185995,776.4328140719741,238.78183439269395,0.8162927838827335,0.7103553951955309,0.8300653594771242,0.33163893305211656,0.22627121385406046,122.37393105099552,27.246164829928297,1.8070855960882892,1.5286342563971975,478.61156777836425,251.66431691536516,7.379993093889057,5.035235098065042,12.27404584989863,9.040332096625772,0.19177013278746563,0.16222053618673024,21.598513428194448,19.22909936420411,0.7305736795614892,0.9131241242090861,0.8046875,0.38338742704445034,0.23330502842691203,114.74230734155212,24.153633981839626,1.7202077984837785,1.4441629623106564,858.8471966586588,270.9995548985402,8.53155731093642,5.191759250683709,13.360454120059432,8.981957561420666,0.18255055468946962,0.15325633918423606,19.960167991219272,18.739381413167884,0.6896712718866649,0.7305736795614892,0.7857307806975504
stage1_soc,44,-0.5384785002193124,0.893398533007335,0.24572043684384914,0.16937319167186038,330.7681697519253,15.382052173862183,1.7344122231491568,1.4247671587618345,767.7749002939032,237.3305900691451,0.8196824019541802,0.5907667781792435,0.8758169934640523,0.3399717965473428,0.2318352525384208,129.43170389646315,29.47198559136598,1.7781010274797635,1.5065787631312226,492.9727132078704,245.51055721224796,7.5654251071968135,5.159052186386991,13.331304477237977,7.703869425295215,0.18869425493039216,0.1598799802764487,21.21594724312469,21.845197456213395,0.7738254544998494,0.758637547492981,0.8385416666666666,0.3866559848414331,0.22742024185572518,114.91411345546199,21.6567442551177,1.7198681447281625,1.4454183308334905,869.0634269107242,259.7119927287315,8.604292842156209,5.060804528767675,14.231658054789373,7.916161924589571,0.1825145102176653,0.15338956042668425,19.943206699542344,19.182346605605673,0.7225448712142367,0.7738254544998494,0.7857307806975504
stage1_soc,45,-0.6043491841936461,0.8985330073349633,0.23959940453660886,0.16521580549521706,321.35445502997754,15.130671312654664,1.7360053702892222,1.4273523850469851,772.6544164202094,237.88714750147528,0.8266531859739806,0.825410446310355,0.9019607843137255,0.4198048617884416,0.2889770504111558,142.77567941062833,30.986039615071498,1.8935553969352252,1.6172070789570903,530.6860332017545,268.81900088603334,9.341957991080857,6.430634113732411,14.928462617708739,11.122892273030567,0.20094641377073366,0.17161999240531733,22.79720309061305,23.476947991943234,0.776019325777193,1.179853916168213,0.8307291666666666,0.4564455284875789,0.29895603220696404,188.77290400981346,29.21596151646775,1.7923450713094333,1.509133438359034,946.2843841876429,276.26003117380765,10.157326273406833,6.652697356004199,16.868266229066446,9.955270387197348,0.1902058502762679,0.16015108553495264,20.83740351904132,20.041568486361562,0.6937955081203929,0.776019325777193,0.7857307806975504
stage1_soc,46,-0.5094951920841608,0.8923716381418093,0.2483844460862902,0.1736161496623221,342.52800667803643,15.695488880166824,1.736650577006294,1.4272263026514835,769.3807488792326,238.08045751487435,0.8178563043159223,1.0671973501155578,0.8562091503267973,0.37023810882470376,0.2685276959882745,137.97710861490566,39.74962646549683,1.7947634896640823,1.5250801816095714,489.3682706917392,246.23422186718847,8.238944267111949,5.975572661729616,15.691271182748952,9.29607237673834,0.19046249578880511,0.16184337342507965,21.51451775368269,22.253764051745545,0.7451377176793862,1.206032435099284,0.7942708333333334,0.43277053160587536,0.27487862903096055,147.65149777436727,26.159206578774217,1.7424645440015183,1.4671509394150537,900.4620108044492,260.8933438387819,9.630484289334476,6.116900585937505,17.71366479060084,9.504086324466076,0.18491246773475808,0.15569585141949938,20.2540335629599,18.7653504475391,0.6644396738515708,0.7451377176793862,0.7857307806975504
stage1_soc,47,-0.5231554850506025,0.8929584352078239,0.2459014433477295,0.17082860288385548,331.8191000010864,15.497397406778683,1.7142280347728596,1.4062979000676332,761.353959823134,233.46380773377916,0.8191880022035051,0.9748448733410804,0.8300653594771242,0.3995025628303842,0.29354200324080154,154.0958646222241,35.83623711610827,1.8555838793917991,1.5857338821576312,519.9253804026029,255.48102548710307,8.890168978489296,6.532218448378129,17.161868005469866,10.862226970838176,0.19691682990530585,0.1682800182820421,22.3579249985803,22.568840612450852,0.710214590628009,1.0860142310460408,0.8098958333333334,0.44139565408587744,0.2918698438976814,170.68968897938316,28.91830449878995,1.7634886044392313,1.4909893069586058,893.1435242668762,279.9132157336368,9.82241996995723,6.495007725588323,18.217019592935525,10.645219957822851,0.1871435667322817,0.1582256081278474,20.58056188751576,19.41737682746736,0.6774771371075702,0.710214590628009,0.7857307806975504
stage1_soc,48,-0.540471516483279,0.8918826405867971,0.2427119924879725,0.16734259291918616,333.31948684614446,15.141737883600983,1.7306582216348607,1.4242696871832559,775.7400444630831,236.41422330539268,0.8190690428404054,0.7171657872355841,0.8496732026143791,0.3668638266978658,0.25484526898784965,106.50457991957093,31.12057525373307,1.8914912432193678,1.6227069286739124,548.5612906365621,270.9198259716254,8.163856042205062,5.671096296902727,13.292903209702937,9.4350059322172,0.2007273632547866,0.17220364318134543,22.826456392120953,22.88799095965734,0.7396140546050193,0.8752293586730957,0.8333333333333334,0.43623789158628556,0.26019508859099005,177.81804988371707,24.795917674074992,1.7724214093734798,1.5019174527769792,928.4694202754018,277.3078159688389,9.707643784674646,5.790146347394007,14.861351466925157,8.944383782916647,0.18809152691309075,0.15938531632277003,20.702975804647938,19.725075475467555,0.7024619658574477,0.7396140546050193,0.7857307806975504
stage1_soc,49,-0.55935572720973,0.8978484107579462,0.24287925287660395,0.16758327471101453,316.1841306534647,15.313288136098306,1.7198572607735567,1.4087016219528696,764.0922218067524,233.31148727503154,0.824984634894965,0.5687128311278773,0.8888888888888888,0.3578388862599491,0.2352033105977123,111.86822345971768,25.029470862580727,1.8238488451763508,1.5520213234658335,505.42069386242844,253.69586422542025,7.963023174086653,5.234001906519768,11.991077686325973,7.555121412773598,0.1935490692753252,0.16470240033692327,21.856660017121,22.783087349197,0.7815372230109041,0.9640218416849772,0.7526041666666666,0.428052080890339,0.2504239707947515,150.21729695167755,22.64751437943508,1.7591751812734169,1.4817413907076116,892.4428839337679,277.3138866902755,9.525484151461514,5.572708722709315,13.869356552808691,8.455821253169653,0.1866858209923636,0.15724420794885227,20.435183085193657,19.423541627443146,0.6241885423995649,0.7815372230109041,0.7857307806975504
stage1_soc,50,-0.6305801497053692,0.9042053789731052,0.2409178449330392,0.1647357368532541,316.3253426133931,14.711564677446747,1.7421681166413903,1.4315701571241257,774.3210214989041,239.7430582520938,0.8319300254931934,0.8188009464662839,0.8823529411764706,0.3916918638521799,0.27534029606023647,126.96516455740638,35.91762466339877,1.8395464808954474,1.575704429274291,517.8646703122204,252.5276941356374,8.716356742431547,6.127174106770469,15.106486236355,9.620144491297138,0.19521492156965853,0.16721568048012106,22.198301254731085,22.622728458887135,0.7648453820208165,1.012811581293742,0.8515625,0.45624754811375534,0.28538435775165755,185.92668105759444,27.01294533707327,1.7950873167342456,1.5169900747059728,928.3729691693665,281.74521092060627,10.152920597094656,6.35068557822257,16.54789313501664,9.233616832039658,0.19049686071339966,0.16098484138956,20.946095506962646,20.11829154025711,0.7146882355658735,0.7648453820208165,0.7857307806975504
stage1_soc,51,-0.7281481097379932,0.9088997555012225,0.23145570819007585,0.1573736810917604,299.02698500536354,14.094170893475523,1.7352094174534707,1.4240079761803388,768.3458840195451,237.3776713892185,0.8394630430441997,0.6776831259135327,0.9019607843137255,0.3913190691466246,0.26267851458168495,141.36292561074654,32.78978594638898,1.8326483616255629,1.5569817589388952,506.6247853801572,257.91164657420194,8.708060905971346,5.84541026496798,13.869614391739256,9.494574281524356,0.1944828847191446,0.16522880781391927,21.95337828853192,21.533264563534136,0.7845650635697381,0.816770871480306,0.8307291666666666,0.4130165601347559,0.25071958282690804,134.26934254136378,23.106680514960907,1.7674575157033157,1.5014728152236785,892.824599461174,275.520443629959,9.190897261080366,5.579287005710376,14.67317114676245,8.525498555354485,0.18756475244799029,0.1593381308420029,20.70880394889962,20.071111232532033,0.7068241986262399,0.7845650635697381,0.7857307806975504
stage1_soc,52,-0.6897230109433965,0.9071882640586797,0.23523849367837432,0.16103726553391381,302.0001791587256,14.519328377113812,1.7325738956685395,1.4218105540882278,772.2361089064052,237.05983865827744,0.8366167159551674,0.3754033278795629,0.869281045751634,0.3350470834473891,0.21143405963636303,82.2433039224459,22.521942256569872,1.7690760647313246,1.4882996504018509,476.30749386939465,243.01614622776722,7.455834992632877,4.7050624773421115,11.007398238194698,7.909533646862851,0.18773651484966963,0.15794017848568875,21.037888801222298,20.61866205879337,0.7687669207174173,0.6742509603500366,0.8333333333333334,0.3718840589715104,0.20953845031181118,89.13586625119406,21.183294172407344,1.6998959285028419,1.4168838120846583,861.1861428405905,257.07507165477216,8.275571754133836,4.662879300610851,12.519284332789363,7.518216234434247,0.18039503421393838,0.15036144241094937,19.604274013074562,18.8932978306431,0.7217681156418803,0.7687669207174173,0.7857307806975504
stage1_soc,53,-0.5647137440912298,0.9022493887530563,0.2408199632460144,0.1668585740162793,321.55324434665283,15.20419336635453,1.7357953028251143,1.4248466783159466,769.5975849326361,239.2641642487935,0.830003399779252,1.0322988991643869,0.8366013071895425,0.3462824468967316,0.25194919955448,130.69285800473799,35.62738617405131,1.8732594426000824,1.6065186932196025,534.7416417874865,269.1352542653385,7.705856616753981,5.606649785086417,15.683044330987352,10.03475792007002,0.1987925822829924,0.17048572784330734,22.591821316337214,20.97137923987548,0.7327165731205231,1.002638618151347,0.8072916666666666,0.4143526940072763,0.2637204919713743,153.71700380841233,25.61819040147232,1.7853031897685865,1.5122770410889643,892.759504906025,288.0979769936944,9.220630376734077,5.868597488099855,16.561846851706374,9.197764049892614,0.18945855719779672,0.1604846885000002,20.870689330065503,19.89157711926543,0.6829858584644838,0.7327165731205231,0.7857307806975504
stage1_soc,54,-0.7099627989195378,0.9112958435207824,0.2292706031851056,0.15677099916050188,299.15679559998995,13.975389922256305,1.7281445491530139,1.4197023313751667,764.7316536194775,235.84456070030114,0.8425146625652508,0.780438657679589,0.9281045751633987,0.3478366251514834,0.24762698518587092,114.34821858783545,32.89387062138187,1.8686961874188122,1.5774849022136015,501.80303168852686,260.1563542215085,7.740441895029915,5.510467132775115,13.987475598111113,8.348997409227476,0.19830832406415122,0.16740462644523482,22.267445345616412,21.466617245247996,0.8237535876179537,0.8464382886886597,0.84375,0.4066083398755731,0.24723112429395164,133.96606359278485,23.36167107852139,1.7492032032076723,1.4729750849195018,884.7100259014074,259.7308032346698,9.048294518930495,5.501658002249883,14.612333735046214,8.933072698965956,0.18562758248835412,0.15631391686099216,20.336189837547384,18.61573277295394,0.7217674980373281,0.8237535876179537,0.8237535876179537
stage1_soc,55,-0.686026464656979,0.9092909535452323,0.23062209479065365,0.15776485145260513,299.69642043916315,14.364041587964852,1.72907600919661,1.4195327742828152,764.1087666845107,237.33809639903998,0.8401043251080361,0.4970112181956472,0.8758169934640523,0.35583934978378495,0.24786431445843643,123.72002083439759,33.46293901998576,1.859864864602964,1.593223221940932,534.1489186849183,251.45132720439963,7.918527296448693,5.515748443917907,14.146635123726144,9.51738765988447,0.19737113328981815,0.16907479617626192,22.441045910361435,23.3816798562826,0.7690651885289168,0.6219547192255656,0.8463541666666666,0.3851334981303134,0.23327464492225167,135.40642561413435,22.043746644072826,1.7444080230737797,1.4754587718271068,921.1859105632515,278.33726048073095,8.57041279885069,5.191083123630415,13.689691716995696,8.278108435439487,0.18511871210999079,0.15657748875216593,20.352027732868667,19.532795157347422,0.7308141172275726,0.7690651885289168,0.8237535876179537
stage1_soc,56,-0.6670361342581677,0.9094865525672372,0.23537619048464817,0.1604066650982272,307.4682863638621,14.533207043380548,1.7231170196696346,1.4120288407424133,759.2731752161388,233.99639864534538,0.8388736954218428,1.1496260773901845,0.7908496732026143,0.3710178855106048,0.2584425545924532,145.78813836759275,34.7470131806501,1.9017568471849542,1.6189162466261122,527.7087752144084,258.70417215895645,8.256296712748423,5.751147039662016,13.88438316387699,9.809872230673404,0.20181676169827228,0.17180137136797072,22.88750820604357,21.931556712332846,0.679544307549433,0.8554929892222086,0.8046875,0.4035104889011629,0.24468313400575425,140.40439969685949,26.017846244894535,1.778485014290584,1.4968855679544504,908.4791638384804,277.7587891061852,8.979357743062108,5.444957329149967,13.965805883680034,8.19796374206035,0.18873500408021604,0.15885132655345505,20.691082973686015,19.67045275389311,0.6836343533296512,0.679544307549433,0.8237535876179537
stage1_soc,57,-0.7246139724680147,0.9122249388753056,0.2345825690423795,0.15999743289633,300.91555026058023,14.284615900677458,1.7225949070115036,1.4109803080491377,752.3731737716344,235.301260870866,0.8418501681625918,0.6160474649441787,0.8823529411764706,0.35229687917714586,0.22015886385529454,108.77065642497675,28.854533791331054,1.8099858731299405,1.5339493237289727,492.5541549493156,253.8668510062866,7.839696357114458,4.89921638529456,11.806356092338483,7.91745187252557,0.19207791373298466,0.16278457763014345,21.664054139455587,20.78028814128706,0.7766638774233268,0.7950219114621481,0.8229166666666666,0.40033433476841523,0.2400197953732762,180.57424355031102,25.50599452311335,1.750944242399998,1.4708528996100843,873.0823523425055,267.36354541347134,8.908678479475402,5.341183605765245,13.942816894247,8.787770375182408,0.18581234369602642,0.1560887079613874,20.327262124189435,18.576541606566757,0.7028163662361421,0.7766638774233268,0.8237535876179537
stage1_soc,58,-0.7431893915652062,0.9155012224938875,0.2338049505251673,0.15810807094185142,295.2531452233612,14.17401897658583,1.7231847092108858,1.4096371332012245,756.5058641213582,232.55977769950715,0.8453597373363374,0.4021636028500164,0.9084967320261438,0.3312470329621603,0.2232105579543737,116.29970760509121,34.31673915738264,1.8426565588494805,1.5646495583400228,505.9495944170748,262.93297278183576,7.3712721034710915,4.967126027774102,11.829608657760774,8.148931983579047,0.19554496684450073,0.16604252406096642,22.092107512269695,21.23957985531022,0.8091226221374956,0.6746423641840616,0.8489583333333334,0.39295646090347075,0.2341738038788511,131.53706438117908,22.793071073780183,1.7756225898836753,1.4904647697912878,906.5699082809562,277.974081073957,8.744497942317787,5.2110921944260005,13.367313802105796,8.23307837458287,0.18843124010257428,0.15816994360235603,20.617582465405288,19.662409206276198,0.7310713950622921,0.8091226221374956,0.8237535876179537
stage1_soc,59,-0.667563972636365,0.9097799511002445,0.2381616857728784,0.16323198095310143,309.6448112598017,14.841912809387662,1.7088007714904505,1.3999665059220765,748.9837591761006,231.3113054959095,0.8383314453683809,0.8396617532555574,0.8823529411764706,0.37583009777122234,0.2631061122892729,113.76427396002589,33.77158031838759,1.8451729152343335,1.5589295925657733,512.2150534750664,260.6838634293732,8.363383335307617,5.854925637906615,14.027245447304708,10.047890043633215,0.1958120056605415,0.16543551429981174,22.05748321768133,22.15840252394771,0.7696039118451039,0.8674703041712443,0.8359375,0.4074916042074433,0.2542198921194843,146.11854828757205,24.16131857129365,1.759529039052053,1.4799213589794817,931.07337309876,269.9720752725995,9.067949885112295,5.657179725265196,14.658110491646307,8.85498332545584,0.1867233728124566,0.15705106395670473,20.45446335581688,19.464651188838484,0.713690018737767,0.7696039118451039,0.8237535876179537
stage1_soc,60,-0.701596960193662,0.9116381418092909,0.23024825876517765,0.15592810187210993,296.27209303022266,13.911361646097143,1.7140418913633417,1.4035201905307093,746.7801319869104,233.10480840262906,0.8425636641797376,0.6733633478482565,0.8954248366013072,0.36626640763641566,0.2540406840883829,140.9102830348844,28.19728802816268,1.8745211179210066,1.5845190713218613,520.5448849087466,269.4395043231015,8.150561618335452,5.653191791702248,14.140183112359106,9.468763317461285,0.19892647281056458,0.16815110107093076,22.395145428417344,21.679785116933704,0.7855449143103825,1.1261332829793294,0.8020833333333334,0.4197131041211618,0.26980057786325534,148.00172874910717,26.782356295237562,1.7344043019939321,1.4575963681782014,891.5883224923213,267.7156221174849,9.33991609888019,6.003898224594754,16.77848638501041,9.656929172329704,0.18405710499851594,0.1546819086384907,20.140400802019702,19.601399965171716,0.6761694020969848,0.7855449143103825,0.8237535876179537
stage1_soc,61,-0.6762672728926745,0.9105134474327629,0.2349574802112887,0.16070513328195785,315.12000342863666,14.645029216545804,1.7294047008847324,1.417727440005865,758.6714592049038,237.2468916482892,0.8400262033693763,0.6914366000618031,0.8562091503267973,0.33673483644675267,0.24307350433291564,107.3544910539586,30.77256061973341,1.8375641600067485,1.5516591299982632,487.3185585047941,253.50200009052153,7.493392722555786,5.409138085130746,12.662393268585344,11.11073874184431,0.19500455525337776,0.16466396392332944,21.981231268804063,21.642381520178084,0.7551886993927716,0.943614681561788,0.7864583333333334,0.39407743096655895,0.23484975277339495,103.73761766320702,24.498528717829316,1.7251301644235593,1.4468933886601008,909.4066485889699,262.01447776246243,8.769442997013,5.226134150229096,13.115427569434601,8.677887790914019,0.18307292218105034,0.1535460953666398,20.01837268144425,18.948094993567807,0.6682351040433657,0.7551886993927716,0.8237535876179537
stage1_soc,62,-0.608645102295724,0.9033740831295843,0.23832986970360356,0.16298698446724774,311.6029224743447,14.640433032223273,1.69523748736618,1.3855357532570718,736.6395460674739,229.35310221100883,0.8318751222185032,0.36306153004075964,0.8496732026143791,0.3150171804311671,0.20183499688221737,101.81965509579938,23.96537336762558,1.8264702908022976,1.5639643250337614,505.08835452715755,248.3350461503298,7.010107633150158,4.491453610067563,10.096251737250396,7.805467296294992,0.1938272602901123,0.16596980626474436,22.033619335176862,21.143792578776637,0.7551680484850289,0.5688011248906454,0.8463541666666666,0.35985616155983335,0.19959987037388296,107.66524916112314,19.646077955941486,1.7522916142750329,1.4748073869971752,879.3064076911966,275.4194999465399,8.007913795476028,4.441715124770711,11.270475958461924,7.546123116567989,0.18595532844669282,0.15650836299763493,20.389206023257234,19.12628410065287,0.7383973181987167,0.7551680484850289,0.8237535876179537
stage1_soc,63,-0.7014474617706243,0.9176039119804401,0.22973442176686948,0.15716078220839297,296.31161382491234,14.070057915974148,1.6884579438769527,1.3808562402187647,735.8761803107532,226.9268410887184,0.8486835854503793,0.41692575734425213,0.9084967320261438,0.32059284635330365,0.21795215553853636,108.21157358890228,29.559280929680305,1.7465868605229984,1.4732211643184712,461.29364005678536,240.62600685544453,7.134183463513337,4.850110292749799,11.391457474028462,8.323894466593474,0.1853499330039337,0.15634003110766578,20.835327558951285,21.018292785146812,0.8123188781201527,0.5925659735997518,0.8489583333333334,0.37197912016313006,0.2161278989248482,107.26740319110552,20.809221223098717,1.6957760708327825,1.41065863280528,824.2365267464787,259.36791334378734,8.277687159979564,4.809514934760318,12.373586278602454,7.818540370876491,0.17995782988108164,0.1497008187749598,19.53597258278689,17.391381793430067,0.7373645972843943,0.8123188781201527,0.8237535876179537
stage1_soc,64,-0.7582982258575178,0.9186308068459658,0.22826552068747336,0.1548013058127858,297.59278081452663,13.91992231075565,1.6978543072895549,1.3862902783669422,741.4767998917475,227.53017856946337,0.8501511506397238,0.6823965014975055,0.9281045751633987,0.35936597870091275,0.24929604759086776,122.81794747237367,29.371880097717725,1.817049789308491,1.543156207776537,500.4691609576338,237.22664716813867,7.99700570914164,5.5476089391028145,13.460504192034186,9.959771826477851,0.19282754515414835,0.1637616234215449,21.79177346197901,21.477854822966616,0.820294781553125,0.92020050684611,0.84375,0.3963776374394905,0.23756241186977908,121.73701605938675,25.333224232109792,1.743320596383356,1.455848449872671,891.2390880786493,269.22029905678124,8.820629713025278,5.286499214165193,13.10212785910285,8.66320351528317,0.18500331306012252,0.15449641741091477,20.160721789723194,18.714951928451512,0.7248367087681529,0.820294781553125,0.8237535876179537
stage1_soc,65,-0.7701487377045498,0.9205867970660147,0.22563471553000708,0.15253223495391677,300.8006890782144,13.742345862314595,1.7172352848739212,1.4054416281489022,744.3416817921042,233.3773751950688,0.8528963824070125,0.49590828449897517,0.9019607843137255,0.32630284866345,0.21410459440712834,97.55141824560876,26.428067099556717,1.8501427747369725,1.5881749344807046,503.83907468676756,253.8723092293332,7.261248694447332,4.764490144606201,11.78255211404596,8.22741443066302,0.1963394132270781,0.16853906573898064,22.382052967200362,22.20197770680175,0.8040699297146905,0.7028297781944275,0.8697916666666666,0.3777535293273987,0.22773199589573778,124.71433210389871,24.70418891105234,1.7484165405879086,1.4869024300254143,890.3210214299147,279.1196788347727,8.40618564283681,5.067742021423048,13.621304322014803,8.470470545309006,0.18554410088937645,0.15779190375110913,20.497065374533765,19.215256452774405,0.7564656078684471,0.8040699297146905,0.8237535876179537
stage1_soc,66,-0.7611265418348802,0.9182885085574573,0.2266516022951478,0.15520761838813557,292.8174694639737,14.013192193092681,1.7084256780638267,1.399753208215551,743.6936222015883,232.198418945686,0.8502930278689129,0.963716637075337,0.8758169934640523,0.33136140614117143,0.23941550711839418,124.29401700787338,32.77453978783525,1.8557936775942137,1.583400446994632,524.1045147675702,262.79780739632247,7.3738172608308155,5.327736321073112,13.595896724651878,8.764952073519124,0.19693909394704395,0.16803239128970265,22.33364871315537,22.699086260173633,0.7764085716217008,0.8451065222422282,0.8515625,0.39337087081989425,0.23202696323642158,117.45213420270352,21.406107066627506,1.7567023812731672,1.4807961868670343,888.4432947587597,272.38682857792395,8.753719846070455,5.163318342999696,13.860131739804372,7.51006689846506,0.18642340443310862,0.15714390176169044,20.45011462060695,20.10102854978539,0.7335512387540317,0.7764085716217008,0.8237535876179537
stage1_soc,67,-0.6640662153309307,0.9042053789731052,0.23883029528022515,0.16177422632417734,295.8070338851288,14.69477503311802,1.6982568044191886,1.3902094850822608,740.3874697114381,227.28011021250626,0.8325562903890376,0.8649878392811694,0.8104575163398693,0.3537414038982308,0.22484258494151185,94.78675646831746,26.699169641691594,1.8220336794972283,1.5368062380482168,495.7700342863345,249.25692394033462,7.871841504752731,5.003443681383931,11.607807794411034,8.025415955307448,0.19335644167424745,0.1630877568705457,21.744620035993922,21.263088785869723,0.7043350951704,1.0422999660174053,0.7682291666666666,0.3757888857097076,0.21711276109635946,112.2602003107936,21.09023744170382,1.711955087828647,1.4346979538992553,895.75489073691,267.11832449433314,8.362466239336513,4.83143116744535,12.92747371196902,7.568088125647407,0.1816747669450391,0.15225190091976318,19.832762539912288,18.598576750587963,0.6554925009537543,0.7043350951704,0.8237535876179537
stage1_soc,68,-0.6932907285433818,0.9089486552567237,0.2316680872016757,0.16015849638413773,309.10740521759044,14.858576816513438,1.70385999643085,1.397409107292021,743.7476087686679,230.69219874717328,0.8394482290962211,0.568665527440364,0.8888888888888888,0.34029045501474775,0.210769660600455,81.79375475072968,26.538250716011092,1.8133295409271828,1.5323377781444125,511.81438659982786,242.26943454763926,7.572516244739427,4.6902775416547895,10.608488625344453,7.977113692313559,0.19243274784757355,0.16261355844244524,21.67248932633856,22.60830600925683,0.7868017523844645,0.7179321050643921,0.8541666666666666,0.3696651390329592,0.21004018594976515,138.43798174648117,24.136207212748793,1.7518119168373225,1.4836410147715167,886.6895318687333,273.29838839966214,8.226193915194077,4.674044472048899,11.471803173309757,8.103221006409207,0.18590442236812818,0.15744579837698133,20.483701482400527,19.90937289495846,0.7432671249567788,0.7868017523844645,0.8237535876179537
stage1_soc,69,-0.8502210885388344,0.9272860635696821,0.2174476876328693,0.1461746325088132,277.5489109852573,12.898050540253305,1.7034166426369843,1.3953293002821723,741.1435776324146,230.19359364731383,0.8620517572798213,0.9148465472888323,0.9281045751633987,0.35771953098727866,0.2547435878526444,96.89798373833531,34.22634313086577,1.8567778869316145,1.5715335948404923,521.4391810758134,260.2952265280857,7.960367149717258,5.668833576815288,14.035564202542075,9.4815627780474,0.19704353944521658,0.16677306643077253,22.262420342271444,22.406831226217278,0.8207887158672151,0.9511699279149374,0.8359375,0.4040140784507347,0.24295326552237384,110.36045635585083,27.27050941118584,1.73310654643441,1.4626866428225185,889.7738627971206,267.0967372167293,8.990564169773808,5.406462399308066,13.484237974886904,8.499251811555899,0.1839193855919123,0.15522209480708085,20.218914099843214,19.077067323752797,0.7147332764647796,0.8207887158672151,0.8237535876179537
stage1_soc,70,-0.8457629024603548,0.925721271393643,0.22192054299091293,0.14966054800103137,286.4299938241267,13.457336786792823,1.6970037832821172,1.3905452302173873,738.29401068944,228.41339432490878,0.8591451084963692,0.7376049725837956,0.9019607843137255,0.3332810148903661,0.2350795267795036,96.69480194389627,33.97173855792146,1.8034475020509726,1.5367471838698668,495.51230752633563,243.85521906244807,7.41653449906834,5.231247333300309,12.518980570981606,9.075014284550234,0.19138405380031653,0.16308148996893995,21.668771556167986,22.11099397782024,0.8019764798466157,0.7895874381065369,0.84375,0.39925612600416915,0.22688016074243933,106.60283999491803,21.4141895976432,1.7480071465271245,1.4805525426951742,856.796606022603,270.62488108816115,8.884684996078638,5.048786051776726,12.667663110718825,7.504816835717426,0.18550065549112363,0.1571180459442949,20.429895447227725,19.12314607657812,0.7239731621987493,0.8019764798466157,0.8237535876179537
stage1_soc,71,-0.786814554236046,0.9203911980440098,0.22428804826488805,0.1521758268663573,282.8896433890517,13.737813306873822,1.696945168799204,1.389298065210622,736.7230760742469,229.5350181166562,0.8531047835645434,0.5409847252509173,0.9215686274509803,0.3348053617525602,0.2380453827151773,106.0690872004076,36.1077298449324,1.7835205148298563,1.4985648137486838,501.6733250999228,239.93401948966886,7.450455936494737,5.2972468108685895,12.951100835717972,8.944632792615305,0.18926937755381243,0.1590295301701736,21.2238413280004,21.216924574214204,0.8211270189252122,0.6671648422876993,0.8802083333333334,0.3856792765972489,0.2315455137262082,145.09345773620706,23.433572757090747,1.719027927563057,1.4447798942007164,890.0446518481953,266.62964523330805,8.582558059600712,5.1526046007145805,13.401990535977887,7.586656806184315,0.1824253453448605,0.15332180875066595,19.967798722746306,18.640381525378213,0.7645045503541588,0.8211270189252122,0.8237535876179537
stage1_soc,72,-0.8846594271449996,0.9293887530562347,0.2182986852837937,0.14651067594391884,278.6405773768706,13.025242272357376,1.7036462219730406,1.3935689556163742,738.8448493167883,228.53972296439147,0.8638991474710966,0.8537189535845339,0.8627450980392157,0.3483679229573801,0.2457585530051219,122.36876911053824,32.5156612330184,1.790705385135783,1.5126551810432882,477.53569780669636,239.31118913807143,7.752264916236235,5.468888731640407,13.461963238919903,9.668164500564744,0.190031844774851,0.1605248171742644,21.37695212935486,20.942306634272608,0.7582347211520017,0.7323497335116068,0.8463541666666666,0.3985572356205925,0.23577181230454394,123.24006663447092,23.134577681041858,1.7277140110246796,1.444149002134509,864.2369562966156,262.27519042564995,8.869132521112222,5.246652829714067,13.648592716001717,7.386812344271064,0.18334712314135454,0.15325485771327566,19.979218532735,19.43305201556872,0.7267869959804889,0.7582347211520017,0.8237535876179537
stage1_soc,73,-0.9689574575599074,0.9335941320293398,0.21006472297389847,0.14048808982734703,266.84257635310587,12.395822909238472,1.6985076390803864,1.3881038922504556,732.134226484989,226.74864147388212,0.8705747151371703,0.8268891752155778,0.8300653594771242,0.308490725250618,0.22200222608018544,118.4755959049623,33.105825145172936,1.8826699307379349,1.6021938625893561,529.2059757910139,267.23771274449507,6.864873797916283,4.940236902288845,12.42224855053108,7.4984279404768,0.19979123478938018,0.17002677152931703,22.632404255243447,21.699055056341503,0.7375181419019389,0.9562379916508993,0.84375,0.39029482328294135,0.2282712442392949,102.95272203491834,20.91304678609989,1.7594799415118114,1.4854071785254443,868.9334557384221,274.9198566395221,8.685268264194152,5.079741966709077,13.126708001211286,7.882679728622119,0.1867181625214598,0.15763322583384795,20.512823437204574,19.91799516293758,0.7266615530151176,0.7375181419019389,0.8237535876179537
stage1_soc,74,-0.8776956462612362,0.932078239608802,0.22139288267524312,0.14835088301424967,283.72019852008304,13.276980480842742,1.6842640081620694,1.3776385795630623,736.2602168845384,225.1006068296158,0.865660374806229,1.3793396797834658,0.934640522875817,0.3598565182535045,0.257000953391243,152.1810449046223,36.9141659361251,1.7752881363612778,1.484725727364908,464.1589078341942,248.61597696885303,8.007921733014621,5.719066949392878,13.740392173158385,10.553289804945523,0.18839574748587687,0.1575609094035543,21.01159541302454,19.392212349146114,0.8266835673997657,1.5864455699920654,0.8671875,0.41811551705936567,0.2694756377507777,138.11187965931404,31.60188562221327,1.703039705000978,1.4222586246251012,879.8986318144474,265.157436602994,9.30436484024347,5.996667300999799,15.274040542038522,9.750123120838197,0.18072865561948034,0.15093182408895048,19.664371229954753,18.89529007767799,0.7417528448821903,0.8266835673997657,0.8266835673997657
stage1_soc,75,-0.8930747102933292,0.929242053789731,0.21470976518333965,0.14404873480922417,273.6720653032543,12.840922329878506,1.683651429246765,1.3750450193633332,731.6959589844507,224.6777512215299,0.8648291242347291,0.44255217500761446,0.934640522875817,0.34742782452288623,0.24230240861233932,120.87839583864772,30.728383811703246,1.7796205811723358,1.5029739490131926,503.3491276371661,252.1212702376018,7.73134481529908,5.391978817851091,12.919128262554608,9.346163464812403,0.18885551182604393,0.15949743299502211,21.259251197070885,20.90871455025083,0.8304121755189511,0.7024850447972616,0.8802083333333334,0.3994438438027915,0.23441993895054716,112.51682994661984,21.593363295050786,1.6899121588226842,1.410451601164823,852.8376243704934,254.0820278509065,8.8888622983172,5.2165694618643075,12.930742067969755,7.590817297946599,0.179335544369391,0.14967884832415904,19.518125915184935,18.12366443118718,0.760375180192496,0.8304121755189511,0.8304121755189511
stage1_soc,76,-0.8633526560729756,0.9299755501222494,0.21964726073192167,0.1462865654222467,278.7234060451787,13.070758656769303,1.6782355506350215,1.3703543402558571,718.4504447224153,223.69665631205572,0.864081371902673,0.6760116114335901,0.8823529411764706,0.3398600699618379,0.2423555079263215,115.55219653384212,30.705558256811692,1.771165977828638,1.5048065304366591,490.6527081043088,235.51781888785638,7.562938844737091,5.3931604419953745,15.170248105878231,7.598059734920942,0.18795829898267008,0.15969190877618197,21.240540625750047,20.998513695693326,0.7803949201879192,0.8898515899976095,0.8515625,0.40067509866495704,0.24038299732637824,109.20298153478196,22.498273757383615,1.7143652481177807,1.4369761196066975,871.7956378831708,257.1985214028144,8.916261531260007,5.349265973781908,15.514005118529873,7.6187322141022165,0.18193053610156756,0.15249366264990685,19.859714951013324,19.627846927571326,0.7313599704005129,0.7803949201879192,0.8304121755189511
stage1_soc,77,-0.9569932866387962,0.9339364303178485,0.20797877287078403,0.13998483858813593,261.51057089389315,12.539644390542902,1.677656345171946,1.3708733682270209,720.7145258624442,223.6764711734076,0.8715427984566132,0.4910868994550767,0.9673202614379085,0.31798376527927735,0.20325973842846948,107.85536984929234,23.66488759240914,1.730056035885578,1.4501186749514412,460.2934666346533,237.91596983785763,7.0761233312770395,4.52315852081236,10.815093624175093,6.929486550831486,0.18359566168293678,0.15388836669108996,20.51158716905316,20.646834841728637,0.8719251318541253,0.5967157781124115,0.8828125,0.3545119463049516,0.20079116269819983,91.15896273527227,19.896080047836236,1.6605251188598193,1.3801543690230271,797.0857182519844,253.55261480717394,7.8889884590859065,4.468225067512807,11.73666890950018,6.877010787736724,0.17621695576013635,0.14646366900808142,19.117527126574036,17.727377894862812,0.7764589161085145,0.8719251318541253,0.8719251318541253
stage1_soc,78,-0.8617191149378173,0.9244987775061124,0.21790911029922394,0.14651766674105798,277.70684537603944,13.157131625101359,1.6725197773607545,1.3692029633992386,722.2972228344868,222.73109002649588,0.8591260444163452,0.5549207471944149,0.9477124183006536,0.32092886726240866,0.20813254241715945,105.64898428061159,24.879654995493638,1.7704474266972139,1.4877917844485613,476.44206264157214,249.01692428105707,7.141660969142048,4.6315934969276515,10.886214102314913,6.708885351784104,0.18788204545810763,0.15788628312981215,21.087003171882458,20.36721003650641,0.851433758121931,0.8068461020787557,0.8411458333333334,0.3792721015011862,0.21531388990964237,117.27513285906922,21.76228248816517,1.698890869890781,1.421280749872191,847.2786525162355,250.51496606880085,8.439978575566341,4.791400713805331,11.717431913512696,6.839950362251586,0.18028837616524862,0.1508280508246286,19.657630231627454,18.94403681830409,0.7273642028829775,0.851433758121931,0.8719251318541253
stage1_soc,79,-0.9842875983954059,0.93320293398533,0.2121523471754021,0.1412079563564769,278.7261543396431,12.583455243775518,1.680012363910918,1.3704600141191978,723.1784888419297,223.94549107583885,0.8695572298327094,0.9339021319657369,0.9477124183006536,0.33774676536312076,0.23515381939782232,126.32487594762267,31.180813522756072,1.7581985779796576,1.4794508832342483,470.63568811157035,232.65679519756443,7.515911274119,5.23290057408562,13.27230328583118,8.519061518997045,0.18658218265684132,0.1570011364954201,20.908393121564227,20.337661242151764,0.8463883886917173,0.8910591006278992,0.9010416666666666,0.3767323480911555,0.22222609372329316,99.74554050375787,23.344905100905052,1.6550386922785518,1.379066020825121,817.9640435066849,247.41931973492234,8.38346119850898,4.9452186504957725,13.411732227517012,8.167930529510047,0.17563472946366435,0.1463481721667125,19.09667976316887,18.338654947521043,0.78802196223932,0.8463883886917173,0.8719251318541253
stage1_soc,80,-0.8843682829558412,0.9273838630806845,0.2243065955359495,0.15049727594518628,284.0712562475419,13.495967530311383,1.6833351508667125,1.3775958090409874,724.5643321777039,226.83969310153063,0.8600918844198997,0.9296335698732363,0.9084967320261438,0.3523643131881919,0.2502257119547697,116.99693878582312,31.606007477944342,1.7494865643317072,1.4589082117563759,469.35806705099634,243.69477041569363,7.841196972652065,5.568296849662922,13.593691715184855,8.938565244956294,0.1856576531172721,0.15482112308285764,20.685469734158342,19.636500074440146,0.8027874380696862,0.9800242185592651,0.875,0.40459327445428594,0.2385338272821779,121.10083906018133,20.043714967568828,1.6544088428032346,1.3774913487553324,830.0017217201311,262.0841335782232,9.00345307418222,5.308116214825589,13.307586286915331,7.635116650542509,0.17556788906729398,0.14618106604148318,19.07196438418735,18.257395160893388,0.7536220176637143,0.8027874380696862,0.8719251318541253
stage1_soc,81,-0.978907747635923,0.9316870415647922,0.21088796816237917,0.14086406111374525,267.4724466710868,12.449035842010142,1.661071038939947,1.3557473013900256,708.3230465480933,221.09628624045797,0.8684206511160785,0.48018836234909257,0.954248366013072,0.31475587592905907,0.21301581677706802,99.26796404691677,25.913520835392013,1.7707951127672408,1.495362649556079,479.5476241835538,247.14825894690873,7.004292798917,4.740261471221332,11.316262137303083,7.295881955903508,0.1879189423289375,0.1586897125911102,21.14746252636623,19.597801450152915,0.8598216032343542,0.5437520742416382,0.8958333333333334,0.37692743633425413,0.2104218089055697,92.53113129158214,19.05362231395479,1.6984356426012615,1.420312895810639,860.5544284900197,258.32492160389074,8.387802515957798,4.682536764411522,11.822001892764526,6.870523661683073,0.18024006688872704,0.15072534096832488,19.646783425575155,18.43771078530792,0.7827551024330571,0.8598216032343542,0.8719251318541253
stage1_soc,82,-1.0694494552425766,0.9422493887530562,0.20168685639839362,0.13368497920810066,256.7710019101081,11.744969730632647,1.6648761504879954,1.3578424572528391,716.1713284187749,220.85271914775234,0.8817433318335381,1.3975970612631903,0.7647058823529411,0.3510216045528523,0.2542398937557842,119.35087498537396,33.86408661434246,1.7850030327827149,1.5257563999567936,503.8341018713737,243.9133548460858,7.811317548168589,5.65762482360272,14.554183475464466,9.055637735147918,0.18942670417148613,0.16191513454282683,21.46665734399042,21.365755529949897,0.6593994009870854,1.119613031546275,0.8125,0.4077228291889886,0.2422562184316727,115.16243939966712,21.283705465954576,1.7000543208608851,1.420063032800196,826.0559454815766,257.2645746469184,9.073095356879541,5.390950943315409,13.590646466643781,8.763516595729975,0.18041184300462335,0.15069882520017586,19.644889042979056,18.268967955420962,0.6901831512433034,0.6593994009870854,0.8719251318541253
stage1_soc,83,-0.9411128446000713,0.9284596577017115,0.21814987217416096,0.14337324029499607,274.36658269978034,12.359641060636386,1.6577899310046869,1.3549744873139142,714.6299644536185,218.8796920710103,0.8630146960494631,0.6977154854076361,0.9084967320261438,0.2869622989115316,0.20927865576802515,109.19490190922866,26.59962888392534,1.7776928295151837,1.5072116651176628,472.128879312068,247.65723361930662,6.385799654713111,4.657098067625549,11.37666449768957,8.365740130417738,0.1886509364633309,0.15994714460903142,21.254620578274977,21.317830496583753,0.8224080423526843,0.8335310419400533,0.8541666666666666,0.387642603467375,0.22737671767390566,112.01594498329656,18.780939515025054,1.6634183500666884,1.390011529304805,810.5707675408399,246.3206289827914,8.626248161390723,5.0598359809609095,13.085787890712291,7.047352774038741,0.17652398899305413,0.1475097229084809,19.23978379030829,18.326927113046516,0.7378738856264542,0.8224080423526843,0.8719251318541253
stage1_soc,84,-0.9090015726392602,0.9382885085574573,0.2089410540228982,0.14011600075863428,264.84092306025144,12.652627904799534,1.6636590978909234,1.3598604625463941,714.0578262099646,220.69249956093216,0.8756061923505878,0.5081346666111666,0.9215686274509803,0.27099244885502566,0.18701812747890265,110.26415929093706,24.139658426026458,1.7387533173034508,1.456468007630772,463.7144299853925,256.8500060023432,6.030421044479383,4.161732389271284,10.447545621427135,6.775879477120567,0.1845186278202386,0.15456216563767158,20.612184012519958,19.238867516689048,0.8402708927944726,0.5724833408991495,0.8671875,0.3657493140083408,0.2040577939405921,75.98148033157621,22.806377719197133,1.6255729106387151,1.3567426099834847,828.3537816377467,247.33144452690152,8.139054684065202,4.540917726927884,12.280736771046511,7.313228674795219,0.17250778469138037,0.14397918451574757,18.7763269765881,17.5233189616556,0.7574627057974977,0.8402708927944726,0.8719251318541253
stage1_soc,85,-0.9707343128316268,0.9359413202933985,0.2088642455029512,0.13973494636129433,272.58386678349007,12.495304153492208,1.6488342876084392,1.3461605506091125,699.086756267641,217.03372757363672,0.8732820466425131,0.5419558154212104,0.9477124183006536,0.2967734820693206,0.19674616924858365,96.38557284759925,23.760098392192102,1.7846471110903268,1.5026474283411613,473.7839354437467,249.78158981196893,6.604128857744245,4.378211438991386,10.098594647804585,6.851412361009264,0.18938893332634246,0.1594627822221042,21.25348030351946,19.32299800559093,0.8586803736798574,0.6766988138357798,0.8828125,0.3735256531319836,0.2117325448731814,97.48986338636705,19.562346027258066,1.642355188232838,1.3671599133764782,843.8060750762228,250.20114281317984,8.312102306972626,4.711704698043024,11.305908140911399,7.117514743339057,0.17428874050756732,0.14508468148793643,18.940996699795736,17.772441700896373,0.7707548040604049,0.8586803736798574,0.8719251318541253
stage1_soc,86,-1.1035497559836558,0.9407334963325183,0.2029516608102308,0.1333605888904662,268.2631884652204,11.656856267025919,1.6460629085210867,1.342690246218046,702.6610890052453,217.12254008776316,0.8798479980894491,0.7049920695279938,0.9084967320261438,0.28019824928293824,0.1953379101320809,99.78499536912855,26.49726955151846,1.7961325944045992,1.511928038854225,494.1172199793632,238.80458412705386,6.235278607360998,4.346873313342057,10.903325083304725,7.000194589548888,0.19060778685772697,0.1604476519561619,21.415365438419286,20.909361908105108,0.8244372572412623,0.7422090371449789,0.8645833333333334,0.3650895749535612,0.20649230171450958,105.38616451195647,20.387202127112076,1.714487605920308,1.432735935554471,853.2996536796909,267.1695001040273,8.124373447386404,4.595093062716059,11.662970851929863,7.141627566253866,0.18194352086116555,0.15204368913426436,19.829853891933798,19.21365003226254,0.755056460847265,0.8244372572412623,0.8719251318541253
stage1_soc,87,-0.9270344499066873,0.9346210268948655,0.2105731681861371,0.14142690028536445,262.569018264073,12.58788956723858,1.668636073269984,1.3644666829814538,716.3770491902985,222.00905874600474,0.8714490764390244,1.414645885525186,0.8104575163398693,0.33607785518069766,0.23950560102421864,134.63018366087658,33.847784677998334,1.785196994784642,1.4990414747225693,463.75666509636744,248.08007321499127,7.478772855214885,5.329741189429993,13.826511415888085,9.0061614371028,0.18944728765626728,0.1590801140154848,21.242927163826103,19.93894971895957,0.70963415978566,1.0464743375778198,0.8515625,0.3878429847590792,0.23324313185730716,134.29770590249785,22.254606588593727,1.696903966363602,1.416857240520282,825.2159003967748,252.77256177659694,8.630707265559561,5.190381860363412,13.833768953968777,7.724111968103714,0.18007752353376966,0.1503586226040515,19.61189666779588,17.88834068473607,0.7352096045722762,0.70963415978566,0.8719251318541253
stage1_soc,88,-1.0337856757087054,0.9436674816625917,0.20398791710604305,0.136084463491963,259.4952188865149,12.065434370140412,1.6637163772042145,1.3588286948126165,711.2630558350014,220.15374785217594,0.8824711065307789,0.7499133145887088,0.9215686274509803,0.3072531322326584,0.20806776409591335,112.45572286541721,27.497324669545755,1.7616010251762997,1.4975079212313385,467.83528244467163,251.97327629510235,6.837333521382611,4.630151978710746,11.173044179594779,8.577153436057579,0.18694325451315782,0.1589173714440833,21.13021359995842,21.328452198692467,0.8293926877811828,0.7331514557202657,0.8671875,0.3726815184981052,0.21323384247079957,97.10475202882071,19.275435956194286,1.6875400405567653,1.4160228675585433,846.1380269803536,257.32287807654325,8.293317697726053,4.745113217966567,11.791469800756209,7.616288810528111,0.17908381227887601,0.15027007792525313,19.577805884392244,18.068705528510755,0.7553830444505685,0.8293926877811828,0.8719251318541253
stage1_soc,89,-0.9455623831958817,0.9325183374083129,0.2179373500953337,0.14582709050534662,281.9471026025678,12.97451451261594,1.6654931698728057,1.3631750294126224,717.1014380512818,221.62012147725795,0.8671371323797128,1.1070233147128734,0.9019607843137255,0.34797533054135354,0.24686507354764378,132.38575103708646,36.25793536452156,1.8289921525666815,1.5306685087727565,488.78614779285044,240.8199207379851,7.743528519419598,5.493512239763846,13.56058402133407,8.273051515455688,0.19409488334375974,0.16243641353588772,21.726140611215467,21.881437651744946,0.7975681851513194,0.9293852845827738,0.8489583333333334,0.4224088172893309,0.2556425025225811,131.8698330406454,22.62471601527602,1.7102189252262727,1.4330740241881965,868.8467715660742,268.32055753265604,9.399904063444856,5.688837211476258,14.360406287649644,8.680470733667722,0.18149052324705453,0.1520795675134202,19.83659450965317,18.86882320468323,0.7222356881465342,0.7975681851513194,0.8719251318541253
stage1_soc,90,-0.9320607095242712,0.9406845965770171,0.21131316327148675,0.1405332656720002,265.77838181892,12.465736413923349,1.6460864829385848,1.3434213001328386,692.4583136957184,217.1182943797723,0.8772906475955711,0.8897689487419876,0.934640522875817,0.333206695618539,0.24571843511345826,122.01084894209856,28.924668186800563,1.7213508602966343,1.4453592271197075,453.8262705237002,228.80659389455502,7.414880665159942,5.467995984336301,14.49312679718391,10.089720282218645,0.18267185780654951,0.1533832882683178,20.46284734832,19.400450014863257,0.8346785141902553,0.8917617003122965,0.875,0.4208103388565487,0.261066732450369,132.76666305007302,24.16518317362183,1.6277696549055514,1.351160214964087,778.2076565236667,242.37618941826028,9.364332969043796,5.80954312208311,14.88519656342156,8.355359922992076,0.17274090587870164,0.14338677393129087,18.734618494095603,16.77869853313535,0.7487568983430354,0.8346785141902553,0.8719251318541253
stage1_soc,91,-1.1236947847986571,0.9423960880195599,0.19668893205353438,0.1313009999571755,253.15374295489184,11.673531858148701,1.6483589850669023,1.3470822535721645,700.2659258039967,215.4793952475316,0.8833894084034996,1.077106048079098,0.9215686274509803,0.30367891936700425,0.21151366126206186,108.13972347504608,29.515944703724482,1.7846025170944477,1.4957692060205672,443.6669627406868,246.381845285189,6.757796218503666,4.706833859979589,11.837702314852127,7.2935980526792195,0.18938420095697947,0.15873285686017485,21.16937532403054,20.162627563991858,0.8304649516408791,0.9253540833791097,0.875,0.3630916690361408,0.2068329448654064,99.01785896545293,18.848931397809288,1.6552663416767621,1.3752713921445927,832.0903853324595,255.35869916107336,8.079913854729092,4.602673427536205,11.96851183061817,6.604016307024655,0.17565888789612502,0.14594548153184758,19.055746162272886,18.062687415325428,0.7660724992891578,0.8304649516408791,0.8719251318541253
stage1_soc,92,-1.1025594964878482,0.9467481662591687,0.19616906008381735,0.12836188702753001,237.11504627503135,11.326643678111942,1.6477572960193327,1.3438423979242302,696.787779827274,216.45180865972048,0.8878974482340235,0.7476010051817675,0.8104575163398693,0.31538019762424957,0.21680496616617723,110.85321164969172,30.51846287123589,1.815451843389854,1.5366702336891025,492.58628337227174,247.15598201244907,7.0181858896843226,4.824581777242053,11.80671586975445,8.653291847895437,0.1926579691796248,0.16307332392167845,21.70413604111593,21.297471652237913,0.7158434570525944,0.7384149432182312,0.8515625,0.36789931974291906,0.20649399658092685,88.24340120742688,17.574725336223374,1.6850676657942434,1.4157336242715246,869.2340475495677,255.680406682154,8.1868989685917,4.595130778741555,12.193619201278699,6.903421250410162,0.1788214408463686,0.15023938307400778,19.583955001294118,19.725678535497586,0.7411927040771242,0.7158434570525944,0.8719251318541253
stage1_soc,93,-0.9904675798136331,0.934278728606357,0.20758687222208308,0.13833837607206007,261.4313665950887,12.323894075017304,1.6570105396927397,1.353833278409572,704.3682347721453,217.16927252020258,0.872002666939732,0.6268681802001654,0.869281045751634,0.29370082487336363,0.1864940710913609,95.76834852310918,22.932635550460017,1.776447735694827,1.4898300665655946,466.2958109436273,247.51754327691282,6.535752721452407,4.150070512044529,9.812314766866935,6.842600724219115,0.18851880558487133,0.15810258812006162,21.11436871001376,19.468948646512175,0.7811707982896249,0.7588215172290802,0.84375,0.36444485513143443,0.19867221501044696,87.72016376247525,17.461561833351386,1.6778149353534717,1.3948051112650621,813.804147621296,256.9333514265859,8.11002643513727,4.421071920691318,10.918982044792585,6.509033630565455,0.17805177222485494,0.14801842368670415,19.338143331125593,18.50292117691399,0.7344165434605696,0.7811707982896249,0.8719251318541253
stage1_soc,94,-1.0368916134612776,0.9391687041564792,0.20773810361838094,0.13664135763360175,253.15923089931985,12.054016703711063,1.6454523372909182,1.3397807116821536,696.256452093943,216.70582627868475,0.876847273070965,1.280687106980218,0.8431372549019608,0.4792925070731921,0.31891070803615196,119.88457011772613,35.056509846157816,1.8479203010039302,1.5666311595564575,496.4243577805693,251.31572868465733,10.665742286648438,7.0967506776540406,18.579191493194926,11.270916870999935,0.19610356159734632,0.16625281400474665,22.169388202635727,21.367492579982976,0.6993495027800032,1.3010003964106243,0.7682291666666666,0.4991548466972371,0.30583671233155957,185.42064029941278,25.51351235458194,1.7506521241835686,1.466321360914056,886.098367286792,270.8900526447096,11.107740841838869,6.805813793008279,17.31338624435367,8.69185073228052,0.18578134375375718,0.15560781553473646,20.310439686393583,19.305939787557833,0.6184827126574955,0.6993495027800032,0.8719251318541253
stage1_soc,95,-1.0255044588075,0.9432273838630807,0.2099307322854935,0.1385642193781763,264.0643722642422,12.035246664356336,1.634805372631698,1.3331284530745924,691.6878060351293,215.48227542299625,0.8802481641774327,0.8351234295009787,0.9150326797385621,0.3127051010887796,0.21884324438748212,107.3912933617849,28.741811304833842,1.7475445041676958,1.4782621128107207,475.1604893865993,232.5316863473182,6.9586567090312395,4.869939778663106,12.703851211895879,7.897307939201904,0.18545155931831764,0.15687498272469272,20.880274566237578,20.523803724491856,0.8212211494119281,1.0078881581624348,0.8880208333333334,0.3885977642343897,0.22605890549675678,108.28136495571869,19.11609231299732,1.6915161148282547,1.4116050077257871,839.8388775894924,269.79819334784617,8.647503445863052,5.030510579757567,13.373520768306436,7.0417959049290175,0.1795057581416879,0.14980124923855562,19.555293899156137,18.799442630478143,0.7714415040630165,0.8212211494119281,0.8719251318541253
stage1_soc,96,-1.1024256707403655,0.9464058679706602,0.19580429306470723,0.12877383716561555,243.91792171120795,11.190960221766218,1.6366570065384198,1.332775377171492,687.8604252239336,214.89906232269567,0.887664580051248,0.917374290672003,0.9607843137254902,0.34407606064626595,0.22915941411081484,119.04249769023562,23.317470974414245,1.7320568800438627,1.4386861723622466,442.77196311844017,233.88250404127638,7.656757691181425,5.099506496336807,12.445764928255459,8.124600031774305,0.1838079937112324,0.1526751355390246,20.437358437741924,19.812206906597304,0.8575614955316104,1.2409861485163372,0.8932291666666666,0.432018623561803,0.2539062811313973,130.32834457769874,21.017766037166982,1.652853146136892,1.362896638866611,824.093223219858,242.5192133742583,9.61375200726667,5.650200909765611,14.92626524304527,8.48747151585352,0.17540279663507755,0.14463225758469886,18.927346409525853,18.422046176605402,0.7636235795981258,0.8575614955316104,0.8719251318541253
stage1_soc,97,-1.0707545268098415,0.9425916870415648,0.20181213406408813,0.13284041006058855,247.77749393262508,11.87749733803227,1.6253001689974784,1.3238871829913506,688.3556139808777,213.17209576422488,0.8820480468223384,0.9013326522571589,0.9019607843137255,0.3425587653813679,0.2191614678153902,104.33915937695897,22.833982876536272,1.7636363543071405,1.4836959084069807,451.11829061188024,230.55218231005782,7.6229931736282985,4.877021235229928,11.186910907786467,8.08488720378222,0.1871592461289022,0.15745162375668936,20.991039280171083,19.29063108437195,0.7991931546993152,0.765595535437266,0.9010416666666666,0.36712181700297075,0.20511900572212957,111.79549152159898,18.231200942096216,1.6770484983729366,1.399918306504939,813.5854521332341,256.1896659843503,8.169597125293356,4.564532974832658,11.435857615573134,6.363931562334267,0.1779704369954399,0.14856104221691763,19.36934216300681,18.45768878098137,0.7909051215657754,0.7991931546993152,0.8719251318541253
stage1_soc,98,-1.1141687820593127,0.9486552567237164,0.19461181798173527,0.12801090460036105,250.5560352999186,11.22295561796297,1.6364452363194237,1.3350932123202803,693.7722239011774,214.98067000463536,0.8902717113291958,0.690446633139467,0.9477124183006536,0.3207888602426519,0.20760368476347887,105.03443399219734,26.26603836066409,1.7787243978357843,1.48165372325704,463.7198473916791,235.3167518196751,7.138545379457233,4.619824776663438,10.700336148189397,6.940449887123303,0.18876040775470143,0.15723490457181596,21.031750409974276,20.456270058462916,0.851475760227858,0.7494814395904541,0.8802083333333334,0.356489923707864,0.1988352103495951,86.94869862048927,20.931003171347545,1.694127363861158,1.4114912954416166,814.0954777640062,263.7538175766945,7.933004580591966,4.42469907165993,11.344673163599856,6.6948140785403565,0.1797828670815549,0.14978918195193555,19.545573727512267,18.409740819169215,0.7732613562209741,0.851475760227858,0.8719251318541253
stage1_soc,99,-1.09703188906089,0.9420048899755501,0.20094589136642635,0.13233272330753487,248.57829176210564,11.548660633078896,1.6393400438750751,1.3381572620571116,696.4684603603669,215.9954409277948,0.8817211225656222,0.9058016078924042,0.8954248366013072,0.31897798086888773,0.22946350269165694,127.0538080785718,30.346291825508537,1.7961285470121175,1.5230149922807232,481.9837541616016,238.87254166469606,7.098247706475195,5.106273408791542,13.528054029610757,7.82601494080424,0.1906073573434885,0.16162421300861585,21.526223440519335,20.975093349483632,0.7997314423406409,0.9265182415644327,0.875,0.3800347732611716,0.2266940260960837,111.39823453488873,20.428330809566457,1.7054603744800128,1.422379242637059,871.9274151697814,254.54122114256447,8.456950383640248,5.044643979577915,13.761180739597762,7.939885009431604,0.1809855400240896,0.15094462421984617,19.69955958599729,18.997787732694988,0.7609895680216485,0.7997314423406409,0.8719251318541253
stage1_soc,100,-1.0638896533912434,0.9440586797066015,0.2053656976042571,0.1348767633361783,266.3243748328205,11.786876287406539,1.626455541997098,1.3261169028509645,685.7289437905371,211.90297693527975,0.8824489704253244,0.7948183483547635,0.9477124183006536,0.3579176013513972,0.24910917249964734,127.04547764080158,25.97595078773373,1.7265770821999267,1.4621145721354516,455.2861570078153,227.06407425783416,7.96477482859213,5.543450389713169,14.512404289450465,8.257113235997398,0.18322647086447028,0.1551613859663596,20.610613534499105,19.75122550157619,0.8403371378952345,0.8805010716120402,0.8776041666666666,0.428638468491119,0.25170857299356914,132.30498809906445,21.315964459617824,1.6095309511925449,1.3308855814223837,789.9071360432421,231.75094817533306,9.538533091175168,5.601295099068751,14.157221920808835,7.967346486340485,0.1708053923421621,0.14123520503221607,18.449261134063065,16.597755927940128,0.749012626119331,0.8403371378952345,0.8719251318541253
stage1_soc,101,-0.9938016667634176,0.9493887530562347,0.19891890869890538,0.13208487348917936,252.60085822987682,11.667655523518043,1.6151749819759456,1.3152972913527985,679.6521605426813,212.01551534385112,0.889713080446563,0.875808967873941,0.8823529411764706,0.32941686035786666,0.22162805302859911,130.2892017713706,26.633184716354307,1.7365071293011993,1.4639552987478917,452.17448797357486,234.8165780699917,7.330545096373316,4.931910393361762,11.942335343509937,7.935820589059441,0.1842802596032655,0.1553567261249316,20.680324007055965,18.917271508042717,0.7835278830691106,0.9604445894559225,0.8567708333333334,0.3918750942665786,0.2306980221461951,106.4421124874935,20.58043526821952,1.6368748461854516,1.3571222027458134,813.9351074138459,253.4173070384914,8.720434186477119,5.133745289022599,13.24013574910362,7.634422783072016,0.1737071599092697,0.14401946736377344,18.81175180069566,16.605326792167347,0.7392083050533598,0.7835278830691106,0.8719251318541253
stage1_soc,102,-1.0437474968730676,0.9353545232273839,0.2079486178099637,0.1388216371695832,270.688774184769,12.298395922656916,1.6335107020411574,1.3329438950517614,688.3488725083234,213.74163547010164,0.8729699378843948,0.5940863912791209,0.9215686274509803,0.34945102192418914,0.21383812865303234,104.12670563846419,28.148999512833367,1.7818292348864746,1.4991628979545792,462.0069000857821,239.69207874353148,7.776367221781261,4.758560456535839,11.239041389369318,7.825632140758509,0.18908989685847338,0.1590929995973169,21.230902503615642,19.72458964125216,0.8167333208737236,0.658451239267985,0.8776041666666666,0.37562132067288284,0.20540232598917404,99.07412254709068,19.941425861603147,1.6499500690524043,1.3803449554179679,850.9399759579965,250.31440739953302,8.358737398445719,4.570837728001727,11.101914383557727,7.214384287173031,0.17509471854558936,0.14648389426932218,19.09343268817896,18.003657943956192,0.7649177704648018,0.8167333208737236,0.8719251318541253
stage1_soc,103,-1.0664084706970998,0.9487041564792176,0.2029356961031384,0.13579357134460637,259.3652016919435,12.164208348473668,1.6304703830016154,1.329492695816681,693.0922994519574,214.10483617312502,0.887823447648276,0.5381219055917528,0.934640522875817,0.29282120005002066,0.195118989844143,109.70619622038798,22.825259197351393,1.7529954715156835,1.4872474374334796,460.5192415786135,235.18005035392017,6.516178345604128,4.3420016591058515,10.716154631636709,6.465170600839243,0.18603002263760177,0.1578285163590567,21.023194753781237,20.276066665187802,0.8467941628608108,0.624926745891571,0.8958333333333334,0.36593690200729045,0.20867931286193198,99.27495366155455,20.55754945752441,1.6437691350019246,1.3632255487536895,835.5822382626217,247.2946148940896,8.143229097859157,4.64376083225595,12.061320897411852,7.08090519986337,0.17443879026738449,0.14466716190403864,18.902490713190385,18.573690320022965,0.7860522627311463,0.8467941628608108,0.8719251318541253
stage1_soc,104,-1.0637835987039768,0.9427872860635697,0.20208154205206566,0.13288336100199086,246.68244221855292,11.80494114388215,1.6204502297704508,1.3223458480169146,685.984549702045,211.3496907162475,0.8821628234479499,0.8993024549453087,0.8366013071895425,0.33839100421684026,0.22393305687343373,126.53926153203479,26.80589093724307,1.83106936312528,1.5593947754576316,501.45132358421233,256.8270869564378,7.530247583331881,4.983203865752696,12.279829965193356,8.071640677145554,0.19431531946782177,0.1654848800770252,21.98268103476571,21.38781715924103,0.7350840059244904,1.2130837440490723,0.7916666666666666,0.40133449256532283,0.23829093457364556,125.13809840112276,23.292954595181527,1.7428351721319943,1.470302545982122,914.8980800448886,264.8814593155293,8.930935087184418,5.3027111000068095,13.999657909144446,8.007877721327715,0.18495179924509164,0.15603030376152946,20.303358701293472,19.86077987919995,0.6712663188970698,0.7350840059244904,0.8719251318541253
stage1_soc,105,-0.9754117809472865,0.9420537897310514,0.20730332705415327,0.13812906344029552,269.5966568611356,12.34165540575935,1.6302999606280661,1.3301018006698864,689.1158294841389,213.44087600991844,0.8798627916148054,0.7217750412965912,0.9150326797385621,0.30278749117284637,0.19937016096063495,118.39344136012556,25.831989808715683,1.7087836797038274,1.4315282453119365,462.228708547261,228.21214135999517,6.737959181108694,4.4366033790906405,10.729453750457083,6.7268875823684935,0.18133821323749122,0.15191552756921273,20.298545390112327,18.89026136102925,0.8241964323867081,0.6349902947743734,0.8671875,0.3593690728457369,0.2010085473569537,86.90243932135388,20.567759887099093,1.645139312638517,1.3564293750120366,777.3565427187294,252.16072172614918,7.9970745634441895,4.473062549244992,11.135173322509319,6.5871741869441225,0.17458419519334956,0.14394594363761856,18.850435684810268,16.907834675954838,0.7593767781462789,0.8241964323867081,0.8719251318541253
stage1_soc,106,-1.1230573522315923,0.9460146699266504,0.19952161822103762,0.13124702092118945,248.9760708792322,11.57546056411767,1.6306571655643691,1.3311917314755395,686.8845901189117,214.3889815221769,0.8861581844603391,0.6743112592136159,0.8823529411764706,0.32615523751410636,0.20952515080084208,116.18122748231673,24.978778116113943,1.7229501550213602,1.4193254687817267,435.16344486857463,229.71391988625007,7.257963889335002,4.66258334531332,10.576147760782455,7.257353295790407,0.18284157691802427,0.15062055400479515,20.206202630354923,19.01785514115498,0.7845063699222387,0.8449690143267313,0.8697916666666666,0.3812742511964096,0.21734242752669766,100.65448746912544,20.499292030249748,1.6230274808290497,1.3411763756424382,801.4553276093153,239.6748551984229,8.484532605419522,4.83654195662259,12.04903903635504,7.169559506891091,0.17223766056795348,0.14232727669630338,18.62283188901622,17.250865894912952,0.7554093913077438,0.7845063699222387,0.8719251318541253
stage1_soc,107,-1.1441820086476855,0.9473838630806846,0.1970508735472797,0.12891453776315018,250.4442431712992,11.20128563344467,1.6288441915851168,1.3293248592360825,688.8704564335395,212.3750910695681,0.8882686010165006,0.9481539804171892,0.8366013071895425,0.3121540461101807,0.20502541064485616,117.11409864917387,25.14461101245489,1.8568344894193025,1.5485927298957227,500.47962926724983,252.22166567924634,6.9463940295593645,4.562450194570573,10.805478880819354,7.3587470215675825,0.19704954617041184,0.16433855379548787,22.002117164648233,21.55433115269399,0.7429550933564883,0.9019020199775696,0.875,0.36546968494255044,0.19904128797497833,109.91583351775091,18.99069114422099,1.7037962538529396,1.4252451541566795,869.7710207713009,257.0399640471231,8.132832071552881,4.429284936890338,10.886069491446221,6.5824197615596045,0.18080894150860205,0.15124875825415227,19.732533794382807,19.12577143213032,0.7653590945172348,0.7429550933564883,0.8719251318541253
stage1_soc,108,-1.1665228841065778,0.9436185819070905,0.19686430242622868,0.1294153891846055,245.14330105643864,11.422321457821655,1.6244927560419777,1.3241508462894844,688.9173879398572,212.46845768996843,0.8845592911792218,1.1377639497806824,0.9084967320261438,0.34516843997784363,0.23710201896142727,122.44323601920793,24.828838859984888,1.7463936970873692,1.4884138804635192,460.4694912943468,240.3868552368006,7.681066513576785,5.276254046467775,14.655972672882752,8.201731387122322,0.18532943426398446,0.15795230071948985,20.966117145838663,20.412481601487638,0.8049462000327907,1.3065765301386516,0.8619791666666666,0.4147654404161921,0.24852681119712847,134.42329600748346,20.569850455118306,1.6506895275261013,1.3684177074683248,792.5367238830246,240.51360011140954,9.229815262294084,5.5304910476022044,15.446436844785223,7.622056870306515,0.17517319078287502,0.14521816013473374,18.9715477182308,17.521790764867227,0.737549534541809,0.8049462000327907,0.8719251318541253
stage1_soc,109,-1.1284209295881407,0.9517359413202934,0.1958865963491951,0.12846374799622665,233.3175368011673,11.271859463057694,1.6161123357854317,1.3174215616600493,678.2134334101897,209.77142140051103,0.8929699624155348,0.7732060208819271,0.934640522875817,0.31461648621554966,0.2060074302933964,96.25309510493517,27.70420007569747,1.7259352106034405,1.4495460495255352,461.8805491313328,235.2536591344697,7.001190946207515,4.58430317231837,10.474345952788696,7.379602015637017,0.1831583546659033,0.15382759898080486,20.530630069489206,19.621711520377296,0.8402555770111522,0.6429385840892792,0.8802083333333334,0.3695412935322022,0.2009519380153506,82.07787864301642,19.042400369363627,1.6595731515683878,1.3809794188249118,801.1919414754208,250.7721615265525,8.223437969346934,4.471802816118258,11.041374280398125,7.049840602625716,0.17611593182730087,0.14655122430175774,19.135777772837947,17.53250291629018,0.7693459452736727,0.8402555770111522,0.8719251318541253
stage1_soc,110,-1.07556755199992,0.9432273838630807,0.20869581672576096,0.13673086142118493,267.7035991353438,12.05364825630269,1.61645731304231,1.3192964617911644,672.7504398856379,212.12414252513003,0.8806186388453524,1.349144084780824,0.9019607843137255,0.3187039566653557,0.23876428065724134,135.74001962553066,31.861307086929834,1.7397336116184978,1.47858359844856,472.0503476454153,242.96862043775786,7.092149819502116,5.313244515959535,14.130363278220324,8.978309856654906,0.18462265785145257,0.1569090991736264,20.863123167283227,19.65280143397452,0.8063495973141188,1.1084762811660767,0.9036458333333334,0.4113079259843555,0.24733056865807157,124.30836198642767,23.17442331436694,1.6641316056477222,1.387701070093802,829.3419981398602,250.89225575336485,9.152874860893847,5.503870947255094,14.117675202584023,8.102661720696176,0.17659968054733483,0.14726453415225754,19.220100906234265,17.96844842381907,0.7802534555380267,0.8063495973141188,0.8719251318541253
stage1_soc,111,-0.9746806030868027,0.9472860635696821,0.21379623401206907,0.14201228358675805,277.2483079054762,12.654251108072668,1.614930982236534,1.3179080314003386,682.431292075789,211.52712744751483,0.8831471933660614,1.471801396288903,0.8888888888888888,0.3894909890666234,0.2722942583457707,113.06293311751779,28.32961825372443,1.8011287664667397,1.5178698116268208,464.5150769137166,244.60597409896513,8.66738046401803,6.059390336362094,15.384749779966459,9.257429047249799,0.19113798674524732,0.1610782001471608,21.510810499847967,19.527639808009603,0.7720415921689019,1.5517655213673909,0.8697916666666666,0.4590931037403847,0.2773811849062137,154.88360410452245,21.78269933818642,1.6968139839621617,1.4222559480622294,834.6793296715165,260.9405301383159,10.216243020308161,6.1725902026736,15.318244549345984,8.106241423186908,0.1800679744913169,0.15093154004882617,19.690808992876516,18.710601736789414,0.7320637355445512,0.7720415921689019,0.8719251318541253
stage1_soc,112,-1.1737693034290977,0.9559902200488998,0.19560129219575748,0.12673365680484924,245.57723807748718,11.042214572138942,1.6202047322735946,1.3222500938671689,677.9312943849341,211.88770091056136,0.8973098323901725,0.8222604335523119,0.9607843137254902,0.33690516129113385,0.2145812028373768,115.17685435098127,23.730188438249602,1.6418399213182968,1.3800124716914557,421.01536376124955,219.18132322389928,7.497182977709736,4.775096157872955,11.768760321845658,7.016534931378993,0.17423405975263434,0.14644861068977236,19.48809865964244,18.19506776199284,0.8597127653381501,0.8933164676030477,0.890625,0.385415358304787,0.22400963010538058,114.00068775151094,19.241166140037883,1.5427114823885268,1.2726848257128343,748.5648868067659,235.5505572100052,8.576685060439262,4.9849078572525585,12.726259268250184,6.965865204444842,0.163714428619651,0.13505886968047004,17.659725866206823,15.768180012666516,0.7750003925085639,0.8597127653381501,0.8719251318541253
stage1_soc,113,-1.2102148124699488,0.952762836185819,0.1929490813040559,0.12646871970891316,241.45033290633376,11.216808259389225,1.6093358021780042,1.3123698465059304,675.5428180146251,209.74605105324798,0.8948781117946023,0.7226566286648021,0.9411764705882353,0.30786963261136074,0.20032289870436382,101.2748475724783,25.982281975695344,1.7037317937399363,1.4359160439640868,438.8947718385556,229.19649424326343,6.851052563641406,4.457804743792601,10.604951342499604,6.775644052306495,0.1808021009226016,0.15238116612667174,20.30862923273141,18.1485482906072,0.8488155808048271,0.6002762814362844,0.9140625,0.3610351892619293,0.1973580034900806,85.50933585925814,17.660552618027317,1.6225482454374418,1.3381135823765362,821.4959661212027,245.8250603491585,8.034150812399504,4.391826645249882,10.645518392955722,6.021881633600166,0.17218680352228613,0.1420022493303756,18.577124285311623,17.37849418653043,0.8057519432214212,0.8488155808048271,0.8719251318541253
stage1_soc,114,-1.1513519096840856,0.9446454767726161,0.19638873170646304,0.12765097078368579,236.16930206813547,11.081911033127355,1.6155467963857444,1.3176057386085902,676.7778141438839,209.14920860811336,0.8857288572606772,0.6790734611305536,0.9215686274509803,0.3334098629098236,0.2175822260673919,122.05296212210334,20.82126599024536,1.7042740962626708,1.4271996527715447,455.4225283623714,230.31312142160436,7.419401766445564,4.8418782166266885,10.952712755302324,7.972390937881878,0.18085965072932955,0.1514561720367185,20.238382726009778,19.427074931739504,0.8215456685780332,0.8744584520657858,0.8723958333333334,0.37297555630556195,0.21161752694024472,108.12312852940768,17.743187813414803,1.620742864306078,1.338811103281235,767.5354011712653,246.8041476919824,8.299860949353363,4.709145192912145,11.671729675337565,6.606675725866756,0.17199521426937908,0.14207627110156656,18.583134725605092,16.972198314390987,0.7605031664416648,0.8215456685780332,0.8719251318541253
stage1_soc,115,-1.0433425013418594,0.9483618581907091,0.20214499720130705,0.1339394312520901,250.9689832723191,12.041070093938533,1.607220443815554,1.3104865414176983,676.7065958811295,209.9731394782286,0.8877183590303169,0.5304260294811398,0.9084967320261438,0.3119883936343654,0.19419346136205337,99.57858139230186,22.61918292204439,1.7282197609882066,1.444243198905895,444.55174123140563,227.34681099486212,6.9427077490727775,4.321405784721748,10.727449764953993,6.010999306873545,0.18340079394581046,0.1532648539898195,20.462519043269346,19.655029061846765,0.8149002139358341,0.5911068916320801,0.8854166666666666,0.3645668290571189,0.19530941631940854,96.19402458908225,17.85502980654998,1.6199129311688147,1.341904030154789,820.524939297217,254.04167670376168,8.112740732644204,4.346239237786436,10.538514580878081,6.597673937273565,0.1719071407501821,0.14240449628277949,18.616430705966675,17.39083649817279,0.776046617949531,0.8149002139358341,0.8719251318541253
stage1_soc,116,-1.2275742009216533,0.9515403422982885,0.19242606632577844,0.12357699138888847,229.03099912996396,10.708810669314698,1.6132818844500445,1.3162561013296812,681.4796742967965,210.88980996904044,0.893812522400555,0.9860710762684641,0.9084967320261438,0.33249044177628045,0.22799324386698358,124.31470787641041,27.672224105033173,1.6355077923777597,1.3634782429614098,415.0101923237789,225.54994437233628,7.398941799476432,5.073555597669488,13.316067114768153,7.690471017102348,0.17356208648784674,0.14469397812230414,19.349261717877738,19.021079150667457,0.8087495994932596,0.7599118749300638,0.9114583333333334,0.3794622498915344,0.21244766802556114,93.45379048409963,19.650771908196422,1.5777528635978786,1.303222035166982,781.1394861686348,235.59757520687137,8.444209965996496,4.727618402375843,12.512915503519693,6.928685369580911,0.16743306283494205,0.13829951568232907,18.080342308240276,16.991380325337516,0.797619658365873,0.8087495994932596,0.8719251318541253
stage1_soc,117,-1.227915436399595,0.9561369193154035,0.18956056409052674,0.12287429969366138,232.55956792066507,10.704998982787117,1.6110498494133734,1.3145783540669347,680.9784061700985,210.66814326637174,0.8992687500882455,0.9493714465814478,0.9019607843137255,0.2896593096103079,0.20650151381695192,105.71047508617488,30.667757438279107,1.7176607840662548,1.4320128920421102,428.8028910949084,228.02973095302644,6.445816493351252,4.5952980605182745,12.307426229535166,7.455792627596497,0.18228026240551948,0.15196695887274456,20.355548282665268,20.094578629938546,0.8150629914306331,0.9304078221321106,0.90625,0.3853711971602724,0.22634096340091978,112.65734433760046,20.27304539045594,1.608864221270162,1.331592004253859,767.2207014982538,242.79505850298017,8.575702338240342,5.036787241443947,13.344283643105355,7.181396981934168,0.1707346381476594,0.14131017148675995,18.46470683520877,16.675748260557665,0.7906386408519183,0.8150629914306331,0.8719251318541253
stage1_soc,118,-1.2322940031648557,0.9563814180929096,0.18885378752865822,0.1231971805888367,232.49581397669098,10.784863798793522,1.6164254051513067,1.3192259246920188,680.7839809303482,211.88040629426965,0.8997252818343121,2.3064023271884793,0.7189542483660131,0.3206513638890008,0.2432800860454639,120.73880913212174,36.23617002081105,1.800013626525983,1.5194376434376038,500.03410706323007,239.07831928049345,7.135485659866889,5.413735167861349,13.915737678021578,10.067356147413172,0.1910196467313717,0.1612445803757416,21.539657259815648,20.33899035790905,0.6227588391993129,1.4399009545644124,0.8255208333333334,0.37272079127473395,0.2196888328095762,115.294589001296,20.47063098849822,1.6677446433037244,1.3971918953102431,811.8355021476992,262.8615442886361,8.294191638603953,4.888756739198757,13.088897937211328,6.728157587759146,0.1769831005206651,0.1482717121276447,19.36530796080414,18.360771157103024,0.7137045959509132,0.6227588391993129,0.8719251318541253
stage1_soc,119,-1.1896578831544424,0.9516870415647922,0.19803712307338187,0.12838696903624278,244.3017735322877,11.252383816296579,1.6131374290786604,1.3179231320704108,677.7143283965218,212.3568084708804,0.8922759046427776,0.8195362091064453,0.9673202614379085,0.34373723633610315,0.23151325190354602,108.85019668650715,27.74883913791267,1.6530813899274674,1.3851986788456736,445.53267955035324,217.11691678342495,7.649217801199178,5.151886675270026,12.300800998556912,8.767970705248665,0.17542701814518272,0.14699897733359962,19.55678990292854,18.672060401710034,0.8641990905370776,1.1055898666381836,0.8385416666666666,0.39908413331393333,0.22507301872610697,107.38274719346339,17.754709263334444,1.6054622380874362,1.3268836496208678,790.3189041780556,238.9935116386728,8.880857626190375,5.0085715465693,12.467667926262008,6.7275718458283285,0.17037361553306696,0.14081051513670453,18.396821864620268,16.906066427761388,0.7188164266724866,0.8641990905370776,0.8719251318541253
stage1_soc,120,-1.2654481836519498,0.9587286063569682,0.18614946456526318,0.11994388005857909,226.03815993190435,10.263278035744541,1.60491376546456,1.307568469883915,668.82154321844,209.1410511240594,0.9028837669873893,0.8116499419305839,0.9477124183006536,0.3060154362055854,0.20419017649164387,106.1235156630053,27.185366106274905,1.7210490981655446,1.4460674473662782,458.39010018373506,236.56759102796428,6.809790952577226,4.543863648576837,11.252471850893278,7.274800480734917,0.18263983444026594,0.15345844546674914,20.457316935684375,21.146449314055634,0.855907787438978,0.683065931002299,0.921875,0.36892638406849193,0.19938952527809306,95.34421260414335,17.870577519333033,1.6165882559197218,1.3373281676783033,816.7356145113546,242.60983826048653,8.209754329872567,4.437034295110645,11.063716358938231,5.913576730613492,0.17155432214802296,0.14191890016235645,18.54704930208023,17.425891900622617,0.8111970847794524,0.855907787438978,0.8719251318541253
stage1_soc,121,-1.2113725644218893,0.9530562347188264,0.19618227493661525,0.12650712010951617,244.50672136937138,11.01962643261934,1.6179150210383662,1.3218044685742256,682.6363396465434,213.9541900212596,0.8942015522378418,0.7681736603281857,0.9934640522875817,0.32633500124747483,0.22710154648699793,115.39516025682973,25.594306532128208,1.7323332734126873,1.4511243289981792,439.8743750971439,229.6098208247428,7.261964188993977,5.053712570056385,12.479199890029802,7.761947227604346,0.18383732491344873,0.1539950879280356,20.54727037056581,18.86180423698855,0.8955635519133393,0.8393252889315287,0.9270833333333334,0.3926296186525268,0.23665772357101864,127.67479800669439,20.913261674849835,1.6179728398508872,1.3388249795389129,798.4572584945864,247.5456498038726,8.73722469025248,5.266367098386358,13.56081701410293,7.781785336172822,0.17170125588758117,0.14207774366699633,18.56609598760545,17.13389886459495,0.8092944477375753,0.8955635519133393,0.8955635519133393
stage1_soc,122,-1.2195827510479318,0.9510513447432762,0.19247033747801137,0.12562998297822395,235.96641437853174,11.130580778591767,1.610458722467097,1.3153657328550565,678.1761060518696,210.93281514548886,0.8933102434998729,1.0129697350115558,0.9084967320261438,0.3753969992442493,0.261932524395924,128.2240210800519,32.6724874850339,1.7239729559061017,1.4527029003582748,450.55886766474663,240.26146333186315,8.35374555210581,5.828809673570709,15.101820015429112,10.691530836083391,0.18295011779838247,0.1541626078507196,20.507709818075465,19.856208902625436,0.795877632252869,1.0460338393847148,0.8776041666666666,0.41030901042395906,0.23152186311684395,142.0037115055088,18.615446984367853,1.6291454677778467,1.3516321129742817,798.9186565112296,246.75667562329812,9.13064589679347,5.15207830142828,12.81231066443725,6.989990670391351,0.17288690882276914,0.14343685232507203,18.73249355880935,17.180070527829272,0.754511463539479,0.795877632252869,0.8955635519133393
stage1_soc,123,-1.2871224773425636,0.9528606356968216,0.18491335894752292,0.1189339329061966,233.9370165240991,10.189623510485411,1.596184108356386,1.3024889901681167,671.3755566673867,208.40209162457663,0.8973866280125646,1.192339522386688,0.8888888888888888,0.36835107164664527,0.24433173222796006,114.11021178696069,28.66523145444161,1.72863037967072,1.4615751699684492,469.12120430365627,238.98147174123264,8.19695184718158,5.43713755157007,12.671161653864086,7.646481942477376,0.18344436930241842,0.15510414394892785,20.650530859382673,20.94289322540559,0.7783835673948952,1.0930873950322468,0.8567708333333334,0.3901590019909908,0.22591257162275724,107.0027006044243,20.15128800639109,1.6295939896286702,1.3607437664298534,813.3162747514458,253.33663836886421,8.682245819913039,5.0272541979763945,12.123585917247572,7.360577332247154,0.1729345065099383,0.14440379212962293,18.83968668312333,17.531743342750985,0.7397231327360362,0.7783835673948952,0.8955635519133393
stage1_soc,124,-1.2537109038882268,0.9486552567237164,0.19553940530637595,0.12652139517385286,237.28047697881797,11.04557565328086,1.6030851789515155,1.3087658720362412,677.3630004973505,208.31355052961396,0.8899934351318036,0.5699490542505302,0.9803921568627451,0.26995172882144586,0.17561353150803863,85.4690160440983,20.567477256561375,1.6972693857824943,1.4329548503448761,440.6306490727245,236.73647239557712,6.007261801414023,3.9079448175619507,10.015879309399486,5.18354083041833,0.1801163022892618,0.1520669206394659,20.22512175804396,19.44847079565684,0.8994066382163113,0.5628911852836609,0.9010416666666666,0.36600302608919844,0.2004960632972749,87.36633492923386,20.171260246424037,1.5570895059320375,1.2884789698509849,772.0856731003224,229.2617905141312,8.144700563417587,4.461658192143882,11.174961742255228,6.539931050860277,0.16524024205656226,0.13673496356622392,17.851267321270267,17.06165952212549,0.7912407588399071,0.8994066382163113,0.8994066382163113
stage1_soc,125,-1.2557752671043565,0.9544254278728607,0.18511091863959517,0.1196658679818812,226.7071703965282,10.294609130432345,1.6057007055128343,1.3112205070548197,678.642670808483,207.83948831707323,0.8988921522809821,0.7006355862991482,0.9607843137254902,0.31736682318213844,0.22740411665899302,111.21119831846319,27.29517885942344,1.7079276823809042,1.4305954470353968,447.637932570011,224.884165207774,7.0623944594153665,5.060445693212916,13.259671500362897,8.444887851470066,0.18124737375504607,0.15181653787567348,20.270749668748685,19.278095896837993,0.8655742667708487,0.6240309874216715,0.9166666666666666,0.38320420383963855,0.2191490498444182,101.25200396898913,19.308320059774378,1.618431883429134,1.331679306315588,811.4828109934202,240.68944895541097,8.52748002732648,4.876744896926791,12.606499524952552,6.75806367933635,0.17174997015332827,0.14131943608828554,18.504170860608642,17.147612326072164,0.8017054055147751,0.8655742667708487,0.8994066382163113
stage1_soc,126,-1.273010676251064,0.9569682151589242,0.19010766165592485,0.12216783120428966,230.50190925237862,10.519059575176822,1.6027999190710145,1.3097086657335968,671.0402471496865,208.62560986472982,0.8999359166621467,0.9737488350837059,0.8954248366013072,0.28363940594028225,0.19557720696663156,93.82706615901287,26.528916220959744,1.7027932679640276,1.4367874297830794,446.01865497633537,231.20903840181336,6.311854997631191,4.352198408831058,11.351727654653363,6.77447515487987,0.18070250341982694,0.15247363865513364,20.301279650238403,19.751595672351396,0.8103330148192226,1.0343255003293355,0.8697916666666666,0.370375663704871,0.1969004090448531,82.06442101894318,19.303372055124477,1.6253422318822308,1.3419124052670668,813.8486496989486,244.83947918399627,8.242005289098488,4.381643752021691,11.223066412132292,6.178305858177246,0.172483304779716,0.14240538505993375,18.60374241559198,17.4587266487289,0.7586789675552054,0.8103330148192226,0.8994066382163113
stage1_soc,127,-1.143863536104888,0.9559902200488998,0.19363260014085182,0.1259325914077397,241.95617680682702,11.001954060954816,1.5955710129318703,1.3006988955116978,672.3671259360509,205.89343136954236,0.8979004400066443,1.2055458703072242,0.7843137254901961,0.32004784818951654,0.22652928555518195,106.9546309667915,28.467364797083995,1.6963494904569276,1.424979081146078,429.34445768366874,230.01609124571468,7.122055566924371,5.040977992466724,12.971565315266218,8.998632422391568,0.1800186818726549,0.1512205222609682,20.15148114128388,20.159471436376737,0.6882993710333412,1.0371548136075337,0.7890625,0.3815667700013059,0.2095089745829076,101.17176971764938,19.540176253658267,1.6162653033514547,1.3429892736724771,799.9472003426445,242.90135163102224,8.491042054536669,4.662223374378836,11.779751549155074,7.324745966648239,0.17152005002663884,0.14251966365168792,18.617650043738298,16.776226138199938,0.6745924689996082,0.6882993710333412,0.8994066382163113
stage1_soc,128,-1.297661188447388,0.9597066014669927,0.17983410803459254,0.11672881210999322,219.36802944158364,10.280055369186476,1.594395259697455,1.3021514140093167,669.445358453738,205.93448352172175,0.9057563690566149,0.6254569151822258,0.9281045751633987,0.2944413800345179,0.20551230534728543,108.25096958724924,28.793091280094007,1.7330913023719055,1.4556289523645165,458.0463724201972,221.579622376193,6.552232366724041,4.57328510924211,11.908652018532798,6.3286135968225725,0.183917767873362,0.15447312406699323,20.63144223682935,20.325941282190207,0.8397721611530433,0.7563859025637308,0.8984375,0.37395095137123613,0.20883596309795394,96.84676075232237,17.91001993209175,1.6348982843273387,1.3601453381828226,797.4948548825851,247.360316118044,8.321566509621094,4.647246785034047,11.857298933748632,6.606393643030047,0.17349740474835565,0.1443402861924137,18.847613445185306,17.290992604948105,0.7862522145886292,0.8397721611530433,0.8994066382163113
stage1_soc,129,-1.1237223350797714,0.9558435207823961,0.19350222976549983,0.12654991480168912,241.73117563489274,10.99833222420242,1.600240571438683,1.3071786973142683,674.3638386949399,208.27557016508229,0.8977928518527462,1.0419667546266045,0.869281045751634,0.41947035351094825,0.2455054895733209,89.80477855623869,26.282276942338278,1.7592033070510993,1.4881990725308463,450.3483081818842,244.07613202585887,9.334514146188972,5.463257286737907,12.392214219447393,8.111968588374035,0.18668880573427762,0.1579295050390519,21.05574437695576,20.772848182048232,0.7434399396983495,1.0731891791025798,0.8515625,0.4352542534159629,0.2369377796082214,111.6979428624024,20.268125844846374,1.6759040499982147,1.391113413927087,817.0819574498106,253.1379743822347,9.685754789805864,5.272599212334614,13.060587985566741,6.904217404315583,0.1778489867347196,0.1476266562517541,19.277922343651834,17.771055491374334,0.7209862239752112,0.7434399396983495,0.8994066382163113
stage1_soc,130,-1.163609810062026,0.9583863080684597,0.1916772611854221,0.1244230217677894,234.42505515830194,10.89123089478721,1.6004787598682706,1.3045351352293526,666.5874165115192,208.09189694173665,0.900883129712833,0.4312821186445897,0.9019607843137255,0.2941348799854772,0.2034690482968014,103.94390556142088,26.396131145721984,1.703812414502313,1.4234651351724965,444.8888515256316,239.57702767297,6.545411791635406,4.527816313456174,11.769766472730803,7.966491661437197,0.1808106564964714,0.15105986046331163,20.175989530166454,18.890171096362014,0.8137203203180824,0.7561807433764139,0.8984375,0.37025892737017857,0.2025068506639703,100.11186498799914,17.529386904000727,1.6122861727662683,1.3420091178098421,796.1603127095831,246.91083229069608,8.23940754420796,4.506404436931611,11.262371128212072,6.426766336895586,0.17109777982408084,0.14241564831321318,18.59058512100611,17.382493267260713,0.7873598217889465,0.8137203203180824,0.8994066382163113
stage1_soc,131,-1.2793417717133875,0.9577017114914426,0.18821612939138493,0.1218666608826756,232.2508904833188,10.588808288597683,1.589942559570067,1.2959648714017824,666.7405234372795,206.6156019603523,0.9012368726740271,0.4675498409988054,0.954248366013072,0.2670428780107891,0.16872878270710703,91.06943949379352,18.93321493454319,1.717575255504469,1.4407672726250942,443.0359020590124,223.0291033071105,5.942530864378874,3.754737839911798,8.88929842438944,5.839026617918484,0.18227118600997613,0.15289598444325705,20.406387852739794,19.955551015403085,0.8741355026098352,0.6944323480129242,0.9166666666666666,0.3603134692420697,0.19008123735269086,102.97231787265598,16.47990267650242,1.6208829259493716,1.3433930435688428,786.1614913706617,249.9767020118037,8.018090307339778,4.229896068084074,10.587727687214397,6.090399324094688,0.1720100777822038,0.14256251220673657,18.637236300829727,17.093424785910074,0.8085726258940458,0.8741355026098352,0.8994066382163113
stage1_soc,132,-1.3715845226833465,0.9621515892420538,0.18329298074816427,0.11628477433218204,222.9879492851251,9.934621659182643,1.6025385967223,1.3052490238131713,660.4111802393653,209.10539495330596,0.9071636950176045,1.0119397640228271,0.8954248366013072,0.2966525347668263,0.21361409793638325,104.53016517454645,31.181150383544633,1.739675529734462,1.4787875047696182,445.9659507679709,229.204913155126,6.601437405781961,4.7535750794377005,11.911360292931649,8.426293405220614,0.18461649413090814,0.15693073796171153,20.85516146148219,20.0742918313416,0.8064290761712594,1.0076884428660076,0.890625,0.3925551113813072,0.2264503300660484,112.2842925386348,18.78289254569699,1.6343154930709465,1.353477686131858,819.3218115379718,256.27512457354396,8.735566672775507,5.039220988368419,12.790537136351077,6.82484386738226,0.17343555822771067,0.14363270680493925,18.789425186291446,17.36454276857791,0.7728584665856079,0.8064290761712594,0.8994066382163113
stage1_soc,133,-1.2371245705294434,0.9526161369193153,0.18863951559255834,0.12156619298681708,223.06348142806414,10.60670382839189,1.5973724578455233,1.3030311064530975,666.2597134836511,206.9111752193852,0.8960242822415478,0.7578168990565282,0.8888888888888888,0.3123226514393828,0.19884485871914556,92.6696718167378,22.346743321260906,1.7318286267080583,1.4527037147603004,460.40211716576346,227.68289471631667,6.950146020176549,4.424913777756087,10.593519372830135,6.95429734602484,0.18378377118817588,0.15416269427605822,20.58513333137992,19.654743716295307,0.795192093457074,0.8293999036153158,0.8958333333333334,0.3585842465731445,0.19674966638437277,91.74545745493225,19.10600125010332,1.6357155614100645,1.3568003577650718,847.2362710723379,241.05881030132787,7.9796097488691045,4.3782892610906625,11.08871321376481,6.244256699370127,0.17358413519157193,0.14398531278093166,18.829835186403294,17.36027596780206,0.78825805936139,0.795192093457074,0.8994066382163113
stage1_soc,134,-1.1544013515719576,0.9554523227383863,0.19649287029282175,0.12668064056351452,244.19476249654392,11.1017094060266,1.5827393889971557,1.2903976956105045,653.2717071057476,204.74459273256616,0.8965044616505398,0.8148365020751953,0.8888888888888888,0.31654565128303846,0.20821135526437776,84.94026871937716,25.92964052188987,1.6902283845780979,1.4179030347104167,436.6826012400961,223.51873804286143,7.044120842115731,4.633347326801689,11.754177797125186,7.535975786359152,0.179369102633171,0.1504696035620895,20.09468280276044,19.47668873382475,0.7939251935039773,0.6560887495676676,0.890625,0.3578787634698218,0.19760146678163437,89.17593597345142,17.18885424148894,1.611390657776115,1.3286169564938366,780.4120442695081,250.19712062274584,7.963910565475702,4.3972444573075515,11.034654855175026,6.221822759451358,0.17100274667847523,0.1409944557811932,18.455588730462274,17.152298575851113,0.7832613709590535,0.7939251935039773,0.8994066382163113
stage1_soc,135,-1.3156443616521971,0.9652322738386309,0.18194575428527615,0.11752440778208409,214.57247273426094,10.175772343729307,1.5812047162187788,1.2880012307044637,653.0691994933056,206.50572408598538,0.910648547553048,1.057021060021095,0.8888888888888888,0.3181969928816754,0.22035631078471934,108.92798964477578,28.79636711548755,1.716291760352392,1.4451101393091912,454.9851744575631,220.06009322615645,7.080868305634066,4.903610190817193,12.766990696893378,8.504315037513322,0.18213497993524527,0.15335685476533276,20.444867203056816,19.827367468347823,0.7934297910243863,1.0769104957580566,0.8541666666666666,0.38255766710327294,0.22097067224725228,108.11826560927068,19.430587682659315,1.6020304204979492,1.324127213852383,809.4769144941059,239.368368387102,8.513092583109927,4.917281635568622,13.41293765658932,6.96001393303868,0.17000942685475373,0.14051799880295326,18.387585666881474,17.411849042502197,0.7393993665356847,0.7934297910243863,0.8994066382163113
stage1_soc,136,-1.2894121857202432,0.9582885085574572,0.19186598454311862,0.12342785444239286,233.81400544884843,10.67230462424261,1.5884563088675108,1.2941632219594346,662.4154518569902,206.34977749049065,0.9007287131945216,0.7205471634085662,0.9477124183006536,0.35740211676208267,0.2277095708874316,105.97225494812308,23.410515369705713,1.6785932530223475,1.4179171505901549,419.4527687557922,222.42911304035684,7.953303700416265,5.067242995555045,11.423410928441484,7.500719269680717,0.17813436824744194,0.15047110155650528,20.031627683273893,19.276451463585197,0.8404917832720288,0.8586310148239136,0.8958333333333334,0.3805435090131088,0.21304044451729473,94.23248528525113,20.46810995884836,1.5734349825035028,1.2995211635934538,757.3231602556351,235.700118611626,8.468271329288452,4.740809514694752,11.210618774048845,6.792918687307506,0.16697484401419482,0.1379067746662858,18.038247874598387,16.21650046310338,0.7816702806294007,0.8404917832720288,0.8994066382163113
stage1_soc,137,-1.414205525393591,0.9658190709046455,0.17989453185543863,0.11518127839471508,221.37812740798216,9.882300553045194,1.5805760673393179,1.2902612364432413,659.6611490074113,205.8042496716427,0.9118507113480139,1.3606827492807425,0.8366013071895425,0.3252426421592443,0.22451293567085967,90.1957301155098,30.411258087044402,1.7236396014996986,1.4636028168442983,468.6528721421316,237.36830100427943,7.23765581707577,4.996107964438911,12.766359443577075,8.612063271393259,0.18291474182121814,0.15531932031438025,20.679187558202198,19.99411272749116,0.7390285145417692,1.2089945475260417,0.8776041666666666,0.4008780960541842,0.22442303285364082,116.57300840900632,21.2196681549015,1.624966463039755,1.3443811689430731,809.9953913663459,251.5513041218503,8.920778851698794,4.994107348395162,12.430586066681927,6.97987502941057,0.17244342773074,0.14266737327952525,18.668270029193177,16.88402215370619,0.7573407378504113,0.7390285145417692,0.8994066382163113
stage1_soc,138,-1.2708987001451713,0.958239608801956,0.18600715346892455,0.11976761167192682,223.64594988921834,10.380028172548638,1.5726649906423968,1.281927878460084,651.5040678550755,201.51158082246326,0.9024374627612787,0.3879973105355805,0.934640522875817,0.29910202490914833,0.1853056642306007,101.85595869118822,18.202882494176617,1.6832039590727117,1.4037451880430085,423.8433073542422,230.55285541944718,6.6559461456561335,4.123624779800653,9.829399521118889,5.566596778833909,0.1786236620105245,0.14896715556445697,19.91162515994348,17.918609248521207,0.8449099154030725,0.5353628297646841,0.8958333333333334,0.3740086074088336,0.20016337925396024,92.76163950134843,17.018953013861122,1.6041258584955749,1.3243116955879184,770.575680594418,249.4732511413842,8.322849534974525,4.454254942110739,10.901222396285336,6.622352981036778,0.17023179729693003,0.1405375762302744,18.397075076458243,16.90148107698246,0.7836307511106833,0.8449099154030725,0.8994066382163113
stage1_soc,139,-1.281084244536887,0.9588753056234719,0.18378144313323497,0.11754275328948784,226.92955623407153,10.167989577743384,1.578658760394498,1.2878016298536148,655.7436309783343,206.0892398970484,0.9037408726835015,1.4675413923325882,0.9281045751633987,0.31708166347214095,0.22133763074826182,94.35594535040812,26.41688231883645,1.7158931228683312,1.4447276300075007,440.82958872709395,229.6372577626674,7.0560487729452355,4.925447598407395,13.41725190176285,8.30619205920919,0.18209267603806525,0.15331626241058408,20.431806675852528,20.195279031030495,0.8329800761217564,1.3283247351646423,0.9088541666666666,0.40630711042098466,0.2372517961957783,129.39255096709488,18.213200985140883,1.6029510456486393,1.331582301754679,780.7119730585522,243.1481337070832,9.041591230887445,5.279587053678236,14.484074820172381,6.551531342199786,0.17010712472129502,0.1413091418456848,18.470843192906486,17.321500905271108,0.7869620335403712,0.8329800761217564,0.8994066382163113
stage1_soc,140,-1.2729739093955397,0.9557457212713937,0.18852453817991882,0.12157309069353996,228.78673274730167,10.643938768003897,1.5868216695812432,1.2951061475023282,659.4609911189308,204.66178677495265,0.8991883598174181,0.8477939295223336,0.8888888888888888,0.32194011088561814,0.21195559872594338,103.16795161475139,24.969380967261227,1.6275938798076008,1.3659513209964715,412.9717766265865,219.39122788305485,7.164164270810652,4.71666833689507,11.677939458177848,8.650125991372569,0.17272225241040573,0.14495642418695331,19.30477507701695,17.869682123730605,0.7923068556232034,0.6068382461865743,0.8984375,0.36992524092268975,0.20317037644175193,102.14334617275631,19.31278916827317,1.5528472145909085,1.270413031183125,745.5241805510801,221.02357963513762,8.23198198757826,4.521169939921805,11.64914716973612,7.129979535731524,0.1647900449128451,0.1348177840674967,17.649834408779302,15.062779091270148,0.7874599277231931,0.7923068556232034,0.8994066382163113
stage1_soc,141,-1.0743879000190417,0.9548655256723716,0.19823264787020628,0.12984815880451306,252.61184845458052,11.344217770501206,1.5714120848662256,1.280158792017096,645.0565436365754,205.09534410335402,0.8953957313113097,1.0916241617763744,0.9215686274509803,0.3264846664869794,0.23318186491192167,111.48960245566745,32.87648009652708,1.646369487177889,1.3746642836558274,424.8254147440097,232.36666150871167,7.265294703972341,5.1890184811314635,12.939644209717068,10.06372731696688,0.17471474281947072,0.1458810544367731,19.46491614936274,17.881784923249043,0.8236232275048865,1.0025124549865723,0.875,0.42044744015136726,0.24982743702760976,145.46446048158052,20.048716689447346,1.5604608671090674,1.28926931196717,754.0638040116792,231.60265565365225,9.356257349232296,5.559433999379152,14.08487775836074,7.520668255990126,0.16559801502647198,0.13681883563786038,17.883303002434435,16.468281419840416,0.7488657679545898,0.8236232275048865,0.8994066382163113
stage1_soc,142,-1.358613207940659,0.9632762836185819,0.18064137436168104,0.11650493779273198,218.88033088571453,10.216947817878284,1.5842443058347253,1.2930439161182743,662.1226457109401,205.7272550971665,0.9090838713100775,0.7496913616953332,0.869281045751634,0.2922085131357306,0.20159055838008333,100.57226423766359,24.5395416466396,1.6877422384839986,1.4058529507685331,429.14911709102756,232.3219936809873,6.502544164735904,4.486014096554997,11.150294967723516,7.939269944629442,0.1791052697701198,0.14919083392182603,19.944310167932414,18.231616033452518,0.7816184918109148,0.6274226705233256,0.8932291666666666,0.3723236268026271,0.2038937010098986,89.46957307905309,18.47449488903317,1.5873414671577653,1.3094969157658245,787.9226762085733,244.7022837654427,8.28535349938335,4.537266151148982,11.473428322606582,7.155861800033513,0.16845061716767884,0.13896541368310464,18.19071887458776,16.846365082610944,0.7815320786258785,0.7816184918109148,0.8994066382163113
stage1_soc,143,-1.363143661610946,0.9634229828850855,0.17616216595189482,0.1124388494440252,214.62816563380463,9.648443896188068,1.5741117377601122,1.2813080032071904,656.6071394190946,203.44755146903026,0.9105743330995171,1.5245432183633443,0.7843137254901961,0.3144648453814238,0.2038264978323984,106.65639851872967,26.32961996750017,1.741956810991397,1.4663113881559933,472.1543230546052,240.57908842077907,6.997816468131911,4.535770672372487,11.214247980405242,7.915565800647554,0.1848585864869731,0.15560675721345824,20.767420318213833,20.31356559895644,0.689974271875769,1.0938632885615032,0.8411458333333334,0.3772854463473019,0.21279475303405584,94.76129778065506,20.66212160737421,1.6467223565721885,1.3642592634738928,812.6119454527465,251.2413975488665,8.395769347232761,4.735342118473075,11.319559290547653,6.984702044032254,0.1747521897510095,0.1447768609739592,18.92900150744957,17.818223372689605,0.7279601994291428,0.689974271875769,0.8994066382163113
stage1_soc,144,-1.292533784093367,0.9587775061124695,0.17954808479388315,0.11512585377475489,209.7127623883308,10.050304379920696,1.5833600635169536,1.288989444068089,657.2788056880748,205.66498740508803,0.9049130806743045,0.8858131879295399,0.954248366013072,0.33679428722455196,0.2031568374996092,103.78127469354976,20.253870978378625,1.6680786338546836,1.3920996742310867,425.3885213913464,218.09429052435777,7.4947156864356534,4.520868656539325,11.10580469967888,6.796415248161175,0.17701854400626746,0.14773131940100975,19.71223290730354,18.191883471790703,0.8532100798457064,0.6999485691388448,0.9192708333333334,0.3740869853255472,0.20529655723900456,107.51699096487162,16.887287325027867,1.5640732896804155,1.2814037724868588,759.9046881567768,229.35305792484473,8.324593686298183,4.568484045825101,11.15809275925532,6.153011025475229,0.16598136972626673,0.1359841349718546,17.804410467349456,16.491772332756135,0.8070447377356692,0.8532100798457064,0.8994066382163113
stage1_soc,145,-1.2306474814846347,0.9584841075794621,0.18603291384298332,0.11995852232981281,232.2161005849425,10.426769467003716,1.573280309988026,1.2799557762180425,649.5217237030015,204.06800830273286,0.9026742334265672,0.8177969253141116,0.8888888888888888,0.32948532193644386,0.21426734125874694,120.15416125733454,24.368877037357333,1.6842804761928019,1.402745610163882,437.151916942359,224.41057432993782,7.3320685784700865,4.768111765957903,11.205948535057473,7.355188922916284,0.178737903323451,0.1488610791378469,19.88611076659556,19.597428581556624,0.7900432923079557,0.9419374267260233,0.8463541666666666,0.38740220681008924,0.22715756064038337,98.6708687564377,20.539706197629545,1.5891645553266498,1.328818664352487,775.8429995146959,244.7610968341534,8.620898591440552,5.054959058402431,12.280817895693964,6.8409800260793645,0.16864408551305607,0.14101586126575985,18.390933094653168,17.523834587795864,0.7301335046236399,0.7900432923079557,0.8994066382163113
stage1_soc,146,-1.3351157087451964,0.9598044009779951,0.18869148703830077,0.12136079338697994,228.74550443621953,10.550228261050126,1.572940972403724,1.283462615141003,651.5535791526003,205.93904911615888,0.9031969548665049,0.6182010076404397,0.954248366013072,0.28453490005413473,0.18263401173883015,95.42695698507012,21.56825616085638,1.7083063850850813,1.4354486981638117,457.28597530734146,222.18625319252948,6.331782514328428,4.064172239783466,10.15698270154165,6.53245586844611,0.18128756214901268,0.15233157081897275,20.319968607587317,19.599485103857507,0.8688878959968316,0.5413197676340739,0.9140625,0.35849712301050735,0.19075966379265688,108.00949980096458,17.513733381257474,1.6165925897839044,1.3390121817865293,785.8875223004419,247.35213677321838,7.977670979845033,4.2449931569438855,10.503819731926994,6.093986487286198,0.1715547820629886,0.1420976097983856,18.575628082738874,17.007735638715417,0.8065133630968478,0.8688878959968316,0.8994066382163113
stage1_soc,147,-1.3585401272249105,0.9648899755501222,0.18156173074215107,0.11596078023901961,218.88877616518155,9.891295762202002,1.5727432833323536,1.2819417489927563,650.7087281833332,203.0314745047645,0.910421456327477,1.4695415403328689,0.954248366013072,0.33705539075327134,0.23140828822757684,110.00163786756563,24.68630059825638,1.7080372618747026,1.4287535836494047,431.42528109038636,228.40730050519576,7.500526048388652,5.149550908487058,13.318869816078417,7.750281977345573,0.18125900246489907,0.15162107708130235,20.231398992947202,19.193870036829217,0.8531317487870905,1.0947343707084656,0.9166666666666666,0.402364085782905,0.2331286272504561,116.66496471181006,18.231483182889527,1.594247314909134,1.317923054198521,769.932374255467,233.00898331026787,8.953846724142547,5.187833778327318,13.590856489374067,7.043097768888297,0.16918347417409668,0.139859605795322,18.2841620929543,16.075610842592617,0.7959574409317951,0.8531317487870905,0.8994066382163113
stage1_soc,148,-1.381903332090028,0.9658190709046455,0.1779259270980987,0.112976526129754,212.07025227344928,9.69036127151464,1.5705564461089263,1.2836060686304729,655.0784690613584,204.19770857271297,0.9124412927752159,1.3054362410813376,0.9084967320261438,0.302392138741688,0.19960894934784354,106.86913481313302,22.202532852493697,1.6708050941022365,1.4048832727754428,405.3744663883532,231.3227619137527,6.729161365409709,4.441917160052009,11.048695121353171,5.689736399421086,0.17730787930108957,0.14908793050767755,19.858535135462553,19.04142355418727,0.8177790904036374,1.0494347016016643,0.8880208333333334,0.39578896324607327,0.22527251482824795,102.70399359387625,20.70787466247542,1.5889430884310718,1.3189844489994964,788.1512985485512,236.348079801975,8.807529889545606,5.013010952529597,11.915234652519638,7.0894759601286665,0.16862058317533343,0.13997224230925556,18.28898147235311,16.88012377708892,0.7692841443595114,0.8177790904036374,0.8994066382163113
stage1_soc,149,-1.3028487233019692,0.9594132029339854,0.18175103725207808,0.11748798354359771,228.04714941489166,10.192817524910193,1.5723255449375417,1.2827199604723394,652.3304460528414,202.5072391394201,0.9048878917583619,0.7623494372648352,0.8431372549019608,0.32044248214733856,0.2084120035755868,102.3005235052438,20.7243412255312,1.744831255743983,1.4626461940458397,457.22224199183717,238.9804932779855,7.130837394367059,4.637812372981267,11.283057519901618,7.634112014653992,0.18516362607839412,0.1552178023334473,20.726699712690127,19.212026453610942,0.7470045102577593,0.8079809149106344,0.8489583333333334,0.39137927680901574,0.22650642830558354,101.21361443249384,21.423397988572972,1.6163788950367728,1.3311439335933148,761.1802604722285,255.12787409451178,8.709400712876873,5.040469347891646,11.693221517286078,7.670203896929142,0.1715321045151612,0.1412626216804549,18.495464529191388,17.024234104576195,0.7315445502906286,0.7470045102577593,0.8994066382163113
stage1_soc,150,-1.2779854226054073,0.9606845965770171,0.1849189061625239,0.11765287218383151,227.65943422725329,10.20988169639238,1.5714788157742587,1.2832320144371765,642.6162763714295,204.15860650428542,0.90520892472826,0.6469171849730747,0.9084967320261438,0.3101109873027206,0.2039555830674039,101.33632948925943,24.81010046995168,1.6567045905112885,1.378212211957944,422.8349464489162,223.74406606549985,6.900929645294517,4.53864321853013,11.2049153988233,6.747194140641163,0.17581151662083824,0.14625756492586678,19.530246246430913,18.14300392350817,0.8154634358353277,0.9966600934664408,0.8697916666666666,0.3756442408073506,0.21486882106728444,88.27566906840502,20.588925784970233,1.5639251366758324,1.2949949340666838,753.7830479913063,235.2764383858976,8.359247442403845,4.78149655402325,11.595057910848928,7.292106664017306,0.16596564754828952,0.13742644565516748,17.95969996932852,16.863419135251025,0.7570983944244615,0.8154634358353277,0.8994066382163113
stage1_soc,151,-1.356685028134465,0.961760391198044,0.17825717262428142,0.11318781125857916,215.44433058143105,9.835042661954148,1.5693647002644968,1.2799400948010804,647.6089645395617,201.51382711792814,0.9082832394107596,0.6345925962223726,0.9673202614379085,0.2977202631484105,0.19457094344535683,86.38114037131777,21.986382055121183,1.6733855864844611,1.3961380188371622,421.5413797990077,221.7907296457931,6.625197668214727,4.329805929850092,10.464685381536505,6.573313342550844,0.1775817243075837,0.14815987346785914,19.798455987560292,18.819889759575663,0.8780041824933853,0.6026702523231506,0.9192708333333334,0.36386116047706496,0.19272058518254198,93.26999663638382,16.41570832545999,1.5964047319477714,1.3170881426704,755.1534322219628,240.85149314563387,8.097037421819252,4.288629729350592,10.348703869403822,6.16195535211037,0.16941242190788028,0.13977100396320064,18.286910819524326,16.613930758226243,0.8101124851902138,0.8780041824933853,0.8994066382163113
stage1_soc,152,-1.4468284382272174,0.9663080684596577,0.17907261002255243,0.11404983733744249,215.3459759860799,9.842743659272202,1.5656506718819025,1.276354825052007,650.0576368433755,201.6577288455665,0.9125862854528919,0.8493220276302762,0.9411764705882353,0.3045102097052591,0.2034885701327737,100.27875759337972,25.19036432811918,1.6614514057621443,1.3979276274543961,428.33001527856845,222.40858255321626,6.776295002403604,4.528250734750832,11.461264030669028,7.80237608649562,0.17631525445868312,0.14834978892228337,19.78188018579022,18.539373861256436,0.8498234076766575,0.9625695943832397,0.890625,0.3729640071259603,0.21204813236545306,91.93676716542613,20.640219508256195,1.5826653022141273,1.300504224076576,753.0996818133991,239.55618951057357,8.299603944348203,4.718727496880447,12.094351954963182,7.30198796549143,0.16795437682681247,0.1380110982466378,18.063775274153254,16.349099755616468,0.7787357978622119,0.8498234076766575,0.8994066382163113
stage1_soc,153,-1.3752233083440506,0.9672371638141809,0.18042117476672523,0.11414435250358998,221.27782265258014,9.751471387561272,1.568824691670276,1.2786192563317333,650.6992275205466,202.61655110636738,0.9131108113841633,0.5682588866333557,0.9673202614379085,0.26096583401940504,0.18143698545720646,102.4699703643586,22.046171341588526,1.6493068125856536,1.3853145519308014,422.28783690219313,223.74627716966455,5.8072978195884835,4.0375346987375895,10.749322885606361,6.878014080085469,0.1750264553828968,0.14701127392705904,19.577707859821494,18.5482413534086,0.889030511232087,0.512675921122233,0.9244791666666666,0.36815280286758256,0.19473441692328683,101.78806181131891,16.755542672779235,1.5698147317367679,1.289456568893608,747.6033464820545,234.3305536818964,8.19253975295986,4.333443720887032,10.92160070160295,5.986324528652499,0.1665906585767349,0.136838707571833,17.920151244092903,16.094517410370962,0.8140333258063919,0.889030511232087,0.8994066382163113
stage1_soc,154,-1.4053510900581379,0.9652322738386309,0.17616352102463273,0.11141365351512901,217.44313337464405,9.461786073115611,1.5820403071479714,1.2914770927169976,654.4997280070978,206.59732873235532,0.9123832175312411,1.2752703716552336,0.869281045751634,0.31470677824581983,0.21258207887191982,136.96502452190174,28.703990242492523,1.6445815144884006,1.3863095120082494,426.71769193976405,222.35163770718884,7.003200223446754,4.7306094598754616,10.992383442190265,7.227369942876903,0.17452500097169893,0.1471168603069092,19.5713857880956,18.892559434582466,0.7748690122778881,0.8297154108683268,0.8515625,0.3567564456000498,0.1974895007952,88.98256869591773,19.613034058542706,1.5774542470927069,1.3020475203447859,760.9058960108988,236.29334513651173,7.938935517908644,4.394752867435906,11.280033608045537,6.208633425595165,0.16740137328632673,0.13817487473344378,18.072808303903518,16.693925889918123,0.7445355663199851,0.7748690122778881,0.8994066382163113
stage1_soc,155,-1.4459525516272174,0.9703667481662591,0.1693619823487164,0.10784430855895395,206.60512637789859,9.235679623051976,1.567558310515635,1.2772672245814978,641.2718018783472,200.9204833854432,0.9195581534616442,0.7005325361014971,0.954248366013072,0.2757592061566127,0.18121718360245034,103.51633861099047,23.458752128783107,1.672254402287047,1.4054195163588898,414.7076996073327,228.86386230640042,6.13649615346072,4.032643426910137,10.067378580052122,6.44023022234008,0.17746168165757598,0.14914483733236072,19.876533042118275,19.05579932838625,0.8715206041660881,0.6322112480799357,0.9375,0.3504037595510553,0.1839835707699725,94.89713396691108,15.66014522254237,1.552747329862135,1.2728866430188646,752.8169916666653,233.40328929931144,7.797568583882663,4.0942041067840185,10.453686499591232,5.523554161911026,0.16477944502330927,0.13508028677972644,17.697294500478435,15.925993863512975,0.8323788721346834,0.8715206041660881,0.8994066382163113
stage1_soc,156,-1.2029279851971746,0.9611246943765281,0.1829576769658228,0.11844526373009337,236.40432696785965,10.35369839217267,1.5662289234584084,1.2781809300696592,644.8308002637792,203.01290766828552,0.9062373912867813,0.8475469967313841,0.9150326797385621,0.33826489695426826,0.2095079222675778,101.30519123687405,23.872208162982133,1.6901961365779794,1.3927301351541008,425.4755618172341,223.26788913091872,7.527441306281399,4.662199957104529,10.426015390518831,6.7060881335436795,0.1793656804359722,0.1477982246849572,19.81893185019413,18.394666602980042,0.8135532106522816,0.9932353496551514,0.8697916666666666,0.36984985336521986,0.20038929858977403,103.63877681524794,22.366273782182617,1.6062437377112753,1.3305428073338892,755.5619094710722,250.79070174958025,8.230304381006643,4.45928234683291,10.487049428772655,6.702755187745256,0.17045654922860493,0.14119882942687176,18.463062870097282,17.12712278052193,0.7588367106571007,0.8135532106522816,0.8994066382163113
stage1_soc,157,-1.3361026777440004,0.9590709046454767,0.18658016034745875,0.11813365598752285,228.82689502318496,9.975845759388159,1.5630912804173593,1.2749344992043319,639.6044179206899,202.45979177669236,0.9030968565412391,0.9256893676870009,0.9281045751633987,0.2784550216295791,0.1834187679771894,79.65973834331861,22.77230601427939,1.6961981295151265,1.4136755807337418,427.30481890276405,223.09588099569783,6.196486394623886,4.081635495880023,10.13898729272522,6.852154346250044,0.1800026192644581,0.15002098097762823,20.042283691926915,19.17366454717224,0.844568068674525,0.556731124718984,0.9036458333333334,0.35473327965392437,0.19591662647629468,88.23184246708472,19.290838781854706,1.602202815974439,1.312961832380097,767.3859368320773,245.78417772998074,7.893913811401553,4.359751543845069,11.493952131008898,6.100266578739291,0.1700277216734884,0.1393331148703947,18.259709226956137,16.19417345962146,0.797225849437156,0.844568068674525,0.8994066382163113
stage1_soc,158,-1.3109045173486462,0.9650366748166259,0.18155191627970252,0.11514113200796554,220.93262518481845,9.77051483790737,1.5569307979775946,1.2684337786675264,635.184078042486,200.41957181528454,0.9105710999327151,1.2470076995737411,0.9215686274509803,0.34293396725097336,0.24971827595598167,109.0403413726677,32.84775442062697,1.6879456133145307,1.4228643126347487,430.5946388035344,224.6594943645227,7.6313425769417735,5.557004827546633,14.265164457519903,9.090983332045589,0.17912685215578059,0.15099610044104428,20.11198826894266,18.85967507046053,0.8186884372756883,1.1620951890945435,0.8854166666666666,0.4168241322305943,0.25071345751105883,130.9885886558666,21.856147738842466,1.5697583434285363,1.2958321997357416,771.0807496256378,234.14337085891563,9.275627529366918,5.579150698467287,13.890892137958778,7.172620912941473,0.1665846745805254,0.1375152973116032,18.013736895885962,17.012575930000864,0.7603694269974883,0.8186884372756883,0.8994066382163113
stage1_soc,159,-1.3631612653662348,0.9599511002444988,0.1799629917955542,0.11529339320103758,224.2625658562127,10.019034888426127,1.573008942687941,1.2834977596911459,648.0231340936306,204.15857465461505,0.9059622027058325,1.3005135900834028,0.954248366013072,0.35239603661020985,0.2415432969436926,120.82327619386999,31.785746442512348,1.5837803686320107,1.338689872447182,406.82964891469186,215.48043987779545,7.841902917015267,5.375086232832363,13.871471359604682,9.131018687573052,0.1680727090383509,0.14206340593724087,18.872796939907495,17.61046098274567,0.848529555030009,0.9434662858645121,0.8984375,0.3607791176723881,0.2118633865417602,83.64655742362743,23.598702270164104,1.5304579008126595,1.257783402458396,744.6805620419997,231.96184525388958,8.028452426673308,4.714616330286012,13.139045175705713,7.624956734633011,0.16241406356167434,0.13347751242633019,17.46854178835937,15.698482093935137,0.7902037646982836,0.848529555030009,0.8994066382163113
stage1_soc,160,-1.3454625389686714,0.9682151589242054,0.17597526653933945,0.11270584759733943,215.52050089039855,9.798370113241067,1.5711544686627328,1.281215645914492,651.8891800423817,203.38842073315396,0.9154225789624035,1.2662161386090947,0.9084967320261438,0.3089988412725724,0.21804936404273012,96.76676466413763,25.47672963282441,1.6570997760341852,1.3824055087722205,436.9042251485317,231.58327543174008,6.876180952653537,4.852273482948895,12.150322617420443,8.367884395652686,0.1758534541916792,0.146702562710494,19.588457960244842,19.218532865603077,0.8157970796443721,0.8361635406812032,0.8958333333333334,0.3626651882116539,0.19937703336169457,87.74617697279962,18.439020524665942,1.5673296769059157,1.2927556004651706,737.1405352465221,234.86011530448545,8.070423335897592,4.436756311292816,11.063943409823196,6.172083042860956,0.1663269415198737,0.13718880483558085,17.95286155503859,16.04101583430392,0.7870337768698372,0.8157970796443721,0.8994066382163113
stage1_soc,161,-1.3567586489469905,0.9618581907090464,0.18095982983638623,0.11476676166772587,219.03668016618113,9.884627581574254,1.5691648256044355,1.2799038926729007,646.8779012568687,202.0837568973085,0.9075702417581306,0.7726214563145357,0.9281045751633987,0.27479224590216383,0.18809144452116847,93.07583291173002,23.58657504499045,1.6755824971996018,1.4157796032678067,438.05968328591115,226.58825709035364,6.114978293858947,4.185617016708047,10.648195542820122,7.793239154640038,0.17781486315860254,0.1502442624213069,20.01369362489176,17.989393937047875,0.8456669013927496,0.7354432543118795,0.9140625,0.3581735005694225,0.19451710671395026,96.34823266544174,16.915143114019806,1.6126045010999295,1.3269103152536748,777.0617392730413,247.46334982045283,7.970469378518394,4.328607895884894,10.719864362997455,6.625677299507451,0.17113156121603504,0.14081334492625927,18.441222609171394,17.2914645474383,0.8066104498291733,0.8456669013927496,0.8994066382163113
stage1_soc,162,-1.5100634483719804,0.9699266503667482,0.16439296153114968,0.10407957224359776,195.35761161560833,8.847127905914682,1.5669011097835963,1.2792925314351116,639.9682107588019,203.69669328900432,0.9206087619074033,0.960498632948383,0.9215686274509803,0.2936489631235884,0.19050809619278689,109.16074754202656,22.964966949775103,1.7018587977361466,1.438050338937566,459.8077694094385,234.00871861289704,6.534598636943524,4.239394998933304,10.53882898879331,7.084108005827942,0.18060333629676723,0.1526076601186319,20.312279829698227,19.89582197179175,0.8334739385139038,0.7332819501558939,0.8984375,0.362419383810183,0.18979024775035214,91.27172010447907,15.068963841309692,1.6059706152718776,1.3326878837372835,786.0815368075714,246.64469131910286,8.064953426895633,4.223420648458611,10.40243027400454,5.310439100915243,0.1704275651414184,0.1414264675573558,18.48105242592474,17.553882475846258,0.7897116848569451,0.8334739385139038,0.8994066382163113
stage1_soc,163,-1.4194436403241892,0.9646454767726161,0.1792014116756294,0.11302580259731244,217.48392566121936,9.551668600473196,1.5740039428424595,1.2850773417565762,648.2784964940591,205.1685672888217,0.9108850532699273,0.8302452860314862,0.9215686274509803,0.30846334323908986,0.2007980257808383,97.92563862445968,24.83587791247412,1.6963503439120562,1.4432048304797778,454.8663860901662,236.3223807482849,6.864264463378524,4.468377792351259,11.233220985067826,7.932388753188123,0.1800187724423565,0.15315466106293774,20.37133638463544,19.196733383434054,0.8290296244792534,0.8638967871665955,0.8776041666666666,0.36513557847160316,0.20838459331086293,107.60399462357555,20.829271804175093,1.6334784152199433,1.355279456336575,822.7169619503538,246.24757464800035,8.125397168100736,4.6372024097224225,12.05434525135756,7.153623880595969,0.1733467265027565,0.1438239128618958,18.80481935384586,17.35744057871249,0.7680634931251857,0.8290296244792534,0.8994066382163113
stage1_soc,164,-1.259728819653574,0.9576528117359413,0.18626814850354903,0.11966724806376403,239.82583441798818,10.397117511917408,1.561430309073003,1.2736136398690783,640.3125773602243,202.33909704076268,0.9017723671848766,0.5095084516051548,0.9934640522875817,0.27366008079645293,0.19179158993491452,102.19436309346553,23.728665225537693,1.6376445065188685,1.3754192727063996,422.5546863825346,212.28065942592656,6.089784114802846,4.267956708699336,10.680934334004428,7.555768337574664,0.1737888372048334,0.14596117479786433,19.461243506488596,18.46419824710938,0.9113660280486459,0.5165544549624125,0.9401041666666666,0.36004309785675853,0.19615812095435103,91.3533574955381,16.240362343239404,1.5436425044195727,1.262967192385986,744.159658882157,233.07019730498232,8.012073706882113,4.365125543706504,10.867667935648308,6.150814708339035,0.16381322981584678,0.13402762255111236,17.573270240207094,15.473973865912193,0.8320912373096391,0.9113660280486459,0.9113660280486459
stage1_soc,165,-1.346653260928203,0.9653789731051344,0.187651622305887,0.11907713377215241,231.8358633357697,10.34184330785229,1.569035804861414,1.2806155698810657,647.071213093327,204.9552849290488,0.9090834864133683,0.9099829504692477,0.869281045751634,0.2859717776984411,0.19384265106682683,97.3544466484578,23.36286952575128,1.732777767328415,1.4783067337048599,463.37129008053205,224.47294555359855,6.363757490831197,4.313599169460356,12.221132619652776,6.112070882135161,0.18388449515122102,0.15687971794853195,20.8253633155474,19.71929999314581,0.7834895124421016,0.7231417993704478,0.8723958333333334,0.3680206006852426,0.20609653975407127,96.94397312947193,17.53324752598254,1.622601258804055,1.3464071484850137,789.7209436630728,246.13222288912743,8.18959784507321,4.586286133722593,11.930519715999006,6.654637089814215,0.17219242936556492,0.1428823727054648,18.679636939201554,17.81900662508422,0.7619896531277606,0.7834895124421016,0.9113660280486459
stage1_soc,166,-1.3779116333259638,0.9661124694376528,0.17427376684200607,0.11136834494628395,212.15074331965047,9.584060234389222,1.5710586152214367,1.282579975794855,650.6299519512233,203.9618544780854,0.913830339385051,0.9100227548795587,0.9477124183006536,0.3373697272692196,0.20964254350918862,101.42753360531452,23.94537682344808,1.6987289711182394,1.4132160891115275,442.1706288353119,229.6499222442604,7.507521009129557,4.665195696549942,12.000599256635029,7.87400236184061,0.18027119526957017,0.14997221916490752,20.045292280845704,19.401341490538336,0.8465015001198877,0.6064126541217169,0.9244791666666666,0.3638267407940138,0.1913317095434953,115.31473275459895,16.054011181018346,1.5915525275550824,1.312965027068761,761.0719426934751,248.13595688463232,8.09627147729979,4.257722946090543,10.918532868625634,5.859681874240573,0.16889750004545598,0.13933345389466156,18.229221676927654,17.000959970195733,0.8153311444284626,0.8465015001198877,0.9113660280486459
stage1_soc,167,-1.5554588022558498,0.9735941320293399,0.16166873548600957,0.1015554966664848,204.05012894936613,8.58405596841411,1.5601601637853348,1.2705078800076341,637.746740345725,200.04932131495156,0.925093511383537,1.2483750605115704,0.8758169934640523,0.31012515074775693,0.20649577339721564,104.14440296412512,23.9417690888445,1.740676784798553,1.455868899822235,456.78707437365466,232.98151894322507,6.90124482579999,4.595170318405429,11.81424649076778,7.640404088291586,0.18472274854243714,0.1544985875845645,20.625564244100318,19.29993510985795,0.7827794482397252,1.014384130636851,0.8984375,0.39489242947659303,0.21391258686586903,112.79118259034296,16.520711239757823,1.6136528696856007,1.3467885564823519,810.3343848341616,237.60390492758378,8.78757923729163,4.760217382311897,11.762822592530464,6.205454031950503,0.17124281537207475,0.14292284818844916,18.650415861246547,17.56892726501445,0.7799697711570222,0.7827794482397252,0.9113660280486459
stage1_soc,168,-1.39663841755874,0.9698777506112469,0.17447017443045287,0.11020430069639915,210.11291881058355,9.659188618000027,1.555040243197159,1.2676051657151175,639.6546779612006,199.61457465701,0.917536698282111,0.7964738346392812,0.9411764705882353,0.3026516501946079,0.1953515232619799,79.38857515512905,21.952027407851133,1.7296723990782887,1.4534771426830417,448.91768695206156,227.22063385432912,6.734936298746719,4.3471762476318165,10.911018425785455,6.774335295868708,0.18355494967591546,0.15424477139280723,20.582030403667513,19.54859649831617,0.8503809755298529,0.7990418573220571,0.8984375,0.3685405938853315,0.20474477518776743,105.54543031385144,20.32422012922474,1.5847028210104894,1.305154248017061,760.9744899985631,242.2725281177474,8.201169303798544,4.556205186735833,11.09338563623291,6.397911491167376,0.1681706008125391,0.13850456447228976,18.14942163634922,16.56186121601305,0.7878753218344006,0.8503809755298529,0.9113660280486459
stage1_soc,169,-1.455702068240252,0.9676283618581907,0.17348597512111866,0.10997870292043209,206.53599006843032,9.473453500936294,1.5574612073808223,1.2691625001848035,642.8120199076429,201.99724288958106,0.9155825693218551,0.6647278822325413,0.9084967320261438,0.2806454235531417,0.17055658056260714,73.38470552919642,19.29334234702274,1.6986642339254079,1.4260713820363962,444.6398849555834,219.89020228994428,6.24522961943155,3.795412001496125,8.607700438354358,5.065296883756332,0.18026432527951963,0.15133643856688841,20.21041707171407,19.63591886387557,0.8243031049602013,0.6346868971983591,0.8958333333333334,0.35516140793431134,0.18545459089121627,97.1405558731034,16.921371339263644,1.555692948065933,1.2831300607867888,750.6211935843099,239.00798372062218,7.903440991227746,4.126938859111921,9.92620549364311,5.918615415897671,0.16509203762838912,0.13616733079679155,17.832616727512654,15.76701575207435,0.78928491095304,0.8243031049602013,0.9113660280486459
stage1_soc,170,-1.4029933501922123,0.9656723716381418,0.17689462212741344,0.11189737430448055,212.723955999257,9.503608850574047,1.566047859002921,1.2785680103565231,647.2093423246017,204.16884634207526,0.9126039849999178,0.899228971378476,0.934640522875817,0.26589857395771105,0.18558632275637457,89.56630557121576,21.026142561683752,1.7254736281435084,1.4439718999893836,443.39323410308833,245.06450239746275,5.91706655615877,4.129870300985064,10.348149704888261,6.646987598441044,0.18310937097092775,0.15323606341711113,20.465405964422306,18.293262898445818,0.8548709506885037,0.7068948547045389,0.9114583333333334,0.360974547396057,0.19125439383545503,105.99265106142148,15.712374329860205,1.5774440766367746,1.306137957079045,760.0021851084866,237.33392609895807,8.032801343122122,4.256002432198718,10.638804500876093,6.072365658275675,0.16740029398510886,0.1386089568806235,18.128506611072286,17.204394856113918,0.8031659691145163,0.8548709506885037,0.9113660280486459
stage1_soc,171,-1.6250060970450964,0.9766748166259168,0.15804149954834204,0.0990084423820208,192.53121530990038,8.353541268906948,1.5687661435317994,1.2809453632880212,648.5541466204562,202.0603301358156,0.9292623667614142,0.9498355158793381,0.9150326797385621,0.30722073457034826,0.20249627768731635,95.1281427138151,25.25693971204344,1.7170334730674865,1.4601390914979324,461.4637165528772,234.13715051646915,6.836612573085299,4.506169155464596,11.132308053824934,6.820620438219106,0.18221369139538404,0.15495174554589686,20.61658916092899,18.750529957332038,0.8228664593674576,0.8601667086283366,0.8854166666666666,0.3518917283408345,0.18568439578424054,96.66565297065348,16.698567986572975,1.602369841114646,1.3233526002659346,778.5680426502959,241.35772305646697,7.8306804965626124,4.132052729512639,10.215438817377553,5.571792499976984,0.17004544658557097,0.14043579586212207,18.374661486235862,17.58401366201803,0.7798491481644163,0.8228664593674576,0.9113660280486459
stage1_soc,172,-1.432476501966164,0.9673349633251834,0.17813963747600509,0.11195924132367856,213.84912869022054,9.522715131194342,1.5594118217935986,1.272611474557609,636.9468979833366,201.39088138695917,0.9138930720823819,0.7893089383256202,0.9411764705882353,0.2891127079636875,0.1813609464020998,99.6833131286351,20.67319692457121,1.6645004338569476,1.3933047289941825,423.89973374084644,224.97215718595527,6.4336529143044805,4.035842594326359,9.936985064481267,6.37504418209798,0.1766388210478247,0.14785920128576124,19.723732752120352,19.190378710880285,0.854442658199129,0.7694689631462097,0.9192708333333334,0.35822338844391244,0.1950654370812117,98.78984497491327,17.72656773176216,1.5838142826055333,1.315824007045497,791.5644280120808,234.83368631280604,7.971579538190589,4.3408099443184645,10.850130018441739,6.5201768860097555,0.1680763080306841,0.1396368523451623,18.244722198851544,17.52955740805936,0.8118038168001597,0.854442658199129,0.9113660280486459
stage1_soc,173,-1.5516865971852047,0.9727139364303179,0.16995141969580999,0.10554549747715934,200.33566064831626,8.790295608566637,1.570103066013638,1.280969528924346,649.4077953017689,203.294938085389,0.9217285105215749,0.9766282287298464,0.8888888888888888,0.34862691116425165,0.23001911566635364,111.16633659957655,23.983137297842884,1.7394935109440686,1.478188088516784,461.60127076385936,234.23433220390132,7.758028205728575,5.1186375177892405,13.253278546426126,7.654034875764015,0.1845971780743367,0.15686712717611853,20.867368721642045,20.233994980330227,0.7843008155396134,1.0119154651959736,0.890625,0.4151298110516549,0.23745826135079065,106.82369671762744,20.20708879277129,1.6094949959389349,1.333768320553645,767.3802573793633,243.49875995280135,9.237923637111793,5.284181542642777,13.064976465869679,7.339359613001404,0.17080157672669039,0.1415411248332428,18.506297069105333,17.36582740684807,0.7660860566845036,0.7843008155396134,0.9113660280486459
stage1_soc,174,-1.4645469258175503,0.9668459657701711,0.17388577205040467,0.11015906584722361,212.55195112745326,9.500672150043695,1.559460586340492,1.2711858213792184,632.0886754428702,201.6321598341067,0.9146802341550497,0.8477845741253273,1.0,0.2958211490213521,0.20103275527556738,100.52679738228915,21.480488967649663,1.6659686001742178,1.4012694997725144,418.9184278296257,213.86484249049622,6.582936498775986,4.473601250387653,12.58648294320252,6.501479084349279,0.1767946246523836,0.14870443249843246,19.81086221414405,19.012624594644116,0.9112536552935944,0.7112052241961161,0.9427083333333334,0.37375233563207744,0.21275606640362335,104.60935716850243,19.948014812254826,1.5618015619672985,1.2779620187405574,742.3887256712729,236.58145233344203,8.317146694462966,4.734481221162888,13.149089919836427,6.858262353820793,0.16574029120395187,0.13561889185643236,17.771285781569222,15.718122155768341,0.8305826326437101,0.9112536552935944,0.9113660280486459
stage1_soc,175,-1.3705035774049084,0.9637163814180929,0.18263738331264445,0.11545895241897708,223.97249305915255,9.913074308784065,1.5605750144528039,1.274060480116723,641.3367876731351,202.2464104186852,0.9089251664242995,0.8879107782264161,0.9411764705882353,0.32755045239196035,0.2052544844671597,95.09395894836071,24.27576706443067,1.697196976247298,1.4249033495491625,440.1490054326033,223.61463659236196,7.289011740286312,4.5675477963841855,10.924628277472117,6.17410651316023,0.18010861810085935,0.15121248553131458,20.151728095885353,18.967207932820752,0.8429113348706472,0.8904838760693868,0.9036458333333334,0.36875030274900045,0.19986133104976034,102.14382722970525,16.323389495368055,1.5787044960393235,1.3078663010989355,783.5970883790231,235.1260679908787,8.205835975323991,4.447533434353788,11.043170129689178,6.211102600200647,0.16753405123308757,0.13879237086107596,18.14871724168648,16.97830482728314,0.7930207425086332,0.8429113348706472,0.9113660280486459
stage1_soc,176,-1.6103753064722186,0.974963325183374,0.16380151938174198,0.10206558479490282,199.49271450569563,8.591596026240028,1.565633213846996,1.2767891899203485,650.1064876966301,203.3323614001127,0.9258228693688514,0.7589070224294475,0.9673202614379085,0.3193515677875268,0.21181573066860437,91.755992595233,23.041648090871316,1.6640236303924174,1.3859292368094127,418.90239747572724,220.6298196539672,7.1065611721293935,4.71355583955431,11.64554552628464,7.11140695499348,0.17658822208123212,0.14707650503788677,19.64550895719383,17.279350915751838,0.8715147911016504,0.8754346966743469,0.9192708333333334,0.3829489067743019,0.1983549738918858,126.33818821182517,15.980188452634152,1.564824052032397,1.2894214734818281,742.5399885909886,241.20338398724294,8.521798877161945,4.41401232354893,11.030697756683956,6.498582884268867,0.16606104154493595,0.13683498320382756,17.88623783406973,16.596548545389265,0.8043861613010428,0.8715147911016504,0.9113660280486459
stage1_soc,177,-1.5866572079856704,0.974278728606357,0.16977390669514653,0.10433091377163156,199.1080491721473,8.58283412111405,1.5600564614746142,1.2710621556948898,641.0084497001312,201.59504270138956,0.9233465565978131,1.149700698509715,0.954248366013072,0.3334650114893441,0.22881731484085321,114.27496902720495,28.678333006916308,1.6835365879807307,1.4146235170317631,415.78103908190127,228.69304284754986,7.42062899309309,5.0918937283589765,13.00767140205608,8.399976096807809,0.1786589609969133,0.15012157713651472,19.99764943270403,18.734049213575897,0.8542088625662687,1.1800315578778584,0.8932291666666666,0.40837818379938057,0.22743213377543725,128.58148705236968,17.168737495669426,1.567551538462405,1.2901456269634461,749.3744008478176,233.95490143426258,9.087679026095426,5.061069160801496,12.82326034116466,6.247946195518811,0.16635048573949476,0.13691183125664197,17.922104891962377,16.04247153470848,0.7707157115268525,0.8542088625662687,0.9113660280486459
stage1_soc,178,-1.5327495689671897,0.9713936430317849,0.1674218613374358,0.10537656342585669,207.89135236133492,8.89315918340684,1.5557287902624244,1.2682036894578077,637.1824662365754,201.4149117755975,0.9211670846305542,1.3530214619792365,0.9150326797385621,0.29527837749028923,0.19777820539338137,88.70340263073037,24.710097080016393,1.7038757907141926,1.4376481350730448,455.43518309792853,227.65996385273036,6.570858151659324,4.4011774386439475,11.862595727460098,7.2254321816434235,0.1808173820575594,0.1525649777527972,20.32361297454733,18.421393997148446,0.8264491664914753,0.9917614062627157,0.921875,0.3600196869244397,0.19753258294864887,85.98223279224084,19.890725455495755,1.5676244036278582,1.2896540952448656,762.0578245063874,234.8274767049453,8.011552741152169,4.395711578742797,11.954765943350992,6.386537046211124,0.16635821827993716,0.13685966930972285,17.92995750540436,16.311885338618794,0.813869093922668,0.8264491664914753,0.9113660280486459
stage1_soc,179,-1.5287009324071459,0.974963325183374,0.16955431929028533,0.1067723621868854,209.6637163074037,9.103600119744033,1.5565098459183788,1.268026439273197,639.3754540581023,199.86704050465323,0.9240970293962885,1.0887669698864806,0.8627450980392157,0.30516706205878424,0.18087214930287374,86.03825778389658,18.398892663416145,1.6748154269970852,1.4113313975482205,424.74097508907266,237.34678567060382,6.7909120010415736,4.0249653454358185,10.389892671587889,5.714837257005491,0.17773346073089663,0.14977221339199828,19.97523349766713,17.982793378070294,0.7711949794215804,0.8844881455103556,0.8880208333333334,0.3687137647990944,0.19005232835722077,81.12850920180985,17.007518996233873,1.553891085776225,1.2904576465734863,754.0934792512804,235.92808388106312,8.205022892808346,4.2292527534256985,10.43487366727277,6.132443475756117,0.16490082179926066,0.1369449431591325,17.894339234303725,17.023960871160853,0.777406703893605,0.7711949794215804,0.9113660280486459
stage1_soc,180,-1.3344983046445404,0.9613691931540342,0.18401971595967978,0.118173486434702,225.6122775082745,10.357881001847014,1.5378054893234079,1.2536672477387256,623.6081107550765,197.31881983844795,0.9061632783661303,0.6591308771395216,0.9869281045751634,0.2716543214881002,0.17552760008454713,88.26114894378452,20.731023574647146,1.607318647670732,1.3492426283998427,395.69163793841267,213.77845208832628,6.045149759881314,3.9060325773250186,9.775811665149863,6.024383784426097,0.17057061998768008,0.14318327730066494,19.050242632127425,17.2252608715689,0.9054318081287334,0.5830896894137064,0.9401041666666666,0.35756381886447347,0.17839885683739945,86.57503551531904,15.384463313205067,1.549978867669068,1.2684305948617596,734.5502137765371,230.14587372136606,7.956902072862857,3.9699269301738216,9.54068951435347,5.490450385640071,0.16448565243067792,0.13460740550136022,17.633791793263672,15.783543242503873,0.8328350210073245,0.9054318081287334,0.9113660280486459
stage1_soc,181,-1.5567394488364967,0.9709046454767726,0.1637699548600693,0.10204998942976704,207.26933328955514,8.578187227436882,1.5571545844081418,1.2708815501058761,643.2863434614055,201.08876794800835,0.9217736590187517,1.1574760636473014,0.9673202614379085,0.307657340024766,0.19712691185569842,94.15364128328369,24.95846080061752,1.6600995665344178,1.400628171082026,436.9811589338228,218.05803130947587,6.846328396281035,4.386684140869891,10.68660904690922,6.840662068404922,0.17617179562708735,0.14863637391371373,19.79462785076159,18.402785442003694,0.8750230594304786,0.9560892581939697,0.9401041666666666,0.3487191270314819,0.18422706531418953,89.24022471337021,17.61105012210038,1.5457283073749135,1.2826356122313882,735.5181603267343,233.65934697880505,7.760080294296836,4.099622614310211,9.963317114346799,5.911943545888313,0.16403457777555608,0.136114859311583,17.791946196802982,16.629751718850372,0.835488428557222,0.8750230594304786,0.9113660280486459
stage1_soc,182,-1.4269208173122265,0.9653789731051344,0.1801086054284204,0.1133691991134467,227.31961731328022,9.623524766905044,1.553259521432525,1.2665871760805882,628.8367871357908,199.59621534836862,0.9113463914766083,1.2038769971311483,0.954248366013072,0.396723769141415,0.24930143758070236,120.72739437115277,25.93731647246361,1.707850105317476,1.4377703294644948,456.6821272722971,221.11796251032015,8.828332215099659,5.547728883065332,13.53259203978107,8.057711305446631,0.18123914118222983,0.1525779451710119,20.33550421068563,19.93799832209005,0.8352312352706475,1.1286782026290894,0.9088541666666666,0.4504080080425983,0.24790834499435732,140.16309794275367,15.832703677715958,1.5612790177928892,1.292727212695657,786.5479748715625,236.12897486676172,10.022972749898274,5.516728259671218,13.954076940041,6.207812188140776,0.16568483817730462,0.13718579229077335,17.92999338038703,15.855020817928104,0.7737317642538871,0.8352312352706475,0.9113660280486459
stage1_soc,183,-1.4957783483584528,0.9706112469437653,0.17004156998808592,0.10573530362020668,209.75913928380487,8.8738496492901,1.5453530792861143,1.2581584329869424,629.9695266784463,197.74903264538537,0.9195987759473395,0.6941350390708524,0.9934640522875817,0.28056321431946907,0.19049252164884914,96.47647698368291,23.958034297923454,1.636327593645076,1.3647113232051624,406.18508165291735,216.6636874272308,6.243400209442877,4.239048417108174,10.72707946051313,6.125399798940681,0.1736490848006178,0.1448248341053267,19.300868532204447,17.474950333509653,0.909295087991741,0.7498378157615662,0.9375,0.3619118524408476,0.19449429894060208,98.96256688835508,16.479535741373205,1.5458358208115264,1.2696902458774275,728.8528712732628,232.2276464125698,8.053659282489376,4.3281003523095745,11.024486392174486,5.2936812968676135,0.16404598723289465,0.13474108120718367,17.641600180553226,15.77602288761734,0.8289264442677458,0.909295087991741,0.9113660280486459
stage1_soc,184,-1.7409023104669996,0.9798533007334963,0.15536779401084158,0.09570141802820284,183.32881125507666,7.932933237502808,1.5590586187064945,1.2724068086723226,637.5267753314603,201.41942974341788,0.9332429625302439,0.9832831332886142,0.9738562091503268,0.30667918673951194,0.20941773012548295,113.58493636248602,24.98368229571653,1.6380039327144682,1.3687659948090323,414.7998213138377,226.8869225002974,6.824561457087544,4.66019290268647,11.584214808473721,7.941670224599635,0.17382697995214247,0.14525512081314335,19.37700999465547,18.60161370419025,0.8818524531284732,0.6646799643834432,0.9635416666666666,0.35887918345502445,0.18854300364182563,103.90380207354038,16.09623503700911,1.5603229772880725,1.2761250982415124,742.1154791047517,232.56924858602497,7.986173007686081,4.19566560527774,10.243579867388007,5.92609999421715,0.16558338199008482,0.13542395560726717,17.745833797794283,16.35868209266199,0.8558779116301592,0.8818524531284732,0.9113660280486459
stage1_soc,185,-1.6429454968086372,0.971442542787286,0.1658614451809093,0.10240321532980264,195.8506344224886,8.416559172974313,1.5516933184047081,1.2658051983530298,632.0309452675963,200.7616607966275,0.9216841092330132,0.8834033098096162,0.9215686274509803,0.2844705723370461,0.16931029901614572,81.8140863958513,20.329593194201692,1.6892578710246113,1.416271873792402,445.23104833983984,223.2658927852993,6.330351023449203,3.7676783783015253,8.759774843557718,5.621313612784809,0.17926611054833172,0.15029650277122353,20.03114666109817,19.172308814544056,0.8362274557498666,0.7280824581782023,0.8984375,0.3327905116288452,0.16851294436128228,81.72201913677759,16.321906147069008,1.5995688690351104,1.3177918669607607,773.350548815035,241.25093509918298,7.405619282784052,3.749934768430041,9.256937808349361,5.736507267561763,0.1697482040040412,0.13984568404526224,18.31565744218508,16.652289403061445,0.7986003465113465,0.8362274557498666,0.9113660280486459
stage1_soc,186,-1.442550584354727,0.9724205378973105,0.17582792210692183,0.11113991764098552,218.13873755976113,9.497967619919436,1.5493424963538671,1.266480735319605,629.7934167800566,199.50146050444704,0.919672161265234,1.4159116137261485,0.934640522875817,0.32216426084750205,0.22769630984920594,95.37705840393392,31.529413982836473,1.6266224610207172,1.3699687268414529,428.89359501647823,222.75977469701616,7.169152301484477,5.0669478963951775,12.807974434539796,10.004966916245202,0.17261916426109158,0.1453827562068758,19.388385186760523,18.45909150485532,0.8379912446215664,1.1391815741856892,0.9166666666666666,0.3865317186437552,0.217901543098075,107.42587408863493,19.271964345477777,1.5427232610145394,1.2670991958899929,781.260607101082,236.10825819683026,8.601527534499995,4.848984009241309,11.651227535201391,6.87553588268401,0.16371567858184394,0.134466115814717,17.61168925587293,16.087580301391856,0.8007071510735401,0.8379912446215664,0.9113660280486459
stage1_soc,187,-1.5016772714512272,0.9695354523227384,0.17043608819860548,0.1068419249129452,213.35182528035187,9.002236185692784,1.5531514609075228,1.2705159327194258,639.0103691571504,200.15250370729711,0.9184046258631567,1.2282467472786998,0.934640522875817,0.3427968099790309,0.22906004183383938,86.77654328668416,31.545934442138147,1.7149070951910599,1.442432828393637,438.042674881034,238.39618930819384,7.628290402969325,5.09729515549376,12.56612635122162,7.999248248745114,0.1819880375754425,0.153072735257712,20.38461849082073,19.948879509127742,0.8318014798821077,0.987381120522817,0.9010416666666666,0.3765648276431708,0.19672155317008824,103.16887061797304,17.685859120534683,1.567684983115074,1.3030642878269039,770.4553451356563,240.5953438849572,8.379733349857934,4.377663655027594,10.562979101571171,5.836602652929335,0.16636464704918458,0.13828277534173913,18.06551130901142,16.5344483871056,0.7880722183737154,0.8318014798821077,0.9113660280486459
stage1_soc,188,-1.5934340328459051,0.9741809290953545,0.16173622478373673,0.10111738008574507,193.17345574672305,8.615296921724635,1.5460348073568422,1.2610504330632284,627.8809766852692,198.93196636024783,0.9256600616602335,0.7962725256003585,0.9803921568627451,0.2776617813787367,0.18038420168549016,88.1053887475971,21.617214398884798,1.646907923606745,1.3824919313192368,394.8565670208646,220.91896668539067,6.178834342981047,4.014107000146472,10.31828139171197,6.550900798243482,0.17477188235158964,0.14671173397684295,19.55058273265475,19.191665682104507,0.897093622449124,0.7713189522425333,0.9427083333333334,0.34997078618827815,0.18122222633064666,87.78298232162837,15.98851346486753,1.5487703735772596,1.2741878998373675,710.6420170487363,233.51215610082744,7.7879335859717544,4.032755643225998,10.07786311857631,5.999720999143253,0.16435740556015851,0.1352183777442137,17.7106192183115,15.75854856726864,0.83771709747685,0.897093622449124,0.9113660280486459
stage1_soc,189,-1.726463960027345,0.9786308068459658,0.15808605740398957,0.09636101740544484,189.17095345074745,7.856544529816562,1.5494055281872994,1.263994651847453,644.0034703821035,199.30608346747954,0.9312049896247689,1.0839372997969583,0.934640522875817,0.28859369752750774,0.1877829285971577,87.62889887675196,24.84094322151406,1.6697057977304857,1.3981384171379938,430.31004519952086,227.68609995421863,6.422103325118999,4.178751582159696,10.585056758459798,7.2344635627407685,0.1771912206261271,0.14837215818121677,19.807793314542643,18.5024081683973,0.8480624136175647,1.0497239033381145,0.8802083333333334,0.35071526265486397,0.18640015801550666,77.80847910401218,16.056915199192538,1.5429682970980658,1.273109284658858,751.4011665527014,235.05717682855328,7.804500492430541,4.1479806553294205,10.32518748112182,5.9350976495278704,0.16374168211060722,0.13510391378276268,17.695647941989268,16.698910415664756,0.7749937545368741,0.8480624136175647,0.9113660280486459
stage1_soc,190,-1.4823090382135293,0.9735452322738386,0.16819620063306054,0.10597396938962529,200.03750054896406,8.940366169172986,1.5357390093487087,1.2538641247148272,626.897142398165,197.7534765418065,0.9230863720839204,0.4567045019391705,0.9738562091503268,0.26953718507019736,0.17609982689830408,94.89953453533337,19.59492629279364,1.646006524041675,1.375996376953873,410.9014495359698,209.58009059288494,5.998036919422113,3.918766395682229,9.70831473859934,6.455066095873666,0.17467622472769945,0.14602241780616992,19.49509073739524,17.808457215208378,0.8929950536292676,0.6567274133364359,0.9348958333333334,0.3523656162260504,0.18342861175187863,105.59167865271371,16.688478639121016,1.542904348333619,1.2778718475916928,735.8767215579778,240.21913069447868,7.841225969278934,4.081854550345539,9.804628425061027,6.265024934603446,0.16373489578954079,0.1356093227838722,17.726412969633575,16.653369993679533,0.8291861484655183,0.8929950536292676,0.9113660280486459
stage1_soc,191,-1.5724612797967963,0.9754034229828851,0.16370114445755884,0.10129084721132475,201.94903191910706,8.271119725085608,1.5415424644186055,1.2596295560549826,629.497007041645,201.14731818620584,0.9262930796456175,1.083298675375047,0.8823529411764706,0.30691499228732244,0.18326332902207093,86.68794392222078,21.16255964586137,1.6610253251263278,1.3839435421563442,429.38617686528175,219.91845722822615,6.829808860636718,4.078176497852444,9.405608943751748,5.750353188663079,0.17627003826068702,0.14686578069360637,19.633886785421073,17.606270871169567,0.7902784434902739,0.8318086663881937,0.8802083333333334,0.3687677778115098,0.197545116757586,94.40035476993727,17.45455280671341,1.5641583653553435,1.2983865335433318,778.9755861089099,237.1425860714298,8.206224849571798,4.395990494799319,10.681334436352321,6.94938732079561,0.16599039806090302,0.13778636633817584,18.002500390246908,17.229944015444413,0.7695779999898804,0.7902784434902739,0.9113660280486459
stage1_soc,192,-1.4379694266657375,0.964156479217604,0.17793235197705737,0.11186110209136255,214.54466056143596,9.49320656134643,1.5501359211810284,1.2657363360903902,631.4038898003722,199.0655091279707,0.9107767736244867,1.381358349245358,0.9281045751633987,0.335075112993298,0.2382183272172423,97.01886895524802,28.988588988899988,1.6360210737436127,1.3738543370775147,414.4431562421361,207.48897849721993,7.456458736815529,5.301095361517091,15.301835959880359,7.635250413473248,0.17361655653392535,0.1457951019156474,19.42941238737053,18.919132186248248,0.8275820412654094,1.1499391794204712,0.9140625,0.39101281296455426,0.22539236294445195,106.0882544696766,18.602042411121563,1.527615751687575,1.2593757732077695,732.0198804768621,231.9554354089231,8.701245757677869,5.015677944193576,13.224087481082657,7.032797917971949,0.16211245122172818,0.13364649675707535,17.491628997831345,15.538176575422487,0.7967586561106337,0.8275820412654094,0.9113660280486459
stage1_soc,193,-1.483982209879495,0.9662591687041565,0.17747057496354163,0.11103852136124354,214.55524513000722,9.430009235680043,1.5323226313913123,1.2506847515861188,625.7592409216112,196.82666923177584,0.913017996215094,0.9781815662882687,0.9019607843137255,0.29873600768700465,0.19757380894707893,101.95181877462454,23.844153873490175,1.6310209488446406,1.371304379374373,409.23855723454733,217.1825121413112,6.647801129186549,4.396628984853421,10.943495481619328,7.2948823522492825,0.17308593716652768,0.14552449728662903,19.392216671506734,19.37986913748019,0.8123399820076241,1.0173275073369343,0.8932291666666666,0.37298122244850457,0.2064813373508514,81.31951352859251,19.495498995147457,1.5325385423295599,1.2559715817696997,708.7401103254712,235.28182222336744,8.29998703857757,4.5948490716763715,11.539996300197169,6.833374944538761,0.162634863783226,0.13328523979972606,17.476886039840874,15.58809973153608,0.7813347999321153,0.8123399820076241,0.9113660280486459
stage1_soc,194,-1.4961636985951356,0.9686552567237163,0.17689284156994733,0.11195400195915826,225.07175134098225,9.62378277410405,1.5453776532176637,1.2624877864578716,631.6253584145835,199.64185437470263,0.9155874042527321,1.2008929985021455,0.9477124183006536,0.2973622116309104,0.1961524176283502,110.22189854589983,22.464768763371293,1.6854281345974331,1.3960960961245243,439.5765536305827,224.99516357166073,6.617229913337189,4.364998627044123,11.067029069872197,6.8223902187402805,0.1788596942364698,0.1481554245783396,19.807859806698424,18.8423141399128,0.8585037548113804,0.8418385783831278,0.9270833333333334,0.35908680296890405,0.19586713823809987,86.77343176746392,16.25703841755351,1.5851804149255746,1.3071784638571746,761.9299809457804,232.30962613751328,7.990793184709589,4.3586502773178095,10.501782181595216,6.649571686304501,0.168221283662711,0.13871937673203516,18.1514312083288,16.120196054115695,0.8193572924426622,0.8585037548113804,0.9113660280486459
stage1_soc,195,-1.5171386845362507,0.9775061124694376,0.16356428777465856,0.10318903649275926,201.12832965249802,8.680043163875158,1.548618502893167,1.2636086279473069,632.7157641022875,201.62527358120388,0.92843682613704,0.963548008912529,0.9019607843137255,0.31440595650522385,0.20876090837265152,119.91625553688185,22.87630200483512,1.6722320876759085,1.3888075225103915,405.72054232354986,247.92210631845217,6.996506008302413,4.6455765850086825,11.943200318834501,7.864312927396696,0.1774593136037603,0.1473819522354472,19.707969495016055,16.889242530756064,0.8076389973621584,0.9010568459828695,0.8984375,0.36780393993353033,0.20710527974248785,96.29064506868961,19.23200165673262,1.5684623720184598,1.301430959732291,760.4428718198332,235.75677702504788,8.184776472514091,4.608733721765201,11.662201352172337,7.158535015651479,0.16644714451004222,0.138109444567443,18.038845064717375,16.79185843335214,0.788096318019941,0.8076389973621584,0.9113660280486459
stage1_soc,196,-1.6104575568248123,0.9704156479217604,0.16655751333786462,0.10424637936534983,197.03140607197537,8.749012478388101,1.5491604754009405,1.2629803440346403,628.9317724092904,199.8293756649918,0.920448393920401,1.0528759457706627,0.9738562091503268,0.31516671033580773,0.21403177433154164,104.2536822104818,24.682581184082196,1.6774985733866326,1.403986035219205,411.4418012289184,225.8624742366234,7.013435136508772,4.762869672456021,12.325823294851663,7.3331377002025215,0.178018199506152,0.14899271456125304,19.881186747303396,19.1949368123491,0.8793061960495845,1.0433397094408672,0.9244791666666666,0.37460503424276465,0.2062957289914872,116.81487844101315,17.49399879477854,1.537024671240379,1.2689003869818407,756.4653770198296,235.17573411430175,8.33612187870966,4.590718710992632,11.516501551400337,6.315205962976909,0.16311093726795284,0.13465726041550788,17.620041155937148,15.203052184453787,0.8120976563938372,0.8793061960495845,0.9113660280486459
stage1_soc,197,-1.5475831275697443,0.9751100244498777,0.174837631807381,0.10787005955747313,218.4806935462085,9.068819059077594,1.5501597947979435,1.2637039302223907,630.3840332460744,199.66059516251227,0.9226587349076634,0.9426160287233739,0.934640522875817,0.2987773555384544,0.19202115362984876,90.52858808013627,23.44760086452598,1.6904876865107454,1.419335571184657,425.2971163588261,219.7170552436174,6.648721246904147,4.273065211695746,10.970936870068746,6.764405117456312,0.17939662007128435,0.15062162608414523,20.107506772933984,19.830929708350702,0.8450073162142807,0.7577077150344849,0.921875,0.3493583014537923,0.18654489692805024,90.92339506807444,15.994187822817615,1.5587564491274808,1.290410935531933,766.6080689063325,240.53588758073374,7.774303904230174,4.151201544279817,10.65227367398277,5.742916240273882,0.16541714010645614,0.13693998612629427,17.91117271676038,16.29699273537386,0.8170675095638623,0.8450073162142807,0.9113660280486459
stage1_soc,198,-1.649232221104405,0.9781907090464548,0.15640317323554662,0.09662672626347597,184.70404756881553,7.952407635939686,1.542163424019097,1.257807507678083,626.6185582929136,199.52726859585317,0.9312697570757908,0.9647003088901246,0.9803921568627451,0.28219650292677656,0.18310742859357323,91.80248211441383,21.291132086561163,1.6077130548772358,1.3383353622325884,388.4999215509717,209.03750238859496,6.279745938007754,4.074707230613345,9.994418125127199,6.109654985532135,0.17061247496263385,0.14202578487984643,18.960069715249972,17.43822427529949,0.8957332059847121,0.7640868822733561,0.9375,0.34817190456374547,0.1767351045346004,81.57820312018112,16.286703760614632,1.516486288344112,1.244020671765611,729.6403630620383,229.05106282735807,7.747902900058021,3.9329032900613696,9.45655472628217,5.503752209169802,0.16093137896491355,0.13201699461899075,17.29026050595743,15.321869422294641,0.8330484286308764,0.8957332059847121,0.9113660280486459
stage1_soc,199,-1.5463572186421066,0.9681662591687041,0.17283003830869603,0.10646163029374195,195.56587135504867,8.9199086124414,1.5522908051691766,1.2676272543517457,636.0380352675279,199.32491071614047,0.9163172476760953,1.1553897530424828,0.9411764705882353,0.2823279086857397,0.1873763746192399,91.40584557061537,24.458628076624386,1.6490309404013836,1.3830912964406357,418.4174242246118,215.38922124283673,6.282670123008352,4.169704497362643,10.30982837684474,7.335725438649142,0.17499717948942262,0.14677533933630557,19.57309566613495,18.6062859895999,0.8564780979825134,0.9045476714769999,0.9348958333333334,0.3555476410433156,0.18431492152497717,84.78307255790688,16.412475424072582,1.5627730465222085,1.2809472555454704,751.2221902128017,237.22478374546225,7.9120358737732,4.101577687024083,10.070174796739513,5.525496372357357,0.16584338633264933,0.1359356888359,17.814261413579747,15.758040345706522,0.8282315410203387,0.8564780979825134,0.9113660280486459
