group,material,cls_acc,soc_medape,soh_medape,sample_count
LFP_35Ah,LFP,100.0,9.857283523700985,2.0961257616447275,90
LFP_68Ah,LFP,98.63636363636363,9.083148935155133,2.4310335619035475,220
LMO_10Ah,LMO,93.84615384615384,2.6648141604431865,2.021546910924128,260
LMO_24Ah,LMO,100.0,5.153963172487561,2.609515049646914,160
LMO_25Ah,LMO,85.33333333333334,6.928872681199428,3.871243083408444,150
LMO_26Ah,LMO,75.33333333333333,8.935425890009839,5.49307362407213,150
NMC_15Ah,NMC,94.0,1.178936278599563,1.7040313380488323,150
NMC_21Ah,NMC,89.0,3.118567300537378,1.8005102608412376,100
