best_epoch,best_score,test_cls_acc,test_soc_rmse,test_soc_mae,test_soh_rmse,test_soh_mae,test_soc_rmse_raw,test_soc_mae_raw,test_soh_rmse_raw,test_soh_mae_raw,n_test
318,0.8162637610412173,0.92265625,0.540454366938352,0.364355628634803,0.5234705226494738,0.35837945987623243,12.026088658755228,8.107572732838523,0.05576243397508122,0.03817619161105128,1280
