stage,epoch,train_loss,train_cls_acc,train_soc_rmse,train_soc_mae,train_soc_mape,train_soc_medape,train_soh_rmse,train_soh_mae,train_soh_mape,train_soh_medape,val_loss,val_cls_acc,val_soc_rmse,val_soc_mae,val_soc_mape,val_soc_medape,val_soh_rmse,val_soh_mae,val_soh_mape,val_soh_medape,val_soc_rmse_raw,val_soc_mae_raw,val_soc_mape_raw,val_soc_medape_raw,val_soh_rmse_raw,val_soh_mae_raw,val_soh_mape_raw,val_soh_medape_raw,test_loss,test_cls_acc,test_soc_rmse,test_soc_mae,test_soc_mape,test_soc_medape,test_soh_rmse,test_soh_mae,test_soh_mape,test_soh_medape,test_soc_rmse_raw,test_soc_mae_raw,test_soc_mape_raw,test_soc_medape_raw,test_soh_rmse_raw,test_soh_mae_raw,test_soh_mape_raw,test_soh_medape_raw,train_score,val_score,test_score,selection_score,best_score_so_far
stage2_soh,0,0.5657782511253465,0.9563246383615505,0.22544219008530922,0.13475172551828418,275.97633521247604,9.940443002080091,0.6902208116840637,0.4996027925778039,176.4577939641754,62.012039132657705,1.0936692822213265,0.9294117647058824,0.4929770301430888,0.28129013710856143,88.9497709011568,30.140578289765983,0.7607648492285893,0.5763420584438113,165.03855699649282,60.45014280893538,10.95969557437506,6.25354546415528,13.901007490265572,8.4480249994686,0.07987679992784431,0.06051325759727049,7.892849883396625,5.361436424144912,0.8671193420886993,0.84296875,0.4329484526494658,0.2465633560110291,111.88928829643592,21.6650013796069,0.6573779112524243,0.4782170573009353,202.80016066923528,61.4257922225451,9.625160910758108,5.4815116251822005,13.56411376440462,7.520840727889061,0.0690216483415843,0.05021058510634692,6.2768195360043695,3.923567444290641,-0.6902208116840637,-0.7607648492285893,-0.6573779112524243,-0.7607648492285893,-0.7607648492285893
stage2_soh,1,0.19341464626677513,0.9560605616032394,0.22521397658812659,0.13458371169477146,275.1696086819849,9.961444370049769,0.523090372030887,0.36831640108053704,165.39607775977387,42.16557493546627,1.357319176898283,0.9294117647058824,0.4967228200245085,0.28070639534214253,86.21349356331311,27.07649897728357,0.7816114899498221,0.579950855040521,175.65091168222332,65.59043245978738,11.042970685132287,6.240567918219436,13.92371652910113,8.235514665074767,0.08206560104259882,0.06089216459333894,8.148579732135683,5.150246310220265,1.159213376045227,0.84296875,0.4353815727418296,0.24850682290816622,112.77446194388244,22.47785870576717,0.6706707690880793,0.4852630486835551,205.87409361994827,61.645926416551966,9.67925319879121,5.524718111994204,13.686333021802028,7.791322097748112,0.07041733709729447,0.05095038169991132,6.416360649107029,4.067943974681265,-0.523090372030887,-0.7816114899498221,-0.6706707690880793,-0.7816114899498221,-0.7607648492285893
stage2_soh,2,0.08208082229426299,0.9555470790176345,0.22719008736067073,0.13568612018946255,277.58084592503417,9.987367935531257,0.4769605869956935,0.33220432103072756,155.67708119995788,36.83417355019108,1.6585435282950307,0.9294117647058824,0.49609289251802013,0.2853369585548838,88.2701987255702,29.335782755414222,0.7935535304034061,0.5918322469865648,151.57472773176696,65.07109526610053,11.028966353727569,6.343513005001296,14.023724535193212,8.46250789852196,0.08331946020421542,0.06213965594142207,8.175064103771438,4.886353448942453,1.3660311698913574,0.84296875,0.43372448110801815,0.24767520075802169,113.76958370007415,22.517280787921386,0.65314107264993,0.45660016250330954,183.89535516196025,55.49128718998013,9.642413308218323,5.506229774726552,13.679686999719303,7.744512709974682,0.06857679983192831,0.04794091086658406,5.9948161505371695,3.4757000606484354,-0.4769605869956935,-0.7935535304034061,-0.65314107264993,-0.7935535304034061,-0.7607648492285893
stage2_soh,3,0.008110955173369357,0.9563393092925677,0.2258104446769555,0.1348611046302281,276.8545342153152,10.02010403936702,0.44673310078478284,0.3092877093544142,148.9205713196714,33.431478502469965,1.6848472997254016,0.9294117647058824,0.496395470008688,0.284570210280956,88.90794052064977,32.947706786604954,0.7882532562272982,0.598174698979539,138.45723673940878,66.55729840094537,11.035693152305619,6.326466921409963,14.010760086162396,8.46957937772939,0.08276295586472474,0.06280558414434637,8.224460523129821,4.951441828532845,1.4357398748397827,0.84296875,0.43208368071019765,0.2493089879895706,111.38205459201102,22.67241677789454,0.645843413071926,0.4580818403948797,174.6042494422451,57.37470866309138,9.605935598794,5.542551569853354,13.954441357097332,7.865154735227296,0.06781057923873869,0.04809648021054424,6.0231111795420365,3.7714727832430244,-0.44673310078478284,-0.7882532562272982,-0.645843413071926,-0.7882532562272982,-0.7607648492285893
stage2_soh,4,-0.04599300467356918,0.9568527918781726,0.22584708813744891,0.1350896752793785,276.0319720891116,9.9447951831912,0.4291490359603447,0.2964417057807721,146.00404301040166,31.914998485768763,1.8555004101173551,0.9294117647058824,0.49646666659273553,0.2820603810552069,88.62438977711321,29.661324352870594,0.7715867412481603,0.5758948526326932,146.11686403178467,61.85003597299979,11.037275970245167,6.270669262338717,13.972346097825419,8.447820614819982,0.08101304867088828,0.060466303049965274,7.974436224408599,5.059025787464092,1.5492715716362,0.84296875,0.4363001191753664,0.2489135248328239,113.84692897772148,22.91747581274027,0.6316241734286895,0.44616205746788185,191.43921016815634,55.41333824549583,9.69967400679431,5.533759769132808,13.75491721770805,7.6960571114436185,0.06631762466642827,0.046844957986550084,5.842801068584534,3.468693334389571,-0.4291490359603447,-0.7715867412481603,-0.6316241734286895,-0.7715867412481603,-0.7607648492285893
stage2_soh,5,-0.09244008418651908,0.9562366127754467,0.22663139200180257,0.13530294560682046,276.83427254457644,9.98932970085268,0.416663721628815,0.2852638956749925,140.99583950243232,30.338020209658357,1.620052516226675,0.9294117647058824,0.49555049897551745,0.28190500737332247,86.6334711627716,28.50723822409512,0.7648133402281615,0.5610537697835004,159.33545861647366,58.72376695240126,11.016908047267304,6.267215048146974,13.96728168438765,8.539956143683273,0.08030187280799961,0.058908057809455565,7.787202630181042,4.861110517328806,1.4573774993419648,0.84296875,0.4304061712155852,0.24653742707014317,115.10730113172835,22.765532515640846,0.6490694847526983,0.45862912378470355,212.39424599811863,56.38475018585032,9.568641785370808,5.4809351818972205,13.54808079269652,7.640982188855743,0.06814930188405968,0.04815394244197767,5.975233560195174,3.6399365595278708,-0.416663721628815,-0.7648133402281615,-0.6490694847526983,-0.7648133402281615,-0.7607648492285893
stage2_soh,6,-0.13062605294223115,0.9565447023268097,0.2263329407484497,0.13513825784211722,278.6117076990035,9.92264629534723,0.40489226930027306,0.27688992448881117,139.90752138891844,29.202434215527987,2.0415751882627897,0.9294117647058824,0.49162640502165283,0.27965860018944916,87.15978995367942,29.937446007392396,0.7855917303986851,0.5871793572644831,167.2800872569369,66.01669605351078,10.929668941771618,6.21727369719966,13.990407294051831,8.550086169648871,0.08248350792975444,0.061651123983361845,8.104678103487705,5.31220247207856,1.7461859464645386,0.84296875,0.4316415847782123,0.24620447488741776,115.94102621183667,22.110271420972477,0.6448741146295492,0.4474926010108902,211.99483149323706,52.79182385356212,9.596107074272638,5.473533103625064,13.522790326451155,7.5491863796777,0.06770880737344996,0.04698465892106084,5.849074435436752,3.4747484099180723,-0.40489226930027306,-0.7855917303986851,-0.6448741146295492,-0.7855917303986851,-0.7607648492285893
stage2_soh,7,-0.15598432981169724,0.9564713476717233,0.2260768658587078,0.13521917820145576,278.8733752118278,9.992369720844113,0.39707532875159307,0.2708842923222011,135.94158491150543,28.314847187218522,1.930633357926911,0.9294117647058824,0.4992382595831043,0.2860363620735121,91.80653005317693,30.92325630867829,0.7770537282012124,0.5828227838072195,174.70194310112268,58.199384932451096,11.098893071191428,6.359061903183402,14.123748045434963,8.412779347769781,0.08158705708294868,0.06119370386626567,8.068940316838487,5.148529800113442,1.579033076763153,0.84296875,0.43401593059912086,0.24729507347256002,114.95702689738309,22.86455251962949,0.6388774352625313,0.4449501577657429,203.06836389654845,52.89086189961054,9.64889271294204,5.49777891581541,13.549805068237168,7.566395085462545,0.06707918370127788,0.046717714108052644,5.834181161643402,3.4177092271170335,-0.39707532875159307,-0.7770537282012124,-0.6388774352625313,-0.7770537282012124,-0.7607648492285893
stage2_soh,8,-0.1809369969632307,0.9556937883278073,0.22631289858447676,0.13502762090638815,279.9737553036716,9.916941641570771,0.3920441291309085,0.2671490242682519,135.42345100631573,28.150222906776172,1.8679853378557691,0.9294117647058824,0.5007636320683869,0.28473875638115786,86.84778804155312,29.86580626559735,0.7746929042536369,0.5779438565923449,172.54866913922686,62.924283884576994,11.132804627012543,6.330213980269732,14.177077786507464,8.717903639482014,0.0813391814584156,0.06068143901412348,7.896362829802994,5.091650848522303,1.59022313952446,0.84296875,0.43285548067403296,0.2457030907517037,109.30004222171276,22.28000759403286,0.6332923776661581,0.43699695460491056,221.61763091115267,53.90435304059508,9.623093989815775,5.462386504174676,13.518745435048805,7.474701109136642,0.06649277841630272,0.04588266446254462,5.659635466826714,3.407826460611838,-0.3920441291309085,-0.7746929042536369,-0.6332923776661581,-0.7746929042536369,-0.7607648492285893
stage2_soh,9,-0.20406401155061843,0.9561779290513776,0.2250051218684421,0.1348446352959719,279.54364043491734,9.916499776021286,0.38796918998422997,0.2627175230500871,134.15499835621426,27.280848008112994,2.057672360831616,0.9294117647058824,0.49587537550104577,0.2833590061568162,88.79594665672259,30.72161222263235,0.7731418897554846,0.5642067300192282,144.50280108113748,59.00979748237496,11.024130590309557,6.299539848407906,14.031705025059042,8.636322913773235,0.08117633209059882,0.05923910409029392,7.736932619061438,4.5579836693249405,1.8321505546569825,0.84296875,0.43305908481503375,0.24833566659835923,115.12810142033504,23.479377687208217,0.6309384282597257,0.43697396582902004,189.165427493324,54.545304075460095,9.627620446966128,5.520913023853336,13.657258048749094,7.788407266505054,0.06624562458687892,0.04588025074711828,5.664435805700479,3.338973464570995,-0.38796918998422997,-0.7731418897554846,-0.6309384282597257,-0.7731418897554846,-0.7607648492285893
stage2_soh,10,-0.22956564461242943,0.9561192453273085,0.2254962413470628,0.13505856697019114,277.77894297766164,9.951959102587862,0.3815541432667551,0.25721780536572664,131.4346244160937,26.521189301654204,2.4121630780837116,0.9294117647058824,0.4967591731706029,0.28143652214887827,87.13729471797224,29.807711872986555,0.7809489227963553,0.5820190724496748,158.2827957204826,63.33210058546736,11.043778875757821,6.256799845962988,13.931349391596058,8.207136628670726,0.08199603454776155,0.06110931788106744,8.027513385782957,5.104770487659076,1.8433861017227173,0.84296875,0.4352357353228741,0.2491863768438634,113.66572027494063,22.88557295207492,0.6218864538320756,0.43473785836904427,206.06069828294326,55.43886047238065,9.676010991513028,5.5398257210839175,13.690824287519032,7.731524742975217,0.06529520902674554,0.04564546977849341,5.707107458553525,3.4924949884486933,-0.3815541432667551,-0.7809489227963553,-0.6218864538320756,-0.7809489227963553,-0.7607648492285893
stage2_soh,11,-0.2595882809171584,0.9560752325342566,0.22562275903331222,0.13473672506196332,276.7575550494721,9.843866225799342,0.37699092966777575,0.25387283036296376,129.2463404336858,26.062615870077934,2.307092291701074,0.9294117647058824,0.49729881453981306,0.2823172100527468,88.20993942372911,28.49882899554892,0.7764746651342551,0.5723135192458536,155.94736152233284,59.171582662742225,11.055775996849173,6.276378996171328,13.998017233166845,8.306798224980808,0.08152625813200891,0.06009027956425145,7.812208097596186,4.698997299980378,1.795473003387451,0.84296875,0.4300066961781085,0.24431230012778543,110.19485174948099,22.180637141156645,0.6214820697875055,0.4292946705707436,205.512267280108,52.93814916800834,9.559760793899388,5.431466925951294,13.495820140441001,7.714664893588043,0.06525275056740047,0.045073960167901626,5.579793567771308,3.3215117624947776,-0.37699092966777575,-0.7764746651342551,-0.6214820697875055,-0.7764746651342551,-0.7607648492285893
stage2_soh,12,-0.27805279588988613,0.9565300313957924,0.2256927082260901,0.13458127662697594,278.3887244275894,9.962860069042891,0.37271029052037796,0.25043008353315005,127.35623077654833,25.67756624714601,2.417097802723155,0.9294117647058824,0.4975361546875037,0.285307415439656,89.96676261613523,28.38280550127825,0.7848836491640154,0.5808319731222867,162.66902222175958,62.96750465644154,11.061052461283047,6.342856212636909,14.12450698142417,7.929796792346633,0.08240916266633733,0.06098467792752015,8.022442281723734,5.202732329695012,1.9310585856437683,0.84296875,0.4323303579598889,0.24587827921022837,110.75064113993581,22.74894943955002,0.6175264695889399,0.4361486331690685,209.16271581360382,55.51670702355051,9.611419642464261,5.466281233657339,13.562310432803987,7.4800298071124,0.064837430792866,0.04579359462490166,5.69827549890929,3.5992458477962375,-0.37271029052037796,-0.7848836491640154,-0.6175264695889399,-0.7848836491640154,-0.7607648492285893
stage2_soh,13,-0.28768125536005906,0.956148587189343,0.2266448913926246,0.135572521692236,279.6862292310766,10.03401356759107,0.36947838331847604,0.24881416690738853,127.8263021094488,25.462533611945474,2.4315344450520535,0.9294117647058824,0.499570529643373,0.28596821967147146,90.10961009302969,28.84788514994272,0.7739845762811736,0.5695293566705111,160.2651027757853,59.921394203357394,11.10627998475202,6.357546984766504,14.504486204401992,8.519207583700197,0.0812648102886683,0.05979795533657093,7.825519375480862,4.952077819260127,2.0451576590538023,0.84296875,0.43288414065878517,0.24791642836098618,112.63890880075174,23.157081660615113,0.6112343337738082,0.42828221578747616,202.53132562022148,54.22985160702988,9.623731148727538,5.511592663727404,13.695941116219137,7.774820453751324,0.0641767855565177,0.04496765708589009,5.569210307908794,3.404627338991088,-0.36947838331847604,-0.7739845762811736,-0.6112343337738082,-0.7739845762811736,-0.7607648492285893
stage2_soh,14,-0.31190311749658445,0.9558258267069628,0.22604002810849227,0.13481366413787463,276.43610637597874,9.889286005283118,0.3658630158015992,0.24506520742475563,126.15100754453194,24.968843746222497,2.677961857178632,0.9294117647058824,0.49591787932544695,0.2796936433506655,88.43590495696532,29.032701633692916,0.8012695569608453,0.59490140831171,194.77060146273132,61.08572678232814,11.025075520697182,6.2180527646924855,13.782721902939445,8.598252670214713,0.08412960740041076,0.06246190372319523,8.287741760417465,5.244198555990434,2.185485911369324,0.84296875,0.431485038145426,0.24668474842837895,114.76564301794879,21.877028267354074,0.6389241687655908,0.4462301280669635,224.95471833518886,51.58104742013706,9.592626783440359,5.484210379602475,13.685796119098788,7.7904824268575235,0.06708409050352775,0.04685210508545894,5.881722259536848,3.469412917451918,-0.3658630158015992,-0.8012695569608453,-0.6389241687655908,-0.8012695569608453,-0.7607648492285893
stage2_soh,15,-0.3233632600761132,0.9560312197412048,0.22643157970494787,0.1352193300449513,277.4050293162653,9.961456926648367,0.36356021960006485,0.24322937900275335,126.3213270729228,24.81372055090185,2.6242503946902707,0.9294117647058824,0.4960794402179388,0.2838580407640513,86.13044183011196,31.951572200189577,0.7992955681537137,0.5945851734455894,186.05582548914597,63.48931814380639,11.028667286824545,6.310634213950226,14.090153220774136,8.602140841377203,0.08392234768123874,0.062428700520974545,8.232286630138768,5.195469988988565,2.1241330981254576,0.84296875,0.43029842919718103,0.2458129974973417,110.73404210793282,23.59791854905535,0.6409005109500863,0.4541469610623608,222.87373182568277,58.95697919780369,9.566246501919291,5.464829913096615,13.449163116609379,7.683294409194315,0.06729159731646736,0.04768333603136386,5.9665490251932685,3.7641367395453917,-0.36356021960006485,-0.7992955681537137,-0.6409005109500863,-0.7992955681537137,-0.7607648492285893
stage2_soh,16,-0.337293236296955,0.9561779290513776,0.22661270506812506,0.13537356712799134,278.842376081783,9.983985392331427,0.3606583960955621,0.24144192684448582,125.40525124003139,24.54433460158353,2.348048312523786,0.9294117647058824,0.4934682628018407,0.28256970792460967,89.86179364935695,30.415437520047526,0.7773648031201091,0.579207704307548,186.11557360084373,59.32046449371825,10.97061648968535,6.281992441909342,14.104922144335154,8.55006531193268,0.08161971851451257,0.06081413719436788,7.884823344646614,5.423304728706877,1.988690686225891,0.84296875,0.4332083149792767,0.2483436458500364,115.92290163806577,22.69293774944299,0.6184924398533695,0.4279419959926599,203.88282133056765,53.21203473515138,9.630938080589223,5.521090415828917,13.644260871693223,7.7201722203065515,0.06493885321482244,0.04493193557679358,5.511578586128496,3.3967873546275156,-0.3606583960955621,-0.7773648031201091,-0.6184924398533695,-0.7773648031201091,-0.7607648492285893
stage2_soh,17,-0.35235234552861616,0.9560165488101875,0.22601726555203974,0.13508804181313255,275.8075205514799,10.008434711380385,0.3596180885349183,0.2391805820379899,124.56622861854571,24.016894585109895,2.3951022414600147,0.9294117647058824,0.4940125867604779,0.28178271476690675,84.73333828812285,31.234465377952223,0.7710330166031919,0.5664258573715594,191.23657529796012,58.297695268544516,10.982717712492367,6.264496281033375,14.105811052710084,8.676726919675934,0.08095491013737677,0.05947210222594162,7.775478462472344,5.083021316898853,1.9405073642730712,0.84296875,0.43159156514531555,0.24748184971795126,113.67748528383795,22.537033567955973,0.6175664430552229,0.4271399902383564,215.68305640393493,50.923745125979686,9.594995055018655,5.501931260985363,13.694013175604667,7.755159432641876,0.06484162782243688,0.0448477286720681,5.540729787418286,3.429063419094713,-0.3596180885349183,-0.7710330166031919,-0.6175664430552229,-0.7710330166031919,-0.7607648492285893
stage2_soh,18,-0.37154131065298246,0.9563686511546022,0.2263832880457503,0.13497185433443692,276.8340649039775,9.927414438177806,0.35694908609452103,0.23720973896916336,123.52309741395645,23.98460314506889,3.011977673511879,0.9294117647058824,0.4999198036554075,0.29084428016680713,94.62337334472261,31.457661201749954,0.816490586243382,0.6034396617490725,172.63832574040057,63.46884200049891,11.11404492431285,6.465949882596458,14.647927456594875,9.116959390209932,0.08572774526381212,0.0633583809490305,8.4166464850636,5.216869494124133,2.602188563346863,0.84296875,0.43005088343607994,0.2461822425153514,112.47968589571592,22.086520951019388,0.643046824777844,0.4651785661240865,245.8600415175261,64.02541775209909,9.560743149802445,5.473038841185143,13.584983090106954,7.705813213979821,0.06751695036790765,0.04884160367647387,6.11366761953591,3.801609657169771,-0.35694908609452103,-0.816490586243382,-0.643046824777844,-0.816490586243382,-0.7607648492285893
stage2_soh,19,-0.37662259690925476,0.9566767407059652,0.22619924853786483,0.1350228862398923,280.03643720127,9.90286527001814,0.355521325324427,0.23644570249663716,122.64223040498703,23.779630489776856,2.6854103831683886,0.9294117647058824,0.4996774544299694,0.28869698337626226,87.4385405708931,30.89612408632145,0.7861598564890063,0.5836238624308916,174.15771298328286,60.60791791420486,11.108657099787402,6.41821191978433,14.553514332469986,8.676804385636355,0.0825431585485973,0.06127781342655148,8.048490033842098,5.127129815004752,2.092538070678711,0.84296875,0.4302286598809525,0.24593604655128729,111.46050150783374,22.32711568466965,0.6257689560972065,0.4372921140304243,213.3692023351541,55.64925649137032,9.564695414506405,5.467565497291211,13.645278921721395,7.670870556500418,0.06570285385545407,0.04591365484071795,5.71220918318718,3.5449931418601643,-0.355521325324427,-0.7861598564890063,-0.6257689560972065,-0.7861598564890063,-0.7607648492285893
stage2_soh,20,-0.3973414320384479,0.9563686511546022,0.2261787050148579,0.13517036908352226,276.28668157488636,9.98646080032685,0.35115570598135415,0.23320260941673956,122.8969684719483,23.47280075312575,2.6696525190390794,0.9294117647058824,0.4997238499888873,0.28865434652851785,90.05177203322766,30.859845426997108,0.7583472417687729,0.5689609667578457,190.1368228871587,60.30612534436485,11.10968854987666,6.417264032067545,14.226508307893049,8.707610100602816,0.0796229622964558,0.05973827701759889,7.793075644267117,5.278375620682526,2.1882254481315613,0.84296875,0.4351946220847877,0.24899234088225058,114.60331181289519,23.360703226867585,0.6121040397710976,0.43202199912047945,223.4172340537597,55.1285478321564,9.675096976161498,5.535511980402855,13.69732061479848,7.584191501696342,0.06426810067447034,0.04536031708505631,5.589588025598647,3.4177170375139285,-0.35115570598135415,-0.7583472417687729,-0.6121040397710976,-0.7583472417687729,-0.7583472417687729
stage2_soh,21,-0.4090552208327844,0.9563246383615505,0.22649178601925013,0.13490978177170368,277.9973678204281,9.867760389343928,0.34976611186253553,0.231359757812525,121.17860432307653,23.196424675443797,2.7742524895013547,0.9294117647058824,0.4981072996627076,0.2837719777361581,89.05350554709464,27.590173607555332,0.7994942686221772,0.5956014945171774,197.03130649833943,61.95920618011004,11.073749959694387,6.308720890350454,14.086329259508439,8.353199672535485,0.0839432103138658,0.0625354095454254,8.195932289024448,5.370831564940728,2.1576176404953005,0.84296875,0.4352076574297255,0.2498847539700364,113.48959579805766,23.188469005768027,0.6092751625752219,0.42870949882089915,211.51717877200068,55.67228981923693,9.67538677346135,5.555351800862405,13.905596323106675,7.847814386913792,0.06397108161789256,0.045012519833436716,5.565742559184558,3.357996869284748,-0.34976611186253553,-0.7994942686221772,-0.6092751625752219,-0.7994942686221772,-0.7583472417687729
stage2_soh,22,-0.42298532734139416,0.956456676740706,0.22566017999752305,0.13490296188643108,276.84968494537355,9.980627204089386,0.34800792639142253,0.2295924514706065,120.84564682511898,22.78727134323553,2.631387620346219,0.9294117647058824,0.5008809755804698,0.28897702025760913,92.1284344049735,30.805915276842356,0.7542019113531607,0.5530111109417881,165.93925127205776,58.953621647973776,11.135413367565187,6.424437603297958,14.287958889229746,8.842297219529467,0.07918772172431528,0.05806361573009455,7.539672456819515,4.824295020891698,2.0248647212982176,0.84296875,0.43523011391660554,0.2498895340198942,112.67738064026966,22.400231938629634,0.5945945168747075,0.41513871216156983,211.10572585837198,50.86158469706811,9.675886018344634,5.555458069284803,13.717398771853848,7.864990135098793,0.06242968153793277,0.04358764983326536,5.387192617101542,3.3346519716453242,-0.34800792639142253,-0.7542019113531607,-0.5945945168747075,-0.7542019113531607,-0.7542019113531607
stage2_soh,23,-0.43602392220069697,0.9571168686364837,0.22569421563442538,0.13478221606022905,276.4197038440361,9.97516715322587,0.34594637494834907,0.22917327480088093,120.84938043673282,23.002811643340365,2.7456449840583055,0.9294117647058824,0.49028317640083924,0.27754314605457087,88.07375605800098,30.70231132443738,0.7824075516807538,0.5818907021983143,171.59255671336854,58.11564296422752,10.899806745622985,6.1702436493430906,13.71404564115807,8.57328868345879,0.08214918385228871,0.061095839596818365,7.944801273971058,5.323047605798637,2.265746808052063,0.84296875,0.4330906597921225,0.2495194857048773,117.46409952736374,23.21705696716368,0.610784048400957,0.4267472342460678,221.62543249750007,51.896538858555495,9.628322410983722,5.547231282573831,13.755387762366592,7.8372678875039545,0.06412950766943586,0.04480649110457492,5.543856222764962,3.4019806600693028,-0.34594637494834907,-0.7824075516807538,-0.610784048400957,-0.7824075516807538,-0.7542019113531607
stage2_soh,24,-0.44539053244180954,0.9558991813620492,0.22552688792772332,0.1347410962391349,277.86404818596077,9.886090719741734,0.34381656328428045,0.22653952073450814,118.38884626531433,22.527536141995913,2.803420109842338,0.9294117647058824,0.49713919222781017,0.2840793578529402,88.85771550788533,30.324677014414902,0.7675099868493404,0.5659007627425678,176.96315726202505,57.639576334804005,11.05222732857568,6.31555445925846,13.949968216260967,8.086058904703712,0.0805850082641848,0.059416969712043716,7.7926464510962115,4.961239583254871,2.228751528263092,0.84296875,0.43338602120943065,0.2478122541870107,114.46941830357787,23.2362320775822,0.6020574848212923,0.4217860250970261,228.64631443026602,53.30163878432436,9.634888784303739,5.509276699364618,13.620651980653985,7.871595710385046,0.06321325874729217,0.044285587028893694,5.506656709679546,3.421801821011726,-0.34381656328428045,-0.7675099868493404,-0.6020574848212923,-0.7675099868493404,-0.7542019113531607
stage2_soh,25,-0.442736742373612,0.956456676740706,0.22676660943642213,0.13508760786677973,277.1722754445539,9.924983651193624,0.3439876876973185,0.22678127330012463,120.07696153661402,22.566079959818687,2.9422308398228068,0.9294117647058824,0.49776155425710966,0.2827541394122675,85.51804738675551,29.0326485325865,0.8163012700274868,0.5845112600254223,169.79912015257773,62.325552017383046,11.066063466896756,6.286092659232799,13.95461471192086,8.119882447356009,0.08570786793441723,0.06137098608060702,8.213356206668932,4.423560069668026,2.389064037799835,0.84296875,0.4328804063125861,0.24753112260550553,112.33270084538958,23.091153152238576,0.6350918027139357,0.4472239427472232,229.00964427898825,55.51394937112602,9.623648128028787,5.503026678854037,13.672573309818699,7.809648429861513,0.06668170974596685,0.04695645104263736,5.897354542618771,3.7086171822546588,-0.3439876876973185,-0.8163012700274868,-0.6350918027139357,-0.8163012700274868,-0.7542019113531607
stage2_soh,26,-0.4591151047449346,0.9561632581203603,0.22635444759757478,0.13496793986886133,277.81061792865415,9.902437798328187,0.3399439848906924,0.224478465746622,118.8628957725418,22.563372114044824,3.0019240388683244,0.9294117647058824,0.496688994601369,0.284185176852214,92.1680050720031,30.469091565729382,0.7921611592168034,0.5859564331999304,173.6025405265366,60.56405605477984,11.042218689973048,6.317906990810873,13.97264499074729,8.482123584855561,0.0831732676523246,0.06152272259766393,8.07446706144115,4.967772076743156,2.4129313468933105,0.84296875,0.43354247982619043,0.24778894432056403,115.41020571693598,22.912006020062627,0.6243534086945194,0.4413395106246753,239.08950897389332,56.72612120262204,9.638367118394024,5.508758482440677,13.5928811993389,7.7707422036776315,0.06555422790778119,0.04633861281336278,5.762386762669123,3.646172682204079,-0.3399439848906924,-0.7921611592168034,-0.6243534086945194,-0.7921611592168034,-0.7542019113531607
stage2_soh,27,-0.4754951091401856,0.9558698395000147,0.22668655959062922,0.13560641339965665,278.3083749268139,10.01913687946709,0.3381292235895591,0.2224370754461121,117.56098084921997,22.177167138678808,3.0224233945210774,0.9294117647058824,0.49552788222092103,0.2842123909305562,89.6016667687947,29.50339290825463,0.7905611907567371,0.5878853379949636,184.62920834589525,59.88308724653382,11.016405239367339,6.318512004829237,14.006657995543252,8.491241332963266,0.08300527834432074,0.06172524870352823,8.044724186858488,5.286170257602371,2.31436003446579,0.84296875,0.4331506555810395,0.24771080859973155,116.1116024700701,21.96898897428484,0.6050023090660677,0.4214223837239842,217.22199608702,52.66719530549038,9.629656216702992,5.507021396001659,13.675483977092421,7.576040006340408,0.06352245170916614,0.04424740636212207,5.494519935528485,3.256257132270684,-0.3381292235895591,-0.7905611907567371,-0.6050023090660677,-0.7905611907567371,-0.7542019113531607
stage2_soh,28,-0.47606606132155666,0.9567207534990171,0.22510981070771777,0.1346849911633181,280.1639466924752,9.962809085180862,0.33920396883809956,0.22272969352875177,118.18742671899868,22.00343939298736,3.2846445195815144,0.9294117647058824,0.5002139024701636,0.2870146018252069,87.48632326985044,30.71403304008212,0.8290341517719411,0.6179226602062436,173.88254508562085,66.78930145195557,11.120583227887717,6.380809792480021,14.066888479179545,8.524325601765199,0.08704476178359807,0.0648790289801426,8.588707996138085,5.315102159965209,2.4307538509368896,0.84296875,0.43592743412575863,0.25043637304661387,113.39012197457214,23.477646070830623,0.6477032212425049,0.45380670960003044,217.3078467761482,58.277029034126585,9.69138860110789,5.567615206219349,13.851167379607897,7.82206326790674,0.06800585051776285,0.04764761119732445,5.992890942342816,3.6298204967866905,-0.33920396883809956,-0.8290341517719411,-0.6477032212425049,-0.8290341517719411,-0.7542019113531607
stage2_soh,29,-0.49181279062784067,0.9560312197412048,0.22666544229685703,0.13516886491035782,275.20335079621935,9.977307846956187,0.33802143470681845,0.22173265841097384,117.56223527167383,21.74006957207211,2.9162867340387084,0.9294117647058824,0.4974953929963094,0.2834602877588979,89.85100949596584,30.243488848679156,0.7845049048631217,0.5848472641863148,184.69895172129768,61.66241088461316,11.060146261400963,6.301791506108425,14.027866882079865,8.495799992895098,0.08236939626180777,0.06140626496758733,8.084548781738102,5.233192232822355,2.2474536299705505,0.84296875,0.43368136119500506,0.24799454736785265,116.70958141430592,22.923895360807073,0.6358317602357215,0.4404242987566249,227.62157717923037,55.86372319666546,9.641454681160832,5.513329378587284,13.85723193569272,7.852370758138948,0.06675940187249282,0.04624251978888881,5.771526070764647,3.475176191539971,-0.33802143470681845,-0.7845049048631217,-0.6358317602357215,-0.7845049048631217,-0.7542019113531607
stage2_soh,30,-0.5012966907782361,0.9564860186027405,0.22594720705804552,0.1350160304929893,280.09584648871004,9.913463451209967,0.3349980151282266,0.2199920846581648,117.44608772343037,21.68042198719145,3.131984851874557,0.9294117647058824,0.4945598040351802,0.2839780112764999,90.42342984563386,29.64561688817183,0.7972656886314095,0.5815163132131976,182.62386800982213,58.0059095484779,10.99488325850581,6.313301357070378,14.371988017367993,8.452963507559723,0.08370921969478519,0.06105653048035527,8.050388198290484,4.916461303868609,2.4507109045982363,0.84296875,0.433110967049169,0.2455222404696542,112.47336782140982,22.229606898114113,0.6356952488474719,0.44061650638323047,246.01728299217308,54.66074326301877,9.628773874929447,5.458365902981092,13.473431475169596,7.5474260052419995,0.06674506880642367,0.046262700703070835,5.757148232731912,3.3206798943699445,-0.3349980151282266,-0.7972656886314095,-0.6356952488474719,-0.7972656886314095,-0.7542019113531607
stage2_soh,31,-0.5037799675877513,0.956456676740706,0.2255634393543212,0.1345330415519594,277.17564861443117,9.883175967091564,0.334242187900882,0.2189178811026266,116.67244091436406,21.660898131002167,3.2411791876250624,0.9294117647058824,0.4969593620380896,0.2821566246815172,86.92034835214353,28.29053510825303,0.8035855406222497,0.5908778469224333,167.71308644845718,62.35597238540821,11.048229405723479,6.272808917496744,14.036879100331934,7.985787150809564,0.08437277500173428,0.062039448337126143,8.212227959088995,4.836589214886196,2.6913084506988527,0.84296875,0.43462163575971596,0.2498888891288516,113.66254804340409,23.696149748553488,0.6435952555534854,0.4539767877322447,230.8535294636619,57.151657316708224,9.662358541493976,5.555443732289215,13.732776452692164,7.8648384260709605,0.06757453306955928,0.04766546861667388,5.961505084699845,3.614605934133966,-0.334242187900882,-0.8035855406222497,-0.6435952555534854,-0.8035855406222497,-0.7542019113531607
stage2_soh,32,-0.5259933685134307,0.9558258267069628,0.22654791351696177,0.13506536868122193,277.60020567766304,9.977968718078175,0.3311950806560037,0.21679252869941054,116.00031776237455,21.34134294810813,3.2519489737117993,0.9294117647058824,0.4945518123782409,0.2816705302682285,88.32891295081224,28.97216279690137,0.7763091987408774,0.5817831239845677,187.29264363583962,60.576670190073585,10.994705590740713,6.262002233890203,13.988353165448341,8.210698835599489,0.0815088849239644,0.06108454438060963,8.007419013947098,5.221177069080644,2.586556315422058,0.84296875,0.431433454033564,0.2462933777413127,117.17389911355994,22.582416784445915,0.6159962108444232,0.4317549929197412,232.93924643587016,56.53350726771415,9.591479983228758,5.475509561258596,13.511480547799792,7.672202988205781,0.06467676068343924,0.04533228266561976,5.6189318350393105,3.3284662579234565,-0.3311950806560037,-0.7763091987408774,-0.6159962108444232,-0.7763091987408774,-0.7542019113531607
stage2_soh,33,-0.5259711643132919,0.9564126639476541,0.22646862102244178,0.1352901162656321,278.0776346676481,9.93466344727267,0.32970301434342913,0.2161154303502665,114.34884501008219,21.222672844662913,3.5575208102955536,0.9294117647058824,0.4983802619218335,0.28593018680500487,86.36114498888415,31.531227535932217,0.8179611160954393,0.6124566476846881,187.7536728069516,61.444098789474076,11.079818362642989,6.356701451176079,14.293403193350816,8.465230859299359,0.08588214411504691,0.06430512287889449,8.442499955086022,5.429042067797049,2.82030873298645,0.84296875,0.4335068853604199,0.2475718783636694,110.64098916607877,22.464999486916632,0.643462215670943,0.4477167009215918,243.7348794022627,57.79104980352297,9.637575794488196,5.503932746835034,13.554846867040888,7.6303467693182405,0.06756056449557608,0.047008188377960836,5.85998027077709,3.3446211664162275,-0.32970301434342913,-0.8179611160954393,-0.643462215670943,-0.8179611160954393,-0.7542019113531607
stage2_soh,34,-0.5316009213431145,0.956045890672222,0.22681214800129168,0.13522170402310557,280.4461424188074,9.928301794848545,0.3308190190658674,0.21604766822414323,114.6890097121064,21.19622456192988,3.4634812831878663,0.9294117647058824,0.5000074913080216,0.2887116792374382,92.7161823267861,31.60779992102328,0.8190074631278734,0.6084691278700369,174.0562809865994,62.471565564603125,11.115994366009966,6.41853863310938,14.450938388368359,8.914471593851005,0.08599200572688347,0.06388645169190922,8.443350823149515,5.4137685189561235,2.864938974380493,0.84296875,0.434414644924181,0.24931030446241492,113.05601948482634,22.084784604748222,0.6172939438118411,0.4311621281201951,213.72935376108694,56.88896711575474,9.65775679251697,5.542580837224294,13.772789796034697,7.773812061415322,0.06481301665886097,0.04527003459642252,5.637135499031984,3.281562453316263,-0.3308190190658674,-0.8190074631278734,-0.6172939438118411,-0.8190074631278734,-0.7542019113531607
stage2_soh,35,-0.5471018510893727,0.956148587189343,0.22607270815527836,0.13504343202859234,280.1067516102518,9.961345444078336,0.32818337621012045,0.21461549614259667,115.14471843831177,20.98730957746786,2.8972628939385507,0.9294117647058824,0.49255756009004437,0.28302086908918095,88.8101210540125,29.742029326966588,0.7576105380785917,0.5684918602453727,207.8958718791123,56.78217221214207,10.950370060602948,6.292022501559882,14.166706274645588,8.476206459185697,0.0795456118072391,0.05968902299767454,7.7216170143832965,5.589265494838806,2.3237454891204834,0.84296875,0.4362929260921162,0.24922949071369657,118.76517331686105,23.470017729910325,0.5954753421383632,0.4134959051185433,231.2989502605259,52.231483938396806,9.699514092644474,5.540784213791515,13.762053192953768,7.565173265066186,0.06252216412756312,0.04341516267165564,5.3214827655476125,3.1975758995928736,-0.32818337621012045,-0.7576105380785917,-0.5954753421383632,-0.7576105380785917,-0.7542019113531607
stage2_soh,36,-0.5529146309352734,0.956353980223585,0.2251962750962559,0.13466217425557134,276.4019954467528,9.936104235390342,0.3273618130929104,0.21417558802392886,114.48131464241114,21.00077890241333,3.2466983308979107,0.9294117647058824,0.5002558387672841,0.28754164945589855,88.823293534574,31.825768170783633,0.7840673763575017,0.5856998410386344,184.44124502451393,59.820070164869406,11.12151554120427,6.392526933913365,14.186934199280692,8.569741858669161,0.08232345778694054,0.06149578160433112,8.01403736227033,5.467320301579313,2.4533565044403076,0.84296875,0.4332085950774917,0.24732454335571674,116.71153870471203,22.663071728113458,0.621520256247687,0.4375404114256526,238.91664383525784,57.99879134900072,9.630944307636286,5.498434080109608,13.587451130578406,7.697735164185353,0.06525675996957377,0.04593972492187557,5.67933093398986,3.4636038373908313,-0.3273618130929104,-0.7840673763575017,-0.621520256247687,-0.7840673763575017,-0.7542019113531607
stage2_soh,37,-0.561921838842253,0.9567647662920689,0.22593439312944327,0.13500022202875447,278.15739716440817,9.94396042439618,0.32667376678012044,0.2128723397226465,114.32420384216675,20.858887455691754,3.0797228289585488,0.9294117647058824,0.4984532448677946,0.2836164404510283,88.19929110685172,28.460582247752534,0.7560955026008398,0.5671156924217939,191.09796012672973,57.23050697450697,11.081440894365455,6.305263038987698,14.093664160806165,8.512010424770274,0.07938654007060106,0.05954453172415868,7.718758533934205,5.276548080562007,2.403461420536041,0.84296875,0.4371448421935194,0.25080911005388773,113.1452811507485,22.824401186882994,0.6210500198935283,0.4300813899350032,220.66792884480546,51.58058112698768,9.718453598048162,5.575901767010708,13.868134551840388,7.886276488847893,0.06520738732148412,0.045156562072185255,5.578090303338165,3.3338974607323113,-0.32667376678012044,-0.7560955026008398,-0.6210500198935283,-0.7560955026008398,-0.7542019113531607
stage2_soh,38,-0.5693549783638864,0.9565153604647751,0.22559735124161862,0.13455696527444508,274.24714617517253,9.847154017243188,0.3254692486519907,0.21223415216747096,115.29551470994302,20.650698184905846,3.3168450879115685,0.9294117647058824,0.5009058328429022,0.2851691763647193,88.11228653793691,28.446931943739642,0.7891944208731233,0.5964051734765663,190.96375469021405,59.283468128964145,11.13596598566383,6.339782929126419,14.25136652578386,8.347083531921724,0.08286177381115058,0.06261979212896673,8.117550564865583,5.922552822343574,2.4607282996177675,0.84296875,0.43713188386125046,0.24982831507841183,112.15310303573094,22.53427314267963,0.6173100647146703,0.4263194133451179,230.6845450727455,53.48509079588527,9.718165512867442,5.554097070858897,13.73640540296088,7.710603033140993,0.06481470927929583,0.04476157188341904,5.539589502354983,3.286532309581144,-0.3254692486519907,-0.7891944208731233,-0.6173100647146703,-0.7891944208731233,-0.7542019113531607
stage2_soh,39,-0.5724567996917282,0.9561925999823949,0.22709474473745964,0.1353944204584468,280.6194810307115,9.967145139773613,0.3268600382762123,0.21308057796582677,114.32716091653255,20.76721170762775,3.2312144821765374,0.9294117647058824,0.5011646758874934,0.28998784123025106,92.1331406097259,29.569727668629525,0.7759301888502297,0.5798849493429503,195.8376703170592,60.95109359502854,11.141720495096937,6.446909827079121,14.575345033678753,9.091823997416512,0.08146909063373575,0.060885244799102525,7.970931877098081,5.311538186429708,2.5367271661758424,0.84296875,0.43086538936103436,0.2470179671421647,117.0940681887334,23.06749048924628,0.6118594796576824,0.432113162366295,227.19853658938663,56.843402901670515,9.578850965045751,5.4916183833013825,13.671979930771972,7.5519592180302455,0.06424242299066382,0.04536988880535091,5.629706233922626,3.5316011726054723,-0.3268600382762123,-0.7759301888502297,-0.6118594796576824,-0.7759301888502297,-0.7542019113531607
stage2_soh,40,-0.5753727174230922,0.9565740441888442,0.22584580363081988,0.13502922319822253,278.96172852662005,10.000644199062027,0.3246885132867676,0.2114682936222585,112.72871727392607,20.675127584153934,2.8755731844434553,0.9294117647058824,0.4962161444089136,0.2838655681349337,88.87832221581134,29.710434350373973,0.7780976017220151,0.5791164002070824,194.62999289616613,60.08563369376316,11.031706447323343,6.310801559867586,14.083886553909585,8.084316448840347,0.08169665898747368,0.060804550684984755,7.891822358990797,5.606824782120087,2.3650424242019654,0.84296875,0.43423604729648957,0.24768688352996832,113.775833875193,23.45088143186318,0.6126169026434845,0.427160170165007,219.58573580775638,56.55640448495393,9.653786271559358,5.506489502089432,13.607479909527731,7.723598304673111,0.06432194891034718,0.04484984747128084,5.53483640356176,3.3144361004550364,-0.3246885132867676,-0.7780976017220151,-0.6126169026434845,-0.7780976017220151,-0.7542019113531607
stage2_soh,41,-0.5871691903487075,0.9561779290513776,0.22598968939154834,0.1352859161777202,278.2187972337488,9.977906800512867,0.3231203793812556,0.21029591193694958,115.058562663539,20.333563278578893,3.3721534738353656,0.9294117647058824,0.4947551323847659,0.2800962163409328,91.19348483465423,29.670770210521617,0.7967866693512353,0.5866091166842071,196.64165077554097,59.566263267802015,10.999225731111244,6.227002628783548,13.804148306832534,8.433074499243869,0.08365892487997763,0.06159125135282741,8.148527764348819,5.238648970491363,2.7543094396591186,0.84296875,0.4343080027757656,0.24814367615108496,113.41155553575986,22.816441638954995,0.6095091631970487,0.42999129816344067,234.31386846016866,55.935586043842754,9.655385960996298,5.516644758342662,13.711052120337635,7.6707263230731835,0.06399565060379091,0.04514710285174474,5.615821911795292,3.597276656394204,-0.3231203793812556,-0.7967866693512353,-0.6095091631970487,-0.7967866693512353,-0.7542019113531607
stage2_soh,42,-0.5853940685752174,0.9557524720518764,0.22612687208944757,0.13495545795728478,277.01341945285515,9.953468433088382,0.32243307722492226,0.2097617868204704,112.78923206755367,20.348848316390615,3.6560221784255083,0.9294117647058824,0.5011597035373231,0.29047033109647385,89.50906011909912,30.44366120087039,0.8070236435637383,0.5960273420693828,172.25123664331028,62.07940843308195,11.14160995152021,6.457636375636542,14.35508100643905,8.496848736612142,0.08473375995137683,0.06258012157406574,8.222932267705634,5.2684163407183,2.787516140937805,0.84296875,0.43013108056268706,0.246147045854741,113.1573394847884,22.4597961388602,0.6341679896261249,0.44209836793816065,223.63384040897435,56.23601499128719,9.562526064704784,5.472256361146646,13.53818019306957,7.67972415254545,0.06658471363309358,0.04641828933083662,5.764668712461736,3.3857457838184057,-0.32243307722492226,-0.8070236435637383,-0.6341679896261249,-0.8070236435637383,-0.7542019113531607
stage2_soh,43,-0.5981553199923916,0.9556497755347554,0.22611807083282567,0.13478503209642573,277.9990652581494,9.940487516642648,0.3213613006035628,0.20908116281241693,113.25843191600043,20.39175769154369,3.2936936789867923,0.9294117647058824,0.4921071794165572,0.2807152546613532,87.57641306386653,31.42535397103647,0.7737890350510017,0.5779224420322434,189.68330386686281,60.474077294630575,10.940357352561422,6.240764875553363,14.049303954237683,8.565122273374884,0.08124427936148901,0.060679190584093476,7.907515973970612,5.048737972141234,2.6850353717803954,0.84296875,0.43172339490881556,0.24669672414202068,113.17941448681013,22.651059728886402,0.6023359099556844,0.42657090565517136,234.09852579625232,55.95231500836992,9.597925848924373,5.484476619544244,13.581996686006542,7.755806321039399,0.06324249210208935,0.04478797741589586,5.546111656118438,3.5919643863116697,-0.3213613006035628,-0.7737890350510017,-0.6023359099556844,-0.7737890350510017,-0.7542019113531607
stage2_soh,44,-0.5983518590995262,0.9560312197412048,0.2264240954507147,0.13522578620728332,278.8230350570084,9.962477236303343,0.32136102272368244,0.20870715488424146,113.32708054804715,20.265972435887647,3.3908854288213393,0.9294117647058824,0.499626010185867,0.2864353254473969,90.28834104946368,30.024195451763674,0.758319020949552,0.5563485317333948,187.88808436603617,57.221397067494905,11.107513409067668,6.367931519526043,14.28485958167722,8.157827911661787,0.07961999924061405,0.058414029518424164,7.6676012235602995,4.9428886078643455,2.6673933267593384,0.84296875,0.4301694161712505,0.24632138393972128,111.29537715102421,22.47584151483844,0.6154183493274773,0.4373562879001838,227.84756629889702,57.55291971162412,9.563378328753258,5.4761321854175025,13.47406142569693,7.8138425860551814,0.06461608788970817,0.04592039280102274,5.658097479890616,3.6120539584935063,-0.32136102272368244,-0.758319020949552,-0.6154183493274773,-0.758319020949552,-0.7542019113531607
stage2_soh,45,-0.610403004100578,0.9564126639476541,0.2261976738842472,0.13529698445501395,278.1790635103267,9.951850573784093,0.3195952637294006,0.20783740537668247,112.61433469471574,20.165084000722658,3.3701558169196635,0.9294117647058824,0.49772372563416545,0.2833958650080889,87.87886404901789,31.414725078913257,0.7723620093875834,0.5713092261432287,186.86169284683885,57.95763505601279,11.065222473977988,6.300359281696821,14.17099038039308,8.75425945968082,0.08109444824938604,0.05998483342105933,7.800049689314976,5.122884618264517,2.6893634676933287,0.84296875,0.43613497698517845,0.24814391189138404,114.06107973444864,22.729311910816513,0.6177552202714031,0.43294010622339557,237.3291642550377,54.25622182268088,9.696002622489813,5.516649999239813,13.673311375123344,7.613606275495584,0.06486144855934797,0.045456714095836084,5.617695464554766,3.5481704340457405,-0.3195952637294006,-0.7723620093875834,-0.6177552202714031,-0.7723620093875834,-0.7542019113531607
stage2_soh,46,-0.6195141268285073,0.9558551685689974,0.22615140988464325,0.13524633427035365,279.3840045689734,9.924881632295111,0.3188651743649553,0.20701714092990606,113.00899768552573,19.901557415500303,3.546761153726017,0.9294117647058824,0.49686887870753427,0.28355677344964125,87.62962494814987,29.10421467643225,0.7744500306426225,0.5717129300750208,173.0294688252566,59.928158068553984,11.046217811477081,6.303936542759572,13.998743178139703,8.446588776129687,0.08131368084958171,0.06002722047169992,7.894878238274446,4.923436762533667,2.831510233879089,0.84296875,0.4322680641575173,0.24628652980100013,111.86033356658754,23.191488195818202,0.6161258139744437,0.4385519988914893,226.01521251144453,55.54682600175843,9.6100347481012,5.4753573202076975,13.574952404489,7.513895722451187,0.0646903684142606,0.04604593693955763,5.743019138721921,3.5175411249336492,-0.3188651743649553,-0.7744500306426225,-0.6161258139744437,-0.7744500306426225,-0.7542019113531607
stage2_soh,47,-0.6241553350533228,0.9562806255684986,0.22580151613077845,0.13516937061815376,278.5467377969348,9.909387062208122,0.31861689343226707,0.2065504815532867,112.6418249230701,19.897172751824712,3.6116053366193586,0.9294117647058824,0.49308343027684715,0.28423419279028095,88.49593879478266,29.5383516219352,0.7799999999117728,0.5838727752641574,178.0954243934121,60.76234472188837,10.962061025509215,6.318996696267029,14.089689927391428,8.642097848620438,0.08189640202205323,0.06130394812586416,8.05138279808705,5.010023003624035,2.8043832540512086,0.84296875,0.43374417224336426,0.24929011932435968,116.35601594604209,22.916991525653316,0.6270462131307389,0.43959894214676754,229.22736697615815,55.176762918639426,9.642851074758571,5.54213208818593,13.841132406237767,7.859230626473099,0.06583695995226882,0.04615586115204255,5.728630011167058,3.3508111341465465,-0.31861689343226707,-0.7799999999117728,-0.6270462131307389,-0.7799999999117728,-0.7542019113531607
stage2_soh,48,-0.6311138920589378,0.9557671429828937,0.22652520609167154,0.13505773847137695,275.0175635485305,9.955422155897786,0.3178665527175436,0.2054676022393024,109.7246523764631,19.76520460128856,3.833154343623741,0.9294117647058824,0.502547264405025,0.28928619822779417,91.99644518398513,30.35292562869408,0.8405247227805333,0.6235724272361646,174.52396756582252,68.29374183487295,11.172457726915576,6.431311141463717,14.350900388427823,8.584660326389734,0.08825121873601995,0.06547222845714987,8.675854699281388,5.114257577951054,3.168994188308716,0.84296875,0.4317008995283115,0.2463889200549602,116.01468120667626,22.55276737293066,0.6513471322730408,0.4706483164554811,237.33731606294685,63.027859522236284,9.597425739371433,5.477633625075005,13.637505368515468,7.811220021273738,0.06838844436740789,0.04941590223051338,6.209885301206361,3.9992678337670267,-0.3178665527175436,-0.8405247227805333,-0.6513471322730408,-0.8405247227805333,-0.7542019113531607
stage2_soh,49,-0.641623838987888,0.9566327279129133,0.22626181466335255,0.1350906816242208,275.7018502270553,9.957528785591702,0.3164928481435701,0.20527265285476137,111.48597046577987,19.760801956586015,3.5098145653219786,0.9294117647058824,0.4944340905884609,0.2843085223233656,87.0568285409154,31.18363212018336,0.7757172599126751,0.5685413579675643,205.95707840701164,55.80917921430017,10.992088440448567,6.320649164850719,14.149270012105932,8.438607559795756,0.08144673407748695,0.059694220030182536,7.849371458793545,5.046916561439927,2.809614872932434,0.84296875,0.43229859671481696,0.24782001468011003,114.70652184265025,23.227239276660917,0.6076860616172349,0.4287366273783846,249.24560993524528,55.43017561151892,9.610713537401006,5.509449227974828,13.650464681737441,7.830720468000811,0.06380423334747763,0.04501536820683461,5.583691429596142,3.4705734478884676,-0.3164928481435701,-0.7757172599126751,-0.6076860616172349,-0.7757172599126751,-0.7542019113531607
stage2_soh,50,-0.6447952283838014,0.9562952964995158,0.22648319114982482,0.13529535756828148,278.3838045493245,9.948814359735511,0.3152974581202253,0.2040621660157376,109.12863145136288,19.674752230138736,3.3863681204178753,0.9294117647058824,0.4956580975731995,0.2830798081524086,86.47310113589815,30.814253322729733,0.7900661774606154,0.5942889906867754,177.96113196647892,63.60643524746206,11.019300142238713,6.293332814517519,13.896547160544936,8.21332764690851,0.08295330423161555,0.0623976026975251,8.166342951429566,5.190459761664336,2.714426851272583,0.84296875,0.4324428813090301,0.24988182559172856,115.90263465597857,23.833803280178085,0.6115798844099812,0.43105846776452383,223.31260110225168,57.51388200012967,9.613921222814238,5.55528669816427,13.90425827859869,7.972118461643079,0.06421306677936667,0.04525915073723948,5.6420951092654885,3.3815686646694365,-0.3152974581202253,-0.7900661774606154,-0.6115798844099812,-0.7900661774606154,-0.7542019113531607
stage2_soh,51,-0.6554594683743695,0.9563833220856196,0.22577458836090303,0.13490100424246468,277.07204159366444,10.008828575741356,0.3139896080562379,0.20302900313921263,108.86729976373945,19.599703634306017,3.38880872258953,0.9294117647058824,0.49535340328372235,0.27967981361583166,88.58360672095617,28.69658581998344,0.7369108755660059,0.5440232030061238,169.16196446716492,56.960429277051446,11.012526283718465,6.217745306790017,13.802871566184864,7.998191110493416,0.07737224272641435,0.05711992685609502,7.415210722402734,4.650588782778325,2.630994701385498,0.84296875,0.4338761850092879,0.2488537533703493,116.38410470393055,23.263000978944333,0.5911836199214863,0.4181776292054565,221.3372361934512,53.2355774916355,9.645785937111151,5.532430950561755,13.942689373183248,7.826834199421649,0.06207155309156302,0.04390672210501659,5.406205810319923,3.489853061367947,-0.3139896080562379,-0.7369108755660059,-0.5911836199214863,-0.7369108755660059,-0.7369108755660059
stage2_soh,52,-0.661410995670504,0.9567354244300343,0.2268029288334157,0.1354193419897283,279.0541211538327,9.938160453742025,0.31432915551335855,0.2031796991654571,108.562481782019,19.58037941043507,3.287305591620651,0.9294117647058824,0.49615813587362934,0.2847639831513459,88.09117664436452,29.00060809328773,0.7413896607358403,0.5603010179840174,200.25501974868797,56.89145744412173,11.030416821542508,6.330774813137554,14.110835191363435,8.518554384110633,0.0778424945095947,0.05882902234278857,7.656092532659269,5.333630227124395,2.50378760099411,0.84296875,0.4343314788222001,0.24849634637212148,115.08395418807231,22.86519127266787,0.6045679442552584,0.42447357179698886,227.84528358656286,52.21542632377883,9.655907872376504,5.52448520125252,13.671165675509354,7.7223122757744385,0.06347684540766063,0.044567767035327124,5.509205601979293,3.438855121847101,-0.31432915551335855,-0.7413896607358403,-0.6045679442552584,-0.7413896607358403,-0.7369108755660059
stage2_soh,53,-0.668062752098591,0.9555470790176345,0.22613312096338903,0.13490042576713712,278.00769687553213,9.913640317136142,0.3139352965438199,0.202717902003111,110.09465892900491,19.482239265344504,3.5918948986951045,0.9294117647058824,0.4955876094413842,0.283549311358993,88.18266678252117,30.125128482546163,0.7823990430562646,0.577856586093777,184.01823895521304,58.939422985136254,11.017733074365228,6.303770648129896,14.08087275284595,8.548079759054714,0.08214829048596577,0.060672276014333476,7.948722131554343,4.956637145250829,2.748721122741699,0.84296875,0.433882844563872,0.24792629285293516,111.34720494449623,22.985885671568184,0.6150014786901237,0.4291371688825166,239.03861001049276,54.81889089192511,9.645933990035406,5.511811967715513,13.715177062111044,7.609984359021089,0.06457231839571874,0.045057423217158485,5.577939551711532,3.402728592879728,-0.3139352965438199,-0.7823990430562646,-0.6150014786901237,-0.7823990430562646,-0.7369108755660059
stage2_soh,54,-0.6715197681450256,0.9559431941551011,0.22570256427008312,0.13467699671536892,276.6956930837876,9.881539350164195,0.3121108729261942,0.20219551093139032,110.37186094083602,19.45644281169176,3.391628553353104,0.9294117647058824,0.5000509854844452,0.28379906727658477,88.68817907981246,28.504276709239768,0.7663841831860875,0.5797071619032352,216.83320977544594,60.16442353133192,11.116961313562719,6.309323135684764,13.973872284842587,8.398469408370252,0.08046680407262831,0.060866577938026856,7.8735979503694855,5.8278595146394725,2.478677451610565,0.84296875,0.4334630424096447,0.24805479638489486,112.10583423897337,23.08862473033347,0.5989792218259714,0.4136968228816841,238.44197754940814,49.75791319827385,9.63660109310416,5.5146688139870355,13.819353171691432,7.714009143843327,0.06289005533213458,0.0434362581099959,5.360676671600045,3.2210323841999324,-0.3121108729261942,-0.7663841831860875,-0.5989792218259714,-0.7663841831860875,-0.7369108755660059
stage2_soh,55,-0.6656937929673891,0.9537865672955606,0.22008430638184837,0.13236619707620434,260.03808535270787,9.920878644778103,0.3111075804178603,0.20145211486178483,109.78063684416135,19.429468329445708,3.65545542567384,0.9235294117647059,0.4881318870445077,0.2786491853842402,87.4836406389709,30.58344266511073,0.7763327070630021,0.5831441817029069,186.89996308186673,59.44130210528323,10.851980021463152,6.194832734848642,14.027384175921108,8.482838911253952,0.08151135318934877,0.06122744916277495,8.020940365094011,5.05331416304691,2.9632943868637085,0.8453125,0.4254935515841191,0.23981384862199775,109.28778508136045,22.91500160290235,0.6290491634704322,0.4404823500175553,238.36404760484143,56.60651400314089,9.45942611741577,5.331458901144922,13.577987650008321,7.579378994171693,0.06604726049876662,0.046248614903508796,5.727139423075551,3.4090406494154704,-0.3111075804178603,-0.7763327070630021,-0.6290491634704322,-0.7763327070630021,-0.7369108755660059
stage2_soh,56,-0.6857139334506277,0.9532290719169039,0.21858067525952296,0.13214166148246587,259.4155826138645,10.00160896397917,0.3088672633643403,0.19924428273045358,108.66729603540291,18.989423297259435,3.586775146746168,0.9235294117647059,0.4881265918924973,0.2794059118977291,86.18745115789238,31.34244213005583,0.7693875357716179,0.579246287151952,180.0308992370554,59.10797983129465,10.851862301467074,6.211656018112955,14.314658529945758,8.3716623203755,0.08078214224030318,0.06081818821505612,7.9346205525736355,5.057697648628929,2.761358046531677,0.8453125,0.427473410729247,0.23943142304124193,109.05200706212194,22.49321502355051,0.6183699706359433,0.433057367332367,221.75221245621532,54.612802650453396,9.503441664153204,5.322956947324231,13.309952476666883,7.341395734565633,0.0649259945119163,0.04546902597137835,5.650409924894278,3.300507057426403,-0.3088672633643403,-0.7693875357716179,-0.6183699706359433,-0.7693875357716179,-0.7369108755660059
stage2_soh,57,-0.6941599388021261,0.9533611102960594,0.21856055064743543,0.1318213685039273,257.0275265162975,9.93061161125172,0.30811176280513125,0.19923187476259932,109.27767305525451,18.943150705377985,3.2744096699882954,0.9235294117647059,0.49288202580626106,0.28091871468350293,87.25730704743313,30.544126764230427,0.7511496758185692,0.5644141883205842,192.23325977175116,55.267542731358695,10.95758347067405,6.245288128703048,14.1243080337999,8.646571908886045,0.07886725107247532,0.05926088625497674,7.655546443501998,5.211772809276381,2.6274694204330444,0.8453125,0.4265804700401859,0.24158263166536925,107.38344923623372,22.77092555562747,0.601500796989599,0.4161697690557048,214.57912218285082,49.914438258985115,9.483590114243786,5.370781876673501,13.354796635179436,7.478472026537921,0.06315480909284309,0.04369590605111053,5.35544453523923,3.280374643639804,-0.30811176280513125,-0.7511496758185692,-0.601500796989599,-0.7511496758185692,-0.7369108755660059
stage2_soh,58,-0.7012672934438844,0.9531997300548692,0.2200684052608728,0.13280816191298783,261.5004315668562,10.034973211299368,0.30815976298761505,0.19845960387264994,108.49564584069603,18.995631864071953,3.935319232005699,0.9235294117647059,0.48963147127473267,0.2805364536486712,84.7185510352424,31.1605605325948,0.7582661818630982,0.571669418390329,182.33583669368667,58.38448407912259,10.885318261678174,6.236789833010681,14.25673559667912,8.893213563912571,0.07961445138027153,0.060022651945517154,7.744131759378953,5.15240711586517,2.8939470291137694,0.8453125,0.42657512452915314,0.23969414350103763,103.76779803030203,22.550421938128174,0.6037308869230608,0.41936325881251835,211.82200471340667,51.86285208158121,9.483471274683264,5.328797658116953,13.508485749048237,7.559849350060645,0.0633889582489415,0.04403120774470911,5.410638775633917,3.3019679552169965,-0.30815976298761505,-0.7582661818630982,-0.6037308869230608,-0.7582661818630982,-0.7369108755660059
stage2_soh,59,-0.7050461174404218,0.953287755640973,0.2200042124107081,0.13198330505354125,257.41504978631997,9.940261043027096,0.3066384850278136,0.1978963522429976,108.57293329675487,18.815035030323266,3.818087027119655,0.9235294117647059,0.49172351381080526,0.28233702135838423,88.80207692156367,29.390063650136632,0.7947554598468242,0.5888004627699653,195.84798543656248,59.00528348869999,10.93182783093203,6.2768194342961126,14.399903927890808,8.536018611125296,0.0834456572515378,0.061821332583633856,8.074932102946974,4.958835553503096,2.8579166889190675,0.8453125,0.4256775118456092,0.23894283716253994,106.61074743375711,21.921517885365276,0.604240401199522,0.42270318180635513,225.42362534431058,52.786741538394736,9.463515858601335,5.312094874316574,13.32811576344319,7.175141637777978,0.0634424548976925,0.044381884252730784,5.503558284183063,3.381200615489488,-0.3066384850278136,-0.7947554598468242,-0.604240401199522,-0.7947554598468242,-0.7369108755660059
stage2_soh,60,-0.7115512094056675,0.9535518323992841,0.22019146862250594,0.13235750470998756,260.5564647459041,9.940092640396518,0.3066888393053499,0.19760736120155592,107.57770222086145,18.853246341334845,3.6165853687361174,0.9235294117647059,0.4895441568661314,0.2794735540964586,88.25186766221584,28.579435701567853,0.7695046770915904,0.5829998342356846,190.6399962804698,59.99168721973178,10.883377117813422,6.213159816182088,14.029391831848756,8.494235322098717,0.08079444153855311,0.06121229334455977,7.967916995859354,5.341874354858035,2.683260917663574,0.8453125,0.4259691573453191,0.2384933875870047,107.04175110534823,22.771399687364585,0.6114263834383961,0.41934244742296867,228.15733597667023,49.82399629046665,9.46999962092091,5.302102866124086,13.446777529272442,7.446989125250834,0.06419694988541651,0.04402902264480477,5.419913301864257,3.0687151863841984,-0.3066888393053499,-0.7695046770915904,-0.6114263834383961,-0.7695046770915904,-0.7369108755660059
stage2_soh,61,-0.7099102496950424,0.9539332766057333,0.21986855955332218,0.1321720394338759,260.6482580515051,9.937460686780128,0.3053635503733414,0.19698588375613663,107.75616061655523,18.859186311969765,3.479516383713367,0.9235294117647059,0.48874095073072443,0.27889215137042545,85.16427545823079,28.945525535845295,0.7512093978637878,0.5720965410162713,169.37695995839928,55.75186002727057,10.86552051560018,6.200234270986635,13.940219453178436,8.608620115693839,0.07887352161173859,0.06006749785101822,7.811286036033935,5.254369019774746,2.7287510871887206,0.8453125,0.424759082906887,0.23871443395182723,107.06850169353974,23.05366977370506,0.6058060428013576,0.4247037916982663,203.88090827251645,56.3676335321056,9.443097662702494,5.307017092788103,13.392840470565579,7.438416382346912,0.0636068400439244,0.04459193906300743,5.498044520936526,3.328415988948493,-0.3053635503733414,-0.7512093978637878,-0.6058060428013576,-0.7512093978637878,-0.7369108755660059
stage2_soh,62,-0.723137343098785,0.9532144009858866,0.2194790475950578,0.13246080229534318,261.13477057267136,10.037517886182524,0.3044071670856862,0.1962752469411165,106.94410169759517,18.693729907127384,3.8362487157185874,0.9235294117647059,0.49218122569576694,0.2808055239492187,86.9041055919774,30.170906807044886,0.7616349100857291,0.5676141682500933,188.70729379982748,59.14588708374358,10.942003523942507,6.242771711276388,14.13954124394314,8.20059205725265,0.07996815230444437,0.05959686938677061,7.82469472296823,4.973213375837833,3.1360466718673705,0.8453125,0.4258287008790649,0.23978520115051652,104.78146481098766,23.031026689165948,0.6048287585564415,0.42748365366860525,215.46669918080596,51.48590339298242,9.466877041130221,5.33082202042389,13.298250838791635,7.260799263608021,0.06350422970620577,0.044883811747000305,5.55119825237737,3.5712858149757016,-0.3044071670856862,-0.7616349100857291,-0.6048287585564415,-0.7616349100857291,-0.7369108755660059
stage2_soh,63,-0.7248784059324769,0.9542853789501482,0.2192039240795325,0.13183763719504243,260.42209895370945,9.922281043108692,0.302632681287786,0.19543320275138865,107.33758201523912,18.602633679778606,3.7633817953221937,0.9235294117647059,0.48554238526616955,0.2778361725438313,86.83580886482488,29.34122921454455,0.7698282989125275,0.5819495741880554,201.53895930419378,60.34248288015317,10.794411109638494,6.176758113346799,14.396928956027423,8.536288636549564,0.0808284203369551,0.06110202088417762,7.937710197807691,5.296985996379888,2.855209708213806,0.8453125,0.428323439011797,0.24224497962095484,108.45584719676378,23.183579776768077,0.6177861610392724,0.4311189282983833,239.3351169761746,51.85851887522999,9.522339200218227,5.385506968338361,13.551363433985264,7.49238684056634,0.0648646971972513,0.045265498814403574,5.580281237120728,3.2833440476706888,-0.302632681287786,-0.7698282989125275,-0.6177861610392724,-0.7698282989125275,-0.7369108755660059
stage2_soh,64,-0.733001444842809,0.9538159091575952,0.21939923338401932,0.1323587456660906,262.04903806606086,10.014193184935618,0.30418768064761204,0.1956513864990497,107.00664551147612,18.588103042443333,3.991904150270948,0.9235294117647059,0.48795519252116404,0.2762941377365268,85.15366642831322,27.530829096515042,0.7856070428522799,0.5905496440973936,199.4687453043133,61.34261688860318,10.848051809666053,6.142476126520267,13.97404366376955,8.382797928437927,0.08248511566674892,0.06200498855442453,8.122988832735384,5.056000571092053,3.1175427436828613,0.8453125,0.4243109632472,0.23955252906380337,107.42799069514176,22.5202063611986,0.6188391189696719,0.4371087943196471,242.3894592404452,58.35404344610921,9.433135220741178,5.325649334714191,13.538761425762093,7.294964671746918,0.06497525292287958,0.04589440711669991,5.6945277537207035,3.377856552600506,-0.30418768064761204,-0.7856070428522799,-0.6188391189696719,-0.7856070428522799,-0.7369108755660059
stage2_soh,65,-0.7395602095620648,0.954534784777442,0.2192868727043868,0.13235578870592402,260.5158097949978,10.004727203780524,0.30289437511381173,0.19498506121300713,107.30195729730454,18.766489467074244,3.573917646969066,0.9235294117647059,0.491720210017866,0.27979380695934536,84.49534387387595,30.431630778310435,0.7750059939103235,0.5811332531282496,180.58805625753607,56.461840495838814,10.931754382145085,6.220279567548683,14.08649080788157,8.347728120529794,0.08137205442815389,0.061016310938407765,7.957170527105065,5.307127319260454,2.7962304830551146,0.8453125,0.42780717943879454,0.23942115870631825,105.23047862717586,22.08093578745131,0.6179209073716302,0.42721674480962973,235.1490062726335,52.725978572438876,9.510861895168492,5.322728754164797,13.464462544953642,7.3037052886748395,0.06487884494059364,0.04485578754799983,5.5262859510644144,3.1095534244086274,-0.30289437511381173,-0.7750059939103235,-0.6179209073716302,-0.7750059939103235,-0.7369108755660059
stage2_soh,66,-0.7463500198772691,0.9535371614682667,0.21990128549880714,0.1323695752017349,263.9202948393407,9.969110261702228,0.30135065869211214,0.1942898367621243,108.30030322922399,18.493365571845573,3.832397782568838,0.9235294117647059,0.4893116957265531,0.27498770586269744,84.5698655056873,29.245673502118166,0.7636549400872391,0.5713998996104825,172.75472532982354,57.254501600933,10.878209121807785,6.113431982979392,13.914589249519205,8.080032189422838,0.0801802461366482,0.059994353716864214,7.822688035420512,4.996558012913656,3.0018439531326293,0.8453125,0.42681646885027646,0.24156412809898029,113.39236559880624,22.80925177077454,0.6147967954425382,0.4279125249198842,214.04476597774607,54.56571104341971,9.488836758522032,5.370370511757361,13.798025881850867,7.802730510410977,0.06455082759888113,0.044928841250095705,5.544386824397243,3.4230530759690505,-0.30135065869211214,-0.7636549400872391,-0.6147967954425382,-0.7636549400872391,-0.7369108755660059
stage2_soh,67,-0.7502113499047068,0.9535665033303014,0.22064382347496267,0.13275553887252226,259.9248287428157,9.966237551161312,0.302456413898166,0.19437179365597038,107.73160746965694,18.406542561163292,3.967513303195729,0.9235294117647059,0.4923425527922093,0.28236703898428994,88.54849821479664,29.67434197105981,0.7591692364732957,0.5640210119459559,191.89404963385388,55.89319454557297,10.945590092396607,6.277486775818488,14.320424991264854,8.410068967190156,0.07970926794874969,0.05921960454927703,7.747610645732841,5.10022662242377,2.910274934768677,0.8453125,0.42430344677317117,0.23833238128790982,108.29514684113596,21.958995147225373,0.6086325921434552,0.4252008468574786,222.7295466971562,53.61977416165273,9.432968117078916,5.298523429526147,13.308997668879204,7.640249157570619,0.06390361468659334,0.04464412756191845,5.512264088950705,3.2859110131325617,-0.302456413898166,-0.7591692364732957,-0.6086325921434552,-0.7591692364732957,-0.7369108755660059
stage2_soh,68,-0.7554928144796231,0.9539332766057333,0.21930413027612927,0.13237017866297204,257.9645498702304,9.995066119028593,0.30011286542784094,0.1926824876249388,106.20310695418051,18.095907456769098,3.9615450251336193,0.9235294117647059,0.49209734419331036,0.28220497311147696,89.56950180636714,28.843135846404316,0.7631641589705392,0.5787442661858365,191.83499821599167,58.47242103940388,10.940138699265022,6.273883783142521,14.296851554016582,8.504030440207657,0.08012871638326022,0.06076547832932645,7.909655338921897,5.328397658946754,2.9916858196258547,0.8453125,0.4249424459361992,0.23990207493770868,103.86097782794248,22.769615042839604,0.6219180754263588,0.4287796217955474,216.24968336726835,52.9306647683599,9.447174126427939,5.3334203182145155,13.565974472645769,7.422366634287309,0.06529852914828181,0.045019882422312904,5.559299806254788,3.2055191328145174,-0.30011286542784094,-0.7631641589705392,-0.6219180754263588,-0.7631641589705392,-0.7369108755660059
stage2_soh,69,-0.7563437829502158,0.9534491358821631,0.21858556756022282,0.1320297646968038,258.4578890603688,10.031868722677128,0.30015325560041944,0.19297393106237512,106.16023151036622,18.295179512281035,3.6467393229989447,0.9235294117647059,0.49331652842156265,0.28392185073291115,87.8716603104252,31.832993351623625,0.7955446179406246,0.5823031624888673,188.39085705273783,56.6413889200272,10.967243183193705,6.312052815204551,14.384508440596434,8.839016080339158,0.08352851521117388,0.061139146024737696,8.023756871306809,5.167965026935248,2.747847294807434,0.8453125,0.42511359977174035,0.23895340191666037,107.907281827339,22.756042041579683,0.6118024537970989,0.426028847445923,226.17698405774527,53.16057150182964,9.450979159561781,5.31232974629214,13.540714731713802,7.365551223472264,0.06423643553835033,0.04473106380432025,5.533674089803972,3.3326743072692055,-0.30015325560041944,-0.7955446179406246,-0.6118024537970989,-0.7955446179406246,-0.7369108755660059
stage2_soh,70,-0.7568839476675968,0.9533904521580939,0.22075094351388683,0.13297164578422177,261.87048567659747,10.00529409950331,0.3006547813166125,0.19256126029143897,105.93115195573871,18.15884296612532,3.6857662359873453,0.9235294117647059,0.487687022842581,0.27952074763894663,87.33334172350398,30.387033031966187,0.7682584572226185,0.5769727249629796,176.96197571600678,54.873875622042675,10.842089953717725,6.2142090067672875,14.091908224908817,8.420930327715919,0.08066359420084959,0.060579474672657035,7.914852736108129,5.501481576958325,2.8419085264205934,0.8453125,0.4208144921180604,0.23898397108350763,108.29506351697255,23.17220899727775,0.6029856306221675,0.4274365780860535,227.17214520201665,56.56656724585248,9.355402878630148,5.313009349482802,13.31170562455821,7.72406899885862,0.06331070977505135,0.044878869027981695,5.569085839133116,3.4523544719289783,-0.3006547813166125,-0.7682584572226185,-0.6029856306221675,-0.7682584572226185,-0.7369108755660059
stage2_soh,71,-0.7676193607650639,0.9536398579853878,0.21894205221803426,0.13209725345728884,262.3266959816407,9.893752279480179,0.29963848773802476,0.19185166158783287,105.02823512640455,18.074181688250686,3.8860027462828395,0.9235294117647059,0.4907419649352803,0.28102445495406203,87.12054977256344,30.1654881558903,0.8098612991283877,0.6116766251367973,200.7222346788586,59.79424091249016,10.910006374333935,6.247638909985786,14.255088298022645,8.593070660274629,0.08503170069618317,0.06422322410943865,8.36557839000829,5.791740162772209,3.039791440963745,0.8453125,0.42385010107835513,0.23871694188310358,105.43279553367127,22.397065639533995,0.6335752911139256,0.4386147575904033,225.53413141686798,56.64496666896334,9.422889491704227,5.307072848252617,13.402580515385782,7.528301232178869,0.06652248302330072,0.04605252631345151,5.697446556951681,3.3036333886422593,-0.29963848773802476,-0.8098612991283877,-0.6335752911139256,-0.8098612991283877,-0.7369108755660059
stage2_soh,72,-0.7726484432242425,0.9534197940201286,0.2202587237145492,0.13235493476058074,258.8449140609795,9.949130349388515,0.2982172812915494,0.19143155135834386,105.02311903505043,18.112076475647136,4.033447389041676,0.9235294117647059,0.4903288652276829,0.27820090761809957,84.66925249932065,30.635532017383966,0.7963713205364121,0.5937752005260657,203.15688336528245,58.26762281296211,10.900822483888135,6.184866777919095,13.908835624919124,8.336613615504781,0.08361531517033408,0.062343657100651755,8.236221624708618,5.048466070309477,3.0590314865112305,0.8453125,0.42417864674322636,0.2400838775869488,107.56067924879576,23.254498616527837,0.6328708975145245,0.44326096983932073,239.00693479939954,54.250568051547845,9.430193605788862,5.337462092107527,13.6184989633342,7.556274697057773,0.06644852494457656,0.04654035716763122,5.778667144942557,3.386966271236818,-0.2982172812915494,-0.7963713205364121,-0.6328708975145245,-0.7963713205364121,-0.7369108755660059
stage2_soh,73,-0.7765409259679176,0.9543587336052346,0.21984965481599344,0.13216171248493144,258.9717739483311,9.886094014618667,0.29795665970131113,0.1910742558427489,103.46169039562078,18.07511624385519,4.318261835621852,0.9235294117647059,0.4899975049120498,0.2783260615688621,86.04637421924023,28.74098035151216,0.7775964931689374,0.5965007214076525,194.7883485038792,63.6049450930796,10.893455795457006,6.18764915745489,14.049071451005064,8.413951603631457,0.08164404490090424,0.06262982422098916,8.159117550022735,5.742728220240468,3.153389883041382,0.8453125,0.424962040497925,0.23956745016294007,107.72396408982168,23.549893048572535,0.6189052000633882,0.43501729976851494,228.62527953364253,56.09377309929825,9.447609745976717,5.325981055452023,13.387997447341178,7.689571603273565,0.06498219113290221,0.04567480983643603,5.670378164995121,3.442195306151561,-0.29795665970131113,-0.7775964931689374,-0.6189052000633882,-0.7775964931689374,-0.7369108755660059
stage2_soh,74,-0.7809124623909617,0.953493148675215,0.2204387177385675,0.13256035689933632,264.77619620585807,9.981835583025529,0.2975611454197431,0.19061373445870222,104.29064375659917,17.902494110171588,3.7643587748209635,0.9235294117647059,0.48674339292512453,0.2811609113278488,90.14677406353191,29.850748816562167,0.7384867389708071,0.5580904789652457,212.5962442460673,55.52964365833725,10.82111149833778,6.250672561098194,14.326087681548673,8.607325322588363,0.07753770111480673,0.05859692594254853,7.536786120115377,5.674407791413596,2.7840239286422728,0.8453125,0.4242836227415199,0.2383360865602299,103.96550384703733,22.390278206808524,0.591905488219483,0.4115308188007475,230.5215427956864,49.12324701244164,9.432527396033773,5.298605803864435,13.412958182355535,7.425784330358587,0.06214734593303277,0.043208837672798664,5.289086365358109,3.321033576011944,-0.2975611454197431,-0.7384867389708071,-0.591905488219483,-0.7384867389708071,-0.7369108755660059
stage2_soh,75,-0.7831908154349796,0.9535078196062322,0.21940149454455507,0.1320747647766001,259.6059806539322,9.988276520519705,0.2967156995779546,0.1901770333649647,105.6101608037496,17.749996059473837,3.882207412345737,0.9235294117647059,0.4882574397867021,0.27856219831543666,84.56605656953046,28.712633490702075,0.7857834679316318,0.5883766915758744,203.32669725191235,57.63004099021425,10.854771266792735,6.192898868289551,14.155085589687284,8.675386592992297,0.08250363948627074,0.06177683856301774,8.116514638265281,5.147669808391381,2.932148241996765,0.8453125,0.4245586075509216,0.23727520606807956,102.40257531914457,21.757547882895246,0.617105008746622,0.4322119331009162,245.70482235743629,55.381021247273836,9.43864076362363,5.275020674083872,13.319480995976381,7.334620495271052,0.0647931793485289,0.04538025927687844,5.625901178416145,3.347123657459851,-0.2967156995779546,-0.7857834679316318,-0.617105008746622,-0.7857834679316318,-0.7369108755660059
stage2_soh,76,-0.7838263302890177,0.9539479475367507,0.22057738620802242,0.13263653195815636,262.6895148417633,9.963418322737498,0.29573159988254905,0.18989812611838153,103.81630802599264,17.96072240601648,3.7121611211814134,0.9235294117647059,0.483927520692057,0.2748936804321905,86.98907977496906,30.347998831045082,0.7535083262556184,0.5706507109470812,183.39921525625448,58.913453163594674,10.75850999651568,6.111341641986616,13.892942744021157,8.425577317501574,0.07911489848842906,0.05991569236304982,7.800163077392229,5.1838110115824545,2.9777879238128664,0.8453125,0.42579131945448945,0.23814059831165652,105.81703204639307,21.737100978466117,0.6080973149476074,0.4248237816736946,225.62825806558357,53.66543825241284,9.46604599017159,5.294259776439769,13.3373771308875,7.155891946759273,0.06384741305014546,0.04460453745693999,5.50368719991722,3.2164979696577674,-0.29573159988254905,-0.7535083262556184,-0.6080973149476074,-0.7535083262556184,-0.7369108755660059
stage2_soh,77,-0.7974375521037322,0.9532290719169039,0.22061462863527528,0.1327533019040832,261.31308646276227,9.99496570052928,0.29612969239384007,0.19009888283588097,105.24966176372281,17.962997185973368,3.8279943718629723,0.9235294117647059,0.49494772849232016,0.28172478742495766,91.69790108305077,27.87104857307851,0.7942232286395784,0.606798142419361,195.75208609755904,60.256301697909265,11.003507461452699,6.263208460314809,14.249562917357231,8.227888257621622,0.08338977542984266,0.06371100592747712,8.267273723158688,5.4387752723336185,2.9779404163360597,0.8453125,0.42068296669369837,0.23705501260810707,108.09019453796907,22.59016417082038,0.6101092996602562,0.4231755706397962,229.41196964165528,52.8641390832074,9.352478850687346,5.270125408906777,13.331533850214697,7.61030947390957,0.06405866216413,0.04443148290121616,5.489771665393919,3.1433462408667268,-0.29612969239384007,-0.7942232286395784,-0.6101092996602562,-0.7942232286395784,-0.7369108755660059
stage2_soh,78,-0.8009322635574326,0.9537865672955606,0.22078913384067136,0.13272028433302924,261.48577379423,9.99899260407524,0.2960921750354681,0.18911586676461564,102.40852443297842,17.84759798281152,4.152544116038902,0.9235294117647059,0.4849229238531241,0.27622947493001965,84.59268792637562,30.184360546856688,0.7848359305893964,0.5864694151534315,187.74237551564823,58.040412167094104,10.780639456819133,6.141038565273048,14.202703499219984,8.147999571260467,0.08240415243611766,0.06157658333650847,8.022723016416558,5.009888490722085,3.1633145809173584,0.8453125,0.42542786595504933,0.240290889413518,108.88356600249742,22.7632975026694,0.6106150896171012,0.42752367003522523,228.81087522741763,53.04824103661314,9.457965817129553,5.342064307749979,13.497831126553047,7.606710114890974,0.06411176777650075,0.04488801328090869,5.561239739687132,3.3722729102567297,-0.2960921750354681,-0.7848359305893964,-0.6106150896171012,-0.7848359305893964,-0.7369108755660059
stage2_soh,79,-0.8012038896258793,0.953654528916405,0.21970300951959537,0.1320545471056033,259.90135394059155,9.920428489035,0.2944151068982943,0.1884908725855413,104.60718828526196,17.586933886031375,4.099667998856189,0.9235294117647059,0.4905227629834628,0.2792076800639431,87.70981287982991,29.381295055485317,0.7664758976599043,0.567803112262239,186.08242639185875,57.97537765761,10.905133152024712,6.207248996246612,14.192396495109458,8.46133759855003,0.08047643366932035,0.059616707636488686,7.805906072550522,5.0397150522182725,3.1088561058044433,0.8453125,0.42388723954381036,0.23853213131333179,107.96920945434934,22.01967036449297,0.6269861330743807,0.4361860202072421,233.72832091259323,55.92150604774106,9.423715141279363,5.302964203306142,13.2775460140206,7.402416658446735,0.06583065182348731,0.045797520091451695,5.672497553019821,3.3474197546695685,-0.2944151068982943,-0.7664758976599043,-0.6269861330743807,-0.7664758976599043,-0.7369108755660059
stage2_soh,80,-0.8138347559403213,0.9541826824330272,0.22037640101383246,0.13259116727649595,261.46516656061226,9.916643207850564,0.2939162453658598,0.18755762054680797,103.61859118430229,17.548988047827542,4.353695473016477,0.9235294117647059,0.4855993573021571,0.2775513051862956,86.10741207356527,31.142334695864008,0.7950371203410059,0.6080365773016477,204.0023490833242,61.73387954586212,10.795677692323888,6.170425040349946,13.979731838826948,8.771345597730924,0.08347523030418891,0.06384103587748913,8.307678443841686,5.634796514996619,3.384354090690613,0.8453125,0.4256872129802349,0.23762914908656968,109.43266216705733,22.260401135880343,0.6212513723509736,0.4364393916675908,235.5816273220931,57.28785757686826,9.463731530885687,5.282889413388422,13.286270591751784,7.332375605890251,0.06522852840072124,0.04582412292604141,5.660604676900982,3.418004520265881,-0.2939162453658598,-0.7950371203410059,-0.6212513723509736,-0.7950371203410059,-0.7369108755660059
stage2_soh,81,-0.8089764042431744,0.9535665033303014,0.2195080030812813,0.1322409176003953,259.439186647479,9.94715086006564,0.29429703066201934,0.18827942752719082,101.87230206730102,17.71325860421272,3.85640074412028,0.9235294117647059,0.49214704410963633,0.2825483374525884,90.59022916962151,31.700662598538646,0.7549322793572383,0.5727839415062073,197.7965346101294,58.12071652578506,10.941243610690297,6.281517340934423,14.31730928159819,8.711587918317948,0.07926440699571624,0.06013967173163402,7.737697165764357,5.566510096314836,2.8172282934188844,0.8453125,0.42389107665325987,0.2400556435844919,106.47496960703643,22.936434867688774,0.5954883588308613,0.41559188109204115,219.4807242587288,50.37388060424298,9.423800446575312,5.3368344034874635,13.609082282237072,7.736399138681067,0.06252353082023229,0.0436352304805961,5.36714910346661,3.339866874779217,-0.29429703066201934,-0.7549322793572383,-0.5954883588308613,-0.7549322793572383,-0.7369108755660059
stage2_soh,82,-0.8212366764200065,0.9538892638126816,0.21949993478940122,0.13219950047718892,260.0418431402103,9.999744354022564,0.29265449675500077,0.18741769843757428,104.49766857140116,17.77942863281085,4.306141912235933,0.9235294117647059,0.49282401097199635,0.28148726205907615,86.31639025475843,30.493388639255585,0.7894364434747037,0.6020297188640518,214.64341173088823,60.947623784115734,10.956293704856453,6.257927878173898,14.20776151871158,8.676033447373475,0.08288718506791942,0.06321034344986019,8.213218585001096,5.68770776884951,3.1961032152175903,0.8453125,0.4262027938051985,0.2395874540336081,106.41937538937195,22.639323869804887,0.6108171567772278,0.4335796162435145,234.3833006942128,57.63250786365644,9.475193746242752,5.326425774616254,13.464334526695108,7.529543924840317,0.06413298389622261,0.045523859698029315,5.638773558752898,3.509867640254682,-0.29265449675500077,-0.7894364434747037,-0.6108171567772278,-0.7894364434747037,-0.7369108755660059
stage2_soh,83,-0.812691649921637,0.9532730847099556,0.21915809634949104,0.13230970262195035,260.633240616062,9.928826206331834,0.29505843597063286,0.18892960690307403,104.04704583063406,17.878809516129678,3.971842668570724,0.9235294117647059,0.4879091788070135,0.2812723859578517,88.85200744719447,30.5913971777617,0.7556496912948564,0.5706363012986806,209.97305613733656,56.89697115364109,10.847028848618175,6.253150826685423,14.30882043965778,8.641701472449665,0.07933973193990244,0.05991417941643629,7.844422313895386,5.120133059650752,3.028389048576355,0.8453125,0.4266431496323783,0.24066044816099746,107.52679627478103,22.86076750422222,0.6075215261985001,0.4259129147460044,243.90511114148043,52.78323662554446,9.484983585353293,5.350280210564045,13.41568047109256,7.603843615358571,0.06378695788747624,0.044718891405600876,5.513686314944817,3.4095752471566465,-0.29505843597063286,-0.7556496912948564,-0.6075215261985001,-0.7556496912948564,-0.7369108755660059
stage2_soh,84,-0.8285203339914975,0.9537425545025088,0.21947903974437585,0.1322836298667826,260.0984591912315,9.966186270448476,0.2932330143186257,0.1872587676893518,102.74740055301798,17.483822603624173,4.155144192190731,0.9235294117647059,0.48859668490780117,0.2782581564787702,86.89656777390444,29.959198904495643,0.7383464660027863,0.5601149815682541,186.32230509691883,57.80474236727342,10.862313247503801,6.186139514875517,13.999085181068192,8.457878245954419,0.07752297310021293,0.05880948937727856,7.651992376965358,5.282904569009503,3.2145628929138184,0.8453125,0.42313018290046045,0.23830911138393276,104.06057944019244,22.519101359316245,0.6037430364228428,0.42041706568597875,216.72798101892786,54.853489009224276,9.406884518681663,5.298006101034069,13.400132413208619,7.584255042124334,0.06339023389037565,0.0441418526054428,5.4346740054084135,3.334468565492422,-0.2932330143186257,-0.7383464660027863,-0.6037430364228428,-0.7383464660027863,-0.7369108755660059
stage2_soh,85,-0.8286236242202697,0.9528036149174026,0.21855118820149314,0.13216241393181877,257.35914013289243,10.029152360022845,0.2921141432859964,0.18645641364140586,102.80314307932417,17.425600569923816,4.266572383805817,0.9235294117647059,0.49136463791107193,0.2808924940506033,87.32221115713048,30.136652064099962,0.7764698738371462,0.5897826365176954,215.3593076480287,57.22244535067758,10.92384942551035,6.244705200621663,14.10908217505535,8.808696501629397,0.08152575506791368,0.06192445629659372,8.051721819695405,5.5122249207857,3.1395739316940308,0.8453125,0.4270808748588791,0.24025822427465754,105.20225866427305,22.800604378135404,0.6157581949204266,0.42172348270905785,229.5311857266466,53.297729773602626,9.494714941855399,5.34133810763128,13.583156172578754,7.38774528743897,0.06465177010933479,0.04427902036665132,5.457807121020459,3.039335941058149,-0.2921141432859964,-0.7764698738371462,-0.6157581949204266,-0.7764698738371462,-0.7369108755660059
stage2_soh,86,-0.8308134185505677,0.9533904521580939,0.21983781631104654,0.13243556688468225,261.5427631270736,9.937556082419285,0.29119607267133585,0.18663508105184046,102.29805985322795,17.657273439159468,4.463963645112281,0.9235294117647059,0.48933937134721406,0.2806480630364853,88.23135626429813,31.505982256820026,0.7707378424382855,0.5743186645538492,183.63388450083747,56.00603993597511,10.878824396676043,6.2392710944871626,14.32108393380183,9.226330801360966,0.08092391821163518,0.06030081057229608,7.90771263232351,5.009358403386447,3.342421221733093,0.8453125,0.4253378654317334,0.23929934950610915,107.69585776778531,22.876785510273034,0.611442724255372,0.42974975899742274,226.82042250322812,57.08866939345599,9.455964956487446,5.320020733971519,13.310744436587408,7.304428219780288,0.0641986655958224,0.04512174235347999,5.584450963487539,3.305342236498431,-0.29119607267133585,-0.7707378424382855,-0.611442724255372,-0.7707378424382855,-0.7369108755660059
stage2_soh,87,-0.8366718899982992,0.9540653149848889,0.21983291462692042,0.1323611979677465,258.1676285884307,10.007598231495791,0.291584395759907,0.18581067475230723,102.92155338806992,17.36945533735097,4.176231176712934,0.9235294117647059,0.486989133616546,0.27640338237488676,86.56476543533097,28.881448107016602,0.8105345544951322,0.6058947713214758,189.57006304551047,60.8576849900447,10.826574720767097,6.144904815701204,13.977613116550428,8.140887898333723,0.08510238940411222,0.06361615612925163,8.346357312743221,5.123805947440764,3.1558698415756226,0.8453125,0.4261459583046248,0.23866970426461193,106.32035384653832,22.705906404320523,0.6195221557959982,0.43310443094887885,228.3720940495096,55.69559343392541,9.473930198965663,5.306022677784884,13.355185404589468,7.6668872646679835,0.06504696863894498,0.04547396743401797,5.639061013017907,3.456554624506866,-0.291584395759907,-0.8105345544951322,-0.6195221557959982,-0.8105345544951322,-0.7369108755660059
stage2_soh,88,-0.8446856219459107,0.9533170975030075,0.22052284362639502,0.13302568410210644,260.6447409341113,10.084848302572993,0.29067521311281513,0.1854339748215622,102.09067994425351,17.276041938850017,4.137172134249818,0.9235294117647059,0.4908010106741554,0.2802484284648124,88.88406040967219,28.163536597752902,0.7763551407874252,0.5797286520072935,205.7902795277214,55.72414123185836,10.911319058867832,6.230386556306429,14.260328063846954,8.374840735770206,0.08151370862693133,0.06086883429982385,7.936818259589067,5.063382922548104,3.1983713150024413,0.8453125,0.4233031312470524,0.23930992640271143,104.12260662283806,23.20934450870422,0.6030088724791264,0.42384663462944444,227.14478958188755,54.00709770905505,9.410729446767235,5.32025587589456,13.559822613859092,7.625597141775476,0.06331315006282245,0.04450194152465843,5.492383262940294,3.3442931360245782,-0.29067521311281513,-0.7763551407874252,-0.6030088724791264,-0.7763551407874252,-0.7369108755660059
stage2_soh,89,-0.8474617186158879,0.9528916405035064,0.2202333189479608,0.1322616012091577,261.86683497057635,9.961182333144041,0.2893476354104734,0.18468738282076685,102.43552704487476,17.344630791702123,4.480785081900803,0.9235294117647059,0.4920294792673755,0.2824381184344198,89.63817583480464,29.3521524087448,0.7974391468801473,0.5960613609287048,196.33001499519312,58.957348788234306,10.938629949601355,6.2790669896771165,14.315771606834307,8.321025090033292,0.08372743201077788,0.06258369339737305,8.148830357250116,5.260035698413237,3.3624430656433106,0.8453125,0.4240897818150189,0.23931427626193907,104.87093323613985,22.205980792584835,0.6169645329185248,0.4336430839761306,245.5416565309315,54.62310502256079,9.428217991306155,5.3203525804670075,13.38631777848928,7.548242984710497,0.06477843003456286,0.04553052351719129,5.623588131422965,3.416600936583162,-0.2893476354104734,-0.7974391468801473,-0.6169645329185248,-0.7974391468801473,-0.7369108755660059
stage2_soh,90,-0.8473027837199156,0.9535078196062322,0.21983916812197807,0.13265226232710198,261.7093616740395,10.001381352596837,0.29041805370614815,0.18527325267530512,102.61941080107793,17.361200300307246,4.289733494964301,0.9235294117647059,0.4929756351595892,0.282615174148597,86.91186826555993,30.88648789541569,0.7625945097085118,0.5850841324520754,221.34248337786585,58.456334169614635,10.959664561582269,6.283003231344445,14.3187644969478,8.690591551124822,0.08006890583841428,0.06143113504287092,7.950939995567551,5.728952402967925,3.091468167304993,0.8453125,0.42529627200253306,0.23802665733128378,105.58055263181173,21.825572663779013,0.605643481769335,0.41968664488776997,221.83490898121948,52.996137571724006,9.455040265692425,5.291726679800421,13.39405897154462,7.287033871894426,0.06358977188542035,0.0440651617909016,5.430418329458076,3.1616071907301757,-0.29041805370614815,-0.7625945097085118,-0.605643481769335,-0.7625945097085118,-0.7369108755660059
stage2_soh,91,-0.8495923877916671,0.9532144009858866,0.22033972747739597,0.13257494959740593,260.93222538456115,9.913816336282222,0.2899938594497251,0.18501889637716856,101.10223757848786,17.37711903513517,4.113653025907628,0.9235294117647059,0.4906849546954274,0.2781448441941072,83.91521332966629,30.940908289292924,0.770577124240688,0.5781849689133393,203.62807535348358,59.97406377550763,10.908738942313363,6.183620395182692,14.055643375354581,8.778707608728066,0.0809070435422452,0.06070675469562971,7.946003622702681,5.290596207683245,3.1605748176574706,0.8453125,0.42440153045739365,0.2368587486445904,104.76228521899782,22.380911560785293,0.6226088843301651,0.43031962437125915,235.65091220312848,55.45657616746719,9.43514867977081,5.265762136054614,13.224070208422495,7.061307136090285,0.06537106089663174,0.045181575589069,5.607665157777548,3.19719427447132,-0.2899938594497251,-0.770577124240688,-0.6226088843301651,-0.770577124240688,-0.7369108755660059
stage2_soh,92,-0.8593607140323344,0.9537278835714914,0.21949960387280523,0.13238376339370844,260.57089271144497,9.96502744146979,0.288944731927141,0.1838437251159526,102.08909965173898,17.071800871377505,4.374643487556308,0.9235294117647059,0.4934514835576969,0.28453489921475744,89.56216288769139,30.38302630632429,0.783818497586282,0.588964133485056,194.1943935775262,56.796895810867845,10.970243459307584,6.325681897945825,14.229700785185635,8.48941430908738,0.08229732666398562,0.061838517253741315,8.039350988172894,5.188692999913714,3.2405722618103026,0.8453125,0.4234099258119026,0.23731405735270528,110.80508253106832,22.02935386455866,0.6141492931241302,0.4274783984408714,228.48159512779904,52.72480468150624,9.4131036667576,5.2758844024649845,13.340734770650556,7.579022901590902,0.06448284284223427,0.04488325997232946,5.5519290141495885,3.1483477165564038,-0.288944731927141,-0.783818497586282,-0.6141492931241302,-0.783818497586282,-0.7369108755660059
stage2_soh,93,-0.8535615303948649,0.953654528916405,0.21908116132498912,0.13220205120957246,261.33144846067125,9.94005221087178,0.28966453385430324,0.18467772303826588,101.84877130884743,17.187589341044507,4.03902774885589,0.9235294117647059,0.49389949980369496,0.28176747563240284,88.3838206911156,29.744776778618807,0.7807886129825583,0.5852857459957401,214.1781849463535,54.414870357011125,10.980203602211379,6.264157489842775,14.486261479121715,8.538763198126958,0.08197920275678683,0.06145230353495672,8.0477829697078,5.166299762253791,3.011150932312012,0.8453125,0.4255426758613358,0.23855478014302206,104.34676145979878,22.02189027005286,0.6142848991286285,0.4298602031667542,223.37424308403624,54.51543878441635,9.460518231430596,5.303467724288548,13.372850964357525,7.551124041659834,0.06449708084718588,0.04513333848180509,5.592183590873008,3.2555565869661,-0.28966453385430324,-0.7807886129825583,-0.6142848991286285,-0.7807886129825583,-0.7369108755660059
stage2_soh,94,-0.8743844866868052,0.953654528916405,0.2196845971099831,0.1325380401839342,262.3998467405952,9.970545382693796,0.28868684068389117,0.18332077959313134,102.17079576368091,17.040550849931407,4.431180109697229,0.9235294117647059,0.49167603179541475,0.27812253444035556,90.64607227778994,27.30748040342731,0.7930253219639476,0.5930292648893288,184.30748352775106,58.094031839533045,10.9307722271166,6.183124412419791,14.016919412187175,8.439098191298077,0.0832640007545818,0.06226533729963164,8.141102529203604,5.2622679636795535,3.230560374259949,0.8453125,0.4222082195681238,0.2377931168244686,106.08997731804716,23.355256340584997,0.6200157813632626,0.4282499625271157,227.99035596063155,54.51332965493177,9.386387747361075,5.28653468767406,13.387467687923643,7.4632827470164465,0.06509879704652143,0.044964270642329454,5.577670382693448,3.233845472058089,-0.28868684068389117,-0.7930253219639476,-0.6200157813632626,-0.7930253219639476,-0.7369108755660059
stage2_soh,95,-0.8703549586618833,0.953859921950647,0.21927182046323473,0.1321428428834197,262.05440689185065,9.987524053256475,0.28734767112912446,0.18303429568026883,101.5860167243986,17.01311884972423,4.633485291985904,0.9235294117647059,0.48685337770954823,0.2793917386609988,91.25743796623985,30.934479059412638,0.7883312905702358,0.5966199592687189,219.38721976654818,58.765333647597274,10.823556642191129,6.211340923594611,14.444175632410543,8.43657776143948,0.0827711491107779,0.06264234364638308,8.197214139659138,5.097576987617522,3.3549767255783083,0.8453125,0.42499447346967384,0.23886536195714142,106.00046103445183,23.152379249342047,0.6119822173362438,0.4297501493929303,244.21268352954183,55.83420127550234,9.448330784636138,5.310372472229233,13.296825090454334,7.508046007034307,0.06425530988075083,0.04512178334320746,5.598052690970265,3.263595231473521,-0.28734767112912446,-0.7883312905702358,-0.6119822173362438,-0.7883312905702358,-0.7369108755660059
stage2_soh,96,-0.8741366180300884,0.9538159091575952,0.21982352454424456,0.1323186585795502,260.65590478599785,9.971089281338799,0.2880950795864161,0.18304533091278605,101.41368084238877,16.909707742249644,4.414151615255019,0.9235294117647059,0.49238952964100186,0.2808103310327758,84.8979082105074,30.447831830951994,0.7899014451725402,0.6024249671072718,186.25854550332838,60.05137907571587,10.946634465522186,6.242878580702678,14.166081513176326,8.76007227780443,0.08293600810124156,0.06325184269220495,8.222728190584004,5.424826494074184,3.283299207687378,0.8453125,0.4265126601271261,0.24112676878285128,108.0324379674947,21.632764691135776,0.6184605151190978,0.4330376019966934,216.17405518833408,57.51240937750201,9.482082587607414,5.360647290048635,13.613614711009896,7.526271084449763,0.06493550126498569,0.045466950702305775,5.637032686777483,3.330230067176455,-0.2880950795864161,-0.7899014451725402,-0.6184605151190978,-0.7899014451725402,-0.7369108755660059
stage2_soh,97,-0.8934243918479579,0.9533904521580939,0.22034607099421608,0.13240154919966496,259.994280278026,9.93418684605755,0.28573634072628007,0.1819819969749426,101.13822829125318,16.764790529826257,4.611800489238664,0.9235294117647059,0.49265883484704825,0.28088431923978907,86.61145225511918,29.938255508147464,0.7918329785787336,0.6054761906574462,210.60861975953895,59.33615033104684,10.952621566126053,6.244523461042689,14.15487224153813,8.436563473051653,0.0831388101991525,0.06357220709034919,8.257072224500286,5.486590009526433,3.4164078712463377,0.8453125,0.4235292329852104,0.23643733156786767,104.55981723019099,22.237089324283573,0.620899024370401,0.4308072538697161,237.83969691011103,54.03788186678182,9.415756062750397,5.256393336722558,13.197368220001156,7.355018864816212,0.06519153348806495,0.0452327744370792,5.587946037489561,3.174699522617817,-0.28573634072628007,-0.7918329785787336,-0.620899024370401,-0.7918329785787336,-0.7369108755660059
stage2_soh,98,-0.8863989818103506,0.9533464393650422,0.21939699828626677,0.13189824684313586,259.40729305351033,9.954431360462875,0.28775532440159796,0.18261466772881974,99.30522765582481,16.964627235903457,4.5548558029474,0.9235294117647059,0.4861312987465311,0.2787502722632067,86.48474185815225,30.87445666294461,0.7915824340610413,0.5986773584585856,192.94216503942286,61.00571570682303,10.8075036313378,6.197080063531918,14.258490019783558,8.203260725726551,0.08311250418050165,0.0628583610709885,8.159642543983404,5.601821448778753,3.2923795223236083,0.8453125,0.42271415369587934,0.23721346956881462,104.0667004019208,22.744590314250836,0.6164771514376028,0.4293110134185554,226.38274846809432,55.68601800861421,9.39763550066771,5.273648169491568,13.410984443211913,7.438817626614906,0.06472725722724977,0.0450756760915359,5.589495979590376,3.271516783810805,-0.28775532440159796,-0.7915824340610413,-0.6164771514376028,-0.7915824340610413,-0.7369108755660059
stage2_soh,99,-0.8847544722820664,0.9536398579853878,0.21956275594067085,0.132228381731265,257.32299067512866,9.98817691814725,0.2848396244469838,0.1814905459728707,100.77459535166983,17.051700454124898,4.421516694274604,0.9235294117647059,0.4907713407416375,0.278820033066486,85.83414442487268,30.34226992885897,0.7617319031204809,0.5690925647112012,176.9700795947673,56.18384888560398,10.910659447145125,6.198630961687849,13.99947737550295,8.131376452078236,0.07997833612568575,0.05975209419566878,7.828178069847603,4.981043876182457,3.356747794151306,0.8453125,0.4270096554528574,0.23959163487670593,107.50827996061852,23.005812428882948,0.6151600001189337,0.42944080684246727,218.14020977368062,55.038861513671755,9.49313161654558,5.326518721680306,13.485424447650999,7.5254677739997025,0.06458896241451925,0.045089303802338096,5.580080215039726,3.3868296165497926,-0.2848396244469838,-0.7617319031204809,-0.6151600001189337,-0.7617319031204809,-0.7369108755660059
stage2_soh,100,-0.8926325639782683,0.9537278835714914,0.21915480177595298,0.13234213106995654,259.6410773018437,9.945997139278512,0.2861466453559345,0.18214009021014285,100.62592174870436,16.92709689458239,4.50051092821009,0.9235294117647059,0.4905403473437886,0.28163830100686527,87.4466618504185,29.30396918133448,0.7916962547558185,0.5974167187497312,202.15812520120622,56.15454181043555,10.905524081468188,6.261285724049926,14.468598462915287,8.35905691168143,0.08312445482842339,0.06272599971661288,8.140618748244687,5.501470542914607,3.1927304029464723,0.8453125,0.4251160641098347,0.2379661818034947,105.0996116189682,21.566420661026036,0.6199635724381725,0.42384190321354254,233.42034001508938,52.44885553992944,9.451033945877684,5.290382208691746,13.246366456693886,7.462866110376636,0.06509331535021526,0.044501444747813715,5.490316671631599,3.079748803843535,-0.2861466453559345,-0.7916962547558185,-0.6199635724381725,-0.7916962547558185,-0.7369108755660059
stage2_soh,101,-0.8981288781150266,0.953962618467768,0.21899092276908205,0.13231988461010294,262.2214138219125,10.021226424970084,0.28505681543976397,0.1810387620338503,101.28351771050727,16.681071300424392,4.467613480137843,0.9235294117647059,0.4887847075825914,0.2793731291458814,86.55274225684735,29.919874399180877,0.7611755994095148,0.5679399843729448,186.52760998754576,60.92946523750942,10.866493302862937,6.210927203262825,14.109606408143495,8.350482598482301,0.07991992680214113,0.05963107857675181,7.811993277901107,4.846623089887907,3.560369920730591,0.8453125,0.42579407811666076,0.2397522341016156,105.4353728398386,22.535607702575877,0.6126005824431909,0.42969017290743067,220.55434976720335,55.570671138809615,9.46610731979902,5.3300891083451365,13.463784172685669,7.439807127827379,0.06432023536459786,0.045115486088888365,5.5910818833210545,3.302031274118649,-0.28505681543976397,-0.7611755994095148,-0.6126005824431909,-0.7611755994095148,-0.7369108755660059
stage2_soh,102,-0.8988913810871209,0.9530383498136792,0.21850453350448823,0.13182864764603563,259.78937012061783,9.900072895311414,0.2848237161637664,0.18104746799973087,100.87933180739807,16.733917611270954,4.41635352489995,0.9235294117647059,0.49049504025362034,0.27876789490235787,87.49531024380002,29.311952517579865,0.7679687623742281,0.5788941145637164,201.07457867373654,58.52666686868942,10.904516829841352,6.19747184397706,14.100808436611345,8.272024417649003,0.08063317757806732,0.060781211717786186,7.945465116701292,4.863127443511338,3.3904512405395506,0.8453125,0.42424962375494263,0.23814702048766775,109.30967313882195,22.516130782680243,0.6076327276179834,0.4267260912391066,220.3442209844258,54.714445581674184,9.431771542271955,5.294402552045334,13.534203424310117,7.47324356779527,0.06379863352357425,0.04480427118637205,5.562409872178833,3.3016337541265752,-0.2848237161637664,-0.7679687623742281,-0.6076327276179834,-0.7679687623742281,-0.7369108755660059
stage2_soh,103,-0.9049497082362079,0.9542560370881136,0.21961959568932846,0.13239235509747754,261.0432084422444,9.949830275601634,0.28433807676140416,0.18084154494380597,99.94509336439008,16.73925207871219,4.379438817267324,0.9235294117647059,0.49187835472020136,0.2814769889611532,89.79515967972331,29.70266771090348,0.7753854350369156,0.5803181217563357,200.90594312635685,56.972011971834426,10.935270200709274,6.257699490198481,14.255547630902866,8.370861026595973,0.08141189399616748,0.060930725904378806,7.943135223244665,5.170333183443866,3.360165071487427,0.8453125,0.42531366703894974,0.23640688870327722,110.57904934231843,21.73434513688057,0.6066145267721708,0.4179811762896861,232.14671127849107,54.61309962186815,9.455426986151949,5.255716541440177,13.225812705572007,7.138133053560267,0.06369172713150079,0.043886095455054855,5.42713941223763,3.131436814122929,-0.28433807676140416,-0.7753854350369156,-0.6066145267721708,-0.7753854350369156,-0.7369108755660059
stage2_soh,104,-0.9073748963878369,0.9533464393650422,0.21976758158999193,0.1323664147207099,262.5299823953986,9.93136125584498,0.28473395231467225,0.18034582245746603,100.11017475221026,16.60891451823829,4.430471783993291,0.9235294117647059,0.48822789711400705,0.276688856640648,82.7970506236657,29.220598754913915,0.7914291335146748,0.6016794932257458,209.4075086486333,58.16445035612349,10.854114484266585,6.151251381272733,14.018769636290674,8.301417947217203,0.08309640833027492,0.06317357137335199,8.218458531663144,5.686377508590253,3.168019962310791,0.8453125,0.4244073058250382,0.23768482374398445,106.92234028437784,22.283035510647824,0.6030245695031825,0.418963328895552,226.22545171965794,53.57279747774308,9.435277075755499,5.284127153200146,13.40645780908886,7.298553770813804,0.06331479817794142,0.04398921694821652,5.443422658846183,3.1469499577972426,-0.28473395231467225,-0.7914291335146748,-0.6030245695031825,-0.7914291335146748,-0.7369108755660059
stage2_soh,105,-0.9169074974357093,0.953654528916405,0.2199962004007309,0.13218821556861043,260.36423636723947,9.956438874181613,0.28194496675903086,0.17900703277431965,99.19696582505865,16.569781043274748,4.413909803652296,0.9235294117647059,0.48829873246061806,0.27690927918781255,84.53323315404567,28.81753925584777,0.7817045687194214,0.5955278082622909,198.81097579271346,58.65370972838679,10.85568927129984,6.1561517394373935,14.019253142991882,8.392573233847454,0.08207537388405484,0.06252767282856085,8.147966185424997,5.3891116327728765,3.324137043952942,0.8453125,0.423890248818938,0.23808721222303575,104.41455473083613,21.917831074642255,0.6115734735348661,0.42325856206443857,227.16739387041608,53.768477879688206,9.423782042447739,5.29307291530139,13.355343594193503,7.533168206086508,0.06421239366705156,0.044440196617982396,5.487486426859208,3.32557837367436,-0.28194496675903086,-0.7817045687194214,-0.6115734735348661,-0.7817045687194214,-0.7369108755660059
stage2_soh,106,-0.911854040986135,0.952876969572489,0.21934677415129203,0.13224267758167288,259.8321424647435,9.98836806971573,0.28348688305194836,0.17933694303488212,99.306893713185,16.572361204823018,4.768819895912619,0.9235294117647059,0.49125246625820357,0.2825092431577836,89.67493932021655,31.59805470479523,0.7783385299022144,0.5946343128258983,186.38607520356663,60.46899573923643,10.9213556639508,6.2806482100346885,14.643136959954349,8.947667326676548,0.08172195533504585,0.06243385992923783,8.128566749998622,5.380350671413865,3.6029351234436033,0.8453125,0.4242566324216854,0.23709023156334297,111.01032255139225,23.227593776565932,0.6212020456927391,0.43223874868945134,222.83367844657997,55.93294521958893,9.431927356537502,5.270908384591712,13.131028005212404,7.483219153003073,0.06522334932913965,0.0453830747899802,5.609203449152382,3.2199352134263974,-0.28348688305194836,-0.7783385299022144,-0.6212020456927391,-0.7783385299022144,-0.7369108755660059
stage2_soh,107,-0.9108753867288006,0.953493148675215,0.21946043982717495,0.1322642061093401,263.58209886701496,9.952936042436178,0.2822708868755191,0.1795678620510893,98.98671635221677,16.68088889747723,4.637346375222299,0.9235294117647059,0.49044491326898176,0.2836083083605284,90.03682544300486,32.17638619222372,0.7769484855656491,0.5815641719610521,225.58964180882393,58.44991974704463,10.903402423980411,6.305082249152042,14.366909762070527,8.423424337064976,0.08157600709167571,0.061061555428118114,7.974983205037391,5.252687991065347,3.434547543525696,0.8453125,0.4258737308722206,0.23934607747141853,108.35092729596087,23.414225315783746,0.6006980313266381,0.4207582310846192,229.41942056649904,52.2036199950772,9.467878132431695,5.321059574005206,13.459704389886415,7.607659782120503,0.06307052240121387,0.044177673398579,5.469901360599823,3.303799349494235,-0.2822708868755191,-0.7769484855656491,-0.6006980313266381,-0.7769484855656491,-0.7369108755660059
stage2_soh,108,-0.9195414285701624,0.9538745928816643,0.2183475298456184,0.13183272436382043,259.8400815808715,9.995429566463127,0.2833018790807804,0.17971305278086044,98.67335340182636,16.510368480923127,4.682962449391683,0.9235294117647059,0.49278331898134453,0.28294981967694327,87.18905718235071,30.194049705026394,0.7793610460313224,0.5926390736035126,213.01966677881492,55.934447891266515,10.955389054532827,6.290442955493329,14.336459101731627,8.41348907668719,0.08182931481195986,0.062224369014487635,8.131801119789428,5.574707763378074,3.6598597288131716,0.8453125,0.4252346381999098,0.24033516054005305,104.01065781038392,23.035490781265104,0.6088578444010604,0.42513765639487244,218.24619104994116,54.473508926138706,9.453670044216494,5.343048528190062,13.618792790712565,7.562232360210709,0.0639272651346027,0.04463749285482852,5.5269908380654,3.2520623511562974,-0.2833018790807804,-0.7793610460313224,-0.6088578444010604,-0.7793610460313224,-0.7369108755660059
stage2_soh,109,-0.9303191264786388,0.9541680115020099,0.22018287490942076,0.13232472486525126,261.5452602846495,9.893937117778346,0.2814687034560991,0.17820467183216723,97.53572048625514,16.431961681827893,4.902669328801772,0.9235294117647059,0.4909660873496331,0.2823449039521317,86.4045768539345,30.7477691870191,0.804590187064853,0.6048847165543074,193.84418479242143,63.10354802379587,10.914988986671853,6.276994677405884,14.246302094972283,8.538689083626615,0.08447825824399424,0.06351010503785977,8.290085899215807,5.463850007442174,3.7732240676879885,0.8453125,0.4244688108666828,0.23893026498008113,106.92113095412033,21.956741487408898,0.6365029321783863,0.44465697050291053,240.8424142428733,55.5604051339394,9.436644434661693,5.3118153738854605,13.517508983245085,7.284287362849708,0.06682987183050387,0.0466869307978637,5.799012831825298,3.334891449067711,-0.2814687034560991,-0.804590187064853,-0.6365029321783863,-0.804590187064853,-0.7369108755660059
stage2_soh,110,-0.92750771952985,0.9542707080191309,0.2196599973565591,0.13251877767610332,260.73177177516317,10.008822222945412,0.2815264095593454,0.17879417059951525,99.18826613454794,16.567710863401093,4.6974221743789375,0.9235294117647059,0.49238699935979563,0.2835302160084978,88.00800858118305,30.9377006256326,0.814240239545934,0.6177408815361559,197.78348500169048,60.645054839971095,10.946578213181725,6.3033461268732935,14.245145908944487,8.698330217529262,0.08549146924093515,0.06485994305828847,8.454629576087255,5.557800366105166,3.4469135284423826,0.8453125,0.4235729740251104,0.23705906365321425,107.7303295395729,22.0311084555645,0.6246379374173948,0.440669110835006,246.3423425968599,58.61814419252181,9.416728498486949,5.2702154703465975,13.442805005865086,7.4475508587372286,0.06558410211121461,0.04626822392785449,5.750094794534524,3.444828434568053,-0.2815264095593454,-0.814240239545934,-0.6246379374173948,-0.814240239545934,-0.7369108755660059
stage2_soh,111,-0.940317052724667,0.9530383498136792,0.21921330524777805,0.1321563807707498,263.4611067027141,9.985981752529923,0.28047214031315226,0.17751986714336465,96.85960023825234,16.369184429961717,4.303267895006666,0.9235294117647059,0.4905923722823783,0.27767424537051544,86.49925216393282,27.99955809620905,0.757423520047526,0.5698726297538801,192.92688348598358,54.44458153859108,10.906680681987797,6.173158204190289,13.975128709323597,8.02270410336729,0.07952597577665031,0.05983399742688135,7.7726579873859105,5.239066390205913,3.1572432041168215,0.8453125,0.4233474708185683,0.2367069203293795,104.07714967246018,22.60712531021908,0.6069648309701163,0.4222236568035441,213.59356403446728,55.77740007131921,9.411715188852565,5.26238674123389,13.19679971857234,7.346757894877841,0.06372850745640875,0.04433153633937914,5.470764606087087,3.195735731007944,-0.28047214031315226,-0.757423520047526,-0.6069648309701163,-0.757423520047526,-0.7369108755660059
stage2_soh,112,-0.9350891467505738,0.9529503242275755,0.2189389077683664,0.13225871708957396,262.6089721654974,9.981958511471156,0.28182115704586513,0.1779105254885331,98.64386413828153,16.382371090076894,4.487176893271652,0.9235294117647059,0.48855125623636425,0.278854597840166,86.86210426011012,29.78957932683258,0.761892308560144,0.5660582123068618,185.66280531624835,56.80894881180164,10.861303292924065,6.199399393833702,14.09615612990117,8.485675063029714,0.0799951779569353,0.05943350119001432,7.699218256194941,4.794601970546391,3.248018479347229,0.8453125,0.42473381321991593,0.24044749989880074,110.70187460921174,22.888703154625656,0.6036089383102817,0.4199504153944872,212.84344726831304,52.60727350401859,9.442535875723529,5.345546018128971,13.689147826037111,7.584276511455604,0.06337615420712188,0.044092856477391494,5.456203077736005,3.295896168488234,-0.28182115704586513,-0.761892308560144,-0.6036089383102817,-0.761892308560144,-0.7369108755660059
stage2_soh,113,-0.9428698911496456,0.9536838707784396,0.21975276877471303,0.13218236715581863,259.2004854860537,9.970201659223008,0.28072468583517984,0.17796168536420306,99.3819550645407,16.44541539269664,4.384920468984865,0.9235294117647059,0.485684397690363,0.2779872889593974,86.48207607082486,30.360775005794785,0.7500890797275388,0.5636607759741737,195.00990842684385,54.6792802949259,10.797568280950282,6.180117681459768,13.969150984438617,8.664239351558942,0.07875589337521395,0.05918178143392932,7.706109889542953,5.237223692849419,3.34263596534729,0.8453125,0.4263216260102466,0.2399943659962446,105.14846040191405,21.781251692827034,0.5872956203902213,0.4076708112464985,210.9078987310198,53.37952795472542,9.477835582904758,5.335472101246875,13.588088167096142,7.403320295387581,0.0616633310752681,0.04280355468496956,5.276054480733589,3.0983190952774042,-0.28072468583517984,-0.7500890797275388,-0.5872956203902213,-0.7500890797275388,-0.7369108755660059
stage2_soh,114,-0.9445870758827393,0.9537865672955606,0.21956127888016008,0.13216685156263125,264.31323694125393,9.874887734434244,0.28130453048672727,0.17767248018769224,99.50096025689383,16.307130526473564,4.674754567239798,0.9235294117647059,0.4907447530186871,0.280968163060207,86.59415842787438,29.637663836890763,0.7854903041515597,0.5844499373370233,202.79502577273428,57.2152994850118,10.910068358044143,6.246387447986071,14.39241659605822,8.323694458661166,0.08247285864166329,0.06136454748119323,7.975476151440024,4.912652746531247,3.291413736343384,0.8453125,0.42636545322679964,0.23868248420985766,104.1178490866449,22.178533538638018,0.608050020382332,0.42040447384642904,214.899646539204,52.71928319867761,9.478809934490986,5.306306797126732,13.314531670072295,7.549555888519527,0.06384244733895098,0.04414053052037347,5.4282881857284435,3.1810416923038205,-0.28130453048672727,-0.7854903041515597,-0.608050020382332,-0.7854903041515597,-0.7369108755660059
stage2_soh,115,-0.9470657309187868,0.953493148675215,0.2202782582708497,0.13249763532495837,259.49548274907784,10.005396343171485,0.2803565727766563,0.1770816444179218,98.40135917428508,16.319480489245112,4.664530845716888,0.9235294117647059,0.49197950099009197,0.28052504054252425,86.4920592827821,28.818763922895798,0.7861723740803613,0.5862824885649424,199.6762436391821,56.25479448986586,10.937518849751124,6.2365361007649955,14.237682429122904,8.273395456219792,0.08254447283794869,0.06155695690696841,8.057244112253972,5.040920605587633,3.465715932846069,0.8453125,0.42456335024671604,0.2374967012918205,104.61013896313095,22.493826755343086,0.6090535042835165,0.4240139428038674,237.2688168700394,52.14449593769874,9.438746201603355,5.279944879624796,13.471913084119114,7.290292393458097,0.06394780851972451,0.04451950811121698,5.500667480812846,3.19526902440243,-0.2803565727766563,-0.7861723740803613,-0.6090535042835165,-0.7861723740803613,-0.7369108755660059
stage2_soh,116,-0.9399811368443164,0.9529943370206273,0.21978628801811423,0.13261005229110118,260.4226541248504,9.992255125180753,0.2793529483666103,0.17646882856744542,97.80102986991231,16.120176276855236,4.740175970862894,0.9235294117647059,0.48995924270898256,0.27837826933200455,86.90196810002598,29.865245561149123,0.7913242581393909,0.5936597903204315,190.83633674613714,57.929267639642354,10.892605163334247,6.188809822466999,14.073049434666801,8.203173317917187,0.08308539689963716,0.06233153956142209,8.106428517661174,4.9820860312572925,3.564956283569336,0.8453125,0.4238322107389686,0.23695550342890784,104.13879204816271,22.764629367717276,0.6205438523723152,0.4320754933156422,218.32257497411575,55.24386626096248,9.42249175983964,5.267913155101437,13.340815755100788,7.2483887768189295,0.06515424206659635,0.045365933728791434,5.620798231128928,3.3950484126132903,-0.2793529483666103,-0.7913242581393909,-0.6205438523723152,-0.7913242581393909,-0.7369108755660059
stage2_soh,117,-0.9459112467282689,0.9534344649511458,0.219168613368996,0.13217758227316842,259.81954754584785,9.951933207423444,0.27847330766336265,0.1765475200420826,97.34109722465284,16.26474328355557,4.672181282791437,0.9235294117647059,0.4919663217980076,0.28007437363997395,83.72032182302425,29.751517357864294,0.7811871246168635,0.5863284570183239,185.35146012709177,57.87643397900729,10.93722585449104,6.226517029377503,14.22561287129795,8.184465879336585,0.08202104464014223,0.06156178338253109,8.031805536471563,5.186956138107161,3.5313228368759155,0.8453125,0.42381280439419033,0.23725581005201093,102.7430850466607,21.868228468764624,0.6201040125422407,0.42848237081962,224.22211928028486,56.64095325381419,9.422060324665226,5.274589468533774,13.309800493603452,7.191849909535513,0.06510806091332307,0.04498867244099399,5.558734622671095,3.2979865980940133,-0.27847330766336265,-0.7811871246168635,-0.6201040125422407,-0.7811871246168635,-0.7369108755660059
stage2_soh,118,-0.9514103359587193,0.9534638068131803,0.21905442813403048,0.132173330192994,260.7547618915879,9.972815078489278,0.2785016885851185,0.17604693137005575,98.48025613441366,16.146164859598684,4.882715343961529,0.9235294117647059,0.49158791853565276,0.27628405401117956,82.26011083897401,26.96069075596239,0.8241758548048327,0.6112565137655931,199.61034751480034,61.00305789481385,10.92881332346793,6.142251948610743,13.772741881163372,8.077816466042249,0.08653466301230854,0.0641791143533437,8.41769662967874,5.224328425654079,3.744851064682007,0.8453125,0.428235773862044,0.24107536442425043,108.92084809649823,23.75323982375768,0.642348770003464,0.4464047529727395,242.4625009693228,56.0626989582517,9.520390258796969,5.359504486049639,13.580555665753039,7.602733109722605,0.06744365783657112,0.04687043989505908,5.8295045562806465,3.3785849417033647,-0.2785016885851185,-0.8241758548048327,-0.642348770003464,-0.8241758548048327,-0.7369108755660059
stage2_soh,119,-0.9561870928881843,0.9531410463308001,0.21938791971773386,0.13228252386179642,259.4671459714178,9.989893731340494,0.27876162002349497,0.17629463847948396,97.57444825574473,16.10788907833719,4.874769158456839,0.9235294117647059,0.4940937279211285,0.28109929665703987,89.04360141218501,30.77241304236705,0.7678065948662725,0.586816099324428,217.71340602713508,56.184352077577586,10.984521614834476,6.249302764954172,14.130235536907877,8.520794717213477,0.08061615073777506,0.061612983575285156,8.012553335179568,5.623237192943982,3.531577706336975,0.8453125,0.423883730184074,0.23578001972964557,101.69890629582622,21.801459016308346,0.6129822734140792,0.42432916074540117,229.63335536248505,53.22457426714511,9.423637122402173,5.241780206284703,13.188173597746646,7.441880834722636,0.06436031115588452,0.04455260454104689,5.513013696860709,3.2371612507358316,-0.27876162002349497,-0.7678065948662725,-0.6129822734140792,-0.7678065948662725,-0.7369108755660059
stage2_soh,120,-0.9592547026190105,0.9535811742613186,0.22032625703376005,0.1324257936923498,260.88861082203664,9.983032645450292,0.27816749554766557,0.17566920616376447,97.14136018058927,16.005838489649385,4.853349461274989,0.9235294117647059,0.4945911307883362,0.28353796164669537,88.33446131260345,30.898476877544706,0.7925934040940009,0.5957183232585735,209.37731380777655,59.93434803529901,10.99557970409441,6.3035183252344416,14.461022197030063,8.15919107791018,0.08321865137057968,0.06254767602436669,8.181477185323786,5.728193114570175,3.546075534820557,0.8453125,0.42546882359670685,0.23841237941705912,104.29094947678182,22.13474551653675,0.6072363313340335,0.41819729425478724,227.7513805346203,51.78711821929784,9.45887637331486,5.300301920385533,13.341785832065591,7.441927169200491,0.06375701374224851,0.04390878684448577,5.426606337884496,3.0719906188172468,-0.27816749554766557,-0.7925934040940009,-0.6072363313340335,-0.7925934040940009,-0.7369108755660059
stage2_soh,121,-0.9664204395250033,0.953859921950647,0.21913852188910055,0.13223415296365312,263.3302848535967,9.961872424423222,0.27786556649237876,0.1759106334927972,96.92432085584981,16.093126531447584,4.660290530148674,0.9235294117647059,0.4887222058656642,0.28108835275851046,87.35126385971725,29.106431842610135,0.763123671725718,0.5801869277568424,203.8330651802195,55.18662669776426,10.865103786215075,6.249059463970667,14.261384637238944,8.355937503312976,0.08012446540931277,0.06091695113960111,7.916604871506331,5.701673052537583,3.510723829269409,0.8453125,0.4250183502096832,0.23841041617197334,105.33027565787636,22.191643313962615,0.6088124319359415,0.4227936286810291,230.43388713207702,54.27690818720127,9.448861604097917,5.300258274196841,13.448384927290352,7.32343000219592,0.06392249703524294,0.044391380757359974,5.478116818772661,3.1600517490534603,-0.27786556649237876,-0.763123671725718,-0.6088124319359415,-0.763123671725718,-0.7369108755660059
stage2_soh,122,-0.9659181308418942,0.9535078196062322,0.2195317921905266,0.13224312754719209,257.0898749144882,9.934031223626874,0.277708738464441,0.17541067143568317,97.6993032243309,16.022429215188083,4.547691515380261,0.9235294117647059,0.4901811026052179,0.28210156307300077,88.17845146056915,31.634586549632807,0.7833000848266407,0.5821386934769358,193.14361344600152,57.92082183585504,10.897537476148491,6.27158480677702,14.268954011793916,8.40978345354088,0.08224289571554748,0.06112187753714433,7.908908900547843,5.068255489661367,3.3709580421447756,0.8453125,0.4232787277345433,0.23786657910677605,106.20133271704094,23.43084106821319,0.604440482600562,0.4223544818414666,222.11425006095732,54.0566192538781,9.410186916280638,5.288167875837116,13.284332170458942,7.539543884648868,0.06346346252187014,0.044345272364893835,5.46234985094438,3.3351460086101374,-0.277708738464441,-0.7833000848266407,-0.604440482600562,-0.7833000848266407,-0.7369108755660059
stage2_soh,123,-0.9702177940793539,0.953962618467768,0.21967850605996064,0.1323629062825509,260.4538581751414,9.92702016763364,0.2760943488056104,0.17471697759463384,96.79403410520459,16.04838555241564,4.749589548858942,0.9235294117647059,0.4918261258943637,0.2789523987756932,84.23934617714569,30.307054086837425,0.7788243911128795,0.589255234844727,190.28659038119048,60.60874401063625,10.934109067438579,6.201573670553973,14.204769225205336,8.462434790508643,0.08177296852099464,0.06186908155372012,8.073697253452533,5.3357212940822265,3.73347327709198,0.8453125,0.42471589451967223,0.23972461882694915,105.6409597174605,22.63580368578765,0.6101255940153721,0.42583870692269554,217.616096246213,55.97615125805265,9.44213751335013,5.329475175068247,13.573416363256417,7.579375331773177,0.0640603729962549,0.04471109992645784,5.541865462756684,3.3015467765903646,-0.2760943488056104,-0.7788243911128795,-0.6101255940153721,-0.7788243911128795,-0.7369108755660059
stage2_soh,124,-0.9716874526537681,0.9538159091575952,0.219986372925301,0.13250049529759758,264.4441207588644,9.964464496580781,0.27644681899403434,0.17498056433806145,95.94669590166419,16.073871854205116,4.855834607517018,0.9235294117647059,0.4896910883961133,0.28100598217079453,88.03357187098825,29.982104633874304,0.79860662835286,0.6059777745721386,221.149641994825,56.398166940296846,10.886643648991177,6.2472282294294015,14.126894145062767,8.766825975650452,0.08385001218007711,0.06362487108769549,8.234341526602593,5.450638050456748,3.5910811185836793,0.8453125,0.42652199143888253,0.24093294115918978,105.19763233464032,23.134771649790714,0.6237635881295989,0.4326448219420854,228.69876649183544,57.805763257155434,9.482290038117085,5.356338181065164,13.642487807995892,7.514204375950171,0.06549229946917727,0.045425710608380056,5.624095317614244,3.2880240250086974,-0.27644681899403434,-0.79860662835286,-0.6237635881295989,-0.79860662835286,-0.7369108755660059
stage2_soh,125,-0.9688696213750183,0.9536691998474223,0.21920263364208073,0.13249582432657292,260.176200640307,10.006903500610075,0.27639290469366734,0.17472939630253853,98.12108455326113,15.891152687868967,4.6309442351846135,0.9235294117647059,0.49032522875038564,0.27966266359184305,85.86226545398252,30.256684221373504,0.791622862410169,0.595177834228996,206.8957386414284,55.46237514851293,10.900741638977108,6.217364033362421,14.244773894038985,8.412083869164796,0.08311674897067295,0.06249092716941823,8.130421199475181,5.240621084358417,3.5226734399795534,0.8453125,0.4238167801701316,0.23851531386972055,106.65579581715174,22.49311294827363,0.613622534338023,0.425772216621408,227.63169914770114,55.37838334430701,9.422148712746868,5.3025903236909695,13.473620570343986,7.546916314632717,0.0644275355995156,0.0447041187515278,5.5327221410268645,3.2811037490962156,-0.27639290469366734,-0.791622862410169,-0.613622534338023,-0.791622862410169,-0.7369108755660059
stage2_soh,126,-0.9791579048876534,0.9529943370206273,0.2198226070823958,0.1325332451549548,262.71400621470195,10.006518585913803,0.275748276839339,0.17349512793602706,95.87457328640298,15.739544625261505,4.898458749172734,0.9235294117647059,0.4920371846076511,0.2814557681791484,87.7429699192619,29.27644300495917,0.7979289583677704,0.5978415926900126,201.73268606345655,58.90067740279757,10.938801252072977,6.257227717080462,14.159902959171465,8.085168388909835,0.08377885995758551,0.06277060952049225,8.197012751859223,5.470375221827679,3.670931816101074,0.8453125,0.42386861858296976,0.2367426566001086,102.15213344982462,22.038658342615584,0.6167182206902553,0.42756903917361344,214.37431914368753,55.14454226430978,9.423301166490202,5.263181217698728,13.271590805182928,7.016986103907719,0.06475256838677876,0.044892776831161586,5.559708643996034,3.2001428326324515,-0.275748276839339,-0.7979289583677704,-0.6167182206902553,-0.7979289583677704,-0.7369108755660059
stage2_soh,127,-0.9937447312746993,0.9541533405709927,0.22001549138749413,0.13259326036801042,258.71162672341046,10.007547271513467,0.2746253247118489,0.17287350247827488,95.09361017357467,15.768480004155508,4.952076971764658,0.9235294117647059,0.48769815254577525,0.2806674048085423,88.11988828593628,30.291913513888964,0.7800619004596986,0.5853493036665752,183.59749876297758,57.201602102067426,10.842337385446557,6.239701094103072,14.27459150765018,8.59000613910219,0.08190290129405182,0.06145897679721684,8.019384237617901,5.54119930666593,3.8700396537780763,0.8453125,0.4233705668469237,0.2377141361226677,102.88416917498907,22.16053405598105,0.5975389372746988,0.4213072076545359,225.63955543267647,55.62361388110547,9.412228651801698,5.284778815909128,13.38363168693698,7.489758308651148,0.06273883209796725,0.04423531340611191,5.475824258450198,3.3722594189033854,-0.2746253247118489,-0.7800619004596986,-0.5975389372746988,-0.7800619004596986,-0.7369108755660059
stage2_soh,128,-0.9780689007201065,0.9537278835714914,0.22003807967955202,0.13253545715373685,263.41906932105434,9.982845661365651,0.2752223469752598,0.17360443900679004,95.95696963713621,15.916915528667062,4.732067203521728,0.9235294117647059,0.4909390749263433,0.28098837668441384,88.17122903619051,30.59932279520124,0.7563056761845672,0.5696661442810413,198.32659334254888,56.71065635866594,10.914388455779175,6.246836830318746,14.206603404192974,8.379369624599375,0.07940860732740787,0.059812317404705426,7.791379449518627,4.970741540783116,3.605061912536621,0.8453125,0.42578592025865386,0.24035517116935806,107.40580413434968,22.81903509461857,0.6041193522983983,0.4205282966326195,210.55835560625664,55.088244096076416,9.465925957109022,5.3434933976099845,13.33736430829109,7.349976396999963,0.06342974532144649,0.044153531341756154,5.4617703138018525,3.2963563722025,-0.2752223469752598,-0.7563056761845672,-0.6041193522983983,-0.7563056761845672,-0.7369108755660059
stage2_soh,129,-0.9916377756776869,0.9535665033303014,0.22023494805291555,0.13248212316548497,261.422539970163,10.00915765755957,0.2752331725965592,0.1736128374300544,95.82600791064952,15.89805653538495,4.973638957154517,0.9235294117647059,0.4905117893546856,0.27985772472970627,88.05725982131233,30.66771956124873,0.7878001255113853,0.5891411226443655,177.60270163802375,58.24966675562046,10.904889190088577,6.221700565408858,14.005743415839744,8.087701168502251,0.08271537922974637,0.06185710029905667,8.034334717087294,4.9401735306928245,3.8037528514862062,0.8453125,0.42424774139023413,0.23835119822397247,107.24628957099726,22.660537513416454,0.6187351823657787,0.4238414257892146,214.35309194916326,54.67510697898598,9.43172969418796,5.298941761168962,13.486016672189285,7.55291115791531,0.06496434005890753,0.04450139462046152,5.514455892286435,3.1328806183852054,-0.2752331725965592,-0.7878001255113853,-0.6187351823657787,-0.7878001255113853,-0.7369108755660059
stage2_soh,130,-0.9956277474782433,0.9538892638126816,0.21963028390169714,0.1323685918983886,257.3730235165399,9.943974441630335,0.2747863195028287,0.1730363642033563,98.51564217900513,15.567768294019448,4.872598023508109,0.9235294117647059,0.48663174695441413,0.27997927556690927,87.20967598824006,30.284558132460887,0.8041453882640864,0.5999091409146786,212.45240653575235,59.04082372254351,10.818629423562944,6.224402841764753,14.288419050171418,8.871950512856076,0.08443155642167292,0.06298769254693633,8.251095942280271,5.1577024754713445,3.6419142484664917,0.8453125,0.42493326998441827,0.23894353054311068,102.71860087468954,22.697926236504518,0.6206969463927833,0.4317502039993997,239.01570222640675,55.47926811085442,9.446970129827742,5.312110289314653,13.449891449128902,7.538012749703249,0.06517031623255641,0.04533177985107414,5.651097897779126,3.1888015083101253,-0.2747863195028287,-0.8041453882640864,-0.6206969463927833,-0.8041453882640864,-0.7369108755660059
stage2_soh,131,-0.986451961363094,0.9531703881928347,0.21951906354371126,0.1323775051800874,263.20814187857235,10.003849674503417,0.2755419867762383,0.17381854786657402,96.22489238858385,15.831922627261527,4.948497712378408,0.9235294117647059,0.4903292269595725,0.2790982274283819,86.4481422682611,30.91990577867356,0.7847300761345752,0.5953701496288618,192.7083958345807,57.68577144297022,10.90083052578694,6.204815682943527,14.051352578408405,8.375479034263105,0.08239303820664479,0.06251111939929545,8.10231650053621,5.276970900505718,3.6638485908508303,0.8453125,0.4244381469584473,0.23976998084908702,110.04915619247986,22.653919964765507,0.6198752367599605,0.4317674329238798,225.7990984467302,52.953719526883496,9.43596272521311,5.330483647923716,13.455334097000184,7.50462139776158,0.06508404051147608,0.04533358880867131,5.602688326141901,3.421853700047129,-0.2755419867762383,-0.7847300761345752,-0.6198752367599605,-0.7847300761345752,-0.7369108755660059
stage2_soh,132,-0.9931522781400277,0.9537278835714914,0.21948587100906816,0.13255291759362872,259.4068591193539,9.997687500672324,0.2735342046552609,0.1724668852706685,95.99086098215771,15.675694304142684,4.827547443614287,0.9235294117647059,0.491210471875449,0.2799319003179085,86.33490663386323,30.156694926547374,0.7681021054017866,0.5715245220919742,185.49849784693026,56.10105285434841,10.920422059294431,6.223349611542936,14.193844348729174,8.460622170117814,0.08064717798087885,0.060007438502564694,7.837954808547929,4.98288202239058,3.681907224655151,0.8453125,0.4243326312456575,0.23910387411342526,107.8465734424035,22.949617473268162,0.610361122700745,0.4249608130367051,215.70007795114756,53.4822950130837,9.433616936221373,5.315674992354562,13.20641199267268,7.498550505826091,0.06408510242177697,0.04461892511796052,5.496863377409203,3.3543120567952593,-0.2735342046552609,-0.7681021054017866,-0.610361122700745,-0.7681021054017866,-0.7369108755660059
stage2_soh,133,-1.005293316196267,0.9535224905372495,0.2199446850875869,0.13256518943839746,256.724461246447,9.960869237632897,0.2746134357062439,0.17297568217754034,97.4172218203897,15.55678750557863,4.849351430406758,0.9235294117647059,0.48930106446876903,0.27754006657712893,84.36043899693212,29.057063715917664,0.7887831333315413,0.5906233041382888,184.81122189927535,54.93107883716581,10.87797277134567,6.170175187461038,14.349344888240841,8.14421163826826,0.08281859051646355,0.062012722518940945,8.065899562801862,5.214461801096515,3.610300302505493,0.8453125,0.42341222944625057,0.23689115052075066,104.78828103044285,22.22079735917326,0.6207734188283947,0.42833730873899184,224.7054110765749,53.24148098458729,9.413154880363152,5.26648248340762,13.234837288980248,7.430250434081904,0.06517834548554506,0.04497344159166755,5.580076706365658,3.2020494440472476,-0.2746134357062439,-0.7887831333315413,-0.6207734188283947,-0.7887831333315413,-0.7369108755660059
stage2_soh,134,-1.0003975475132807,0.953654528916405,0.2195302052002599,0.1323979941540592,258.864767642167,10.036178403790771,0.2744892876142752,0.17272057609632557,95.4499551704136,15.697965154397929,4.791759612513523,0.9235294117647059,0.49021288894252374,0.2793094186367942,86.26339394729818,30.24435549070668,0.7840260358790105,0.5929176824961734,203.5627689224161,55.7199319821341,10.898244139053647,6.2095108131639165,14.151969070161906,8.443813713076494,0.08231911722739356,0.06225362166305539,8.063765035150059,5.422760765015196,3.6754709005355837,0.8453125,0.42426678322497535,0.23935008522021234,104.97692647629833,23.10805678666076,0.6086621657506152,0.41871607598768606,224.00071765023804,52.121214687893925,9.43215302570075,5.321148672896297,13.514020396489167,7.440042574100892,0.06390671977892859,0.04396325653341395,5.422949945760751,3.093416963749058,-0.2744892876142752,-0.7840260358790105,-0.6086621657506152,-0.7840260358790105,-0.7369108755660059
stage2_soh,135,-1.0073819479602752,0.9537865672955606,0.2195653405140164,0.13261097164286323,263.14924147778635,10.003618122714208,0.2735218264497925,0.1721938612513247,95.10769645384887,15.605000713696612,5.012527033861946,0.9235294117647059,0.48907847602301574,0.2797839890736356,85.22846126563678,30.426882500068473,0.8087841469925713,0.6061065958977184,197.24880105121272,57.74842172027509,10.873024261669427,6.220061299694436,14.29668361951012,8.871867041770637,0.08491860469058868,0.06363839673265687,8.243996115774113,5.816775657072186,3.7710099458694457,0.8453125,0.4242586750716535,0.23562167894488084,103.77717027163003,21.635430204162834,0.624556867983553,0.4320224234394118,234.82715204138975,53.98727626925134,9.431972768028192,5.238260028483468,13.095066893089982,7.448518978930226,0.06557559019461671,0.045360361636586924,5.611039005131448,3.3079252262056444,-0.2735218264497925,-0.8087841469925713,-0.624556867983553,-0.8087841469925713,-0.7369108755660059
stage2_soh,136,-1.0037319467264365,0.9532290719169039,0.22096349290834136,0.1326327760691387,260.1288300280103,9.91100278040123,0.2741965648060036,0.17245905039147352,94.89912776573804,15.630362926660442,4.896525265188778,0.9235294117647059,0.4890226618334883,0.27828330106795857,85.42097236461407,29.134386224271836,0.7790411232359885,0.5810668887022663,197.34247588661748,57.22019622505788,10.871783419827821,6.186698520723654,14.083769302120045,8.49103891273852,0.08179572439418341,0.06100934297980405,7.942643450505542,4.846017439728263,3.767455267906189,0.8453125,0.42550982320671715,0.23915383243402175,102.87555450300934,21.96759076421103,0.6199557095718613,0.4350486803865351,216.79111688366697,57.03086794798129,9.459787862526134,5.316785648534598,13.575935128758312,7.67563905946186,0.06509248978552225,0.045678104656576256,5.652295440362273,3.493368688389044,-0.2741965648060036,-0.7790411232359885,-0.6199557095718613,-0.7790411232359885,-0.7369108755660059
stage2_soh,137,-1.0185492295362046,0.9532584137789384,0.21913913885889508,0.13222520492259573,262.0301928393126,9.920355529620053,0.27292662404452633,0.17114534796987466,94.12651810217194,15.385532216918152,4.8025292471343395,0.9235294117647059,0.4909044718928577,0.2774806710717944,85.34598366763412,29.849407796431915,0.7559404728289519,0.5721881509411568,196.5154256045285,57.109972597340715,10.913619173054496,6.16885472703966,14.02326508691901,8.55807180832868,0.07937026265967113,0.06007711647055475,7.799379687428274,5.22494698013017,3.6443015336990356,0.8453125,0.4238754437659662,0.23954934361026972,102.65275186786907,22.637659966178912,0.6240882804273078,0.4295761692243104,218.47627217625353,53.67803789528705,9.423452901608282,5.325578516808163,13.34210149203697,7.298062731300195,0.06552639066270245,0.045103516228034685,5.5852023432784,3.292832413951909,-0.27292662404452633,-0.7559404728289519,-0.6240882804273078,-0.7559404728289519,-0.7369108755660059
stage2_soh,138,-1.0097565528830956,0.9533170975030075,0.22004036456461062,0.13233440754606296,258.12340657291463,9.993761735025878,0.27362226132834067,0.1719820954176035,97.33933497698018,15.557905777933676,5.063045810250675,0.9235294117647059,0.48468880563455524,0.2720554199434963,83.41980331739828,27.905763866220944,0.7954614334203015,0.5955141989514232,222.01751778110113,54.23152705535303,10.775434621204004,6.048242412174962,13.680794668540049,8.273545059813353,0.08351978122025189,0.0625262439136965,8.178900991076167,5.526753775460628,3.7269847869873045,0.8453125,0.4236995391812662,0.23670022060650808,106.11746729522697,22.05290151915558,0.6127641930714618,0.4292465881242606,235.29867789056826,55.05215741227221,9.419542251455091,5.262237795302104,13.344725704024711,7.346491098771733,0.0643374137258664,0.04506891173281467,5.5851138164887315,3.384171984592462,-0.27362226132834067,-0.7954614334203015,-0.6127641930714618,-0.7954614334203015,-0.7369108755660059
stage2_soh,139,-1.016464654768875,0.954123998708958,0.22001166925120136,0.13262876711773716,259.44536189704513,10.015110747081769,0.2719740936040021,0.17123380715614922,95.47595717752453,15.590330106887343,4.727163165223365,0.9235294117647059,0.49041925447211454,0.2792431222165332,87.28053511047594,30.390323951653805,0.7686300766552742,0.5804615118367342,211.31229452656802,56.41115846194916,10.90283198644423,6.208036933978267,14.147343381926362,8.613614810728912,0.08070261252707962,0.060945781201393684,7.903222510917536,4.9533775029627165,3.585538864135742,0.8453125,0.42560642488114625,0.2399007930467633,105.28365207260931,23.149115591540212,0.6021351545798058,0.4158422478336433,224.69994061009697,52.930654100123334,9.461935477686643,5.333391819656445,13.539411099520578,7.366257401556888,0.06322141371366256,0.043661517833577544,5.385853110880506,3.139167196833966,-0.2719740936040021,-0.7686300766552742,-0.6021351545798058,-0.7686300766552742,-0.7369108755660059
stage2_soh,140,-1.019624948578539,0.9535371614682667,0.21971923945355834,0.1323354659802597,261.72011948978206,9.91835224644693,0.27248054118258386,0.17115202887826209,95.0560575918119,15.489760667927065,4.890411451751111,0.9235294117647059,0.48566459913537163,0.27571921764197305,87.08670741787041,31.453475755009478,0.7952273468769985,0.5932632838978487,182.2106846826184,58.08342485581658,10.797128126293474,6.129694700955529,13.863087288109718,8.355451984449846,0.08349520321299488,0.062289908216047934,8.057704620643195,5.10864755173221,3.701178765296936,0.8453125,0.4251159892862937,0.24000165050310898,107.39474455101754,22.379386549842582,0.6178057868959246,0.42441419621245585,220.86557485945377,53.84170123595909,9.451032282426487,5.3356340478950175,13.54033097365408,7.612107427535007,0.06486675782167,0.044561532872837706,5.50585939669178,3.1146286139478256,-0.27248054118258386,-0.7952273468769985,-0.6178057868959246,-0.7952273468769985,-0.7369108755660059
stage2_soh,141,-1.024443046870581,0.9531117044687656,0.22061012994413476,0.13260723833607474,261.48307779473595,9.97376010544859,0.27161517666118745,0.17075289394168697,96.48052176582661,15.454809981118018,5.077790978375603,0.9235294117647059,0.4890779882056896,0.28119218070060015,89.22883832723045,29.043886453738317,0.7698242996364759,0.5795951727248144,213.46118998141543,55.83941432466707,10.873013416682614,6.251367731025395,14.15386504548411,8.472190927935355,0.08082800043141748,0.06085481959087415,7.933519867946966,5.178869928484446,3.8440986394882204,0.8453125,0.42145482147193963,0.23766055956475612,105.48303924283826,23.045800373387266,0.6159984583248957,0.4277928283114306,229.43300974836475,54.116029749962905,9.369638460324119,5.283587720323065,13.355903803681812,7.648621074487231,0.06467699665852172,0.044916273658342255,5.5526212443311325,3.157567495098692,-0.27161517666118745,-0.7698242996364759,-0.6159984583248957,-0.7698242996364759,-0.7369108755660059
stage2_soh,142,-1.0040330237400112,0.9539186056747161,0.21929104310666378,0.132293796397183,260.785306102363,9.949512015305109,0.27251832316471825,0.1712386446809738,95.27585992542123,15.372815582603284,5.059634717305501,0.9235294117647059,0.4909935920206456,0.28000743190082267,86.02509039019915,28.90928863528047,0.7949359690624439,0.5940487908418565,198.50597614776873,57.21968867139832,10.915600461046395,6.225028803684505,14.274687341229173,8.555746544106913,0.08346460988652851,0.06237238282179774,8.179101892260798,4.954274177345937,3.700209903717041,0.8453125,0.42366930273724895,0.23853283703028866,106.86699725656459,22.396276205803666,0.6149786706010385,0.42474798151451976,219.09764572333808,54.293532786939736,9.418870045243812,5.302979892562509,13.549158578654684,7.293226072829075,0.06456992365157349,0.04459657878987613,5.538020737745265,3.2710139476003617,-0.27251832316471825,-0.7949359690624439,-0.6149786706010385,-0.7949359690624439,-0.7369108755660059
stage2_soh,143,-1.0171582720893282,0.9532584137789384,0.21943732612121225,0.1319943830080051,259.04553393984514,9.941349798776974,0.2717479316338085,0.170310700085684,95.28140235090358,15.280608732872068,4.922974708033543,0.9235294117647059,0.4910891231717949,0.2773148628499578,86.65676488127089,29.728156602565257,0.7993226332003944,0.6034808666034437,199.3564432537169,59.589820332463134,10.917724276701987,6.165168535748902,13.927720990388158,8.377720601633447,0.08392518938629512,0.06336270726867055,8.30385962670107,5.1622946212663265,3.910298466682434,0.8453125,0.423547625255095,0.23916103229421423,107.52748208912631,22.62472080096247,0.6277657646242171,0.4398174531870609,221.1704813758312,60.61470668670813,9.416164953360978,5.31694571334708,13.384734717610945,7.659772210102902,0.06591250953995104,0.04617880380332993,5.7565167872566985,3.4432340229675926,-0.2717479316338085,-0.7993226332003944,-0.6277657646242171,-0.7993226332003944,-0.7369108755660059
stage2_soh,144,-1.0193700204205196,0.9532144009858866,0.21937119796630902,0.1325122839191133,259.16160144920974,10.003706658093616,0.2702960914478743,0.17014018978363168,95.30851304819997,15.251550531442666,5.057287756601969,0.9235294117647059,0.4906045136127603,0.2780049309755365,87.15172248243994,28.96812001969495,0.773257176507412,0.5756326454983769,190.30567455653002,57.92715888438799,10.906950603863908,6.180509892687433,14.004023764109775,8.418036393512342,0.08118843666775877,0.060438772510365994,7.887528871794615,5.13258188244809,3.762848424911499,0.8453125,0.42475145181002055,0.23661467209531112,102.75959329145334,22.53136852074547,0.6034194119949712,0.4168008002496208,210.10551881139426,51.24132493372478,9.442928010784774,5.260335910260346,13.255626806546962,7.316040608145482,0.06335625481825753,0.043762161415663414,5.416124992762077,3.299610156371949,-0.2702960914478743,-0.773257176507412,-0.6034194119949712,-0.773257176507412,-0.7369108755660059
stage2_soh,145,-1.0198667837379929,0.9534491358821631,0.21955280736202928,0.13255487797028262,261.6647036313398,10.017080583680194,0.2687990954947048,0.1691690342366249,93.91710208981598,15.252342581245925,5.108152922462015,0.9235294117647059,0.49108646657493815,0.27961046033374526,87.42841968771442,28.66987991422369,0.809751300090811,0.6043042242600053,193.50323996636715,58.75569474547146,10.917665216155486,6.216203468504916,14.118324852112046,8.005063333382974,0.08502015130463901,0.06344915602464149,8.32305431276352,5.153104811444649,3.892445755004883,0.8453125,0.4258831333572891,0.23900424475214094,104.82538168864251,23.048677186469135,0.6324308004711691,0.4370235631111427,232.9406298229454,55.57547398599494,9.468087165241933,5.313460066702492,13.42005764395925,7.480977554018537,0.06640231678509524,0.045885458232959794,5.706160053149695,3.3136402805352416,-0.2687990954947048,-0.809751300090811,-0.6324308004711691,-0.809751300090811,-0.7369108755660059
stage2_soh,146,-1.0326118065729475,0.953859921950647,0.22001569081264127,0.13237970745965036,261.84078604281825,9.985456036581763,0.27054895191790845,0.16996635338232638,94.7922613905206,15.226310209293464,4.978358098572376,0.9235294117647059,0.4922015509008129,0.27633558011011167,83.66551352958986,29.480771594815458,0.8160808554933546,0.6073355881186823,199.36943129333883,59.06817888977734,10.942455386901976,6.143397459098863,13.975055923777843,8.090874134004261,0.08568472542505723,0.06376743524678691,8.377093118317326,5.083689104539192,3.946504592895508,0.8453125,0.4257949580006715,0.2388802175730234,104.48414895463966,21.64878938929101,0.6346251596160504,0.44286663749808214,237.2484733137278,57.65388005736102,9.466126881077354,5.310702737165895,13.412107516086461,7.401522354549574,0.06663271437321101,0.046498954090769644,5.76826922366899,3.326835835730549,-0.27054895191790845,-0.8160808554933546,-0.6346251596160504,-0.8160808554933546,-0.7369108755660059
stage2_soh,147,-1.0280512001504571,0.9539772893987852,0.21817718044200798,0.1319961415309571,258.7334782453763,10.014038404088637,0.27090325978116664,0.17006584222140805,94.02304721955574,15.356096733024874,4.882302433836694,0.9235294117647059,0.4942138462890552,0.2829713656877478,90.27732356377639,29.80365889983807,0.7763748824936054,0.5869029923711958,217.73242357831413,57.08544733763773,10.9871920450267,6.290921958986031,14.311710634245149,8.42164578521037,0.08151578141501611,0.06162210694437724,7.994196353475753,5.286874683524861,3.7526514768600463,0.8453125,0.421535423014455,0.23676848529103153,105.66450693831152,22.348230987440473,0.6126944758978722,0.4261000224072632,242.63207213405084,52.24494180829582,9.371430366061668,5.2637554322610525,13.31696152526121,7.467079219877888,0.0643300937442295,0.0447385368469465,5.525504895424514,3.1999150549431117,-0.27090325978116664,-0.7763748824936054,-0.6126944758978722,-0.7763748824936054,-0.7369108755660059
stage2_soh,148,-1.0427595775440326,0.9534344649511458,0.21964569088005015,0.1321652447160581,255.51352975487868,10.003576351685908,0.26948918688875567,0.16928765798251735,94.0144440432026,15.275661291913476,4.8869153078864604,0.9235294117647059,0.49038613014779686,0.2774612439285014,84.32409002108851,28.93446848493152,0.7789346212572058,0.5912285929271842,226.45289179436034,54.53855038754996,10.902095577872569,6.16842282947983,14.085691331811615,8.76936625752614,0.08178454217768144,0.062076275049710715,8.027555956918196,5.661274906782987,3.6860058069229127,0.8453125,0.42383160960977906,0.23930320343170025,109.55091606281171,22.65272395764795,0.615648924098014,0.42491414496726065,234.84357413427924,50.89924157020411,9.4224783957425,5.320106413118137,13.442825103937793,7.670904425193914,0.06464029717702374,0.0446140251859384,5.500338145484207,3.1306612027666727,-0.26948918688875567,-0.7789346212572058,-0.615648924098014,-0.7789346212572058,-0.7369108755660059
stage2_soh,149,-1.0411167330754614,0.9536691998474223,0.21938736924804736,0.13212541200499237,261.62416024490983,10.000506142130753,0.2679121360028809,0.16854048842957361,92.70255776462936,15.204153465595946,5.032149552363975,0.9235294117647059,0.4884330354454621,0.2808043326908613,88.04218154713995,29.3524575721097,0.7525921465485828,0.564226116291156,198.83154484400788,55.90600920108464,10.85867504901081,6.242745227630803,14.26902477031001,8.698331549926346,0.0790187038453261,0.05924113955942174,7.733284951064537,4.876880433856487,3.8316739082336424,0.8453125,0.4215629091532231,0.23678606502908223,103.97026962431391,22.26241454265824,0.6100486118262853,0.42563771920122234,211.7693307850126,54.124988872375724,9.372041428433734,5.264146258943702,13.314197673292929,7.470388997471586,0.06405229022150273,0.044689997142815366,5.524789942323842,3.251816271794037,-0.2679121360028809,-0.7525921465485828,-0.6100486118262853,-0.7525921465485828,-0.7369108755660059
stage2_soh,150,-1.0418330169802088,0.9537718963645433,0.21932993554616068,0.1322746647422302,259.6333166047312,10.001825366247214,0.2693535098718532,0.16910976805670616,93.86625812235906,15.214749299411103,5.2033619899375765,0.9235294117647059,0.49347028141705107,0.28440551554747656,90.36585065272546,30.252279055603147,0.8058420321443788,0.5995159401540079,198.54162602416963,56.434685911270336,10.970661366843585,6.3228054848089235,14.443749430915341,8.87384335366922,0.08460969620285803,0.06294640828081464,8.24067620126322,5.146015360815467,3.931905245780945,0.8453125,0.42213821527097106,0.23604771281134163,104.43087282192714,22.010686452330194,0.6257564827304183,0.4342934355230682,232.78602671496847,55.57013444098736,9.384831435933197,5.24773146669516,13.258430629455054,7.267019961577417,0.06570154420947823,0.0455988074296909,5.688427536728112,3.461956531550359,-0.2693535098718532,-0.8058420321443788,-0.6257564827304183,-0.8058420321443788,-0.7369108755660059
stage2_soh,151,-1.048779375550123,0.9538745928816643,0.21916986844388847,0.13218756410698018,255.20038706826946,9.906897709307966,0.2685050500054132,0.16844043747808746,94.61733741139426,14.90913416860539,5.254364771001479,0.9235294117647059,0.48996099711397817,0.28110112360696876,87.50909804413925,30.819479528097318,0.7927472710142976,0.6003899370785802,210.13846738931727,59.22095438301328,10.892644166661968,6.249343381075869,14.186612876300126,8.587827891826752,0.08323480668745653,0.06303817392633891,8.172718422941944,5.657662758187967,3.792479062080383,0.8453125,0.4232572203967294,0.23912507287896007,106.0288106527748,22.883863124973566,0.6170419953658809,0.42754492128733546,231.57169450963767,54.963485441987444,9.409708772552548,5.316146276010001,13.424118019941034,7.69124681980683,0.064786563234218,0.04489024456435291,5.544280333822238,3.356907494999761,-0.2685050500054132,-0.7927472710142976,-0.6170419953658809,-0.7927472710142976,-0.7369108755660059
stage2_soh,152,-1.0431066697368787,0.9542707080191309,0.2188262566492263,0.1322260705026122,257.79453672679426,9.956892540565805,0.2695650009619079,0.168814880065666,93.80931572994245,15.24611389937032,5.128082755967682,0.9235294117647059,0.4877350941316088,0.2775820453121674,85.85814433819728,29.592463918886757,0.7722542302291857,0.5837153927678718,206.57917131659903,55.67420911183292,10.84315865806174,6.171108444242769,14.099488545457973,8.464701328660546,0.0810831319349159,0.06128742368972507,7.946193196821669,5.4506777234264625,3.7880552768707276,0.8453125,0.4237121740788174,0.23794250149985602,102.68702927789131,22.054735863646695,0.6243636076067539,0.4289730336768116,225.4724320720653,54.74934412837969,9.419823146146543,5.289855756335713,13.394180012045307,7.42739921460523,0.06555529874652048,0.04504018977767912,5.555045638190935,3.2084413187226746,-0.2695650009619079,-0.7722542302291857,-0.6243636076067539,-0.7722542302291857,-0.7369108755660059
stage2_soh,153,-1.0516321628796992,0.9536985417094569,0.22054168552728626,0.13263679515682006,256.9875507129357,10.079737333348849,0.2671270763117346,0.1678931598427351,93.306489698987,15.114604224734888,5.085200582766065,0.9235294117647059,0.4941101724323368,0.2842444244297404,88.87324598933391,31.11724318189497,0.7940757799113365,0.5957165779965912,193.29947109043113,57.96562898172017,10.984887203544888,6.319224162552161,14.633521027501072,8.53516655554672,0.08337429399352586,0.06254749277990905,8.159728664700593,5.177381409770904,3.797509026527405,0.8453125,0.42225842162986876,0.23773210279359774,104.80682330772137,22.43859060782234,0.6234727741719102,0.4333801284446963,237.10251774899638,55.210986138327726,9.387503822310391,5.285178244750307,13.327780020950438,7.622082834199521,0.06546176534508087,0.04550291439934681,5.635400991110401,3.2099943094568144,-0.2671270763117346,-0.7940757799113365,-0.6234727741719102,-0.7940757799113365,-0.7369108755660059
stage2_soh,154,-1.0498704697260928,0.9535518323992841,0.21980468582305443,0.13254277729305106,260.5976976900826,10.048271313560898,0.2685023330044594,0.16866214548055544,94.10855172620698,15.021890183876511,5.305203194711723,0.9235294117647059,0.49232529752674326,0.2852285927453754,90.31275212019116,30.757497627486153,0.8005327288619858,0.606560242400669,218.1736990397573,58.459684693358746,10.945206479276724,6.341103853640758,14.42929220171599,8.85269144507527,0.0840522438488567,0.063686027522895,8.31444565645955,6.020547191668558,3.8833415031433107,0.8453125,0.4236134031299053,0.2388171155955206,103.92587826771955,22.814498344205898,0.6265220962345089,0.43926115603117066,224.73584190893175,54.660051819815834,9.41762730442273,5.309299875731619,13.540588252463872,7.575504799616299,0.0657819300958008,0.04612039516803805,5.723539374302302,3.449611398508373,-0.2685023330044594,-0.8005327288619858,-0.6265220962345089,-0.8005327288619858,-0.7369108755660059
stage2_soh,155,-1.0605222594587251,0.9540799859159063,0.2202085645243972,0.13246008768013098,262.98394477154494,10.061125282306005,0.26733981117578004,0.16748496891228756,92.92775508290487,15.053717989831274,5.150279348036822,0.9235294117647059,0.4917377991668407,0.28242667641892444,91.57031706055733,31.036066993602887,0.7717433680757937,0.5848230711184442,201.5246643143512,56.8691985955583,10.932145418048156,6.2788126147287535,14.613092153776954,8.715403267691144,0.08102949376530465,0.06140372480705823,7.974821999690888,5.466911751711206,3.9601011753082274,0.8453125,0.4242116653671744,0.2388307850327692,103.95751145625154,22.937843588605023,0.6140576068588415,0.42550459543417674,229.50603170690025,52.17571546113828,9.430927664466303,5.309603769953372,13.328447299131042,7.4634037638996205,0.06447321620730755,0.04467601976134628,5.516333271485825,3.162120581963153,-0.26733981117578004,-0.7717433680757937,-0.6140576068588415,-0.7717433680757937,-0.7369108755660059
stage2_soh,156,-1.0647228360018683,0.9542120242950618,0.2202874834939252,0.1328736436590464,259.9795464475588,10.01610852451633,0.26681054906983004,0.16743788045660862,93.55793957108776,14.960285830987395,4.976563928641525,0.9235294117647059,0.49285398434636774,0.2837475161762068,87.55770799867183,30.581581384598966,0.7844696274139566,0.59589507435905,219.19974639176428,54.267641213715535,10.956960062593957,6.30817706937311,14.479358296793562,8.600046636003434,0.08236569229237257,0.06256623407460271,8.112185121456296,6.178234434030899,3.6036469459533693,0.8453125,0.42502279727014736,0.23969745726317343,103.46064669026524,22.03460245550749,0.6063330923715969,0.4206949964453088,232.2073843580841,52.67647246400688,9.448960469614784,5.328871328535641,13.569074591845553,7.420827389009556,0.06366217781763561,0.044171034053138915,5.455547582344595,3.2107444493187014,-0.26681054906983004,-0.7844696274139566,-0.6063330923715969,-0.7844696274139566,-0.7369108755660059
stage2_soh,157,-1.0566673605575174,0.9534344649511458,0.21885158566780996,0.13207544931626353,258.36026478440897,9.963810753399027,0.26718852787264924,0.16779400884710344,93.75199845420852,15.035143626422169,5.045486764346852,0.9235294117647059,0.49074687097899233,0.2796782225936505,86.96845580574023,29.97852122264369,0.781307901402931,0.58748810885328,217.65114875441952,57.09837297229417,10.910115443808316,6.217709935732765,14.037799645818566,8.67221404709587,0.08203372564556255,0.061683541475982255,8.023076737515527,5.556867639821174,3.777189517021179,0.8453125,0.42382749802218705,0.2391502262711583,103.93481673940578,22.746960299203202,0.6151160432517098,0.4247504779083101,241.6728142265227,53.099210085754294,9.422386988343005,5.316705477563624,13.398319548827178,7.593593124876042,0.06458434714622412,0.04459684089970879,5.510985714147309,3.19558103932602,-0.26718852787264924,-0.781307901402931,-0.6151160432517098,-0.781307901402931,-0.7369108755660059
stage2_soh,158,-1.0592298047831703,0.9538012382265778,0.21934060994325302,0.13202924157493445,256.83431427321756,9.942596886137,0.26664549320291603,0.16714491893886702,92.64911402767135,15.081374065556648,4.893734724381391,0.9235294117647059,0.4918498845122038,0.278370212482325,89.40146970660226,28.53534598330299,0.7734126852146643,0.573416682986506,204.05066839787298,53.306443158262965,10.93463726084897,6.188630705359352,14.136086618087251,8.164759305057217,0.08120476436469273,0.060206106668367926,7.84153441698203,4.897338203273533,3.826055574417114,0.8453125,0.4254986697929716,0.2382204417270259,104.70421898902437,22.512165045230105,0.6099328590219333,0.4227449618265382,241.55342715859896,50.233388506769344,9.459539903672491,5.296034827755674,13.586462154105892,7.515624363816945,0.06404013671098803,0.04438627096212795,5.507973431333708,3.3357553576918635,-0.26664549320291603,-0.7734126852146643,-0.6099328590219333,-0.7734126852146643,-0.7369108755660059
stage2_soh,159,-1.064139476110949,0.9538012382265778,0.22000789396800793,0.13243311588013096,260.2391371728226,9.92783881711835,0.26597758560109586,0.1664319550264204,91.81630279243095,14.907452015005362,5.3724995631797645,0.9235294117647059,0.49225968559451927,0.28421806171262526,92.31598719782926,31.51864593971121,0.7940831438793151,0.5923573034231131,196.65030717468343,57.430239031960035,10.943747817393405,6.318638075703426,14.392993828893774,8.819437356953772,0.08337506717619525,0.06219478444528964,8.105529832370548,5.245313532835784,4.092908763885498,0.8453125,0.42599381160744926,0.23890398362491397,105.40519957375173,22.640248553244454,0.629754138230633,0.4328444524095175,231.92290382029842,55.302987867077704,9.470547725986735,5.311231095847535,13.52413533522182,7.374159926480729,0.06612127959669398,0.04544667088660894,5.620972596117061,3.138223265739967,-0.26597758560109586,-0.7940831438793151,-0.629754138230633,-0.7940831438793151,-0.7369108755660059
stage2_soh,160,-1.0689330086182416,0.9532290719169039,0.21993669953156705,0.13233812101534723,259.1248660329145,9.917216155245786,0.26586044646121865,0.16668211027989838,92.226868031666,14.872799537655178,5.236690165949803,0.9235294117647059,0.48826507572784794,0.27678697539548225,82.56007196046718,31.254557188368445,0.7912878465805712,0.593701485228524,190.34083656621303,58.22610931557335,10.854941026406804,6.153432723642394,14.151085329640294,8.656787706590835,0.08308157385391962,0.06233591733444234,8.11784878137371,5.068013783762138,3.9516255855560303,0.8453125,0.4237830297638564,0.2379196169997158,104.51159107829639,22.036994275856927,0.6145913420189661,0.42232245239501937,233.68709194202697,52.181544187382485,9.421398385336724,5.2893469960090185,13.278988008337032,7.632301848848747,0.06452925593711757,0.044341909420761674,5.497021490730646,3.1538745419808842,-0.26586044646121865,-0.7912878465805712,-0.6145913420189661,-0.7912878465805712,-0.7369108755660059
stage2_soh,161,-1.0696033508696958,0.9540213021918371,0.22008979535953643,0.13264269368120044,261.3345690734867,9.991922066988447,0.2662501563765001,0.16612124821256602,92.55045463860384,14.713753546169983,5.4493920045740465,0.9235294117647059,0.48958437921854236,0.2807778834018345,87.64277356997154,29.7146078270463,0.803691306850694,0.5983333895959909,204.67399327867668,57.74739504123156,10.8842713273014,6.24215721614514,14.289684655441869,8.506916031675008,0.08438387996784454,0.06282224592706888,8.164724282441307,4.862548804305268,4.1594525337219235,0.8453125,0.42402871969893113,0.2385014394818427,104.51781554394759,22.212273957672515,0.6159994302446449,0.42978326352131263,224.19009225621062,55.11110645858713,9.426860479368418,5.302281873077403,13.296330077396007,7.442556220329974,0.06467709870561213,0.045125260173939405,5.56983942272281,3.373989379457084,-0.2662501563765001,-0.803691306850694,-0.6159994302446449,-0.803691306850694,-0.7369108755660059
stage2_soh,162,-1.0747646509644389,0.9537132126404742,0.21970638255780406,0.13207785134217914,260.0524348514525,9.94605485279596,0.2646348399882829,0.16557386404461705,92.69545371717868,14.78121534149578,5.3549516322566015,0.9235294117647059,0.4866845482669401,0.278843869935429,86.32769127429435,29.79925118028087,0.7925835104417046,0.5919032604063806,189.4575357049432,59.60686585877309,10.819803284160553,6.199160894749812,13.974173389072103,8.396210220938139,0.08321761258272581,0.06214711202293344,8.13861543147547,4.909773871241489,4.0542984247207645,0.8453125,0.4235897537462582,0.23831098415903398,102.46078162656713,22.744249901660748,0.6188995178816545,0.4320189177193242,237.86082391590426,53.52646126267561,9.417101539469304,5.298047735925218,13.43748547105045,7.639313313171627,0.06498159453003084,0.04535999355214885,5.614140737643962,3.2797456516510763,-0.2646348399882829,-0.7925835104417046,-0.6188995178816545,-0.7925835104417046,-0.7369108755660059
stage2_soh,163,-1.0775018284754632,0.954123998708958,0.21950177581518046,0.13238100832906735,257.5187034059935,10.072045666278774,0.2665881220121224,0.1669164548280928,93.26365109911914,14.859900227667925,4.961364963007909,0.9235294117647059,0.489210337447059,0.2796623454100507,88.11827394165674,29.672832394133472,0.778705048667658,0.5766658395346181,209.33109205359804,54.6570555242549,10.875955759441437,6.217356959654383,14.09008451296527,8.821217040782074,0.08176043811474686,0.060547253118274164,7.919456004876506,4.934740294480951,3.8556126594543456,0.8453125,0.426455507442444,0.24037230716421618,103.92687906615807,23.13190663994864,0.6209170559721375,0.4273061585561663,230.32282902677488,53.66242672688699,9.48081198880245,5.343874359146781,13.491489249716864,7.2709142908509845,0.06519342672307146,0.044865175578940195,5.560497852891574,3.242816398420952,-0.2665881220121224,-0.778705048667658,-0.6209170559721375,-0.778705048667658,-0.7369108755660059
stage2_soh,164,-1.0794213940736914,0.9530383498136792,0.22018252373820954,0.1325374845040595,257.4944015721103,10.031521826973549,0.2661713876145844,0.16610061189497563,92.37640612136622,14.746066765373197,5.254946948032753,0.9235294117647059,0.494375889410348,0.2816256818872895,87.55196737867733,28.862237687015877,0.7992675489128557,0.6029767274089596,205.5844458522382,58.39195973331519,10.990794531898707,6.26100518012899,14.31257610239739,8.434317714405605,0.08391940579019526,0.0633097749787331,8.205320069815357,5.53908653911372,3.8344642400741575,0.8453125,0.4245505368250476,0.238999621352923,107.32063344211149,22.700563425663454,0.6118007801329075,0.4253208724563592,216.77196865702726,54.35054655515219,9.438461338025206,5.313357280883174,13.445169940035402,7.542535752705986,0.06423625981133049,0.04465672969614918,5.492255647256421,3.278774006084344,-0.2661713876145844,-0.7992675489128557,-0.6118007801329075,-0.7992675489128557,-0.7369108755660059
stage2_soh,165,-1.0850879136624987,0.9541386696399754,0.2196144285472173,0.13219766195133642,259.5423212459105,9.954148310704161,0.2652787840994338,0.16544967323353715,90.76768589428498,14.721133585197705,5.217527727987252,0.9235294117647059,0.4864558825340925,0.27814092937875173,87.88542893427957,30.601515477437374,0.7902358508146534,0.5910117885444824,182.11941700856624,59.41340134351242,10.81471966633038,6.183533362355801,14.170012915661697,8.371941937195288,0.08297111915112367,0.062053511589598036,8.106008301850931,5.253146590864674,3.9527254819869997,0.8453125,0.42649104243167846,0.24052108242212852,109.65750269437612,23.004853722175504,0.6340231768821373,0.43658128043753097,236.30721127865462,53.61870328757523,9.481601990446412,5.347181879448986,13.637988427286604,7.493540551174743,0.06656950896296428,0.045839020592383393,5.692721157799016,3.203176464716753,-0.2652787840994338,-0.7902358508146534,-0.6340231768821373,-0.7902358508146534,-0.7369108755660059
stage2_soh,166,-1.0949563876916775,0.9535078196062322,0.21883384021076757,0.13186231984023902,258.5338827627521,9.863296390385681,0.26351439477477684,0.1646359556088133,91.76596067094872,14.639128695908216,5.301953981436935,0.9235294117647059,0.48991764277057015,0.2774644936288835,86.28066167551842,27.785032565194896,0.7856469289171543,0.5866672029627451,213.98040082522093,56.159908019379344,10.891680327828663,6.16849507569967,14.073087800146839,8.082979275867956,0.08248930351957506,0.061597350144134665,8.02704924665687,5.172786749418664,3.9570058584213257,0.8453125,0.42337201296731697,0.237156324989337,105.10982227865142,22.372979967761438,0.6076880622059361,0.4248691756816697,234.98890985712188,52.250719956124094,9.4122608014523,5.272377750878721,13.371291147227623,7.343432345357812,0.06380444340006299,0.0446093036183848,5.4988214261107835,3.328396058291859,-0.26351439477477684,-0.7856469289171543,-0.6076880622059361,-0.7856469289171543,-0.7369108755660059
stage2_soh,167,-1.0856891427709303,0.9537718963645433,0.22023768221702836,0.13250002461181118,260.26328062117267,10.003903734765078,0.26612840462463844,0.16611127066978662,93.24910546796856,14.745167288672025,5.228875352822098,0.9235294117647059,0.4864098077371853,0.27958992937324095,88.17317177616745,31.290879655522403,0.807067239703658,0.6107896590577986,205.18339411553154,57.84500126142292,10.813695347311688,6.215747031260949,14.034591587999218,8.590921079682929,0.084738337344969,0.0641300967625235,8.353968253960923,5.565012299297408,3.9777046918869017,0.8453125,0.4259155941380971,0.23988482073436898,105.52206605800639,22.717983872931818,0.6255636852111544,0.4356474838175927,232.86052679631467,59.1821565148734,9.46880882214278,5.333036728707461,13.412075261537591,7.681152579380152,0.06568130135928812,0.04574097625468859,5.687076467823375,3.3410622027503987,-0.26612840462463844,-0.807067239703658,-0.6255636852111544,-0.807067239703658,-0.7369108755660059
stage2_soh,168,-1.0912463850935301,0.9533611102960594,0.21954316547896488,0.1323662478823908,259.1599051372728,10.003150259768617,0.2634249873787286,0.165238156487495,92.18792111736322,14.76260279235181,5.275951976402133,0.9235294117647059,0.49000473274942047,0.27827075448654154,84.41221036885838,27.570441994776836,0.7951010262722247,0.5924995905993616,198.66808063544644,60.40657071837845,10.89361648224848,6.186419589446085,14.076049881765485,8.241047505405582,0.08348194013218284,0.06220972394245624,8.155841720469583,4.935008760484653,4.138463139533997,0.8453125,0.42220519157016057,0.23745930250261155,105.92937670941683,22.14530125953003,0.6212435745739002,0.43160101257162753,235.08906953022878,57.873866576262515,9.386320429953065,5.279113442621613,13.398739645457272,7.533373646775539,0.06522770967009796,0.04531611543934535,5.626392615086547,3.2980485458898974,-0.2634249873787286,-0.7951010262722247,-0.6212435745739002,-0.7951010262722247,-0.7369108755660059
stage2_soh,169,-1.090013458367745,0.9540946568469235,0.2204712724113325,0.13263774720769592,258.67471817921745,9.992409181564632,0.26408651186852383,0.16496271604767115,92.26987829668974,14.617764677813565,5.079127049913593,0.9235294117647059,0.4883883368450394,0.275920850091486,87.5700444695295,28.343626866594587,0.7679425775109349,0.5841201135377382,198.2197446996951,57.53015569718913,10.857681325118458,6.134177324139689,13.890550231488305,8.242847227046445,0.08063042828820655,0.06132991750367303,7.9834272669474275,5.795722327330201,3.8526396989822387,0.8453125,0.42337421912481493,0.23861283870537592,102.70444193818257,22.135653116030184,0.6052508488787979,0.421305513005791,232.9425759499415,55.201427519659475,9.41230984798609,5.3047584622539645,13.319976319484903,7.684879171088516,0.06354854724304325,0.04423513547581074,5.475637501168312,3.2554769973214572,-0.26408651186852383,-0.7679425775109349,-0.6052508488787979,-0.7679425775109349,-0.7369108755660059
stage2_soh,170,-1.0945375061787888,0.9532437428479211,0.21997460163497728,0.13217883376874362,257.18251076343876,9.985731672104224,0.2640744409777484,0.16506112645253976,91.4276875814558,14.658243488204203,5.44458875282138,0.9235294117647059,0.49005693933511807,0.2818571763377929,85.85119775349067,30.06438961969875,0.7893795300814661,0.5945916222317108,202.55208189298094,57.28121951700078,10.89477712108404,6.266151685036,14.329567190077853,8.746325456142122,0.08288120942415846,0.06242937761377047,8.135701269472841,5.430950916899613,4.066158437728882,0.8453125,0.42478258935167457,0.2384533053766063,104.59604186022614,23.194803992430792,0.6124579386128897,0.4257371221712674,244.15603048046415,54.559074752340166,9.443620249888417,5.301211772225072,13.430840917340129,7.387884840044313,0.06430525842040088,0.044700433996146025,5.526140381260544,3.1991741059101706,-0.2640744409777484,-0.7893795300814661,-0.6124579386128897,-0.7893795300814661,-0.7369108755660059
stage2_soh,171,-1.0969940086110777,0.9538159091575952,0.21917676176496606,0.1324422036417092,263.3129572912133,9.994414126335958,0.2625307099130483,0.16392620025540977,91.24916179936153,14.569823150292933,5.118901510799632,0.9235294117647059,0.4928750098590651,0.2811886596237766,83.25424614927338,29.940190751616036,0.7848145329281959,0.5908490258369449,205.70661720232678,55.69270621726727,10.957427494551977,6.25128945165796,14.352303057762729,8.169704433344279,0.08240190578039432,0.062036422256095215,8.081242177204965,5.296248293012294,3.9406344890594482,0.8453125,0.4243230670903469,0.23969370512531896,104.29302426707204,22.650286745008117,0.6130412769795259,0.4285139910083672,242.1667711322986,54.80329335726642,9.433404309213984,5.3287879122989334,13.490881110899931,7.182634504925279,0.06436650625808593,0.04499199241495546,5.55242656328333,3.2530548791681575,-0.2625307099130483,-0.7848145329281959,-0.6130412769795259,-0.7848145329281959,-0.7369108755660059
stage2_soh,172,-1.1057713462910403,0.9536691998474223,0.21940921389485085,0.13228721177295322,259.0165881336008,9.957029381074946,0.2629381794639217,0.16381184431954315,92.23530085791282,14.448720568878198,5.40429105571672,0.9235294117647059,0.4916283678981106,0.28270888895289426,87.29261542702415,32.66019140010762,0.7911053142998492,0.5890942581883614,208.63554730766083,55.93896202234379,10.929712579765098,6.285086666602295,14.24498839284565,8.647014969989485,0.08306240880642511,0.061852179747351695,8.090672308039169,5.167770714513191,4.024641919136047,0.8453125,0.42538733381568844,0.23910242159909104,103.85544495083359,22.31007134664284,0.6249104233886063,0.4342214270745899,224.43450949945594,57.0195514959368,9.457064720564782,5.315642700556066,13.451169397921097,7.375258189577119,0.06561271188127388,0.045591246874759836,5.670318286855231,3.297772614596375,-0.2629381794639217,-0.7911053142998492,-0.6249104233886063,-0.7911053142998492,-0.7369108755660059
stage2_soh,173,-1.1068830089856474,0.9534491358821631,0.21940609890531604,0.13234111256571304,256.41391800423344,9.947020149614598,0.26218136992376434,0.16341117780256734,92.15666513294775,14.507417995998773,5.178747010698506,0.9235294117647059,0.48684938571620157,0.27720336315094257,86.51590120762823,30.434028948152744,0.7799032530837859,0.583320426778393,186.82793654171837,59.51069837774813,10.823467893569715,6.1626897128360225,14.033946126484732,8.00165092279927,0.08188624405138649,0.06124595408272117,8.011085330589395,5.228134116323208,4.1375788927078245,0.8453125,0.4248569888569477,0.24076437319890828,106.5713199343611,22.776721144364544,0.6248328347488319,0.4364908573705179,229.29060809298994,56.686400707049685,9.445274274069709,5.352590636219631,13.609985983781982,7.424114802359307,0.06560456543199691,0.04582952658744878,5.676228241716997,3.3129207110706873,-0.26218136992376434,-0.7799032530837859,-0.6248328347488319,-0.7799032530837859,-0.7369108755660059
stage2_soh,174,-1.1050429378106124,0.9537718963645433,0.21983267679418797,0.13259419628560343,260.6519800087343,10.019917892332629,0.2622634339269989,0.16331568938873986,92.21705678265926,14.481460067245042,5.285600673451143,0.9235294117647059,0.4874184232717725,0.2787758017415363,86.0498070286184,29.006093276271876,0.7610873543557372,0.5749124535889018,211.9036804722651,53.535280457230584,10.836118540553477,6.1976476261029045,14.345869702778486,8.646424921885203,0.07991066147854954,0.060363155681958214,7.83165955612806,5.285762854310622,4.102749371528626,0.8453125,0.42460333382883464,0.23859252321490204,108.84357705088674,23.1301479143851,0.6186450338337374,0.42855057517190287,234.49911234913301,55.91761713260453,9.439635102832415,5.304306815265517,13.408873558595314,7.516322397732962,0.06495487487887855,0.044995833583372,5.554328428294945,3.3654033190245443,-0.2622634339269989,-0.7610873543557372,-0.6186450338337374,-0.7610873543557372,-0.7369108755660059
stage2_soh,175,-1.1064386571650948,0.9540066312608199,0.21880172084600047,0.13183451508390087,259.3230122062656,9.919851712551113,0.2633409190827197,0.1640403199458186,91.98088435897996,14.528849038129955,5.220375608930401,0.9235294117647059,0.49086163195262567,0.27846271031919645,85.50254217870824,29.489545735220517,0.7695979440294953,0.5758267770137857,188.6652912721659,55.89189871571615,10.912666770255463,6.190687085416462,13.928660404722844,8.593530696803935,0.08080423413681322,0.06045915542399788,7.913786885352247,4.8467463404818005,4.15965473651886,0.8453125,0.425916503049532,0.23936961052568223,108.11637111133159,22.91018738865884,0.6179392969813389,0.4292516555318798,222.32834648748695,54.02444638952946,9.46882902874881,5.32158275276384,13.43104397595447,7.531024377628887,0.06488077576478579,0.04506944378723986,5.58720103868876,3.3131627538344404,-0.2633409190827197,-0.7695979440294953,-0.6179392969813389,-0.7695979440294953,-0.7369108755660059
stage2_soh,176,-1.1143663680132647,0.9539332766057333,0.2190630164962047,0.13194855769578012,256.77532776543717,9.949299284779649,0.26125294661981247,0.1632366319572115,90.72173961603548,14.655183697410031,5.449328572142358,0.9235294117647059,0.49411100844810557,0.2843834188584165,88.60454180824313,30.75676956793661,0.7978298670686255,0.605749140274437,203.4158605552304,60.66194501233492,10.984905789559573,6.322314238826875,14.313409727672257,8.575843485450651,0.08376845582826167,0.0636008655410766,8.284680864567543,5.438946887435006,4.042751216888428,0.8453125,0.4234838726777421,0.23655367302781088,105.1624813888543,21.994885285565317,0.6230810343765263,0.4351995451208495,245.97364107320476,56.279657409908694,9.414747628014872,5.258979799997096,13.302238420107244,7.373582884608983,0.0654206344735752,0.04569394475777338,5.669812955553196,3.4741437449110935,-0.26125294661981247,-0.7978298670686255,-0.6230810343765263,-0.7978298670686255,-0.7369108755660059
stage2_soh,177,-1.1112966118156622,0.9533024265719903,0.21898547920866948,0.13225145946186148,259.0920546903818,9.97459196203485,0.26168537525485547,0.16267099471560956,90.56551219287431,14.305638572089922,5.290470089631922,0.9235294117647059,0.49024194027168577,0.279121415651239,87.05814752229944,30.203018496234378,0.7705964912206182,0.5838261939484772,202.26317283141918,55.50091307744046,10.898889998199566,6.205331195529073,14.262509832352677,8.220876847093361,0.08090907698580224,0.06129905730258713,7.945053430774392,5.439390562292607,4.196473002433777,0.8453125,0.425744763610668,0.2391323474170349,105.18879994907942,22.493651090865413,0.6237835614694112,0.4322680598230363,237.25949621387662,54.08680887941945,9.465010976683553,5.316308001035449,13.462667726938403,7.695096059891473,0.06549439657772492,0.04538615232380081,5.6236770122829824,3.276218330295814,-0.26168537525485547,-0.7705964912206182,-0.6237835614694112,-0.7705964912206182,-0.7369108755660059
stage2_soh,178,-1.1126100369096625,0.954123998708958,0.22044400843310707,0.13231776730793848,261.96002793504476,9.937860439670214,0.26142389980553427,0.16321127624091222,90.723915682684,14.489716924821199,5.168552955926633,0.9235294117647059,0.4870138180825303,0.2795627610100543,89.91615833697016,30.014554845187916,0.7889161663449038,0.5927783877680115,201.56057220280738,57.90995438125191,10.827123497314608,6.215143033566182,14.085174069079379,8.602866238850005,0.08283255836921456,0.06223899635913438,8.048478651907567,5.224023300218538,3.8398345947265624,0.8453125,0.42396134643081496,0.237533296104084,105.99101199720413,22.318727340659315,0.6125116893799513,0.42362269698896854,236.33593998069972,53.941166186699974,9.425362660072071,5.280758442889383,13.117484501701188,7.321383845783632,0.06431090200300187,0.04447842910538361,5.488324854526939,3.132950308268425,-0.26142389980553427,-0.7889161663449038,-0.6125116893799513,-0.7889161663449038,-0.7369108755660059
stage2_soh,179,-1.118109252925686,0.9535078196062322,0.21931617977264156,0.1324185661092181,257.82381933401217,10.041780641672123,0.2616184841476716,0.16268867643474672,90.93612147767342,14.329970651310491,5.44802043765199,0.9235294117647059,0.4921131203042562,0.2777661998947973,87.22172342412257,28.20858023810266,0.7806522285888445,0.5784274074742023,182.93219908192697,59.24402874351833,10.940489428330963,6.175202505509,14.022829409669852,8.565320759126472,0.08196488302455815,0.0607322096262045,7.957978453632866,4.822286974266446,4.218117189407349,0.8453125,0.4261908370844364,0.23982848326668318,107.86904699508189,22.86502951637086,0.6279428369834426,0.4356111198572762,232.9532916973426,56.375948919896004,9.474927928544142,5.331784253526036,13.42624324350258,7.610055020914226,0.0659311013208738,0.04573715820659432,5.653802472076064,3.322418798133875,-0.2616184841476716,-0.7806522285888445,-0.6279428369834426,-0.7806522285888445,-0.7369108755660059
stage2_soh,180,-1.1187924282017954,0.9539919603298025,0.2193567571505856,0.13240959443936529,260.91242299403154,9.913895339603883,0.2613776949943753,0.16309375295619807,91.87507345134834,14.363954233873162,5.36062411887973,0.9235294117647059,0.49028588446709037,0.27864070374555155,86.52307862558322,30.133847937715828,0.7957688154141117,0.5925383585121702,203.48759332625315,56.27685649384395,10.899866950419339,6.194644173978023,14.07080289398996,8.373539261500524,0.08355205491171633,0.062213794394473276,8.125813710250405,5.390568742321259,4.150797986984253,0.8453125,0.42444639854229305,0.2380118565997691,103.96541240490285,23.25585243282525,0.6197838182588935,0.4313325770239317,241.87224446281826,55.64812522255071,9.436146171583683,5.291397635034113,13.425007370108535,7.4364840428073276,0.0650744419905575,0.04528793094507151,5.633337814490871,3.254975544594739,-0.2613776949943753,-0.7957688154141117,-0.6197838182588935,-0.7957688154141117,-0.7369108755660059
stage2_soh,181,-1.121346442017567,0.9536985417094569,0.2197484967723704,0.13264094990072325,262.76116236020613,10.030745787251995,0.2612151526223713,0.16291201139493863,91.30274149192775,14.377432979625311,5.468962110257616,0.9235294117647059,0.49260294077886596,0.28252510120179136,86.75132435925471,28.007599250523967,0.7993411798036115,0.6014118489334542,179.96368286636397,61.1457948399305,10.951378948449703,6.281000760608253,14.228914887099057,8.50446960816009,0.0839271366940815,0.06314546995724574,8.266182658150354,5.261443629513787,4.03360800743103,0.8453125,0.42766013038791056,0.24221802989814023,108.64623548521317,23.079445629371307,0.6257208568316475,0.4334418398815615,228.75050351587907,55.3553460327788,9.507592751306515,5.384907831381055,13.726043901615071,7.674843993465908,0.06569780365444172,0.04550939381555634,5.642122678458509,3.227612025243044,-0.2612151526223713,-0.7993411798036115,-0.6257208568316475,-0.7993411798036115,-0.7369108755660059
stage2_soh,182,-1.1237033098391296,0.9540066312608199,0.21963882313419078,0.13226660000850227,260.82362306854543,9.965972862273919,0.26138214605041654,0.16278670425668212,89.64811333177924,14.461886235616628,5.274044483783198,0.9235294117647059,0.4887335836673178,0.2802498636274215,89.01697041602635,28.749682731573202,0.7870831612484039,0.5897914718014791,188.96286644452888,56.64003144412611,10.865356733583416,6.230418462347347,14.088541788154908,8.462408138952572,0.08264010128933201,0.06192538396063579,8.083005112203614,4.91503251784976,4.09798047542572,0.8453125,0.4259755778706571,0.23942587276178529,104.86730278070047,23.160668485289328,0.6345947523647348,0.44329236356752516,231.79500853132623,58.17586252212713,9.470142359829275,5.322833555422625,13.297538338815292,7.178400972947578,0.06662952175208485,0.04654365336428031,5.754503617353299,3.3600868173006186,-0.26138214605041654,-0.7870831612484039,-0.6345947523647348,-0.7870831612484039,-0.7369108755660059
stage2_soh,183,-1.1246235957220825,0.9534051230891112,0.21926415194300578,0.13231478371802236,259.1584977557681,9.98602648239529,0.2615538973642369,0.16263750340188068,91.75332610367802,14.272750724811234,5.362581959892721,0.9235294117647059,0.4878500789763041,0.27935104556564316,87.4185909854671,29.593353881384566,0.7825743862788264,0.5852826902533279,187.6222741744108,56.400415830093365,10.845714961533243,6.21043624871159,14.334430841503151,8.443563892329504,0.08216670071551499,0.061451982696098896,8.02764413487873,5.424373749064561,4.208058762550354,0.8453125,0.4266553573143094,0.23946223994062166,104.089746352162,22.431997559970767,0.6292243844519184,0.4353155208849785,241.09825769408445,55.07707993416682,9.485254982334192,5.323642058019248,13.697011277411534,7.693028288601907,0.06606565789356679,0.04570612167803619,5.679988276609987,3.2778203923149323,-0.2615538973642369,-0.7825743862788264,-0.6292243844519184,-0.7825743862788264,-0.7369108755660059
stage2_soh,184,-1.1293695844229579,0.9535665033303014,0.21981713531418537,0.13221049962041667,262.063415551293,9.954075410621801,0.26064143676501805,0.16256828888829952,90.71250135190485,14.39699083590889,5.799265932569317,0.9235294117647059,0.4910285713967753,0.28037775944662735,91.28818050278458,29.9063781265816,0.8093605010759646,0.6104217938056179,199.07905924674174,60.7110190771033,10.916378110491143,6.233261798158195,14.300746945895765,8.214109245325684,0.08497911921075016,0.06409147260792614,8.461843507691121,5.299274870199605,4.473018455505371,0.8453125,0.426776918317513,0.23813864629737508,105.28654711569985,22.328302973640106,0.6371608617718113,0.4513346218562219,253.64542640070786,59.99808112938261,9.487957484697112,5.294216379930452,13.408358026601343,7.316593605031131,0.06689895140292879,0.04738805338742236,5.895532529912991,3.4288990702234026,-0.26064143676501805,-0.8093605010759646,-0.6371608617718113,-0.8093605010759646,-0.7369108755660059
stage2_soh,185,-1.1310547099686128,0.954123998708958,0.21916207277973868,0.13232839598736829,259.9980427717488,10.010142377399115,0.2608829882399038,0.16234360359555183,90.13885691403533,14.349121893114965,5.42500758451574,0.9235294117647059,0.48993110221954106,0.27968838677157226,85.57827683580366,30.14958812367447,0.7776309609306431,0.5852249886950149,221.5154703862948,59.49239338877625,10.891979553663338,6.217935902236223,14.201401415371876,8.24520621437124,0.08164766385689112,0.06144592429864065,8.025162283740931,5.455919523479384,4.0968047142028805,0.8453125,0.4243327977679092,0.23827852229369456,105.84132755455796,21.93173671305436,0.6204101904344826,0.4331131884293427,235.26643604927776,54.705083739170945,9.43362063828673,5.297326054913441,13.35317075854083,7.49114775276859,0.06514020817967708,0.045474886929070334,5.6243078447538295,3.300932471613105,-0.2608829882399038,-0.7776309609306431,-0.6204101904344826,-0.7776309609306431,-0.7369108755660059
stage2_soh,186,-1.1336745208027685,0.9540066312608199,0.21892777765248292,0.13204393340035173,258.4210339199659,9.973622011364895,0.2598390025035539,0.16155997561580798,90.93250969472149,14.29138753586113,5.624744179669548,0.9235294117647059,0.4880215117212953,0.2787937069074342,87.24581709711826,29.612165083754412,0.7976054620295412,0.5992612293592708,198.7803107907566,57.42486418388449,10.849526195285938,6.198045687585389,14.03874644496153,8.347064220411415,0.08374489433428899,0.06291966482229223,8.21282577988207,5.347830225258791,4.253518295288086,0.8453125,0.42445411727757576,0.23937324760736373,103.02069562282914,23.34243352530568,0.6240709090306981,0.4311527343292255,239.57294828708444,53.27401728264354,9.436317771848493,5.321663611111331,13.422717115560602,7.5085237088903725,0.06552456674618885,0.04526904829170221,5.604381088236875,3.2085510419020524,-0.2598390025035539,-0.7976054620295412,-0.6240709090306981,-0.7976054620295412,-0.7369108755660059
stage2_soh,187,-1.129566456299811,0.9531117044687656,0.21939806811782078,0.132060090123155,259.96586281184494,9.8937808422248,0.25954615154562716,0.16181706355877484,90.90510570596808,14.18279560519396,5.55876433615591,0.9235294117647059,0.48792586147116485,0.276262865693071,87.51698563799015,28.742707204795046,0.78868387870767,0.5862591074601583,181.06686823451884,57.20098174009659,10.847399731862806,6.1417808972188865,13.907200349535639,8.007565126126794,0.08280816923879686,0.06155450199881798,8.088900252396664,4.983134724021733,4.147636604309082,0.8453125,0.4237218692947194,0.23708401195362966,107.32896403334038,23.128443956946093,0.6240688177011642,0.4295969502629305,238.64685497717124,54.96601198569158,9.420038686847866,5.270770112370327,13.286842716251893,7.461344651118957,0.06552434716623465,0.04510569814123143,5.596656866336806,3.174647724108482,-0.25954615154562716,-0.78868387870767,-0.6240688177011642,-0.78868387870767,-0.7369108755660059
stage2_soh,188,-1.1371270240337816,0.953654528916405,0.2199203277758278,0.13234864651544792,257.1225401375098,9.937700254214292,0.259707358422452,0.16153511985608168,90.8399298891565,14.214710026063045,5.561046888314041,0.9235294117647059,0.4878266331260751,0.27706133930523896,84.85803521364218,30.599408945576556,0.7825726904344253,0.5915199584692863,199.81305855928105,58.48312576028074,10.84519372146468,6.159532287605153,14.282723836342052,8.488640820953176,0.08216652265967544,0.06210686708762619,8.090539880969079,5.441954738548995,4.229121828079224,0.8453125,0.42494344946995544,0.23693351438487298,106.12714372669447,21.89873513131451,0.6273805112271078,0.4361361665563891,230.56844930890878,57.96654131888842,9.447196436644836,5.26742430224652,13.304673202750383,7.122446807704771,0.06587205971034386,0.04579228568807607,5.665762966688352,3.3124682852128213,-0.259707358422452,-0.7825726904344253,-0.6273805112271078,-0.7825726904344253,-0.7369108755660059
stage2_soh,189,-1.1371517516278014,0.9536251870543705,0.21976252495722406,0.13252621949231155,262.2301346142997,9.994627443877283,0.25708741196736756,0.16050059275070885,89.39968364801256,14.383061695758755,5.62070707620359,0.9235294117647059,0.4910073768875277,0.2797003744736168,88.3581317725045,30.638302725512716,0.799254441904794,0.6000467755046546,197.42075431858635,58.877914867432835,10.915906921460012,6.218202408700035,13.979362271125462,8.349241509466957,0.08391802961480854,0.06300214354400566,8.238312474730607,5.4456536924739,4.208466839790344,0.8453125,0.4234662669218358,0.23788111633766676,106.4873112753165,23.376541661942454,0.6281151269087168,0.4342980778110359,234.44837884095665,55.27138980354559,9.414356222912215,5.2884910625482915,13.35317227261001,7.489611629922405,0.06594919096829203,0.04559929484851366,5.650425238850076,3.2917206057188704,-0.25708741196736756,-0.799254441904794,-0.6281151269087168,-0.799254441904794,-0.7369108755660059
stage2_soh,190,-1.1380853772859458,0.9539919603298025,0.21944063059607988,0.1324307947552911,262.1210551061116,9.97717881509319,0.25880126276656773,0.1609217967652439,90.0973381702058,14.140714776257266,5.647601688609404,0.9235294117647059,0.489843534277626,0.27645591781383344,82.53760211097597,28.27016771786253,0.7747620667690699,0.577138739265045,211.678637863869,58.689731071711975,10.890032773333262,6.146072765488954,13.99562786612318,8.337902157079661,0.08134644320350458,0.060596905408586386,7.945139048572379,5.30203464471713,4.2727741479873655,0.8453125,0.4246938510319543,0.2388275376346428,106.03607119620474,22.8088244056892,0.6174416569725192,0.424715650784492,237.62300834509492,54.9096666583758,9.441647450121998,5.309531574916488,13.395430441419915,7.4565293852990155,0.06482852585936379,0.044593184212357764,5.540143174730012,3.262286327268033,-0.25880126276656773,-0.7747620667690699,-0.6174416569725192,-0.7747620667690699,-0.7369108755660059
stage2_soh,191,-1.1420629104535795,0.9538305800886124,0.21936097597923268,0.1320337558444663,259.1868623651679,9.89400916171777,0.2602333143970521,0.1616357878544929,91.7524197384946,14.166606322733042,5.2660320338080915,0.9235294117647059,0.48946535938760816,0.2761993337824356,90.30803364480168,29.09620555687666,0.7629370554363701,0.5666979420711012,172.81610102601977,56.369957702647106,10.881625319405304,6.140368477659256,13.908122326723042,8.12475344664011,0.08010487155975118,0.05950066986432658,7.773245989716113,5.0182929910397185,4.242614674568176,0.8453125,0.42557053631417224,0.24002201663934103,105.17732318379892,23.023657462500694,0.6146642083655942,0.4245558044192876,218.25864019149057,52.31423388995239,9.461137615424132,5.33608682082252,13.461796835548,7.35690772388114,0.06453690656739706,0.04457640108134748,5.512653225283789,3.1605622821815107,-0.2602333143970521,-0.7629370554363701,-0.6146642083655942,-0.7629370554363701,-0.7369108755660059
stage2_soh,192,-1.1484846454394093,0.9535811742613186,0.21979160771793912,0.13272922379879212,260.66006498881,10.01958852553038,0.25868151178853993,0.16074729959047282,89.2327652663063,14.029801365939502,5.387237715253643,0.9235294117647059,0.491185359102237,0.281745809701947,84.90322058576646,29.702671890830374,0.7920182125927113,0.5919208697426845,201.24852142285135,57.67673174934856,10.919863760768125,6.263675820337682,14.128633746518728,8.509748591904508,0.08315825891617633,0.062148960922017354,8.148322994061823,5.259105660753943,4.029918932914734,0.8453125,0.4248150481676294,0.23961749180962216,104.11280047871696,22.395838435841455,0.6347235099094052,0.4355672666832106,235.12591580115213,54.10468608980868,9.444341863107326,5.327093564108901,13.459423722945775,7.511522176693115,0.06664304070034498,0.0457325538256025,5.6405583068150476,3.185331232405397,-0.25868151178853993,-0.7920182125927113,-0.6347235099094052,-0.7920182125927113,-0.7369108755660059
stage2_soh,193,-1.1458224171655587,0.9535078196062322,0.2207005739144108,0.13243019041858722,260.96114874014694,9.94437800682037,0.25804764932527713,0.16063890318620694,89.36581171579473,14.137836606759858,5.308786021961885,0.9235294117647059,0.48585515202649066,0.27653354624121945,86.33133354141832,30.9374868778637,0.7745480396382547,0.5896237846614574,197.4229199966096,60.03497253512796,10.801364432550736,6.147798573954758,14.082521523716933,8.510442861582643,0.08132397134202912,0.06190777758443746,8.083818224535015,5.580434926877053,4.108725762367248,0.8453125,0.4234721284072023,0.23545549963564555,102.751130699653,22.16139898065018,0.6241747026629334,0.42870841005315014,220.5545875142819,54.61581106380518,9.414486533436445,5.234565587305447,13.225692316411363,7.37949540128351,0.06553546459879635,0.04501240551784532,5.5819300615808904,3.2621650629747867,-0.25804764932527713,-0.7745480396382547,-0.6241747026629334,-0.7745480396382547,-0.7369108755660059
stage2_soh,194,-1.1542992396469545,0.9535371614682667,0.2191626476241904,0.13204533610759409,258.63070649080885,9.999747076548012,0.25735488834362713,0.15990530533234598,88.43071712064237,13.956540692734,5.5070083917356,0.9235294117647059,0.49107942488009354,0.28081629619769316,86.53483050979517,29.01629929727371,0.766827408636835,0.5787551650229622,199.2883643746781,57.57405431724865,10.917508667620552,6.2430111961949795,14.248466250477284,8.50900658409906,0.08051334070045514,0.06076662265695071,7.937385474970183,5.384918536261131,4.162059020996094,0.8453125,0.42437667338637275,0.23876916481967783,103.04908263736729,22.363496374491344,0.6332131852653416,0.43426553898571,234.93881838744005,53.62360716676409,9.434596065927563,5.3082338505952364,13.479119852299693,7.694633131218776,0.06648446357951414,0.045595878421948885,5.658829903566014,3.2290001654049245,-0.25735488834362713,-0.766827408636835,-0.6332131852653416,-0.766827408636835,-0.7369108755660059
stage2_soh,195,-1.1609500510106152,0.9535665033303014,0.22037539026305542,0.13286341799734816,263.1865485812942,10.058788667659652,0.25709221651376984,0.1596485870785904,88.90912602920234,14.0173855979719,5.381277033861946,0.9235294117647059,0.48925662163776096,0.277584729749965,89.66132342911622,28.252977512741843,0.781842514858437,0.585860065814546,202.22902749063005,58.01706656513755,10.87698473363087,6.171168123739484,14.0002588069768,8.22073737078822,0.08208985759233622,0.06151260446672015,8.047862980849073,5.113719392204355,4.305160164833069,0.8453125,0.4263052577172041,0.2392944751529285,104.04392659700711,22.45092782192178,0.6256340276421961,0.4313727319764439,233.86506450615587,54.71984706178141,9.477471688650363,5.319912369030121,13.398114724520429,7.408151432261146,0.06568868699007333,0.045292147029859314,5.601654467233763,3.2386671438111385,-0.25709221651376984,-0.781842514858437,-0.6256340276421961,-0.781842514858437,-0.7369108755660059
stage2_soh,196,-1.159127804525812,0.9534051230891112,0.220043706484664,0.13232867825472575,262.00585912217764,9.893873680729792,0.257482035628124,0.1595692411376695,88.52673977296512,13.999850489563691,5.507389853982365,0.9235294117647059,0.48886835723330596,0.28013486952210465,85.1246852666908,31.19897389543488,0.7789648903320237,0.5843776566688629,196.52080077449918,59.23526735565336,10.868352973092337,6.227861952996892,14.238677325674399,8.418426122113805,0.08178772029091273,0.06135695834445122,8.002632240321306,5.194229578735213,4.16074423789978,0.8453125,0.4234130488851792,0.23636634668328044,105.90056621878429,22.816924474507335,0.6149103796588641,0.42472039161330033,222.71957894033167,55.418783863948434,9.413173097847237,5.254815225212509,13.354241599019224,7.233200556887802,0.0645627534176563,0.04459368197751423,5.543936634185005,3.2470399490188244,-0.257482035628124,-0.7789648903320237,-0.6149103796588641,-0.7789648903320237,-0.7369108755660059
stage2_soh,197,-1.1574483126150932,0.9534051230891112,0.22005500042232856,0.13206929432876863,257.10423501370786,9.936969237273486,0.25673853355811577,0.15917223854080778,88.41144464921065,13.858346316361306,5.559990275139902,0.9235294117647059,0.4890193162774076,0.2772677521330907,82.20011486127143,28.571102225468522,0.8116152252594291,0.6101703616808735,187.7979915394023,60.13520296703162,10.871709042577098,6.164121186514386,14.05671795756271,8.134756144771972,0.0852158548494665,0.06406507339462915,8.301508446381389,5.282509864203464,4.265897941589356,0.8453125,0.4235676912909208,0.2378006702823768,104.51780642465205,22.067208238248753,0.6218536334740115,0.4358003856770665,238.54854324423349,56.16174502129883,9.41661105455959,5.286702613549195,13.417223116578253,7.394027747426438,0.06529176304054192,0.045757030244630646,5.667582358614209,3.403347771210947,-0.25673853355811577,-0.8116152252594291,-0.6218536334740115,-0.8116152252594291,-0.7369108755660059
stage2_soh,198,-1.1619205413641622,0.9538892638126816,0.218769130063389,0.1317960836625576,258.20546650188476,9.93271534329379,0.255868216127656,0.15929203274305276,89.42052784456857,14.009117721131997,5.583275864171047,0.9235294117647059,0.48433577596552624,0.27762663678868726,87.78320239689712,29.348262346413648,0.7898927961638107,0.5939368644400554,193.86472412345344,58.46572834662939,10.767586187170155,6.172099786593402,14.236518779438226,8.937405550255967,0.08293509999522093,0.06236063106590055,8.133672263964778,5.263625892017984,4.330642628669739,0.8453125,0.42518455426878804,0.23660780752143182,106.05476974291737,21.868464046894026,0.6211142650542204,0.4306148602128815,239.85191256245707,53.86551555793107,9.452556595506517,5.2601832994177204,13.083778817735105,7.227971359605924,0.06521413276700798,0.04521257399058125,5.5836575554297365,3.2587987708588435,-0.255868216127656,-0.7898927961638107,-0.6211142650542204,-0.7898927961638107,-0.7369108755660059
stage2_soh,199,-1.165440166291418,0.9539039347436988,0.21998129584018597,0.13243282158971906,259.11671371209263,9.963022371249288,0.2560776382345344,0.1589302076830545,89.0745778554412,14.042416804979744,5.542954938551959,0.9235294117647059,0.49505985842962197,0.27876810986986933,84.46887774412005,26.199439174531364,0.7916887253670779,0.5939886177141293,186.80647887198225,60.1124467322291,11.006000295606135,6.197476623060749,14.071713157908501,8.290778624154768,0.08312366427733704,0.06236606492095181,8.086240274189256,5.1526306052691115,4.2227370023727415,0.8453125,0.4229632316005758,0.2382333061312238,103.72358852407282,22.3188086341284,0.6150390511871626,0.42580327431423937,239.3278360411351,54.98333359420438,9.403172914873366,5.296320824759863,13.436113050789192,7.385697078770203,0.06457626333459414,0.044707379666012785,5.540320753024322,3.120295260685902,-0.2560776382345344,-0.7916887253670779,-0.6150390511871626,-0.7916887253670779,-0.7369108755660059
