ID,True_Material,Pred_Material,True_SOC,Pred_SOC,True_SOH,Pred_SOH
PIP15829A00209415,LMO_10Ah,LMO_10Ah,38.8252,43.71046,0.67015,0.71451837
PIP15D26A03261343,LMO_10Ah,LMO_10Ah,61.3405,74.28675,0.71626,0.6886412
PIP15D19A03280145,LMO_10Ah,LMO_26Ah,41.6439,47.030396,0.74285,0.83298767
PIP15D01A03241499,LMO_10Ah,LMO_26Ah,47.5273,52.504734,0.79292,0.8934393
PIP15N21A50200177,LMO_10Ah,LMO_10Ah,8.6173,5.02835,0.87622,0.6775095
PIP15D25A03219538,LMO_10Ah,LMO_10Ah,26.4669,29.539867,0.8858900000000001,0.8404633
PIP15N26A01201901,LMO_10Ah,LMO_25Ah,30.3575,21.798307,0.87909,0.8249324
PIP15828A00213703,LMO_10Ah,LMO_10Ah,38.6217,41.374943,0.59307,0.5452264
PIP15D01A03221296,LMO_10Ah,LMO_10Ah,58.0204,52.83649,0.87905,0.7864185
PIP15N15A03208398,LMO_10Ah,LMO_10Ah,63.7579,64.55085,0.88277,0.88748753
PIP15N15A03208683,LMO_10Ah,LMO_10Ah,53.3811,54.758644,0.8700699999999999,0.8917188
PIP15D25A03243702,LMO_10Ah,LMO_10Ah,8.8585,7.3394556,0.8977299999999999,0.7368119
PIP15D26A03252860,LMO_10Ah,LMO_25Ah,50.482,35.071327,0.9214399999999999,0.8826295
PIP15D23A03282874,LMO_10Ah,LMO_26Ah,68.8352,71.24226,0.89416,0.9006319
PJP17601527003A007037,NMC_15Ah,NMC_15Ah,33.5103,38.39288,0.7527466666666667,0.9880974
PJP17930O01003A017268,NMC_15Ah,LMO_24Ah,52.0063,55.12756,0.75258,0.78894794
PJP17601527001A008674,NMC_15Ah,LMO_24Ah,35.3566,44.938137,0.7564933333333334,0.90051425
PJP17601529001A010983,NMC_15Ah,NMC_15Ah,19.9515,17.152725,0.7735933333333332,0.8045353
PJP17930O01001A011629,NMC_15Ah,LMO_24Ah,39.1115,40.242775,0.75428,0.7820039
PJP17601527001A008592,NMC_15Ah,LMO_24Ah,22.5881,20.784845,0.7639066666666667,0.8988554
PJP17601527002A007215,NMC_15Ah,LMO_24Ah,41.6439,39.45382,0.7767866666666666,0.7599706
PJP17601527003A007274,NMC_15Ah,NMC_15Ah,58.6931,59.727306,0.76566,0.77429444
PJP17601529001A003327,NMC_15Ah,LMO_24Ah,41.452,49.70515,0.7542866666666667,0.7935527
PJP17601529001A001010,NMC_15Ah,LMO_24Ah,41.3203,48.664085,0.7656533333333333,0.7728759
PJP17930O01001A006207,NMC_15Ah,LMO_24Ah,37.1093,48.583755,0.7581,0.8621228
PJP17601527001A008438,NMC_15Ah,LMO_24Ah,65.0,65.95897,0.7541066666666667,0.7794327
PJP17601527003A009662,NMC_15Ah,LMO_24Ah,34.8354,35.410557,0.7714599999999999,0.7808612
PJP17930O01003A016647,NMC_15Ah,LMO_24Ah,41.6497,45.527977,0.75896,0.8008414
PJP17530529002A000337,NMC_15Ah,NMC_15Ah,57.0066,59.711914,0.7549399999999999,0.784173
PJP17601527003A009747,NMC_15Ah,LMO_24Ah,55.9235,57.274555,0.7671666666666667,0.7991437
PJP17601527001A012082,NMC_15Ah,LMO_24Ah,26.9765,21.639942,0.7630533333333334,0.858981
PJP17930O01003A017730,NMC_15Ah,LMO_10Ah,8.3761,7.5862327,0.7969666666666666,0.6951647
PJP17930O01003A018005,NMC_15Ah,LMO_24Ah,52.0704,50.324547,0.79294,0.78029174
02LCC02100101A87Y0026421,NMC_21Ah,NMC_15Ah,26.9765,27.194334,1.000052380952381,0.9427604
02LCC02100101A87Y0010168,NMC_21Ah,LMO_24Ah,34.3612,34.061535,1.0051,0.9892153
02LCC02100101A8BC0103482,NMC_21Ah,LMO_25Ah,8.135,8.743589,0.7755,0.76413083
02LCC02100101A87Y0074479,NMC_21Ah,NMC_15Ah,43.8556,44.47027,0.9881190476190476,0.98533297
02LCC02100101A87Y0020833,NMC_21Ah,NMC_21Ah,41.3203,33.735004,0.9979714285714285,0.9625943
02LCC02100101A87Y0027455,NMC_21Ah,NMC_15Ah,70.0,49.818203,1.011161904761905,0.91612107
02LCC02100101A87Y0173907,NMC_21Ah,LMO_24Ah,55.9235,54.243076,1.006,0.9993859
02LCC02100101A87Y0177229,NMC_21Ah,NMC_15Ah,49.0491,48.94854,0.9903,0.9849504
02LCC02100101A87Y0175162,NMC_21Ah,LMO_24Ah,34.8354,33.95506,1.001404761904762,0.97175944
02LCC02100101A87Y0172641,NMC_21Ah,LMO_24Ah,21.8027,24.626047,1.004309523809524,0.96343195
A170530525010800027,LMO_24Ah,LMO_10Ah,75.0,8.147238,0.7957208333333333,0.8896126
A170528511010800104,LMO_24Ah,NMC_15Ah,41.9541,44.16758,0.7689125,0.7819323
A170526507010800030,LMO_24Ah,NMC_21Ah,46.7917,51.456158,0.7420833333333333,0.7657134
A170622616030800696,LMO_24Ah,LMO_24Ah,9.0996,12.24964,1.095941666666667,1.1263946
A170527511010800595,LMO_24Ah,NMC_21Ah,20.5001,15.109951,0.7606625,0.7696211
A170531525010801074,LMO_24Ah,LMO_24Ah,44.7967,45.111897,0.802275,0.796524
A170529511010800411,LMO_24Ah,LMO_10Ah,7.6527,14.483267,0.6376916666666667,0.8107248
A170528511010802245,LMO_24Ah,NMC_21Ah,36.6803,42.677586,0.74125,0.82541114
A170525507010800198,LMO_24Ah,NMC_15Ah,44.4627,46.849224,0.825625,0.80859286
A170606528030800466,LMO_24Ah,LMO_24Ah,40.1289,40.82985,1.0524,1.0585084
A170529511010800365,LMO_24Ah,LMO_26Ah,31.8633,34.42985,0.7595833333333334,0.87053055
515092904916,LMO_25Ah,LMO_25Ah,27.7305,39.211403,0.629024,0.7392872
515092905212,LMO_25Ah,LMO_24Ah,50.482,42.663433,0.918516,0.8801871
515093002457,LMO_25Ah,LMO_25Ah,7.8938,9.203408,0.715284,0.71921444
516020603556,LMO_25Ah,LMO_25Ah,35.3767,52.800682,0.6442319999999999,0.6726351
515092904019,LMO_25Ah,LMO_25Ah,41.6439,51.164055,0.7791079999999999,0.81623816
515093000451,LMO_25Ah,LMO_24Ah,8.8585,9.770961,0.934832,0.7995093
515092901182,LMO_25Ah,LMO_25Ah,7.1704,13.802418,0.601472,0.7737252
515092904740,LMO_25Ah,LMO_25Ah,25.6641,26.934837,0.617416,0.5905908
515100100624,LMO_25Ah,LMO_25Ah,8.3761,24.38891,0.8321599999999999,0.85336834
515093001782,LMO_25Ah,NMC_21Ah,50.1002,51.82568,0.925024,0.95554644
515093002576,LMO_25Ah,LMO_25Ah,50.1557,57.533535,0.804024,0.8276425
515093000724,LMO_25Ah,LMO_25Ah,38.8252,44.57991,0.7228279999999999,0.7771342
515093002348,LMO_25Ah,LMO_25Ah,21.1016,17.423727,0.782636,0.69044113
515092501338,LMO_25Ah,LMO_25Ah,32.339,37.798473,0.590388,0.5999373
515092901199,LMO_25Ah,LMO_25Ah,27.5501,45.205048,0.422888,0.5680981
515093000605,LMO_25Ah,LMO_24Ah,35.9961,33.45414,0.8718319999999999,0.8781769
515100102065,LMO_25Ah,NMC_21Ah,8.6173,19.477413,0.886136,0.81588167
515093002646,LMO_25Ah,NMC_15Ah,70.0083,70.02491,0.88878,0.904703
515100101320,LMO_25Ah,LMO_25Ah,75.0,75.32437,0.795436,0.85700095
515092904410,LMO_25Ah,LMO_25Ah,44.4627,47.405106,0.84136,0.8755036
515093001367,LMO_25Ah,LMO_25Ah,44.7967,55.109715,0.7882760000000001,0.82256883
515093004000,LMO_25Ah,LMO_25Ah,41.9541,54.707985,0.746968,0.83391374
515100100526,LMO_25Ah,NMC_21Ah,22.2517,27.285017,0.872804,0.916284
515092904584,LMO_25Ah,LMO_26Ah,50.0064,62.321514,0.7854439999999999,0.82352376
515092905201,LMO_25Ah,LMO_24Ah,53.6027,45.577908,0.944636,0.8845545
H27734091053,LMO_26Ah,LMO_26Ah,8.3761,12.404654,0.8388307692307693,0.93833035
H27735178005,LMO_26Ah,LMO_24Ah,53.3811,58.494095,0.8490000000000001,0.8993368
H27733490499,LMO_26Ah,LMO_26Ah,70.0083,73.93161,0.8877884615384615,0.93633264
H27734592855,LMO_26Ah,LMO_26Ah,22.2517,27.298563,0.8586153846153847,0.9539411
H27734492478,LMO_26Ah,LMO_24Ah,90.0,75.62958,0.9984076923076923,0.9076292
H27733590292,LMO_26Ah,LMO_26Ah,38.0625,36.93446,0.9464884615384614,0.9352306
H27734676393,LMO_26Ah,NMC_15Ah,62.6027,56.919804,0.9604461538461538,0.9041428
H27735077206,LMO_26Ah,LMO_24Ah,71.0838,68.87381,0.9195923076923077,0.84943986
H27735176665,LMO_26Ah,LMO_24Ah,53.3246,47.183865,0.998203846153846,0.87995905
H27734291854,LMO_26Ah,NMC_21Ah,24.5519,28.369461,0.9923153846153846,0.9238414
H27734591085,LMO_26Ah,LMO_26Ah,42.3415,44.424534,0.9497769230769231,0.922072
H27734491651,LMO_26Ah,LMO_26Ah,85.0,75.429245,0.9381923076923078,0.8335936
H27735076930,LMO_26Ah,LMO_26Ah,75.214,71.188126,0.9650538461538462,0.8778156
H27734691342,LMO_26Ah,LMO_24Ah,85.0,80.73823,0.9401923076923077,0.9239585
H27735177571,LMO_26Ah,LMO_26Ah,75.0,83.51828,0.8238038461538462,0.86324596
17号,LFP_35Ah,LFP_35Ah,40.8667,29.07195,0.8172685714285713,0.88356733
1号,LFP_35Ah,LFP_35Ah,41.452,29.095201,0.7431371428571428,0.89558476
34号,LFP_35Ah,LFP_35Ah,38.5265,28.874643,0.8159685714285715,0.90902346
36号,LFP_35Ah,LFP_35Ah,32.1026,25.119242,0.88972,0.88728017
37号,LFP_35Ah,LFP_35Ah,33.7731,26.880257,0.88372,0.8817031
53号,LFP_35Ah,LFP_35Ah,53.3916,29.613115,0.9176657142857142,0.88207424
8号,LFP_35Ah,LFP_35Ah,29.7969,24.874044,0.7810742857142857,0.81114703
9号,LFP_35Ah,LFP_35Ah,19.3077,19.496933,0.7772285714285714,0.8634348
02HCB68111211Y87Y0002979,LFP_68Ah,LFP_68Ah,21.1016,20.506615,0.8426367647058823,0.7754314
02HCB68111211Y88D0000337,LFP_68Ah,LMO_24Ah,44.7967,27.180223,0.8511661764705882,0.7926528
02HCB68111211Y88D0003997,LFP_68Ah,LFP_68Ah,18.1154,20.411612,0.6526647058823529,0.8123464
02HCB68111211Y87Y0011345,LFP_68Ah,LFP_68Ah,5.0,4.9382606,0.8249632352941176,0.80804694
02HCB68111211Y87Y0015653,LFP_68Ah,LFP_68Ah,48.7083,29.01725,0.7779485294117647,0.77362823
02HCB68111211Y86L0000199,LFP_68Ah,LFP_68Ah,32.5404,26.879967,0.7060573529411764,0.7859524
02HCB68111211Y86X0004792,LFP_68Ah,LFP_68Ah,31.8633,23.453327,0.7697308823529412,0.78125244
02HCB68111211Y87Y0015365,LFP_68Ah,NMC_15Ah,60.1373,58.99047,0.8225014705882353,0.76256573
02HCB68111211Y86S0005042,LFP_68Ah,LFP_68Ah,41.9839,28.469713,0.6715102941176471,0.79232186
02HCB68111211Y88D0003294,LFP_68Ah,LFP_68Ah,46.8445,28.527163,0.8352544117647058,0.8019538
02HCB68111211Y88E0004340,LFP_68Ah,LMO_24Ah,44.1142,27.284399,0.8342852941176471,0.79178613
02HCB68111211Y87Y0013553,LFP_68Ah,LFP_68Ah,37.6917,25.011696,0.8047691176470588,0.7808921
02HCB68111211Y87Y0013903,LFP_68Ah,LMO_24Ah,39.9041,26.24117,0.8119000000000001,0.79011804
02HCB68111211Y87Y0009622,LFP_68Ah,LMO_24Ah,37.1305,26.52581,0.8424544117647059,0.7953337
02HCB68111211Y87Y0012947,LFP_68Ah,LFP_68Ah,39.5793,29.30174,0.8117617647058823,0.79932356
02HCB68111211Y87Y0003936,LFP_68Ah,NMC_15Ah,62.8233,59.26496,0.8382176470588236,0.7781081
02HCB68111211Y88D0005602,LFP_68Ah,LMO_24Ah,39.1172,24.50595,0.8460514705882353,0.79396987
02HCB68111211Y88E0004523,LFP_68Ah,LMO_24Ah,50.1764,27.523342,0.8356073529411765,0.7791514
02HCB68111211Y86V0003442,LFP_68Ah,LFP_68Ah,43.058,26.37217,0.6879132352941176,0.7943759
02HCB68111211Y86X0009373,LFP_68Ah,LFP_68Ah,18.8014,19.06576,0.7169970588235294,0.79705
02HCB68111211Y88E0004411,LFP_68Ah,NMC_15Ah,59.1842,55.923283,0.8248588235294118,0.77541757
02HCB68111211Y87Y0004508,LFP_68Ah,LFP_68Ah,75.0,64.72286,0.8487455882352941,0.78851867
02HCB68111211Y86M0004883,LFP_68Ah,LMO_24Ah,39.1115,26.6683,0.7269970588235294,0.7871915
02HCB68111211Y86L0005694,LFP_68Ah,NMC_15Ah,52.0063,37.71416,0.6864426470588235,0.7733859
02HCB68111211Y88E0004333,LFP_68Ah,LFP_68Ah,29.431,23.65625,0.8231911764705881,0.80116254
02HCB68111211Y87Y0007299,LFP_68Ah,LMO_24Ah,38.262,23.870975,0.8386073529411765,0.7929054
PIP15829A00209415,LMO_10Ah,LMO_10Ah,38.8252,44.82079,0.67015,0.6739628
PIP15D26A03261343,LMO_10Ah,LMO_10Ah,61.3405,75.75721,0.71626,0.798384
PIP15D19A03280145,LMO_10Ah,LMO_26Ah,41.6439,45.49828,0.74285,0.93188125
PIP15D01A03241499,LMO_10Ah,LMO_26Ah,47.5273,52.501984,0.79292,0.83351463
PIP15N21A50200177,LMO_10Ah,LMO_10Ah,8.6173,5.0512857,0.87622,0.68719625
PIP15D25A03219538,LMO_10Ah,LMO_10Ah,26.4669,55.93792,0.8858900000000001,0.8145994
PIP15N26A01201901,LMO_10Ah,LMO_25Ah,30.3575,23.167728,0.87909,0.8416384
PIP15828A00213703,LMO_10Ah,LMO_10Ah,38.6217,42.19509,0.59307,0.5691465
PIP15D01A03221296,LMO_10Ah,LMO_10Ah,58.0204,60.080067,0.87905,0.89323956
PIP15N15A03208398,LMO_10Ah,LMO_10Ah,63.7579,64.86798,0.88277,0.8909129
PIP15N15A03208683,LMO_10Ah,LMO_10Ah,53.3811,54.019485,0.8700699999999999,0.8948742
PIP15D25A03243702,LMO_10Ah,LMO_10Ah,8.8585,7.311689,0.8977299999999999,0.8050907
PIP15D26A03252860,LMO_10Ah,LMO_25Ah,50.482,35.14517,0.9214399999999999,0.88722366
PIP15D23A03282874,LMO_10Ah,LMO_26Ah,68.8352,71.54811,0.89416,0.8982247
PJP17601527003A007037,NMC_15Ah,NMC_15Ah,33.5103,35.195774,0.7527466666666667,0.77782196
PJP17930O01003A017268,NMC_15Ah,LMO_24Ah,52.0063,55.23011,0.75258,0.7909528
PJP17601527001A008674,NMC_15Ah,LMO_24Ah,35.3566,45.192997,0.7564933333333334,0.9158804
PJP17601529001A010983,NMC_15Ah,NMC_15Ah,19.9515,19.400568,0.7735933333333332,0.7959766
PJP17930O01001A011629,NMC_15Ah,LMO_24Ah,39.1115,40.33682,0.75428,0.78336555
PJP17601527001A008592,NMC_15Ah,LMO_24Ah,22.5881,20.726894,0.7639066666666667,0.89816266
PJP17601527002A007215,NMC_15Ah,LMO_24Ah,41.6439,39.497047,0.7767866666666666,0.7659391
PJP17601527003A007274,NMC_15Ah,NMC_15Ah,58.6931,63.93493,0.76566,0.79214346
PJP17601529001A003327,NMC_15Ah,LMO_24Ah,41.452,49.833736,0.7542866666666667,0.79445577
PJP17601529001A001010,NMC_15Ah,LMO_24Ah,41.3203,48.853294,0.7656533333333333,0.7816394
PJP17930O01001A006207,NMC_15Ah,LMO_24Ah,37.1093,48.638535,0.7581,0.87104064
PJP17601527001A008438,NMC_15Ah,LMO_24Ah,65.0,66.167145,0.7541066666666667,0.77430844
PJP17601527003A009662,NMC_15Ah,NMC_15Ah,34.8354,35.129543,0.7714599999999999,0.7912778
PJP17930O01003A016647,NMC_15Ah,NMC_15Ah,41.6497,45.656292,0.75896,0.80422276
PJP17530529002A000337,NMC_15Ah,NMC_15Ah,57.0066,60.199375,0.7549399999999999,0.78930056
PJP17601527003A009747,NMC_15Ah,LMO_24Ah,55.9235,56.982212,0.7671666666666667,0.7732179
PJP17601527001A012082,NMC_15Ah,LMO_24Ah,26.9765,21.313564,0.7630533333333334,0.8747856
PJP17930O01003A017730,NMC_15Ah,LMO_10Ah,8.3761,7.223842,0.7969666666666666,0.7190104
PJP17930O01003A018005,NMC_15Ah,LMO_24Ah,52.0704,52.8102,0.79294,0.79623944
02LCC02100101A87Y0026421,NMC_21Ah,NMC_15Ah,26.9765,27.316788,1.000052380952381,0.9490627
02LCC02100101A87Y0010168,NMC_21Ah,LMO_24Ah,34.3612,34.080196,1.0051,0.99108535
02LCC02100101A8BC0103482,NMC_21Ah,LMO_25Ah,8.135,8.674553,0.7755,0.7892521
02LCC02100101A87Y0074479,NMC_21Ah,NMC_15Ah,43.8556,44.577785,0.9881190476190476,0.9857337
02LCC02100101A87Y0020833,NMC_21Ah,NMC_21Ah,41.3203,40.453617,0.9979714285714285,0.9639821
02LCC02100101A87Y0027455,NMC_21Ah,NMC_15Ah,70.0,49.910164,1.011161904761905,0.9301779
02LCC02100101A87Y0173907,NMC_21Ah,NMC_21Ah,55.9235,54.158737,1.006,1.0034661
02LCC02100101A87Y0177229,NMC_21Ah,NMC_15Ah,49.0491,48.9718,0.9903,0.98510635
02LCC02100101A87Y0175162,NMC_21Ah,LMO_24Ah,34.8354,33.848866,1.001404761904762,0.98020583
02LCC02100101A87Y0172641,NMC_21Ah,LMO_24Ah,21.8027,24.705132,1.004309523809524,0.9610391
A170530525010800027,LMO_24Ah,LMO_10Ah,75.0,8.201349,0.7957208333333333,0.8713503
A170528511010800104,LMO_24Ah,NMC_15Ah,41.9541,44.258556,0.7689125,0.7824978
A170526507010800030,LMO_24Ah,NMC_21Ah,46.7917,51.984493,0.7420833333333333,0.77695674
A170622616030800696,LMO_24Ah,LMO_24Ah,9.0996,12.103738,1.095941666666667,1.0862955
A170527511010800595,LMO_24Ah,NMC_21Ah,20.5001,15.192694,0.7606625,0.77820385
A170531525010801074,LMO_24Ah,LMO_24Ah,44.7967,44.78495,0.802275,0.7978077
A170529511010800411,LMO_24Ah,LFP_35Ah,7.6527,14.441651,0.6376916666666667,0.7734158
A170528511010802245,LMO_24Ah,NMC_21Ah,36.6803,42.748386,0.74125,0.82476664
A170525507010800198,LMO_24Ah,NMC_15Ah,44.4627,47.072147,0.825625,0.78620255
A170606528030800466,LMO_24Ah,LMO_24Ah,40.1289,40.802197,1.0524,1.0533872
A170529511010800365,LMO_24Ah,LMO_26Ah,31.8633,40.3015,0.7595833333333334,0.95217305
515092904916,LMO_25Ah,LMO_25Ah,27.7305,34.33291,0.629024,0.62046546
515092905212,LMO_25Ah,LMO_24Ah,50.482,42.680496,0.918516,0.8820961
515093002457,LMO_25Ah,LMO_25Ah,7.8938,9.346014,0.715284,0.7170272
516020603556,LMO_25Ah,LMO_25Ah,35.3767,42.89735,0.6442319999999999,0.6584085
515092904019,LMO_25Ah,LMO_25Ah,41.6439,50.44498,0.7791079999999999,0.743135
515093000451,LMO_25Ah,LMO_24Ah,8.8585,9.688491,0.934832,0.80522674
515092901182,LMO_25Ah,LMO_25Ah,7.1704,13.721696,0.601472,0.75455904
515092904740,LMO_25Ah,LMO_25Ah,25.6641,27.372662,0.617416,0.6189816
515100100624,LMO_25Ah,LMO_25Ah,8.3761,9.4167385,0.8321599999999999,0.8315631
515093001782,LMO_25Ah,NMC_21Ah,50.1002,51.2496,0.925024,0.96080023
515093002576,LMO_25Ah,LMO_25Ah,50.1557,58.169945,0.804024,0.8543144
515093000724,LMO_25Ah,LMO_25Ah,38.8252,44.622345,0.7228279999999999,0.75926054
515093002348,LMO_25Ah,LMO_25Ah,21.1016,17.805597,0.782636,0.6944465
515092501338,LMO_25Ah,LMO_25Ah,32.339,37.763073,0.590388,0.5909263
515092901199,LMO_25Ah,LMO_25Ah,27.5501,45.775723,0.422888,0.59638536
515093000605,LMO_25Ah,LMO_24Ah,35.9961,34.754856,0.8718319999999999,0.88481724
515100102065,LMO_25Ah,NMC_21Ah,8.6173,8.703227,0.886136,0.7901319
515093002646,LMO_25Ah,NMC_15Ah,70.0083,70.536194,0.88878,0.9084943
515100101320,LMO_25Ah,LMO_25Ah,75.0,78.05577,0.795436,0.8760239
515092904410,LMO_25Ah,LMO_25Ah,44.4627,53.013195,0.84136,0.9122152
515093001367,LMO_25Ah,LMO_25Ah,44.7967,54.59043,0.7882760000000001,0.81508213
515093004000,LMO_25Ah,LMO_25Ah,41.9541,54.808376,0.746968,0.7680475
515100100526,LMO_25Ah,LMO_25Ah,22.2517,27.369883,0.872804,0.86658835
515092904584,LMO_25Ah,LMO_26Ah,50.0064,61.83142,0.7854439999999999,0.8126538
515092905201,LMO_25Ah,LMO_24Ah,53.6027,45.96424,0.944636,0.86953074
H27734091053,LMO_26Ah,LMO_26Ah,8.3761,18.1064,0.8388307692307693,0.89689916
H27735178005,LMO_26Ah,LMO_24Ah,53.3811,58.82121,0.8490000000000001,0.92103106
H27733490499,LMO_26Ah,LMO_26Ah,70.0083,73.93755,0.8877884615384615,0.93051934
H27734592855,LMO_26Ah,LMO_26Ah,22.2517,27.664577,0.8586153846153847,0.9765835
H27734492478,LMO_26Ah,LMO_26Ah,90.0,77.63869,0.9984076923076923,0.9065448
H27733590292,LMO_26Ah,LMO_26Ah,38.0625,48.41346,0.9464884615384614,0.9065694
H27734676393,LMO_26Ah,NMC_21Ah,62.6027,54.621387,0.9604461538461538,0.8340073
H27735077206,LMO_26Ah,LMO_24Ah,71.0838,67.183014,0.9195923076923077,0.85093355
H27735176665,LMO_26Ah,LMO_24Ah,53.3246,56.86191,0.998203846153846,0.9197221
H27734291854,LMO_26Ah,LMO_26Ah,24.5519,28.242714,0.9923153846153846,0.92012393
H27734591085,LMO_26Ah,LMO_26Ah,42.3415,43.17152,0.9497769230769231,0.8502116
H27734491651,LMO_26Ah,LMO_26Ah,85.0,77.40253,0.9381923076923078,0.9095512
H27735076930,LMO_26Ah,LMO_26Ah,75.214,72.38816,0.9650538461538462,0.89392257
H27734691342,LMO_26Ah,LMO_26Ah,85.0,82.0056,0.9401923076923077,0.92323375
H27735177571,LMO_26Ah,LMO_26Ah,75.0,81.56574,0.8238038461538462,0.9526776
17号,LFP_35Ah,LFP_35Ah,40.8667,28.034084,0.8172685714285713,0.8892679
1号,LFP_35Ah,LFP_35Ah,41.452,26.662264,0.7431371428571428,0.882789
34号,LFP_35Ah,LFP_35Ah,38.5265,28.932491,0.8159685714285715,0.9073442
36号,LFP_35Ah,LFP_35Ah,32.1026,25.151335,0.88972,0.89298534
37号,LFP_35Ah,LFP_35Ah,33.7731,26.24197,0.88372,0.89266545
53号,LFP_35Ah,LFP_35Ah,53.3916,29.877789,0.9176657142857142,0.8695573
8号,LFP_35Ah,LFP_35Ah,29.7969,24.980982,0.7810742857142857,0.82010335
9号,LFP_35Ah,LFP_35Ah,19.3077,17.774708,0.7772285714285714,0.8596814
02HCB68111211Y87Y0002979,LFP_68Ah,LFP_68Ah,21.1016,20.495016,0.8426367647058823,0.80582476
02HCB68111211Y88D0000337,LFP_68Ah,LMO_24Ah,44.7967,27.654863,0.8511661764705882,0.78994787
02HCB68111211Y88D0003997,LFP_68Ah,LFP_68Ah,18.1154,21.56243,0.6526647058823529,0.8867806
02HCB68111211Y87Y0011345,LFP_68Ah,LFP_68Ah,5.0,4.946594,0.8249632352941176,0.8099838
02HCB68111211Y87Y0015653,LFP_68Ah,LFP_68Ah,48.7083,28.856812,0.7779485294117647,0.7878824
02HCB68111211Y86L0000199,LFP_68Ah,LFP_68Ah,32.5404,24.355478,0.7060573529411764,0.7843527
02HCB68111211Y86X0004792,LFP_68Ah,LFP_68Ah,31.8633,21.692356,0.7697308823529412,0.77693397
02HCB68111211Y87Y0015365,LFP_68Ah,NMC_15Ah,60.1373,54.865295,0.8225014705882353,0.7641765
02HCB68111211Y86S0005042,LFP_68Ah,LFP_68Ah,41.9839,28.381805,0.6715102941176471,0.7862874
02HCB68111211Y88D0003294,LFP_68Ah,LFP_68Ah,46.8445,29.466606,0.8352544117647058,0.78883713
02HCB68111211Y88E0004340,LFP_68Ah,LMO_24Ah,44.1142,29.59931,0.8342852941176471,0.7907281
02HCB68111211Y87Y0013553,LFP_68Ah,LFP_68Ah,37.6917,27.330713,0.8047691176470588,0.78330684
02HCB68111211Y87Y0013903,LFP_68Ah,LMO_24Ah,39.9041,26.384089,0.8119000000000001,0.77790374
02HCB68111211Y87Y0009622,LFP_68Ah,LMO_24Ah,37.1305,26.421972,0.8424544117647059,0.7844042
02HCB68111211Y87Y0012947,LFP_68Ah,LFP_68Ah,39.5793,28.772726,0.8117617647058823,0.7725458
02HCB68111211Y87Y0003936,LFP_68Ah,NMC_15Ah,62.8233,59.389523,0.8382176470588236,0.7972479
02HCB68111211Y88D0005602,LFP_68Ah,LMO_24Ah,39.1172,25.055593,0.8460514705882353,0.79334337
02HCB68111211Y88E0004523,LFP_68Ah,LMO_24Ah,50.1764,28.835125,0.8356073529411765,0.78380597
02HCB68111211Y86V0003442,LFP_68Ah,LFP_68Ah,43.058,28.200079,0.6879132352941176,0.7731099
02HCB68111211Y86X0009373,LFP_68Ah,LFP_68Ah,18.8014,19.10736,0.7169970588235294,0.7880063
02HCB68111211Y88E0004411,LFP_68Ah,NMC_15Ah,59.1842,54.9907,0.8248588235294118,0.7589945
02HCB68111211Y87Y0004508,LFP_68Ah,LFP_68Ah,75.0,53.81596,0.8487455882352941,0.7861229
02HCB68111211Y86M0004883,LFP_68Ah,LMO_24Ah,39.1115,26.294294,0.7269970588235294,0.7883117
02HCB68111211Y86L0005694,LFP_68Ah,NMC_15Ah,52.0063,33.937557,0.6864426470588235,0.77422553
02HCB68111211Y88E0004333,LFP_68Ah,LFP_68Ah,29.431,25.088366,0.8231911764705881,0.7796629
02HCB68111211Y87Y0007299,LFP_68Ah,LMO_24Ah,38.262,25.022644,0.8386073529411765,0.7877132
PIP15829A00209415,LMO_10Ah,LMO_10Ah,38.8252,42.87309,0.67015,0.6949526
PIP15D26A03261343,LMO_10Ah,LMO_10Ah,61.3405,75.36512,0.71626,0.8160828
PIP15D19A03280145,LMO_10Ah,LMO_26Ah,41.6439,47.275352,0.74285,0.89341605
PIP15D01A03241499,LMO_10Ah,LMO_26Ah,47.5273,51.462444,0.79292,0.8172393
PIP15N21A50200177,LMO_10Ah,LMO_10Ah,8.6173,5.046442,0.87622,0.6790695
PIP15D25A03219538,LMO_10Ah,LMO_10Ah,26.4669,32.641525,0.8858900000000001,0.82051545
PIP15N26A01201901,LMO_10Ah,LMO_25Ah,30.3575,22.000437,0.87909,0.8413226
PIP15828A00213703,LMO_10Ah,LMO_10Ah,38.6217,38.87782,0.59307,0.5549529
PIP15D01A03221296,LMO_10Ah,LMO_10Ah,58.0204,60.10842,0.87905,0.8499205
PIP15N15A03208398,LMO_10Ah,LMO_10Ah,63.7579,64.68075,0.88277,0.8919804
PIP15N15A03208683,LMO_10Ah,LMO_10Ah,53.3811,54.024757,0.8700699999999999,0.8913065
PIP15D25A03243702,LMO_10Ah,LMO_10Ah,8.8585,7.306845,0.8977299999999999,0.79835916
PIP15D26A03252860,LMO_10Ah,LMO_25Ah,50.482,37.05419,0.9214399999999999,0.8802026
PIP15D23A03282874,LMO_10Ah,LMO_26Ah,68.8352,68.92403,0.89416,0.8790867
PJP17601527003A007037,NMC_15Ah,NMC_15Ah,33.5103,35.242344,0.7527466666666667,0.79116946
PJP17930O01003A017268,NMC_15Ah,LMO_24Ah,52.0063,55.243534,0.75258,0.7869335
PJP17601527001A008674,NMC_15Ah,LMO_24Ah,35.3566,45.239567,0.7564933333333334,1.0008205
PJP17601529001A010983,NMC_15Ah,NMC_15Ah,19.9515,19.466862,0.7735933333333332,0.7991807
PJP17930O01001A011629,NMC_15Ah,LMO_24Ah,39.1115,40.017025,0.75428,0.7857048
PJP17601527001A008592,NMC_15Ah,LMO_24Ah,22.5881,19.16163,0.7639066666666667,0.8444999
PJP17601527002A007215,NMC_15Ah,LMO_24Ah,41.6439,39.498173,0.7767866666666666,0.7625018
PJP17601527003A007274,NMC_15Ah,NMC_15Ah,58.6931,59.859474,0.76566,0.7801148
PJP17601529001A003327,NMC_15Ah,LMO_24Ah,41.452,49.95914,0.7542866666666667,0.79681474
PJP17601529001A001010,NMC_15Ah,LMO_24Ah,41.3203,49.172913,0.7656533333333333,0.79379797
PJP17930O01001A006207,NMC_15Ah,LMO_24Ah,37.1093,48.797913,0.7581,0.86308163
PJP17601527001A008438,NMC_15Ah,LMO_24Ah,65.0,66.12621,0.7541066666666667,0.7807126
PJP17601527003A009662,NMC_15Ah,NMC_15Ah,34.8354,35.127377,0.7714599999999999,0.7894605
PJP17930O01003A016647,NMC_15Ah,NMC_15Ah,41.6497,45.543896,0.75896,0.80555063
PJP17530529002A000337,NMC_15Ah,NMC_15Ah,57.0066,60.064587,0.7549399999999999,0.7828095
PJP17601527003A009747,NMC_15Ah,LMO_24Ah,55.9235,57.314285,0.7671666666666667,0.8027326
PJP17601527001A012082,NMC_15Ah,LMO_24Ah,26.9765,21.30261,0.7630533333333334,0.8757489
PJP17930O01003A017730,NMC_15Ah,LMO_10Ah,8.3761,7.3705864,0.7969666666666666,0.71969146
PJP17930O01003A018005,NMC_15Ah,LMO_24Ah,52.0704,50.461086,0.79294,0.7822793
02LCC02100101A87Y0026421,NMC_21Ah,NMC_15Ah,26.9765,27.347227,1.000052380952381,0.9479909
02LCC02100101A87Y0010168,NMC_21Ah,LMO_24Ah,34.3612,34.184402,1.0051,0.9927807
02LCC02100101A8BC0103482,NMC_21Ah,LMO_25Ah,8.135,9.466478,0.7755,0.8226706
02LCC02100101A87Y0074479,NMC_21Ah,NMC_15Ah,43.8556,44.63179,0.9881190476190476,0.98504037
02LCC02100101A87Y0020833,NMC_21Ah,NMC_21Ah,41.3203,40.43274,0.9979714285714285,0.9643152
02LCC02100101A87Y0027455,NMC_21Ah,NMC_15Ah,70.0,49.869675,1.011161904761905,0.9695854
02LCC02100101A87Y0173907,NMC_21Ah,LMO_24Ah,55.9235,54.102306,1.006,0.99937737
02LCC02100101A87Y0177229,NMC_21Ah,NMC_15Ah,49.0491,49.0194,0.9903,0.98492545
02LCC02100101A87Y0175162,NMC_21Ah,LMO_24Ah,34.8354,33.90114,1.001404761904762,0.9882395
02LCC02100101A87Y0172641,NMC_21Ah,LMO_24Ah,21.8027,24.75261,1.004309523809524,0.95720196
A170530525010800027,LMO_24Ah,LMO_10Ah,75.0,8.196506,0.7957208333333333,0.8608056
A170528511010800104,LMO_24Ah,NMC_15Ah,41.9541,43.92538,0.7689125,0.7822812
A170526507010800030,LMO_24Ah,NMC_21Ah,46.7917,52.27716,0.7420833333333333,0.77560306
A170622616030800696,LMO_24Ah,LMO_24Ah,9.0996,11.135082,1.095941666666667,1.1033974
A170527511010800595,LMO_24Ah,NMC_21Ah,20.5001,15.229996,0.7606625,0.78097147
A170531525010801074,LMO_24Ah,LMO_24Ah,44.7967,44.98108,0.802275,0.85141224
A170529511010800411,LMO_24Ah,LFP_35Ah,7.6527,14.337167,0.6376916666666667,0.7943124
A170528511010802245,LMO_24Ah,NMC_21Ah,36.6803,42.983578,0.74125,0.82422996
A170525507010800198,LMO_24Ah,NMC_15Ah,44.4627,47.091896,0.825625,0.7968142
A170606528030800466,LMO_24Ah,LMO_24Ah,40.1289,40.630745,1.0524,1.0339646
A170529511010800365,LMO_24Ah,LMO_26Ah,31.8633,33.810623,0.7595833333333334,0.82421505
515092904916,LMO_25Ah,LMO_25Ah,27.7305,33.634697,0.629024,0.6442472
515092905212,LMO_25Ah,LMO_24Ah,50.482,42.595444,0.918516,0.8817915
515093002457,LMO_25Ah,LMO_25Ah,7.8938,9.573771,0.715284,0.7014936
516020603556,LMO_25Ah,LMO_25Ah,35.3767,43.728638,0.6442319999999999,0.6966443
515092904019,LMO_25Ah,LMO_25Ah,41.6439,51.68534,0.7791079999999999,0.784856
515093000451,LMO_25Ah,LMO_10Ah,8.8585,9.982853,0.934832,0.8167541
515092901182,LMO_25Ah,LMO_25Ah,7.1704,13.901838,0.601472,0.75042903
515092904740,LMO_25Ah,LMO_25Ah,25.6641,28.382914,0.617416,0.6207088
515100100624,LMO_25Ah,LMO_25Ah,8.3761,9.335653,0.8321599999999999,0.81674534
515093001782,LMO_25Ah,LMO_25Ah,50.1002,50.33868,0.925024,0.9209814
515093002576,LMO_25Ah,LMO_25Ah,50.1557,58.030243,0.804024,0.79773587
515093000724,LMO_25Ah,LMO_25Ah,38.8252,44.71926,0.7228279999999999,0.7491992
515093002348,LMO_25Ah,LMO_25Ah,21.1016,17.89873,0.782636,0.7020398
515092501338,LMO_25Ah,LMO_25Ah,32.339,37.364044,0.590388,0.59503055
515092901199,LMO_25Ah,LMO_25Ah,27.5501,45.57807,0.422888,0.5784519
515093000605,LMO_25Ah,LMO_24Ah,35.9961,34.886005,0.8718319999999999,0.8488629
515100102065,LMO_25Ah,NMC_21Ah,8.6173,9.018795,0.886136,0.7973613
515093002646,LMO_25Ah,NMC_15Ah,70.0083,70.85229,0.88878,0.83402723
515100101320,LMO_25Ah,LMO_25Ah,75.0,77.83531,0.795436,0.8782063
515092904410,LMO_25Ah,LMO_25Ah,44.4627,53.124107,0.84136,0.89889246
515093001367,LMO_25Ah,LMO_25Ah,44.7967,54.563473,0.7882760000000001,0.83416104
515093004000,LMO_25Ah,LMO_25Ah,41.9541,53.279007,0.746968,0.8086867
515100100526,LMO_25Ah,LMO_25Ah,22.2517,27.564564,0.872804,0.8960137
515092904584,LMO_25Ah,LMO_25Ah,50.0064,61.79077,0.7854439999999999,0.8502553
515092905201,LMO_25Ah,LMO_24Ah,53.6027,46.300003,0.944636,0.94258183
H27734091053,LMO_26Ah,LMO_26Ah,8.3761,9.636918,0.8388307692307693,0.9968209
H27735178005,LMO_26Ah,LMO_24Ah,53.3811,63.253483,0.8490000000000001,0.9210583
H27733490499,LMO_26Ah,LMO_26Ah,70.0083,73.88257,0.8877884615384615,0.9242712
H27734592855,LMO_26Ah,LMO_26Ah,22.2517,27.624401,0.8586153846153847,0.9739782
H27734492478,LMO_26Ah,LMO_26Ah,90.0,73.95427,0.9984076923076923,0.83479214
H27733590292,LMO_26Ah,LMO_26Ah,38.0625,38.525536,0.9464884615384614,0.9504266
H27734676393,LMO_26Ah,NMC_21Ah,62.6027,57.792053,0.9604461538461538,0.95131963
H27735077206,LMO_26Ah,LMO_24Ah,71.0838,68.95581,0.9195923076923077,0.86645275
H27735176665,LMO_26Ah,LMO_24Ah,53.3246,48.30282,0.998203846153846,0.93994015
H27734291854,LMO_26Ah,NMC_21Ah,24.5519,34.151367,0.9923153846153846,0.99464697
H27734591085,LMO_26Ah,LMO_26Ah,42.3415,44.053196,0.9497769230769231,0.95367926
H27734491651,LMO_26Ah,LMO_26Ah,85.0,77.4419,0.9381923076923078,0.90447736
H27735076930,LMO_26Ah,LMO_26Ah,75.214,72.535805,0.9650538461538462,0.9498306
H27734691342,LMO_26Ah,LMO_24Ah,85.0,80.460236,0.9401923076923077,0.92743635
H27735177571,LMO_26Ah,LMO_26Ah,75.0,81.04334,0.8238038461538462,0.93758
17号,LFP_35Ah,LFP_35Ah,40.8667,28.671213,0.8172685714285713,0.8845162
1号,LFP_35Ah,LFP_35Ah,41.452,26.61997,0.7431371428571428,0.88960177
34号,LFP_35Ah,LFP_35Ah,38.5265,28.911121,0.8159685714285715,0.9005429
36号,LFP_35Ah,LFP_35Ah,32.1026,25.16915,0.88972,0.8774445
37号,LFP_35Ah,LFP_35Ah,33.7731,26.256174,0.88372,0.89522237
53号,LFP_35Ah,LFP_35Ah,53.3916,29.985659,0.9176657142857142,0.88076216
8号,LFP_35Ah,LFP_35Ah,29.7969,24.978632,0.7810742857142857,0.80764574
9号,LFP_35Ah,LFP_35Ah,19.3077,17.769577,0.7772285714285714,0.8518031
02HCB68111211Y87Y0002979,LFP_68Ah,LFP_68Ah,21.1016,20.473238,0.8426367647058823,0.79288787
02HCB68111211Y88D0000337,LFP_68Ah,LMO_24Ah,44.7967,27.879332,0.8511661764705882,0.7900302
02HCB68111211Y88D0003997,LFP_68Ah,LFP_68Ah,18.1154,20.354952,0.6526647058823529,0.80864036
02HCB68111211Y87Y0011345,LFP_68Ah,LFP_68Ah,5.0,4.971628,0.8249632352941176,0.8252732
02HCB68111211Y87Y0015653,LFP_68Ah,LFP_68Ah,48.7083,28.75674,0.7779485294117647,0.76421416
02HCB68111211Y86L0000199,LFP_68Ah,LFP_68Ah,32.5404,27.240097,0.7060573529411764,0.77347076
02HCB68111211Y86X0004792,LFP_68Ah,LFP_68Ah,31.8633,23.92385,0.7697308823529412,0.77579796
02HCB68111211Y87Y0015365,LFP_68Ah,NMC_15Ah,60.1373,54.62399,0.8225014705882353,0.758985
02HCB68111211Y86S0005042,LFP_68Ah,LFP_68Ah,41.9839,28.842796,0.6715102941176471,0.7524826
02HCB68111211Y88D0003294,LFP_68Ah,LFP_68Ah,46.8445,29.239489,0.8352544117647058,0.79655343
02HCB68111211Y88E0004340,LFP_68Ah,LMO_24Ah,44.1142,29.447409,0.8342852941176471,0.7952449
02HCB68111211Y87Y0013553,LFP_68Ah,LFP_68Ah,37.6917,27.59423,0.8047691176470588,0.77884465
02HCB68111211Y87Y0013903,LFP_68Ah,LMO_24Ah,39.9041,17.310678,0.8119000000000001,0.79399526
02HCB68111211Y87Y0009622,LFP_68Ah,LMO_24Ah,37.1305,26.055002,0.8424544117647059,0.7965044
02HCB68111211Y87Y0012947,LFP_68Ah,LFP_68Ah,39.5793,29.668234,0.8117617647058823,0.7890243
02HCB68111211Y87Y0003936,LFP_68Ah,NMC_15Ah,62.8233,58.889343,0.8382176470588236,0.7749028
02HCB68111211Y88D0005602,LFP_68Ah,LMO_24Ah,39.1172,24.936638,0.8460514705882353,0.7910647
02HCB68111211Y88E0004523,LFP_68Ah,LMO_24Ah,50.1764,30.61677,0.8356073529411765,0.7770526
02HCB68111211Y86V0003442,LFP_68Ah,LFP_68Ah,43.058,28.517502,0.6879132352941176,0.7542472
02HCB68111211Y86X0009373,LFP_68Ah,LFP_68Ah,18.8014,19.10157,0.7169970588235294,0.7815356
02HCB68111211Y88E0004411,LFP_68Ah,NMC_15Ah,59.1842,54.899193,0.8248588235294118,0.76256853
02HCB68111211Y87Y0004508,LFP_68Ah,LFP_68Ah,75.0,64.11159,0.8487455882352941,0.7938875
02HCB68111211Y86M0004883,LFP_68Ah,LMO_24Ah,39.1115,25.581837,0.7269970588235294,0.78067386
02HCB68111211Y86L0005694,LFP_68Ah,LFP_68Ah,52.0063,38.718407,0.6864426470588235,0.7802725
02HCB68111211Y88E0004333,LFP_68Ah,LFP_68Ah,29.431,22.385715,0.8231911764705881,0.79319155
02HCB68111211Y87Y0007299,LFP_68Ah,LMO_24Ah,38.262,24.707184,0.8386073529411765,0.78066534
PIP15829A00209415,LMO_10Ah,LMO_10Ah,38.8252,42.76708,0.67015,0.6725459
PIP15D26A03261343,LMO_10Ah,LMO_10Ah,61.3405,75.32135,0.71626,0.80457723
PIP15D19A03280145,LMO_10Ah,LMO_26Ah,41.6439,47.13153,0.74285,0.8544799
PIP15D01A03241499,LMO_10Ah,LMO_26Ah,47.5273,51.19895,0.79292,0.8493173
PIP15N21A50200177,LMO_10Ah,LMO_10Ah,8.6173,5.0424843,0.87622,0.68270147
PIP15D25A03219538,LMO_10Ah,LMO_10Ah,26.4669,34.46731,0.8858900000000001,0.837821
PIP15N26A01201901,LMO_10Ah,LMO_25Ah,30.3575,21.941666,0.87909,0.85589355
PIP15828A00213703,LMO_10Ah,LMO_10Ah,38.6217,49.834553,0.59307,0.6152
PIP15D01A03221296,LMO_10Ah,LMO_10Ah,58.0204,59.492317,0.87905,0.86938626
PIP15N15A03208398,LMO_10Ah,LMO_10Ah,63.7579,64.876274,0.88277,0.8900262
PIP15N15A03208683,LMO_10Ah,LMO_10Ah,53.3811,54.346966,0.8700699999999999,0.79025054
PIP15D25A03243702,LMO_10Ah,LMO_10Ah,8.8585,6.468497,0.8977299999999999,0.80795026
PIP15D26A03252860,LMO_10Ah,LMO_25Ah,50.482,37.11152,0.9214399999999999,0.8900143
PIP15D23A03282874,LMO_10Ah,LMO_26Ah,68.8352,69.1811,0.89416,0.8949031
PJP17601527003A007037,NMC_15Ah,NMC_15Ah,33.5103,35.361053,0.7527466666666667,0.7862663
PJP17930O01003A017268,NMC_15Ah,LMO_24Ah,52.0063,55.208725,0.75258,0.79258794
PJP17601527001A008674,NMC_15Ah,LMO_24Ah,35.3566,45.28428,0.7564933333333334,0.93351257
PJP17601529001A010983,NMC_15Ah,NMC_15Ah,19.9515,19.498074,0.7735933333333332,0.7955984
PJP17930O01001A011629,NMC_15Ah,LMO_24Ah,39.1115,40.406956,0.75428,0.8089721
PJP17601527001A008592,NMC_15Ah,LMO_24Ah,22.5881,19.125916,0.7639066666666667,0.9166077
PJP17601527002A007215,NMC_15Ah,LMO_24Ah,41.6439,39.45133,0.7767866666666666,0.7610003
PJP17601527003A007274,NMC_15Ah,NMC_15Ah,58.6931,59.862957,0.76566,0.7801207
PJP17601529001A003327,NMC_15Ah,LMO_24Ah,41.452,49.851456,0.7542866666666667,0.8007693
PJP17601529001A001010,NMC_15Ah,LMO_24Ah,41.3203,48.901493,0.7656533333333333,0.8166534
PJP17930O01001A006207,NMC_15Ah,LMO_24Ah,37.1093,47.03046,0.7581,0.86373085
PJP17601527001A008438,NMC_15Ah,LMO_24Ah,65.0,66.12183,0.7541066666666667,0.7732732
PJP17601527003A009662,NMC_15Ah,LMO_24Ah,34.8354,35.36982,0.7714599999999999,0.79056567
PJP17930O01003A016647,NMC_15Ah,NMC_15Ah,41.6497,45.96948,0.75896,0.8023778
PJP17530529002A000337,NMC_15Ah,NMC_15Ah,57.0066,59.6233,0.7549399999999999,0.7831752
PJP17601527003A009747,NMC_15Ah,LMO_24Ah,55.9235,56.944733,0.7671666666666667,0.7908757
PJP17601527001A012082,NMC_15Ah,LMO_24Ah,26.9765,21.297564,0.7630533333333334,0.86817867
PJP17930O01003A017730,NMC_15Ah,LMO_10Ah,8.3761,7.3673654,0.7969666666666666,0.71559584
PJP17930O01003A018005,NMC_15Ah,LMO_24Ah,52.0704,50.422646,0.79294,0.8067235
02LCC02100101A87Y0026421,NMC_21Ah,NMC_15Ah,26.9765,27.441484,1.000052380952381,0.950807
02LCC02100101A87Y0010168,NMC_21Ah,LMO_24Ah,34.3612,34.22329,1.0051,0.9870986
02LCC02100101A8BC0103482,NMC_21Ah,LMO_25Ah,8.135,9.655602,0.7755,0.790094
02LCC02100101A87Y0074479,NMC_21Ah,NMC_15Ah,43.8556,44.67479,0.9881190476190476,0.9867149
02LCC02100101A87Y0020833,NMC_21Ah,NMC_21Ah,41.3203,40.478653,0.9979714285714285,0.9872383
02LCC02100101A87Y0027455,NMC_21Ah,NMC_15Ah,70.0,49.77849,1.011161904761905,0.9580922
02LCC02100101A87Y0173907,NMC_21Ah,LMO_24Ah,55.9235,47.30819,1.006,0.95441425
02LCC02100101A87Y0177229,NMC_21Ah,NMC_15Ah,49.0491,49.09682,0.9903,0.97361696
02LCC02100101A87Y0175162,NMC_21Ah,LMO_24Ah,34.8354,34.08427,1.001404761904762,0.97572637
02LCC02100101A87Y0172641,NMC_21Ah,LMO_24Ah,21.8027,24.777315,1.004309523809524,0.95981914
A170530525010800027,LMO_24Ah,LMO_10Ah,75.0,8.717204,0.7957208333333333,0.8704634
A170528511010800104,LMO_24Ah,NMC_15Ah,41.9541,43.555023,0.7689125,0.78499115
A170526507010800030,LMO_24Ah,NMC_21Ah,46.7917,52.024517,0.7420833333333333,0.7346178
A170622616030800696,LMO_24Ah,LMO_24Ah,9.0996,10.963967,1.095941666666667,1.0798274
A170527511010800595,LMO_24Ah,NMC_21Ah,20.5001,15.255926,0.7606625,0.838886
A170531525010801074,LMO_24Ah,LMO_24Ah,44.7967,44.793587,0.802275,0.80256057
A170529511010800411,LMO_24Ah,LMO_10Ah,7.6527,14.350843,0.6376916666666667,0.78372645
A170528511010802245,LMO_24Ah,NMC_21Ah,36.6803,43.06096,0.74125,0.8358176
A170525507010800198,LMO_24Ah,NMC_15Ah,44.4627,47.53846,0.825625,0.90376484
A170606528030800466,LMO_24Ah,LMO_24Ah,40.1289,43.646072,1.0524,1.055444
A170529511010800365,LMO_24Ah,LMO_26Ah,31.8633,33.997223,0.7595833333333334,0.81251395
515092904916,LMO_25Ah,LMO_25Ah,27.7305,33.807716,0.629024,0.656937
515092905212,LMO_25Ah,LMO_24Ah,50.482,45.22706,0.918516,0.91698015
515093002457,LMO_25Ah,LMO_25Ah,7.8938,9.694156,0.715284,0.7219674
516020603556,LMO_25Ah,LMO_25Ah,35.3767,45.510303,0.6442319999999999,0.62222856
515092904019,LMO_25Ah,LMO_25Ah,41.6439,50.924698,0.7791079999999999,0.8461244
515093000451,LMO_25Ah,LMO_10Ah,8.8585,10.0603895,0.934832,0.82344395
515092901182,LMO_25Ah,LMO_25Ah,7.1704,14.10781,0.601472,0.7490249
515092904740,LMO_25Ah,LMO_25Ah,25.6641,29.547049,0.617416,0.66681415
515100100624,LMO_25Ah,LMO_25Ah,8.3761,9.37171,0.8321599999999999,0.8049138
515093001782,LMO_25Ah,LMO_25Ah,50.1002,50.246613,0.925024,0.8909249
515093002576,LMO_25Ah,LMO_25Ah,50.1557,57.94528,0.804024,0.8626562
515093000724,LMO_25Ah,LMO_25Ah,38.8252,44.772453,0.7228279999999999,0.724102
515093002348,LMO_25Ah,LMO_25Ah,21.1016,18.062326,0.782636,0.69150054
515092501338,LMO_25Ah,LMO_25Ah,32.339,35.80847,0.590388,0.5998959
515092901199,LMO_25Ah,LMO_25Ah,27.5501,45.881557,0.422888,0.5848999
515093000605,LMO_25Ah,LMO_24Ah,35.9961,34.93495,0.8718319999999999,0.89484775
515100102065,LMO_25Ah,NMC_21Ah,8.6173,8.764479,0.886136,0.8137605
515093002646,LMO_25Ah,NMC_15Ah,70.0083,70.79586,0.88878,0.9162629
515100101320,LMO_25Ah,LMO_25Ah,75.0,76.84734,0.795436,0.87691414
515092904410,LMO_25Ah,LMO_25Ah,44.4627,52.90568,0.84136,0.90970737
515093001367,LMO_25Ah,LMO_25Ah,44.7967,58.610638,0.7882760000000001,0.8368226
515093004000,LMO_25Ah,LMO_25Ah,41.9541,54.96272,0.746968,0.75177103
515100100526,LMO_25Ah,LMO_25Ah,22.2517,27.662437,0.872804,0.8951782
515092904584,LMO_25Ah,LMO_25Ah,50.0064,62.92987,0.7854439999999999,0.8113441
515092905201,LMO_25Ah,LMO_24Ah,53.6027,46.66735,0.944636,0.83910424
H27734091053,LMO_26Ah,LMO_26Ah,8.3761,9.747113,0.8388307692307693,0.9978526
H27735178005,LMO_26Ah,LMO_26Ah,53.3811,61.294098,0.8490000000000001,0.8803069
H27733490499,LMO_26Ah,LMO_26Ah,70.0083,74.00462,0.8877884615384615,0.9276345
H27734592855,LMO_26Ah,LMO_26Ah,22.2517,27.794695,0.8586153846153847,0.94742966
H27734492478,LMO_26Ah,LMO_26Ah,90.0,76.9872,0.9984076923076923,0.83310133
H27733590292,LMO_26Ah,LMO_26Ah,38.0625,35.641983,0.9464884615384614,0.8536948
H27734676393,LMO_26Ah,NMC_15Ah,62.6027,58.166054,0.9604461538461538,0.9452086
H27735077206,LMO_26Ah,LMO_26Ah,71.0838,68.97843,0.9195923076923077,0.8973919
H27735176665,LMO_26Ah,NMC_21Ah,53.3246,48.6109,0.998203846153846,0.9353577
H27734291854,LMO_26Ah,NMC_21Ah,24.5519,27.658268,0.9923153846153846,0.9132156
H27734591085,LMO_26Ah,LMO_26Ah,42.3415,44.526,0.9497769230769231,0.91703314
H27734491651,LMO_26Ah,LMO_26Ah,85.0,76.94293,0.9381923076923078,0.9277682
H27735076930,LMO_26Ah,LMO_26Ah,75.214,73.15145,0.9650538461538462,0.9085134
H27734691342,LMO_26Ah,LMO_26Ah,85.0,82.05046,0.9401923076923077,0.9161832
H27735177571,LMO_26Ah,LMO_26Ah,75.0,81.30473,0.8238038461538462,0.84282523
17号,LFP_35Ah,LFP_35Ah,40.8667,29.338543,0.8172685714285713,0.8841206
1号,LFP_35Ah,LFP_35Ah,41.452,28.212997,0.7431371428571428,0.88141257
34号,LFP_35Ah,LFP_35Ah,38.5265,27.090479,0.8159685714285715,0.8963127
36号,LFP_35Ah,LFP_35Ah,32.1026,25.128635,0.88972,0.8939026
37号,LFP_35Ah,LFP_35Ah,33.7731,25.273773,0.88372,0.89184505
53号,LFP_35Ah,LFP_35Ah,53.3916,29.963417,0.9176657142857142,0.85993415
8号,LFP_35Ah,LFP_35Ah,29.7969,25.130217,0.7810742857142857,0.9060737
9号,LFP_35Ah,LFP_35Ah,19.3077,17.763767,0.7772285714285714,0.8568447
02HCB68111211Y87Y0002979,LFP_68Ah,LFP_68Ah,21.1016,20.492115,0.8426367647058823,0.7842479
02HCB68111211Y88D0000337,LFP_68Ah,LMO_24Ah,44.7967,28.203215,0.8511661764705882,0.7741201
02HCB68111211Y88D0003997,LFP_68Ah,LFP_68Ah,18.1154,20.45375,0.6526647058823529,0.8044662
02HCB68111211Y87Y0011345,LFP_68Ah,LFP_68Ah,5.0,4.9769654,0.8249632352941176,0.82161534
02HCB68111211Y87Y0015653,LFP_68Ah,LFP_68Ah,48.7083,28.282305,0.7779485294117647,0.77082115
02HCB68111211Y86L0000199,LFP_68Ah,LFP_68Ah,32.5404,24.119596,0.7060573529411764,0.7776059
02HCB68111211Y86X0004792,LFP_68Ah,LFP_68Ah,31.8633,24.155056,0.7697308823529412,0.78252095
02HCB68111211Y87Y0015365,LFP_68Ah,NMC_15Ah,60.1373,54.509693,0.8225014705882353,0.76232487
02HCB68111211Y86S0005042,LFP_68Ah,LFP_68Ah,41.9839,28.687506,0.6715102941176471,0.7507382
02HCB68111211Y88D0003294,LFP_68Ah,LFP_68Ah,46.8445,29.292068,0.8352544117647058,0.78858495
02HCB68111211Y88E0004340,LFP_68Ah,LMO_24Ah,44.1142,29.762861,0.8342852941176471,0.7676818
02HCB68111211Y87Y0013553,LFP_68Ah,LFP_68Ah,37.6917,27.874598,0.8047691176470588,0.78037256
02HCB68111211Y87Y0013903,LFP_68Ah,LMO_24Ah,39.9041,25.755838,0.8119000000000001,0.78586626
02HCB68111211Y87Y0009622,LFP_68Ah,LMO_24Ah,37.1305,26.599274,0.8424544117647059,0.78712547
02HCB68111211Y87Y0012947,LFP_68Ah,LFP_68Ah,39.5793,28.690104,0.8117617647058823,0.7906168
02HCB68111211Y87Y0003936,LFP_68Ah,NMC_15Ah,62.8233,58.72999,0.8382176470588236,0.77601975
02HCB68111211Y88D0005602,LFP_68Ah,LMO_24Ah,39.1172,25.266212,0.8460514705882353,0.78132176
02HCB68111211Y88E0004523,LFP_68Ah,LMO_24Ah,50.1764,29.17067,0.8356073529411765,0.80706793
02HCB68111211Y86V0003442,LFP_68Ah,LFP_68Ah,43.058,28.409544,0.6879132352941176,0.75785553
02HCB68111211Y86X0009373,LFP_68Ah,LFP_68Ah,18.8014,18.730793,0.7169970588235294,0.78008
02HCB68111211Y88E0004411,LFP_68Ah,NMC_15Ah,59.1842,54.5952,0.8248588235294118,0.75060207
02HCB68111211Y87Y0004508,LFP_68Ah,LFP_68Ah,75.0,64.538345,0.8487455882352941,0.78943413
02HCB68111211Y86M0004883,LFP_68Ah,LMO_24Ah,39.1115,25.62228,0.7269970588235294,0.7803318
02HCB68111211Y86L0005694,LFP_68Ah,LMO_24Ah,52.0063,37.930428,0.6864426470588235,0.78745484
02HCB68111211Y88E0004333,LFP_68Ah,LFP_68Ah,29.431,25.20232,0.8231911764705881,0.77866334
02HCB68111211Y87Y0007299,LFP_68Ah,LMO_24Ah,38.262,25.215006,0.8386073529411765,0.786591
PIP15829A00209415,LMO_10Ah,LMO_10Ah,38.8252,42.95634,0.67015,0.6624992
PIP15D26A03261343,LMO_10Ah,LMO_10Ah,61.3405,71.705666,0.71626,0.82223105
PIP15D19A03280145,LMO_10Ah,LMO_26Ah,41.6439,47.454945,0.74285,0.84173214
PIP15D01A03241499,LMO_10Ah,LMO_26Ah,47.5273,50.67733,0.79292,0.8475593
PIP15N21A50200177,LMO_10Ah,LMO_10Ah,8.6173,5.04712,0.87622,0.6812617
PIP15D25A03219538,LMO_10Ah,LMO_10Ah,26.4669,32.57383,0.8858900000000001,0.8146236
PIP15N26A01201901,LMO_10Ah,LMO_25Ah,30.3575,21.848183,0.87909,0.8510228
PIP15828A00213703,LMO_10Ah,LMO_10Ah,38.6217,38.188236,0.59307,0.5823343
PIP15D01A03221296,LMO_10Ah,LMO_10Ah,58.0204,59.364666,0.87905,0.9013404
PIP15N15A03208398,LMO_10Ah,LMO_10Ah,63.7579,64.869835,0.88277,0.8893586
PIP15N15A03208683,LMO_10Ah,LMO_10Ah,53.3811,55.193287,0.8700699999999999,0.8879051
PIP15D25A03243702,LMO_10Ah,LMO_10Ah,8.8585,6.8936143,0.8977299999999999,0.79650646
PIP15D26A03252860,LMO_10Ah,LMO_25Ah,50.482,37.780354,0.9214399999999999,0.9009371
PIP15D23A03282874,LMO_10Ah,LMO_26Ah,68.8352,64.69281,0.89416,0.88981783
PJP17601527003A007037,NMC_15Ah,NMC_15Ah,33.5103,37.35024,0.7527466666666667,0.8855192
PJP17930O01003A017268,NMC_15Ah,LMO_24Ah,52.0063,55.19121,0.75258,0.79182744
PJP17601527001A008674,NMC_15Ah,LMO_24Ah,35.3566,45.213936,0.7564933333333334,0.8645501
PJP17601529001A010983,NMC_15Ah,NMC_15Ah,19.9515,19.521816,0.7735933333333332,0.7933991
PJP17930O01001A011629,NMC_15Ah,LMO_24Ah,39.1115,40.089207,0.75428,0.7714064
PJP17601527001A008592,NMC_15Ah,LMO_24Ah,22.5881,19.5991,0.7639066666666667,0.9086661
PJP17601527002A007215,NMC_15Ah,LMO_24Ah,41.6439,39.371143,0.7767866666666666,0.76294136
PJP17601527003A007274,NMC_15Ah,NMC_15Ah,58.6931,59.930534,0.76566,0.7804494
PJP17601529001A003327,NMC_15Ah,LMO_24Ah,41.452,49.705463,0.7542866666666667,0.80669844
PJP17601529001A001010,NMC_15Ah,LMO_24Ah,41.3203,48.748898,0.7656533333333333,0.803159
PJP17930O01001A006207,NMC_15Ah,LMO_24Ah,37.1093,49.012585,0.7581,0.84857345
PJP17601527001A008438,NMC_15Ah,LMO_24Ah,65.0,66.09563,0.7541066666666667,0.7771716
PJP17601527003A009662,NMC_15Ah,NMC_15Ah,34.8354,35.198,0.7714599999999999,0.81800365
PJP17930O01003A016647,NMC_15Ah,LMO_24Ah,41.6497,49.529507,0.75896,0.8026451
PJP17530529002A000337,NMC_15Ah,NMC_15Ah,57.0066,65.72883,0.7549399999999999,0.8095756
PJP17601527003A009747,NMC_15Ah,LMO_24Ah,55.9235,57.08045,0.7671666666666667,0.7971954
PJP17601527001A012082,NMC_15Ah,LMO_24Ah,26.9765,17.004547,0.7630533333333334,0.96367097
PJP17930O01003A017730,NMC_15Ah,LMO_10Ah,8.3761,7.373452,0.7969666666666666,0.72787577
PJP17930O01003A018005,NMC_15Ah,LMO_24Ah,52.0704,50.39689,0.79294,0.78044844
02LCC02100101A87Y0026421,NMC_21Ah,NMC_15Ah,26.9765,27.38428,1.000052380952381,0.96080995
02LCC02100101A87Y0010168,NMC_21Ah,LMO_24Ah,34.3612,34.289017,1.0051,0.98728776
02LCC02100101A8BC0103482,NMC_21Ah,LMO_25Ah,8.135,9.614089,0.7755,0.7826994
02LCC02100101A87Y0074479,NMC_21Ah,NMC_21Ah,43.8556,34.926968,0.9881190476190476,0.8076217
02LCC02100101A87Y0020833,NMC_21Ah,NMC_21Ah,41.3203,40.3286,0.9979714285714285,0.99117935
02LCC02100101A87Y0027455,NMC_21Ah,NMC_15Ah,70.0,49.920055,1.011161904761905,0.9628755
02LCC02100101A87Y0173907,NMC_21Ah,NMC_21Ah,55.9235,54.08113,1.006,0.9992798
02LCC02100101A87Y0177229,NMC_21Ah,NMC_15Ah,49.0491,48.9045,0.9903,0.97634494
02LCC02100101A87Y0175162,NMC_21Ah,LMO_24Ah,34.8354,34.170948,1.001404761904762,0.9749244
02LCC02100101A87Y0172641,NMC_21Ah,LMO_24Ah,21.8027,24.432116,1.004309523809524,0.9507669
A170530525010800027,LMO_24Ah,LMO_10Ah,75.0,8.692316,0.7957208333333333,0.86626184
A170528511010800104,LMO_24Ah,NMC_15Ah,41.9541,44.13962,0.7689125,0.7884877
A170526507010800030,LMO_24Ah,NMC_21Ah,46.7917,51.987537,0.7420833333333333,0.7827191
A170622616030800696,LMO_24Ah,LMO_24Ah,9.0996,11.438382,1.095941666666667,1.1026038
A170527511010800595,LMO_24Ah,NMC_21Ah,20.5001,9.638371,0.7606625,0.9430261
A170531525010801074,LMO_24Ah,LMO_24Ah,44.7967,44.599113,0.802275,0.7998917
A170529511010800411,LMO_24Ah,LFP_35Ah,7.6527,14.33541,0.6376916666666667,0.7847023
A170528511010802245,LMO_24Ah,NMC_21Ah,36.6803,43.877987,0.74125,0.7845732
A170525507010800198,LMO_24Ah,NMC_15Ah,44.4627,46.51368,0.825625,0.8326143
A170606528030800466,LMO_24Ah,LMO_24Ah,40.1289,40.698627,1.0524,1.0654337
A170529511010800365,LMO_24Ah,LMO_26Ah,31.8633,33.671387,0.7595833333333334,0.8294302
515092904916,LMO_25Ah,LMO_25Ah,27.7305,33.565006,0.629024,0.6296938
515092905212,LMO_25Ah,LMO_24Ah,50.482,42.76943,0.918516,0.8531587
515093002457,LMO_25Ah,LMO_25Ah,7.8938,9.587084,0.715284,0.7338292
516020603556,LMO_25Ah,LMO_25Ah,35.3767,48.324623,0.6442319999999999,0.6705543
515092904019,LMO_25Ah,LMO_25Ah,41.6439,50.65094,0.7791079999999999,0.84057975
515093000451,LMO_25Ah,LMO_10Ah,8.8585,9.620803,0.934832,0.81331646
515092901182,LMO_25Ah,LMO_25Ah,7.1704,14.251624,0.601472,0.73989135
515092904740,LMO_25Ah,LMO_25Ah,25.6641,29.859829,0.617416,0.6203465
515100100624,LMO_25Ah,LMO_25Ah,8.3761,9.144395,0.8321599999999999,0.8180123
515093001782,LMO_25Ah,LMO_25Ah,50.1002,50.568356,0.925024,0.95324427
515093002576,LMO_25Ah,LMO_25Ah,50.1557,57.860172,0.804024,0.8483113
515093000724,LMO_25Ah,LMO_25Ah,38.8252,45.34686,0.7228279999999999,0.7070243
515093002348,LMO_25Ah,LMO_25Ah,21.1016,18.681768,0.782636,0.7165264
515092501338,LMO_25Ah,LMO_25Ah,32.339,35.016483,0.590388,0.5982518
515092901199,LMO_25Ah,LMO_25Ah,27.5501,44.96515,0.422888,0.5898488
515093000605,LMO_25Ah,LMO_24Ah,35.9961,35.42501,0.8718319999999999,0.8806134
515100102065,LMO_25Ah,NMC_21Ah,8.6173,8.370858,0.886136,0.7888565
515093002646,LMO_25Ah,LMO_25Ah,70.0083,73.47312,0.88878,0.9057506
515100101320,LMO_25Ah,LMO_25Ah,75.0,76.01166,0.795436,0.8871032
515092904410,LMO_25Ah,LMO_25Ah,44.4627,52.950752,0.84136,0.8958866
515093001367,LMO_25Ah,LMO_25Ah,44.7967,58.570656,0.7882760000000001,0.85987973
515093004000,LMO_25Ah,LMO_25Ah,41.9541,53.70318,0.746968,0.7153961
515100100526,LMO_25Ah,LMO_25Ah,22.2517,26.586224,0.872804,0.9037397
515092904584,LMO_25Ah,LMO_25Ah,50.0064,62.554806,0.7854439999999999,0.807096
515092905201,LMO_25Ah,LMO_24Ah,53.6027,45.859142,0.944636,0.86780256
H27734091053,LMO_26Ah,LMO_26Ah,8.3761,9.881731,0.8388307692307693,0.988556
H27735178005,LMO_26Ah,LMO_26Ah,53.3811,61.465263,0.8490000000000001,0.9471909
H27733490499,LMO_26Ah,LMO_26Ah,70.0083,73.25725,0.8877884615384615,0.9494465
H27734592855,LMO_26Ah,LMO_26Ah,22.2517,37.626472,0.8586153846153847,0.8196839
H27734492478,LMO_26Ah,LMO_24Ah,90.0,82.97052,0.9984076923076923,0.92526793
H27733590292,LMO_26Ah,LMO_26Ah,38.0625,37.696564,0.9464884615384614,0.96164995
H27734676393,LMO_26Ah,NMC_21Ah,62.6027,58.332798,0.9604461538461538,0.85804284
H27735077206,LMO_26Ah,LMO_26Ah,71.0838,69.93287,0.9195923076923077,0.92564887
H27735176665,LMO_26Ah,NMC_21Ah,53.3246,50.103065,0.998203846153846,0.9857299
H27734291854,LMO_26Ah,NMC_21Ah,24.5519,27.047579,0.9923153846153846,0.9283716
H27734591085,LMO_26Ah,LMO_26Ah,42.3415,45.569843,0.9497769230769231,0.93568784
H27734491651,LMO_26Ah,LMO_26Ah,85.0,83.50417,0.9381923076923078,0.87353355
H27735076930,LMO_26Ah,LMO_26Ah,75.214,74.20713,0.9650538461538462,0.9623167
H27734691342,LMO_26Ah,LMO_26Ah,85.0,84.37635,0.9401923076923077,0.89270633
H27735177571,LMO_26Ah,LMO_26Ah,75.0,81.62601,0.8238038461538462,0.9377755
17号,LFP_35Ah,LFP_35Ah,40.8667,28.195263,0.8172685714285713,0.872676
1号,LFP_35Ah,LFP_35Ah,41.452,26.712048,0.7431371428571428,0.8783074
34号,LFP_35Ah,LFP_35Ah,38.5265,29.11291,0.8159685714285715,0.893069
36号,LFP_35Ah,LFP_35Ah,32.1026,25.144783,0.88972,0.8970942
37号,LFP_35Ah,LFP_35Ah,33.7731,25.585405,0.88372,0.88951606
53号,LFP_35Ah,LFP_35Ah,53.3916,30.509108,0.9176657142857142,0.880329
8号,LFP_35Ah,LFP_35Ah,29.7969,25.170963,0.7810742857142857,0.81271505
9号,LFP_35Ah,LFP_35Ah,19.3077,17.10747,0.7772285714285714,0.8584291
02HCB68111211Y87Y0002979,LFP_68Ah,LFP_68Ah,21.1016,20.408333,0.8426367647058823,0.80786264
02HCB68111211Y88D0000337,LFP_68Ah,LMO_24Ah,44.7967,25.854961,0.8511661764705882,0.77968234
02HCB68111211Y88D0003997,LFP_68Ah,LFP_68Ah,18.1154,20.73322,0.6526647058823529,0.8063245
02HCB68111211Y87Y0011345,LFP_68Ah,LFP_68Ah,5.0,7.569819,0.8249632352941176,0.81857216
02HCB68111211Y87Y0015653,LFP_68Ah,LFP_68Ah,48.7083,28.328066,0.7779485294117647,0.75386196
02HCB68111211Y86L0000199,LFP_68Ah,LFP_68Ah,32.5404,24.120762,0.7060573529411764,0.7779992
02HCB68111211Y86X0004792,LFP_68Ah,LFP_68Ah,31.8633,24.149096,0.7697308823529412,0.7760103
02HCB68111211Y87Y0015365,LFP_68Ah,NMC_15Ah,60.1373,58.335014,0.8225014705882353,0.7708951
02HCB68111211Y86S0005042,LFP_68Ah,LFP_68Ah,41.9839,28.381502,0.6715102941176471,0.79067355
02HCB68111211Y88D0003294,LFP_68Ah,LFP_68Ah,46.8445,29.594242,0.8352544117647058,0.77939856
02HCB68111211Y88E0004340,LFP_68Ah,LFP_68Ah,44.1142,29.554472,0.8342852941176471,0.79089564
02HCB68111211Y87Y0013553,LFP_68Ah,LFP_68Ah,37.6917,27.648415,0.8047691176470588,0.7829823
02HCB68111211Y87Y0013903,LFP_68Ah,LMO_24Ah,39.9041,26.053823,0.8119000000000001,0.78844327
02HCB68111211Y87Y0009622,LFP_68Ah,LMO_24Ah,37.1305,26.770872,0.8424544117647059,0.7892214
02HCB68111211Y87Y0012947,LFP_68Ah,LFP_68Ah,39.5793,27.040676,0.8117617647058823,0.77783024
02HCB68111211Y87Y0003936,LFP_68Ah,LMO_24Ah,62.8233,58.80524,0.8382176470588236,0.7885414
02HCB68111211Y88D0005602,LFP_68Ah,LMO_24Ah,39.1172,25.324116,0.8460514705882353,0.79731303
02HCB68111211Y88E0004523,LFP_68Ah,LMO_24Ah,50.1764,28.22846,0.8356073529411765,0.7750942
02HCB68111211Y86V0003442,LFP_68Ah,LFP_68Ah,43.058,28.459995,0.6879132352941176,0.76198757
02HCB68111211Y86X0009373,LFP_68Ah,LFP_68Ah,18.8014,18.693607,0.7169970588235294,0.77379566
02HCB68111211Y88E0004411,LFP_68Ah,NMC_15Ah,59.1842,54.869698,0.8248588235294118,0.76835793
02HCB68111211Y87Y0004508,LFP_68Ah,LFP_68Ah,75.0,64.146385,0.8487455882352941,0.7936069
02HCB68111211Y86M0004883,LFP_68Ah,LMO_24Ah,39.1115,25.809458,0.7269970588235294,0.7873961
02HCB68111211Y86L0005694,LFP_68Ah,LMO_24Ah,52.0063,42.37607,0.6864426470588235,0.78797764
02HCB68111211Y88E0004333,LFP_68Ah,LMO_24Ah,29.431,25.140999,0.8231911764705881,0.78508544
02HCB68111211Y87Y0007299,LFP_68Ah,LMO_24Ah,38.262,25.388939,0.8386073529411765,0.7767213
PIP15829A00209415,LMO_10Ah,LMO_10Ah,38.8252,43.747597,0.67015,0.66360897
PIP15D26A03261343,LMO_10Ah,LMO_10Ah,61.3405,70.10383,0.71626,0.8334389
PIP15D19A03280145,LMO_10Ah,LMO_26Ah,41.6439,45.894848,0.74285,0.826776
PIP15D01A03241499,LMO_10Ah,LMO_26Ah,47.5273,51.241447,0.79292,0.8172725
PIP15N21A50200177,LMO_10Ah,LMO_10Ah,8.6173,5.0445094,0.87622,0.6716251
PIP15D25A03219538,LMO_10Ah,LMO_10Ah,26.4669,31.408339,0.8858900000000001,0.813775
PIP15N26A01201901,LMO_10Ah,LMO_25Ah,30.3575,21.889791,0.87909,0.85388684
PIP15828A00213703,LMO_10Ah,LMO_10Ah,38.6217,39.61494,0.59307,0.58344406
PIP15D01A03221296,LMO_10Ah,LMO_10Ah,58.0204,59.518116,0.87905,0.8969516
PIP15N15A03208398,LMO_10Ah,LMO_10Ah,63.7579,60.807606,0.88277,0.8397147
PIP15N15A03208683,LMO_10Ah,LMO_10Ah,53.3811,55.176514,0.8700699999999999,0.8863472
PIP15D25A03243702,LMO_10Ah,LMO_10Ah,8.8585,6.892912,0.8977299999999999,0.81650645
PIP15D26A03252860,LMO_10Ah,LMO_25Ah,50.482,29.579706,0.9214399999999999,1.0253482
PIP15D23A03282874,LMO_10Ah,LMO_26Ah,68.8352,65.131096,0.89416,0.8952368
PJP17601527003A007037,NMC_15Ah,NMC_15Ah,33.5103,35.21702,0.7527466666666667,0.7864742
PJP17930O01003A017268,NMC_15Ah,LMO_24Ah,52.0063,55.063923,0.75258,0.7851569
PJP17601527001A008674,NMC_15Ah,LMO_24Ah,35.3566,45.368843,0.7564933333333334,0.8908041
PJP17601529001A010983,NMC_15Ah,NMC_15Ah,19.9515,19.722378,0.7735933333333332,0.7938863
PJP17930O01001A011629,NMC_15Ah,LMO_24Ah,39.1115,40.108444,0.75428,0.7763433
PJP17601527001A008592,NMC_15Ah,LMO_24Ah,22.5881,19.560534,0.7639066666666667,0.8831611
PJP17601527002A007215,NMC_15Ah,LMO_24Ah,41.6439,39.327972,0.7767866666666666,0.7631204
PJP17601527003A007274,NMC_15Ah,NMC_15Ah,58.6931,59.877953,0.76566,0.78354824
PJP17601529001A003327,NMC_15Ah,LMO_24Ah,41.452,49.676777,0.7542866666666667,0.8135523
PJP17601529001A001010,NMC_15Ah,LMO_24Ah,41.3203,48.73123,0.7656533333333333,0.77267635
PJP17930O01001A006207,NMC_15Ah,LMO_24Ah,37.1093,48.779995,0.7581,0.9082143
PJP17601527001A008438,NMC_15Ah,LMO_24Ah,65.0,66.07848,0.7541066666666667,0.7672501
PJP17601527003A009662,NMC_15Ah,NMC_15Ah,34.8354,35.19193,0.7714599999999999,0.77486
PJP17930O01003A016647,NMC_15Ah,NMC_15Ah,41.6497,48.799397,0.75896,0.810114
PJP17530529002A000337,NMC_15Ah,NMC_15Ah,57.0066,59.888424,0.7549399999999999,0.7827778
PJP17601527003A009747,NMC_15Ah,LMO_24Ah,55.9235,57.663548,0.7671666666666667,0.79448503
PJP17601527001A012082,NMC_15Ah,LMO_24Ah,26.9765,21.300982,0.7630533333333334,0.8732955
PJP17930O01003A017730,NMC_15Ah,LMO_10Ah,8.3761,7.4181046,0.7969666666666666,0.71960527
PJP17930O01003A018005,NMC_15Ah,LMO_24Ah,52.0704,50.41138,0.79294,0.77778864
02LCC02100101A87Y0026421,NMC_21Ah,NMC_15Ah,26.9765,26.807213,1.000052380952381,0.9707586
02LCC02100101A87Y0010168,NMC_21Ah,LMO_24Ah,34.3612,34.63138,1.0051,0.98569137
02LCC02100101A8BC0103482,NMC_21Ah,LMO_25Ah,8.135,9.1703005,0.7755,0.7615907
02LCC02100101A87Y0074479,NMC_21Ah,NMC_15Ah,43.8556,44.468826,0.9881190476190476,0.9986862
02LCC02100101A87Y0020833,NMC_21Ah,NMC_21Ah,41.3203,40.317932,0.9979714285714285,0.9871289
02LCC02100101A87Y0027455,NMC_21Ah,NMC_15Ah,70.0,51.017986,1.011161904761905,0.96760756
02LCC02100101A87Y0173907,NMC_21Ah,NMC_21Ah,55.9235,46.89625,1.006,0.9571416
02LCC02100101A87Y0177229,NMC_21Ah,NMC_21Ah,49.0491,48.95648,0.9903,0.9830599
02LCC02100101A87Y0175162,NMC_21Ah,LMO_24Ah,34.8354,34.20568,1.001404761904762,0.9849845
02LCC02100101A87Y0172641,NMC_21Ah,LMO_25Ah,21.8027,23.777523,1.004309523809524,0.9588925
A170530525010800027,LMO_24Ah,LMO_10Ah,75.0,8.578766,0.7957208333333333,0.87436193
A170528511010800104,LMO_24Ah,LMO_24Ah,41.9541,44.02158,0.7689125,0.7682231
A170526507010800030,LMO_24Ah,NMC_21Ah,46.7917,52.039524,0.7420833333333333,0.79596066
A170622616030800696,LMO_24Ah,LMO_24Ah,9.0996,11.659773,1.095941666666667,1.1006142
A170527511010800595,LMO_24Ah,NMC_21Ah,20.5001,15.486946,0.7606625,0.78995645
A170531525010801074,LMO_24Ah,LMO_24Ah,44.7967,44.567772,0.802275,0.7967063
A170529511010800411,LMO_24Ah,LFP_35Ah,7.6527,14.319246,0.6376916666666667,0.78568053
A170528511010802245,LMO_24Ah,NMC_21Ah,36.6803,46.240948,0.74125,0.8268483
A170525507010800198,LMO_24Ah,NMC_15Ah,44.4627,46.277077,0.825625,1.0117791
A170606528030800466,LMO_24Ah,LMO_24Ah,40.1289,40.63927,1.0524,1.0416708
A170529511010800365,LMO_24Ah,LMO_26Ah,31.8633,33.766296,0.7595833333333334,0.818499
515092904916,LMO_25Ah,LMO_25Ah,27.7305,34.3601,0.629024,0.66755366
515092905212,LMO_25Ah,LMO_24Ah,50.482,42.694843,0.918516,0.9509951
515093002457,LMO_25Ah,LMO_25Ah,7.8938,9.452932,0.715284,0.7247103
516020603556,LMO_25Ah,LMO_25Ah,35.3767,43.656334,0.6442319999999999,0.6584177
515092904019,LMO_25Ah,LMO_25Ah,41.6439,50.54055,0.7791079999999999,0.8313675
515093000451,LMO_25Ah,LMO_10Ah,8.8585,9.324665,0.934832,0.8173622
515092901182,LMO_25Ah,LMO_25Ah,7.1704,13.5098095,0.601472,0.7587172
515092904740,LMO_25Ah,LMO_25Ah,25.6641,30.391718,0.617416,0.6341438
515100100624,LMO_25Ah,LMO_25Ah,8.3761,9.230802,0.8321599999999999,0.81453
515093001782,LMO_25Ah,NMC_21Ah,50.1002,50.267307,0.925024,0.8718485
515093002576,LMO_25Ah,LMO_25Ah,50.1557,56.615173,0.804024,0.8288378
515093000724,LMO_25Ah,LMO_25Ah,38.8252,44.101227,0.7228279999999999,0.7093524
515093002348,LMO_25Ah,LMO_25Ah,21.1016,19.12466,0.782636,0.69352543
515092501338,LMO_25Ah,LMO_25Ah,32.339,34.150818,0.590388,0.5996481
515092901199,LMO_25Ah,LMO_25Ah,27.5501,58.104237,0.422888,0.61675334
515093000605,LMO_25Ah,LMO_26Ah,35.9961,35.206913,0.8718319999999999,0.8852445
515100102065,LMO_25Ah,NMC_21Ah,8.6173,8.327035,0.886136,0.79194736
515093002646,LMO_25Ah,LMO_26Ah,70.0083,75.72772,0.88878,0.9461704
515100101320,LMO_25Ah,LMO_25Ah,75.0,74.86264,0.795436,0.8700578
515092904410,LMO_25Ah,LMO_25Ah,44.4627,52.743816,0.84136,0.9714281
515093001367,LMO_25Ah,LMO_25Ah,44.7967,56.908836,0.7882760000000001,0.8182913
515093004000,LMO_25Ah,LMO_25Ah,41.9541,53.556267,0.746968,0.7494684
515100100526,LMO_25Ah,LMO_25Ah,22.2517,26.86291,0.872804,0.91668123
515092904584,LMO_25Ah,LMO_26Ah,50.0064,61.458492,0.7854439999999999,0.8154732
515092905201,LMO_25Ah,LMO_24Ah,53.6027,47.17035,0.944636,0.8612999
H27734091053,LMO_26Ah,LMO_26Ah,8.3761,10.016583,0.8388307692307693,0.99967986
H27735178005,LMO_26Ah,LMO_26Ah,53.3811,61.106377,0.8490000000000001,0.9173704
H27733490499,LMO_26Ah,LMO_26Ah,70.0083,74.22518,0.8877884615384615,0.9197661
H27734592855,LMO_26Ah,LMO_26Ah,22.2517,28.26164,0.8586153846153847,0.93788326
H27734492478,LMO_26Ah,LMO_24Ah,90.0,82.53843,0.9984076923076923,0.9260641
H27733590292,LMO_26Ah,LMO_26Ah,38.0625,35.45476,0.9464884615384614,0.93161374
H27734676393,LMO_26Ah,NMC_21Ah,62.6027,58.379623,0.9604461538461538,0.8796401
H27735077206,LMO_26Ah,LMO_26Ah,71.0838,72.19181,0.9195923076923077,0.9516139
H27735176665,LMO_26Ah,NMC_21Ah,53.3246,49.626102,0.998203846153846,0.98563457
H27734291854,LMO_26Ah,NMC_21Ah,24.5519,27.41974,0.9923153846153846,0.9427867
H27734591085,LMO_26Ah,LMO_26Ah,42.3415,43.91381,0.9497769230769231,0.937354
H27734491651,LMO_26Ah,LMO_26Ah,85.0,84.717545,0.9381923076923078,0.9344838
H27735076930,LMO_26Ah,LMO_26Ah,75.214,74.82954,0.9650538461538462,0.9605913
H27734691342,LMO_26Ah,LMO_26Ah,85.0,83.91356,0.9401923076923077,0.94505
H27735177571,LMO_26Ah,LMO_26Ah,75.0,75.25521,0.8238038461538462,0.79823375
17号,LFP_35Ah,LFP_35Ah,40.8667,27.856201,0.8172685714285713,0.86294043
1号,LFP_35Ah,LFP_35Ah,41.452,26.727564,0.7431371428571428,0.87590265
34号,LFP_35Ah,LFP_35Ah,38.5265,28.882198,0.8159685714285715,0.90304315
36号,LFP_35Ah,LFP_35Ah,32.1026,25.022318,0.88972,0.8859669
37号,LFP_35Ah,LFP_35Ah,33.7731,25.378227,0.88372,0.89811325
53号,LFP_35Ah,LFP_35Ah,53.3916,29.20486,0.9176657142857142,0.8775073
8号,LFP_35Ah,LFP_35Ah,29.7969,25.187983,0.7810742857142857,0.8176368
9号,LFP_35Ah,LFP_35Ah,19.3077,17.118471,0.7772285714285714,0.85088295
02HCB68111211Y87Y0002979,LFP_68Ah,LFP_68Ah,21.1016,20.319157,0.8426367647058823,0.8017704
02HCB68111211Y88D0000337,LFP_68Ah,LMO_24Ah,44.7967,28.172922,0.8511661764705882,0.7942568
02HCB68111211Y88D0003997,LFP_68Ah,LFP_68Ah,18.1154,20.733202,0.6526647058823529,0.800962
02HCB68111211Y87Y0011345,LFP_68Ah,LFP_68Ah,5.0,4.960613,0.8249632352941176,0.81330097
02HCB68111211Y87Y0015653,LFP_68Ah,LFP_68Ah,48.7083,28.17371,0.7779485294117647,0.7706959
02HCB68111211Y86L0000199,LFP_68Ah,LFP_68Ah,32.5404,24.074247,0.7060573529411764,0.7780107
02HCB68111211Y86X0004792,LFP_68Ah,LFP_68Ah,31.8633,24.087013,0.7697308823529412,0.76889837
02HCB68111211Y87Y0015365,LFP_68Ah,NMC_15Ah,60.1373,59.007114,0.8225014705882353,0.78061646
02HCB68111211Y86S0005042,LFP_68Ah,LFP_68Ah,41.9839,28.808548,0.6715102941176471,0.78507954
02HCB68111211Y88D0003294,LFP_68Ah,LFP_68Ah,46.8445,29.261786,0.8352544117647058,0.7761696
02HCB68111211Y88E0004340,LFP_68Ah,LFP_68Ah,44.1142,29.620008,0.8342852941176471,0.776794
02HCB68111211Y87Y0013553,LFP_68Ah,LFP_68Ah,37.6917,27.625912,0.8047691176470588,0.7912652
02HCB68111211Y87Y0013903,LFP_68Ah,LMO_24Ah,39.9041,22.984339,0.8119000000000001,0.75583935
02HCB68111211Y87Y0009622,LFP_68Ah,LMO_24Ah,37.1305,26.717356,0.8424544117647059,0.78567475
02HCB68111211Y87Y0012947,LFP_68Ah,LFP_68Ah,39.5793,26.610653,0.8117617647058823,0.78126925
02HCB68111211Y87Y0003936,LFP_68Ah,NMC_15Ah,62.8233,15.380921,0.8382176470588236,0.7586863
02HCB68111211Y88D0005602,LFP_68Ah,LMO_24Ah,39.1172,25.473778,0.8460514705882353,0.78430635
02HCB68111211Y88E0004523,LFP_68Ah,LMO_24Ah,50.1764,20.907581,0.8356073529411765,0.77248186
02HCB68111211Y86V0003442,LFP_68Ah,LFP_68Ah,43.058,28.203266,0.6879132352941176,0.78494596
02HCB68111211Y86X0009373,LFP_68Ah,LFP_68Ah,18.8014,18.662663,0.7169970588235294,0.7449359
02HCB68111211Y88E0004411,LFP_68Ah,NMC_15Ah,59.1842,54.713562,0.8248588235294118,0.77611345
02HCB68111211Y87Y0004508,LFP_68Ah,LFP_68Ah,75.0,64.52433,0.8487455882352941,0.8007436
02HCB68111211Y86M0004883,LFP_68Ah,LMO_24Ah,39.1115,25.653482,0.7269970588235294,0.7699705
02HCB68111211Y86L0005694,LFP_68Ah,LFP_68Ah,52.0063,45.171024,0.6864426470588235,0.7846191
02HCB68111211Y88E0004333,LFP_68Ah,LFP_68Ah,29.431,24.510778,0.8231911764705881,0.7897506
02HCB68111211Y87Y0007299,LFP_68Ah,LMO_24Ah,38.262,25.101257,0.8386073529411765,0.7902949
PIP15829A00209415,LMO_10Ah,LMO_10Ah,38.8252,43.635048,0.67015,0.6703515
PIP15D26A03261343,LMO_10Ah,LMO_10Ah,61.3405,69.99654,0.71626,0.8146505
PIP15D19A03280145,LMO_10Ah,LMO_26Ah,41.6439,46.157257,0.74285,0.8271333
PIP15D01A03241499,LMO_10Ah,LMO_26Ah,47.5273,50.136456,0.79292,0.8565908
PIP15N21A50200177,LMO_10Ah,LMO_10Ah,8.6173,5.056222,0.87622,0.6699887
PIP15D25A03219538,LMO_10Ah,LMO_10Ah,26.4669,31.403696,0.8858900000000001,0.8172802
PIP15N26A01201901,LMO_10Ah,LMO_25Ah,30.3575,23.298967,0.87909,0.8446878
PIP15828A00213703,LMO_10Ah,LMO_10Ah,38.6217,39.321316,0.59307,0.57762814
PIP15D01A03221296,LMO_10Ah,LMO_10Ah,58.0204,59.870213,0.87905,0.8935069
PIP15N15A03208398,LMO_10Ah,LMO_10Ah,63.7579,43.757214,0.88277,0.6840844
PIP15N15A03208683,LMO_10Ah,LMO_10Ah,53.3811,54.64155,0.8700699999999999,0.88922405
PIP15D25A03243702,LMO_10Ah,LMO_10Ah,8.8585,6.8972707,0.8977299999999999,0.82584447
PIP15D26A03252860,LMO_10Ah,LMO_25Ah,50.482,38.803135,0.9214399999999999,0.9042887
PIP15D23A03282874,LMO_10Ah,LMO_26Ah,68.8352,66.54964,0.89416,0.8954206
PJP17601527003A007037,NMC_15Ah,NMC_15Ah,33.5103,35.23178,0.7527466666666667,0.78535914
PJP17930O01003A017268,NMC_15Ah,LMO_24Ah,52.0063,55.082924,0.75258,0.79282826
PJP17601527001A008674,NMC_15Ah,LMO_24Ah,35.3566,45.948578,0.7564933333333334,0.8760042
PJP17601529001A010983,NMC_15Ah,NMC_15Ah,19.9515,19.702614,0.7735933333333332,0.79380107
PJP17930O01001A011629,NMC_15Ah,LMO_24Ah,39.1115,39.845547,0.75428,0.7768049
PJP17601527001A008592,NMC_15Ah,LMO_24Ah,22.5881,18.338936,0.7639066666666667,0.9241375
PJP17601527002A007215,NMC_15Ah,LMO_24Ah,41.6439,38.994293,0.7767866666666666,0.7525396
PJP17601527003A007274,NMC_15Ah,NMC_15Ah,58.6931,59.846867,0.76566,0.7823354
PJP17601529001A003327,NMC_15Ah,NMC_15Ah,41.452,50.38696,0.7542866666666667,0.80698407
PJP17601529001A001010,NMC_15Ah,LMO_24Ah,41.3203,48.54705,0.7656533333333333,0.7698678
PJP17930O01001A006207,NMC_15Ah,LMO_24Ah,37.1093,48.24446,0.7581,0.8485575
PJP17601527001A008438,NMC_15Ah,LMO_24Ah,65.0,65.86447,0.7541066666666667,0.76820034
PJP17601527003A009662,NMC_15Ah,NMC_15Ah,34.8354,35.273052,0.7714599999999999,0.77684426
PJP17930O01003A016647,NMC_15Ah,NMC_15Ah,41.6497,49.246555,0.75896,0.8096872
PJP17530529002A000337,NMC_15Ah,NMC_15Ah,57.0066,65.29931,0.7549399999999999,0.80899847
PJP17601527003A009747,NMC_15Ah,LMO_24Ah,55.9235,56.757187,0.7671666666666667,0.7923973
PJP17601527001A012082,NMC_15Ah,LMO_24Ah,26.9765,23.635014,0.7630533333333334,0.81563276
PJP17930O01003A017730,NMC_15Ah,LMO_10Ah,8.3761,8.167721,0.7969666666666666,0.7511794
PJP17930O01003A018005,NMC_15Ah,LMO_24Ah,52.0704,50.249065,0.79294,0.7746979
02LCC02100101A87Y0026421,NMC_21Ah,NMC_15Ah,26.9765,26.693079,1.000052380952381,0.9798235
02LCC02100101A87Y0010168,NMC_21Ah,LMO_24Ah,34.3612,34.60458,1.0051,0.97559816
02LCC02100101A8BC0103482,NMC_21Ah,LMO_25Ah,8.135,9.222688,0.7755,0.7637307
02LCC02100101A87Y0074479,NMC_21Ah,NMC_21Ah,43.8556,44.583904,0.9881190476190476,1.0002867
02LCC02100101A87Y0020833,NMC_21Ah,NMC_21Ah,41.3203,40.251743,0.9979714285714285,0.9939917
02LCC02100101A87Y0027455,NMC_21Ah,NMC_15Ah,70.0,50.892982,1.011161904761905,0.96787053
02LCC02100101A87Y0173907,NMC_21Ah,NMC_21Ah,55.9235,53.973156,1.006,1.0023961
02LCC02100101A87Y0177229,NMC_21Ah,NMC_21Ah,49.0491,49.172993,0.9903,0.9801474
02LCC02100101A87Y0175162,NMC_21Ah,LMO_24Ah,34.8354,34.497185,1.001404761904762,0.9751323
02LCC02100101A87Y0172641,NMC_21Ah,LMO_25Ah,21.8027,23.597645,1.004309523809524,0.96741194
A170530525010800027,LMO_24Ah,LMO_10Ah,75.0,8.637829,0.7957208333333333,0.8566558
A170528511010800104,LMO_24Ah,LMO_24Ah,41.9541,42.574142,0.7689125,0.77579767
A170526507010800030,LMO_24Ah,NMC_21Ah,46.7917,52.10051,0.7420833333333333,0.7745046
A170622616030800696,LMO_24Ah,LMO_24Ah,9.0996,8.815513,1.095941666666667,0.99409705
A170527511010800595,LMO_24Ah,NMC_21Ah,20.5001,8.825208,0.7606625,0.84647286
A170531525010801074,LMO_24Ah,LMO_24Ah,44.7967,44.85755,0.802275,0.79718035
A170529511010800411,LMO_24Ah,LMO_10Ah,7.6527,14.313651,0.6376916666666667,0.7893641
A170528511010802245,LMO_24Ah,LMO_25Ah,36.6803,47.95429,0.74125,0.87140906
A170525507010800198,LMO_24Ah,NMC_15Ah,44.4627,45.64463,0.825625,0.7906398
A170606528030800466,LMO_24Ah,LMO_24Ah,40.1289,40.38409,1.0524,1.0357152
A170529511010800365,LMO_24Ah,LMO_25Ah,31.8633,32.932205,0.7595833333333334,0.83994526
515092904916,LMO_25Ah,LMO_25Ah,27.7305,34.796677,0.629024,0.6501965
515092905212,LMO_25Ah,LMO_24Ah,50.482,44.45893,0.918516,0.9322405
515093002457,LMO_25Ah,LMO_25Ah,7.8938,9.547418,0.715284,0.7022606
516020603556,LMO_25Ah,LMO_25Ah,35.3767,39.854385,0.6442319999999999,0.5757124
515092904019,LMO_25Ah,LMO_25Ah,41.6439,50.40743,0.7791079999999999,0.8372843
515093000451,LMO_25Ah,LMO_10Ah,8.8585,9.245271,0.934832,0.8004188
515092901182,LMO_25Ah,LMO_25Ah,7.1704,13.243928,0.601472,0.7556965
515092904740,LMO_25Ah,LMO_25Ah,25.6641,27.479847,0.617416,0.6379709
515100100624,LMO_25Ah,LMO_25Ah,8.3761,9.018563,0.8321599999999999,0.82117313
515093001782,LMO_25Ah,NMC_21Ah,50.1002,50.316875,0.925024,0.9022299
515093002576,LMO_25Ah,LMO_25Ah,50.1557,57.968235,0.804024,0.7694821
515093000724,LMO_25Ah,LMO_25Ah,38.8252,43.09613,0.7228279999999999,0.7587408
515093002348,LMO_25Ah,LMO_25Ah,21.1016,18.568401,0.782636,0.75654113
515092501338,LMO_25Ah,LMO_25Ah,32.339,32.576622,0.590388,0.5973901
515092901199,LMO_25Ah,LMO_25Ah,27.5501,43.578552,0.422888,0.5862887
515093000605,LMO_25Ah,LMO_26Ah,35.9961,34.717953,0.8718319999999999,0.87261254
515100102065,LMO_25Ah,NMC_21Ah,8.6173,8.490009,0.886136,0.82028437
515093002646,LMO_25Ah,LMO_25Ah,70.0083,75.24024,0.88878,0.8968809
515100101320,LMO_25Ah,LMO_25Ah,75.0,75.19984,0.795436,0.85756516
515092904410,LMO_25Ah,LMO_25Ah,44.4627,50.387856,0.84136,0.9001068
515093001367,LMO_25Ah,LMO_25Ah,44.7967,56.71857,0.7882760000000001,0.83313006
515093004000,LMO_25Ah,LMO_25Ah,41.9541,50.74015,0.746968,0.7889533
515100100526,LMO_25Ah,LMO_25Ah,22.2517,26.368773,0.872804,0.92419124
515092904584,LMO_25Ah,LMO_25Ah,50.0064,62.551983,0.7854439999999999,0.83260214
515092905201,LMO_25Ah,LMO_24Ah,53.6027,46.279438,0.944636,0.94561285
H27734091053,LMO_26Ah,LMO_26Ah,8.3761,10.103902,0.8388307692307693,0.98794395
H27735178005,LMO_26Ah,LMO_26Ah,53.3811,61.509148,0.8490000000000001,0.9179156
H27733490499,LMO_26Ah,LMO_26Ah,70.0083,74.702614,0.8877884615384615,0.85431075
H27734592855,LMO_26Ah,LMO_26Ah,22.2517,27.28738,0.8586153846153847,0.8972585
H27734492478,LMO_26Ah,LMO_26Ah,90.0,84.33352,0.9984076923076923,0.9327547
H27733590292,LMO_26Ah,LMO_26Ah,38.0625,35.087154,0.9464884615384614,0.92018193
H27734676393,LMO_26Ah,NMC_21Ah,62.6027,61.79843,0.9604461538461538,0.86815053
H27735077206,LMO_26Ah,LMO_26Ah,71.0838,72.72398,0.9195923076923077,0.94202757
H27735176665,LMO_26Ah,NMC_21Ah,53.3246,50.66426,0.998203846153846,0.98054785
H27734291854,LMO_26Ah,NMC_21Ah,24.5519,26.916758,0.9923153846153846,0.9536841
H27734591085,LMO_26Ah,LMO_26Ah,42.3415,45.25561,0.9497769230769231,0.9693896
H27734491651,LMO_26Ah,LMO_26Ah,85.0,83.68617,0.9381923076923078,0.9547072
H27735076930,LMO_26Ah,LMO_26Ah,75.214,75.14019,0.9650538461538462,0.93844295
H27734691342,LMO_26Ah,LMO_26Ah,85.0,85.06277,0.9401923076923077,0.9397563
H27735177571,LMO_26Ah,LMO_26Ah,75.0,81.40048,0.8238038461538462,0.92938083
17号,LFP_35Ah,LFP_35Ah,40.8667,28.175594,0.8172685714285713,0.8696242
1号,LFP_35Ah,LFP_35Ah,41.452,26.711195,0.7431371428571428,0.8829793
34号,LFP_35Ah,LFP_35Ah,38.5265,27.026283,0.8159685714285715,0.8961709
36号,LFP_35Ah,LFP_35Ah,32.1026,25.109432,0.88972,0.887112
37号,LFP_35Ah,LFP_35Ah,33.7731,25.425604,0.88372,0.89882654
53号,LFP_35Ah,LFP_35Ah,53.3916,30.629679,0.9176657142857142,0.8817924
8号,LFP_35Ah,LFP_35Ah,29.7969,25.172218,0.7810742857142857,0.8158596
9号,LFP_35Ah,LFP_35Ah,19.3077,16.134058,0.7772285714285714,0.8444947
02HCB68111211Y87Y0002979,LFP_68Ah,LFP_68Ah,21.1016,20.347763,0.8426367647058823,0.8062286
02HCB68111211Y88D0000337,LFP_68Ah,LMO_24Ah,44.7967,27.001257,0.8511661764705882,0.75632834
02HCB68111211Y88D0003997,LFP_68Ah,LFP_68Ah,18.1154,20.591433,0.6526647058823529,0.81060004
02HCB68111211Y87Y0011345,LFP_68Ah,LFP_68Ah,5.0,4.9645586,0.8249632352941176,0.814988
02HCB68111211Y87Y0015653,LFP_68Ah,LFP_68Ah,48.7083,28.187918,0.7779485294117647,0.766847
02HCB68111211Y86L0000199,LFP_68Ah,LFP_68Ah,32.5404,25.333378,0.7060573529411764,0.79132664
02HCB68111211Y86X0004792,LFP_68Ah,LFP_68Ah,31.8633,25.312635,0.7697308823529412,0.77854276
02HCB68111211Y87Y0015365,LFP_68Ah,NMC_15Ah,60.1373,58.82562,0.8225014705882353,0.77051264
02HCB68111211Y86S0005042,LFP_68Ah,LFP_68Ah,41.9839,28.875786,0.6715102941176471,0.8126233
02HCB68111211Y88D0003294,LFP_68Ah,LFP_68Ah,46.8445,29.83002,0.8352544117647058,0.7795116
02HCB68111211Y88E0004340,LFP_68Ah,LFP_68Ah,44.1142,30.20396,0.8342852941176471,0.79627454
02HCB68111211Y87Y0013553,LFP_68Ah,LFP_68Ah,37.6917,24.090796,0.8047691176470588,0.7864163
02HCB68111211Y87Y0013903,LFP_68Ah,LMO_24Ah,39.9041,23.011806,0.8119000000000001,0.79021764
02HCB68111211Y87Y0009622,LFP_68Ah,LMO_24Ah,37.1305,25.798851,0.8424544117647059,0.783631
02HCB68111211Y87Y0012947,LFP_68Ah,LFP_68Ah,39.5793,28.316025,0.8117617647058823,0.7841054
02HCB68111211Y87Y0003936,LFP_68Ah,LMO_24Ah,62.8233,58.76668,0.8382176470588236,0.7871646
02HCB68111211Y88D0005602,LFP_68Ah,LMO_24Ah,39.1172,26.142086,0.8460514705882353,0.7884678
02HCB68111211Y88E0004523,LFP_68Ah,LMO_24Ah,50.1764,17.61165,0.8356073529411765,0.76053554
02HCB68111211Y86V0003442,LFP_68Ah,LFP_68Ah,43.058,28.964872,0.6879132352941176,0.80246735
02HCB68111211Y86X0009373,LFP_68Ah,LFP_68Ah,18.8014,18.55148,0.7169970588235294,0.75214946
02HCB68111211Y88E0004411,LFP_68Ah,NMC_15Ah,59.1842,54.08869,0.8248588235294118,0.76978123
02HCB68111211Y87Y0004508,LFP_68Ah,LFP_68Ah,75.0,64.39812,0.8487455882352941,0.7873183
02HCB68111211Y86M0004883,LFP_68Ah,LMO_24Ah,39.1115,26.986944,0.7269970588235294,0.7611038
02HCB68111211Y86L0005694,LFP_68Ah,LFP_68Ah,52.0063,47.93611,0.6864426470588235,0.7684617
02HCB68111211Y88E0004333,LFP_68Ah,LFP_68Ah,29.431,24.52295,0.8231911764705881,0.7984367
02HCB68111211Y87Y0007299,LFP_68Ah,LMO_24Ah,38.262,22.234692,0.8386073529411765,0.788534
PIP15829A00209415,LMO_10Ah,LMO_10Ah,38.8252,42.20583,0.67015,0.66981643
PIP15D26A03261343,LMO_10Ah,LMO_10Ah,61.3405,70.7055,0.71626,0.7818062
PIP15D19A03280145,LMO_10Ah,LMO_26Ah,41.6439,44.23186,0.74285,0.86943656
PIP15D01A03241499,LMO_10Ah,LMO_26Ah,47.5273,49.294262,0.79292,0.8507278
PIP15N21A50200177,LMO_10Ah,LMO_10Ah,8.6173,5.0631557,0.87622,0.67096764
PIP15D25A03219538,LMO_10Ah,LFP_68Ah,26.4669,47.808697,0.8858900000000001,0.8763039
PIP15N26A01201901,LMO_10Ah,LMO_25Ah,30.3575,23.578844,0.87909,0.83965904
PIP15828A00213703,LMO_10Ah,LMO_10Ah,38.6217,42.004223,0.59307,0.62998366
PIP15D01A03221296,LMO_10Ah,LMO_10Ah,58.0204,59.80473,0.87905,0.90532726
PIP15N15A03208398,LMO_10Ah,LMO_10Ah,63.7579,64.87325,0.88277,0.8941864
PIP15N15A03208683,LMO_10Ah,LMO_10Ah,53.3811,54.27832,0.8700699999999999,0.8747461
PIP15D25A03243702,LMO_10Ah,LMO_10Ah,8.8585,6.781556,0.8977299999999999,0.8230746
PIP15D26A03252860,LMO_10Ah,LMO_25Ah,50.482,42.068077,0.9214399999999999,0.89187837
PIP15D23A03282874,LMO_10Ah,LMO_10Ah,68.8352,67.666435,0.89416,0.8951521
PJP17601527003A007037,NMC_15Ah,NMC_15Ah,33.5103,35.28408,0.7527466666666667,0.7845224
PJP17930O01003A017268,NMC_15Ah,LMO_24Ah,52.0063,55.05647,0.75258,0.78791463
PJP17601527001A008674,NMC_15Ah,LMO_24Ah,35.3566,45.01025,0.7564933333333334,0.87505966
PJP17601529001A010983,NMC_15Ah,NMC_15Ah,19.9515,19.890846,0.7735933333333332,0.7934699
PJP17930O01001A011629,NMC_15Ah,LMO_24Ah,39.1115,41.729946,0.75428,0.8444592
PJP17601527001A008592,NMC_15Ah,LMO_24Ah,22.5881,6.809159,0.7639066666666667,0.9255213
PJP17601527002A007215,NMC_15Ah,LMO_24Ah,41.6439,39.453316,0.7767866666666666,0.7919963
PJP17601527003A007274,NMC_15Ah,NMC_15Ah,58.6931,59.839573,0.76566,0.7835767
PJP17601529001A003327,NMC_15Ah,NMC_15Ah,41.452,50.496387,0.7542866666666667,0.85305536
PJP17601529001A001010,NMC_15Ah,LMO_24Ah,41.3203,44.076977,0.7656533333333333,0.76045245
PJP17930O01001A006207,NMC_15Ah,LMO_24Ah,37.1093,48.56155,0.7581,0.9396876
PJP17601527001A008438,NMC_15Ah,LMO_24Ah,65.0,74.86737,0.7541066666666667,0.83199465
PJP17601527003A009662,NMC_15Ah,NMC_15Ah,34.8354,35.26385,0.7714599999999999,0.7756105
PJP17930O01003A016647,NMC_15Ah,NMC_15Ah,41.6497,49.192932,0.75896,0.8071052
PJP17530529002A000337,NMC_15Ah,NMC_15Ah,57.0066,59.917316,0.7549399999999999,0.79131263
PJP17601527003A009747,NMC_15Ah,LMO_24Ah,55.9235,56.654705,0.7671666666666667,0.7793075
PJP17601527001A012082,NMC_15Ah,LMO_24Ah,26.9765,23.890797,0.7630533333333334,0.823769
PJP17930O01003A017730,NMC_15Ah,LMO_10Ah,8.3761,8.169058,0.7969666666666666,0.7586427
PJP17930O01003A018005,NMC_15Ah,NMC_15Ah,52.0704,50.207375,0.79294,0.775091
02LCC02100101A87Y0026421,NMC_21Ah,NMC_21Ah,26.9765,26.820114,1.000052380952381,0.9759661
02LCC02100101A87Y0010168,NMC_21Ah,NMC_21Ah,34.3612,34.57371,1.0051,0.98077846
02LCC02100101A8BC0103482,NMC_21Ah,LMO_25Ah,8.135,9.726119,0.7755,0.7638368
02LCC02100101A87Y0074479,NMC_21Ah,NMC_21Ah,43.8556,44.617367,0.9881190476190476,1.0000986
02LCC02100101A87Y0020833,NMC_21Ah,NMC_21Ah,41.3203,40.186893,0.9979714285714285,0.99451315
02LCC02100101A87Y0027455,NMC_21Ah,NMC_15Ah,70.0,50.820274,1.011161904761905,0.9755742
02LCC02100101A87Y0173907,NMC_21Ah,NMC_21Ah,55.9235,55.02965,1.006,1.0026629
02LCC02100101A87Y0177229,NMC_21Ah,NMC_21Ah,49.0491,49.029434,0.9903,0.9906838
02LCC02100101A87Y0175162,NMC_21Ah,LMO_24Ah,34.8354,34.492424,1.001404761904762,0.971198
02LCC02100101A87Y0172641,NMC_21Ah,LMO_25Ah,21.8027,23.654856,1.004309523809524,0.9655281
A170530525010800027,LMO_24Ah,LMO_10Ah,75.0,8.623195,0.7957208333333333,0.8674411
A170528511010800104,LMO_24Ah,LMO_24Ah,41.9541,41.198296,0.7689125,0.7696586
A170526507010800030,LMO_24Ah,LMO_24Ah,46.7917,51.907288,0.7420833333333333,0.7819463
A170622616030800696,LMO_24Ah,LMO_24Ah,9.0996,11.207968,1.095941666666667,1.1142853
A170527511010800595,LMO_24Ah,NMC_21Ah,20.5001,25.334612,0.7606625,0.8644322
A170531525010801074,LMO_24Ah,LMO_24Ah,44.7967,44.872437,0.802275,0.82363427
A170529511010800411,LMO_24Ah,LMO_10Ah,7.6527,14.110308,0.6376916666666667,0.7755496
A170528511010802245,LMO_24Ah,LMO_25Ah,36.6803,48.212967,0.74125,0.8668667
A170525507010800198,LMO_24Ah,NMC_15Ah,44.4627,45.798874,0.825625,0.7859382
A170606528030800466,LMO_24Ah,LMO_24Ah,40.1289,40.40853,1.0524,1.0590864
A170529511010800365,LMO_24Ah,LMO_25Ah,31.8633,33.114544,0.7595833333333334,0.84715956
515092904916,LMO_25Ah,LMO_25Ah,27.7305,36.050495,0.629024,0.6703028
515092905212,LMO_25Ah,LMO_24Ah,50.482,44.82019,0.918516,0.8971677
515093002457,LMO_25Ah,LMO_25Ah,7.8938,9.553155,0.715284,0.7313477
516020603556,LMO_25Ah,LMO_25Ah,35.3767,39.634655,0.6442319999999999,0.6642729
515092904019,LMO_25Ah,LMO_25Ah,41.6439,50.110077,0.7791079999999999,0.77120024
515093000451,LMO_25Ah,LMO_10Ah,8.8585,9.289737,0.934832,0.8063895
515092901182,LMO_25Ah,LMO_25Ah,7.1704,13.308443,0.601472,0.76083255
515092904740,LMO_25Ah,LMO_25Ah,25.6641,25.834133,0.617416,0.62558556
515100100624,LMO_25Ah,LMO_25Ah,8.3761,9.085939,0.8321599999999999,0.8239013
515093001782,LMO_25Ah,NMC_21Ah,50.1002,50.89282,0.925024,0.9457676
515093002576,LMO_25Ah,LMO_25Ah,50.1557,57.632,0.804024,0.8065772
515093000724,LMO_25Ah,LMO_25Ah,38.8252,36.900337,0.7228279999999999,0.6710997
515093002348,LMO_25Ah,LMO_25Ah,21.1016,18.277676,0.782636,0.71661276
515092501338,LMO_25Ah,LMO_25Ah,32.339,32.93252,0.590388,0.5873045
515092901199,LMO_25Ah,LMO_25Ah,27.5501,43.208015,0.422888,0.57222617
515093000605,LMO_25Ah,LMO_26Ah,35.9961,38.356647,0.8718319999999999,0.854555
515100102065,LMO_25Ah,LMO_25Ah,8.6173,8.232723,0.886136,0.8119025
515093002646,LMO_25Ah,LMO_25Ah,70.0083,70.77542,0.88878,0.8331874
515100101320,LMO_25Ah,LMO_25Ah,75.0,73.868004,0.795436,0.8508937
515092904410,LMO_25Ah,LMO_25Ah,44.4627,49.41645,0.84136,0.87708133
515093001367,LMO_25Ah,LMO_25Ah,44.7967,56.82554,0.7882760000000001,0.83203495
515093004000,LMO_25Ah,LMO_25Ah,41.9541,45.148777,0.746968,0.7701921
515100100526,LMO_25Ah,LMO_25Ah,22.2517,26.395748,0.872804,0.9176809
515092904584,LMO_25Ah,LMO_25Ah,50.0064,62.794914,0.7854439999999999,0.73943347
515092905201,LMO_25Ah,LMO_24Ah,53.6027,46.021988,0.944636,0.95635915
H27734091053,LMO_26Ah,LMO_26Ah,8.3761,10.356417,0.8388307692307693,0.99081206
H27735178005,LMO_26Ah,LMO_26Ah,53.3811,63.2466,0.8490000000000001,0.89067936
H27733490499,LMO_26Ah,LMO_26Ah,70.0083,72.30819,0.8877884615384615,0.8657921
H27734592855,LMO_26Ah,LMO_26Ah,22.2517,26.20393,0.8586153846153847,0.8983982
H27734492478,LMO_26Ah,LMO_24Ah,90.0,72.53623,0.9984076923076923,0.88832927
H27733590292,LMO_26Ah,LMO_26Ah,38.0625,36.15286,0.9464884615384614,0.9000012
H27734676393,LMO_26Ah,NMC_21Ah,62.6027,62.51761,0.9604461538461538,0.91264164
H27735077206,LMO_26Ah,LMO_26Ah,71.0838,73.38821,0.9195923076923077,0.9584383
H27735176665,LMO_26Ah,LMO_26Ah,53.3246,50.245487,0.998203846153846,0.95365685
H27734291854,LMO_26Ah,NMC_21Ah,24.5519,26.283474,0.9923153846153846,0.9736998
H27734591085,LMO_26Ah,LMO_26Ah,42.3415,43.693024,0.9497769230769231,0.9687303
H27734491651,LMO_26Ah,LMO_26Ah,85.0,83.71174,0.9381923076923078,0.90631
H27735076930,LMO_26Ah,LMO_26Ah,75.214,74.31253,0.9650538461538462,0.9681243
H27734691342,LMO_26Ah,LMO_26Ah,85.0,77.47228,0.9401923076923077,0.8560772
H27735177571,LMO_26Ah,LMO_26Ah,75.0,81.92756,0.8238038461538462,0.9417567
17号,LFP_35Ah,LFP_35Ah,40.8667,26.823318,0.8172685714285713,0.8743242
1号,LFP_35Ah,LFP_35Ah,41.452,26.757229,0.7431371428571428,0.8934311
34号,LFP_35Ah,LFP_35Ah,38.5265,27.148691,0.8159685714285715,0.89374804
36号,LFP_35Ah,LFP_35Ah,32.1026,25.038282,0.88972,0.8921436
37号,LFP_35Ah,LFP_35Ah,33.7731,25.311039,0.88372,0.894185
53号,LFP_35Ah,LFP_35Ah,53.3916,30.765776,0.9176657142857142,0.8919753
8号,LFP_35Ah,LFP_35Ah,29.7969,25.309675,0.7810742857142857,0.8089196
9号,LFP_35Ah,LFP_35Ah,19.3077,16.130676,0.7772285714285714,0.8523603
02HCB68111211Y87Y0002979,LFP_68Ah,LFP_68Ah,21.1016,20.369152,0.8426367647058823,0.78861016
02HCB68111211Y88D0000337,LFP_68Ah,LMO_24Ah,44.7967,26.815,0.8511661764705882,0.7670729
02HCB68111211Y88D0003997,LFP_68Ah,LMO_10Ah,18.1154,20.496935,0.6526647058823529,0.79628474
02HCB68111211Y87Y0011345,LFP_68Ah,LFP_68Ah,5.0,4.9714923,0.8249632352941176,0.8206955
02HCB68111211Y87Y0015653,LFP_68Ah,LFP_68Ah,48.7083,29.2484,0.7779485294117647,0.80630124
02HCB68111211Y86L0000199,LFP_68Ah,LFP_68Ah,32.5404,25.45032,0.7060573529411764,0.77440184
02HCB68111211Y86X0004792,LFP_68Ah,LFP_68Ah,31.8633,25.349321,0.7697308823529412,0.79195786
02HCB68111211Y87Y0015365,LFP_68Ah,LFP_68Ah,60.1373,59.028236,0.8225014705882353,0.76023304
02HCB68111211Y86S0005042,LFP_68Ah,LFP_68Ah,41.9839,28.926476,0.6715102941176471,0.79894185
02HCB68111211Y88D0003294,LFP_68Ah,LFP_68Ah,46.8445,29.760332,0.8352544117647058,0.75978094
02HCB68111211Y88E0004340,LFP_68Ah,LFP_68Ah,44.1142,28.07432,0.8342852941176471,0.7783964
02HCB68111211Y87Y0013553,LFP_68Ah,LFP_68Ah,37.6917,25.776695,0.8047691176470588,0.7819532
02HCB68111211Y87Y0013903,LFP_68Ah,LMO_24Ah,39.9041,23.621386,0.8119000000000001,0.77754235
02HCB68111211Y87Y0009622,LFP_68Ah,LMO_24Ah,37.1305,23.062572,0.8424544117647059,0.7711039
02HCB68111211Y87Y0012947,LFP_68Ah,LFP_68Ah,39.5793,28.894005,0.8117617647058823,0.7659561
02HCB68111211Y87Y0003936,LFP_68Ah,LFP_68Ah,62.8233,59.580982,0.8382176470588236,0.80624133
02HCB68111211Y88D0005602,LFP_68Ah,LMO_24Ah,39.1172,22.838299,0.8460514705882353,0.78791064
02HCB68111211Y88E0004523,LFP_68Ah,LMO_24Ah,50.1764,29.64481,0.8356073529411765,0.76073277
02HCB68111211Y86V0003442,LFP_68Ah,LFP_68Ah,43.058,29.504108,0.6879132352941176,0.818081
02HCB68111211Y86X0009373,LFP_68Ah,LFP_68Ah,18.8014,18.625069,0.7169970588235294,0.7574964
02HCB68111211Y88E0004411,LFP_68Ah,LMO_24Ah,59.1842,57.01195,0.8248588235294118,0.76412994
02HCB68111211Y87Y0004508,LFP_68Ah,LFP_68Ah,75.0,64.56781,0.8487455882352941,0.7676395
02HCB68111211Y86M0004883,LFP_68Ah,LMO_24Ah,39.1115,27.162584,0.7269970588235294,0.76760226
02HCB68111211Y86L0005694,LFP_68Ah,LFP_68Ah,52.0063,48.047005,0.6864426470588235,0.7774834
02HCB68111211Y88E0004333,LFP_68Ah,LFP_68Ah,29.431,24.442595,0.8231911764705881,0.7790392
02HCB68111211Y87Y0007299,LFP_68Ah,LMO_24Ah,38.262,22.632755,0.8386073529411765,0.78334224
PIP15829A00209415,LMO_10Ah,LMO_10Ah,38.8252,42.585514,0.67015,0.67093205
PIP15D26A03261343,LMO_10Ah,LMO_10Ah,61.3405,72.04734,0.71626,0.83354324
PIP15D19A03280145,LMO_10Ah,LMO_26Ah,41.6439,43.94124,0.74285,0.81438845
PIP15D01A03241499,LMO_10Ah,LMO_26Ah,47.5273,48.002563,0.79292,0.8478443
PIP15N21A50200177,LMO_10Ah,LMO_10Ah,8.6173,5.0327992,0.87622,0.6740947
PIP15D25A03219538,LMO_10Ah,LMO_10Ah,26.4669,27.79685,0.8858900000000001,0.8503784
PIP15N26A01201901,LMO_10Ah,LMO_25Ah,30.3575,22.825996,0.87909,0.81882334
PIP15828A00213703,LMO_10Ah,LMO_10Ah,38.6217,41.350086,0.59307,0.62968445
PIP15D01A03221296,LMO_10Ah,LMO_10Ah,58.0204,58.36142,0.87905,0.89300156
PIP15N15A03208398,LMO_10Ah,LMO_10Ah,63.7579,60.72679,0.88277,0.85566413
PIP15N15A03208683,LMO_10Ah,LMO_10Ah,53.3811,53.95219,0.8700699999999999,0.8911102
PIP15D25A03243702,LMO_10Ah,LMO_10Ah,8.8585,7.6948423,0.8977299999999999,0.81092775
PIP15D26A03252860,LMO_10Ah,LMO_25Ah,50.482,41.338608,0.9214399999999999,0.896958
PIP15D23A03282874,LMO_10Ah,LMO_10Ah,68.8352,65.26729,0.89416,0.9381484
PJP17601527003A007037,NMC_15Ah,NMC_15Ah,33.5103,35.008575,0.7527466666666667,0.786701
PJP17930O01003A017268,NMC_15Ah,NMC_15Ah,52.0063,54.890945,0.75258,0.78842044
PJP17601527001A008674,NMC_15Ah,LMO_24Ah,35.3566,45.222355,0.7564933333333334,0.8518109
PJP17601529001A010983,NMC_15Ah,NMC_15Ah,19.9515,20.159346,0.7735933333333332,0.7966807
PJP17930O01001A011629,NMC_15Ah,NMC_15Ah,39.1115,39.867638,0.75428,0.7715659
PJP17601527001A008592,NMC_15Ah,LMO_24Ah,22.5881,16.939787,0.7639066666666667,0.88397807
PJP17601527002A007215,NMC_15Ah,LMO_24Ah,41.6439,39.856358,0.7767866666666666,0.77616036
PJP17601527003A007274,NMC_15Ah,NMC_15Ah,58.6931,64.09592,0.76566,0.8089328
PJP17601529001A003327,NMC_15Ah,NMC_15Ah,41.452,49.065025,0.7542866666666667,0.81388104
PJP17601529001A001010,NMC_15Ah,NMC_15Ah,41.3203,46.844677,0.7656533333333333,0.8952636
PJP17930O01001A006207,NMC_15Ah,LMO_24Ah,37.1093,46.927135,0.7581,0.8196882
PJP17601527001A008438,NMC_15Ah,LMO_24Ah,65.0,65.92901,0.7541066666666667,0.76515853
PJP17601527003A009662,NMC_15Ah,NMC_15Ah,34.8354,35.10972,0.7714599999999999,0.77399653
PJP17930O01003A016647,NMC_15Ah,NMC_15Ah,41.6497,48.697895,0.75896,0.82276994
PJP17530529002A000337,NMC_15Ah,NMC_15Ah,57.0066,59.815216,0.7549399999999999,0.7962844
PJP17601527003A009747,NMC_15Ah,LMO_24Ah,55.9235,57.374004,0.7671666666666667,0.77615845
PJP17601527001A012082,NMC_15Ah,LMO_24Ah,26.9765,24.394299,0.7630533333333334,0.80767936
PJP17930O01003A017730,NMC_15Ah,LMO_10Ah,8.3761,9.00064,0.7969666666666666,0.7513203
PJP17930O01003A018005,NMC_15Ah,NMC_15Ah,52.0704,50.56719,0.79294,0.7740406
02LCC02100101A87Y0026421,NMC_21Ah,NMC_21Ah,26.9765,27.811548,1.000052380952381,0.94913954
02LCC02100101A87Y0010168,NMC_21Ah,LMO_24Ah,34.3612,35.09172,1.0051,0.9845223
02LCC02100101A8BC0103482,NMC_21Ah,LMO_25Ah,8.135,9.5275,0.7755,0.75489634
02LCC02100101A87Y0074479,NMC_21Ah,NMC_21Ah,43.8556,44.81623,0.9881190476190476,0.99815696
02LCC02100101A87Y0020833,NMC_21Ah,NMC_21Ah,41.3203,40.199722,0.9979714285714285,0.99554616
02LCC02100101A87Y0027455,NMC_21Ah,LMO_24Ah,70.0,51.358383,1.011161904761905,0.9601761
02LCC02100101A87Y0173907,NMC_21Ah,NMC_21Ah,55.9235,53.8511,1.006,0.9949532
02LCC02100101A87Y0177229,NMC_21Ah,NMC_21Ah,49.0491,49.00926,0.9903,0.99741995
02LCC02100101A87Y0175162,NMC_21Ah,LMO_24Ah,34.8354,34.6442,1.001404761904762,0.9793533
02LCC02100101A87Y0172641,NMC_21Ah,LMO_24Ah,21.8027,24.90502,1.004309523809524,0.9827978
A170530525010800027,LMO_24Ah,LMO_10Ah,75.0,8.3767805,0.7957208333333333,0.85769045
A170528511010800104,LMO_24Ah,LMO_24Ah,41.9541,41.273575,0.7689125,0.73528117
A170526507010800030,LMO_24Ah,LMO_24Ah,46.7917,50.65955,0.7420833333333333,0.7462381
A170622616030800696,LMO_24Ah,LMO_24Ah,9.0996,11.409914,1.095941666666667,1.1046752
A170527511010800595,LMO_24Ah,NMC_21Ah,20.5001,17.57364,0.7606625,0.83380127
A170531525010801074,LMO_24Ah,LMO_24Ah,44.7967,43.20161,0.802275,0.8115346
A170529511010800411,LMO_24Ah,LMO_10Ah,7.6527,13.979647,0.6376916666666667,0.7645858
A170528511010802245,LMO_24Ah,LMO_25Ah,36.6803,46.75058,0.74125,0.7924176
A170525507010800198,LMO_24Ah,NMC_15Ah,44.4627,44.71461,0.825625,0.7711561
A170606528030800466,LMO_24Ah,LMO_24Ah,40.1289,40.826458,1.0524,1.0755296
A170529511010800365,LMO_24Ah,LMO_25Ah,31.8633,33.571083,0.7595833333333334,0.83962035
515092904916,LMO_25Ah,LMO_25Ah,27.7305,31.008907,0.629024,0.6260299
515092905212,LMO_25Ah,LMO_24Ah,50.482,45.229717,0.918516,0.8951949
515093002457,LMO_25Ah,LMO_25Ah,7.8938,8.244663,0.715284,0.6914681
516020603556,LMO_25Ah,LMO_25Ah,35.3767,37.829617,0.6442319999999999,0.57924616
515092904019,LMO_25Ah,LMO_25Ah,41.6439,46.02498,0.7791079999999999,0.81362236
515093000451,LMO_25Ah,LMO_24Ah,8.8585,8.3491745,0.934832,0.7861453
515092901182,LMO_25Ah,LMO_25Ah,7.1704,17.8349,0.601472,0.8373401
515092904740,LMO_25Ah,LMO_25Ah,25.6641,24.53789,0.617416,0.6122972
515100100624,LMO_25Ah,LMO_25Ah,8.3761,9.154487,0.8321599999999999,0.8073052
515093001782,LMO_25Ah,NMC_21Ah,50.1002,52.957153,0.925024,0.9142016
515093002576,LMO_25Ah,LMO_25Ah,50.1557,57.143284,0.804024,0.84267926
515093000724,LMO_25Ah,LMO_25Ah,38.8252,42.6152,0.7228279999999999,0.8090382
515093002348,LMO_25Ah,LMO_25Ah,21.1016,25.650105,0.782636,0.8051354
515092501338,LMO_25Ah,LMO_25Ah,32.339,33.103695,0.590388,0.576656
515092901199,LMO_25Ah,LMO_25Ah,27.5501,39.955303,0.422888,0.54022545
515093000605,LMO_25Ah,LMO_25Ah,35.9961,38.69354,0.8718319999999999,0.91955245
515100102065,LMO_25Ah,LMO_25Ah,8.6173,8.641812,0.886136,0.81288844
515093002646,LMO_25Ah,LMO_25Ah,70.0083,65.09354,0.88878,0.8289181
515100101320,LMO_25Ah,LMO_25Ah,75.0,71.28158,0.795436,0.7912
515092904410,LMO_25Ah,LMO_25Ah,44.4627,47.916046,0.84136,0.8753609
515093001367,LMO_25Ah,LMO_25Ah,44.7967,56.220253,0.7882760000000001,0.8697623
515093004000,LMO_25Ah,LMO_25Ah,41.9541,43.560562,0.746968,0.7789302
515100100526,LMO_25Ah,LMO_25Ah,22.2517,27.923407,0.872804,1.002821
515092904584,LMO_25Ah,LMO_25Ah,50.0064,58.65846,0.7854439999999999,0.84715414
515092905201,LMO_25Ah,LMO_24Ah,53.6027,45.198906,0.944636,0.92876583
H27734091053,LMO_26Ah,LMO_26Ah,8.3761,10.19492,0.8388307692307693,0.98949677
H27735178005,LMO_26Ah,LMO_26Ah,53.3811,63.28884,0.8490000000000001,0.94020313
H27733490499,LMO_26Ah,LMO_26Ah,70.0083,71.78127,0.8877884615384615,0.93726003
H27734592855,LMO_26Ah,LMO_26Ah,22.2517,25.824623,0.8586153846153847,0.90022653
H27734492478,LMO_26Ah,LMO_26Ah,90.0,82.20463,0.9984076923076923,0.9384488
H27733590292,LMO_26Ah,LMO_26Ah,38.0625,36.157925,0.9464884615384614,0.9471155
H27734676393,LMO_26Ah,NMC_21Ah,62.6027,65.24674,0.9604461538461538,0.95087725
H27735077206,LMO_26Ah,LMO_26Ah,71.0838,71.26262,0.9195923076923077,0.92220336
H27735176665,LMO_26Ah,LMO_26Ah,53.3246,52.01644,0.998203846153846,0.97110385
H27734291854,LMO_26Ah,LMO_26Ah,24.5519,26.491444,0.9923153846153846,0.984642
H27734591085,LMO_26Ah,LMO_26Ah,42.3415,43.826168,0.9497769230769231,0.9252929
H27734491651,LMO_26Ah,LMO_26Ah,85.0,84.129776,0.9381923076923078,0.9361201
H27735076930,LMO_26Ah,LMO_26Ah,75.214,75.51453,0.9650538461538462,0.98268175
H27734691342,LMO_26Ah,LMO_26Ah,85.0,84.397095,0.9401923076923077,0.9365951
H27735177571,LMO_26Ah,LMO_26Ah,75.0,82.847855,0.8238038461538462,0.9404276
17号,LFP_35Ah,LFP_35Ah,40.8667,28.719065,0.8172685714285713,0.8619372
1号,LFP_35Ah,LFP_35Ah,41.452,27.145655,0.7431371428571428,0.8380374
34号,LFP_35Ah,LFP_35Ah,38.5265,27.11052,0.8159685714285715,0.8869153
36号,LFP_35Ah,LFP_35Ah,32.1026,25.128704,0.88972,0.8896185
37号,LFP_35Ah,LFP_35Ah,33.7731,25.33592,0.88372,0.89414847
53号,LFP_35Ah,LFP_35Ah,53.3916,32.572384,0.9176657142857142,0.83552146
8号,LFP_35Ah,LFP_35Ah,29.7969,25.182322,0.7810742857142857,0.8244097
9号,LFP_35Ah,LFP_35Ah,19.3077,17.09598,0.7772285714285714,0.8509274
02HCB68111211Y87Y0002979,LFP_68Ah,LFP_68Ah,21.1016,20.398615,0.8426367647058823,0.7918657
02HCB68111211Y88D0000337,LFP_68Ah,LMO_24Ah,44.7967,26.470457,0.8511661764705882,0.7969585
02HCB68111211Y88D0003997,LFP_68Ah,LMO_10Ah,18.1154,20.319628,0.6526647058823529,0.80667704
02HCB68111211Y87Y0011345,LFP_68Ah,LFP_68Ah,5.0,4.944471,0.8249632352941176,0.8220725
02HCB68111211Y87Y0015653,LFP_68Ah,LFP_68Ah,48.7083,30.913717,0.7779485294117647,0.8116912
02HCB68111211Y86L0000199,LFP_68Ah,LFP_68Ah,32.5404,24.786055,0.7060573529411764,0.75375336
02HCB68111211Y86X0004792,LFP_68Ah,LFP_68Ah,31.8633,25.4953,0.7697308823529412,0.7853438
02HCB68111211Y87Y0015365,LFP_68Ah,LMO_24Ah,60.1373,18.453423,0.8225014705882353,0.7887899
02HCB68111211Y86S0005042,LFP_68Ah,LFP_68Ah,41.9839,29.793484,0.6715102941176471,0.7972224
02HCB68111211Y88D0003294,LFP_68Ah,LFP_68Ah,46.8445,29.751034,0.8352544117647058,0.8124286
02HCB68111211Y88E0004340,LFP_68Ah,LFP_68Ah,44.1142,30.68039,0.8342852941176471,0.7898059
02HCB68111211Y87Y0013553,LFP_68Ah,LFP_68Ah,37.6917,26.7437,0.8047691176470588,0.79894245
02HCB68111211Y87Y0013903,LFP_68Ah,LMO_24Ah,39.9041,24.996582,0.8119000000000001,0.77680266
02HCB68111211Y87Y0009622,LFP_68Ah,LMO_24Ah,37.1305,24.359262,0.8424544117647059,0.7854798
02HCB68111211Y87Y0012947,LFP_68Ah,LFP_68Ah,39.5793,29.772013,0.8117617647058823,0.7783755
02HCB68111211Y87Y0003936,LFP_68Ah,LFP_68Ah,62.8233,58.48301,0.8382176470588236,0.8010191
02HCB68111211Y88D0005602,LFP_68Ah,LMO_24Ah,39.1172,26.806295,0.8460514705882353,0.79590094
02HCB68111211Y88E0004523,LFP_68Ah,LFP_68Ah,50.1764,34.837902,0.8356073529411765,0.78319275
02HCB68111211Y86V0003442,LFP_68Ah,LFP_68Ah,43.058,30.611702,0.6879132352941176,0.82002234
02HCB68111211Y86X0009373,LFP_68Ah,LFP_68Ah,18.8014,19.954657,0.7169970588235294,0.79304934
02HCB68111211Y88E0004411,LFP_68Ah,LFP_68Ah,59.1842,59.241238,0.8248588235294118,0.7861051
02HCB68111211Y87Y0004508,LFP_68Ah,LFP_68Ah,75.0,65.479935,0.8487455882352941,0.79269207
02HCB68111211Y86M0004883,LFP_68Ah,LFP_68Ah,39.1115,27.735527,0.7269970588235294,0.79433274
02HCB68111211Y86L0005694,LFP_68Ah,LFP_68Ah,52.0063,50.620663,0.6864426470588235,0.7882444
02HCB68111211Y88E0004333,LFP_68Ah,LMO_24Ah,29.431,24.976074,0.8231911764705881,0.7938991
02HCB68111211Y87Y0007299,LFP_68Ah,LMO_24Ah,38.262,24.099203,0.8386073529411765,0.773131
PIP15829A00209415,LMO_10Ah,LMO_10Ah,38.8252,41.37552,0.67015,0.65153503
PIP15D26A03261343,LMO_10Ah,LMO_10Ah,61.3405,71.88442,0.71626,0.8076552
PIP15D19A03280145,LMO_10Ah,LMO_26Ah,41.6439,42.270714,0.74285,0.71624017
PIP15D01A03241499,LMO_10Ah,LMO_26Ah,47.5273,47.952747,0.79292,0.8071885
PIP15N21A50200177,LMO_10Ah,LMO_10Ah,8.6173,5.0655894,0.87622,0.66828305
PIP15D25A03219538,LMO_10Ah,LMO_10Ah,26.4669,51.80306,0.8858900000000001,0.8292578
PIP15N26A01201901,LMO_10Ah,LMO_10Ah,30.3575,26.897036,0.87909,0.8506797
PIP15828A00213703,LMO_10Ah,LMO_10Ah,38.6217,43.41393,0.59307,0.591124
PIP15D01A03221296,LMO_10Ah,LMO_10Ah,58.0204,56.99464,0.87905,0.8973189
PIP15N15A03208398,LMO_10Ah,LMO_10Ah,63.7579,62.694027,0.88277,0.9003187
PIP15N15A03208683,LMO_10Ah,LMO_10Ah,53.3811,54.611656,0.8700699999999999,0.88803333
PIP15D25A03243702,LMO_10Ah,LMO_10Ah,8.8585,8.427899,0.8977299999999999,0.82314664
PIP15D26A03252860,LMO_10Ah,LMO_25Ah,50.482,41.96012,0.9214399999999999,0.92033505
PIP15D23A03282874,LMO_10Ah,LMO_10Ah,68.8352,66.18635,0.89416,0.9047693
PJP17601527003A007037,NMC_15Ah,NMC_15Ah,33.5103,35.249374,0.7527466666666667,0.7825992
PJP17930O01003A017268,NMC_15Ah,NMC_15Ah,52.0063,54.85221,0.75258,0.78849316
PJP17601527001A008674,NMC_15Ah,LMO_24Ah,35.3566,43.963665,0.7564933333333334,0.86785525
PJP17601529001A010983,NMC_15Ah,NMC_15Ah,19.9515,19.750555,0.7735933333333332,0.7963257
PJP17930O01001A011629,NMC_15Ah,NMC_15Ah,39.1115,40.215706,0.75428,0.77547747
PJP17601527001A008592,NMC_15Ah,LMO_24Ah,22.5881,17.0926,0.7639066666666667,0.8775107
PJP17601527002A007215,NMC_15Ah,LMO_24Ah,41.6439,39.904114,0.7767866666666666,0.8173481
PJP17601527003A007274,NMC_15Ah,NMC_15Ah,58.6931,59.799923,0.76566,0.78194815
PJP17601529001A003327,NMC_15Ah,NMC_15Ah,41.452,44.37652,0.7542866666666667,0.81100297
PJP17601529001A001010,NMC_15Ah,NMC_15Ah,41.3203,41.07296,0.7656533333333333,0.7561289
PJP17930O01001A006207,NMC_15Ah,LMO_24Ah,37.1093,46.896572,0.7581,0.81896126
PJP17601527001A008438,NMC_15Ah,NMC_15Ah,65.0,66.04082,0.7541066666666667,0.76689243
PJP17601527003A009662,NMC_15Ah,NMC_15Ah,34.8354,37.22937,0.7714599999999999,0.86757165
PJP17930O01003A016647,NMC_15Ah,NMC_15Ah,41.6497,48.121166,0.75896,0.8138174
PJP17530529002A000337,NMC_15Ah,NMC_15Ah,57.0066,59.940598,0.7549399999999999,0.7950637
PJP17601527003A009747,NMC_15Ah,NMC_15Ah,55.9235,56.92948,0.7671666666666667,0.7887141
PJP17601527001A012082,NMC_15Ah,LMO_24Ah,26.9765,24.535837,0.7630533333333334,0.80439633
PJP17930O01003A017730,NMC_15Ah,LMO_10Ah,8.3761,9.163818,0.7969666666666666,0.7527728
PJP17930O01003A018005,NMC_15Ah,NMC_15Ah,52.0704,49.315536,0.79294,0.7723054
02LCC02100101A87Y0026421,NMC_21Ah,NMC_21Ah,26.9765,26.200294,1.000052380952381,0.97559166
02LCC02100101A87Y0010168,NMC_21Ah,LMO_24Ah,34.3612,34.779736,1.0051,0.9883606
02LCC02100101A8BC0103482,NMC_21Ah,LMO_25Ah,8.135,8.686854,0.7755,0.757141
02LCC02100101A87Y0074479,NMC_21Ah,NMC_21Ah,43.8556,44.511013,0.9881190476190476,0.9998981
02LCC02100101A87Y0020833,NMC_21Ah,NMC_21Ah,41.3203,40.364563,0.9979714285714285,0.9928711
02LCC02100101A87Y0027455,NMC_21Ah,LMO_24Ah,70.0,56.55014,1.011161904761905,0.9727011
02LCC02100101A87Y0173907,NMC_21Ah,NMC_21Ah,55.9235,54.71208,1.006,0.9943286
02LCC02100101A87Y0177229,NMC_21Ah,NMC_21Ah,49.0491,47.74365,0.9903,0.9999188
02LCC02100101A87Y0175162,NMC_21Ah,LMO_24Ah,34.8354,35.010708,1.001404761904762,0.9895998
02LCC02100101A87Y0172641,NMC_21Ah,LMO_24Ah,21.8027,25.183664,1.004309523809524,0.94124335
A170530525010800027,LMO_24Ah,LMO_10Ah,75.0,7.0595665,0.7957208333333333,0.8794549
A170528511010800104,LMO_24Ah,LMO_24Ah,41.9541,40.694202,0.7689125,0.7413119
A170526507010800030,LMO_24Ah,LMO_24Ah,46.7917,50.4831,0.7420833333333333,0.79754597
A170622616030800696,LMO_24Ah,LMO_24Ah,9.0996,12.593829,1.095941666666667,1.0079588
A170527511010800595,LMO_24Ah,NMC_21Ah,20.5001,17.88374,0.7606625,0.7538197
A170531525010801074,LMO_24Ah,LMO_24Ah,44.7967,44.527874,0.802275,0.8776534
A170529511010800411,LMO_24Ah,LMO_10Ah,7.6527,14.18511,0.6376916666666667,0.72957927
A170528511010802245,LMO_24Ah,LMO_25Ah,36.6803,43.475372,0.74125,0.8742371
A170525507010800198,LMO_24Ah,NMC_15Ah,44.4627,45.097824,0.825625,0.8487947
A170606528030800466,LMO_24Ah,LMO_24Ah,40.1289,41.311745,1.0524,1.0734092
A170529511010800365,LMO_24Ah,LMO_25Ah,31.8633,31.328363,0.7595833333333334,0.85641557
515092904916,LMO_25Ah,LMO_25Ah,27.7305,32.75644,0.629024,0.60705566
515092905212,LMO_25Ah,NMC_21Ah,50.482,48.30276,0.918516,0.8624963
515093002457,LMO_25Ah,LMO_25Ah,7.8938,15.905798,0.715284,0.7259307
516020603556,LMO_25Ah,LMO_25Ah,35.3767,39.319542,0.6442319999999999,0.60589844
515092904019,LMO_25Ah,LMO_25Ah,41.6439,43.220207,0.7791079999999999,0.7802843
515093000451,LMO_25Ah,LMO_24Ah,8.8585,8.818753,0.934832,0.8372276
515092901182,LMO_25Ah,LMO_25Ah,7.1704,12.697568,0.601472,0.7195342
515092904740,LMO_25Ah,LMO_25Ah,25.6641,23.169823,0.617416,0.61524373
515100100624,LMO_25Ah,LMO_25Ah,8.3761,9.909379,0.8321599999999999,0.8085749
515093001782,LMO_25Ah,NMC_21Ah,50.1002,45.728886,0.925024,0.9296726
515093002576,LMO_25Ah,LMO_25Ah,50.1557,56.436077,0.804024,0.8089103
515093000724,LMO_25Ah,LMO_25Ah,38.8252,38.468887,0.7228279999999999,0.7245224
515093002348,LMO_25Ah,LMO_25Ah,21.1016,17.29669,0.782636,0.6713053
515092501338,LMO_25Ah,LMO_25Ah,32.339,30.756018,0.590388,0.5884253
515092901199,LMO_25Ah,LMO_25Ah,27.5501,41.084866,0.422888,0.5860898
515093000605,LMO_25Ah,LMO_25Ah,35.9961,37.48804,0.8718319999999999,0.8897826
515100102065,LMO_25Ah,LMO_25Ah,8.6173,9.213731,0.886136,0.7903565
515093002646,LMO_25Ah,LMO_26Ah,70.0083,69.2402,0.88878,0.7969287
515100101320,LMO_25Ah,LMO_25Ah,75.0,64.21456,0.795436,0.8502076
515092904410,LMO_25Ah,LMO_25Ah,44.4627,44.928463,0.84136,0.8999444
515093001367,LMO_25Ah,LMO_26Ah,44.7967,55.97153,0.7882760000000001,0.7046221
515093004000,LMO_25Ah,LMO_25Ah,41.9541,44.207047,0.746968,0.73677796
515100100526,LMO_25Ah,LMO_25Ah,22.2517,23.528042,0.872804,0.91053456
515092904584,LMO_25Ah,LMO_25Ah,50.0064,59.3174,0.7854439999999999,0.807835
515092905201,LMO_25Ah,NMC_21Ah,53.6027,46.37054,0.944636,0.9219023
H27734091053,LMO_26Ah,LMO_26Ah,8.3761,30.22518,0.8388307692307693,0.81173265
H27735178005,LMO_26Ah,LMO_26Ah,53.3811,63.47463,0.8490000000000001,0.9659976
H27733490499,LMO_26Ah,LMO_26Ah,70.0083,69.6202,0.8877884615384615,0.87919813
H27734592855,LMO_26Ah,LMO_26Ah,22.2517,25.108103,0.8586153846153847,0.8577772
H27734492478,LMO_26Ah,LMO_26Ah,90.0,81.927956,0.9984076923076923,0.92587674
H27733590292,LMO_26Ah,LMO_26Ah,38.0625,37.266613,0.9464884615384614,0.96467745
H27734676393,LMO_26Ah,NMC_21Ah,62.6027,65.225685,0.9604461538461538,0.9711345
H27735077206,LMO_26Ah,LMO_26Ah,71.0838,71.05324,0.9195923076923077,0.8691205
H27735176665,LMO_26Ah,LMO_26Ah,53.3246,51.73871,0.998203846153846,0.98249936
H27734291854,LMO_26Ah,LMO_26Ah,24.5519,25.627789,0.9923153846153846,0.9946305
H27734591085,LMO_26Ah,LMO_26Ah,42.3415,38.31891,0.9497769230769231,0.8938559
H27734491651,LMO_26Ah,LMO_26Ah,85.0,82.27936,0.9381923076923078,0.9214654
H27735076930,LMO_26Ah,LMO_26Ah,75.214,73.41859,0.9650538461538462,0.97028685
H27734691342,LMO_26Ah,LMO_26Ah,85.0,81.803894,0.9401923076923077,0.92621446
H27735177571,LMO_26Ah,LMO_26Ah,75.0,79.41056,0.8238038461538462,0.94461244
17号,LFP_35Ah,LFP_35Ah,40.8667,28.94109,0.8172685714285713,0.833129
1号,LFP_35Ah,LFP_35Ah,41.452,29.087397,0.7431371428571428,0.83890283
34号,LFP_35Ah,LFP_35Ah,38.5265,27.754562,0.8159685714285715,0.8906593
36号,LFP_35Ah,LFP_35Ah,32.1026,25.456758,0.88972,0.90380365
37号,LFP_35Ah,LFP_35Ah,33.7731,25.644812,0.88372,0.89357257
53号,LFP_35Ah,LFP_35Ah,53.3916,34.66987,0.9176657142857142,0.8203479
8号,LFP_35Ah,LFP_35Ah,29.7969,25.878193,0.7810742857142857,0.84458643
9号,LFP_35Ah,LFP_35Ah,19.3077,17.637316,0.7772285714285714,0.85251564
02HCB68111211Y87Y0002979,LFP_68Ah,LFP_68Ah,21.1016,19.871204,0.8426367647058823,0.77574044
02HCB68111211Y88D0000337,LFP_68Ah,LFP_68Ah,44.7967,30.041094,0.8511661764705882,0.7681512
02HCB68111211Y88D0003997,LFP_68Ah,LMO_10Ah,18.1154,20.296297,0.6526647058823529,0.81017274
02HCB68111211Y87Y0011345,LFP_68Ah,LFP_68Ah,5.0,5.2319922,0.8249632352941176,0.78063846
02HCB68111211Y87Y0015653,LFP_68Ah,LFP_68Ah,48.7083,32.328377,0.7779485294117647,0.7739273
02HCB68111211Y86L0000199,LFP_68Ah,LFP_68Ah,32.5404,26.547121,0.7060573529411764,0.7832966
02HCB68111211Y86X0004792,LFP_68Ah,LFP_68Ah,31.8633,26.030876,0.7697308823529412,0.786191
02HCB68111211Y87Y0015365,LFP_68Ah,LFP_68Ah,60.1373,34.32363,0.8225014705882353,0.8474763
02HCB68111211Y86S0005042,LFP_68Ah,LFP_68Ah,41.9839,32.536022,0.6715102941176471,0.77200043
02HCB68111211Y88D0003294,LFP_68Ah,LFP_68Ah,46.8445,33.21942,0.8352544117647058,0.7948098
02HCB68111211Y88E0004340,LFP_68Ah,LFP_68Ah,44.1142,34.12586,0.8342852941176471,0.7753349
02HCB68111211Y87Y0013553,LFP_68Ah,LFP_68Ah,37.6917,27.429352,0.8047691176470588,0.8059524
02HCB68111211Y87Y0013903,LFP_68Ah,LFP_68Ah,39.9041,27.023077,0.8119000000000001,0.77230465
02HCB68111211Y87Y0009622,LFP_68Ah,LFP_68Ah,37.1305,21.734587,0.8424544117647059,0.76522744
02HCB68111211Y87Y0012947,LFP_68Ah,LFP_68Ah,39.5793,32.005856,0.8117617647058823,0.7984043
02HCB68111211Y87Y0003936,LFP_68Ah,LFP_68Ah,62.8233,60.24647,0.8382176470588236,0.80793244
02HCB68111211Y88D0005602,LFP_68Ah,LMO_24Ah,39.1172,23.251816,0.8460514705882353,0.791519
02HCB68111211Y88E0004523,LFP_68Ah,LFP_68Ah,50.1764,33.491272,0.8356073529411765,0.7722387
02HCB68111211Y86V0003442,LFP_68Ah,LFP_68Ah,43.058,31.19076,0.6879132352941176,0.75530714
02HCB68111211Y86X0009373,LFP_68Ah,LFP_68Ah,18.8014,18.942444,0.7169970588235294,0.80865854
02HCB68111211Y88E0004411,LFP_68Ah,LFP_68Ah,59.1842,55.581196,0.8248588235294118,0.7813684
02HCB68111211Y87Y0004508,LFP_68Ah,LFP_68Ah,75.0,60.169025,0.8487455882352941,0.76425284
02HCB68111211Y86M0004883,LFP_68Ah,LFP_68Ah,39.1115,29.68816,0.7269970588235294,0.7666758
02HCB68111211Y86L0005694,LFP_68Ah,LFP_68Ah,52.0063,50.604187,0.6864426470588235,0.7831677
02HCB68111211Y88E0004333,LFP_68Ah,LFP_68Ah,29.431,25.269165,0.8231911764705881,0.7864582
02HCB68111211Y87Y0007299,LFP_68Ah,LMO_24Ah,38.262,22.199905,0.8386073529411765,0.8000177
