final_stage,test_cls_acc,test_soc_rmse,test_soc_mae,test_soc_mape,test_soh_rmse,test_soh_mae,test_soh_mape,test_soc_rmse_raw,test_soc_mae_raw,test_soc_mape_raw,test_soh_rmse_raw,test_soh_mae_raw,test_soh_mape_raw,n_test
stage2_soh,0.86640625,0.4055645488739146,0.22590404774837225,109.47836852332044,0.6172767199139301,0.40562133774510584,502.2973763404765,9.0245458202183,5.02677425714847,13.2585024032757,0.06575509199174553,0.043208608918553125,5.401242241879825,1280
