struct_mode,stage,epoch,train_loss,train_cls_acc,train_soc_rmse,train_soc_mae,train_soc_mape,train_soc_medape,train_soh_rmse,train_soh_mae,train_soh_mape,train_soh_medape,val_loss,val_cls_acc,val_soc_rmse,val_soc_mae,val_soc_mape,val_soc_medape,val_soh_rmse,val_soh_mae,val_soh_mape,val_soh_medape,val_soc_rmse_raw,val_soc_mae_raw,val_soc_mape_raw,val_soc_medape_raw,val_soh_rmse_raw,val_soh_mae_raw,val_soh_mape_raw,val_soh_medape_raw,val_score,best_score_so_far
independent,stage1_soc,0,2.528159141526536,0.35411226196414425,0.7779560749938794,0.6010686345562113,950.9427775763636,64.26285661739237,2.6115337676731265,2.395394391952937,1120.6541159021206,440.1422090263774,2.208632028804106,0.4843137254901961,0.67417817990828,0.4641920084170267,130.40144780239143,68.28207775208412,2.7806874693809367,2.487619171174718,1021.3348923883322,287.62197596374307,14.988097138189948,10.319756883665988,33.56960436708704,15.344665395509017,0.2919593575844433,0.2611885381324814,34.78938456479135,31.17547915797324,0.28206027151771207,0.28206027151771207
independent,stage1_soc,1,1.4659920841947778,0.6273290102989936,0.6002454670685936,0.4395060022733425,722.4250933788135,44.04423935925634,2.5696473396912403,2.348981353725947,1077.284388691033,429.2467987995432,1.8327050232419781,0.7215686274509804,0.7051963334127505,0.45597817345942354,132.59781877955535,61.50381388813597,2.760387891097704,2.4641313465056465,1012.151555535136,280.6728036248521,15.677682045603502,10.137149733374706,33.28465915542178,13.802426816962509,0.28982799550219995,0.2587224248864053,34.45102741259618,30.581095965759665,0.5100097274271552,0.5100097274271552
independent,stage1_soc,2,0.9995163930292816,0.7277808749743259,0.5150613320730288,0.36750387442532695,641.7976549687918,35.00042282806437,2.539532622036159,2.3193078355053234,1064.7605096763875,421.993160436672,1.6668694486805038,0.7176470588235294,0.6753372988072814,0.43720111071734746,137.79969176242938,62.305325475669534,2.7009798183220997,2.4119080345858546,1011.4856232827059,278.38098781807446,15.013866270402604,9.719704540493483,28.941996012863626,13.217987014729529,0.283590421897153,0.25323921802949484,33.703147709397314,31.195259325021595,0.515045869181345,0.515045869181345
independent,stage1_soc,3,0.7152088946560341,0.7764883659517033,0.44904090295584104,0.3185780332768371,603.5271807073136,29.95568078337724,2.509912101848132,2.2892135024366524,1049.5269324241463,415.4116486418932,1.6597399496564678,0.696078431372549,0.6607507153446102,0.4079265768840617,141.40723115527848,46.17043138762793,2.6919945931740723,2.3937438404881486,999.3381581972733,277.5099141040675,14.689582369842999,9.068883185183214,21.83204103564609,12.470032663161085,0.28264701470348025,0.2513320614366736,33.52494675675979,30.210570806288235,0.49785321676916594,0.515045869181345
independent,stage1_soc,4,0.5320591720990188,0.8070332443296852,0.40453662192373846,0.28599723211959927,603.785086117753,26.6779888836449,2.4966915459043233,2.275718734167505,1045.1503776170891,413.81782267406624,1.2990367001178218,0.7803921568627451,0.631602390703079,0.3833271821230358,128.2812334488794,40.883970279893,2.6925576153850685,2.4016712910842664,1051.050563137843,275.1708404381939,14.041566853822887,8.52199791181365,21.25377098616566,11.449889441357902,0.28270612943853707,0.25216440718167754,33.578251960664225,30.13055035024921,0.5909114396518214,0.5909114396518214
independent,stage1_soc,5,0.388302875308062,0.8279980047533817,0.37134794187017167,0.26326884215887075,580.2916636324194,24.513402577339843,2.4975232082291883,2.27696376637198,1047.6543591663426,412.665111672787,1.5557488520940146,0.7549019607843137,0.7241262385475599,0.4706794538736051,202.5074304469573,48.99330926796325,2.6981096824341555,2.4059182155219947,995.5468411841252,277.118075560671,16.098525177927726,10.463983537063664,26.945570635221532,13.618647955274648,0.28328907086822536,0.2526103146575093,33.65698277527548,30.7880864551848,0.5376640892200457,0.5909114396518214
independent,stage1_soc,6,0.2771870068842206,0.8391919251195681,0.3499287322300317,0.24636550265338347,563.8318991282218,22.67004709415575,2.495623682394165,2.2746475813461933,1049.123715461083,412.3130244647007,1.6273050224079806,0.7,0.6688639481169293,0.4505657922951322,198.73607840147156,49.63761652445875,2.691832157645707,2.3936025002277366,969.2440662426944,279.8285347264895,14.869952966994052,10.016823539117953,25.361240477092057,15.536843086734692,0.2826299597222813,0.25131722136130186,33.53439735841507,29.82307262489879,0.49934081556492116,0.5909114396518214
independent,stage1_soc,7,0.16773712673253993,0.8538481852058332,0.33198953599518205,0.23225966298389208,540.4333092099681,21.2178389552136,2.496019092679431,2.274272295439096,1050.044520452086,412.81532244111565,1.4926516906887877,0.7705882352941177,0.664247997245267,0.4245224879360667,167.8546293832748,48.704662079288084,2.7082604152445233,2.4084905112344845,979.2549555607259,282.2307717413714,14.767332736747205,9.437837764784192,22.460025785788236,13.765723741292627,0.28435485099021296,0.2528803938418856,33.711573838569606,30.332731208462434,0.5713138361205377,0.5909114396518214
independent,stage1_soc,8,0.10357764788580376,0.8611249669904052,0.32648471035335636,0.2273090141980218,537.4663792359707,20.588677212094026,2.4897251382818726,2.2675898321172294,1045.8480594245361,411.08620463706023,1.374029221721724,0.8372549019607843,0.6685505859615817,0.4516600331437646,220.45086081579655,47.62484939786158,2.6776595425926355,2.3818034626543523,1013.8522428624564,275.5834752626039,14.862986407464607,10.041150324855973,27.697201226091885,14.030790018501843,0.2811419005168692,0.25007837684246537,33.328908619864364,30.079853609379402,0.6366897261723099,0.6366897261723099
independent,stage1_soc,9,-0.0075933965997675495,0.874050057216631,0.3099111393085678,0.21477678156106994,506.83437103765993,19.38904888284838,2.4896826533450076,2.267921462461594,1050.630871376695,411.39157338027144,1.2353552804273717,0.8745098039215686,0.601040409443749,0.38751167443160917,162.17643151641056,42.5382176576942,2.6555075819940637,2.3691771162929487,956.996041528909,277.776382873921,13.362123410677489,8.615026103861394,22.64276726962056,12.11616843685114,0.278816046836148,0.24875266871708057,33.11052521170415,30.288903311284987,0.6941976810884439,0.6941976810884439
independent,stage1_soc,10,-0.04801600141996915,0.8808720401396672,0.3073602738786073,0.21286168191144123,503.394207641079,19.298765385016182,2.486406734941133,2.263207738660784,1048.0261819497211,410.4434660041752,0.8567398749145807,0.8901960784313725,0.5347195507975457,0.325657088139697,128.48530064689083,35.83374125945023,2.683983427375392,2.384738999649006,973.2856812303787,277.01388351092254,11.887700919263285,7.239896241438588,17.766208339188356,10.583338012633908,0.2818058792483671,0.25038659468591656,33.390719017038634,29.90537804777349,0.7297802131921087,0.7297802131921087
independent,stage1_soc,11,-0.14308105240331695,0.8910683371966786,0.29720728105618166,0.20321885660484232,484.84316389236693,17.93949562935785,2.481980704573054,2.259612117777992,1044.8185668564527,409.1923236195511,1.126572917956932,0.7980392156862746,0.5987609776061875,0.3787409108168646,157.00314898916793,41.789900091334374,2.6373856266275935,2.3312525265210984,929.4609981705966,274.7528788258144,13.311447867001629,8.420037507446457,19.646119968376127,11.45818068846361,0.2769133251152685,0.24477076172883924,32.7128491527296,29.356941348061603,0.6184109224044183,0.7297802131921087
independent,stage1_soc,12,-0.21367532120043814,0.8968926968105396,0.2885372275591358,0.19722690839281726,473.6921586576351,17.319564579906274,2.4869159259661253,2.2653693527709935,1049.0168908857713,411.5984741964986,1.1104135174377292,0.8549019607843137,0.6245144770941203,0.3838864707260155,156.2423470872939,38.83679312003147,2.6495405716279676,2.3418473335896053,974.7864738665104,271.5115011080305,13.88399079923651,8.534431823440519,19.56913719643477,10.7334625938241,0.27818953827221615,0.24588316759951445,32.841756172395534,30.019194442139984,0.6675476176560776,0.7297802131921087
independent,stage1_soc,13,-0.24032905599533758,0.9033625773891611,0.2878312637836353,0.19588149049167247,469.3046357875929,17.15417156882954,2.482854993436941,2.260424219730658,1048.661388986578,408.65461676228756,1.3196922751034008,0.8294117647058824,0.6029851312053576,0.3554434048632781,116.910954228095,44.097622290734286,2.6740130719196737,2.3755379126206333,974.0800093138824,280.5845277055832,13.405357795204301,7.902095377730215,17.453294707763657,10.485905883477653,0.2807590379165766,0.24942052299053102,33.27807976433291,29.923327334502268,0.6485162253442751,0.7297802131921087
independent,stage1_soc,14,-0.29829434186569076,0.9095830521404888,0.2812206259722811,0.19066941755790617,456.744415330904,16.661337634392673,2.4821124223773556,2.259933093669679,1046.4068819618697,410.1189521985458,1.354393630401761,0.7980392156862746,0.6245126567524849,0.39531576742655505,175.87218068786953,35.80408881528632,2.6541944528265873,2.346771065028859,935.9264666884251,276.7118504963493,13.883950330028116,8.788524011936126,21.251600206811318,12.61672308854273,0.27867817433073944,0.2464001366885444,32.91367322773802,29.625789365717694,0.6106854186605291,0.7297802131921087
independent,stage1_soc,15,-0.3304312494781137,0.911563627827822,0.2781630349089441,0.1883093356958214,448.02743121668476,16.35915538219675,2.4804631565906585,2.2572264952200287,1039.874626899723,409.7689720757092,1.1521432698941698,0.8647058823529412,0.5821470424010499,0.3559660022859188,157.08969310895296,33.53172011542579,2.689028956985113,2.399033780878081,990.9150245329007,276.37343531130864,12.942092580634938,7.913713583670627,17.95052687588837,10.363389993838473,0.2823356365834679,0.25188748077628337,33.55669674066449,30.397499863702226,0.6900617696326262,0.7297802131921087
independent,stage1_soc,16,-0.34169276746433214,0.9130307209295502,0.27397032915832875,0.18390064511583154,450.24889764423574,15.782270062093225,2.474354883824444,2.2509705473936865,1041.3403157572209,408.0729278435076,0.7708793357306836,0.9352941176470588,0.5675127062101641,0.34971068828165824,150.64115237987028,34.4180435255884,2.678985714530439,2.3708558374614106,971.773083801182,277.58251173983234,12.616747057865624,7.774647596784946,19.83826129483633,9.888419539531776,0.28128114245299873,0.248928926696197,33.24142358138618,30.145191991650737,0.7650403057840096,0.7650403057840096
independent,stage1_soc,17,-0.37921696091575496,0.9219946597811097,0.2698325633564258,0.18069220302821304,434.93755473349245,15.470581850963487,2.4800837680173853,2.257525012315186,1048.0484486183616,409.38679091713766,1.1273322278378057,0.9098039215686274,0.570154438994111,0.362287148389527,168.71300801512797,34.25873474245482,2.6408615120240087,2.334518054522136,953.7097507040185,274.3406085637981,12.6754771514209,8.054243127119305,20.102907048755444,10.131733807352417,0.2772782770483962,0.24511362710578474,32.75538209171108,29.39279309216581,0.7387575898703942,0.7650403057840096
independent,stage1_soc,18,-0.389412131248927,0.9209383527478654,0.2691025518668631,0.18014001324760812,439.26539104547044,15.464808311826374,2.479305572441895,2.2573681456877956,1043.9335449933783,410.7734701591694,1.0842637842776728,0.8745098039215686,0.6059323735478123,0.3932880880822446,190.9424704787536,37.318707826430206,2.6966676960834404,2.402142117756839,979.6570878506363,282.9717824286026,13.470879872060165,8.743445342997655,22.425588578529634,12.13749365830474,0.28313766895296655,0.2522138418104775,33.621910263377124,30.082602606696856,0.692730091857225,0.7650403057840096
independent,stage1_soc,19,-0.45130567045783476,0.9250022006396525,0.2655614529308288,0.17585294527336062,421.0310411752434,14.896203187300092,2.480535850025351,2.2589947228357627,1046.9746701982867,410.6185537119258,1.0721408825294645,0.9411764705882353,0.5867656348882027,0.36545702675174846,165.18889446439445,32.86682742235038,2.655720519799332,2.3537532417651486,1013.0176274361933,278.9997970299328,13.04477153836771,8.124714771300498,19.955337428594266,10.355970459612609,0.2788384043234659,0.24713323303860707,32.97131117519008,29.879239579191395,0.7651467801217745,0.7651467801217745
independent,stage1_soc,20,-0.5172869856307696,0.9277750066019189,0.2612135158751221,0.1726055602536197,417.1753735660112,14.53791924202325,2.477458169073099,2.2548431104076907,1045.489213772181,410.9260970851439,0.9235335651566,0.9196078431372549,0.5536006344027726,0.3190733876736725,128.88791302762596,32.36032214699695,2.6801807481460345,2.3825832086889185,918.8072865493313,270.08617913415407,12.307458668153835,7.09352967981693,15.834258864824715,8.781749151155092,0.2814066154702086,0.2501602465792976,33.35920146265668,30.025118085464236,0.7535276528164231,0.7651467801217745
independent,stage1_soc,21,-0.5653106039475501,0.9290367066694052,0.2587689068156805,0.17085046927358735,415.2522578277204,14.503782028853067,2.4735998191587116,2.249836160971132,1039.7863606709145,409.4400430295133,1.1720528747521195,0.8313725490196079,0.5196888295272073,0.29696058762789357,115.1545717897982,26.15992351127448,2.702907654040809,2.4083912471199738,960.6207425214725,284.69403976170236,11.553543099905296,6.601925523882077,14.769529999766071,7.926024465858515,0.28379283575493475,0.25286997156774554,33.715564080704915,29.374333312104557,0.6754659001614457,0.7651467801217745
independent,stage1_soc,22,-0.6027669681811157,0.9304157741850297,0.2550635056604675,0.16801980148483464,398.6475073915697,14.265930869811658,2.472265635428879,2.2492677974224042,1038.6240643758274,409.38011511745003,0.7465001012764725,0.9568627450980393,0.521806570779723,0.3091757535843142,132.9791930220965,29.05115916216366,2.6657578133521334,2.365841213380005,899.429861464807,281.614302571206,11.600623994173596,6.873488887055371,16.068340451313826,9.081749251832298,0.2798922738466794,0.24840241429900886,33.153782569274576,29.62306901931029,0.8003207738641224,0.8003207738641224
independent,stage1_soc,23,-0.5721114778937716,0.9353158651448021,0.2575124833812901,0.16887427836596233,401.1023599430466,14.203064555992327,2.463955256894202,2.2414373333198974,1035.0330740296376,407.19940287843565,0.8250639312407549,0.8509803921568627,0.5557624091802302,0.2931838708454926,95.52531492520741,25.33195118484855,2.666368737544248,2.3645169973227325,947.2198872563558,276.40120389040004,12.355518500585422,6.517962856912108,14.176699859219347,6.938472437106097,0.2799564180687924,0.2482633777213131,33.13793862668954,29.711140355572606,0.6842516694027937,0.8003207738641224
independent,stage1_soc,24,-0.5489340527592255,0.9344649511457997,0.25301485626905695,0.16662440574738951,400.46186157294926,13.944135615285223,2.459725302385681,2.235893820924642,1032.4968292379203,407.035009360133,1.4474252100084342,0.8411764705882353,0.6096099247338771,0.37794431756780134,175.35464470209175,39.02243241979334,2.651330262128757,2.3404735517121997,961.2992431151806,276.4041373884937,13.552637923640692,8.402327920645218,20.07807504336198,11.588945638410234,0.2783774475193499,0.24573892683934095,32.83911877852098,29.75452124850724,0.6582934931680722,0.8003207738641224
independent,stage1_soc,25,-0.6291687871182714,0.9382793932102931,0.2509347941775189,0.1643245487112352,389.8190456357356,13.750015372009003,2.4551240853826637,2.2317510060896057,1029.3003118625743,405.03548203523223,1.5111333744198667,0.8588235294117647,0.6019326500953587,0.3490514700410559,148.23518450014697,35.84659409751285,2.637723619871913,2.340137536370871,970.6951754772017,274.336956934254,13.38195939759535,7.759992083865856,17.64730771506232,9.772304521390362,0.2769488128468335,0.2457036467784664,32.793689543387096,29.563812331237,0.6782437343831571,0.8003207738641224
independent,stage1_soc,26,-0.6833676666511916,0.9391596490713301,0.24493081158642366,0.15931926215457007,383.3206389615871,13.281912441781838,2.4511924381002097,2.225704268432426,1026.1009593376014,403.9677426073195,1.0098981810551064,0.9098039215686274,0.52608067110719,0.30507156973722954,120.72227384491808,28.041425566052226,2.684943012194896,2.388618552787047,957.1832452530012,271.3616227404665,11.695644320840293,6.782246085068716,16.570912019428754,8.794292907290338,0.28190663122806103,0.25079392986988436,33.42649901031412,30.25660318469446,0.7519797202364704,0.8003207738641224
independent,stage1_soc,27,-0.7027102664446649,0.9407441096211966,0.2473041186492831,0.16015708452401503,377.96309710532125,13.295832738222549,2.4566450370406367,2.2315903474411143,1024.386908743905,405.63907101956613,0.7198368342483745,0.9450980392156862,0.5234910909206432,0.2922699825089498,110.29996330587181,27.730872970804583,2.6472734011405037,2.341547064205595,924.0075538554423,273.71451898290474,11.638073665871344,6.497645606117333,14.508078816193553,7.630261773866555,0.277951495828992,0.24585164069927012,32.83143566464016,30.155730979192818,0.7880507119394933,0.8003207738641224
independent,stage1_soc,28,-0.661815100028752,0.9404066782077991,0.2477177288089021,0.16141492618287326,384.6354027120473,13.33696310722377,2.4532078231670065,2.2292779233405677,1027.8721267581943,404.666484194591,0.99226908566905,0.8764705882352941,0.5305846156004483,0.30753491223954105,129.22198874457322,29.343020967355994,2.662945527093738,2.3526601253625223,987.4742696132971,279.6438544407579,11.795774463852572,6.837010267312495,16.2112363866321,9.254256507283632,0.2795969967620067,0.24701846085863724,33.00533856884822,27.71830483453199,0.7172952035551596,0.8003207738641224
independent,stage1_soc,29,-0.7814345025060631,0.9441771074792407,0.2401643716609644,0.15487936210542944,365.7126411230078,12.846041677950096,2.4446350925721165,2.219634409704333,1018.4578333424427,403.0785376706742,1.0103325434759551,0.9627450980392157,0.5305698107112272,0.3124433235137486,133.3369060574458,29.01721136843811,2.680415330593991,2.377379204113694,941.7887646628035,274.9383237897405,11.795445326653562,6.9461323765181335,17.397168052484226,8.480106898592119,0.28143124554516674,0.2496138501038291,33.31705779793829,29.36786648171763,0.8035741548258475,0.8035741548258475
independent,stage1_soc,30,-0.814479519540808,0.9475074088201637,0.2358093820732979,0.15248598807528405,372.8359994917456,12.606973684992873,2.449404588785883,2.2256300146555006,1023.3263840923678,405.5063655011909,1.350052293141683,0.9176470588235294,0.557921455485354,0.3392274693786806,144.49031172747465,34.66414889998445,2.6795738943329934,2.367669098678173,944.2023253603988,270.80343296521636,12.403517674559644,7.541588284096846,17.867115022422244,9.54818956374547,0.2813428986191227,0.2485943338236831,33.22038502881757,30.338997430679846,0.7502706221779232,0.8035741548258475
independent,stage1_soc,31,-0.8279250571049245,0.948196942577976,0.2359989561658878,0.15203693277112204,366.341720362875,12.512572973701975,2.4453910077876664,2.2207806629869937,1020.0130293592993,403.69042588248226,1.372639818285026,0.8568627450980392,0.525462967038659,0.3087673440210375,126.14221560377486,32.96767977372522,2.6644115125327015,2.377159862410204,946.142293058035,264.5665443139593,11.681911736699027,6.864409266283027,15.883142724382221,9.381123511096265,0.27975091847082906,0.24959082023673781,33.25082800329725,29.712527847733973,0.6992238549864415,0.8035741548258475
independent,stage1_soc,32,-0.8807628491769839,0.949546668231566,0.2335070041862735,0.1500421587961431,356.0485544290133,12.407058749227417,2.443283226362353,2.217955369209254,1018.9094002265159,403.34530703075427,1.1655683681076647,0.9294117647058824,0.5263397815395263,0.31523599892434684,130.03358080912278,31.579289556774313,2.6515296376590913,2.3551526178185846,975.9487439391446,277.3844994220861,11.701404774745676,7.008218174571068,17.243846325374097,9.60366876641447,0.27839838103035947,0.2472801610692035,32.97848984602338,29.860489421538304,0.7715098302440245,0.8035741548258475
independent,stage1_soc,33,-0.906300081882408,0.9476981309233884,0.23098326543984854,0.14812311322655794,354.16365723152325,12.225754695686785,2.442300660024675,2.2176071594924975,1020.7599220596082,402.403376529332,0.9523476701156766,0.9450980392156862,0.518944172904917,0.2927983626814596,107.75531211860651,27.85290278508463,2.623608657650155,2.3259202661321443,969.3081254415913,274.00441258712965,11.536988150305767,6.509392372161507,15.5795863976288,7.9545498764995575,0.2754668069227695,0.24421089898454512,32.60632485528697,29.71157985259706,0.7894147873442111,0.8035741548258475
independent,stage1_soc,34,-0.9307835151260684,0.9508377101610869,0.2309846802927549,0.14772268969265226,354.1463388210159,12.146592235803201,2.438318012252619,2.2130137648098858,1012.4925326358353,402.70642892787316,0.9160564412088955,0.9450980392156862,0.5270572480917355,0.2876513734551183,100.95390984267551,27.06247103150037,2.655076583007907,2.3454331162367383,938.1206252043683,271.1649233941602,11.717355244070232,6.3949662800798635,14.309417836337209,8.286531897226986,0.27877079393070525,0.24625965823703566,32.92009558976258,29.437377852767842,0.7869808647881656,0.8035741548258475
independent,stage1_soc,35,-0.9505181826601034,0.9538745928816643,0.22835353235364858,0.14646988863363616,352.92147573969453,12.021002929314935,2.433128072690682,2.2086935603030287,1014.8450922651208,401.7164639601027,1.2166188950632133,0.8921568627450981,0.5272719770957234,0.3054596792943045,139.88133766170435,31.72097136146409,2.6560469117994034,2.3466075048581057,984.279495285273,275.3144018721381,11.722129025343598,6.79087440309362,15.36689608614725,9.633957721380307,0.2788726739778988,0.24638296362508244,32.924074215468416,30.0864785359914,0.733975269616381,0.8035741548258475
independent,stage1_soc,36,-0.7731181775763514,0.9457762389601244,0.23238435834316157,0.14959539609160177,362.9172984921957,12.41685614649301,2.4339313369674556,2.207897672486794,1017.1449355653056,400.3742363123871,0.8112582706937603,0.9529411764705882,0.5129232427935754,0.29503402994105626,111.80764371159837,27.13210038935262,2.6122892930432893,2.3230650845549854,959.9191474940981,264.1686924237955,11.40313290541588,6.559094956810665,15.104831831078291,8.284686895001537,0.2742783258527913,0.2439111180892689,32.52751516065978,29.16718112745782,0.7990642036325155,0.8035741548258475
independent,stage1_soc,37,-0.7648192644329133,0.9507496845749831,0.23344044386013083,0.15103555733359053,363.8387496273181,12.54333760551942,2.4354146026434798,2.211277199703102,1019.5144001184055,401.88533032203895,1.3015928950964235,0.9254901960784314,0.6291097812722435,0.38195861886602406,208.09038647922708,32.05724983486858,2.6207346989278526,2.3284083712188637,964.2517497586842,274.9810439043022,13.986152019302413,8.491572484757201,20.636802434664105,9.554968190454533,0.2751650545138681,0.2444721385415683,32.59743298838755,28.832854092544668,0.7367572616967584,0.8035741548258475
independent,stage1_soc,38,-0.8772920272215365,0.9525248672280743,0.22868904695454284,0.14622267409698178,355.76002963306314,12.005697104193986,2.4390619632863095,2.2156350318162255,1022.6574989531827,403.7082207924921,1.4248683733098648,0.9215686274509803,0.5089745164606122,0.2950570261288507,111.97876174740709,30.75757905703996,2.6405368012822024,2.343282406455746,954.5395519694921,273.72904683837436,11.315346181350394,6.559606200138829,15.364448721047644,8.958087646810592,0.2772441839183259,0.2460338436307833,32.83584915346937,29.269351941627885,0.7688762725127967,0.8035741548258475
independent,stage1_soc,39,-0.8673798713090571,0.9556937883278073,0.2293223517097572,0.14760910234732597,355.84279778699306,12.216875662990443,2.428727305305255,2.2034863978706323,1012.9212751313688,400.65403469054513,1.31661870432835,0.903921568627451,0.5468510193837894,0.30881640180470604,121.20858564518804,27.30301885912655,2.634838234034899,2.325737485216529,932.3469760669102,269.3936183835309,12.157403551324528,6.865499902036187,15.492678766141669,8.531520367950337,0.2766458606435981,0.24419170783153366,32.6406510036921,28.73568387344132,0.7398662628123142,0.8035741548258475
independent,stage1_soc,40,-0.945273168132967,0.9565300313957924,0.2250008274228974,0.14295384521564886,342.37859639993553,11.671201248055182,2.426083757945516,2.2012771093963046,1012.1303299496967,399.75616537587996,1.2217196099898395,0.9529411764705882,0.5461225346365187,0.32736492982024656,156.1113574628069,29.96638365957664,2.6421596824889186,2.345928963828905,1017.7745860921458,271.5133660431128,12.141208129281548,7.277864389574454,17.312254080275586,9.709698326669761,0.27741457895903654,0.24631171994697712,32.857104091808445,29.6696297524469,0.7891044160796326,0.8035741548258475
independent,stage1_soc,41,-0.9648217443939819,0.9548575452598221,0.22193444603334617,0.14104181947235778,334.5596055284788,11.558310337254142,2.4251616647115783,2.201121148702489,1012.2409757478708,400.54989650632353,1.704418453983232,0.8960784313725491,0.5536258700161069,0.33522677840117143,145.1669635366714,30.318153767111646,2.660545842054479,2.359417287143422,959.8863003910398,275.63662901576123,12.308019697619438,7.452646299948166,18.536825331387046,9.241969593482638,0.27934504090210455,0.24772793167632853,33.0823155716468,29.38077745447323,0.729990670367717,0.8035741548258475
independent,stage1_soc,42,-0.9278717105060755,0.9554297115694962,0.22391669376241705,0.14313000170661277,349.42929997343674,11.723239582899309,2.430344399778306,2.206126433110487,1015.2998801686934,401.41713317255665,1.2758755861544142,0.8862745098039215,0.4971843970264174,0.2688648471243533,104.71904953063398,28.02256157187432,2.631453442685433,2.3325712258763174,916.3002714540239,273.66994396956017,11.053232306091758,5.977310695953756,13.225048401070309,7.900677841815948,0.2762904731652033,0.24490921907826677,32.69115794866323,28.717218308824744,0.7371191906959963,0.8035741548258475
independent,stage1_soc,43,-0.8743473860947537,0.9575863384290367,0.224718493585065,0.1439666612739076,346.2998239119291,11.980365308090555,2.429347355712666,2.204951781257259,1014.2527682040442,400.78469592763577,1.082819965540194,0.9333333333333333,0.5071299726321091,0.2760668826289475,111.0403349255817,23.88857625479987,2.65438727222285,2.3494931273454545,996.7259774039146,264.0232786553909,11.274338918135475,6.1374238692253025,14.764450870074894,7.5903203224072335,0.2786984194779135,0.24668594067551133,32.95064489070633,29.341322870123566,0.7811943415437006,0.8035741548258475
independent,stage1_soc,44,-0.947939290343755,0.9588333675655057,0.22173563670129337,0.14089706855971348,335.51386567828365,11.540165179276848,2.4284478348057346,2.2056397019022858,1017.723211129395,401.61211997685376,1.1877646988513424,0.9529411764705882,0.5062095351044409,0.2866690655695457,125.0492098536754,23.94831304587012,2.634353551284035,2.337190970179497,1002.2578357049294,274.2853092616228,11.253876067978855,6.373127949431762,14.881449590154705,8.189619428474552,0.2765949711904925,0.24539427092023483,32.72384040551179,28.599143025633378,0.8010783159392559,0.8035741548258475
independent,stage1_soc,45,-0.9703577416613538,0.9600803967019748,0.2192914654935644,0.13914879953861253,331.10265521874607,11.307705507359094,2.4239903390498245,2.19941253718045,1014.7541390350791,398.420329905479,1.180387046290379,0.9313725490196079,0.5004281095292289,0.27482901054124037,112.26407724233462,24.975066007524998,2.653335519885492,2.3569275140616237,926.1848392777728,270.86958615559587,11.125345405461294,6.109903923240499,14.590171472167789,8.064614714602644,0.2785879903339935,0.24746651698751607,33.00306122580958,29.39502186715402,0.7812441161608392,0.8035741548258475
independent,stage1_soc,46,-0.995929354506372,0.9611953874592881,0.21844121590273072,0.13853153338186724,328.5104717824109,11.247097261203589,2.4221804680961614,2.1981812102367573,1012.0641104180172,399.08168802323894,1.4611272227530385,0.9333333333333333,0.5617524292780802,0.33552693401408545,160.7842573271078,26.346147422205945,2.5931113114631823,2.2927326545849733,904.2566837729529,263.38109357848924,12.488686564699421,7.459319256173983,18.771027429051767,9.132163048115839,0.2722647262506969,0.24072635285925498,32.151637192314055,27.994825029449323,0.7648076045499093,0.8035741548258475
independent,stage1_soc,47,-1.023173398305712,0.9619436049411696,0.21457275368787876,0.13609761218610633,322.0023107089828,11.109868311714454,2.416946781480203,2.192984381430307,1009.161320447764,397.8695212839069,1.2163796897028007,0.9647058823529412,0.547267461319955,0.3142980333910707,156.19691162891218,27.15026496033741,2.6318403218179562,2.321246692114601,950.5988578133998,274.618936209847,12.166661745044939,6.987365647829653,17.08081344821202,8.10632355197664,0.27633109368952974,0.24372019527087352,32.59294318431717,29.54285965988534,0.8005256439569547,0.8035741548258475
independent,stage1_soc,48,-1.0436551546197708,0.9628972154572929,0.2142961943546106,0.13577878751800532,325.5424216873624,11.043300017753886,2.411769667418851,2.187782737946105,1007.5580782280472,397.0128741459746,1.045072062810262,0.9254901960784314,0.48793005292378305,0.26125113738098127,100.6576676400276,24.232272845073926,2.6331610241422525,2.3314207588778992,966.2823943219008,275.61332426270263,10.84749291479406,5.808045322768334,13.573374554222445,7.279987398936115,0.27646976134147105,0.24478842535028442,32.69131790742189,29.048486329714585,0.7791111802012964,0.8035741548258475
independent,stage1_soc,49,-1.0731730958021273,0.9628532026642411,0.21378407953710388,0.13431403114938312,315.2535473103783,10.891278410178778,2.415865855766764,2.1911989243522436,1011.1417155310758,398.2028144576284,1.3449233611424765,0.9,0.5037877146817072,0.2881353610569575,103.28244844843933,29.48899394556147,2.634489177301596,2.3312246724524917,971.5776175159843,271.4745872493307,11.200034990309858,6.4057261257797515,16.6263571154306,8.492645016627176,0.27660921129672333,0.24476783718012024,32.70173656039568,28.995231677197047,0.7488636855954879,0.8035741548258475
independent,stage1_soc,50,-1.0822692224668164,0.9627358352161028,0.21403322227812296,0.13446926011606816,323.03020894400635,10.8896136038516,2.4144507800315136,2.188544495350359,1009.6119251920416,397.29700928253055,1.1347020890198503,0.9019607843137255,0.5490100938756874,0.31708507475388403,126.50344053070664,28.8628957152818,2.6329306143844353,2.324444081020706,974.6080543892093,274.93170713805534,12.205403351937413,7.049326191672353,15.630158412663933,8.640706468867307,0.2764455693797299,0.24405590635716173,32.6408494773567,29.49587791256496,0.7372577561510193,0.8035741548258475
independent,stage1_soc,51,-1.1131728500873703,0.9656260086265075,0.20834061819488967,0.13158139440999028,318.40809303167606,10.649513424848895,2.4080936191892905,2.1831056513749214,1004.6190176718495,396.46511195063215,1.1344332758118125,0.9176470588235294,0.4995293754760508,0.2788297268269839,116.39529599467231,29.411456236825178,2.5872016050187163,2.296712528884995,967.1169422047665,257.97466502412254,11.10536505947581,6.198846470033131,14.201349664098284,8.560235530546183,0.2716442343342058,0.24114422130247123,32.167436654569755,28.988755528195554,0.7677882461807142,0.8035741548258475
independent,stage1_soc,52,-1.1147724112197863,0.9664915935565271,0.20921363022407063,0.1314498847193025,319.6317055134017,10.607821772216447,2.4042713238986537,2.1791171042145256,1007.5198060132055,395.15215639898815,1.4922072284361896,0.907843137254902,0.5561553465278308,0.32844372242141295,160.8679890147052,30.54963141457535,2.58990514105294,2.28365693497015,930.9239482955996,269.9182533803136,12.36425414838681,7.301847735194512,18.105852545535956,8.471208183548857,0.2719280931469814,0.2397734441639997,32.06411532968212,28.207467774766492,0.7409965332965527,0.8035741548258475
independent,stage1_soc,53,-1.112761434361862,0.9642616120419002,0.21260281551163585,0.13371735825545986,318.58634715552205,10.809619391512202,2.405054455533021,2.180257668482456,1008.5859113354841,396.379046238202,1.2535027562403211,0.9352941176470588,0.5052951325825623,0.27136409841660486,107.53974090744632,25.83402977874084,2.592780786367461,2.294726620220086,946.6744782128618,262.5961776132955,11.233547385992756,6.032873190050062,13.251879750744125,7.884434744318625,0.2722300226402859,0.2409357100532163,32.166930876860135,29.672582807232228,0.7837055778722901,0.8035741548258475
independent,stage1_soc,54,-1.102530558254583,0.9649218039376779,0.21205143596270493,0.13341828581211695,318.71604124811074,10.799750909627772,2.3995598338462045,2.1745789750557014,1002.7987880859401,394.0486327802637,1.0504509853381736,0.9647058823529412,0.474163905290356,0.24686856299054388,91.38061019634304,23.03379771681958,2.5953468690550223,2.2945567427750895,908.4635676091203,269.9032268265695,10.541448661067934,5.488296881650815,12.568645734676936,7.330929952611342,0.272499449485704,0.24091787370509904,32.178986704390375,29.33403807247204,0.8224567107658344,0.8224567107658344
independent,stage1_soc,55,-1.1487218488259956,0.9668436959009419,0.21004757369070987,0.13123285148253033,318.2309797035553,10.477360610739632,2.3970408901889804,2.172552524454841,1004.0730431839887,394.47041664286115,1.3864518221686868,0.9098039215686274,0.48262981101175656,0.2527693480362787,82.86060788467283,25.25233712946816,2.6254374457369622,2.314948697315127,991.90341703178,272.35092206300936,10.729659761777796,5.619481102814847,12.294003490215298,6.924740216003547,0.2756588212360864,0.2430589348681955,32.48747188116039,29.194104537066302,0.7650149782651005,0.8224567107658344
independent,stage1_soc,56,-1.1738390167646329,0.9661981749361814,0.20575526160629923,0.12873320437854752,312.41036679283366,10.3934624767867,2.3931015070920334,2.167378410507445,1002.5117034913808,394.6732482926772,1.5759201059154435,0.9196078431372549,0.5157822223329935,0.29444874188881004,131.18486563449986,25.331623922637302,2.5989592939127673,2.290095128893268,921.6671363292951,272.5578902937582,11.466692754028495,6.546083034380778,15.493340863302496,8.823981010255634,0.27287873743244473,0.24044942482795262,32.16429899109972,28.85526339996001,0.7648731764373569,0.8224567107658344
independent,stage1_soc,57,-1.1561851175065534,0.9666969865907691,0.20912027398247682,0.13023557778111808,310.80619260512043,10.445084363080532,2.3923732890217075,2.16702876650408,1001.8287648319296,392.8507888470825,1.2976755633073696,0.9156862745098039,0.5079491411444719,0.28101561668274155,99.9358246168519,27.306106932390612,2.551945323345755,2.247239049377979,913.7341901276272,258.3486528380728,11.292550390416451,6.2474424205813035,13.732279576840078,8.021967184703874,0.2679424873880287,0.23594973416452933,31.548964976325472,27.58756505082366,0.7633015321664623,0.8224567107658344
independent,stage1_soc,58,-1.1882317462810723,0.9664182389014407,0.20789998853911898,0.12992796258272923,317.41243723981466,10.37921925715963,2.3973674130426943,2.172228869968701,1005.7304040194026,394.61571376036767,1.0569488717060462,0.9411764705882353,0.5236415233611157,0.28078902814829465,117.18566690421662,23.440387838467696,2.6069469651785484,2.3090983456110252,1000.0712325934924,264.84454891635636,11.641418028085562,6.242404982310678,14.292505497393934,7.423378579483053,0.27371740606997863,0.24244467492565222,32.36644754674054,29.426381816567016,0.7840840135799005,0.8224567107658344
independent,stage1_soc,59,-1.1938239327129325,0.9683107890026701,0.20322212165833062,0.1271194377153158,308.4690147224262,10.165858503073057,2.3862154420460904,2.1608000246889696,1005.1769798732068,392.01813301366394,1.4862256957035438,0.9549019607843138,0.5195030685216822,0.2973158280127773,121.66258319245951,26.766271093730044,2.598514750228897,2.287269040869147,934.2373337737482,271.15112794599116,11.54941332519844,6.609823105789532,16.13274703010142,8.299793920819825,0.27283206239622076,0.24015269862154326,32.11445493764427,29.144537143670757,0.7990510402278092,0.8224567107658344
independent,stage1_soc,60,-1.2094947543979087,0.967738622692996,0.20418742455085306,0.1273429911490331,303.9262860493452,10.190991631113217,2.3882492645383415,2.161933963193898,1000.2250069806182,392.8635932806541,1.094674931787977,0.9666666666666667,0.4904627720293715,0.2607660150849352,104.50378814749041,23.624563367760004,2.634381402944748,2.321841640317557,922.5494429993665,269.486314986734,10.903799453791619,5.797260250937576,13.017690732995993,7.901550961549581,0.2765978954863938,0.24378266208781849,32.62628789967708,28.29410061204006,0.8195278350578552,0.8224567107658344
independent,stage1_soc,61,-1.1997257519809263,0.9659194272468531,0.20617421991707163,0.12813986748640754,313.0186252958048,10.246787037127078,2.3844484089949045,2.1572118570894157,994.8086545837571,391.93843432631627,1.3795373869877237,0.9352941176470588,0.5086643439781954,0.27772144734238585,111.518526360157,26.363266728855052,2.589677061302136,2.279829977964069,944.8136657690654,263.9950511826465,11.308450533531163,6.174207582174614,15.095150642217888,7.693137688224475,0.27190414582522876,0.2393716313312734,32.01219117340141,28.410121240490895,0.7826948144536002,0.8224567107658344
independent,stage1_soc,62,-1.236947250430571,0.967210469176374,0.20427139554753757,0.12709434148460672,310.34475714668486,10.131240443579962,2.3770079117664187,2.149951460606455,996.6310356893707,390.3868134591874,1.2610761478835462,0.9235294117647059,0.4854445842121308,0.2627068069781743,104.17866940339277,25.74985315708389,2.602323566853546,2.3131669967636173,959.8722580907476,271.0891801872113,10.792236830283517,5.840407267984074,13.30534215514023,7.546288374559913,0.27323197057257437,0.2428718645288803,32.40268749194544,29.240040161684146,0.7778960365010668,0.8224567107658344
independent,stage1_soc,63,-1.2322136918261823,0.969396437897949,0.20239751538780865,0.12611662576256374,301.97145411462037,10.134726056182505,2.379690685758559,2.1538443014983,999.110368670972,390.9702909428464,1.8874888130262786,0.9294117647058824,0.5582135703373916,0.32653224471883446,155.93535580110373,28.69714762408393,2.5820190261402853,2.2809202370544273,916.38305753525,265.9588279826151,12.410011871358547,7.259352421140253,17.500321542454426,8.403866600978564,0.2711000874580687,0.2394861035066353,31.985173833814017,27.96888084215514,0.761947693604665,0.8224567107658344
independent,stage1_soc,64,-1.2710050480077741,0.9701593263108477,0.19914147149532654,0.12361908862076124,298.62225800552034,9.84053181544169,2.3750840208693926,2.1478667421942665,993.6458215847093,389.58978016363204,1.3477508811389698,0.9352941176470588,0.4964019523400949,0.25875923537338774,88.64860857633833,24.692131128866833,2.6173688234811427,2.3202661909163,981.1668794062191,269.3712837506026,11.035837265265224,5.752646215437771,12.748257298936396,7.2499185334951175,0.2748116531180077,0.24361724716788857,32.53471782910945,29.153340132201,0.7863735319450303,0.8224567107658344
independent,stage1_soc,65,-1.2267560635488612,0.9710102403098501,0.2038410666948243,0.126294058991105,306.0472596461418,10.011553983841196,2.371225688461451,2.142846375372721,992.1503027526966,388.99914984618164,1.575112517674764,0.9607843137254902,0.5330613645015604,0.31229200049613914,145.8526255242893,28.970587680424885,2.5891207588292846,2.2893491381377564,940.8345304001081,271.4813454767717,11.850836692537905,6.94276821529968,16.722101493342432,8.750387843371799,0.2718457366316805,0.24037109923971542,32.11616066895458,27.701945610856164,0.8008659043750221,0.8224567107658344
independent,stage1_soc,66,-1.2696516431065983,0.9697338693113465,0.20310638955066726,0.12612221310939692,306.17782950614696,9.962760613624788,2.369078125178375,2.141561456906426,996.7945155426789,388.3314079083398,1.6999883969624838,0.9372549019607843,0.5436678860870349,0.31977766984525846,159.09683649481846,30.559771733163753,2.5897016209160846,2.27997945545643,932.5077311300687,265.80335294050695,12.086637228003212,7.1091870385316,16.45545295889511,9.297155742529805,0.2719067244714053,0.23938732577846444,32.034128850071255,28.805441838606942,0.7741545361346739,0.8224567107658344
independent,stage1_soc,67,-1.3593287370577163,0.9733722602036325,0.1920341548465308,0.119220224940869,293.77542147117316,9.476788171111604,2.3687597799215565,2.1416595500425317,996.4364037733462,388.722453490391,1.3615175667931052,0.9352941176470588,0.5154417297159688,0.27826418017822446,111.33441282071503,28.925492146201968,2.584562224746708,2.2766389122050184,925.8981749623155,259.4686205199857,11.45912303941759,6.186273431687485,13.739513446468393,8.357970584225635,0.27136711158052645,0.2390365841462585,31.980577866013853,29.06505271344469,0.7806615987322683,0.8224567107658344
independent,stage1_soc,68,-1.2964151905741526,0.9703500484140724,0.2022994657778171,0.12524793287982383,298.5382632099885,9.987659528306954,2.3703763900664305,2.143125208073128,994.0285507768286,388.19528863202254,1.3399890046493679,0.9431372549019608,0.5013829478355762,0.2734392625699733,94.9998672299177,26.878880876043386,2.5619342227909074,2.2544363094165045,913.4032403049199,257.47329441046406,11.146573041883384,6.079007524911815,13.865641107587322,7.4827003351054415,0.2689912757531705,0.2367054132691947,31.679437940991217,28.71901285855666,0.7927223705512879,0.8224567107658344
independent,stage1_soc,69,-1.3265437484154807,0.9726827264458202,0.19748230037452402,0.12258556751757131,300.13466042804356,9.711771495369025,2.3640440285176534,2.1369779007746272,993.7604684152667,386.686321970328,1.8922344908994786,0.9058823529411765,0.5534879239144828,0.33141245254333696,158.7787167591634,29.90509943925631,2.562043883121286,2.2558668039446954,919.0951985895156,257.22132515042455,12.304952927390744,7.3678475209640855,17.54105083292459,9.04063368132608,0.2690027895820212,0.23685560859609767,31.68897388669314,28.8453746272727,0.7398359757668317,0.8224567107658344
independent,stage1_soc,70,-1.3347246422810592,0.9713330007922303,0.19700075055716249,0.12192356291271673,301.87070368241325,9.595097557711762,2.3626619295742635,2.1347259908345295,988.7038916850292,387.28076714404756,1.3191405473970899,0.9490196078431372,0.5143884419523772,0.28719304831808107,118.74394039483924,25.54440254812172,2.571118721472331,2.2636786287175674,987.5520884889075,271.40688969697464,11.43570670856374,6.384776953460418,14.647506594918545,7.423122215518688,0.2699556057486448,0.23767581416301733,31.787552314024996,29.323271408908884,0.794703075257424,0.8224567107658344
independent,stage1_soc,71,-1.3632427824589048,0.9747073149262052,0.19226093395341382,0.11897875271978536,280.91419324940347,9.448912972171916,2.3576527394681763,2.1294921277848022,990.095628381621,385.7872560516613,1.4714622221741023,0.9294117647058824,0.46631461933153845,0.23801772275245658,86.61754722929297,22.97528525100463,2.605877306986158,2.3055456253681696,948.1994829583268,266.0521273456313,10.366946038582892,5.291528049320613,11.52654591735603,6.912598587121249,0.27360509689387585,0.24207165568807057,32.33301369911711,29.280703821219134,0.7895173789064208,0.8224567107658344
independent,stage1_soc,72,-1.3523017632975614,0.9711129368269711,0.1980229358965516,0.12192035627211999,287.54425476992617,9.725475331418497,2.3590209473160644,2.132083035716435,988.4277681319901,387.1275371609066,1.2982463331783518,0.9411764705882353,0.48863752440632735,0.2603946632066486,103.27967990054007,24.14410853386274,2.554575650687997,2.245128057035161,932.5283156898374,272.35885689006693,10.863221177171694,5.789004483856882,13.616458188133636,8.081050765415817,0.2682186596258418,0.23572808970607748,31.557394751460826,27.86971080243222,0.7945852132663371,0.8224567107658344
independent,stage1_soc,73,-1.416943717487667,0.9748833660984126,0.19225466412646208,0.1183071714546485,289.2674479174836,9.279601973309445,2.3566059702094018,2.129303882112108,985.3283887759843,385.3130156797786,1.2827614555171891,0.9647058823529412,0.4674507022561005,0.2351262971201875,69.89169736033377,23.068265699499985,2.602176867405048,2.294694858073604,933.2807351881478,270.6243298145112,10.392203042944395,5.227246870344758,11.886806610790828,6.5607136449812975,0.27321656780717435,0.24093237517434746,32.210457377574414,28.118289107753746,0.824470671676111,0.824470671676111
independent,stage1_soc,74,-1.361174471242401,0.9724039787564919,0.19390472885026713,0.12002778211861097,290.1116945127184,9.481828484054875,2.3534848536171897,2.123886824342153,983.6214664901565,385.07671040971763,2.2981286806218764,0.8823529411764706,0.5852303299410307,0.3383218955960782,131.4439144018507,39.09745879319805,2.568061157166811,2.2593247331678867,925.6821435821456,264.47935070130546,13.010639167474178,7.5214558796021045,17.0535362316863,9.864953358779486,0.26963457560043774,0.23721867521386478,31.743437194305013,27.756465948741827,0.7067838421941613,0.824470671676111
independent,stage1_soc,75,-1.383622067438661,0.975470203339104,0.19197204541498344,0.11796721885657256,286.99645128286863,9.160045788564167,2.346299831364667,2.1173385870447166,980.3831510713053,383.27382547675063,1.6234288809346218,0.9254901960784314,0.49799150510393814,0.2706175191382713,113.83728639441641,24.454735105587527,2.580229439905458,2.26375561822571,944.7772692077143,260.6118599020542,11.071175654938415,6.01627549662346,14.720984720307213,7.9304113972554715,0.27091218915838006,0.23768389770623666,31.847523519536146,28.403758482084267,0.77609274454725,0.824470671676111
independent,stage1_soc,76,-1.3754779187373958,0.9734602857897362,0.19583958067169888,0.12066287379244033,298.24217468697157,9.543822647866495,2.344715796645515,2.1157071719101914,981.42914671775,383.7270165280267,1.8839690834868188,0.8862745098039215,0.4987349603359717,0.25300766866581115,77.24296722948216,27.278750379476858,2.5974284593073103,2.284921738782934,931.6036156872201,267.85788310654107,11.087703895643463,5.624779364983392,11.985883321513343,7.510780821872472,0.27271800686027553,0.23990624273007988,32.125485963144506,28.59643375498929,0.73665402170313,0.824470671676111
independent,stage1_soc,77,-1.4072856959041333,0.9745606056160324,0.1932232210716477,0.11805748650146032,284.9263676862337,9.306685892175299,2.348130036059427,2.1200509561812315,981.8968587372445,384.30376741761035,1.550232984972935,0.9490196078431372,0.4875819244531842,0.249944618092302,88.9964677775294,23.54915376646625,2.559729808577344,2.2516121841967105,930.8014975806319,256.68172312839573,10.839753442515953,5.556682679414023,12.340558345460344,7.003467929207558,0.2687598224292249,0.23640889314818572,31.669090782792964,28.44676764870313,0.8027450305071819,0.824470671676111
independent,stage1_soc,78,-1.394476900022077,0.9729908159971832,0.19316653355857008,0.11978365252738624,294.15258770994296,9.419942093402165,2.3464508745382817,2.117674924128921,980.5930188716728,383.0557568905655,1.4727285899367988,0.9411764705882353,0.48571040053371256,0.23806989415110472,79.53881587827082,22.801007072336894,2.5941471923729034,2.2899496036271256,904.1959446615724,265.30941894112993,10.798146367209387,5.2926879058898075,11.382223431115943,6.494236745146101,0.27237348896792657,0.24043414534628374,32.15439023390186,28.512307724473875,0.7954633504281216,0.824470671676111
independent,stage1_soc,79,-1.4166316062099185,0.9761450661658989,0.18821480596416199,0.11619463047167825,283.8565504040115,9.158026906937303,2.344812369846116,2.1159325352443656,982.6575688698482,383.50852413863805,1.3496653996261896,0.9235294117647059,0.5229898191202913,0.2744317009825917,111.09728138708812,21.59326426062325,2.5695330041598647,2.262426661144869,967.9544514417364,270.4837045268426,11.626929563822042,6.101071073948688,13.704390189944593,7.163354112992917,0.2697891127454015,0.23754436334293547,31.787850122517153,28.534027588640814,0.7666324660286186,0.824470671676111
independent,stage1_soc,80,-1.4367529464850233,0.9748100114433262,0.19030656986880953,0.11711116166311472,283.620868659411,9.191144826735588,2.341494604895218,2.1120343332441966,979.5205802551711,383.01192806151437,1.6680745942919861,0.9058823529411765,0.5159589675878421,0.269486228809418,93.63934401421992,27.288300445747936,2.5743344766990757,2.26293396749625,915.7240557082611,260.1724663779462,11.470622093670936,5.991125039599391,12.771362715001338,7.077993258186832,0.27029324521388043,0.2375976281697377,31.8044857866722,28.762157311280433,0.7510946626648238,0.824470671676111
independent,stage1_soc,81,-1.4191426272536523,0.9742525160646694,0.19601205854549636,0.1190578824176781,290.5970113355304,9.261831015845551,2.340174521110361,2.111142233014981,980.701145280919,382.6657197679947,1.481324669192819,0.9176470588235294,0.4839723820677493,0.23886255576987478,85.1614678481869,21.736980313273552,2.578515744675947,2.2662226557585536,950.7578473849707,261.45821613361653,10.75950733917177,5.310310086040248,11.211451462806235,7.090529154036681,0.2707322590641811,0.23794292526728297,31.86682984704481,27.860972342456304,0.7724553442032046,0.824470671676111
independent,stage1_soc,82,-1.4621576246795953,0.9754848742701212,0.19076892678064564,0.1165681559472147,284.28065505811395,9.142788556933857,2.3353343679288425,2.105994966956143,977.9480217692056,381.7926485199785,1.5595216400483076,0.9235294117647059,0.4980900116842044,0.2713512302960689,113.34410934293292,27.070932542114477,2.5835786761970834,2.274380860360814,941.099827240638,268.88112906054806,11.073365619309529,6.032587110425526,13.602832830048342,7.739019249771574,0.27126384351970934,0.2387994991185143,31.97128564307028,28.808854732658386,0.7741024082594447,0.824470671676111
independent,stage1_soc,83,-1.459030915949218,0.9771573604060914,0.18849336845778294,0.11488777910246303,280.91991009331537,8.850413315483678,2.331879921656322,2.1025829531752955,976.5993046032845,381.1956722437599,1.599030529751497,0.9235294117647059,0.5020690848457157,0.2737687354578691,119.78179060297593,25.98420385928947,2.539078367636931,2.22659434709771,921.4917434341326,261.4825397334176,11.161827003617177,6.08633225269944,13.713542118412587,8.151657866276452,0.26659151639104284,0.2337821356545784,31.300439028536232,27.659753019150802,0.7729086863109913,0.824470671676111
independent,stage1_soc,84,-1.494576954256778,0.9771720313371086,0.19011508609806005,0.11518548259499928,278.208336351836,8.897450047407544,2.3306301207863664,2.100435529100515,972.7076020277881,381.614964148736,1.7171205548679127,0.9411764705882353,0.515497632652675,0.29363631724069517,128.49711149289212,30.236458700828578,2.559856632434289,2.248543281049705,976.3784406025817,260.51417858324146,11.460365854255912,6.528021489367467,15.502099804508656,8.287867603930687,0.2687731383491936,0.2360866724739263,31.607359135878806,28.43047396898326,0.7865271807924328,0.824470671676111
independent,stage1_soc,85,-1.4831224586380147,0.9764971685103137,0.18850656610392758,0.11415312465749994,279.7231875516892,8.792334005373041,2.3299923954900157,2.0996584536116187,980.7400922190087,380.65686386066824,1.3184008046692492,0.9549019607843138,0.49004328525215585,0.2470662273137885,81.65447685289898,25.473866979121862,2.544445785347924,2.2373871031783374,958.3676110133146,255.38801104105607,10.894473568213494,5.492691286818227,11.832866706692373,7.658637508353975,0.26715507049197806,0.23491532525843095,31.46040774330075,28.579836658854337,0.8078889752086671,0.824470671676111
independent,stage1_soc,86,-1.4872323031233936,0.9750300754085854,0.19087993276405024,0.1160855185478132,280.0979801536916,8.99443753061198,2.326247705946611,2.096456151560138,975.2498756932833,378.9435700465186,1.9329129695892333,0.9176470588235294,0.5192554129795419,0.2977125059155857,136.13185889648824,29.503502402454217,2.5337018287567803,2.22948065164919,902.3843757486814,255.07682383372546,11.543907532467335,6.618641912326218,14.925049397570604,8.419550863508327,0.2660270046094199,0.2340851843185948,31.332913573505262,28.48554688715863,0.7618704349296668,0.824470671676111
independent,stage1_soc,87,-1.49574008569594,0.976878612716763,0.18875789240898944,0.11574902279369845,277.5640527465,8.97102508070272,2.3305654996420264,2.1001254943814063,971.5050613676004,381.137879602569,1.6188614966822605,0.9509803921568627,0.4929271185588189,0.2592100904030981,106.25156870617457,26.417472876710313,2.537845267703014,2.2268586243922806,913.7049436251058,264.6884640476459,10.95858595722094,5.762669469203503,12.856529214839979,7.424147561579711,0.26646204658600064,0.23380988355145516,31.31689358407806,27.551931683972786,0.8031022565892171,0.824470671676111
independent,stage1_soc,88,-1.4819028399954002,0.9769959801649013,0.1887075038657383,0.11566426429611211,288.04573960381686,9.025303052490496,2.325669820370167,2.0959945814499576,975.9532150147694,379.72566912411367,1.4669194039176492,0.9509803921568627,0.48744107776925955,0.2518845962223542,93.28683220839419,24.925043619694552,2.5288687408741137,2.2122163812757707,924.66961838464,257.4134371745977,10.83662218754039,5.599811605157575,11.855447492569688,7.846519644692711,0.26551955267571287,0.23227251556567316,31.15894210508602,28.701801090779078,0.8047480688260849,0.824470671676111
independent,stage1_soc,89,-1.5243896037905937,0.9766878906135383,0.18976949786375133,0.1146352018838773,284.2325832537286,8.829404165696937,2.319621332354609,2.088895764259457,974.9143232129229,377.4368201890867,1.333713655612048,0.9392156862745098,0.4726473328655282,0.24613364138823077,87.12613697374316,26.756066208763208,2.542975973088507,2.230321975651325,933.7964386270644,267.36171403256293,10.507732745160492,5.471958357663103,12.111798230047315,7.870035265879023,0.26700074698466036,0.23417351945797615,31.376800066391773,27.666677011682538,0.7974214864148513,0.824470671676111
independent,stage1_soc,90,-1.5474817330091304,0.9796220768169948,0.18068924498776334,0.11009041778468634,269.2770198949884,8.52761821139742,2.3168954984555064,2.085468793832167,965.7988124789168,377.3909997374975,1.9108567513671575,0.9411764705882353,0.5237035367131573,0.2794226525114009,105.45062318299836,24.97462483155503,2.54606436032437,2.2352472880161276,932.3496584581264,259.0794627396486,11.64279668757346,6.21202818967137,14.160847247967684,7.335224986320815,0.267325013398374,0.23469065453689628,31.441191569627346,28.437984878573914,0.784065409574288,0.824470671676111
independent,stage1_soc,91,-1.500513190335537,0.976101053372847,0.19009071621158655,0.11604219843710711,279.97429646366515,9.029557171305722,2.3183764340068582,2.087558897228544,968.8323511167883,376.86775996276106,1.7448977484422572,0.9607843137254902,0.4790402342297681,0.2415115734160531,70.07471629927714,22.910785659686955,2.5500656261563517,2.2369978728101536,937.4989298803617,258.8924351264189,10.649857526854154,5.369202134144062,11.555296456597128,7.174667875288677,0.26774512785377164,0.23487445786520578,31.47215356339581,28.338886969910448,0.8170722434565598,0.824470671676111
independent,stage1_soc,92,-1.5334100485659516,0.9778468941639037,0.18864777465525984,0.11409101458772673,281.5717422024035,8.82061176511278,2.3151553343957247,2.0832264327266596,968.9081141954339,377.77444613125704,2.3284233308305926,0.884313725490196,0.593174161244485,0.32375328351067856,138.43812875148777,31.10268514000321,2.541922009716282,2.222177561840006,920.3060597091365,258.4796520927497,13.187243689503896,7.197571512513443,15.91102319446001,8.496592842865663,0.26689008569227834,0.23331839357617973,31.30227053182028,27.663269600818825,0.7063614771168506,0.824470671676111
independent,stage1_soc,93,-1.557763669381752,0.9788151756110443,0.18237041220295158,0.11095430543266495,276.2293776080242,8.561294731505871,2.3150161636252657,2.0828835054595225,969.6121045392636,377.23570123093145,1.3395267727328282,0.9588235294117647,0.4848522649144552,0.2344493722597904,78.86265947179021,20.99412297396205,2.5612641948762063,2.2534480399799115,943.4800528279906,269.39764920689765,10.779068591626501,5.212197709951777,10.961684807463794,5.992405025885586,0.26892092591281846,0.23660164953702228,31.675826322437985,27.28539706999299,0.8133678499374282,0.824470671676111
independent,stage1_soc,94,-1.5688128090776443,0.9787418209559579,0.18055870775003158,0.10979371357185541,273.04405393013275,8.437560696932481,2.317666803523022,2.086010449183564,973.3508033283756,377.5351662297707,1.750478173237221,0.9352941176470588,0.5025074322482173,0.27492695626455776,113.16168784518888,25.278799786420237,2.5224149795984925,2.1944218052222446,893.9461088105279,262.016302688623,11.171572192121882,6.1120814188330606,13.807264660960255,8.116854086007367,0.2648419375115559,0.23040416716252396,30.96698124093185,27.205324255089014,0.7845418879725936,0.824470671676111
independent,stage1_soc,95,-1.5882455737464658,0.9779789325430592,0.18176649519575805,0.11075973864581606,273.795266947774,8.537654566083258,2.309473768923636,2.0780098314496316,968.3718137668188,375.8303304704344,1.7927961648679247,0.8666666666666667,0.5015446596439423,0.2613110203843783,105.04312581187224,27.255652566631216,2.53576608643589,2.228751019739053,964.1006297411913,258.9785799676078,11.150168163120494,5.809376621078765,13.413928066291305,7.40554333381678,0.26624374214375923,0.23400857633366218,31.330362154862566,28.45461375262498,0.7162032687734841,0.824470671676111
independent,stage1_soc,96,-1.5907411210074756,0.978595111645785,0.18270981572587197,0.11091432749843565,275.44663812577136,8.479985923805211,2.3117410928323743,2.0806027766977233,970.2343283647498,375.74075971903187,1.7047823316910689,0.9431372549019608,0.505001754670849,0.2624036936600711,109.488637948005,22.591176588988468,2.5179119677595216,2.208822156737248,942.841416636005,256.4305029268253,11.22702510928609,5.833668557074996,12.948900901183071,7.167429551827707,0.2643691420398685,0.23191613764594055,31.094456539670734,27.070644747430215,0.7916367285007061,0.824470671676111
independent,stage1_soc,97,-1.6559915252353226,0.9811478536427922,0.17629596185279278,0.10610500508160495,256.8239209798513,8.121469328915833,2.307197953737877,2.0743896208453423,967.1049290966181,374.9502435080985,1.868970552145266,0.9411764705882353,0.5268435826617037,0.28785536406634776,133.944530195224,25.220611911861656,2.5471473365362693,2.222052271445008,927.6351197639052,262.3851302940565,11.71260510780681,6.399501329103256,15.123918826400267,7.681650044297126,0.267438720905092,0.23330523866264202,31.316447849354745,27.83600230206521,0.7831233957897241,0.824470671676111
independent,stage1_soc,98,-1.6161615331213308,0.9788591884040961,0.18288293440427986,0.1105391659724319,268.61257538757025,8.499229924387771,2.3077971460982267,2.075201893150601,965.8189182766697,375.45527186712764,1.8171475087895113,0.9,0.5325066778179408,0.27028713274528,120.64484901826398,22.515110448061375,2.50848679399516,2.186200676697726,886.9743636183008,258.31491882395426,11.838505089197552,6.008930460105125,13.30885638883687,6.853260181187551,0.263379542270867,0.2295409865897097,30.812266010597924,28.25678047416179,0.7402479966546178,0.824470671676111
independent,stage1_soc,99,-1.6095961632014602,0.9799741791614096,0.18093650641006695,0.10945693215787282,271.9962527955497,8.4355066044941,2.301748987611002,2.0691266465238143,962.3515606499775,373.8829268808935,1.60923420307683,0.9372549019607843,0.5117571189610636,0.27334938630023425,117.79485432580923,24.357659798652875,2.534835739017026,2.208157122588041,922.8154887057245,259.1395102821142,11.377208041933615,6.077009426632441,14.451679823735974,7.5040631026270095,0.2661460599562667,0.23184631212793022,31.143600108400577,27.183307096723336,0.7837277662724652,0.824470671676111
independent,stage1_soc,100,-1.642547537077166,0.9805903582641354,0.18119855215194955,0.10916017909949341,264.11952654144363,8.32996568302407,2.3045519520611037,2.0720874103241065,960.0440757583726,375.831245600113,1.4373429504095339,0.9470588235294117,0.5227361874049802,0.28557212463050496,125.8497834551794,25.69052687589799,2.524007538986627,2.198348547649734,926.2033635656826,257.51853684818815,11.621290910866936,6.348741136213577,14.497176935270078,7.853225608017553,0.2650091489011833,0.23081645700420994,31.003323808919376,27.5518169275192,0.7902379673079176,0.824470671676111
independent,stage1_soc,101,-1.6371062142423423,0.979372670989701,0.17875764354204599,0.10820607878675548,263.2945042011656,8.272751718011605,2.304451470484513,2.0714512459086847,965.978050097478,374.5632412678529,2.0018866394080366,0.8960784313725491,0.5446908995145897,0.30501631544355085,137.4462010502707,26.461189258581154,2.513467107853746,2.1903048023143237,905.99180553605,260.7940346105387,12.109380510243454,6.781017690638818,15.72618231990755,7.662150516939305,0.2639024522529245,0.22997190084802235,30.890546876063524,28.326898057011697,0.7326711615181721,0.824470671676111
independent,stage1_soc,102,-1.5821760213555929,0.9767319034065902,0.19093403847082233,0.11394823513845377,272.59781165251263,8.641346425196971,2.2902833711913124,2.055167628376842,953.0774569800981,371.3485385710557,1.8652488881466436,0.9411764705882353,0.5222610968149928,0.30365093045265357,142.19500894470235,28.95733706081447,2.5317264526350307,2.212253520520879,899.9384580690883,259.2535823317087,11.610728860470793,6.75066292170017,15.876721660515342,8.317307772452814,0.2658195992286124,0.23227641501509433,31.16133681894211,27.486796300742043,0.7844981415437374,0.824470671676111
independent,stage1_soc,103,-1.6137250783591688,0.9813532466770342,0.18256326668695716,0.10971606983810864,269.21950996588845,8.34800756022537,2.285766874097163,2.0504233153781053,953.6036877053049,370.619390427535,1.9589225479200774,0.9176470588235294,0.5390468734301316,0.30572891495574045,135.5124068336413,25.46287996116642,2.518581398870375,2.207371889244692,925.9817379718046,259.9917579278071,11.983904465889948,6.796859957605657,16.12465353782903,8.11276325642028,0.2644394292185695,0.23176386624898762,31.0584036613826,27.12496644056793,0.7559329967944899,0.824470671676111
independent,stage1_soc,104,-1.5952952719921203,0.9785510988527332,0.18484144973170613,0.11178303012949851,270.8373253242227,8.629929048175683,2.286714849695642,2.0498793357667062,952.5071045459606,370.640490305256,1.7338185511383355,0.9313725490196079,0.49912719972842723,0.2658774574255279,89.49214565259273,25.78192830058161,2.501393688482388,2.1751799067007562,871.7252390222376,264.09528797726267,11.09642402674641,5.910896076896052,13.210603558616787,7.762535360875009,0.26263479891096375,0.22838385657641927,30.711455313249303,26.370347946928458,0.7816343891010797,0.824470671676111
independent,stage1_soc,105,-1.586037896982133,0.9777148557847481,0.184890668080135,0.11161320458109339,273.8713893741907,8.550301128175217,2.2815772971763133,2.0459598773418555,947.9650600308004,370.3756445447747,1.7466827322455014,0.9627450980392157,0.5398672354944365,0.2992407904097847,121.19376533819528,28.460212569852562,2.478299318525897,2.1659731036746033,897.5321512658743,258.71130438762754,12.002142472806696,6.652618206926793,14.432805121009693,8.504741667840854,0.2602099965947885,0.22741718472763342,30.484589968084734,25.72670730795268,0.8007849273908848,0.824470671676111
independent,stage1_soc,106,-1.6150809786121827,0.9802822687127725,0.18436995131043085,0.11124518110904899,275.0258505249956,8.594279664319465,2.2814126452910224,2.0450403456223407,950.7099968272797,369.7221465125656,1.520735530759774,0.9372549019607843,0.5055891587578518,0.25441378993073516,88.95898376835521,21.056388504877308,2.4921773392016315,2.1722555510991928,870.872220354123,262.7981453454724,11.240084074672016,5.656039768738409,12.529422675213395,6.963521961985773,0.2616671247494793,0.22807681272766522,30.64574768531499,27.141121824952886,0.7855781543334288,0.824470671676111
independent,stage1_soc,107,-1.6821412454100968,0.9814266013321206,0.18073411375927198,0.10834251367622708,265.87606572048384,8.17081461729386,2.2746174208666403,2.03749227695514,947.5305379835439,368.52162300984605,2.202506800258861,0.9176470588235294,0.5086655535435342,0.2695035488436035,102.81875538325001,25.72422627262845,2.4897899119445763,2.172056467144513,879.72608909808,256.1778033061845,11.308477424171253,5.991510092635139,13.175427323709666,7.841514879754456,0.2614164559001661,0.22805590983075433,30.616507858456956,27.01560482367552,0.7650473927604691,0.824470671676111
independent,stage1_soc,108,-1.6915935936019173,0.9836125700536956,0.17499326037697227,0.10463999188291793,261.69536412045807,7.858285278788567,2.2713180004029097,2.034542427233238,943.1913188033626,367.89355624214744,1.9734163518045462,0.907843137254902,0.5482475425041478,0.2769866472895385,97.80932269116762,22.744125021934593,2.4858015633059307,2.1593268438735427,877.4564522852085,256.85700873552673,12.188450572434743,6.157871760432768,13.5727768302429,7.0078982273758,0.26099769769048464,0.2267193581062588,30.499351132291828,26.653312685859653,0.7433688745036576,0.824470671676111
independent,stage1_soc,109,-1.7000589719880184,0.9806197001261701,0.17698259050556372,0.10659115072398423,266.6582510905448,8.08449905809238,2.277876230271418,2.0411859625094966,951.8169161179127,368.9838080887464,1.4432876156825645,0.9509803921568627,0.4701592520564405,0.23527429665018823,79.83112116367748,22.532812162062203,2.490558406271466,2.1706482787780903,900.4175014512567,259.5534503247422,10.452418589399258,5.230537144931157,11.45867157288615,7.336428048421487,0.26149714425959397,0.22790805654794363,30.596412931798383,26.766058127993208,0.8099326165399305,0.824470671676111
independent,stage1_soc,110,-1.7195582154393108,0.9827176432616413,0.1754918566063548,0.1051157891684065,258.3521764562979,7.930400623020041,2.2771260596628644,2.040630306939908,948.3149520182161,368.9943310238157,1.7578780824062872,0.8921568627450981,0.4940351711537414,0.2565877646079981,92.01349576116381,25.34104589600234,2.5160458877439984,2.204659178546246,910.3295529159503,255.15403825556893,10.983219800946323,5.704370825141354,12.689321614439542,7.878244093805032,0.26417321224605583,0.23147904413878942,31.019451620665308,27.30948347846922,0.7439463113989757,0.824470671676111
independent,stage1_soc,111,-1.6983211745343043,0.9821748188140019,0.17959772313186986,0.10778727568474056,267.0366836390732,8.117207779193901,2.2704837376272438,2.0331297370132884,944.082607119722,367.61920399687676,1.8892926347021963,0.9529411764705882,0.5168492032626248,0.2697707709107621,97.87536099188203,23.43341144797199,2.479773302176645,2.1641543235118483,914.0814670064963,255.70201708534253,11.49041350663441,5.997450881612596,13.332341902321145,7.182634962634518,0.26036475807895415,0.22722622120017752,30.49948937763869,26.869924473100763,0.7978864154918007,0.824470671676111
independent,stage1_soc,112,-1.7147116573031584,0.9833778351574191,0.1745583224893737,0.10515958473964875,263.86555894190053,7.97750923543286,2.2727993285389694,2.0360366830461882,944.1393272206636,368.5286629453088,1.3594169205310298,0.9568627450980393,0.47307084375437625,0.23803095179792566,82.09516774215783,21.311317043576942,2.4537217639846056,2.1298476600033394,881.0358234698562,254.73599454767276,10.517148093402701,5.291822152903976,12.487832133250686,6.81842595344119,0.2576294667388138,0.2236241797808879,30.05501598093004,25.542594721138652,0.8149414919717264,0.824470671676111
independent,stage1_soc,113,-1.7013923916429572,0.9812652210909304,0.17438596045337015,0.10557546835353575,264.39120197254636,8.053361734482255,2.2668658829748765,2.0297419627448137,944.65254348564,366.58403682843505,1.317377940346213,0.9588235294117647,0.5160960327846712,0.25847990751156913,94.235389570392,23.5118384030935,2.466169550852459,2.1365879415150952,881.7705579851792,250.8295580294091,11.473669279927572,5.746436294602139,12.175635819043377,7.387392664417784,0.25893642694103164,0.22433187824818404,30.189867772112315,26.614562448418177,0.8039947195763634,0.824470671676111
independent,stage1_soc,114,-1.714011209237247,0.981661336228397,0.17496105412757218,0.10525408081812965,265.6026650915077,8.044521318519404,2.265144953932678,2.0273905631189426,945.332389669824,367.1608109211973,2.393091459835277,0.9235294117647059,0.5452432878774394,0.3042488161218809,116.8073509826163,28.60200120031639,2.48034009981699,2.1608641767180434,876.0513814415754,256.1311874075419,12.121661018107892,6.7639549100127105,15.669705898147472,8.887098729344412,0.2604242692166774,0.22688077096355258,30.455403739113763,26.493362628998018,0.7599564254014741,0.824470671676111
independent,stage1_soc,115,-1.7073501905663633,0.9804436489539626,0.1771102808899422,0.10666918550165093,260.6911223166528,8.201176632586577,2.2635391899441997,2.0262411577638924,945.9466887017041,366.10236152723786,1.663644697151932,0.9490196078431372,0.4714044051561393,0.24548564118734909,88.14768002714104,24.63682973282513,2.4561504154228366,2.12378319599757,842.5899818977506,255.0787540554695,10.480100404335396,5.45755224034008,12.190490450376094,7.362479401989394,0.2578844639369924,0.22298743903432258,30.021300491422426,26.04271383380844,0.8075982862962954,0.824470671676111
independent,stage1_soc,116,-1.744824290962896,0.9824829083653649,0.17111358745352964,0.10347003250473312,258.35251765898823,7.939088380864536,2.261768435400092,2.0238208730217657,940.282348953891,364.52680148725005,1.9103029307197121,0.9274509803921569,0.49562200535685097,0.2506138484559807,75.13182192519258,24.909375991432167,2.4702490586589576,2.1491991222927385,860.6194799706692,257.4692993070894,11.018497752513435,5.571560778405609,12.397577253718085,6.70933014516242,0.2593647564428404,0.22565599405722955,30.328900727972403,25.750611482073392,0.7787643787851016,0.824470671676111
independent,stage1_soc,117,-1.7303250657081857,0.9832751386402981,0.177518047082264,0.10530758115986963,264.56255047760953,7.874771919074889,2.259856408590177,2.0210768838115825,940.0356766931593,366.1337833533346,1.8458132243623921,0.9313725490196079,0.4980893016864922,0.2591674135413532,97.08221124942796,23.269980326795174,2.491711003112548,2.176559408257405,867.4126711800012,261.27791491992696,11.073349834884882,5.761720691909239,13.180552288756953,7.316988487468176,0.2616181616112315,0.22852869787652969,30.66355642729444,26.75880868442464,0.7819457585136602,0.824470671676111
independent,stage1_soc,118,-1.7332013786540394,0.9807810803673601,0.1740974640748506,0.1050988386336754,260.5361072865193,7.958889029927631,2.2589285666778225,2.021454233227326,937.3180447323614,365.87585107106565,1.5187604834051693,0.9568627450980393,0.4676206987417162,0.23559831576969695,86.19661760405462,20.42163579306234,2.473612166420328,2.1556928951220184,838.661251814776,256.8564603274438,10.395982346273236,5.237740626418037,11.792252224848008,6.682253438517266,0.2597178672445069,0.22633781024995617,30.391575421645932,27.3445977211317,0.8165765354755244,0.824470671676111
independent,stage1_soc,119,-1.761510318753613,0.982541592089434,0.17388866716270815,0.10429723064338502,259.94263125288956,7.901412557527941,2.2609591683374455,2.0221028138581807,942.2630130048909,364.65903905915985,1.6191114911846085,0.9411764705882353,0.46272321124393057,0.22979863590433025,74.93915832937978,22.24945689849131,2.485721307131057,2.167334763311288,875.8775769381846,254.96342882299538,10.287103090703338,5.108804140807739,11.417685946976345,6.926824731790221,0.26098927116232695,0.22756015270844845,30.54871875430991,27.744386044389447,0.8023595072150561,0.824470671676111
independent,stage1_soc,120,-1.7585805275116948,0.9837446084328512,0.17197413167831466,0.10314471463093766,257.04409264108926,7.788793523338677,2.2509557387675616,2.0126740914502186,935.37791952103,363.92422403931533,2.071155892633924,0.9196078431372549,0.513902404269393,0.27963654177957303,118.86261204711712,25.41736861296604,2.4369850000591833,2.109465845995674,822.2067167126097,253.69602091397553,11.424901286165797,6.216783302227248,13.280325702092776,7.819867029007266,0.2558721837296605,0.2214841833269144,29.809759752272093,26.20655688620419,0.765437121856437,0.824470671676111
independent,stage1_soc,121,-1.797460882579989,0.983524544467592,0.17214184075354083,0.10285899374982485,252.24764567848774,7.703846737893388,2.2549922901845103,2.0157421198728063,933.5582359216294,363.9719095688606,1.566551515635322,0.9392156862745098,0.47970392775625537,0.23566227130701436,79.61617708633298,23.661368734744357,2.465035043766831,2.13608581574232,922.0351201610864,257.66877628332696,10.664612532787945,5.239162463900183,11.454834722924758,6.79264905996214,0.25881730893027266,0.2242791573582385,30.19717812076085,26.72556650019372,0.7953045079476332,0.824470671676111
independent,stage1_soc,122,-1.7601963763456523,0.9835685572606437,0.17144494500224108,0.1034545387328926,257.6975764139753,7.857866974370777,2.2436089653783853,2.002987066505114,934.96684264633,362.16385408676854,1.9893456164528343,0.9509803921568627,0.4850038004570055,0.24770132006492976,72.08768838846105,23.403121955170832,2.4410146111302446,2.117980467557323,852.9406491649489,254.19808936662687,10.782437477626251,5.506810450163384,11.511799000032616,7.611032299188568,0.2562952743044111,0.2223781793148084,29.904994211032164,25.5180929508574,0.8054792520197611,0.824470671676111
independent,stage1_soc,123,-1.8241552680679227,0.9846982189489745,0.16802150465485577,0.10026601603087772,252.29408249462782,7.4915437629735155,2.241452847930773,2.0006714254874125,931.068645243928,361.25366238245135,1.8050785602307786,0.9529411764705882,0.4734508767226859,0.23984345131206747,83.951779567963,23.783052234478692,2.476680537579756,2.161065951267294,875.2561578219772,255.6254628466633,10.525596855487398,5.332117017956677,12.07589348197997,7.3542349970258964,0.2600400320625246,0.2269019563604822,30.45256564421272,27.57725747962587,0.8109059134537824,0.824470671676111
independent,stage1_soc,124,-1.8118273362892061,0.9843754584665942,0.1693878984185752,0.10124993078416165,247.5338726498974,7.599875899919858,2.242183731438539,2.0030187589007444,932.2363559714531,360.68802597702467,1.7151848727581547,0.9431372549019608,0.5013638917436718,0.2578141684205655,92.77911853743976,25.476227126326922,2.4639564297168044,2.1496838270303082,921.2586708568269,248.66917607243045,11.14614939341025,5.731635812382424,12.268343479264724,7.816585404541877,0.2587040594304296,0.22570688581883785,30.309247222192514,27.196176610601384,0.7927280873788592,0.824470671676111
independent,stage1_soc,125,-1.7785690231490578,0.9826149467445204,0.17527169286550945,0.1050294903208011,258.5637913638367,7.875423083943701,2.243541782968965,2.0046324237682893,933.8398725892042,361.33726751762725,2.1582005781285902,0.9196078431372549,0.5439787251509968,0.28473258643027616,101.3099441091069,28.657507539904138,2.4327831181743664,2.127244067528084,860.0046151999617,251.66046746638972,12.093547695033813,6.330076812046392,13.0086632912024,7.399549857015157,0.25543100551411296,0.22335081458078632,29.957726170830224,25.325747116265653,0.7564142255919558,0.824470671676111
independent,stage1_soc,126,-1.8362864074053358,0.9840673689152314,0.16743796179870346,0.10003178228008755,247.3671688198585,7.51840206447001,2.2449463905735048,2.004584675635968,935.8067168275634,361.6524129347906,1.9442007784749948,0.9627450980392157,0.4935518710636542,0.2517036329461809,96.0407014910913,23.593567205735965,2.4696205487839205,2.1387356166015654,878.1892433330574,251.50386357309333,10.972475239770954,5.595788491917542,12.36421306306554,7.040774215184728,0.25929876580513955,0.22455737422550995,30.199185020419733,26.59699751826062,0.8146795367201194,0.824470671676111
independent,stage1_soc,127,-1.7678933179293512,0.9811038408497403,0.17678448868380175,0.10607253732304531,265.21387255441545,8.041637185348147,2.2416769519777557,2.0015812968005706,927.8920950556243,361.6077147551686,1.933319968803256,0.9372549019607843,0.5323446522427793,0.2788679116916861,121.16842082330683,27.096275297425855,2.4737584639490753,2.155136286145916,888.1274041805935,253.22394655872014,11.834902992405093,6.199695382795989,13.714290581974845,8.064710967722679,0.259733227810187,0.22627936887498037,30.395908090899116,27.22697557469398,0.7775515062879506,0.824470671676111
independent,stage1_soc,128,-1.8573165731717436,0.9837446084328512,0.1683468415575847,0.10030175385571352,252.93386533416447,7.453833676013005,2.2371566448340654,1.9962993730546859,926.3447020069417,362.05013756005593,2.2395360731611067,0.9235294117647059,0.5126261156312198,0.25753835695065264,81.88826334769162,23.715416499694577,2.4579350264685558,2.144119153054906,922.5299161170259,250.15925975775525,11.396527276660015,5.7255040667607515,12.547445510659353,7.331147008195638,0.25807183986477417,0.22512262072003944,30.225406827373885,26.91461116909982,0.76974157707534,0.824470671676111
independent,stage1_soc,129,-1.8559906669969952,0.9853437399137349,0.1668422129581409,0.0997534234591569,251.0035490131842,7.409774309312491,2.230911307407434,1.9900109911014656,927.387030449856,359.78325186405436,2.0249289952072442,0.9549019607843138,0.5283200542671448,0.28564075447217213,123.11889330435879,26.172106774637204,2.445091746931934,2.1235301964861506,847.9867526969816,248.81701742023722,11.74542951610662,6.350266891220399,14.938068704071014,7.880637539483606,0.25672335475665653,0.2229608752526547,29.96956899679473,25.38608040304996,0.7964059445041703,0.824470671676111
independent,stage1_soc,130,-1.8763508997152103,0.9843901293976116,0.16626551432219502,0.09930724138317142,246.0153129386184,7.444437577037392,2.2312465915025834,1.9899016339449644,924.9311609751978,359.69567807454155,1.6122406174154842,0.9686274509803922,0.46629404130484314,0.21950345246267378,71.91662292773336,21.361386271359095,2.4697667457070605,2.1480304503995997,891.9898645922527,253.95668598606446,10.366488554979574,4.879925167744528,10.539972125503427,6.618620423865764,0.259314115807695,0.22553328889927673,30.31376083424514,26.500503465914694,0.8287392385889392,0.8287392385889392
independent,stage1_soc,131,-1.9224000164000474,0.9860332736715473,0.16422548055195546,0.09762319723890951,249.36215289387906,7.2182809005485105,2.225810098563453,1.984793627067806,920.613891312616,358.3205866002447,2.0589280698813646,0.9058823529411765,0.4778515472734438,0.24399285004382917,83.30378227646041,28.046831693408024,2.4448670048702503,2.1387597902002287,924.3662394115182,248.586504979381,10.623431047773042,5.424365021689441,11.789640414841154,7.762907118304082,0.25669975787686544,0.22455991234186212,30.112115337610202,27.136669198451912,0.7625268887591433,0.8287392385889392
independent,stage1_soc,132,-1.8925154348700082,0.9842287491564214,0.1656103821771621,0.09925447472254667,249.995266997875,7.413494182558978,2.225738352120981,1.9849309267845168,923.1749995202116,359.3208120486106,2.5109734656764013,0.8686274509803922,0.5484532598792747,0.29549093696599205,112.13644380350622,30.352415506844395,2.4067027111144244,2.0856475060330886,894.7500484667617,243.80023254203041,12.193024010278485,6.569252756450206,14.213824587805101,7.9053550813672855,0.2526926830760086,0.2189833674996138,29.453451239691752,26.51175770844001,0.7040914730166098,0.8287392385889392
independent,stage1_soc,133,-1.8789224786268168,0.9853143980517004,0.16499047673865336,0.09867979490241299,247.65589184217697,7.380374209566433,2.2257866125776444,1.9839686194007864,924.6861095719198,358.5522049978186,1.939934642642152,0.9490196078431372,0.4835935932063647,0.24422566543570629,83.99278883298358,27.06422272895458,2.3936387737319245,2.06842323028866,850.7443882341292,252.6157425971415,10.751086235643815,5.429540893310196,12.062900295653188,7.19487896481038,0.2513210299119199,0.21717489799824974,29.215290714454834,25.88744582751228,0.8039415298812278,0.8287392385889392
independent,stage1_soc,134,-1.8969939423259417,0.9849036119832164,0.16532929403988497,0.0981290457806409,248.67655062256657,7.275512886602305,2.2238526292286513,1.9821984601373743,919.1633241106965,358.80277942244834,2.089698508674023,0.9235294117647059,0.4941631341061461,0.2722795318866916,103.76913561214229,31.229659224895144,2.4390356891029517,2.1119724873088153,917.245175536447,244.84244418934367,10.98606462923933,6.053224791721711,13.41523538097584,8.422364216065134,0.25608749661987795,0.22174736910220846,29.845110199442455,26.48317154983988,0.7752804715328621,0.8287392385889392
independent,stage1_soc,135,-1.8960866064208377,0.9848449282591474,0.16717604568309685,0.09979324094195353,251.59627638774361,7.417779037423642,2.2222086188646704,1.9805719677461286,919.3405598890803,358.2070962296476,1.9712150466208365,0.9509803921568627,0.46530200951181405,0.238853068518288,84.77031542089718,24.794894900220633,2.4281661075233822,2.1004617064460818,910.5975996970024,247.68408351610952,10.34443404576939,5.310099168729966,11.444389490336436,7.20607334641709,0.25494624069301564,0.22053879020832537,29.696318443217656,26.86996000311648,0.8113897893033185,0.8287392385889392
independent,stage1_soc,136,-1.8590614766792801,0.9845515096388017,0.16793820070223572,0.10023735399656218,246.47326125132383,7.505874959753361,2.216974170149609,1.9753124121205887,915.6728619357212,357.33439804434,1.8634824855654848,0.9607843137254902,0.47559010398289786,0.24630933617259942,90.91329953411463,23.766835973921125,2.474482748297778,2.1345714801520694,852.8674389776465,257.5047101290505,10.57315541927996,5.475864343607574,12.31319485964191,7.349443213126708,0.25980927432583617,0.22412015910655972,30.206886707902243,27.56121991401774,0.8181072825306208,0.8287392385889392
independent,stage1_soc,137,-1.937829739330891,0.9864440597400311,0.16477844528878513,0.09753649876311457,246.7519525218408,7.167530767822349,2.2167153569712568,1.975161035590724,916.9862781393626,357.0464788533691,2.1245209090849935,0.9705882352941176,0.48361847984722733,0.24763224844400789,75.2256835105968,25.283026593104925,2.391614378581615,2.0791016833308866,906.6555316908058,249.25773557310933,10.751639506873602,5.505274873672298,12.213597318447258,7.289503560790991,0.25110847775922757,0.21829608631032504,29.320324097260336,26.145112090988555,0.8255026913399495,0.8287392385889392
independent,stage1_soc,138,-1.9426863634972145,0.9854317654998386,0.16194494974503237,0.09626617062758332,245.20812256821344,7.083705165639776,2.209723398513882,1.9674654033718264,914.2561682946223,355.97572827498794,1.6858447743397134,0.9627450980392157,0.48226857175644583,0.25189183556346917,88.39524719715268,25.319091889762724,2.4116180937230487,2.0846025562607773,875.5146969310819,251.22824043664087,10.721628815048756,5.5999725476963285,11.984281427490567,7.631795671098477,0.25320877557633376,0.21887365259364494,29.46305323259696,25.801668695681034,0.8180645265122819,0.8287392385889392
independent,stage1_soc,139,-1.9360633967351664,0.9854611073618732,0.16641311904780073,0.09795063221202648,244.1167513602981,7.166870204674544,2.214870784848506,1.9727426511129917,917.6542872538671,356.29423399592565,2.6083888923420626,0.9313725490196079,0.5233528875696052,0.30212582035227586,136.6140488264138,28.839808255304277,2.396934069428079,2.072163593988208,843.9997361048063,247.86834223374282,11.635001176562268,6.716757199129905,16.530247984722564,8.693882384560043,0.25166702075954084,0.2175676189332261,29.287894912919292,27.12478833652505,0.7743666827487263,0.8287392385889392
independent,stage1_soc,140,-1.8897320691704145,0.9844048003286289,0.1700765206708856,0.10037208107455634,247.63686332306492,7.49291583502674,2.2069139023110904,1.9648478849031334,914.6078570712662,354.5362800508684,2.169402537626379,0.9431372549019608,0.4826289454649083,0.24984170488428836,88.18342368725841,25.972568097133465,2.408922212694548,2.080822958300511,854.5839696120485,248.5975812018336,10.729640519238323,5.55439474841228,12.318310141559882,7.366785149659587,0.25292572050384826,0.21847681224227222,29.41762689453392,26.203539690231736,0.7983485712624883,0.8287392385889392
independent,stage1_soc,141,-1.9359788050768658,0.9855638038789941,0.16428720805343722,0.09734443096386187,241.79481057021576,7.261800007964025,2.206520782973269,1.9640697791796635,909.5831572947127,355.0747608191051,1.8488995692309211,0.9352941176470588,0.49094259257844647,0.25345031687186337,92.46190823123753,23.148666015203073,2.4229347351677752,2.0937931939521257,899.591089755608,251.68953356376468,10.914466659009408,5.6346201674716285,12.124224494788182,7.867932410417694,0.2543969707268486,0.21983862715684346,29.604382213654773,26.058385426879425,0.7880113398735249,0.8287392385889392
independent,stage1_soc,142,-1.9067026126210194,0.9853143980517004,0.1674816310517538,0.09932043520021688,251.70081934024395,7.325438460100148,2.20589964369862,1.964160607820506,914.8836638847241,354.5216416241983,1.8490522651111378,0.9431372549019608,0.5233964270120823,0.27757608940203987,112.72217297257197,25.51422839469064,2.4361129567054696,2.1169600563160347,835.3676836351708,252.33040601935062,11.635969130454333,6.17097603449977,13.734901516562442,7.99734865478061,0.255780623200065,0.2222710408414061,29.87249706850142,25.78863401443113,0.786118326798336,0.8287392385889392
independent,stage1_soc,143,-1.984007853178109,0.9868695167395323,0.16213872054441691,0.09601859155591456,238.77436980956622,6.9761225099546005,2.207559071080263,1.9653955221582278,915.6959420432977,355.2939123218541,2.0461212088080014,0.9352941176470588,0.47866139606957997,0.24318070614199136,94.65618473837296,22.99799058543874,2.415178994339646,2.0815334496398767,874.5922184991955,251.87372595538906,10.641435327332175,5.406309718130684,11.650494752851845,6.850343722361604,0.25358265371542404,0.21855141055556512,29.458416864441162,27.070999449178768,0.7916956988261848,0.8287392385889392
independent,stage1_soc,144,-1.9745596926458768,0.9871482644288606,0.16241737677883472,0.09532153866255956,238.71360673530492,6.945016273585047,2.204918221790095,1.9617992596438614,914.886065520137,354.9218755432122,2.1927263998517805,0.9431372549019608,0.49005141547302195,0.2509033127377431,96.73251766493584,22.620959666848726,2.3780285223567095,2.065768634323396,894.8967165145648,248.15746402269374,10.894654316484095,5.577996048638889,12.589766156679572,7.2420240792311965,0.2496820255241834,0.21689617766696517,29.161346549975836,25.498621906322033,0.7961218302600541,0.8287392385889392
independent,stage1_soc,145,-1.9122986417292276,0.9834805316745401,0.16626014844396148,0.09860671401272682,242.94799584535707,7.300875981750089,2.199431619060574,1.9566351885336142,909.1958898693291,353.691255042762,1.7641395124734616,0.9392156862745098,0.4646452396544282,0.2283919666519425,78.72131170341252,21.945813801820577,2.425019483671965,2.094820933818233,830.6347854991468,248.93455741745254,10.329832964462852,5.077531554384131,11.21902706824529,6.92318711031743,0.2546158597033016,0.2199465351020464,29.630810512676113,26.13196238045301,0.7998221143781814,0.8287392385889392
independent,stage1_soc,146,-1.969547158353594,0.9872362900149644,0.16373583492466898,0.09587692912301989,237.6830175881778,6.976970833116594,2.2011689447217444,1.9588854690345665,910.1964080402194,355.8759494519545,2.566153229451647,0.9431372549019608,0.5859058900571111,0.3288750146899153,136.60876160287916,30.58340445441609,2.391769726290983,2.072195688751983,831.0754858341211,252.9800176631955,13.025657987341468,7.3114360763896284,16.375693410484846,9.194473032778191,0.2511247885521264,0.21757098873537634,29.271082906765262,24.816491690096505,0.7673654878848274,0.8287392385889392
independent,stage1_soc,147,-1.8997928783796416,0.98196942577976,0.17143403839273408,0.10069825387298205,248.89660104731487,7.292805569166822,2.194098101998491,1.9496301285880335,908.2342897644833,352.86745852572415,2.0369629037146475,0.8980392156862745,0.5292814961765724,0.30113242935188406,131.57855815779166,31.034861540706483,2.4696430786952694,2.1378992764827083,874.2158961175751,255.98813158829853,11.766803961558397,6.694672472489683,15.515079743046197,8.670089237865227,0.2593011313419057,0.22446956237088322,30.222769930979037,27.129222702241663,0.7392547668333028,0.8287392385889392
independent,stage1_soc,148,-1.921940693633244,0.9854757782928905,0.1627400584864359,0.0967450493439354,238.39936958315113,7.136872401116127,2.1925738043750007,1.9489503510254589,905.1154037988179,351.92190162494,2.031434078777538,0.9274509803921569,0.4687340210845784,0.23631335949963506,85.88623735136048,24.472726070881613,2.422918518643208,2.105039092708452,879.2417530207528,249.28187499559752,10.42073334522014,5.253637232392178,11.665315717835947,6.9095869075277925,0.25439526806657237,0.22101939465139678,29.704033658607425,26.670475414165963,0.7868307740667834,0.8287392385889392
independent,stage1_soc,149,-1.9496425681017517,0.9862680085678237,0.16192587778918993,0.09545984150403983,240.27493118970202,7.04906475391819,2.1902873336126727,1.9468017537954039,905.1538196637902,352.1154839394461,1.8964637120564778,0.9470588235294117,0.46755483225521627,0.24127938291057943,83.43966387538914,25.671468889392745,2.406033331694872,2.0826040324188915,819.8662237647827,252.66212678500338,10.39451802522691,5.364040154782645,12.254584927288043,7.662948123929136,0.25262240132465585,0.2186638168089985,29.42558956940276,25.929912545898308,0.8067923738528469,0.8287392385889392
independent,stage1_soc,150,-2.003842050003434,0.9874710249112408,0.15784304367745366,0.0927139119634827,236.615497258025,6.647936179199784,2.190541918544366,1.9473190125832072,902.8512730407878,352.14640041022244,2.280008422159681,0.9529411764705882,0.547184631341203,0.2763511076350422,114.25301059155579,24.807482173657284,2.4055904605188214,2.0800069530658862,874.4592978806098,252.05007297046959,12.164820297480352,6.143742661686118,13.682682888223457,7.643504808560721,0.25257590189403795,0.21839113545668956,29.3980977351666,25.806431419366042,0.7887857870682273,0.8287392385889392
independent,stage1_soc,151,-2.0269014944000032,0.9864734016020656,0.1579148817925979,0.09310842049896244,234.06278163560705,6.721218773841382,2.188200762616628,1.9462890020876316,903.4023372658286,352.0781589440438,2.340441421433991,0.9509803921568627,0.4691454018472327,0.23322484771374102,75.2907309576585,25.36547876552554,2.4007238678621654,2.078675306004052,829.707835343782,245.73386660333873,10.429879020673896,5.184974501916798,11.527396899861609,7.10937042726047,0.25206493211361214,0.21825131865779235,29.37247593017535,25.93640013695573,0.8102367716026929,0.8287392385889392
independent,stage1_soc,152,-1.994917096972329,0.9867374783603767,0.15912166224120125,0.09377149197457126,239.08101635745624,6.814247678860309,2.1888537335251965,1.9460342690978616,904.4497373831831,352.1551972569469,2.226066392075782,0.9313725490196079,0.5167640062646026,0.28108636532709297,118.4689664648268,27.812418628679847,2.3987335726668673,2.063028452077917,841.131753166281,251.18980224348482,11.488519436312504,6.249015280079778,14.093024278678223,7.941665517470413,0.2518559602989004,0.21660847117104873,29.205212555012412,25.866800032656244,0.7763433471402271,0.8287392385889392
independent,stage1_soc,153,-2.016782222662008,0.9871335934978434,0.15921713296977832,0.09393635220985984,234.34876220892897,6.830249564821651,2.1887804205599224,1.9449914261562744,903.2536342204653,352.3779739037584,2.2623035136391136,0.9392156862745098,0.5048961085127643,0.2543078823362057,100.53055385540021,22.783169516813516,2.4117230326465413,2.0999745017027154,858.8047365492274,250.60131885347147,11.224676420279478,5.653685267566783,12.425740024176239,6.845147390509265,0.2532197936792403,0.22048763595764034,29.623342580645982,26.878363258227388,0.7877468537206805,0.8287392385889392
independent,stage1_soc,154,-1.9909943606714202,0.9851090050174585,0.16354233795594567,0.09603941784112512,235.30442016777,6.985025911525722,2.1853849874141416,1.9415516585380732,900.2076910686442,351.102246323039,2.3636710148231654,0.8980392156862745,0.5270564183199088,0.27282499146519923,95.01494018382121,26.65437489416622,2.386967610171607,2.03985598944858,787.545370860273,246.9039524232585,11.71733679686872,6.0653512612386296,12.647033761604796,7.66084357867359,0.25062058851069885,0.21417546948444896,28.95000588471341,24.641687786713156,0.7399222901903019,0.8287392385889392
independent,stage1_soc,155,-2.0561469207539362,0.9868841876705495,0.16130965097297517,0.09398792420058541,240.8642413476581,6.681188676376912,2.1816170533413897,1.9363269806245962,900.4863293510208,350.0581296194465,2.301362427543191,0.9352941176470588,0.48996112197814917,0.25723959753180253,101.121718715644,24.463297726204058,2.4028305360766393,2.080100958370695,844.0032928525969,251.03183593606823,10.892646942599221,5.718862150240573,13.5913545709834,8.168648802553143,0.25228612255853416,0.21840100558006867,29.387868326421106,25.9970584367894,0.788305781053614,0.8287392385889392
independent,stage1_soc,156,-2.0157277847461965,0.9862093248437546,0.16039425867432575,0.09445868711676067,238.85565555465143,6.881349997677924,2.1777269701436524,1.9330464999825798,896.5026020855183,347.8679461964698,2.380825451776093,0.9294117647058824,0.5000553259382664,0.27290691991208815,110.40853135008592,28.24131512176101,2.414321665427265,2.0942154950809244,879.1522126998467,248.91737394070154,11.11705780903741,6.067172666257283,14.000583936567073,8.01084447248134,0.253492638134294,0.21988296682738495,29.575649244343875,25.92582997273546,0.7793951669244025,0.8287392385889392
independent,stage1_soc,157,-2.0519485213464774,0.9868108330154631,0.16073569549239655,0.09419327593331778,236.6001531894128,6.71107066436932,2.1787698914883116,1.9331873249029092,898.2528831829356,348.85946174225114,2.3789125788445564,0.984313725490196,0.5319338209512,0.29589474526434845,127.54121096818618,24.285010690565066,2.425644675445157,2.094001881033182,881.4905975905317,255.35752453542696,11.825769532603065,6.578230083485317,15.645821737016231,7.638201147258636,0.25468150195561434,0.2198605383377267,29.631637522083075,25.306411828370933,0.824733579204836,0.8287392385889392
independent,stage1_soc,158,-2.049118917693044,0.9873829993251372,0.15784418629322675,0.09327480365457345,230.72162893380684,6.758570292101436,2.1797463592314172,1.934426274422511,898.796846724856,349.7345941060372,2.220762016726475,0.9549019607843138,0.48330910766133517,0.246202243190697,95.6538717215546,22.97329037624284,2.405031102149799,2.075583147520528,870.366304328504,244.51549054771453,10.74476165097112,5.473483489312066,12.540566872149771,6.823096597682926,0.2525171718454879,0.2179266562804703,29.36860331728562,25.719309066360807,0.8099092284859133,0.8287392385889392
independent,stage1_soc,159,-2.0746226936980126,0.9872509609459816,0.15557548386183298,0.09176797160296697,222.67993383005185,6.6264992983198105,2.175311414279306,1.9300936118421068,900.7852505510173,349.1074633073595,2.3106165857876046,0.9470588235294117,0.5138066600913358,0.2732880151867136,116.63963198517762,25.157866502882424,2.405376083541336,2.070202441995635,844.1158154591781,248.2077620486669,11.42277273456934,6.075645045170182,14.373571116054991,7.2325640924521695,0.25255339330027593,0.21736170702036928,29.316305052121134,25.42486589696784,0.792916825502011,0.8287392385889392
independent,stage1_soc,160,-2.056056188258944,0.9872362900149644,0.1592972626546588,0.0928376589351542,229.35913851104425,6.578760960354134,2.173729664762915,1.9285797442422337,895.3286493227905,348.8784565877737,1.8561124815660364,0.9470588235294117,0.4586280954946172,0.22644109779640156,76.40502104074079,25.723164942209852,2.407413607431769,2.0819364527715187,825.6908300682429,249.60003891348305,10.196061887543676,5.034160509781803,11.101898728692218,7.325082970556338,0.2527673239101212,0.2185937240254226,29.439328131717712,25.86908164257455,0.8094703948810266,0.8287392385889392
independent,stage1_soc,161,-2.0412913114685067,0.985607816672046,0.16092974116469955,0.09394889752220664,232.04626001395891,6.7463093293128225,2.1712053023964053,1.9264184068233676,900.783101905126,348.7667340217891,2.4974605868844426,0.9450980392156862,0.5106135346514812,0.27610125798805085,103.37394507966451,26.7377360272535,2.3644605109719006,2.049429671305652,841.4547322681937,240.70590273632186,11.351784269363485,6.138188090371517,13.686813290399073,8.098815265477233,0.2482574469150349,0.21518066191814977,28.952013992476832,25.357413948020817,0.7919139788202418,0.8287392385889392
independent,stage1_soc,162,-2.0491435568935907,0.9870895807047916,0.1590572193926198,0.0929793249934847,236.52179288218485,6.649655628593074,2.1672159977476837,1.921658169967436,892.9231362024592,348.3985856670629,2.8786251694548364,0.8745098039215686,0.5299333147950989,0.30720886859823676,129.62648273870047,32.253334195587506,2.4012098660695362,2.0844254069322465,888.6964129098095,247.7755400142085,11.781294968627604,6.829761777354214,16.013900882652482,9.183014027294833,0.2521159596835831,0.21885505273130015,29.438796245306982,25.9792767328754,0.715529809483039,0.8287392385889392
independent,stage1_soc,163,-2.0337319546457167,0.9871922772219125,0.16051324137794323,0.09428866840692708,233.48055938527492,6.806350093808344,2.167269602769543,1.9217881011138793,893.7504977744584,347.18653845045355,2.180959571576586,0.9549019607843138,0.48454945370106123,0.2450077237086553,79.40890616883374,23.932877999437284,2.3473487170562892,2.014328766409673,831.0461323231973,233.9599252828613,10.772336597005285,5.446927343527674,11.794586417742043,6.708747344593732,0.2464607874868426,0.21149522881683688,28.533741595692952,25.030875410874557,0.8095371246739954,0.8287392385889392
independent,stage1_soc,164,-2.0291025104252953,0.9868988586015669,0.1594505336209149,0.0931855859301333,230.93892335079653,6.8039335188521655,2.1672309355005863,1.9213315064360177,892.1497688281019,348.2178346218394,2.735725501939362,0.8921568627450981,0.5452520641737524,0.2983625183521094,122.99843018101365,31.26138798559569,2.415292608290044,2.0870601160415245,855.6419835346462,245.62624910521657,12.12185612970535,6.633092764979111,14.854871861774594,8.282286907837973,0.25359458265613966,0.21913168503443992,29.519517198095464,25.992587206772445,0.7285812434929724,0.8287392385889392
independent,stage1_soc,165,-2.072516324587899,0.9875443795663272,0.15787488136772757,0.09233198674964493,234.35629900004417,6.592460250900052,2.1698089866785555,1.9239886696159791,898.6588327510952,348.3644745749974,2.102224136801327,0.9235294117647059,0.4995964300407146,0.2500065131240762,81.28793994451405,24.469936793521068,2.3652251843702814,2.048432188042823,839.8343455485843,243.55264363163195,11.10685579346675,5.55805870844648,11.761917595556985,7.127217392548321,0.24833773409459442,0.21507593077672396,28.953404604071547,25.16157269061522,0.7736504827524916,0.8287392385889392
independent,stage1_soc,166,-2.0415199415416723,0.9879404947037939,0.16006787295520714,0.09408321407545975,239.76051279718746,6.759178724631435,2.161543933390037,1.9155387640163242,893.5777844682708,345.7328496706675,2.0364689831640206,0.9431372549019608,0.4870563072211611,0.2435310712394615,69.35168638815806,26.663598638308628,2.3784371972468428,2.0520441438491437,835.7650785817833,245.51203257502223,10.828068101213242,5.414098914327198,11.510998596607385,6.702614673014653,0.2497249345025198,0.21545516947522883,29.035046897437994,26.03575580626761,0.7970203627356125,0.8287392385889392
independent,stage1_soc,167,-2.1295409373968988,0.9898183738740061,0.14965834230916747,0.08800696346117685,223.0424049614328,6.2493527017696815,2.1623347701547395,1.915784084593387,893.7954561777747,347.1726980858854,1.874976621422113,0.9431372549019608,0.4747773187971025,0.23106544623516645,80.27357730114714,20.539614179933775,2.3709463081481994,2.042241966359171,816.519045627476,243.6668353683705,10.555085858917092,5.13696743184872,11.337725685003887,6.467451713981802,0.2489384257009884,0.21442598605407356,28.883089926218318,25.258390922857227,0.8007040592628301,0.8287392385889392
independent,stage1_soc,168,-2.0764754127474627,0.9882485842551568,0.1574510840816995,0.09264065159921439,230.8166831862221,6.644779597550343,2.1612394359803417,1.9146596101652067,890.0853544071841,345.7638796852531,2.9401840742896583,0.8784313725490196,0.5713278316653457,0.30611075482185124,119.06439121562458,32.50938414413551,2.3498273255733664,2.02302768334162,828.805467523447,246.29877711112727,12.701563613222582,6.805348890020053,14.469213382598738,8.876719320870768,0.24672102994785908,0.2124085749684981,28.646639091561237,25.09461847706489,0.7070330230494158,0.8287392385889392
independent,stage1_soc,169,-2.1296200235000304,0.9879845074968457,0.15372061504715542,0.08952537460738731,229.92720460755388,6.327291219573274,2.1532244658933197,1.9078861538541907,887.5975403330004,345.64579551109625,2.1987277849047793,0.9490196078431372,0.503157370745456,0.25502669861193233,104.9917528291321,25.18485983531562,2.3839537734914935,2.04041291117376,847.934599617229,246.28188121300633,11.186021400982048,5.669665743479794,12.625407899782887,6.877875862426061,0.25030414956145364,0.2142339436966352,28.943335880452253,26.33807401055308,0.7980723966195005,0.8287392385889392
independent,stage1_soc,170,-2.1139886915108352,0.9858425515683226,0.15883898177832514,0.09239388022635323,223.99768117134357,6.557327734391603,2.155317330382613,1.9090829660609312,884.6923792224985,345.40875133022723,2.301898679078794,0.9294117647058824,0.48831450801381104,0.2451578107753805,94.44545556353829,25.635799346321136,2.3998088623709046,2.0717408267160256,853.5243802885841,248.6896878672157,10.856039987966014,5.450264027511675,11.58177617628085,7.47698367461358,0.25196886075774916,0.21752323031977955,29.326006239910978,25.960654343354783,0.7829174123017391,0.8287392385889392
independent,stage1_soc,171,-2.078673988107623,0.9880872040139668,0.1574939323492985,0.09228634976389188,231.94536014961832,6.593614959468265,2.1557992194256186,1.9083166331372394,890.0679577746575,344.46494180178513,2.248592115383522,0.9431372549019608,0.48739710195903174,0.25414621699053574,94.43024146587281,25.986466352898518,2.373953832222168,2.0394772657430638,848.2029469012591,239.40732792082727,10.835644532470752,5.650091179272335,13.049849714440349,7.421868912240032,0.24925420185570715,0.21413570524233907,28.889895620071016,25.0347683726218,0.7969181243142512,0.8287392385889392
independent,stage1_soc,172,-2.1027601708101313,0.9859452480854435,0.1594408846347189,0.09327517816003186,231.76805258926757,6.63324077742611,2.155319142503539,1.9085711313917193,885.8478659569906,345.20103860787486,2.8141646104700424,0.9294117647058824,0.5039661418554771,0.2676383400573304,103.50869828711411,24.61024298278593,2.3753749182255914,2.0544951797554307,860.7073452966256,244.32070590965048,11.204001721794581,5.950043413195187,13.39760617549331,7.353289814775691,0.24940340933090904,0.2157125169392987,29.01010872287942,27.162468904443127,0.7782219221492392,0.8287392385889392
independent,stage1_soc,173,-2.1419561339468434,0.9886153575305889,0.1572287226856369,0.09124493332970429,227.87445676375566,6.446902975517309,2.149928175112987,1.9039007232664285,886.2759595042146,343.75360778797494,2.09391948148316,0.9627450980392157,0.4752989429675773,0.23997023090647132,80.97049298567718,23.76369680791462,2.407498592183446,2.0754574953194926,878.7581497469445,247.9725733268924,10.566682427850495,5.334935538242107,11.802615952543126,6.8474495479765185,0.2527762469170313,0.21791346337896764,29.378303700319382,26.864874306013053,0.8201554151489425,0.8287392385889392
independent,stage1_soc,174,-2.183694369524096,0.9890701563921247,0.15366030362297856,0.08946236208063801,223.57812974070237,6.3006759897724836,2.145410025274361,1.8986224658058555,884.4533129186868,343.4707140511868,2.472897237889907,0.9235294117647059,0.4864309071754013,0.2510867760498442,83.12820584067966,26.441713118507227,2.358179662122759,2.034052191718536,904.4604631183198,245.64285515575187,10.814164422756381,5.5820747418167675,11.775752621261663,7.286405997709067,0.24759798675805134,0.21356609749443856,28.75657898534458,26.038303729634116,0.7776001396120855,0.8287392385889392
independent,stage1_soc,175,-2.0955965812208857,0.9859599190164607,0.16040799063062006,0.09347740795060866,233.4405268101632,6.606522993456289,2.146694450183766,1.9001549577459027,883.1183939119494,343.0143897853189,2.080403729981067,0.9745098039215686,0.4654846327482104,0.2252633449000617,70.37902500602573,23.56442483856423,2.3630620101641098,2.047416137816275,854.2704799930331,245.53328301209518,10.348494062673483,5.007977112957055,10.798026967362103,6.7973991513904295,0.24811061078119398,0.214969250189753,28.931142613827564,25.82797005036993,0.8348644140971055,0.8348644140971055
independent,stage1_soc,176,-2.1799302376623757,0.9871922772219125,0.1565937857147445,0.09094573270538421,228.75121738207483,6.384689631614766,2.1463095225095685,1.8998526908309825,883.4906309327192,343.521055201488,2.083129082006567,0.9470588235294117,0.4735276878048376,0.22390804448548485,80.80006622768595,21.291243927586674,2.3700415212780817,2.0391997821044687,830.6291596206484,246.8731663736423,10.527304493015412,4.977846540846474,10.557639742961774,6.591250584558915,0.2488434272532092,0.21410657074025763,28.883511926471893,25.716653491395768,0.8050005171879604,0.8348644140971055
independent,stage1_soc,177,-2.1684665502312215,0.9901411343563863,0.15152370516836908,0.08803388865718183,218.63663495726493,6.138673468704476,2.1468545840201574,1.8984505402974747,884.6533810198871,343.14356823679384,2.4210524171006447,0.9450980392156862,0.4993987778557809,0.2633453825050417,99.22943041013824,24.793322266965223,2.3853985305143715,2.0526641863672173,835.2223980449013,248.81780285148557,11.102461658154088,5.854603859199859,12.807903423973583,7.686553676037833,0.250455842384509,0.21552027107950664,29.057634504034173,25.477453314266622,0.7952784058589519,0.8348644140971055
independent,stage1_soc,178,-2.163099925180356,0.987632405152431,0.15944790541397666,0.09250005957026242,233.2653138139895,6.409119387756817,2.143097727035432,1.8947260919908617,883.4681750389981,342.7830420405349,2.143532720266604,0.9509803921568627,0.4692685970698679,0.23265266612573873,68.46983962855691,25.921091928443968,2.364129981280991,2.0287785925555464,865.23457318166,246.68931696703353,10.432617854440466,5.1722539578866895,11.442491109721983,6.667480699372416,0.2482227428221503,0.2130123939082793,28.738352975200428,25.383826069183712,0.8101998130359023,0.8348644140971055
independent,stage1_soc,179,-2.064395510976518,0.9856811713271324,0.16570867938057668,0.0957183610230576,229.95804999293506,6.957132035167419,2.139764928759878,1.8913124851539889,882.995599948478,340.7828603656071,2.18509139734156,0.9647058823529412,0.4796359930640887,0.24866435810120083,92.38695916883391,25.64246546265032,2.327140223244829,2.015783442454595,810.1057334888933,239.08190105498934,10.663102232105437,5.528220380157507,12.718529347288774,7.299928058194467,0.2443389888539828,0.21164796309145262,28.473775321744238,25.421911939742902,0.8208150844337145,0.8348644140971055
independent,stage1_soc,180,-2.215460240192066,0.9891141691851765,0.15476573707684113,0.08938127960721837,224.41205730631182,6.221563419450042,2.138127098517032,1.8889901846988737,883.5641248081727,341.04092436653315,2.1661408662796022,0.9490196078431372,0.4840628715126548,0.2554879185579279,90.45590416559452,25.33606192624508,2.371725027283747,2.0287470193324135,830.2519477586903,244.72942553831118,10.761519069350298,5.679919426495156,13.170078821776116,7.631003860490586,0.24902018761816067,0.2130090788654907,28.78430549252899,25.84437930837543,0.8038007463893407,0.8348644140971055
independent,stage1_soc,181,-2.17634780446967,0.9886006865995716,0.15568710907833422,0.08993421104899774,226.38961537310564,6.303720525063161,2.1379563695645754,1.8889590261670692,880.8921072991551,341.6677691516737,2.3188384070115933,0.9254901960784314,0.4948376247280944,0.25420683303336594,90.7121476503019,23.862618370764448,2.3456309523533956,2.0170971164370286,807.2565411153029,246.38960191611278,11.001059672481361,5.651438774263016,11.89612565740759,7.83036527638313,0.24628043011671016,0.21178589279991858,28.577681985274907,25.692423343469184,0.7770389086600031,0.8348644140971055
independent,stage1_soc,182,-2.203112368733246,0.9872949737390335,0.15493066478956694,0.09048772712946523,227.27755517037997,6.362460360138684,2.132892022482811,1.8842137771128216,877.1039292480656,340.9044645227119,1.9476064336066152,0.9764705882352941,0.4677529329840332,0.22822287198813523,69.88079504232093,22.73505022419406,2.358833073371321,2.024114422105691,842.0982047795206,241.68500659396477,10.398922132412727,5.073772300047188,11.27595375627653,6.576588152901596,0.24766659192510776,0.21252267752583837,28.672234646769883,25.468859795577025,0.8361447083400841,0.8361447083400841
independent,stage1_soc,183,-2.255349742030423,0.9894222587365394,0.15254245730224106,0.08855283438155166,221.54144956805104,6.18295905873064,2.1356024238994125,1.8870069730654917,879.543656294533,340.66855594361357,2.5580394581252452,0.9333333333333333,0.5328279632675618,0.2773746432718255,111.9896300356371,24.215150193894416,2.3487878656668264,2.0203251208890887,817.8368491414215,243.1592435406773,11.845647796676841,6.166497553502096,13.651399825814078,7.554441029793827,0.24661189145247264,0.21212481837730937,28.60522032837112,25.244634300386526,0.7734849443530648,0.8361447083400841
independent,stage1_soc,184,-2.278058622152095,0.9900090959772307,0.14586145564836947,0.08468339120602017,215.16530066166487,5.88426296387049,2.130431735037513,1.881438768073024,879.8558876164071,339.838031863702,2.473619545207304,0.9235294117647059,0.510613184048668,0.2720694943568578,114.39529129965548,24.72347333474155,2.3572542162636108,2.0150482915634034,811.0968032438891,244.24910832749384,11.351776474882476,6.0485553096862015,14.353368185214741,7.5934610605001645,0.24750081921171924,0.2115707756389671,28.584968611784117,25.909672699185094,0.7703454565501056,0.8361447083400841
independent,stage1_soc,185,-2.151291134092947,0.9877791144626038,0.16152934344239542,0.09397252784789556,229.7076126131465,6.5374285009373985,2.132497152646267,1.882783028255125,875.9905377485327,340.847205356034,3.0511116476619944,0.8960784313725491,0.5514949453437659,0.3113605772930325,127.7391568632454,27.96835475480972,2.3557318030146814,2.037516899626045,842.6203910634008,241.69918668635555,12.260645714101374,6.9220611353897,16.52808625963927,8.40810755097844,0.24734097284313958,0.21392987584279036,28.797157372005564,26.23666933896507,0.7306299477694194,0.8361447083400841
independent,stage1_soc,186,-2.1745876543769738,0.9875003667732755,0.1581308697673764,0.09171522921077548,232.772875893739,6.464305421429492,2.1201172946859868,1.8704800065372915,874.1373023627455,337.950149050101,2.165098054268781,0.9568627450980393,0.4727336201501597,0.22763408272545418,75.01018079089798,23.992813592063307,2.3504553304515534,2.0126353464144118,823.8990009311868,236.26362986744445,10.509651054358844,5.0606825399125785,11.241950862546949,6.661597088942897,0.24678696756322016,0.21131742752870897,28.532829358001994,25.715286214876198,0.8150426590529913,0.8361447083400841
independent,stage1_soc,187,-2.2295050501337226,0.9876617470144655,0.1541233428276028,0.08975855342293859,226.4951707678655,6.280048547180604,2.127152346182442,1.877502569794591,878.926607246091,339.37151510950696,2.1857218714321363,0.9490196078431372,0.4898881094745485,0.24663373317532972,88.3711560444204,21.233032405423707,2.339396896489593,2.0036926433005755,827.2983881494263,247.70461381364788,10.89102375376149,5.483076226064111,11.890331658843266,7.091902887712566,0.2456258830073414,0.2103784849524815,28.4260968061401,24.54476919395407,0.8020531750007727,0.8361447083400841
independent,stage1_soc,188,-2.253037229851481,0.989348904081453,0.15091552212355355,0.08755473845414218,219.35478295579256,6.092664177749334,2.1243214865564393,1.8756545568824807,873.868918519079,339.1395153040718,2.643240529415654,0.9294117647058824,0.4868189668246879,0.2583751895264083,94.51592791800078,28.155422827531368,2.35104867340969,2.0176416557063073,827.3006565334795,245.98543194565457,10.822791631248519,5.744108240416347,13.143330260436201,7.159589774776895,0.24684926583686376,0.21184306691135282,28.610059269526573,25.5430801681504,0.7833660746584761,0.8361447083400841
independent,stage1_soc,189,-2.2150848320870082,0.9872656318769989,0.15728404784596917,0.09159843290960731,230.41527964471248,6.580053359583053,2.1220262719488807,1.8728947329630399,876.2832374115825,338.5184277210535,2.584226911208209,0.9352941176470588,0.49712317729442845,0.2574785162585185,82.47538860834533,26.560242199509602,2.3534616182763024,2.0158422350737393,879.341787210729,245.65318896951243,11.051871290091583,5.724173709099745,12.410596364774799,7.5514432248571435,0.2471026139174734,0.21165413604526534,28.579153954006554,25.276926016323536,0.7861571644587303,0.8361447083400841
independent,stage1_soc,190,-2.2606257063301336,0.990023766908248,0.15048170940332858,0.08780166675463855,218.6736031036836,6.243849213502488,2.123363141930809,1.8736567914012414,877.2365383476802,339.4525118578095,2.115747887013005,0.9509803921568627,0.46594709514558125,0.22758503672758154,70.81944400766072,24.622623686240647,2.345413026085303,2.0194983098875072,778.8150157750496,240.08991491127068,10.358775367439973,5.0595921661771746,10.892253587976297,6.8791425324960604,0.24625754886380644,0.21203800703604087,28.587453640643012,24.979823568968396,0.8111962636131883,0.8361447083400841
independent,stage1_soc,191,-2.219976339914972,0.9897890320119714,0.151310882096835,0.08872859555938116,218.38238280800573,6.291711098608398,2.1169541436768227,1.8660224449294585,872.6381975857319,337.6425832529415,2.4099991461809944,0.9470588235294117,0.4765460915396623,0.23835196866854733,80.76408272320106,22.72825501565422,2.3581428743924095,2.021515805215812,816.4154166723017,247.56565262829113,10.594408605441572,5.2989588894274435,11.468025270686766,6.170669215025443,0.2475941242160583,0.21224983473925005,28.674938350288375,24.63166102669138,0.804094996067513,0.8361447083400841
independent,stage1_soc,192,-2.241161530421012,0.9882045714621049,0.15321935048113894,0.08824082045037891,224.62798834549451,6.098997925413057,2.117236922919486,1.8676513314381251,873.098682215754,337.6646326643697,2.1816969390008962,0.9764705882352941,0.4609845427416858,0.22593226003844072,69.84855274470246,20.525632773685945,2.338117577047117,2.006185492800147,758.5672147122166,242.8111643781336,10.248449611282958,5.022848203968328,10.438339048935685,6.663082352219337,0.245491560367101,0.21064022265096924,28.43930743654476,25.738915586402623,0.8381752254127883,0.8381752254127883
independent,stage1_soc,193,-2.318799879030388,0.99039054018368,0.14406242276369544,0.08381093540519438,213.77517582326388,5.80364434368677,2.117850745422208,1.8698596588355962,873.7127612262601,338.23890862283656,2.6752673990586224,0.9117647058823529,0.4818432490072949,0.2513148118321802,89.01040230429669,24.99333935660052,2.3627780273810615,2.024406663445281,813.7548259749141,244.22007792936768,10.712173186152219,5.587144354804094,11.89816624763678,7.828557119883089,0.2480807938989241,0.2125533615184502,28.703661033211002,25.53377177505872,0.7672117311801645,0.8381752254127883
independent,stage1_soc,194,-2.230897131948655,0.9891875238402629,0.15159551738004684,0.0880873101166584,222.48972573442515,6.245244336452583,2.1168978611186278,1.8678092778699462,873.4697337109681,338.80872324235276,2.2667682198917163,0.9352941176470588,0.4771442725606878,0.24098418947747524,70.20715059290656,26.388169697820928,2.355220018252041,2.0219962783157825,840.0204772371095,240.7873480808775,10.607707159913582,5.357477516029603,12.172892938802844,7.361193258309082,0.24728723780381306,0.21230028219843003,28.647523333957086,25.622373768817358,0.7921508358788525,0.8381752254127883
independent,stage1_soc,195,-2.2502095469853143,0.9888794342889,0.15408700278309395,0.08850068431893597,223.7502322032681,6.069764458337227,2.1119367370253923,1.8628131353812898,869.8373576672002,335.763230186342,2.57890141805013,0.9392156862745098,0.48961741991283,0.2550633030669654,97.52172460351093,26.35230490149668,2.3010453445750416,1.970364064810907,815.5255159173942,238.45826856551327,10.885005876639031,5.6704795211191135,12.951873532654234,7.4673277225918016,0.24159914696359905,0.20687913794847868,27.941809493374098,25.113069340219397,0.7923304603006608,0.8381752254127883
independent,stage1_soc,196,-2.28403824983511,0.9900677797012999,0.14951602169890343,0.08608231162934471,216.84938306950835,5.870790817954836,2.107076330269337,1.8565883417892401,867.1939194579529,336.1133304805061,3.3951770156037573,0.8901960784313725,0.580863057229214,0.2998587374703265,106.88443855736448,26.351293969240185,2.3670153175082165,2.0443712651583494,836.0734599691274,245.74659183211466,12.91354746444312,6.666356193182771,14.325881365052382,7.5008878149952025,0.2485256898165867,0.21464955260599963,28.920594660042298,25.858724298123427,0.7159371612626083,0.8381752254127883
independent,stage1_soc,197,-2.2036492993289403,0.9868988586015669,0.15892913993318453,0.09154336775349427,233.65042468206582,6.347809046410112,2.109440236659455,1.8584574834527767,864.1590772210104,336.14691550877694,2.225068627619276,0.9568627450980393,0.4710049371299276,0.22751927772062083,64.23432777395217,21.902138614342533,2.3293775325108483,1.9842301703405147,790.9776959818828,236.7080410634097,10.471219568736004,5.058130234578955,10.966093570319137,6.831413858204706,0.24457389600669854,0.20833501506778818,28.19394850262128,25.819176546687196,0.815561263959061,0.8381752254127883
independent,stage1_soc,198,-2.3066646136195477,0.9913588216308207,0.14709054780277744,0.08439543484246388,210.88395761654485,5.804652931554062,2.102940095321483,1.8522957947274814,863.5539880268911,336.0600192292395,2.2610450164944518,0.9274509803921569,0.4784925678679341,0.2326912632230304,66.92007887282084,22.010570608721803,2.326247149470529,1.9798941691570422,846.5995832661516,241.4570219721739,10.637681996890244,5.173112035262523,11.702294058347336,6.842247258587678,0.24424522022723447,0.20787975494454466,28.13248560821564,24.10672031561944,0.7839032100317767,0.8381752254127883
independent,stage1_soc,199,-2.1914568434984156,0.9889234470819518,0.15996495590606802,0.09199903673168898,232.9363555764073,6.350188805503356,2.0984490713595796,1.8473588805206838,860.0931662701379,334.5092310182669,2.310922730202768,0.9137254901960784,0.48718824404805106,0.25387172529875646,91.9701017740987,26.166945798922875,2.3625284567359963,2.0247787873972865,804.5572046930807,244.92943669411562,10.831001275315376,5.6439887745036526,12.715081747879362,7.775629688922785,0.24805459013240683,0.2125924328168847,28.708146161553334,25.1772104946557,0.7675690169816631,0.8381752254127883
