stage,epoch,train_loss,train_cls_acc,train_soc_rmse,train_soc_mae,train_soc_mape,train_soc_medape,train_soh_rmse,train_soh_mae,train_soh_mape,train_soh_medape,val_loss,val_cls_acc,val_soc_rmse,val_soc_mae,val_soc_mape,val_soc_medape,val_soh_rmse,val_soh_mae,val_soh_mape,val_soh_medape,val_soc_rmse_raw,val_soc_mae_raw,val_soc_mape_raw,val_soc_medape_raw,val_soh_rmse_raw,val_soh_mae_raw,val_soh_mape_raw,val_soh_medape_raw,val_score,best_score_so_far
stage2_soh,0,0.4667930615247861,0.9848889410521992,0.16080567376762722,0.09696326228081614,226.72884094051525,7.238170638665294,0.6580220801508208,0.45547241652197074,172.90129035594973,54.46689477452604,0.15095596424504823,0.9745098039215686,0.4692752780651345,0.2395352908054038,80.97947281025887,24.692515702858113,0.5613296558267735,0.4160217494758613,119.1348682264238,45.803933938640384,10.432766384026591,5.3252660996895544,11.755792214688764,7.294054641282511,0.05893702457139753,0.04368036467800878,5.794086203036535,3.5637468253289715,-0.5613296558267735,-0.5613296558267735
stage2_soh,1,0.0837184542202585,0.9850063085003374,0.16035305958188775,0.0969034869123667,224.02794267334372,7.251657262466518,0.48399225413343877,0.3255466315126891,152.8601430617021,35.56129342147132,0.15084348823509963,0.9745098039215686,0.46536584207571624,0.23847275844720356,83.01144926003208,27.386657035469753,0.5672931793142171,0.40379941991767754,150.3869010920961,38.52802901244324,10.345853149348914,5.3016442461918025,11.66282878970296,7.353674544047023,0.059563167029155054,0.04239707645332127,5.544797935560177,3.530738344977062,-0.5672931793142171,-0.5613296558267735
stage2_soh,2,-0.022573144702381667,0.9841847363633697,0.16041603047403313,0.0966633079620743,224.8526242394294,7.192699786567074,0.43383515542648055,0.2908656517509931,140.67273610903538,31.12764362334598,0.11740679431195353,0.9745098039215686,0.46763657619651383,0.23787673533821077,81.88625919474003,25.063270946557736,0.4981817829017163,0.3430489121077984,106.45670069673432,30.360054504919447,10.396335328380795,5.2883936656770105,11.70798454222567,7.159877467926309,0.05230678920153473,0.03601855336203344,4.633500218341564,2.6847100181844232,-0.4981817829017163,-0.4981817829017163
stage2_soh,3,-0.09492714230352324,0.984932953845251,0.16128969865778747,0.0972080856152969,223.84577222385212,7.243064272449667,0.39909658837366574,0.26821532659710834,133.54942982326077,28.339130356334366,0.1374968006330378,0.9745098039215686,0.47370122848986684,0.23605714766765196,81.70776614247055,23.76228492995251,0.5375741947007072,0.3735583489249442,106.85459973515725,33.859300367808046,10.531162589765147,5.247941219171699,11.669180557592714,7.199528636033679,0.05644281073188517,0.039221903494502705,5.180637590931545,3.04667669132187,-0.5375741947007072,-0.4981817829017163
stage2_soh,4,-0.14214468156048635,0.9845955224318536,0.16068059432412846,0.0969270375040707,227.7336974784551,7.260661980594316,0.3812109121492448,0.25615859156947113,129.69893339949428,26.913207553552542,0.10676549214358423,0.9745098039215686,0.47283355196041205,0.24011945250791078,84.41719893127136,24.55871965766822,0.4707924756605106,0.331173517058293,110.26984103830783,32.575544992169206,10.511872703952223,5.338252981499904,11.979874772774163,7.294952469749229,0.049431038282066735,0.03477169166042446,4.478241847203028,2.840279228952743,-0.4707924756605106,-0.4707924756605106
stage2_soh,5,-0.18891960003483407,0.983891317743024,0.16022681473628556,0.09666574379558894,225.94760969095748,7.193145151302108,0.36637272364709045,0.2454002371366264,127.51994095284758,25.461627025636346,0.12131063420982922,0.9745098039215686,0.46880564749026293,0.24051626537579532,85.44006052207128,25.731111939894056,0.5023497778431932,0.34020720991287745,106.1119653523941,29.23742001940074,10.422325718806313,5.3470747885336865,11.710972918535953,7.265418855331982,0.05274440944434458,0.035720187739714825,4.674296933490835,2.470899322971664,-0.5023497778431932,-0.4707924756605106
stage2_soh,6,-0.2189192949797758,0.984463484052698,0.16124661761361675,0.09733270460048557,223.8014329524378,7.292499779892863,0.3566438019557136,0.2387791628830022,121.24797458752766,24.782326988281945,0.1237449115690063,0.9745098039215686,0.46958503497409976,0.2425323693775663,80.62401639124501,25.67313465128045,0.5082394353251062,0.3500764171976377,103.57226707547767,32.03315650924574,10.43965279295995,5.391896118442863,12.221786012716937,7.433961377694234,0.053362796312249064,0.03675640898012908,4.829155458256658,2.760962500494019,-0.5082394353251062,-0.4707924756605106
stage2_soh,7,-0.23662744725832396,0.9848742701211819,0.16037721118195503,0.09680643503538712,227.29639568754556,7.20235429110514,0.35242459504510465,0.23608553341489455,117.91831418661877,24.620599908668176,0.14234756465051687,0.9745098039215686,0.4654485236421033,0.23715473495186398,80.99718709465013,23.225276879871128,0.546632733581315,0.3833769208148998,131.93445771402378,36.0832456420547,10.34769129746091,5.272342401713161,11.500189772041331,7.100318937027543,0.05739391552929872,0.04025280825203244,5.283242788092182,3.0315753798468794,-0.546632733581315,-0.4707924756605106
stage2_soh,8,-0.26629203982166566,0.9852117015345794,0.16025379204549048,0.09670008526247664,223.16258893736344,7.167409472511214,0.34493046563065,0.2298447303208436,117.89411658029215,23.608995277844038,0.12395135248992957,0.9745098039215686,0.4781465180260223,0.24617289797512484,88.3111430093555,25.567029115632224,0.5073433077765422,0.35069418578755623,121.54385630386533,29.3286827244299,10.629988735969318,5.472831096584679,12.005868071325565,7.381725274989972,0.05326870705328941,0.0368212718324397,4.766572009693153,2.8431191189733247,-0.5073433077765422,-0.4707924756605106
stage2_soh,9,-0.2868961074315817,0.9848155863971128,0.16019856370651764,0.09684399737996058,226.43592805524068,7.17596477677391,0.338390455477447,0.22705236766516498,118.74359780964825,23.39516175504326,0.12332130866307839,0.9745098039215686,0.4733511757264464,0.2412686222479405,85.28523163076514,25.49533620559753,0.5061738072823799,0.35304546973613254,123.7576669017537,31.02056221406859,10.523380337271675,5.363800927436358,11.781262385311743,7.302767139345394,0.05314591489605128,0.0370681458010838,4.833502140037866,2.9070717639395753,-0.5061738072823799,-0.4707924756605106
stage2_soh,10,-0.31807343305313285,0.9847128898799918,0.1609136281447315,0.09710240931583944,227.44982657410534,7.272998840650395,0.33385805164950294,0.22173897506740925,114.36106603326814,22.504866713290106,0.11456085753207114,0.9745098039215686,0.4735968555498992,0.2407673179464159,83.57620107191644,24.42680807992327,0.4861082080131022,0.33089277578663884,106.58597185084007,27.816113006971786,10.52884220650527,5.352656102832179,11.761825300459941,7.247101640604151,0.051039119530979414,0.0347422151218986,4.552459478573115,2.631542891980335,-0.4861082080131022,-0.4707924756605106
stage2_soh,11,-0.3297765230305972,0.9845808515008363,0.1603923027817105,0.09674606198144067,223.3058059588346,7.260249847787988,0.32969098417328296,0.21933261951123822,112.64601309555142,22.336014536188323,0.11141626864087348,0.9745098039215686,0.4754390206188084,0.23593064993437307,81.19135677352554,23.07643974105535,0.478710477362555,0.33083345785408336,102.54261658391289,28.224505842509174,10.569796585956038,5.245128965125739,11.456878092200334,7.089301574454049,0.05026239193677863,0.03473598701260087,4.513453383555813,2.6276716806621963,-0.478710477362555,-0.4707924756605106
stage2_soh,12,-0.3479833021514702,0.9849622957072856,0.16041823870567118,0.09681485719058486,225.330942038391,7.252473764357939,0.3252148040528327,0.21647850064163263,111.63046875791002,21.972659113619294,0.11025774645454743,0.9745098039215686,0.4662359793446675,0.2363920107620823,81.51728037245293,23.958843070414705,0.47783560118280577,0.3239097904943514,97.00686640794986,29.55246697734809,10.365197741474955,5.255385780174845,11.488066387435117,7.419114877539666,0.05017053397351662,0.034009033877185846,4.44483274144263,2.3716497568226442,-0.47783560118280577,-0.4707924756605106
stage2_soh,13,-0.3666247886001831,0.98466887708694,0.16158195344568763,0.0972099378333996,226.9776508217887,7.208268079713408,0.32149314699493087,0.21279771614229084,109.4914012186822,21.532466756925803,0.12646056924964869,0.9745098039215686,0.472327815476791,0.24279153105693266,89.22355107793184,25.55509378514238,0.5109814952324393,0.36849817264386836,115.19422887965153,36.9881979674066,10.500629344601926,5.397657711654568,11.979462793908484,7.4381635295578725,0.053650699953998945,0.038690608326471525,4.929392422712727,3.2966892090703386,-0.5109814952324393,-0.4707924756605106
stage2_soh,14,-0.3809197796614971,0.9845074968457498,0.16002768812090792,0.0971011615477424,226.80661717606162,7.249410865823904,0.3190566649896273,0.2111524040828697,108.7255431064604,21.28424086646244,0.1339150812696008,0.9745098039215686,0.4723907606971984,0.2372903422863387,82.07505705275327,23.73161616514689,0.5283709270595712,0.3685283666604436,132.22191364102335,34.83284319333424,10.502028721066436,5.275357177275957,11.68871660031095,7.324488669932465,0.05547651008221814,0.03869377855893356,5.033336172735552,2.9097496738672928,-0.5283709270595712,-0.4707924756605106
stage2_soh,15,-0.4039995671228037,0.9847275608110091,0.16167187989349546,0.0973903346622743,229.0283341223582,7.216087918159635,0.31496089473490396,0.20772450012428417,106.9489824509656,20.74344716915966,0.1276535591658424,0.9745098039215686,0.4711672809085146,0.23817276889823524,80.53518416301753,25.791477259042512,0.5149799782563391,0.3520345919601181,124.61650075577853,31.090921497999997,10.474828739717442,5.294974981842442,11.680425877136862,7.399952628726228,0.054070522227384454,0.036962008297559426,4.808211999465841,2.748910529964835,-0.5149799782563391,-0.4707924756605106
stage2_soh,16,-0.41277415366041414,0.9850943340864411,0.16024990981482498,0.09673459493554896,223.0438519464841,7.22094319136513,0.31404446716926254,0.20646549615508536,106.25710262728899,20.67357944449515,0.11306506851140191,0.9745098039215686,0.47216669686290136,0.24100964477048348,89.86455035165632,24.62173292900054,0.48304486084139064,0.33473120165587056,102.20017883800652,31.69404889895312,10.497047411060146,5.35804342933807,11.94074518763191,7.3920231217817625,0.05071748220849737,0.035145232132352454,4.557077739423037,2.854031753004949,-0.48304486084139064,-0.4707924756605106
stage2_soh,17,-0.43292963386302524,0.9842580910184561,0.1609370690679701,0.09690274912102646,224.27649844467064,7.215507490410965,0.30986444224334736,0.2035039006793616,102.65702490321596,20.247242122944556,0.1063405049197814,0.9745098039215686,0.4710393685433132,0.2394165264917355,85.17057426752118,25.046217467510264,0.4659704212183324,0.3232291338015713,100.79541324313874,27.522624459327805,10.471985036061717,5.322625772365326,11.970192892345741,7.370702572616514,0.048924744808716066,0.033937568064163766,4.335299268744026,2.625172904377858,-0.4659704212183324,-0.4659704212183324
stage2_soh,18,-0.4600573516051879,0.9841847363633697,0.160601168202734,0.09673078521537908,226.9653646449999,7.188586995294752,0.30796221507156923,0.20170253903687824,103.31615207725268,20.037429826055753,0.11772673682254904,0.9745098039215686,0.4740222207090685,0.2419187325856411,84.39210274732666,24.41174674603955,0.4923009239234227,0.3409283710570604,121.26779638200595,30.683755491096786,10.538298778246736,5.378253956594502,11.958494667145933,7.312456720495347,0.05168932613592471,0.03579590633329607,4.639314902961267,2.7016931408192892,-0.4923009239234227,-0.4659704212183324
stage2_soh,19,-0.46547083817403806,0.9849622957072856,0.16070545840971467,0.09669531651692136,225.66020233144664,7.163988540940707,0.30645143169814165,0.19998902754644454,101.95994775460584,19.590917862372315,0.11824855909628026,0.9745098039215686,0.4728600386491124,0.2411030376686112,85.25506609010397,25.98889236891017,0.49312162212853733,0.33527800534468366,115.23190008769882,29.26040157920785,10.512461546894553,5.36011970808881,11.803789509268539,7.46030843784885,0.051775495661761185,0.0352026439973925,4.525073865845265,2.646281868211264,-0.49312162212853733,-0.4659704212183324
stage2_soh,20,-0.4801215715018808,0.9846248642938881,0.1606498346215304,0.09690732626157157,226.50451858934633,7.221154391700608,0.3059229104244861,0.19857746127449394,99.83665820770483,19.729500257735168,0.10960209542045406,0.9745098039215686,0.47077534344978683,0.2400474182850517,83.95799854821891,26.433119021023156,0.47367643676923626,0.32979398757840195,122.31172108885981,27.912046173500038,10.466115321101155,5.336651541462743,12.125027891462684,7.258817280867036,0.04973384089540376,0.034626847428502396,4.490983197936237,2.7234611048548936,-0.47367643676923626,-0.4659704212183324
stage2_soh,21,-0.4796374999774824,0.9846248642938881,0.15917215879783303,0.09640273926860822,226.5974070067106,7.131569697905087,0.30343492342885525,0.19771094490342117,100.5750777743935,19.472112239965114,0.12205215599022659,0.9745098039215686,0.47294281728264564,0.24060580125626396,84.87039327277549,22.671692350862564,0.5023543214635313,0.35052768699642195,132.77431764989194,31.078487501110807,10.514301852969913,5.349065319396016,11.67483261015901,7.25986388819514,0.05274488650352136,0.03680379022739296,4.822000808958063,2.660771266185253,-0.5023543214635313,-0.4659704212183324
stage2_soh,22,-0.49231992483257964,0.9848009154660955,0.16130528909584987,0.0971168499295164,225.40699172694698,7.221226188179255,0.30199670185198757,0.1972577733450159,99.91689634841498,19.41756442047714,0.10937482022187289,0.9745098039215686,0.4727249187368715,0.2380137055016616,81.99532107383087,24.10886019017881,0.47370863424132587,0.3278934885053804,111.7254643018909,28.187632616885246,10.50945760753501,5.291438739184305,11.733265435117476,7.186467289138365,0.0497372214814533,0.03442730379241994,4.440007397865918,2.7641130082964898,-0.47370863424132587,-0.4659704212183324
stage2_soh,23,-0.5089411364739247,0.9846395352249053,0.16067474120111808,0.09700896815111049,229.00456762249974,7.247297223875952,0.3008295622985976,0.19537687231699788,98.95322604944148,19.25188459800833,0.11316796748661527,0.9745098039215686,0.4690993105655258,0.23669815071876726,80.47483494669515,25.151951859343345,0.4822388900754945,0.33710489665505056,128.2714900666118,29.074170083193707,10.428854335170813,5.262191778270629,11.80671880878295,7.344410305046645,0.0506328589958444,0.03539445915793268,4.592047722400014,2.6665073529020873,-0.4822388900754945,-0.4659704212183324
stage2_soh,24,-0.5202539344075413,0.9842140782254042,0.15947624687458767,0.09646527561628782,224.42434812180085,7.211173331422014,0.29842187125592096,0.19368946402269555,97.68626763407016,19.155965084851758,0.1362547688040079,0.9745098039215686,0.47153070805732467,0.23715321499872588,77.91071333952279,24.845966370956145,0.5326113574352785,0.3708380482488257,130.1333558088392,33.452349129143265,10.482908326941343,5.2723086106384,11.579180840820841,7.08862070219542,0.05592173571149344,0.03893628447165981,5.105023226386052,2.902531179680691,-0.5326113574352785,-0.4659704212183324
stage2_soh,25,-0.5392073443883784,0.9847715736040609,0.16099931829260702,0.09706617947611287,225.0812865098541,7.26894961077138,0.2966114920563516,0.1914812832219042,96.30012414553127,18.72807094776413,0.12255128104897106,0.9745098039215686,0.4722548062256644,0.23993203125930593,82.52464589466058,24.072784208807153,0.5047477536975138,0.34001912396656825,121.62410454309382,28.665255290560292,10.499006228072078,5.334086296840617,11.767775778763959,7.313042630573538,0.05299618584771232,0.035700439582951514,4.650099572595785,2.4790675294231344,-0.5047477536975138,-0.4659704212183324
stage2_soh,26,-0.5308827140189887,0.9847422317420264,0.1607703008699259,0.09673988424562298,224.3337952497994,7.178606668091445,0.2951827094848826,0.1920097176320218,97.36302491878098,18.927823754539105,0.11755341706322689,0.9745098039215686,0.46985397937551127,0.23858779847768008,84.2891664747053,25.764882412305656,0.49242302663572896,0.3356026306967525,111.4566234819517,28.730754413888615,10.44563187227942,5.304201776534594,11.498723803633592,7.543760326904772,0.05170214635748387,0.03523672816193428,4.591871410193674,2.523258840208198,-0.49242302663572896,-0.4659704212183324
stage2_soh,27,-0.5471369158061771,0.9848449282591474,0.15963409379273819,0.09667185626821412,223.91599715612122,7.207526074358734,0.2949967771474756,0.19048143597527406,94.51909923065996,18.641562329282642,0.10853218629079707,0.9745098039215686,0.47228442041599217,0.24132776515485316,83.04100537015078,24.065414475179608,0.4714413423372114,0.32232956084075803,113.65566507896094,25.98058475076681,10.499664600553611,5.365115772176605,11.740982822795372,7.314748248874917,0.04949916629004085,0.03384311705281087,4.380435526912387,2.6909911746444624,-0.4714413423372114,-0.4659704212183324
stage2_soh,28,-0.5677823645838906,0.9845808515008363,0.1614004605490079,0.09714954695278356,223.65238510511293,7.294029031468957,0.2948036683087676,0.1900641568402614,97.45060034984411,18.319090627750377,0.12555657759600994,0.9745098039215686,0.4723588195171775,0.23652468582469166,78.26666641983633,25.112744570543878,0.5097882854978113,0.34875341538960736,117.67002180274994,30.022243848831685,10.501318615751359,5.258335366479278,11.470178788436385,7.144588418601735,0.053525418435877437,0.036617499893002656,4.745666796473972,2.734405330882744,-0.5097882854978113,-0.4659704212183324
stage2_soh,29,-0.5662121659034414,0.9847715736040609,0.1606520632420887,0.09709886172507212,226.04758544282925,7.22347066277001,0.29333511469951906,0.1896729860355465,95.54439001978129,18.642300527013617,0.12012065012080997,0.9745098039215686,0.46728919949607184,0.23613905053877948,78.3093935859288,23.758869327100175,0.4994139609362799,0.34067407899408364,125.22419149784574,26.901850274360694,10.388612569197937,5.249762055598833,11.61851006800332,7.507838034415126,0.05243616221139726,0.03576920683967694,4.652243726192248,2.5061980990931545,-0.4994139609362799,-0.4659704212183324
stage2_soh,30,-0.5808621129761986,0.9846248642938881,0.16043970555194179,0.09679462363817748,224.33072541902598,7.2128143022507185,0.2891214688221001,0.18664152459011427,92.64887672213362,18.254521612603334,0.11545221326397914,0.9745098039215686,0.47089812237130607,0.23817797729873336,80.57578629811375,26.422617409230053,0.48815033294787696,0.3283478594805096,113.04184559251209,26.27168004261814,10.46884489980467,5.29509077320877,11.63722079551329,7.401734447684752,0.051253533229256965,0.03447501064889499,4.444095344953184,2.5986876915630983,-0.48815033294787696,-0.4659704212183324
stage2_soh,31,-0.5860964625672462,0.9852263724655966,0.16016865004338562,0.09665454690876642,230.62702411586125,7.227319996504573,0.29197791221130875,0.1872860689708216,93.5502879747889,18.195012920452402,0.10168222522034365,0.9745098039215686,0.46875534024313126,0.23698527045255782,83.08123989695834,23.843348342056004,0.456212528129985,0.3113162381391899,104.20939268142678,29.58302916270702,10.4212073054117,5.2685749253207605,11.882581975434954,6.971285655108305,0.047900211045457206,0.0326867689711849,4.2253456698761065,2.532715703319841,-0.456212528129985,-0.456212528129985
stage2_soh,32,-0.6022849138527178,0.9848595991901646,0.1606488343705778,0.09690874249546835,222.62801243611082,7.248171446204548,0.29106087137314424,0.18595656029238716,92.54917367486986,17.908724884113916,0.11174150290442449,0.9745098039215686,0.46475010999559374,0.23601852789813396,81.15101281208156,24.89461954575658,0.47811842896398027,0.33714337531915484,116.6973550676222,30.08899822126927,10.332164405774877,5.247082637754739,11.624282977338957,7.062905053748649,0.05020022958591751,0.035398499240169995,4.562246351042446,2.7641060806746025,-0.47811842896398027,-0.456212528129985
stage2_soh,33,-0.6064085632563512,0.98466887708694,0.16105670251584286,0.09724929809571488,227.05282071969614,7.197731422486093,0.2897108449338146,0.18608741441890025,93.7324990549255,18.078334333801926,0.1078446923809893,0.9745098039215686,0.47405776600749294,0.2423484879911092,86.05176212981429,25.36451789566035,0.47044397065177795,0.3227982887085162,115.09760528652775,28.762793360918693,10.539089009081057,5.387808130779869,12.08722555822244,7.4531508438362,0.04939444686372686,0.03389233131678677,4.385629749472111,2.591234820813151,-0.47044397065177795,-0.456212528129985
stage2_soh,34,-0.6320427653672763,0.9849622957072856,0.16037444949674878,0.09694246052623719,224.88208714083123,7.2343088589904765,0.286112386368638,0.18254969422456388,90.76195681364116,17.4541944154184,0.11274185744570751,0.9745098039215686,0.4700769974309341,0.24057651028110116,85.7411482808994,22.5864311643667,0.48137350904361037,0.33095768164916367,124.57772167957096,29.73907449555319,10.450589932889901,5.348414132522731,11.866770797639967,7.374562342495726,0.0505419979793092,0.034749029938067215,4.49827751509673,2.5135414699443985,-0.48137350904361037,-0.456212528129985
stage2_soh,35,-0.6322831844577648,0.9851236759484757,0.15990174070697938,0.09664036243013112,225.79519459091125,7.182399894815399,0.2853689313952231,0.182315577859705,91.72074791008522,17.420165957870474,0.1080718193860615,0.9745098039215686,0.4725224633122467,0.24031372762230388,83.50964500216637,24.790754911878786,0.47225952034655405,0.3213017327528374,121.24781318777691,31.984832831386147,10.50495668825156,5.342572038943224,11.903415013218106,7.351451584990154,0.04958507120694638,0.033735199844724416,4.365366971274457,2.5060763297280957,-0.47225952034655405,-0.456212528129985
stage2_soh,36,-0.6499153278176275,0.9845368387077844,0.1610413346870566,0.09722150455727957,226.16113904210758,7.248105514775416,0.2854305412793597,0.18109500293585104,90.46795886655632,17.1955686241642,0.10887507109665404,0.9745098039215686,0.4725041605337443,0.24137077092320897,84.14768730760827,26.67700757580029,0.4730982546875801,0.32154913293562976,112.42573993685478,29.31394216213732,10.504549787182574,5.366071861609383,11.851067562430515,7.863046944783136,0.04967313444385682,0.033761175722714906,4.343882261306152,2.5193195240641533,-0.4730982546875801,-0.456212528129985
stage2_soh,37,-0.6534158078837375,0.98466887708694,0.16074995344877516,0.09724444625700292,226.6584654476163,7.232640452087949,0.28336334488473686,0.18007192826639562,89.2103674041793,17.218995843015215,0.10816873706438962,0.9745098039215686,0.4715200537797228,0.2435173936827364,88.6909359941222,25.95508900715999,0.47067720161930215,0.32743569076170814,112.31051573290745,31.223947868546254,10.482671464710567,5.413794839596038,11.971484726515616,7.3944330334682205,0.049418935039473685,0.03437923714105479,4.425054811068479,2.7266989181038093,-0.47067720161930215,-0.456212528129985
stage2_soh,38,-0.6513811819608851,0.9845661805698189,0.16019817116679594,0.09656217432532684,227.10082485506467,7.201881470213365,0.28340993958852023,0.18051900169953491,90.75500550916082,17.26033650772286,0.11182268910548267,0.9745098039215686,0.4724574086656154,0.2388722039238714,79.41213247625498,23.860082135348588,0.47814426212676525,0.33161715753559096,119.71184069235395,30.261932718547733,10.503510415749634,5.310524580477499,11.821098731679545,7.348032612046051,0.05020294194884723,0.03481827186412467,4.510384180306403,2.683896915460937,-0.47814426212676525,-0.456212528129985
stage2_soh,39,-0.6625786792423617,0.9846835480179572,0.16149154518785322,0.09730086233221026,223.65563546654738,7.197631912392323,0.2832418384699077,0.18000310849115228,90.87857594516484,17.07192486525757,0.12049987675512538,0.9745098039215686,0.46486899056009456,0.23310674920349436,76.41906484733617,23.6715912415499,0.4979745842808285,0.34793550558023006,119.6361783886616,32.50983063600558,10.334807317547583,5.182348976504966,11.654334716759756,6.926451596716815,0.05228503430210324,0.036531623135856346,4.745453128539221,2.893843163096039,-0.4979745842808285,-0.456212528129985
stage2_soh,40,-0.6730248393322961,0.9853143980517004,0.1606995487081279,0.09690891105313033,229.18156457361783,7.234801357217465,0.2802174846731216,0.17874979179181374,89.36795469706728,17.189790152578855,0.10797951575003419,0.9745098039215686,0.4763589650860627,0.2414552557702158,84.93325799719874,24.604039812241556,0.47038457767094843,0.32747762055300617,121.72822497397142,30.705307954985518,10.590248474563326,5.367950099635147,11.773345924411652,7.265689107901359,0.04938821087470654,0.03438363957572817,4.43867365490289,2.653076627075041,-0.47038457767094843,-0.456212528129985
stage2_soh,41,-0.6850531627194381,0.9847569026730436,0.16058397698004867,0.09712469575481734,227.9807309828918,7.226801917308727,0.2786552675557552,0.1769314908913451,87.88096829778566,16.855797462602396,0.11948446847644506,0.9745098039215686,0.46884832407315785,0.2363965586284358,80.02620388465344,24.3194298451883,0.496524646035755,0.34435752777419254,132.00122512633672,33.62045047606453,10.423274489901281,5.25548688677353,11.56842473506489,7.413410224519135,0.05213279747461719,0.03615595197064818,4.687241830302695,2.5929741736867333,-0.496524646035755,-0.456212528129985
stage2_soh,42,-0.6927238459150709,0.984932953845251,0.1610944846690853,0.0969287759515709,225.73494434711256,7.20423048490491,0.28001416280751024,0.17739649117136416,89.92465845864506,16.700208731263594,0.11056878452791888,0.9745098039215686,0.47198655221711483,0.23990447384524433,82.99593322871,24.794718305515794,0.47652622568431097,0.3306422787389773,113.34583728354811,28.732418331173893,10.493042497328972,5.333473649900769,11.788645783992433,7.397894393507193,0.05003305558603626,0.034715914087382,4.497469849401327,2.73256726496965,-0.47652622568431097,-0.456212528129985
stage2_soh,43,-0.6943342792138203,0.9842874328804906,0.15966099273722012,0.09668574193321158,222.77084300787715,7.234877598663793,0.27780824020168976,0.17668459841123116,88.23873078340151,16.981339132217506,0.12275220439130184,0.9745098039215686,0.4745760102435151,0.24450717404776928,83.19271021917388,26.453380464394005,0.5029005083668043,0.3415810849426278,127.6660986858486,29.112461800348637,10.550610436475612,5.435799295834306,11.894453437779639,7.647383446710753,0.05280223360892481,0.03586443828045485,4.649087287893777,2.442689077016073,-0.5029005083668043,-0.456212528129985
stage2_soh,44,-0.7147805827460285,0.9844194712596461,0.16037292155585037,0.09660545973301436,224.26244860158863,7.142067394147741,0.27892559693043895,0.17532243611838844,88.16042160684754,16.433815580747144,0.10992035626196393,0.9745098039215686,0.47448317012997593,0.24038342143701133,81.81407380500126,24.068106131144418,0.47592308850717785,0.3256616352180786,125.16158827672061,30.07796687921011,10.548546447041492,5.344121447832293,11.818346762747902,7.245439307992887,0.049969728964576604,0.034192969492302265,4.4451813009022505,2.4261573817387885,-0.47592308850717785,-0.456212528129985
stage2_soh,45,-0.7231423078678552,0.984932953845251,0.16038555422825032,0.09648532344917791,223.70073678238055,7.188039258022309,0.2754459361692431,0.17354800634785614,86.73867988110096,16.31381903057477,0.11569189931832108,0.9745098039215686,0.46688718881157215,0.23945421679310647,81.70182553555965,25.7420513270615,0.4867369376857783,0.34150775566185804,136.32511979297738,30.12427769318219,10.37967520609507,5.323463690166511,11.826810322148493,7.4866923337651174,0.051105133246418515,0.03585673904422589,4.620111530430719,2.587556588693979,-0.4867369376857783,-0.456212528129985
stage2_soh,46,-0.718580029895442,0.98466887708694,0.1609007222025162,0.09709093472585674,225.8585506447541,7.196246608483228,0.2767696188895971,0.17524939541083093,87.03337887488908,16.717618963210267,0.11782883268360998,0.9745098039215686,0.47109398189353047,0.23777838635952303,83.80465488972976,24.356330183577423,0.4914842980088017,0.3412428441676585,127.16897095077955,31.08166456351521,10.473199181257295,5.28620720504992,11.658855261324433,7.183072883540858,0.051603584181805495,0.035828924559313476,4.639414105376953,2.655112937078422,-0.4914842980088017,-0.456212528129985
stage2_soh,47,-0.7340381484258895,0.98483025732813,0.16003009436636706,0.09676785274498567,223.5215846375003,7.27942337849251,0.2743788894759826,0.17270356775861695,86.08220075948432,16.15119168773969,0.1129387197249076,0.9745098039215686,0.4695092527773027,0.2334376998839206,82.47800012194453,23.00173220337329,0.4839337194046081,0.3263378930186816,120.72414386358344,26.891748874802047,10.437968029256838,5.189706558067236,11.464871065650279,7.25004116055893,0.05081080825752589,0.03426397344193688,4.451810715806262,2.5367518166923464,-0.4839337194046081,-0.456212528129985
stage2_soh,48,-0.743439162897849,0.9846248642938881,0.15989004655010752,0.09666951590751942,223.3425500862385,7.229452999563131,0.27410079033671386,0.172099023443599,85.01959894838595,16.276566580904593,0.11701086782941632,0.9745098039215686,0.47585869026510813,0.24100055851535324,85.9118973755734,25.675293734082018,0.4924542790289134,0.33436436521291146,118.88932199670055,28.886503883698833,10.579126537016672,5.357841426842925,11.835445896803673,7.119935358111314,0.05170542771460782,0.0351067159979777,4.5861125434146315,2.3901628776501496,-0.4924542790289134,-0.456212528129985
stage2_soh,49,-0.7410482975600006,0.98483025732813,0.16055144598013962,0.09681038696848648,226.21926137799193,7.232695918037737,0.2715833310350436,0.17204558429045722,83.36263191459811,16.293667493438758,0.11914794976804771,0.9745098039215686,0.473757337917088,0.24131738238547948,87.00310757035825,25.06423043700653,0.496159291642281,0.34446577415892893,128.56706001143846,32.05212805513433,10.532409995229491,5.364884946023262,11.872945870990662,7.422421223009687,0.05209443694860199,0.03616731734172869,4.686059212754264,2.8843123425139594,-0.496159291642281,-0.456212528129985
stage2_soh,50,-0.7558257518224302,0.9844341421906634,0.15939663613682845,0.09651405577485024,223.71125742993235,7.1974220032537275,0.2703510981555424,0.17054880949295945,83.2297694095311,16.102180395994907,0.11077512236786824,0.9745098039215686,0.4702771438162742,0.23636205991839662,79.3625656367404,24.434638950546443,0.4764221743275756,0.32631368254512255,134.73309301766128,29.500941414962988,10.455039518407105,5.254719923331788,11.502855601068406,7.236197642252792,0.05002213067354509,0.034261431453890774,4.4301177425379175,2.6052889843939426,-0.4764221743275756,-0.456212528129985
stage2_soh,51,-0.7564497754252791,0.9844488131216808,0.1600844800961297,0.09690560492612627,223.6068173512103,7.224713490617111,0.27304325597127616,0.17130465893203436,83.9181299119062,16.037038247386278,0.11621379452008827,0.9745098039215686,0.4672851118898149,0.23491771531510441,84.88398904783058,23.69317902331311,0.48970582088545317,0.33250315714006623,113.88182012466108,31.718900691799167,10.388521694943227,5.222609751480618,11.686451344788113,7.081860412453358,0.051416852287578245,0.034911297735672996,4.493732267975242,2.3546805594096476,-0.48970582088545317,-0.456212528129985
stage2_soh,52,-0.7678654179117362,0.9845368387077844,0.1609766873280993,0.09717835164826563,227.03503121843687,7.240842960704276,0.27179758009484956,0.17018942820642366,83.01158803275963,15.97727912856287,0.11989876771090077,0.9745098039215686,0.469273026434884,0.23407142854058274,76.92564966251301,24.330564253699023,0.49781645127175733,0.3434369578336676,123.2328991404986,30.03395194200509,10.432716326558225,5.203795395333668,11.412037115118297,6.9225335132216,0.052268431065583605,0.036059296373279995,4.69237880997309,2.489804272837216,-0.49781645127175733,-0.456212528129985
stage2_soh,53,-0.7730629027304293,0.9850063085003374,0.16017214205794936,0.0967622512641485,221.40329399116834,7.257963621169525,0.2707733094202325,0.16952110276712135,83.2571455397685,15.859166530656042,0.12200765013694763,0.9745098039215686,0.4684284837620009,0.23686509297649358,78.16447243542287,23.5760786114511,0.5026449423484667,0.3493868032872092,139.54440396463033,27.841575510200034,10.413940744678312,5.265903181056776,11.664436055464718,7.213179359537579,0.05277540035586927,0.0366840027005716,4.691421441560769,2.9714865509286863,-0.5026449423484667,-0.456212528129985
stage2_soh,54,-0.7770991437562331,0.9846982189489745,0.16086180492411156,0.09702665586671443,224.16803437036,7.260539550982762,0.2697718131404412,0.16917166164427733,83.05820363512203,15.81243279512511,0.12121836683329414,0.9745098039215686,0.46243547439829635,0.22989523628927475,76.76609892273534,22.01506707107928,0.5008368444346184,0.3542436315915456,125.62797199327682,35.26113501171615,10.280706224235207,5.110951727300871,11.108265970330795,7.049434151524367,0.05258555841527375,0.03719394726904469,4.836375353232643,2.959944070760321,-0.5008368444346184,-0.456212528129985
stage2_soh,55,-0.7824513195759428,0.9845368387077844,0.15980485573677697,0.09669035598966463,225.82813421399618,7.224275446930191,0.26927806673065746,0.16896502752099798,83.67174762921071,15.662768266781669,0.12170970510034,0.9745098039215686,0.4698470666008686,0.24072301831534682,82.67749878077679,25.495667617039725,0.5013418430219755,0.3501872546276918,136.9972738684083,31.075256346546286,10.445478189854022,5.35167124868911,11.808237838152703,7.253929469677507,0.05263858093749868,0.03676804639901604,4.781913579100208,2.7248059242228146,-0.5013418430219755,-0.456212528129985
stage2_soh,56,-0.7979405001398299,0.9848742701211819,0.16042077697209078,0.09693570156150456,227.83287821108627,7.198274611115236,0.26665760972788066,0.16771608063975618,82.46294660932634,15.595148504618436,0.1220968649667852,0.9745098039215686,0.47333587913092723,0.23626697093029234,75.15940881327857,24.329071813720393,0.5020429927718173,0.35006497297070777,127.17295632605385,31.24710740255758,10.523040268627572,5.252605937692749,11.53338246794933,7.219527043871385,0.052712198426982264,0.036755207389091146,4.762945537124237,2.690780898294634,-0.5020429927718173,-0.456212528129985
stage2_soh,57,-0.8039326733212415,0.9847569026730436,0.16106434985452675,0.09722726664080886,226.96741030334186,7.237243477896638,0.26637793023672696,0.16678142653349604,81.2546393058406,15.412157140412132,0.12576167533795038,0.9745098039215686,0.46965199406691494,0.23685805850625768,82.43775036241969,23.5987213433706,0.5091102589432064,0.35536850269920395,137.9186434661744,29.563806742561983,10.44114140445363,5.265746793136857,11.58599794188519,6.867520472686012,0.0534542287752315,0.037312053546565464,4.843617609277221,2.7850000588806942,-0.5091102589432064,-0.456212528129985
stage2_soh,58,-0.8064745062918616,0.9846835480179572,0.1606030242911821,0.09691679912864837,225.94421970450443,7.210398793694345,0.2685095157467623,0.16745341267157504,80.68938073319552,15.474976171333122,0.12735453391192006,0.9745098039215686,0.465803145480082,0.23939566286645975,83.53552458797274,26.323198219761768,0.5136486872026526,0.3567034371872889,140.63858284541897,32.12011598620694,10.355575128046574,5.322161939432718,11.766377913931905,7.367987283548058,0.0539307428077006,0.03745221551005479,4.857241926868143,2.7217590505747777,-0.5136486872026526,-0.456212528129985
stage2_soh,59,-0.8159082522117624,0.9847275608110091,0.1604678472251898,0.09691964101849812,223.68570573788017,7.238492854722349,0.2644616977219675,0.16564629734607333,81.84016924588474,15.344863168127848,0.11536273269676695,0.9745098039215686,0.47296852441969645,0.24486531750390342,85.07108444370036,24.83072331817915,0.4864912638942807,0.33858575344122216,143.23602786889126,31.936032602965515,10.51487336518841,5.4437614178221105,12.142660091801107,7.504585984451105,0.05107933863155051,0.035549942289613584,4.608138705328037,2.7228333426757296,-0.4864912638942807,-0.456212528129985
stage2_soh,60,-0.8338311411315107,0.985138346879493,0.16039597633386513,0.09669421485259118,222.7264541923429,7.212754372715755,0.26371088549247257,0.1645934890944838,81.03395584672408,15.21078166958533,0.1133993153478585,0.9745098039215686,0.4702554352996146,0.23936070475964716,84.21342313815447,24.78670694550729,0.4826518266462381,0.33591590362655765,125.82805177035992,31.31853391053391,10.454556902140194,5.321384762840105,11.765043209075245,7.290285423140977,0.05067621543098678,0.035269620374504616,4.523676135042439,2.705907835737715,-0.4826518266462381,-0.456212528129985
stage2_soh,61,-0.8322887682711161,0.9850649922244066,0.16043925501233242,0.0970074081789834,224.21895344553775,7.241178963232285,0.26443566507515537,0.16469346967940143,80.20126401431924,15.28511951825533,0.11538714208439285,0.9745098039215686,0.4702944483005506,0.2368328979330174,77.70981826957534,23.252895491521848,0.4867189832687958,0.3459545949802679,133.69031238167648,31.255180591179432,10.455424225742629,5.265187431936781,11.687320846231735,7.222671399954048,0.05110324811545513,0.03632363666036584,4.710931875143955,2.9090087154050366,-0.4867189832687958,-0.456212528129985
stage2_soh,62,-0.8154813995233587,0.9849769666383029,0.16066135173746204,0.09705824631057369,226.2374581346941,7.2483643852659965,0.26276026984780226,0.16469015929874797,78.97854401627801,15.386441737674893,0.10338561064472386,0.9745098039215686,0.47400864883072397,0.23706055362708867,80.56355788943358,24.133199647283682,0.4600962242523385,0.31823166892042054,126.24094967405466,29.262476825944777,10.537997052920941,5.270248594932691,11.519915334842194,7.055194028807012,0.04830798122366712,0.03341285730385081,4.351646921285587,2.393587097487684,-0.4600962242523385,-0.456212528129985
stage2_soh,63,-0.8348750252423021,0.9845368387077844,0.159929011527671,0.09665159668612336,227.9720358520235,7.264850456034317,0.26185349083473375,0.16451819354950217,79.05809477641337,15.357674777462247,0.11384181593563042,0.9745098039215686,0.470989080319495,0.24068002946693084,83.05626379285124,25.696371967205383,0.4837672204469346,0.33626407943300757,136.7124810628883,30.29992887105644,10.47086704558686,5.350715535414608,11.828537401817126,7.443141842399334,0.05079332663499328,0.035306177228123334,4.572906548312381,2.6842914977068464,-0.4837672204469346,-0.456212528129985
stage2_soh,64,-0.8351062907778333,0.9849622957072856,0.1607259547987431,0.09733316601651282,226.39918221845278,7.267412602270443,0.26384037501255714,0.16458102652151402,79.10397870866589,15.340285931314593,0.11556679831415999,0.9745098039215686,0.4709278182080227,0.2385568832038153,78.99263344060033,25.254549093382277,0.4861677506168733,0.3334113478642322,130.77658093635748,27.801416394907786,10.469505087420606,5.303514478811901,11.650060292062635,7.44483752564827,0.05104537122971841,0.03500665357242608,4.529665221531398,2.579298310710058,-0.4861677506168733,-0.456212528129985
stage2_soh,65,-0.8517434203947575,0.9847128898799918,0.16026173826492068,0.09661154054801609,227.77930137167007,7.187221223074076,0.26105840514601253,0.16320325572960115,79.32139453488273,15.072315491586021,0.13120237162300186,0.9745098039215686,0.47445455711148915,0.2405278488299718,80.45331559007117,24.654137474129012,0.5205149065923429,0.36262043001605015,143.93799499320002,33.01298205320411,10.547910332267568,5.347332307898102,11.888906934961943,7.580723615278119,0.05465166417125611,0.038073472463286386,4.980208518115887,2.755324402701594,-0.5205149065923429,-0.456212528129985
stage2_soh,66,-0.8582095497633411,0.9849916375693202,0.16104202307479001,0.09687305409492207,224.1818145022964,7.228519168456071,0.2597163280821005,0.16222582984689357,79.24746225819958,14.931592803104678,0.12813250387416167,0.9745098039215686,0.47264477510732594,0.2397744276679541,83.7590377055634,25.88583205268013,0.5145726289859195,0.3615221738377038,139.42843223763884,32.443779995905054,10.507675881960918,5.330582508069479,11.730037721384088,7.286661092811722,0.054027752433003104,0.037958160630574556,4.889189936782839,2.9385241334088574,-0.5145726289859195,-0.456212528129985
stage2_soh,67,-0.8564169148734078,0.9849182829142338,0.16077385181773818,0.09705483685217746,225.2700986480061,7.252874904054899,0.25989498203148065,0.16220349841869006,77.83685227252403,15.022214188649942,0.11209691336341933,0.9745098039215686,0.471902569468798,0.23675560622713437,78.80439644953935,24.021025362010395,0.47991421781367405,0.3305831168066053,124.74813213775849,28.605599736373726,10.491175421788384,5.263469109347478,11.503729955886778,7.358035535138355,0.050388779131555816,0.03470970235738394,4.496645859807367,2.51363906256708,-0.47991421781367405,-0.456212528129985
stage2_soh,68,-0.8520931378992884,0.9849476247762683,0.15958986259708555,0.09650042862663148,222.76105696972343,7.253460969798667,0.2610885765343915,0.16298266752559631,78.74278614745045,15.007295898381205,0.11369657937218161,0.9745098039215686,0.4716971968310986,0.24242062958724359,89.08805599029877,25.42129735744497,0.48219756649896073,0.33423233178133765,134.08367519227994,29.398533833141666,10.486609648028422,5.389411957902713,11.921855059079594,7.408072360771875,0.050628520210924934,0.035092853096703666,4.535115666447018,2.629613004080601,-0.48219756649896073,-0.456212528129985
stage2_soh,69,-0.8614719326547682,0.9851970306035621,0.1603617708421238,0.09665518455367489,224.94124082051314,7.163759574721038,0.26055975391839437,0.16209749811531193,78.77401567225209,14.907681462330098,0.12129415858025644,0.9745098039215686,0.46935286870314824,0.2378194928324471,83.01610031676451,25.662551754162642,0.5006334890139238,0.3426892988475076,124.73775930314048,29.62082788768136,10.434491352372085,5.287121070000693,11.80629501296957,7.266771773197118,0.0525642070341347,0.03598079562851989,4.661225071154446,2.6672741988925908,-0.5006334890139238,-0.456212528129985
stage2_soh,70,-0.8717252358819134,0.9849622957072856,0.16059369026555542,0.09669598990152663,224.39506371753345,7.145865888442691,0.2580385551517652,0.16101300128210888,78.2489019192104,14.884826621677824,0.10443693729592304,0.9745098039215686,0.4729068625011646,0.24338900275692782,84.21609368170431,23.961907892290213,0.4640419763156234,0.3212778853088179,121.02540625205683,31.07997809632956,10.513502518649284,5.410940496745692,12.098272063068142,7.312580721320358,0.04872226698942439,0.033732695973105395,4.347360896888406,2.6417170574898945,-0.4640419763156234,-0.456212528129985
stage2_soh,71,-0.8719991442848058,0.9848595991901646,0.16049137611445533,0.09692042617073794,226.50187563645545,7.194486568253032,0.26037578073737633,0.1619294231015307,77.3576829153664,14.912228223599932,0.10895410127499525,0.9745098039215686,0.4691745942521173,0.23870088777997914,82.43707351113075,23.92429726391353,0.4721688395272742,0.32857024651203376,128.74213973752387,29.19822582237865,10.430528016166702,5.306715938960286,11.894395949120835,7.1397125966160475,0.04957555013921269,0.0344983602613825,4.461253703658532,2.4015478348312165,-0.4721688395272742,-0.456212528129985
stage2_soh,72,-0.8822313308268099,0.9849182829142338,0.16063110029061586,0.09688633297754772,225.24400213850836,7.174427503400261,0.25686230346547273,0.15984970064615583,76.4503137778581,14.79233993295398,0.11163893835801704,0.9745098039215686,0.4707477821929268,0.23627288486698972,82.67711596474838,23.34068917515062,0.4804930565812361,0.3328906081872536,140.09478590790116,27.80094901967195,10.465502588729537,5.252737414296903,11.597208064924192,7.382319606911912,0.05044955453209373,0.03495197830840108,4.5003529225081,2.724575217195737,-0.4804930565812361,-0.456212528129985
stage2_soh,73,-0.8883398328269299,0.98466887708694,0.1609197576949068,0.09703563873019197,226.3798248716904,7.1905056273831285,0.2580262412821061,0.1597714721544679,77.84543175035547,14.647615879127168,0.1137290611278777,0.9745098039215686,0.4730181657267376,0.24032870805274476,77.38193675997861,27.136483174438688,0.4839585521128194,0.33334794440032806,128.57535993961494,32.35067695713866,10.515976973632252,5.342905078714179,11.662109766918507,7.446213869582372,0.050813415577340246,0.0349999965011824,4.49646180644566,2.6320637606036548,-0.4839585521128194,-0.456212528129985
stage2_soh,74,-0.8979141036304473,0.9849769666383029,0.1604691050294755,0.09669577766944883,224.71325737299486,7.227184820073996,0.25531049921705234,0.15861106582610449,75.1545888755063,14.5401173573113,0.1113312822930953,0.9745098039215686,0.47160753811844,0.2370412460975714,78.415602891344,24.150825151100342,0.47788467128554135,0.33629436718628686,126.55311889204653,30.055197624712637,10.48461638640314,5.269819356585135,11.541577019549326,6.960401752310174,0.050175686107954254,0.0353093573025069,4.619351262313799,2.7652483356385344,-0.47788467128554135,-0.456212528129985
stage2_soh,75,-0.9053330340035934,0.9850796631554238,0.16092333249682791,0.09671377390560754,224.74518225147125,7.202293155407084,0.25526102136572537,0.15845460631022312,76.04333523893666,14.48781466728501,0.10610936672664156,0.9745098039215686,0.47445632484786604,0.2411133668367185,81.0235397051893,25.145843495878893,0.4656276936330987,0.3298295672654229,139.3081381655342,29.4401701197225,10.547949631973967,5.360349342597255,11.86897185353281,7.126038169356755,0.0488887599931936,0.03463058313151832,4.484177000281522,2.7396015010830284,-0.4656276936330987,-0.456212528129985
stage2_soh,76,-0.9068357526201418,0.9843754584665942,0.16118760126907042,0.09716716420651526,229.68402898541538,7.24505418604251,0.2558679518834927,0.1580874064993165,76.39685705631524,14.311011463997463,0.11725381268005745,0.9745098039215686,0.46931344214208537,0.23971407283371424,77.42481349183544,25.52952720631031,0.49015149729872953,0.34872975890689034,135.65887292106598,30.686817335297544,10.433614834643322,5.329240720178228,11.896176388285621,7.3851701331854285,0.05146364625516485,0.03661501607143953,4.739434996144501,2.913066046236036,-0.49015149729872953,-0.456212528129985
stage2_soh,77,-0.9202860719507518,0.9845368387077844,0.16100632578461774,0.09703152558707225,223.3688575320412,7.232560446265126,0.25369657821088537,0.15718226443916605,75.19152522505387,14.383957820054635,0.11080211929830851,0.9745098039215686,0.4711550065958019,0.2409661311053616,88.3364724718956,26.070228496752808,0.47558615493421197,0.3356241977152725,127.72796932885815,30.638568931372422,10.47455586142395,5.357076048519288,11.675732241886445,7.4153628164401075,0.04993435249361575,0.03523899259939497,4.605125754052464,2.6185948792104834,-0.47558615493421197,-0.456212528129985
stage2_soh,78,-0.9154584581525752,0.98483025732813,0.1602635224949509,0.09661537815775792,226.60160231264007,7.166933459356678,0.2542889983917731,0.1579365574044129,75.70308459955034,14.317368639930365,0.12727486742477792,0.9745098039215686,0.4759130566858826,0.24096637353136696,82.66215774903048,23.58787722386958,0.516126232592434,0.34816090103019687,144.8974022228536,31.273776372396334,10.580335192561906,5.357081438050757,11.778802603521255,7.425604330943955,0.054190873645254926,0.03655528861840316,4.73430774316498,2.3558054774420474,-0.516126232592434,-0.456212528129985
stage2_soh,79,-0.925008550458998,0.9847715736040609,0.15976864030008173,0.09653488093834173,224.18093463656302,7.2046977686211635,0.25387375404017265,0.15662887953503468,76.10891243555827,14.146424436686276,0.10681947241811192,0.9745098039215686,0.47443894073406584,0.23950918279040387,81.24611072291017,23.915551069011805,0.4698247039133908,0.3238389658321645,134.58092344595266,27.787860989324507,10.547563154342292,5.324685675290537,11.728941869289798,7.0679629286206,0.04932942671273766,0.03400159761435483,4.4243404026679745,2.675832882791965,-0.4698247039133908,-0.456212528129985
stage2_soh,80,-0.930165210508523,0.9846982189489745,0.1605440844814964,0.09688620354267631,224.30185007405734,7.2090308984562945,0.25387595154611775,0.15682386850076124,74.7957165657952,14.33099990535381,0.11376800391019559,0.9745098039215686,0.4716678132408995,0.23796100446260443,80.01488638482067,24.435818704821916,0.48158666724530613,0.3425008412395768,127.523211977546,31.580229226626678,10.48595640216954,5.290267107831924,11.710249327595887,7.1300237746857205,0.05056437860723528,0.035961008449000714,4.713353932175066,2.876572871850452,-0.48158666724530613,-0.456212528129985
stage2_soh,81,-0.9342574078339037,0.9847128898799918,0.16048712089653988,0.09700653667731567,224.91516243231152,7.222672251155767,0.2524541206710223,0.15611896105287928,75.58216812675064,14.10655558153941,0.10877421845992406,0.9745098039215686,0.47057464292096673,0.23642199258776564,76.86184270060842,25.62668592128081,0.47276296113139493,0.33208066511570533,132.57467205041252,31.627464464742765,10.461653416056926,5.256052325799004,11.551411238351463,7.2705341566354305,0.0496379301670929,0.034866938021978,4.485142434165095,2.873287187159784,-0.47276296113139493,-0.456212528129985
stage2_soh,82,-0.9333932586148719,0.9842287491564214,0.16111080722345725,0.09713079049478889,226.57572237911518,7.221800967468658,0.2520070969622514,0.1559907261694689,75.82849797525958,14.167514146005507,0.10654580014593461,0.9745098039215686,0.4718193144520034,0.23977252894501183,81.67181682281237,23.2638884903177,0.4678433327824298,0.32986399922702536,124.0311336087377,30.54728600346195,10.489324524924399,5.330540296314864,11.773629418097725,7.316559329552449,0.049121391883616604,0.03463419832865949,4.48542083203016,2.8582014462879743,-0.4678433327824298,-0.456212528129985
stage2_soh,83,-0.9411668307778212,0.9847128898799918,0.1597861918421551,0.0967019444815497,227.12178461444142,7.21271690753732,0.25164031672625314,0.155192578327053,74.847976692632,14.203917107525237,0.12444573158726972,0.9745098039215686,0.46729006548965185,0.23418923768160096,78.7689863150982,24.10418267543965,0.5056826764957627,0.35249833174816825,131.53792982982614,31.349640597244786,10.388631821668998,5.206414487588461,11.397128911702676,7.307879706732363,0.05309434842893492,0.03701069883617491,4.845660632304827,2.733405948555614,-0.5056826764957627,-0.456212528129985
stage2_soh,84,-0.9470646411354513,0.9847862445350782,0.16075277533751606,0.09678601106930777,226.26558215217594,7.168894589840335,0.2523191340941763,0.15518421458286127,75.18143529734634,14.021013637610771,0.10276824522252176,0.9745098039215686,0.4756347439627103,0.23919550029871364,84.08723797933803,24.414272012798254,0.4568847810883353,0.3201214716934106,132.08199300680846,26.88662404650205,10.574147839939092,5.317711994153836,11.810709839928476,7.205394704969809,0.04797079450512874,0.03361127787776964,4.3812096509876275,2.6190459820944003,-0.4568847810883353,-0.456212528129985
stage2_soh,85,-0.9514913432513676,0.9844048003286289,0.16078935203845746,0.09695386978741417,226.7972301841543,7.210652827911211,0.25157604525913396,0.15497609940952647,75.39474556099503,14.001113603266155,0.10786164543207954,0.9745098039215686,0.4720056213219525,0.24223775360368047,87.92247913728845,26.78666410825512,0.472001274778121,0.3254305345809781,109.23105905771466,29.545323919432132,10.493466435101157,5.385346322010642,11.88031307212353,7.42834674985528,0.049557956613490994,0.034168704991423195,4.470323328650272,2.5674680075260783,-0.472001274778121,-0.456212528129985
stage2_soh,86,-0.9613493236485671,0.9840233561221795,0.16068415052180857,0.09692602236793142,224.9151657240168,7.196472047398354,0.2519209250386626,0.1543521340139438,74.10747494625107,13.961245892679083,0.11399968143771677,0.9745098039215686,0.4714738260103897,0.23848532103549908,81.71441857178098,24.721648441025284,0.48593578531329046,0.3331695226331552,137.6350920756421,29.15384591448906,10.481643744861579,5.3019235333287815,11.846316829719937,7.117811661859783,0.05102101594284723,0.034981263038649665,4.554817514488485,2.702636627615796,-0.48593578531329046,-0.456212528129985
stage2_soh,87,-0.9655521659797068,0.9847715736040609,0.16048867704865766,0.0967319351176127,225.86986133208433,7.217584101823597,0.250654655226279,0.15348388357942,73.02787878987947,13.782092995222767,0.09523290772648418,0.9745098039215686,0.47247158619015983,0.23854442472186158,84.0903285743126,24.98065759716192,0.4397083250937708,0.30983815168341,134.76097645483452,26.506294673017507,10.503825605593185,5.303237506131262,11.89274188036303,7.340213564352685,0.04616734585691839,0.032531576711416196,4.22455682764322,2.6331600155745924,-0.4397083250937708,-0.4397083250937708
stage2_soh,88,-0.9693620913881696,0.9849182829142338,0.16061613179868048,0.09683843189929014,224.00152014047518,7.180890760172391,0.24776525596802396,0.15316693028460457,72.97292214164632,13.95056957133064,0.11107091068052778,0.9745098039215686,0.4755545544479205,0.23915875231956735,84.50211657005941,25.1261945579632,0.4767806266557429,0.32572359264663914,132.50687169181512,27.361729436314786,10.572365094260052,5.316895025735855,11.687388990843163,7.256470243882064,0.050059766514540804,0.034199474736505114,4.436469666520418,2.2998404204427443,-0.4767806266557429,-0.4397083250937708
stage2_soh,89,-0.975333205929056,0.9849622957072856,0.16051679409281422,0.09685340701409172,221.94775792345868,7.280195129241823,0.24713273122391918,0.1522656918878793,73.52627662067552,13.74818157879307,0.09987458376323476,0.9745098039215686,0.46751695539770394,0.2349211067353905,79.87772883925655,23.165891113379487,0.45625418740528095,0.31705627792752256,130.66797588155933,28.536257572612843,10.393675959973834,5.2226851483685595,11.378987873035108,6.973286621400729,0.0479045850771982,0.03328944667141701,4.258531046788412,2.7780570858126206,-0.45625418740528095,-0.4397083250937708
stage2_soh,90,-0.9777400775896105,0.98466887708694,0.16033597404705002,0.09695376458669035,224.8768204116072,7.204339250292586,0.2477241070086405,0.15209126664962178,73.49151484114611,13.625044582713617,0.1085300634596862,0.9745098039215686,0.47361502938341327,0.2411767231136122,79.4861456404527,25.879357418980963,0.4709105382813825,0.32829396398007576,129.2980031430731,29.05942989488195,10.529246240913682,5.361757857528022,11.75113077665524,7.436561114394083,0.04944343431266134,0.03446935186995754,4.508909830511597,2.623417748728535,-0.4709105382813825,-0.4397083250937708
stage2_soh,91,-0.9806796564455201,0.9846395352249053,0.16054130333081473,0.09707121342946624,225.68876202194528,7.250256692223292,0.24710704124529634,0.15136331426134567,72.04726962557527,13.666704784929127,0.1331535916118061,0.9745098039215686,0.47462863912341846,0.24134441730931547,85.03535018771238,24.624777941959685,0.5233148436454795,0.3688006427559052,162.23600185561585,31.834517917572057,10.551780463610536,5.365485977140335,11.711476981286221,7.221994292904843,0.054945644646340795,0.03872236629300719,5.038730368192013,2.9317518335100483,-0.5233148436454795,-0.4397083250937708
stage2_soh,92,-0.9869206300318645,0.9848009154660955,0.16065188318285784,0.0966305101926218,225.9713517664507,7.18662071650755,0.24692801483033544,0.1520320709501011,72.99275095559189,13.804616697283052,0.1111447016398112,0.9745098039215686,0.4717959850136381,0.2424187813246367,88.16903634395247,24.69513686814708,0.47558968808730917,0.33898032535159706,126.89845765459864,31.145314748063193,10.488805872884303,5.389370867964899,11.792606090950889,7.510515975978513,0.0499347234583933,0.03559137052012939,4.61921746100549,2.7317756599447027,-0.47558968808730917,-0.4397083250937708
stage2_soh,93,-0.9890256961226369,0.9848449282591474,0.16021559394725746,0.09688506475603251,225.65927995734253,7.231492007386155,0.24663221025766732,0.15086245499728645,72.19442903994153,13.606833405331118,0.1218278943031442,0.9745098039215686,0.4715814219188967,0.2361435109475518,81.71928307630661,24.762320097112188,0.5006953898840887,0.34585342953237247,140.0100899961243,32.02051585046211,10.484035780048172,5.24986121787069,11.707712569957767,7.1553920784414835,0.05257070633996689,0.036313014754990804,4.704417902452947,2.7332806680766666,-0.5006953898840887,-0.4397083250937708
stage2_soh,94,-0.9945133464503102,0.9845661805698189,0.16077161400367693,0.09681863286046354,226.93554820549508,7.148298749586405,0.24671145272200568,0.15149081952010213,73.08412622827218,13.60824936069722,0.11357963421181136,0.9745098039215686,0.4641966355339371,0.23351920049308855,81.22791784723564,24.319007341587138,0.4816850914546112,0.34101877089443744,133.02733394962846,28.61594593751946,10.319859752135766,5.191518451545008,11.437694877749168,7.355537802365141,0.050574712695203056,0.035805397899226064,4.689695393448464,2.8897960398058204,-0.4816850914546112,-0.4397083250937708
stage2_soh,95,-0.9931532045995359,0.9851530178105102,0.1609184224575361,0.09694696170441676,225.02985619191242,7.1626455661822614,0.24680496306879912,0.15158753599010247,72.81831886780684,13.652707198416802,0.11737407647511539,0.9745098039215686,0.47356118428539984,0.23750775281668585,79.61296432025811,23.191856511383715,0.49347567445000146,0.3441906986703329,131.06245991922302,32.34045410997265,10.528049175236546,5.28019057331994,11.604830394731438,7.146719518443563,0.051812669522349315,0.03613843568428893,4.6674896424280705,2.8115248351427597,-0.49347567445000146,-0.4397083250937708
stage2_soh,96,-0.9987915251541227,0.9845661805698189,0.160437247052848,0.09682773474694767,228.46423664200992,7.202017799264123,0.245157071516115,0.15076957108319192,73.43602621674025,13.51356454220293,0.10786595245202382,0.9745098039215686,0.4708693680821223,0.2379813274578648,78.39932863883483,25.067128618639735,0.4686589397988278,0.33055122789798996,122.00311643541728,30.03406175395694,10.46820564434926,5.2907189216642,11.818826462003852,7.376203400076943,0.049207026858122366,0.034706354169075866,4.521920244449601,2.6994259918263266,-0.4686589397988278,-0.4397083250937708
stage2_soh,97,-1.005830752528129,0.9845955224318536,0.16052599556103875,0.09672824958947791,226.1841989340221,7.206191068383353,0.24539374808874437,0.15047700900945937,72.27352905917328,13.498604972618363,0.11015180071779326,0.9745098039215686,0.47631327460504697,0.24185680448643718,84.24269687690264,25.709828075572293,0.482473076504776,0.3377301204127862,136.80776959303188,31.45217153211113,10.58923269952319,5.376877192418333,11.767037608657677,7.324416493360056,0.050657447490668396,0.03546010476847504,4.559747886616558,2.956505416157513,-0.482473076504776,-0.4397083250937708
stage2_soh,98,-1.0079299588724746,0.9845221677767672,0.16078675711307494,0.09673008217482709,222.3328309862814,7.1726796282612995,0.2459675921380616,0.15030363701800653,72.30320556439435,13.471831531713194,0.11657688752108929,0.9745098039215686,0.4726793311140715,0.23909207677432134,80.92498097697894,25.127085167912387,0.4976574889994495,0.33903541852190505,127.23736850946077,28.206741274140875,10.508444119203306,5.315412717974091,11.627401609071665,7.329307302277554,0.05225174076024933,0.03559715504887903,4.582768925000369,2.762071876908392,-0.4976574889994495,-0.4397083250937708
stage2_soh,99,-1.013774897720552,0.9846542061559227,0.16044586404553252,0.09714749542449712,225.54274096771547,7.2651686577182915,0.24688112510792778,0.1509043454948614,72.5992270681864,13.454409669275492,0.1182642070686116,0.9745098039215686,0.4692076851228066,0.2355239041295706,79.21003005071782,22.82727045597706,0.4905868751744113,0.3470676324951152,141.79404301727047,31.174165957392997,10.431263681008815,5.236086332458869,11.478371600348591,7.151953568853198,0.05150935892380892,0.03644050046522721,4.7884099661447665,2.7361575813814003,-0.4905868751744113,-0.4397083250937708
stage2_soh,100,-1.0170210509725428,0.9845955224318536,0.16174390332144675,0.09730817271289847,225.61431688899643,7.2231533100341405,0.24453543550917503,0.14998310348104127,71.9137951661395,13.43497306271232,0.11425552733388601,0.9745098039215686,0.4724769259640948,0.23996912046317376,85.31323799397339,25.412793170433766,0.4844409193320049,0.3396753805123416,135.03908751679123,29.27707129343301,10.503944317608521,5.334910851249104,11.747208440810116,7.421007703010527,0.05086406191030067,0.03566434810587076,4.614794924895653,2.7220291871422657,-0.4844409193320049,-0.4397083250937708
stage2_soh,101,-1.0177646928478417,0.9848449282591474,0.16074925015698383,0.09693645839144327,225.29442021941097,7.199201391108945,0.24354206343669774,0.14914127026248597,71.1568160210825,13.394263895251047,0.1184109595768592,0.9745098039215686,0.47770955812821714,0.24285933613850205,81.7288475911637,25.077257403682108,0.4939095418304237,0.34171944514793506,124.99864247890467,30.140515360101084,10.620274393991226,5.399165130878909,11.842254405867575,7.5117483683430315,0.05185822359595872,0.03587896546378687,4.713423906575604,2.6311590156320848,-0.4939095418304237,-0.4397083250937708
stage2_soh,102,-1.0278857809631012,0.985138346879493,0.1608569256313315,0.09712946522774038,224.49624504755334,7.251644616562636,0.24272465632797194,0.14893596826070465,71.15279920173663,13.311442243243699,0.12989605484055539,0.9745098039215686,0.46602275190743586,0.23907234049950013,76.53692773403174,25.494393393316557,0.5164344859853873,0.36613276656717064,151.55877493032824,31.535577414112375,10.36045734251664,5.3149739479085785,11.81600134685532,7.259225257174645,0.05422323882960983,0.03844225159951696,4.979878276929829,3.0468592494549847,-0.5164344859853873,-0.4397083250937708
stage2_soh,103,-1.0367236558947708,0.9846835480179572,0.1601058780567394,0.09650916092752221,224.42111566618522,7.091396997143241,0.2434923253273418,0.14810096669659392,69.93896831956656,13.103394351631703,0.10510943099564198,0.9745098039215686,0.4690493254884019,0.23695516319050655,79.18475553468474,24.82689259869983,0.46412582062809443,0.3208021054939166,134.23851989406018,27.43123282400719,10.427743084148874,5.267905591038463,11.572780036676452,7.284870658493653,0.04873107025547846,0.03368274128720854,4.366348183344434,2.650379814146598,-0.46412582062809443,-0.4397083250937708
stage2_soh,104,-1.0314100457134634,0.9847422317420264,0.16025356063486831,0.09681017158352304,226.8773529269876,7.182950647095051,0.24354093077746053,0.14860263616695882,71.42428683983522,13.32594266592779,0.11343690250434127,0.9745098039215686,0.46761613779106315,0.2383767248386992,79.17663510576985,24.524888270833955,0.4803631587351769,0.3481913282061178,141.6574327289949,33.20143516713687,10.395880948788909,5.299509260077315,12.143990025375643,7.3584649776291755,0.050435915857447736,0.03655848333152098,4.733683044576315,3.143463883722629,-0.4803631587351769,-0.4397083250937708
stage2_soh,105,-1.033345074504758,0.9844928259147325,0.16070741174867573,0.09691228140570676,226.7343970004503,7.218376237849361,0.24148245307787464,0.14787684518731836,71.57988025728449,13.274094866838253,0.1210137915669703,0.9745098039215686,0.4714415443785235,0.23811330531778582,83.86337517419622,26.5458635559184,0.49803910636281157,0.347981563205009,137.81088347858227,32.14041574674684,10.480926070738315,5.293653007998551,11.696771141997866,7.382743612410227,0.05229180882308526,0.03653645897400442,4.723036345880457,2.5168439395694886,-0.49803910636281157,-0.4397083250937708
stage2_soh,106,-1.0366390542326978,0.9846395352249053,0.1608389291619448,0.09731952354875878,227.42269980310544,7.274422066926844,0.24383973435475592,0.14876734570854833,70.0164634022194,13.363205709572144,0.1144072449090434,0.9745098039215686,0.47095072991040615,0.23788913484096674,83.32351755677522,24.10564888072018,0.4832815041489486,0.349972447699995,144.18946026438897,35.060173555864,10.470014452498203,5.2886693271524345,11.603280816277445,7.295989419568985,0.05074232866420736,0.03674549266246506,4.779669951007269,3.0684421161352367,-0.4832815041489486,-0.4397083250937708
stage2_soh,107,-1.052422289123439,0.9847422317420264,0.16033718209266667,0.09674213373410531,229.7213417733993,7.214551224919864,0.24332553646396266,0.1477190807424178,69.61988478023576,13.01428095233739,0.12196933866715899,0.9745098039215686,0.4703097550248814,0.23828831203647105,84.64404251594556,23.390529245186755,0.5038070052755439,0.3516507506589679,142.7858849314957,32.581363202057965,10.455764519566985,5.297543697103688,11.710167852833681,7.24213222731348,0.05289741160287131,0.03692170673151427,4.775103784098915,3.057337009063644,-0.5038070052755439,-0.4397083250937708
stage2_soh,108,-1.0554667618880442,0.9844781549837153,0.16058114898382317,0.09689427316044733,226.87724516720422,7.256240978197223,0.23983480042073863,0.14644613604133025,70.34853240426165,13.060728130007607,0.11771352802421532,0.9745098039215686,0.47629487390383335,0.2422471561980452,81.36499609794132,25.039401093958023,0.49112418974209976,0.3483506684940235,128.29196229483154,31.35168395664406,10.588823621470208,5.385555357250716,12.135708554254396,7.421395095304262,0.051565774474902126,0.03657521332674932,4.718763862092395,2.900641366133257,-0.49112418974209976,-0.4397083250937708
stage2_soh,109,-1.0571851936053622,0.9843461166045597,0.15991020845705883,0.09661634429019607,226.2037478015855,7.2151136925778445,0.24247091639658636,0.1475657823088248,70.5562027434014,13.088578291794672,0.12389014778183956,0.9745098039215686,0.4711118286426511,0.2366547648703643,81.32283736266048,24.194824784329267,0.5026605500842846,0.35510010053494984,145.10330656956825,32.233770282475845,10.473595944038104,5.261227239029127,11.718040161931384,7.1877051966280305,0.05277703909613509,0.03728387255739901,4.890989559349229,2.7505254781392714,-0.5026605500842846,-0.4397083250937708
stage2_soh,110,-1.0562547739639008,0.9845808515008363,0.16153947772456978,0.09721576320481494,226.03298696633155,7.222739901316547,0.24294483957219,0.1479403294123584,70.83390341546678,13.082693225643315,0.11212990736844493,0.9745098039215686,0.47008347395076916,0.23550541962168234,78.81141428744517,24.81925779165481,0.4780363961874266,0.3377393037811214,125.48115844490452,30.986640383684033,10.450733916648643,5.235675391244754,11.564981017648082,6.962506865317017,0.05019161652277855,0.03546106897978937,4.6462839397242774,2.7090723754589616,-0.4780363961874266,-0.4397083250937708
stage2_soh,111,-1.0634894374705428,0.9851676887415275,0.16017679635271687,0.09686920271177817,225.57491496010235,7.2716438122485,0.23915337152111313,0.1456113121500029,69.02440794455615,12.953591181479627,0.12186429325272055,0.9745098039215686,0.47277120588272376,0.24128567478345597,83.3739858553487,24.70607256806829,0.5001184156744533,0.35246745343228764,141.43565734092832,32.959984897426345,10.510486647422324,5.364180033533789,11.857535381582096,7.178277764413354,0.052510126709410486,0.037007456755442335,4.768486161372221,2.760075058354526,-0.5001184156744533,-0.4397083250937708
stage2_soh,112,-1.0599266963908063,0.985138346879493,0.16101153557091005,0.09704663713378053,223.41823749141153,7.250644074026383,0.2398328976402374,0.14615518872419933,70.67159163409401,12.907864277669354,0.1131569441334874,0.9745098039215686,0.46860283922197715,0.23797255998440817,80.09270971565353,23.83822686548967,0.4850357809408331,0.3348855685369641,124.91826825516836,29.97101204775991,10.417816955224096,5.290524006213446,11.745749082780263,7.385786405104023,0.05092651963526169,0.03516143994280676,4.600097595681707,2.7020652536640717,-0.4850357809408331,-0.4397083250937708
stage2_soh,113,-1.0482135355404356,0.9847275608110091,0.16045123392312993,0.09675756185400569,228.74399314743872,7.207515251064427,0.2400488423038322,0.14667151924029098,70.34415704973947,13.108045368797322,0.10749646346358692,0.9745098039215686,0.47196948122419907,0.24464111779177306,86.70233679383924,25.513590833672552,0.47031878197318855,0.32890120696130337,131.19206901307317,29.41276433017887,10.492662980892973,5.43877708702662,12.006374603047686,7.462039636321277,0.04938130262994286,0.034533109581907945,4.510838591660398,2.8165337936041377,-0.47031878197318855,-0.4397083250937708
stage2_soh,114,-1.0497696332005855,0.9841113817082832,0.1606952399050674,0.09705289020499105,225.38437920936497,7.2655008062141535,0.24004265722999954,0.14587540227362022,68.86074594501758,13.11054352192207,0.11991598947959788,0.9745098039215686,0.4682796788422321,0.24009821087797628,79.02961029334988,25.08780385803276,0.4941363745147012,0.35509377164474015,158.52381361005192,34.121661567242235,10.41063256494393,5.33778074489789,11.770617604405247,7.459626203118716,0.051882039981478514,0.03728320805312076,4.803137866426428,3.0186232280678515,-0.4941363745147012,-0.4397083250937708
stage2_soh,115,-1.0655708876347578,0.9847275608110091,0.16104496148878564,0.0971018655126956,225.23374248214097,7.218545102641372,0.24137833703115474,0.14574711014156375,69.11636081449737,12.819969163725851,0.11698944901718814,0.9745098039215686,0.47327463821941534,0.24184603902200857,87.97507796469857,25.295549172328478,0.4871373026082195,0.3497248473613724,143.7231629367101,30.966705621045843,10.521678781771534,5.376637858320312,11.96246983120565,7.3431509769989916,0.05114716971647938,0.036719495769035666,4.785438403765278,2.835085149427323,-0.4871373026082195,-0.4397083250937708
stage2_soh,116,-1.0649493533132754,0.9846248642938881,0.16017953771115345,0.09697489371759131,223.96890807055522,7.2126975806708264,0.23948326796060815,0.1458744003472383,69.53256841316886,12.909679753464077,0.10803481182631325,0.9745098039215686,0.47219750511640907,0.23793988594620982,80.90067665961027,23.729159718638538,0.4684564945333768,0.34102292995644257,151.69433522654293,31.805616837042706,10.497732329543114,5.289797608247733,11.655918311154558,7.036700012530342,0.04918577103908555,0.03580583458155176,4.640583316818029,2.9657466161564874,-0.4684564945333768,-0.4397083250937708
stage2_soh,117,-1.0734917082797333,0.9853584108447522,0.15997148974580064,0.09652936235000956,223.1504204672075,7.203004170237758,0.23900602015131805,0.14497891971409146,68.14223822533224,12.716498591370307,0.12364605025333517,0.9745098039215686,0.4707430637516085,0.23744146323890664,81.79112413387706,24.88069627624425,0.5032782602705567,0.3597018559938114,147.39776753782564,31.271830113181952,10.465397689966974,5.278716846253988,11.581828101099553,7.074770988840294,0.052841895816332245,0.03776703565369226,4.8859877725669625,3.026756637947272,-0.5032782602705567,-0.4397083250937708
stage2_soh,118,-1.075107613461863,0.9848889410521992,0.16033528681362516,0.09689640160743268,225.06533681619493,7.2574955312983995,0.23834028246497768,0.14479731943470875,69.30034130526185,12.871021416616735,0.12101839327929066,0.9745098039215686,0.47183938190812863,0.24329042652183597,88.0631152100209,25.04363601446085,0.5019694402704263,0.3512515568028332,144.64380331424027,31.716469955380745,10.48977065769862,5.408748983832481,12.10427119734759,7.602966256611693,0.05270447575361774,0.03687979321801371,4.728384998994567,2.8023184529145344,-0.5019694402704263,-0.4397083250937708
stage2_soh,119,-1.0834114344613008,0.9847862445350782,0.16031299525495218,0.09651549667603793,225.12490035521344,7.136266378098462,0.2372770989137021,0.14373800088351227,68.09030346963871,12.7008262291339,0.11566252769792781,0.9745098039215686,0.4742283625612141,0.24196177083706738,85.93266059785064,26.445743591880767,0.4876573896782149,0.34096066316443624,126.78546319649652,31.684641945237306,10.54288165291738,5.379210768179716,11.85264424107593,7.372617630260992,0.05120177645978148,0.03579929685561413,4.614283715940402,2.7029081527575824,-0.4876573896782149,-0.4397083250937708
stage2_soh,120,-1.0876586489028093,0.9845808515008363,0.16025933738298287,0.09645297570158211,225.36062183526263,7.123673944747338,0.23756697463374307,0.143798982212721,68.38641740695437,12.788385211368992,0.11437262664822971,0.9745098039215686,0.4716388182104568,0.2385611623279093,83.0620527897961,24.20435317318537,0.48951050681994773,0.3404805305760865,132.20607474467025,31.42683341898449,10.48531179463736,5.303609610825214,11.697105860094416,7.270516007984513,0.05139634521164106,0.03574888514858359,4.614909660139012,2.7162627774050145,-0.48951050681994773,-0.4397083250937708
stage2_soh,121,-1.0941102450881246,0.9843461166045597,0.1605171314967826,0.09681157328140105,224.27015807731962,7.2131079057688305,0.2368292553714256,0.14341008994803858,68.03914535411948,12.62114151964342,0.1164052337992425,0.9745098039215686,0.4685254671306953,0.24161531153025434,82.11501468093287,25.380215848724763,0.4929267564231346,0.3427329216243736,132.08307008322095,30.591988848045098,10.416096845534287,5.371508404176107,11.773258384142379,7.565562658812968,0.0517550356615666,0.03598537581886853,4.636889982206621,2.740663105748763,-0.4929267564231346,-0.4397083250937708
stage2_soh,122,-1.0968102670493098,0.9846982189489745,0.16075139187650392,0.09698846829182786,226.1699989785534,7.213944375761649,0.23762097631182288,0.14388911299708002,68.82590301615636,12.593093161742704,0.10700126573735592,0.9745098039215686,0.47548091485465116,0.24087560509660227,85.8404975294607,24.253122725489995,0.4660524616068463,0.330671553638782,135.480339571916,30.354772203876724,10.57072796418075,5.355063505465755,11.794025122518601,7.4130463774838,0.048933358671075726,0.034718987816822804,4.545438573307313,2.7444954808785003,-0.4660524616068463,-0.4397083250937708
stage2_soh,123,-1.098814931054626,0.98483025732813,0.16083234920128442,0.09666059025502491,225.83752891864185,7.161707872816209,0.23762980465624145,0.14389992406717095,68.43233334318089,12.619887432421026,0.11951334993628894,0.9745098039215686,0.4763076444169424,0.24384404066219634,79.7237678750422,25.22468389726366,0.49596964422464596,0.3443377718950311,130.16385670726157,31.565525145821873,10.589107531120042,5.421056742760433,12.0448926516547,7.378940069374298,0.052074524844552196,0.03615387769446575,4.721859715972836,2.822596055838241,-0.49596964422464596,-0.4397083250937708
stage2_soh,124,-1.0963722885639635,0.9844488131216808,0.15978836526435589,0.09658472904656842,225.84531941633685,7.223395086917669,0.23662015831691652,0.14337110657949936,68.2970684312941,12.555064813873901,0.11122928200399175,0.9745098039215686,0.47351927281983547,0.2424257118346206,83.77779874809889,24.488185262351596,0.4751988630943698,0.3388889882859646,134.1896634079284,31.581083040140452,10.527117413966598,5.389524944676296,11.942236366886423,7.688688377487674,0.04989368863692452,0.035581780549555804,4.6536569192183626,2.7426113845448787,-0.4751988630943698,-0.4397083250937708
stage2_soh,125,-1.0911001585790563,0.9843167747425252,0.16019833935462466,0.09665345248869825,227.7415810140874,7.189553772268927,0.23666134515843676,0.14421218562578986,69.70728818418601,12.708512201023307,0.09722577324684928,0.9745098039215686,0.4712539435381903,0.23914887343679428,81.09535738057045,24.564841830600464,0.44677183622440103,0.3175228086994121,124.45013021608015,30.54004570860981,10.476755393457564,5.316675401815899,11.733057798850561,7.326387390655138,0.04690898194320913,0.033338430250461425,4.323997179275263,2.841721559180181,-0.44677183622440103,-0.4397083250937708
stage2_soh,126,-1.1029352210751757,0.9840233561221795,0.16086992018109528,0.09689104517728012,229.16984567072296,7.223887791890856,0.2357637001050964,0.14300460406125903,68.65222044749879,12.51933003674484,0.1076680381216255,0.9745098039215686,0.4691349622725372,0.23981465039153893,77.65556728925316,25.05444879789758,0.4680190530038502,0.339615262938919,146.4576504363278,30.983683869980496,10.4296469316442,5.331476725809267,12.00800716407221,7.597441833060456,0.04913984169630696,0.03565803603797056,4.631553494644465,3.0472889163836356,-0.4680190530038502,-0.4397083250937708
stage2_soh,127,-1.109608867649657,0.9844194712596461,0.1609754271555616,0.0969073718871857,224.50758533122007,7.152640009419021,0.2355513752994161,0.1429556044525768,67.59935864832408,12.571734702421331,0.11398071147063199,0.9745098039215686,0.4693049619697173,0.23956717685157178,85.36824263100984,24.324621184282424,0.48243251786619323,0.34146292024639013,139.20587209785057,30.45937901659347,10.433426306371436,5.3259749792878,11.782088615995498,7.319056038384593,0.05065318902070529,0.035852031532417686,4.691776756782437,2.867851869547245,-0.48243251786619323,-0.4397083250937708
stage2_soh,128,-1.112767828453147,0.9849916375693202,0.16025832074815619,0.09681101932607754,222.11753219991098,7.221886067133648,0.23718855094662294,0.14283272099802885,68.7295387474457,12.461876682052633,0.11927574230175392,0.9745098039215686,0.47122872051109344,0.24199406573841092,84.19172319115681,24.382893475382573,0.49886317873992314,0.35542585486180933,143.08940364746408,35.477286208854004,10.476194643804858,5.3799287373054305,11.931112481666828,7.541021360553278,0.05237833262141711,0.0373180752590861,4.858469636851471,3.0327663048111533,-0.49886317873992314,-0.4397083250937708
stage2_soh,129,-1.117890292406257,0.9847422317420264,0.1603729880580005,0.09685427040979486,228.15666167627555,7.215639643674145,0.23442631116232315,0.1417264291126276,66.55577332303537,12.437079709798242,0.12121780707555659,0.9745098039215686,0.46546801294829093,0.24325317531258014,82.81556057266336,26.078279062391594,0.4994050160157639,0.3516318041648643,141.24637103645435,30.418021797624167,10.348124577004807,5.407920827775996,12.272015393854305,7.455386457149296,0.052435223036004036,0.03691971743702942,4.8146410383308575,2.7863537150211046,-0.4994050160157639,-0.4397083250937708
stage2_soh,130,-1.1291101497263596,0.9844488131216808,0.16025502633176544,0.09649962503316764,224.05408057210585,7.169887545743286,0.2331896977444014,0.14103413422714806,67.1494282267601,12.406735214361166,0.11029697373217227,0.9745098039215686,0.4711803931087459,0.24224076793693444,82.46590988149364,25.5531748880087,0.474148228444112,0.33715092011307385,144.55959286332288,31.46979272852771,10.475120245637715,5.38541333562954,12.136626753088485,7.51165429149781,0.049783376844994336,0.03539929140872901,4.627430640530406,2.7033227589074595,-0.474148228444112,-0.4397083250937708
stage2_soh,131,-1.1195250103645127,0.9841994072943869,0.16053249778447098,0.09671973260650789,227.26844820243664,7.2618522077748295,0.23443455534948704,0.1421657402261334,68.62193180304575,12.446397020477328,0.1218127298004487,0.9745098039215686,0.4749508303342177,0.24117414200605422,81.57135068602611,25.57831103727023,0.49938322064220886,0.3588560051503865,153.11691347654798,35.00920653903403,10.558943307660437,5.361700475233613,11.825112584418926,7.237747175595391,0.052432934622318024,0.0376782252168568,4.869991693625681,3.029409105316705,-0.49938322064220886,-0.4397083250937708
stage2_soh,132,-1.12291044264919,0.9845661805698189,0.16082358021857365,0.09691388178494013,222.60643620963197,7.1831757784356896,0.23479916646747132,0.14196061632277504,69.11508854306796,12.415701246938134,0.11413620786339629,0.9745098039215686,0.47461112737351824,0.24273066682576694,87.9646727909053,25.499310504866312,0.4808000403627505,0.34970613655396826,141.16738928602828,31.74231218646145,10.551391148417034,5.3963045990262755,11.891647083187246,7.178448187317469,0.050481786413103975,0.036717531220567076,4.770510506215147,3.17172210304033,-0.4808000403627505,-0.4397083250937708
stage2_soh,133,-1.1317322081003716,0.9847128898799918,0.16108041196067402,0.09691125323858167,228.7371676556824,7.215234769147957,0.2322960490015829,0.14105129636573913,67.2409779409871,12.361918043894452,0.1079969409049726,0.9745098039215686,0.4697123786739073,0.23819653888178222,81.44115030674179,23.631801908312074,0.46985834748566796,0.3337099294726025,128.8839121461354,34.067833104296355,10.442483854242461,5.295503427931314,12.127540749835184,7.2517995288853525,0.049332959132636356,0.03503800326401357,4.557581162344154,2.725861213144325,-0.46985834748566796,-0.4397083250937708
stage2_soh,134,-1.1293545551365247,0.9844928259147325,0.16098532302595484,0.09701815392139242,224.3570809252862,7.172578949655497,0.23408617303354012,0.140995221967223,67.92705206959634,12.32606084171702,0.1132020818544369,0.9745098039215686,0.47473431577908715,0.24345063041238224,87.71051008635693,24.985353840476122,0.4819552708273694,0.3378419414016546,131.27876695452798,32.30306194026119,10.554129830628936,5.412310581559881,11.90407964336291,7.514878862513403,0.050603080283064567,0.03547184545650056,4.611378621390156,2.7114483844113293,-0.4819552708273694,-0.4397083250937708
stage2_soh,135,-1.1392491059538197,0.9848889410521992,0.16044676430452925,0.09690491970524139,221.09162808395754,7.25681836680546,0.2310487935958961,0.1399291201853687,67.1826334649851,12.253990322762435,0.09848532136164459,0.9745098039215686,0.47456763625997256,0.24057700303291865,78.72115775916377,24.602624328920655,0.45761746679170845,0.3142291565261343,127.7618542199667,29.959045201320972,10.550424268957128,5.348425087211456,12.03986922202577,7.18726050395389,0.0480477231242647,0.032992611965161324,4.246503881880545,2.493188226529661,-0.45761746679170845,-0.4397083250937708
stage2_soh,136,-1.139295887014563,0.984360787535577,0.16101321089824464,0.09701144757414445,228.44752470567607,7.2143427363595345,0.23192910575588377,0.1398299065476843,66.70303161096166,12.176934768754656,0.11700847169347837,0.9745098039215686,0.4729199500247185,0.24097946952918872,88.60253735505651,24.849387170395655,0.4889554375446513,0.34861231052919345,149.3959723359437,32.50681849445347,10.513793475966162,5.357372583764642,11.829360401718326,7.349305726056878,0.05133806549814759,0.03660268453354493,4.746490909357217,2.9675421652097986,-0.4889554375446513,-0.4397083250937708
stage2_soh,137,-1.140363819704576,0.9846835480179572,0.16041956159723492,0.09687280788050953,225.25246674702464,7.199492876901075,0.23272862110921988,0.14061213669818284,66.56944358074615,12.367511556257018,0.12502445111087723,0.9745098039215686,0.47131169186329613,0.24029235862122447,82.91577832046346,25.126379107417424,0.5078243329677834,0.35682340135943946,145.99255169918348,32.678102132189544,10.478039234335318,5.342096970669778,11.903452502409468,7.45443797916059,0.05331921247950617,0.03746481119476222,4.892634064786624,2.8103339769394458,-0.5078243329677834,-0.4397083250937708
stage2_soh,138,-1.1442954470820907,0.9844341421906634,0.15998445061550598,0.09652492893938315,224.82825388604348,7.201158699126783,0.23235579224499847,0.1400496508081593,65.86541646147491,12.234284336716062,0.1257699760444024,0.9745098039215686,0.47456197378950704,0.23720706141937306,76.30846107280517,23.44405250540234,0.5108906532483513,0.3510650235703032,135.437753466685,32.581960976671255,10.550298382863646,5.27350570571987,11.635696413445974,6.975631980040081,0.05364116196470383,0.036860208089034896,4.789885134699204,2.7980972033137497,-0.5108906532483513,-0.4397083250937708
stage2_soh,139,-1.1537333715549989,0.9847862445350782,0.16125640142464462,0.09706103319374494,228.1857913649153,7.247134605912778,0.2308101310265962,0.13978571002676984,66.57999229031883,12.091663739007508,0.12673559758593053,0.9745098039215686,0.46695316101736334,0.2366419260184664,77.2973982038548,22.94346442782372,0.5101892189197598,0.36212061835343345,136.73111949712785,32.73666220729273,10.381141877456272,5.260941810094873,11.53581950537986,7.380012520025344,0.05356751459576422,0.03802099454423305,4.93301470180791,2.95036508948969,-0.5101892189197598,-0.4397083250937708
stage2_soh,140,-1.1578880364036992,0.9843021038115078,0.1611936571179404,0.09698868123552298,225.52568555747018,7.250735932751644,0.23208871114622442,0.13946865702801944,65.97494979995021,12.052289825960875,0.11072908888260523,0.9745098039215686,0.470377412277412,0.2394967423614991,85.06443132524917,26.141970562442516,0.47498137257717804,0.33402359801545445,132.16485532663987,29.323162759708254,10.45726865230704,5.324409103959068,11.9883645055224,7.073059280393526,0.049870853135855375,0.035070937014128944,4.581295279033753,2.778646101729289,-0.47498137257717804,-0.4397083250937708
stage2_soh,141,-1.1499466805638416,0.9852263724655966,0.15948735913403816,0.09628296864852987,221.03614019623475,7.171813217929684,0.22986714626999413,0.1392019024185841,66.45421943517263,12.215971192839294,0.11061221673792483,0.9745098039215686,0.4741971807309476,0.24100965049126935,85.5584943946562,24.770716446887636,0.4750077654700472,0.3364958811094802,129.05066841984433,32.213832617128475,10.542188429204556,5.358043556520612,11.666297085584079,7.01279384573949,0.04987362426786202,0.03533051533490273,4.623409867822994,2.763130780012905,-0.4750077654700472,-0.4397083250937708
stage2_soh,142,-1.1563650479615706,0.9847569026730436,0.16115497059137682,0.09715012792861531,222.92976731827545,7.270662348407889,0.2313873684952433,0.1391847318136058,67.02020809056711,12.151181077488655,0.10190874907900305,0.9745098039215686,0.472501143720539,0.23742848992365978,89.60989548735597,23.29516175669645,0.45480144516054793,0.32888020498349385,116.52322631387506,32.21284863626691,10.504482718430252,5.2784284279768645,11.802397274389717,7.178066666584384,0.04775205384268213,0.03453090447111545,4.515658965085254,2.827958554926488,-0.45480144516054793,-0.4397083250937708
stage2_soh,143,-1.1609101374661894,0.9844928259147325,0.16071730055415576,0.09656006621854327,224.0315998127859,7.208882999761567,0.2315758034681425,0.13887593950114777,64.74521042842291,12.072708894225809,0.11133238232018901,0.9745098039215686,0.46860817223002266,0.2353358270271736,80.89371191410034,23.112578543643732,0.47538856527307455,0.3468506387471422,128.10736603040024,35.076429353867844,10.417935516822508,5.231905067083921,11.341852316078349,7.149903432313224,0.04991360649063403,0.03641771712263456,4.753066934783975,2.9655934423457504,-0.47538856527307455,-0.4397083250937708
stage2_soh,144,-1.1628008592870642,0.9850503212933893,0.16054408784801968,0.09680205542009784,223.07944881119528,7.201877125005135,0.2303933918700356,0.13955215164872262,66.1754263461161,12.226874214409875,0.12016583248680714,0.9745098039215686,0.47359189982620997,0.24191034032926695,89.2189010582783,25.14124997069571,0.497806822713309,0.3526688083531518,148.45061197831473,31.794939760877938,10.528732032562747,5.378067382840718,11.911258027425232,7.53288709009094,0.05226742011136096,0.03702859809332705,4.783613082434338,3.035557748898264,-0.497806822713309,-0.4397083250937708
stage2_soh,145,-1.159727221104584,0.9846101933628708,0.16128128713989887,0.09734787039721034,226.37710448954866,7.288969850670471,0.2316238234656823,0.13926958821023364,66.67986739167407,12.066090398710902,0.1174153866428955,0.9745098039215686,0.4727740597901842,0.24183657312236143,78.94911124868963,24.188864389203275,0.4903925060004634,0.3463695835285619,138.0077378944716,33.00115572831862,10.510550094510224,5.376427415699,11.928391881048531,7.340679971409632,0.051488951057126704,0.036367208543685685,4.724629292847612,2.918079856285063,-0.4903925060004634,-0.4397083250937708
stage2_soh,146,-1.1665488102567514,0.9851236759484757,0.16022169484293858,0.0966362016193094,221.53598269656754,7.2089520433913155,0.2298630584772261,0.13840911520404425,66.77042212720211,12.022145922706219,0.10227459639895196,0.9745098039215686,0.46923471468779515,0.24237006577097026,78.94862625978679,26.207822780404978,0.4545500020586478,0.3279399708205578,148.6062576366553,30.925058380836663,10.431864592989838,5.388287840551295,11.914971152828901,7.419220420594757,0.047725653476834426,0.03443218422110086,4.473826490268121,2.9959505434052605,-0.4545500020586478,-0.4397083250937708
stage2_soh,147,-1.1716011981093013,0.9850649922244066,0.16081724129076264,0.09705291977960827,224.18429572660278,7.262226900909576,0.2305319303848139,0.1383670423929533,64.94146087416568,11.89694039688608,0.1167302958813368,0.9745098039215686,0.4773458076246111,0.2462647999828572,86.27948764443765,26.17846523054275,0.48999304128915366,0.34219190373322833,123.34662959224244,33.360941222936255,10.612187618054849,5.474874230373545,12.446831786889689,7.560487244744103,0.05144700910508215,0.03592857143589497,4.695876983564061,2.705607680707698,-0.48999304128915366,-0.4397083250937708
stage2_soh,148,-1.1700848725731148,0.9844341421906634,0.1606201037904804,0.09697461738671845,227.90772726545657,7.207515239344695,0.23142899536187467,0.1386562184891005,65.21355949009737,12.015463964746242,0.11309396341150882,0.9745098039215686,0.47196587318566563,0.24245164308733508,82.6946450154766,24.11989964600858,0.47983877028788324,0.3470507787869257,146.58510485709883,32.801764476702864,10.49258276822275,5.390101439357051,11.948158908604,7.278963372393406,0.05038085748937064,0.03643873090360977,4.740071514494273,3.1174792371080855,-0.47983877028788324,-0.4397083250937708
stage2_soh,149,-1.1894862076048385,0.9847715736040609,0.16022365080782533,0.0966634495655304,226.86087925749212,7.18784695094383,0.22775882620980284,0.1370473628930602,65.08673922020706,11.958611789893055,0.11790586745037752,0.9745098039215686,0.47297707070287653,0.23944634433525305,89.28524202615631,23.88246400858369,0.4898824468902891,0.35500467744308944,148.24646562140796,34.103611228400794,10.515063363213104,5.323288672394444,11.945699080914356,7.148750912340211,0.05143539720334905,0.03727385357291943,4.829396438529773,2.9329760182783335,-0.4898824468902891,-0.4397083250937708
stage2_soh,150,-1.1811380814870778,0.9847862445350782,0.16167462028129362,0.09739899344942726,225.51670122215137,7.182449414574883,0.22870706237594807,0.13784770034941002,65.91665157248379,11.903974206340163,0.11476966385163513,0.9745098039215686,0.4761076825960524,0.24332288155313947,81.75088735351947,26.41240375033519,0.4836279432086673,0.3446589136313574,142.21176993526498,29.397568303838504,10.584662048776135,5.409470512912325,11.901002931980686,7.41612487652423,0.05077870316743052,0.03618759609542371,4.7011903350437025,2.883192319074591,-0.4836279432086673,-0.4397083250937708
stage2_soh,151,-1.188085121551746,0.9842874328804906,0.16064025560585318,0.09711024809259247,226.59102730434475,7.245874961735835,0.2276802759163989,0.13737323683101516,65.07508772887279,11.820223461585378,0.10911465351488076,0.9745098039215686,0.468729235278112,0.24174521629534224,82.23021298059784,26.000504310899984,0.47287279388187514,0.33481101993033113,134.3149515065463,31.613594324809323,10.420626948818802,5.374396402180013,12.11452573435929,7.498874141936132,0.04964946209925897,0.03515361268298665,4.564474162420299,2.7771719087168556,-0.47287279388187514,-0.4397083250937708
stage2_soh,152,-1.1911435899437601,0.9848155863971128,0.16114574882300714,0.0970727518147799,224.32692273680243,7.254383076624373,0.2276474792074263,0.13744958308926608,66.62143641263307,11.913311198806081,0.1271339026736278,0.9745098039215686,0.4740392599315048,0.23962253166691344,81.68196227959167,26.57707323243098,0.5100274472027818,0.3695340833772777,144.80671031021907,35.30023009901293,10.538677588372375,5.3272056084806945,11.737519573570262,7.389496526295401,0.05355052931169893,0.03879937417505082,5.035667852530361,3.144162849724562,-0.5100274472027818,-0.4397083250937708
stage2_soh,153,-1.1959648372414757,0.9849476247762683,0.1606638848844957,0.09690019939605854,225.72885827241853,7.206378901731306,0.22678339229198988,0.13594968628054355,65.21375418352227,11.712508744839479,0.12464386490630168,0.9745098039215686,0.47470261336399344,0.24204004535214135,81.63019384635881,24.31376630806468,0.5051423601872446,0.36034776286459436,134.65684490368457,33.84097718344327,10.5534250334535,5.380950940244515,12.033314549565828,7.531124807351515,0.05303761770890098,0.03783485289569794,4.915757742094027,2.9243579388041634,-0.5051423601872446,-0.4397083250937708
stage2_soh,154,-1.1887462420879242,0.9848009154660955,0.1607072941464914,0.09702081810600058,228.52121579196256,7.198763410769272,0.22705961026702806,0.13682441696187844,65.73090438132392,11.895054857889694,0.12554584759123186,0.9745098039215686,0.47121866458411554,0.23928036986138015,77.6198600925222,25.650830914817234,0.5068121378504133,0.3575158999648457,141.34553901828036,33.016362352330425,10.475971083899108,5.319598785045665,11.743878631839536,7.387839828745432,0.05321293666121607,0.0375375203539859,4.9111320120120405,2.8670934560437065,-0.5068121378504133,-0.4397083250937708
stage2_soh,155,-1.2057295189242119,0.9845955224318536,0.16097872292952572,0.09702805398911929,228.03995867274145,7.185597301786729,0.2253285167050339,0.135593885611627,63.97408238362537,11.70271292615204,0.11491926873431486,0.9745098039215686,0.46702042285116036,0.23911180348482494,80.2068330824883,25.098849782851616,0.48472734797163003,0.3408248577632156,140.80378640302317,29.736911919604523,10.382637219383207,5.31585127540899,12.128838387348468,7.307504859935987,0.050894135596228914,0.03578503791492645,4.663204226651635,2.7055802169122796,-0.48472734797163003,-0.4397083250937708
stage2_soh,156,-1.2069201882374314,0.9847128898799918,0.16039707010277615,0.09696106578108894,223.05084454135158,7.229645914857816,0.22595062760340684,0.13534995209395417,63.99013572477199,11.596865625419834,0.11673646285837772,0.9745098039215686,0.4708104982542245,0.23652658197919235,78.23247025157562,24.045984887212807,0.4876282544818147,0.35238999412486366,143.94644427578328,34.57768326941953,10.466896870607632,5.258377521133183,11.810390237868532,6.88082394552411,0.05119871739855371,0.03699932388546559,4.838988743567043,2.955680589388623,-0.4876282544818147,-0.4397083250937708
stage2_soh,157,-1.2056809956050634,0.9844928259147325,0.1603820806693363,0.09681081059088974,222.22048284250792,7.266857075092362,0.2248264470732459,0.13558833119346592,64.99155754044199,11.728738558603666,0.12687249846902549,0.9745098039215686,0.46801172459439633,0.23573747356239633,79.95728616012302,24.171335415413076,0.5113766542873763,0.35984612087920015,140.6836531837066,32.62561501749672,10.40467549837779,5.240834334545461,11.557429931100206,7.290462709451501,0.0536921898319854,0.03778218280119584,4.910042734627575,2.935297343263504,-0.5113766542873763,-0.4397083250937708
stage2_soh,158,-1.210643683343191,0.9847862445350782,0.16036443280039642,0.09674633340507861,225.37789181041933,7.139549864924637,0.226228385446425,0.13569200099920956,63.86320715131651,11.72133200000401,0.10591861100173464,0.9745098039215686,0.4704380836959235,0.23541214244860206,81.92368891997994,24.003966090119437,0.46562738231162637,0.32926578671470574,142.62867429023032,30.60129568852179,10.4586174783908,5.233601685253419,11.506541563704491,7.254452187290767,0.048888727305875054,0.034571388774288864,4.5071292182986715,2.7447235539015167,-0.46562738231162637,-0.4397083250937708
stage2_soh,159,-1.2168908647040568,0.9847715736040609,0.1607584495065667,0.09714332885029203,224.76295998876398,7.27433042309703,0.2274134212922527,0.1357418286754354,64.08758928054048,11.627859661187365,0.13031943452124503,0.9745098039215686,0.46317103326634396,0.2346775919737696,77.75417367960674,24.380707166480086,0.5222878843968781,0.35926335987945396,126.25708166791827,31.593024646870514,10.29705891569528,5.217271412044057,11.420987771204148,7.264345900436265,0.0548378186623751,0.03772099558437099,4.892529614505536,2.8380083202436417,-0.5222878843968781,-0.4397083250937708
stage2_soh,160,-1.1963563600212876,0.9844194712596461,0.16087250120382732,0.09675684971460452,227.55660605777865,7.167033185528592,0.2275113598312104,0.13662967809383744,65.38215929204955,11.775345973254844,0.1176365788952977,0.9745098039215686,0.47350097876915453,0.24055320297860924,82.15232009844631,24.45310998187946,0.4937926641474791,0.3352480874122942,126.40300740450856,29.408475889855158,10.526710706931533,5.347895972599747,11.948799919800003,7.44803486049571,0.05184595197838062,0.03519950275249647,4.584894614937675,2.6028321048694423,-0.4937926641474791,-0.4397083250937708
stage2_soh,161,-1.210732314837853,0.985241043396614,0.16011275627176913,0.09657608046135627,225.57471023989953,7.241793443202479,0.22612687551384172,0.13531297291402614,65.86402284890076,11.623160918363146,0.1173442060748736,0.9745098039215686,0.4725803487221293,0.24016451699768795,83.95754403494064,25.677219097785432,0.48954079102605613,0.3543225748281853,142.11832317196692,34.35814571377169,10.506243576750862,5.3392548397183885,11.8634592310265,7.294561189932204,0.051399524913588054,0.03720223594474403,4.848948386819479,2.9981853199913804,-0.48954079102605613,-0.4397083250937708
stage2_soh,162,-1.2242457343359472,0.9848595991901646,0.16103839843079676,0.09731053417874894,225.87584367219708,7.294513954396478,0.22574617007189185,0.1351792479403793,64.90038915208747,11.551702533023569,0.11247749208819632,0.9745098039215686,0.4666841216438036,0.2379957104129169,82.23312505687973,24.964173615210438,0.4805121879856388,0.3399364256281771,141.02475034525216,30.975097218919956,10.375160686748703,5.291038678568057,11.965809955773711,7.344313951132145,0.05045156324130705,0.03569175663888972,4.6275110904467756,2.797674635476083,-0.4805121879856388,-0.4397083250937708
stage2_soh,163,-1.212803702913943,0.9831871130541944,0.1586639760580473,0.09603190357714055,226.3142158301581,7.154695659814125,0.22753899108268222,0.1362373656604911,64.66181405894818,11.731545990919145,0.13076021443395053,0.9666666666666667,0.4719565180623196,0.23823698876316057,83.88016808611661,23.779204627277316,0.51654777083378,0.3672049951027421,148.81975628394625,31.675273661475696,10.492374788342016,5.296402695764944,11.726753362832184,7.3083866411212535,0.054235133216132936,0.038554830649797235,4.9969091726237025,3.0238692201890682,-0.51654777083378,-0.4397083250937708
stage2_soh,164,-1.21047315927099,0.9825709339514686,0.15850611137364026,0.09606124575075288,230.12627232306173,7.157280711165692,0.2256265738667986,0.1352904687014614,64.82970640954406,11.723839258074602,0.11861561066379735,0.9666666666666667,0.47295666664828623,0.23975742536633476,87.30743271735409,23.620792739112783,0.4921976343997517,0.3496359695826529,131.31349400984527,33.25630660423377,10.51460974729772,5.330204518754728,11.792770162972865,7.259508871925357,0.05167848121239115,0.036710164012243786,4.784320287315542,2.8880046309605274,-0.4921976343997517,-0.4397083250937708
stage2_soh,165,-1.2244814937549355,0.9832898095713154,0.1595129330879228,0.09646970666433834,228.63119497550204,7.180808787310646,0.22594199593215045,0.13511341287264397,64.64654215550051,11.572957738010809,0.11932282529625238,0.9666666666666667,0.4777062116290915,0.24381456456019307,83.35512831093432,25.476164390870427,0.49211743415688297,0.3648252095004507,142.80627047027903,36.070730838140214,10.620199995775051,5.42040144021098,11.850289149636602,7.391772577782005,0.05167006055683604,0.03830496413898494,4.997917508319903,3.3656252994848064,-0.49211743415688297,-0.4397083250937708
stage2_soh,166,-1.2272433381465249,0.9829523781579179,0.1587587788465074,0.09615088933762882,224.84208143725797,7.224158003865388,0.2257013376079655,0.13495396390676065,64.1292059364769,11.507134039773153,0.11166773096603506,0.9666666666666667,0.47291721448506485,0.23845140348900767,85.42904727276606,24.278095014869184,0.4785550080608487,0.3350717050333818,137.24854999983916,31.08093141873486,10.513732660390584,5.301169490114906,11.736135665752933,7.1151905115232115,0.05024606837724521,0.03518098341632384,4.5410205024953285,2.9844154095006616,-0.4785550080608487,-0.4397083250937708
stage2_soh,167,-1.2226512002740673,0.982746985123676,0.15828714303658062,0.09619691327708253,224.44198982146386,7.227218883426494,0.22629686878080738,0.1350924816513033,64.10558065736639,11.53443167576516,0.11166023138691397,0.9666666666666667,0.47367586615156543,0.23746695860435127,81.78127630290271,24.20804711160929,0.47792249429920686,0.33878761785762274,125.64799317469699,31.658973506644074,10.530598742993712,5.279283650439063,11.656943940667832,7.314996594578589,0.05017965734991988,0.035571137122179436,4.650299951363381,2.7785451097547966,-0.47792249429920686,-0.4397083250937708
stage2_soh,168,-1.2306958217302688,0.9828643525718143,0.15841924765055487,0.09610054711720041,224.39413392659856,7.253147439038873,0.22569465700158556,0.13470309896065105,63.543448528352585,11.532824584803372,0.11650456701423607,0.9666666666666667,0.4774514330048978,0.24647215199656786,85.23211255168007,27.407376370858604,0.48774848875264876,0.3481562761955109,147.8229014751954,32.67585069119831,10.614535845136611,5.479484008939379,12.017639999958803,7.5050401952443,0.05121134144237702,0.036554803032094484,4.817556469365777,2.875423454646438,-0.48774848875264876,-0.4397083250937708
stage2_soh,169,-1.2252433226039363,0.9825856048824858,0.1588134952517459,0.09616937129815958,224.29982291691212,7.164313136636501,0.22579860612055344,0.13468496018663598,64.32207869772316,11.448334785216119,0.1057022670320436,0.9666666666666667,0.4738358884947499,0.24022744123495238,83.48904580131334,25.636856204771487,0.463227221446734,0.32680145203519395,142.89249928106028,29.323133588917816,10.534156304622682,5.34065374969289,11.801193436522947,7.4191703255019394,0.048636721486476284,0.034312645000374745,4.462535941128898,2.7327040756207133,-0.463227221446734,-0.4397083250937708
stage2_soh,170,-1.2322505805341366,0.9832604677092809,0.15903440504717806,0.09616677671022751,228.26465782754164,7.192010218317825,0.22451456451574792,0.13344543196802697,64.10726538131098,11.349731497762939,0.11249248011439454,0.9666666666666667,0.4706853686204227,0.23379660239351877,85.4085443983037,23.229438560003523,0.4799008925723977,0.34355457732819167,136.21419091460973,30.84640569897683,10.464115031678134,5.197685555070268,11.453275891905745,7.132121998203522,0.050387380042688217,0.03607164587765213,4.676534804149491,3.027450149257137,-0.4799008925723977,-0.4397083250937708
stage2_soh,171,-1.2417346871321389,0.9827763269857105,0.15802243913048483,0.09583413168888628,227.37668709361654,7.1581958870445686,0.2249856795856765,0.13369170247149276,63.8569772025757,11.383800068464026,0.11655670544680427,0.9666666666666667,0.4743079322332719,0.2426979778836682,87.5081467864909,25.86678575066199,0.48700785078406844,0.3466316512429758,149.19832663883946,30.58553209602517,10.544650618466248,5.395577869722182,11.980572609891542,7.353618408392817,0.05113357787207636,0.036394724444838336,4.730275729401452,2.9105725350069314,-0.48700785078406844,-0.4397083250937708
stage2_soh,172,-1.2418565767331358,0.9832311258472463,0.158092119032629,0.09588464768601394,224.40225899824813,7.197168128422751,0.22488745108226618,0.13415972631975806,64.14508971067842,11.48393389435465,0.12023176118439319,0.9666666666666667,0.4755787797598661,0.23893153456532779,84.40496467845176,24.330854772144907,0.4953270051822677,0.35311766197795375,133.74025120874194,32.02785933319829,10.572903663053088,5.311843598867474,12.178138316789692,7.3873577709184,0.05200705070945523,0.03707572565346807,4.788528034375706,2.8932610008965307,-0.4953270051822677,-0.4397083250937708
stage2_soh,173,-1.2358710445088297,0.9835098735365746,0.15868659154252385,0.09622108906731523,226.81751141640504,7.218017214006636,0.22397490522463978,0.1341367046744674,64.12265138260415,11.464961306293675,0.12000052283207575,0.9666666666666667,0.4745858602176729,0.23962933009116016,80.97450350814658,25.58102106939641,0.4969189314949939,0.3443973318710193,135.20031438842892,29.06307778086916,10.550829417709188,5.327356748707467,11.709175417789094,7.131614304068245,0.05217419562908505,0.036160131217207424,4.695184929751504,2.676046223780866,-0.4969189314949939,-0.4397083250937708
stage2_soh,174,-1.2404058683870307,0.983113758399108,0.15908980356490546,0.09614447231758583,230.6706566924023,7.1706127742126515,0.22642101564245382,0.13455521724538425,64.18937245185143,11.432894825853772,0.12555099208565318,0.9666666666666667,0.4745851680449512,0.23622626398196991,80.0245138725069,25.579536494527556,0.5069904762682239,0.35292588660091745,142.40492349885733,30.112286909895086,10.550814029563593,5.251700954835341,11.441199680945202,7.291923341942158,0.053231661372450244,0.037055590123496955,4.832265306239699,2.542242862771061,-0.5069904762682239,-0.4397083250937708
stage2_soh,175,-1.2428829823261953,0.9834071770194537,0.158192652092243,0.09618932543869142,226.00164765457092,7.197584422787131,0.22492362949421804,0.13397370903096192,63.420369133451224,11.398867940367923,0.1190626406494309,0.9666666666666667,0.46872980851603674,0.2413911598798472,81.90821976830675,25.663063618571858,0.4951659614497019,0.35437067733054944,145.77762339919448,33.60991134959143,10.420639692846947,5.366525141872297,12.091079313681924,7.5403677514389065,0.05199014186039519,0.037207286485606,4.8266941035867985,3.0395220359796764,-0.4951659614497019,-0.4397083250937708
stage2_soh,176,-1.2367640836117626,0.9831284293301253,0.15894360084583925,0.0963426585079007,229.0607043763817,7.182591337890837,0.22300847058399775,0.1337295190738993,63.969514520087934,11.433216039719326,0.11540973069621067,0.9666666666666667,0.4751518245143019,0.2399843618246343,88.13169565965994,24.392440343774087,0.48711209770426955,0.3370570307341861,135.80475625942603,30.484457503257524,10.563411741058449,5.3352496919486345,11.773915756188487,7.463808291437915,0.05114452331782933,0.035389433457036885,4.616761366776403,2.616891217538621,-0.48711209770426955,-0.4397083250937708
stage2_soh,177,-1.2368444095303317,0.9824975792963822,0.1590209418246274,0.09645057805483782,229.25762945089957,7.213563456178814,0.22489655703421696,0.13407346772512505,62.775857607466975,11.338784774697107,0.10753837163541831,0.9666666666666667,0.4683755248025251,0.233219862729311,86.76850354516269,23.233946863005624,0.4675609940978118,0.3397246703980308,142.75683019520972,30.944439461105045,10.412763379328,5.184863677459561,11.585874062736453,7.2223851862696336,0.04909174762409806,0.03566952331650473,4.6194425703229545,2.9537828086513156,-0.4675609940978118,-0.4397083250937708
stage2_soh,178,-1.2605374677056511,0.9829963909509698,0.15832207374455337,0.09612631231500916,226.3820772796206,7.23147293222905,0.2237578808388354,0.1329987787495356,63.490865161715774,11.341569115109838,0.12498917708209917,0.9666666666666667,0.4711133297640932,0.23714221187721135,79.18501784424423,26.803557322658726,0.5050778348563791,0.3592034165254411,152.04481835806124,32.25592417356474,10.473629316453085,5.2720639930298825,11.57527162276486,7.3603234211632005,0.05303084284680129,0.03771470180870517,4.902868509994955,2.9564196840320736,-0.5050778348563791,-0.4397083250937708
stage2_soh,179,-1.2631696806747006,0.9831724421231771,0.1586485736553127,0.09629194073683787,227.80201730658374,7.158071710194756,0.22190226820966819,0.13286741769587848,63.35074013342095,11.260178089278245,0.12690036229643167,0.9666666666666667,0.4740605772124561,0.2390534303105418,81.2499921349901,23.282316289854034,0.5094801071387379,0.3619462114813573,144.55014080212817,32.31223673424128,10.539151506821742,5.3145535430995,11.7497814054675,7.10719397138369,0.053493061129733836,0.03800268262716566,4.961529087188759,3.0423274156656617,-0.5094801071387379,-0.4397083250937708
stage2_soh,180,-1.2669729198362516,0.9833925060884364,0.15870872087691953,0.09634418684366793,227.97648031013495,7.183777673000533,0.2235661280689815,0.13223042119090916,62.75616641935115,11.164975700382016,0.11586462379086251,0.9666666666666667,0.47640775930217877,0.2422091290299945,84.83611061937299,25.26495796465725,0.48588362444711397,0.34556614201990704,143.8558511658261,33.124289452654,10.591333250773422,5.384709950345509,11.83186880311909,7.266178383153879,0.05101553929250531,0.036282850891376145,4.729025867957752,2.8101538606875436,-0.48588362444711397,-0.4397083250937708
stage2_soh,181,-1.2684508650512967,0.9827029723306241,0.1589784870092114,0.09638906094947644,226.09902464651822,7.264562684276438,0.22199669188146062,0.13200509050742582,62.722258356959266,11.205697194967078,0.12350701347869986,0.9666666666666667,0.4728008846883939,0.23760786968758146,81.38793151512527,22.696038519519384,0.5042665882976066,0.35639310416528114,160.3912146238351,34.2864990673273,10.511146456409897,5.282416337117812,11.599012406132552,7.239034372601874,0.05294566570023238,0.03741963197424204,4.809090294923979,2.9297904576985454,-0.5042665882976066,-0.4397083250937708
stage2_soh,182,-1.2651290290145323,0.9828496816407969,0.15893826792365923,0.0962367968504963,225.09980404997984,7.258425222823863,0.22301174710949642,0.13274682979033117,63.411439008850834,11.210885032281224,0.1060484687779464,0.9666666666666667,0.4688819351491593,0.23622878166463446,83.08666177404939,25.323052121854527,0.4651746438692543,0.3239369401343021,112.3546533598744,29.67942842671659,10.424021719768756,5.2517569270893585,11.57337323159355,7.3887385602501245,0.048841191857808997,0.03401188446414535,4.410963705005852,2.5951068895910328,-0.4651746438692543,-0.4397083250937708
stage2_soh,183,-1.2518036461769109,0.9830697456060562,0.1583528150419076,0.09595528632670161,226.20932465189554,7.158626381437449,0.22476790145116382,0.13343144571208393,63.445644974100276,11.418803353399692,0.1184656824259197,0.9666666666666667,0.4695053720947645,0.23273373743628753,78.17455344470396,24.00287147927303,0.49413602804599793,0.34650724609473754,130.96245106753267,30.770203191877254,10.437881755258987,5.174056307345391,11.336233227946446,7.263037667848354,0.051882003603862865,0.03638166247812695,4.724108995818832,2.8862032650854825,-0.49413602804599793,-0.4397083250937708
stage2_soh,184,-1.2678460569043963,0.983113758399108,0.15847364259331492,0.09590398983304009,225.46171723704995,7.157464376682103,0.22250039402550945,0.13205680772605527,63.2591605298544,11.11318340492997,0.1122858956748364,0.9666666666666667,0.4707413510424524,0.2367434933306832,80.91628465751555,24.487821868905623,0.4794560137575494,0.34172894713085367,140.84483835545072,30.849413916754987,10.465359613606795,5.263199819604729,11.430007923407965,7.27033455905355,0.0503406698192574,0.03587996312816277,4.687926904515209,2.8526906309299735,-0.4794560137575494,-0.4397083250937708
stage2_soh,185,-1.2716413703988525,0.9828203397787624,0.15914156417458888,0.09674059223555284,228.36141616209633,7.252931617006057,0.22277020055019447,0.13210524227628176,63.56157547119752,11.132093334912533,0.11998243927955628,0.9666666666666667,0.47335192246971963,0.2402872742555451,86.54374077503722,24.642829291139996,0.4943093471473259,0.35139303154622514,137.13659561098365,33.404921009699606,10.52339693861098,5.341983936802827,11.964704781994955,7.158335827598925,0.051900201310019344,0.036894647413477956,4.806927537895268,3.01067270656515,-0.4943093471473259,-0.4397083250937708
stage2_soh,186,-1.2715458082434319,0.9835685572606437,0.15783643819580387,0.09590039408973122,224.79359789768705,7.231301516077737,0.22104918500905557,0.13169954014157745,62.50261603946704,11.090894858871723,0.11164820518563776,0.9666666666666667,0.4695078999260237,0.23221766737508862,81.66460097286036,23.660589465339488,0.47718274026200125,0.3314363872303682,126.56346608364973,29.055358224758837,10.437937953133066,5.162583215456815,11.58374458697448,7.134300955755267,0.050101986588336186,0.034799291815929986,4.5386021957098865,2.7497244036487922,-0.47718274026200125,-0.4397083250937708
stage2_soh,187,-1.273182208260818,0.9832457967782635,0.15854106122096662,0.09606041953136783,229.25558106256128,7.197089027475255,0.22084821009651445,0.13185751604463866,62.96223394296367,11.176737942860994,0.12691657785691468,0.9666666666666667,0.47308842030527987,0.24091883125514085,84.0747397816234,24.746678329742718,0.5110649020344628,0.3586530174585242,142.4598174648907,32.94962994673887,10.517538849229796,5.356024494537183,11.723295503512634,7.374019562412196,0.053659457283474155,0.037656912445548904,4.876794601765284,3.0444497987298966,-0.5110649020344628,-0.4397083250937708
stage2_soh,188,-1.2709502905370247,0.982908365364866,0.15882268280742914,0.09633973065036561,228.16323488373615,7.1689768027062595,0.22188544299173835,0.1319121769836624,62.72334314440144,11.163154503001698,0.11339441885550818,0.9666666666666667,0.4698899753965311,0.23885023551901766,80.80685310657736,24.39595541445402,0.48158389268497115,0.33309793479046695,119.03968485007393,31.519911140364666,10.446432123423277,5.31003618646575,11.702436429234863,7.3935301046558575,0.050564087291198545,0.034973746645386404,4.581388444572322,2.5870369796867547,-0.48158389268497115,-0.4397083250937708
stage2_soh,189,-1.2811255876294836,0.9823361990551921,0.15927591004580188,0.09647046693605926,227.13766791789322,7.214625556824098,0.22078764787861974,0.13066454165034816,61.668541361781095,11.06506492513608,0.11835992488206602,0.9666666666666667,0.47659774964176016,0.24137241613832028,83.66874345147485,25.40695804534555,0.49285594721703846,0.3461802263159816,131.3909309364439,32.518635956407735,10.595557050578616,5.366108437465198,12.152454587924437,7.3684315279769805,0.051747601021553825,0.03634732690982799,4.7197305804669645,2.9151276587274615,-0.49285594721703846,-0.4397083250937708
stage2_soh,190,-1.2746065988887914,0.9832898095713154,0.15793537565384713,0.09583412511940854,224.89633414060293,7.160969164959676,0.21871157215325002,0.13017680226944636,62.24892781430054,10.943998894016074,0.11717268558693868,0.9666666666666667,0.46736385788900797,0.23271712394723412,81.0129865853725,23.95332696146157,0.49082015319257877,0.33944872516006525,118.0964560101338,29.95429695373642,10.390272348880602,5.173686961977715,11.302299432828496,7.263895375498172,0.051533852039656255,0.03564055033939311,4.600747619918675,2.7998959963062653,-0.49082015319257877,-0.4397083250937708
stage2_soh,191,-1.2744446490866657,0.9833631642264018,0.1586316560217087,0.09614777046650079,226.66394443473504,7.195658444649071,0.22109573125094945,0.13138207906022792,62.63288483704078,11.004141015658888,0.12894083059885922,0.9666666666666667,0.47660929468914415,0.24123285832887917,88.31280186003494,24.820038988094524,0.5169677892391287,0.3575852072085528,126.35983214840994,33.609902288776375,10.595813716096448,5.363005836303319,11.806708070479651,7.416954116332879,0.05427923321124189,0.03754479729487605,4.824162211757047,2.733763772797121,-0.5169677892391287,-0.4397083250937708
stage2_soh,192,-1.2798399124125641,0.9829963909509698,0.1595442607529862,0.09621692395622643,225.29861615280254,7.223476170351891,0.21998545530404784,0.1304583587147696,61.76317673621686,11.078073744871396,0.11614255931447534,0.9666666666666667,0.474791988892792,0.24263505855867384,87.18421281389477,25.622813731824774,0.48613883493224547,0.3403337564228066,153.50629484473396,29.041078024291032,10.55541199943272,5.394179068955575,11.888815477053704,7.24035918532967,0.05104233521621421,0.035733474539526126,4.628423086540172,2.606965186222247,-0.48613883493224547,-0.4397083250937708
stage2_soh,193,-1.2847479446327241,0.9827176432616413,0.1592263533464677,0.09649905024234008,224.17462617475846,7.21599015553329,0.22154834261782694,0.13105280884433124,63.00124654549012,11.070134644893802,0.12301586007370668,0.9666666666666667,0.4774499603409683,0.24381318657805084,83.3016669420951,24.762034165880024,0.5046681515425437,0.3577275856233695,137.75104056236555,33.467023926397964,10.614503105379255,5.4203708053865105,12.039310781765098,7.303119792814261,0.052987827988627716,0.037559746371671456,4.838204233578434,2.965200062470881,-0.5046681515425437,-0.4397083250937708
stage2_soh,194,-1.2923374633330709,0.9829377072269007,0.15899822059320612,0.0966125507368731,228.5707218103266,7.238788350529011,0.22038427439229494,0.13056174317807448,62.763708151661085,11.164845267055156,0.11942263192990248,0.9666666666666667,0.475016388874945,0.24326942258916212,89.02213313353349,25.19891634896425,0.49387019314974584,0.34372583666231993,131.1226631628058,31.442359166497237,10.56040078256239,5.408282031634113,11.883726664341445,7.3985611728548815,0.05185409216599438,0.03608962731775391,4.707962167548739,2.7785310512393697,-0.49387019314974584,-0.4397083250937708
stage2_soh,195,-1.2913776546719313,0.9824975792963822,0.16000272484940714,0.09683994658986211,230.67314414736978,7.261897821508569,0.22019295209203055,0.13019926726761874,61.82862885291862,11.026509809612982,0.1280101414696843,0.9666666666666667,0.4712465805948095,0.24244334903983947,83.89480271200812,24.664418791188044,0.5142360313130651,0.3587069430224159,139.05334046928894,31.064014578672626,10.4765917030358,5.389917048949237,11.880856614190398,7.428505514786883,0.053992411230004526,0.037662574381010755,4.827880885397246,2.687861364420214,-0.5142360313130651,-0.4397083250937708
stage2_soh,196,-1.2918646172708212,0.9829377072269007,0.15918115945247413,0.09645581428109125,223.62636994190146,7.217231749545661,0.22172414954579087,0.1306838013913331,61.87685630952943,10.916231586934657,0.13574359113094853,0.9666666666666667,0.47486733289149585,0.24070125750229493,87.34788943366681,24.139577915674977,0.5290646297872815,0.3734370385187075,146.4668159187614,31.5170625141186,10.55708702126672,5.351187469786814,11.756427686998613,7.289104890206574,0.05554934566872941,0.039209166461426116,5.098332257296697,3.0507359522395667,-0.5290646297872815,-0.4397083250937708
stage2_soh,197,-1.2964813060273042,0.9836565828467475,0.1583251580616398,0.09619426058064975,226.97763218857907,7.197767815929739,0.21832395958002146,0.12975119655271053,61.96428259017382,11.030248306260852,0.12269073029359182,0.9666666666666667,0.47500718138457687,0.24173584510663562,81.3202449667617,26.38159861713929,0.5011795491736951,0.35539621002972127,146.21878401108356,32.82702431360715,10.560196084807181,5.374188065139714,12.059696115241564,7.4744468196499545,0.05262154083205512,0.03731496268846195,4.853967917828612,2.846279703870697,-0.5011795491736951,-0.4397083250937708
stage2_soh,198,-1.3092196259692095,0.9834658607435228,0.15827799401235945,0.09611796876651714,226.40343300146645,7.239763997005113,0.2181802704169455,0.12957665644156333,61.79397671742557,10.836074199479322,0.11201559424984689,0.9666666666666667,0.4735963494339398,0.24250956780149363,88.00630986513522,24.812859033500303,0.4781535854196812,0.33654765308852874,134.2499494982943,30.30099262972946,10.528830954709544,5.391389201655482,11.90593988010058,7.380091079327617,0.05020392085159711,0.03533595115389007,4.644321355227332,2.8031158589144,-0.4781535854196812,-0.4397083250937708
stage2_soh,199,-1.3012864542925275,0.9832751386402981,0.1596335502310129,0.09657044653562424,226.61393610724045,7.227090787316472,0.219581558824619,0.13005288918200464,61.67822248084017,10.947233059647363,0.12063814407470179,0.9666666666666667,0.4745861521394435,0.24053227563991267,86.18739844771362,26.12218183951265,0.49828571729999627,0.3492036753498456,131.04858115111912,32.75246525132067,10.550835907613466,5.347430723212307,12.001096161613532,7.278990063187118,0.052317701833927574,0.03666477511187737,4.7377256816984055,2.911487137906395,-0.49828571729999627,-0.4397083250937708
