stage,epoch,train_loss,train_cls_acc,train_soc_rmse,train_soc_mae,train_soc_mape,train_soc_medape,train_soh_rmse,train_soh_mae,train_soh_mape,train_soh_medape,train_score,val_loss,val_cls_acc,val_soc_rmse,val_soc_mae,val_soc_mape,val_soc_medape,val_soh_rmse,val_soh_mae,val_soh_mape,val_soh_medape,val_soc_rmse_raw,val_soc_mae_raw,val_soc_mape_raw,val_soc_medape_raw,val_soh_rmse_raw,val_soh_mae_raw,val_soh_mape_raw,val_soh_medape_raw,val_score,test_loss,test_cls_acc,test_soc_rmse,test_soc_mae,test_soc_mape,test_soc_medape,test_soh_rmse,test_soh_mae,test_soh_mape,test_soh_medape,test_soc_rmse_raw,test_soc_mae_raw,test_soc_mape_raw,test_soc_medape_raw,test_soh_rmse_raw,test_soh_mae_raw,test_soh_mape_raw,test_soh_medape_raw,test_score,score,best_score_so_far
stage2_soh,0,0.5329649299590844,0.9916963748661297,0.13523331619855153,0.07860219085802518,170.76132557957476,5.5682345398421145,0.7023441434963797,0.500078041773495,193.04051047893077,60.584854443399884,-0.7023441434963797,0.7370521103634554,0.9803921568627451,0.2767060656564079,0.18212425192343254,125.63233022007367,20.104052913407223,0.5453252398278985,0.4122293163510953,134.65050494331769,52.3934681909453,6.1578833878050645,4.0530369393070025,9.909955757977864,6.490739326142477,0.057859703810309755,0.043738056491807044,5.660867308340601,4.0608706877482135,-0.5453252398278985,0.7071823656558991,0.9078125,0.37592496526245994,0.19446025957731763,80.69324141521193,16.83999459412422,0.6110449760361174,0.4470442093534075,219.99415666156455,62.46414799327724,8.365924661461396,4.327565422892978,10.692889453890277,5.368137017039249,0.06483265168394807,0.047431961065043285,6.013068084434634,3.882077285716848,-0.6110449760361174,-0.5453252398278985,-0.5453252398278985
stage2_soh,1,0.13964500465725949,0.9919604477502457,0.13486034256649984,0.07857613253019406,169.07956178378578,5.623413191439817,0.5141813652823705,0.35592055421417146,173.84367429295244,39.26253521470306,-0.5141813652823705,1.1645967488195381,0.9803921568627451,0.27690775062339845,0.18452236843751926,125.78257985925565,19.695240906817947,0.585365032969427,0.4081206232336733,142.08507624364273,45.70970682306769,6.162371733605706,4.106405201434124,10.094583856065736,6.655342250736494,0.062107976955572665,0.04330211890913343,5.7683001568368875,3.4982737434855764,-0.585365032969427,1.1164222955703735,0.9078125,0.3746697721366051,0.1965268183968874,78.02028700243396,16.84534500978095,0.6321098659166959,0.4244704306824133,188.63928445020093,48.34164666350304,8.337991291515731,4.373555120280936,10.836174593299933,5.667477236832566,0.06706766338021891,0.04503685434268541,5.748472546442278,2.8567806761152603,-0.6321098659166959,-0.585365032969427,-0.5453252398278985
stage2_soh,2,0.015572177698655132,0.9916670334345613,0.13496625718336644,0.07864079373703495,171.7917818704601,5.603929757882667,0.45474273308792185,0.3099704892590146,160.07607774555018,33.33460394480015,-0.45474273308792185,1.362570448482738,0.9803921568627451,0.2803588678647753,0.18475008230364207,124.89717214219984,19.020395947031663,0.545710634941976,0.3791143646915717,121.52258914975191,41.93160870777251,6.239173727373458,4.111472800621168,10.007737350148487,6.665823242007276,0.05790059472369845,0.040224517864258034,5.337812025357945,3.392157619248801,-0.545710634941976,1.2889248073101043,0.9078125,0.37542743095328546,0.1943998069516965,81.82366963686209,16.204142161385732,0.5716554033087621,0.3868459117371458,166.1633083969199,46.23108815294775,8.354852413189347,4.32622009561156,10.841577709234079,5.354398250808117,0.060653367754345426,0.04104484487166662,5.165303637237493,2.8611568754716834,-0.5716554033087621,-0.545710634941976,-0.5453252398278985
stage2_soh,3,-0.07540711916149893,0.9915349969925032,0.13565833950963607,0.07899646335220699,173.31303954171617,5.6086393176027824,0.41632440196156667,0.28215531475325994,148.61757578717342,29.762948757567244,-0.41632440196156667,1.7737636902753044,0.9803921568627451,0.27684404872476165,0.1855612983306249,126.89603094653492,20.218621653100264,0.5580070178681852,0.3898027514235354,126.23052829853681,43.55999429831006,6.160954096220505,4.129525797343985,10.273455553069583,6.8774122829126,0.05920525664302048,0.0413585693354803,5.501909063413533,3.714229027797294,-0.5580070178681852,1.6005706310272216,0.9078125,0.3740570787583139,0.1943174604948581,84.46774260844109,16.58677912308776,0.5891900715058142,0.40664037335300235,163.45279713835149,48.64919093482628,8.324356265600969,4.3243875377404235,10.677560402805236,5.637906576637428,0.06251381842523987,0.04314506250791514,5.433880443995447,3.182624779162289,-0.5891900715058142,-0.5580070178681852,-0.5453252398278985
stage2_soh,4,-0.133382679974824,0.9917697284450508,0.13515264489209292,0.07867643350280173,170.4821627914319,5.583357677037907,0.39240265265177576,0.265805212168421,141.32680700758885,27.59245517832879,-0.39240265265177576,1.5805192447176166,0.9803921568627451,0.2727309335635688,0.1827526901739047,124.5329767169473,20.037471816040494,0.5450599974424458,0.3691504437129433,105.06955874630407,39.83339010428884,6.069419841403376,4.067022355397046,9.983573184007675,7.035430584893267,0.05783156125474958,0.03916733313392222,5.146563384477291,3.082056422148553,-0.5450599974424458,1.3793924272060394,0.9078125,0.37417200945595774,0.1931338941660215,85.03875313024894,16.56954287752976,0.5678529964022229,0.37620835254128904,152.22528009997302,46.375138183916874,8.32691396100996,4.298048167776057,10.696500376089645,5.600138898908759,0.06024992752948427,0.03991618626688399,4.973265541804864,2.746806808892485,-0.5678529964022229,-0.5450599974424458,-0.5450599974424458
stage2_soh,5,-0.1816637475705543,0.9917403870134824,0.13456070357425787,0.07828186955890538,168.40465549014195,5.5457939912960095,0.37657264325248946,0.25437906102964447,135.51953003116463,26.446780837950623,-0.37657264325248946,1.4976747868107814,0.9803921568627451,0.2800048374757379,0.18646972677853033,124.41204925477713,19.737154555436526,0.547045056100835,0.3750869882996103,111.0525295600981,39.8005067635991,6.231295049881297,4.149742182680881,10.17309900028418,6.622209624314326,0.05804217851144712,0.03979720808992031,5.275889140572893,3.1958664913412145,-0.547045056100835,1.5477084994316102,0.9078125,0.37408055967635756,0.19377568911295384,80.90036709393075,16.58909024237412,0.5633905846978222,0.3723845834912936,170.35154895151038,41.80178992688674,8.32487881560293,4.312330827004059,10.747012052062,5.482878206919926,0.059776459953368104,0.03951047949134287,4.935979792456138,2.6045948204735208,-0.5633905846978222,-0.547045056100835,-0.5450599974424458
stage2_soh,6,-0.21382325572618313,0.9915349969925032,0.13546064325172133,0.07876617269400961,170.15810037433295,5.622113618352143,0.3622316371035181,0.24502518003803234,130.1022061347829,25.261135353156245,-0.3622316371035181,1.6227402013890884,0.9803921568627451,0.27854450094314637,0.18238762161493594,124.4039751433319,19.379871361468513,0.5381285810189099,0.3671535945077445,114.64036943703304,38.68575157027911,6.198796369184443,4.058898031814364,9.943571574134118,6.4702534471069075,0.057096129127349286,0.03895546488516278,5.166816378293903,3.033090175319961,-0.5381285810189099,1.5978770971298217,0.9078125,0.37751973889663193,0.1959878468351235,84.13025868720524,16.52957879044463,0.5665428815820169,0.3758636319755169,166.4798482535983,42.385040903181675,8.401415137775604,4.361560717415888,10.712178485831062,5.3603930961117054,0.06011092267528288,0.03987961097497343,4.948512636138697,2.6523134010197733,-0.5665428815820169,-0.5381285810189099,-0.5381285810189099
stage2_soh,7,-0.2525902000316779,0.9921951792027933,0.13546863194781564,0.07877109385577,168.31346728209508,5.561101720061835,0.3529324502094395,0.23779804085337689,126.06463636662029,24.61985452032011,-0.3529324502094395,1.6880302588144938,0.9803921568627451,0.27698437888882743,0.18225296678058073,120.42162870381888,19.146107623413357,0.5463850339645977,0.37893556181122273,127.1206876661802,43.861915083583156,6.164077037468858,4.055901390719428,9.917578873444953,6.726658030487253,0.05797214932056832,0.04020554665049084,5.36028541521844,3.200899403360482,-0.5463850339645977,1.7041040301322936,0.9078125,0.3748328042419275,0.1938327699674119,82.86009553790933,16.208736121879614,0.5813267529937665,0.38638658798990944,163.633415691952,45.51030474052618,8.341619447229132,4.313601118078435,10.630749414120228,5.336301768040213,0.061679510297090914,0.04099611003596284,5.099075673101174,2.7211210245911523,-0.5813267529937665,-0.5463850339645977,-0.5381285810189099
stage2_soh,8,-0.2926982683508147,0.9918870941713246,0.13484666715678276,0.07863070598510782,171.16572481996255,5.634755153896297,0.3465143471065826,0.2328402440922536,126.4038130050944,23.60198380446633,-0.3465143471065826,1.9877214501885807,0.9803921568627451,0.2823717656277608,0.18750695601726572,126.98055293502081,19.875697559799832,0.5795600119886017,0.3845013360401579,128.15469082929548,41.80466257674132,6.2839692386920625,4.172824931819042,10.336260368741064,6.843064370100317,0.06149205682198563,0.0407960823984105,5.461388120393752,3.251123450259013,-0.5795600119886017,1.9871471405029297,0.9078125,0.3737970352444506,0.19291230128437747,78.46347030640293,15.889220225529929,0.575644865411408,0.38449881279775583,166.61545334327593,45.97665765733085,8.318569194651417,4.2931167864509145,10.569049604629368,5.50240133320347,0.06107665477420608,0.04079581467917186,5.081515199083112,2.8454816588005327,-0.575644865411408,-0.5795600119886017,-0.5381285810189099
stage2_soh,9,-0.32158091132609323,0.9918724234555404,0.1352446303654411,0.07879365397214336,171.42900675621985,5.624706774452461,0.3392415890967404,0.22770406262648152,122.11824560297084,22.970187808577432,-0.3392415890967404,2.1105639518476,0.9803921568627451,0.28012710303707683,0.1837128909140387,125.91454543348519,18.848920283204215,0.5597703749519725,0.3771018305884711,114.80377340589462,38.927565449123094,6.234015977112448,4.0883908937867,9.900777779205121,6.632039953279535,0.05939235107974955,0.04001098542781643,5.327153820546575,3.2558370996615116,-0.5597703749519725,1.9435994625091553,0.9078125,0.3754946753958596,0.19380778761078546,78.03531402428773,15.729400027928852,0.585669439821767,0.38095895383885364,155.18386776114903,42.98382184462615,8.356348887200017,4.313045154700859,10.641986042475162,5.480039789539029,0.06214027491104558,0.040420231126580386,5.029909333602317,2.6047357994568863,-0.585669439821767,-0.5597703749519725,-0.5381285810189099
stage2_soh,10,-0.3475711423073912,0.9921364963396564,0.13480728258636596,0.07854882377054959,168.889503487016,5.581374497327774,0.33215850912453554,0.22258173704508,120.39005569309126,22.470611718158658,-0.33215850912453554,1.9925154807520848,0.9803921568627451,0.2766066692072687,0.18333710236657483,123.06581402937677,18.726205879833067,0.5566641876036464,0.38307688133494344,124.08840435672786,43.68037217912329,6.155671395301361,4.080028004999765,9.997107114129657,6.795544078759022,0.05906278063842871,0.04064494593650583,5.428721260875801,3.0083906068836495,-0.5566641876036464,1.9279687404632568,0.9078125,0.37581917157786926,0.19443006675937796,79.45680889225427,16.479107746465864,0.5797812050273339,0.3794240035867915,169.88938104625134,44.221660771652054,8.36357030334015,4.326893504655187,10.591281292622659,5.364959514371199,0.06151552568564941,0.04025737094615686,5.031525135834293,2.594360868358355,-0.5797812050273339,-0.5566641876036464,-0.5381285810189099
stage2_soh,11,-0.361769247075472,0.9915349969925032,0.13501651383860916,0.07864837786576466,169.91518683614186,5.57361787482455,0.33056440814699795,0.22122540656309456,119.70307578352804,22.518728600964028,-0.33056440814699795,2.1608823977264704,0.9803921568627451,0.27754498320376575,0.18463950781334265,123.61587028111414,19.68274020425842,0.5845108506480964,0.3970765947309487,139.94171584636896,39.60946981108482,6.176552860830017,4.10901204929895,10.237866359758849,6.808028944391163,0.06201734712129654,0.04213033339221525,5.6061192398126884,3.20857651704356,-0.5845108506480964,2.1519704461097717,0.9078125,0.3764139572610134,0.19540575221799372,80.13800679661415,16.677652167072022,0.5998937435626407,0.3943798505844825,184.78572414085875,45.49454719444102,8.37680680709676,4.348606643697082,10.876755256208764,5.556077393693142,0.063649491688935,0.04184420539708345,5.228748098518056,2.8091393562491835,-0.5998937435626407,-0.5845108506480964,-0.5381285810189099
stage2_soh,12,-0.39192792551837846,0.9917550577292666,0.13471171977127033,0.07866741831487854,171.6641481502672,5.602084569703782,0.32533103483628384,0.21679210192952272,115.32375755106543,21.631859467974717,-0.32533103483628384,2.032096110605726,0.9803921568627451,0.2749149632858477,0.18367959721488694,120.5024523611414,19.95689992962315,0.6008272539059898,0.3927852559122531,136.6997127206833,39.2516786310111,6.118023764535272,4.087649967792039,10.069616709938472,6.746828882138837,0.06374853832757414,0.04167501686757066,5.645698589444437,2.8246331058754044,-0.6008272539059898,1.9124550104141236,0.9078125,0.37781341586618616,0.19538573737627302,81.36251639320082,15.743240890970126,0.6031809866648613,0.39368857822191783,188.65595520984016,42.19233580373246,8.407950695743619,4.34816122859189,10.670298065205651,5.4872637581190205,0.06399827237678102,0.04177086051731433,5.2251391449950315,2.6405091540798367,-0.6031809866648613,-0.6008272539059898,-0.5381285810189099
stage2_soh,13,-0.404635137885067,0.9922245206343617,0.13464176056951047,0.07843948965794709,170.1935179687513,5.540958453986315,0.3225028958280251,0.21514912943157166,114.77623969671691,21.4981427210244,-0.3225028958280251,2.1080431741826673,0.9803921568627451,0.27814636549387806,0.18465923827287614,121.59634273662189,20.552758850221124,0.5665634366737871,0.3778879941559817,128.39636049025236,38.60566584382012,6.189936167065889,4.1094511356944965,10.093863206602588,6.786046450763935,0.0601131035967491,0.040094398385516636,5.356979927038169,3.1196387320317918,-0.5665634366737871,2.2214518427848815,0.9078125,0.3760782288895984,0.19506252046776354,86.82252762311391,15.695025179747446,0.5809220050697282,0.3871831187969292,171.33908729627166,45.407878486777335,8.36933542711003,4.340968281712151,10.784268894469145,5.663885899380501,0.06163656602587016,0.04108062297100413,5.127678836224941,2.740510275579105,-0.5809220050697282,-0.5665634366737871,-0.5381285810189099
stage2_soh,14,-0.42782822292200084,0.9917990698766193,0.13529827652054444,0.07877406559522898,171.27754253772574,5.642071781813049,0.31680907698730715,0.21093177841740596,113.27394454423533,20.91867276713503,-0.31680907698730715,2.4865175649231555,0.9803921568627451,0.28164199366648696,0.18570861342710024,122.27742589281301,19.35052080431332,0.5706495264286511,0.3829362646110502,132.13221805945085,43.151222676153495,6.267728717810984,4.132804182959444,10.112033294119426,6.818076328021659,0.06054664293381222,0.04063002632266619,5.443185188422508,3.267570646780377,-0.5706495264286511,2.302207720279694,0.9078125,0.3727771759062247,0.19215389598793992,79.40485741945406,16.266525684857942,0.5776107278528934,0.386014313431042,176.2076541355545,44.65816099562241,8.2958729994601,4.276239052437107,10.513743877018507,5.497839281181055,0.06128523528779473,0.04095661123022448,5.117372862243984,2.793192935358697,-0.5776107278528934,-0.5706495264286511,-0.5381285810189099
stage2_soh,15,-0.436566202133584,0.9919311063186773,0.13535894842023272,0.07866141337025559,171.7931424975066,5.5472218626954835,0.31543631262124344,0.20986544477119562,114.87436607003889,20.738786241643908,-0.31543631262124344,2.5507055058198818,0.9803921568627451,0.27788036431337637,0.1846385846078834,124.88884678844272,19.312416650058168,0.5875529970938629,0.3874013527661708,136.6858159387079,37.62062569950663,6.184016512768964,4.108991504062446,10.211491463427722,6.778318050846005,0.06234012274113615,0.041103777873619046,5.541215321862145,3.182392863896382,-0.5875529970938629,2.334618103504181,0.9078125,0.37517645211801576,0.19447833510130294,80.40765012136733,15.924457516621057,0.5774181278393736,0.3831814718880196,173.87065463537297,43.05854360860386,8.349267069779069,4.3279676799544955,10.71857198889093,5.486045812119281,0.06126480018059224,0.04065604312765042,5.073562558851725,2.8477665264853718,-0.5774181278393736,-0.5875529970938629,-0.5381285810189099
stage2_soh,16,-0.4649436776316201,0.9917697284450508,0.13505541450988812,0.07856679081321245,170.07849607733567,5.586184164889307,0.312307567658072,0.20759699325908,111.70601685723955,20.458984508743562,-0.312307567658072,2.4497873839210063,0.9803921568627451,0.2786537316261683,0.18461922230381592,127.84964190268572,19.573324835442858,0.607489455666624,0.41060421300011085,149.54369312622956,45.35183039176575,6.201227215096056,4.1085606106872525,10.070474987368591,6.893975315611806,0.06445540643570806,0.04356563095254764,5.8811231824654735,3.637902991642308,-0.607489455666624,2.322614347934723,0.9078125,0.3707938988870434,0.1899470873100654,77.9125373437894,15.179614418896879,0.5824735612022657,0.39195576058082227,182.013864783794,46.25749059319068,8.251736675303777,4.227128200944528,10.457826322660736,5.465895624767072,0.06180118811140211,0.04158700635442484,5.197151275789174,3.006359618360791,-0.5824735612022657,-0.607489455666624,-0.5381285810189099
stage2_soh,17,-0.4663706752159764,0.9917110455819139,0.13506448190382375,0.07851357332937475,172.171754925832,5.567564930889676,0.31124177753606214,0.2068757214886625,112.64697973756905,20.634629320350662,-0.31124177753606214,1.9475055521609737,0.9803921568627451,0.2763167784367811,0.1823472076442604,123.44496900349282,19.924205069519473,0.5500887119487394,0.3647371726347974,125.9109609810532,41.09109709955854,6.149220096318708,4.057998649583374,10.158970880525581,6.481753666557862,0.05836511428077966,0.038699079440957775,5.168136038756922,2.6188962671176457,-0.5500887119487394,2.190368950366974,0.9078125,0.37604153897463344,0.19418828488196596,83.23923914795382,16.65249592744381,0.5748385984154754,0.37844895765601905,175.83369401965084,44.91482679112872,8.3685189209112,4.321512832558767,10.646694976510158,5.553231730984361,0.06099110881709723,0.04015391732869043,4.986596987761257,2.7196331225194434,-0.5748385984154754,-0.5500887119487394,-0.5381285810189099
stage2_soh,18,-0.47881658136124966,0.9916523627187771,0.13538599529599032,0.07870118074528569,171.2614484851284,5.601299053643167,0.30914671200800536,0.20457101041925305,110.34126092716052,20.254672691995502,-0.30914671200800536,2.1829504209406236,0.9803921568627451,0.27986664710097225,0.18806338440261636,123.26483102877391,20.25457330861705,0.5608915000033421,0.3730235723586863,129.26144931130213,37.87782726556234,6.22821972801907,4.1852078230380165,10.218562430549163,6.826296175157002,0.05951130387831621,0.03957827702555767,5.285483851688608,2.9987576192869634,-0.5608915000033421,2.244728422164917,0.9078125,0.3730360700499465,0.19070156441848668,77.62726312658265,15.916582185962131,0.5752197955564587,0.3824843086817964,173.59099805922133,44.73873892117171,8.301634492049871,4.243918516116713,10.362584403126945,5.384370627231974,0.061031554320183784,0.04058207322185209,5.0283510801679085,2.728897782455987,-0.5752197955564587,-0.5608915000033421,-0.5381285810189099
stage2_soh,19,-0.4991251798618946,0.9916523627187771,0.1349678223232656,0.07845957798287004,170.12749697006717,5.552151246278066,0.3061749699103599,0.2024523060639357,109.40580204687109,19.763569901796647,-0.3061749699103599,2.1883124977934596,0.9803921568627451,0.27757344052399263,0.18520322707938214,127.7273633047847,19.970412437586994,0.5890188403771475,0.4001934821717441,146.73847892035374,40.32061110651179,6.177186156883976,4.121557193531677,10.040208493283014,6.898876494898863,0.06249565058398815,0.04246103912700099,5.669393151896667,3.1466539749179714,-0.5890188403771475,2.236728572845459,0.9078125,0.37826552449186934,0.19537177705715295,83.35081061038132,16.262984226710262,0.6104957037362074,0.40692440524580886,205.60406298500297,48.04559491724537,8.418012029921362,4.347850552289967,10.756236689354754,5.449500958072662,0.06477437319202638,0.043175198654182005,5.384241890885169,2.8432804750600567,-0.6104957037362074,-0.5890188403771475,-0.5381285810189099
stage2_soh,20,-0.5245932283477112,0.9919751184660299,0.13506842116705023,0.07863642358673269,170.67712944480004,5.564731878510779,0.30352106356904385,0.2002866065583617,109.37626206261882,19.523573533071115,-0.30352106356904385,2.959747017131132,0.9803921568627451,0.2782690112051557,0.18644919356002526,124.99286396304866,19.993235476526117,0.6084048176459225,0.4038253075488861,132.59800254340826,46.88450224100923,6.192665554245279,4.149285231493958,10.232256468796717,6.672845209716694,0.06455252750976315,0.04284638043392183,5.795329720336723,3.0460779295670966,-0.6084048176459225,2.6348551869392396,0.9078125,0.37638910326270075,0.19325939320369798,79.88502935942174,16.093682257879397,0.5961470695884347,0.4000426302327469,171.27887204652782,49.01785435343082,8.376253700235992,4.300841053567917,10.618474865658232,5.4100360465892035,0.06325196479931264,0.042445033543778134,5.3187497274695605,3.0086360642050636,-0.5961470695884347,-0.6084048176459225,-0.5381285810189099
stage2_soh,21,-0.5262895498098,0.9917403870134824,0.13483724587253842,0.07868289237064953,170.82119504818147,5.584916988075808,0.30145190576906894,0.19968847333615955,106.6949967592148,19.639612193735456,-0.30145190576906894,2.666258808210784,0.9803921568627451,0.27935299525846535,0.18761359303002703,127.16973602369896,20.7224837195337,0.5821713694557825,0.38903124839816167,131.37926249944738,44.168950262088146,6.216788796280783,4.175198057568383,10.535599875969972,7.222611751151746,0.061769125181487194,0.04127671188000846,5.557284377801357,3.4156147294504273,-0.5821713694557825,2.485209310054779,0.9078125,0.37403528451272233,0.19261201873778191,80.59175262521511,15.889516136139989,0.5786858289231319,0.38747705891310036,173.1872680510732,45.18343669850162,8.323871251213736,4.28643422638147,10.548292579035795,5.383079379318637,0.061399304883234286,0.041111810392413406,5.140194871374139,2.877921371655151,-0.5786858289231319,-0.5821713694557825,-0.5381285810189099
stage2_soh,22,-0.5498520383005797,0.9921805084870091,0.1353679459639128,0.0787732744443703,172.06658354561557,5.597232057120436,0.2979955816637186,0.19667630865257896,107.92899218901357,19.14680726132643,-0.2979955816637186,2.8386650225695442,0.9803921568627451,0.2747850375500137,0.1815604701820834,121.39829145897562,18.37287125084673,0.5909999444991804,0.39077076457974996,134.3475173147825,40.77259782052185,6.115132365937114,4.040490404733696,9.79305225024044,6.454123047395617,0.06270584825933209,0.04146127676659193,5.560480043559362,3.001746561672067,-0.5909999444991804,2.5703086972236635,0.9078125,0.37132379575317154,0.19049710672370565,79.17893601886124,15.912472187583408,0.5817924570467281,0.38873489493307717,165.4339847179524,43.65261597797381,8.26352912770788,4.239368465364431,10.4486416885775,5.533533111618768,0.06172892209137377,0.041245268399199904,5.147714408277008,2.832639265676831,-0.5817924570467281,-0.5909999444991804,-0.5381285810189099
stage2_soh,23,-0.5421623134406494,0.9919017648871088,0.13510616114183202,0.07859144757413299,170.18631254628775,5.58715127616047,0.29872570340092075,0.19753810797533047,108.3298539801871,19.249138683674122,-0.29872570340092075,2.830936106513528,0.9803921568627451,0.27758938912767733,0.1858430247388634,127.8181050937788,19.22709518897272,0.594890602799472,0.40269290994597123,141.96988627042512,44.26731263230747,6.177541080949179,4.135795404644001,10.14093380362978,6.863313615622378,0.06311865206968395,0.04272623160325183,5.732838658100406,3.3799046532078725,-0.594890602799472,2.5258315563201905,0.9078125,0.3770042395969601,0.19420493540965253,77.93061901261612,16.317212158092666,0.6024800027298396,0.401261008385336,181.5421110594897,49.073062855141096,8.389943092280888,4.32188337740966,10.700840657056812,5.575462498700927,0.0639238970867817,0.04257430502048441,5.328040351587109,2.913611320988466,-0.6024800027298396,-0.594890602799472,-0.5381285810189099
stage2_soh,24,-0.5744264452235984,0.9921951792027933,0.13487663712565506,0.07853394439921337,171.41057610192553,5.591679115293643,0.2963937626319331,0.1942944782349704,104.55772852007654,18.586495295990957,-0.2963937626319331,2.608831952599918,0.9803921568627451,0.2765842036835258,0.18129860737963635,124.35546792129927,18.765559468066343,0.5519329706773936,0.363493464289087,126.85608870653645,38.57423320108681,6.155171442128574,4.0346628468981,9.914304613462699,6.74182896353355,0.05856079248526398,0.03856712039843863,5.133450286017784,2.920516900947786,-0.5519329706773936,2.3429797172546385,0.9078125,0.3758745363737998,0.19333315741969273,79.36965072886002,16.27717785868542,0.5879137854948018,0.3894249473501986,175.89602361369208,44.17676960478023,8.364802404835,4.302482620185589,10.699048968115244,5.491897105423922,0.06237840285086132,0.04131848384120078,5.148985404160198,2.780174915371557,-0.5879137854948018,-0.5519329706773936,-0.5381285810189099
stage2_soh,25,-0.5864789604449002,0.9923272156448513,0.13473949278242045,0.07856353683082347,172.09143537583398,5.55500667379129,0.29466310168930937,0.19320618245678414,104.6097891255531,18.556949627297602,-0.29466310168930937,2.8175146949057486,0.9803921568627451,0.2773147098787347,0.18393611232293586,123.29225124936909,19.261848006964655,0.5801452589691742,0.40157993311044193,144.50792218008604,47.804741479737544,6.171428302828372,4.093358516749318,10.182767943688644,6.926620214160496,0.06155415227343124,0.042608143340783396,5.695527619198114,3.6493156088608543,-0.5801452589691742,2.553585743904114,0.9078125,0.3752830110868628,0.1936627803614101,82.362525496867,15.389600669205722,0.5923878765687929,0.39788118896540253,185.9057596853838,46.441081329706655,8.351638458720357,4.309818128470258,10.671708127334432,5.399914203959556,0.06285310962299454,0.042215701867196656,5.272082894622088,3.0665941979590614,-0.5923878765687929,-0.5801452589691742,-0.5381285810189099
stage2_soh,26,-0.6017503541238329,0.9917697284450508,0.13453183599546858,0.07840976486464546,171.51701816958067,5.566472974692367,0.29137757054556335,0.19079035539181613,102.7152102724376,18.421976771806627,-0.29137757054556335,2.3299315204807356,0.9803921568627451,0.2774884263320334,0.18274223775986362,123.61554106455561,19.53893135619095,0.538397550145836,0.3561413611723658,123.90670302028738,39.11996524331696,6.175294230593343,4.066789744859098,10.150992340058457,6.682983778588532,0.05712466709493532,0.03778705287607236,5.043932790253712,2.8190347200055808,-0.538397550145836,2.2114950299263,0.9078125,0.37547595703445424,0.19490372338841552,80.13463186597117,15.701856568768793,0.5890920229982564,0.3875390756147681,172.0306794956096,45.06970447971973,8.355932324279825,4.337434373286149,10.674715343968625,5.547384306564862,0.06250341535347279,0.04111839044359703,5.103308167019371,2.685542003692934,-0.5890920229982564,-0.538397550145836,-0.5381285810189099
stage2_soh,27,-0.6010328365846914,0.9919897891818141,0.1354326013452208,0.07866168042671522,172.14002792724378,5.601274380606408,0.2922608097413872,0.19129696917632108,104.35960104824704,18.30701990956877,-0.2922608097413872,2.708119240929099,0.9803921568627451,0.27851760137265014,0.1833911963172403,124.96645116778872,19.113658361117317,0.5528736722989167,0.3688412063426393,126.02706298367222,40.71375714335508,6.198197739667939,4.081231824798198,10.148869595317805,6.621276184696521,0.05866060212769385,0.039134522654329304,5.253706209631377,2.875758368985859,-0.5528736722989167,2.50131676197052,0.9078125,0.3757085358552626,0.19373078019416426,78.25360447045239,15.948760970031373,0.5722482995485828,0.3761291160937617,168.37655135348126,42.75734958683269,8.361108189339426,4.3113314131158145,10.6484314586579,5.346083505670139,0.060716274801958146,0.03990777917869134,4.963752473999388,2.631078178492327,-0.5722482995485828,-0.5528736722989167,-0.5381285810189099
stage2_soh,28,-0.6191887698025148,0.9915936798556402,0.13516787253662646,0.07873512219234419,171.80010303089773,5.575063912538529,0.290854304646955,0.1894085298455764,102.91801234689919,18.104719374576682,-0.290854304646955,3.330786879857381,0.9803921568627451,0.28073042457322056,0.18655886573753522,127.27396094564678,20.974998137456936,0.6288281315472518,0.4321062293844115,168.28653957217657,45.335738736160536,6.247442439796278,4.151725902530174,10.305854010632578,6.92388210351684,0.06671946717594993,0.045847022328660524,6.124209063275136,3.9306314201688,-0.6288281315472518,2.9844698667526246,0.9078125,0.37388279940981967,0.19212642003039945,78.22253498060944,15.775700703051461,0.6238463645281841,0.426065952828867,208.7167562061464,52.011434605814514,8.32047781103083,4.275627595864584,10.667837990101058,5.287319232497102,0.06619089533822205,0.04520614127839691,5.658498780000033,3.2319200835239807,-0.6238463645281841,-0.6288281315472518,-0.5381285810189099
stage2_soh,29,-0.6211610708819703,0.9917990698766193,0.13484337964697796,0.07843871933840302,170.67018264838657,5.512677976048925,0.28991805124487335,0.18935324994367955,103.9115527984591,17.963626451915854,-0.28991805124487335,2.720198726654053,0.9803921568627451,0.28280834556488144,0.1866768006591455,125.82672664731234,20.09517554886277,0.5685982200622064,0.3718661410633621,126.76328545581113,36.67097014700458,6.2936849936968065,4.154350454662427,10.153308125139647,6.960188727756702,0.06032899671075431,0.03945547208817869,5.311688162873614,2.8155941031713794,-0.5685982200622064,2.614740014076233,0.9078125,0.3756373941917894,0.19337872535397765,78.61741213728325,15.60046473491926,0.5838096562526236,0.3855562436521723,176.69878734534657,43.99230090564794,8.359524985636815,4.303496699963291,10.600762662745604,5.447945207462368,0.061942949501174814,0.040908009442164536,5.098104843890121,2.690158544459117,-0.5838096562526236,-0.5685982200622064,-0.5381285810189099
stage2_soh,30,-0.6377043479557106,0.9920044598975984,0.13510397753757758,0.07858733973483786,170.146255789767,5.590165837418245,0.28750045563139237,0.18729931503797564,101.47021503132798,18.037186323065555,-0.28750045563139237,2.862272315866807,0.9803921568627451,0.27935499595536883,0.18350078621696608,123.08255340169453,18.679851852021145,0.5765368344160682,0.3875821091937741,140.9951178314453,42.641246007807055,6.2168333202712365,4.083670664804801,10.099790230163311,6.924016679837595,0.061171293823801334,0.041122956361242746,5.5311875829981,3.128334145568126,-0.5765368344160682,2.6265568256378176,0.9078125,0.3738688469788262,0.1931854007038055,79.31759046883273,15.87329069054925,0.5841660454658625,0.39350964164150354,193.68888913312486,47.23819040406396,8.320167310273176,4.29919440666544,10.64763862908599,5.550033971541824,0.06198076285147141,0.0417518751177996,5.214993263375483,2.904466362624583,-0.5841660454658625,-0.5765368344160682,-0.5381285810189099
stage2_soh,31,-0.6530880357631766,0.9915056555609348,0.13549196906016003,0.07890918145114095,170.4838852692243,5.585959443632214,0.28552836519695507,0.18561958560645678,99.97061837779671,17.52751312778737,-0.28552836519695507,2.5308743888256595,0.9803921568627451,0.27559255332645083,0.18182076547733125,120.79081028209282,20.233263700225727,0.5406477450485319,0.3576661929027086,120.81039290040044,35.8740216759568,6.133103016393645,4.046283078886784,9.845712791346909,6.482608298344793,0.05736341564548205,0.03794883946842968,5.06433953195372,2.8104821094031482,-0.5406477450485319,2.4816627502441406,0.9078125,0.3748393592040042,0.19232527387939627,81.46013181052572,15.594141588257763,0.5803115295339552,0.38693141398434816,171.59012402503365,46.83730206630585,8.341765322932956,4.280052937283948,10.502341540228361,5.3308225897205785,0.06157179379252475,0.0410539167692003,5.100770426317202,2.817925298737726,-0.5803115295339552,-0.5406477450485319,-0.5381285810189099
stage2_soh,32,-0.6524204831412058,0.9918284113081878,0.13444252923383615,0.07821836195436521,170.15510855428366,5.5359120246869935,0.2836011778104618,0.18505451022284838,99.99657756738598,17.719435762763204,-0.2836011778104618,2.860633196550257,0.9803921568627451,0.27899059384505825,0.18479088231482926,126.01953758246354,19.142989132543256,0.5854334348277368,0.39141024439960864,145.06258300829123,42.55057471152999,6.208723827997406,4.112380773890622,10.121648565884348,6.809053133683524,0.06211523448002382,0.041529126391489854,5.581934564365882,3.24862646996238,-0.5854334348277368,2.811165618896484,0.9078125,0.373428708765444,0.1923304235046089,78.75378429106838,15.984347212418811,0.5992857333543049,0.40205833992258705,189.7090867606959,49.89816011332455,8.310372368532034,4.280167538282937,10.687206455843402,5.386030578109222,0.06358498102997658,0.04265890291402501,5.328084210245677,2.88519208500041,-0.5992857333543049,-0.5854334348277368,-0.5381285810189099
stage2_soh,33,-0.6668503133280674,0.9917550577292666,0.1353027456912134,0.07885700893905787,170.46810678377142,5.599599893924995,0.28327880796819943,0.1838140679532855,98.07280941117556,17.479843409935704,-0.28327880796819943,2.5994320752573947,0.9803921568627451,0.2737029812332863,0.18371935907532186,122.71499688990988,19.69057566841164,0.5398864337671362,0.35929033925081144,134.86687899458872,38.074788486089815,6.091052024215518,4.088534837804772,10.185202643586475,6.837902641674112,0.057282639547051505,0.038121163468462185,5.094899574858614,2.7779613219365986,-0.5398864337671362,2.584570622444153,0.9078125,0.3754562296761983,0.19465190879272995,79.86770269951631,15.903822977422331,0.5919454615905041,0.3943958025869506,193.33335323339276,45.86753222341554,8.355493306900854,4.331830430662409,10.63334608396903,5.5003501692155545,0.06280616882925262,0.041845897924900934,5.2176079776273285,2.7718963889895063,-0.5919454615905041,-0.5398864337671362,-0.5381285810189099
stage2_soh,34,-0.678374889002295,0.9919457770344615,0.13434043999778908,0.07825516058745624,170.51195548773038,5.588628955217428,0.2829836191849777,0.18378045401757162,98.1955641469556,17.60952104409602,-0.2829836191849777,2.179336632934271,0.9803921568627451,0.2815698631766852,0.1848707177000595,125.96469660187911,20.020269593708775,0.5486055546804927,0.3582718149859312,136.44353275033964,35.004850628207876,6.266123508529247,4.11415744976978,10.146607663597226,6.528722246931416,0.058207749402029586,0.03801309674426621,5.091868004977852,2.606690449284482,-0.5486055546804927,2.286336827278137,0.9078125,0.37504602362075334,0.19479766747463145,86.07938026228786,16.00191196249354,0.5862346221561382,0.391306701778376,190.0836108221306,46.15549567384058,8.34636448260707,4.335074179453317,10.66567428050311,5.72183483593242,0.06220024147792567,0.04151814038725107,5.158466060344991,2.8134346266655372,-0.5862346221561382,-0.5486055546804927,-0.5381285810189099
stage2_soh,35,-0.6951101285223478,0.9920338013291669,0.13434666684145907,0.07826143867945823,171.21695421543558,5.506095100417278,0.2808154923398982,0.18144924174902483,97.08140664037496,17.059283258483195,-0.2808154923398982,3.221850455976,0.9803921568627451,0.27544982099846765,0.18327577271699613,125.07054355651503,19.747114735689912,0.5817949801193177,0.39512073695477024,133.53808119186237,45.48199915950926,6.129926616811274,4.078663160216097,10.073023574868463,6.644714462238676,0.0617291897925951,0.04192281438638216,5.594004563149341,3.388141395316824,-0.5817949801193177,2.8672238111495973,0.9078125,0.3754532069301,0.19281122867432715,82.07082133366023,15.67636605383047,0.5825731703193586,0.3888622703991132,175.9696773909236,44.311771369256284,8.355426037981612,4.290867492258846,10.570368095362573,5.314633029639772,0.06181175676583232,0.041258783098684325,5.145474983656581,2.851252537765073,-0.5825731703193586,-0.5817949801193177,-0.5381285810189099
stage2_soh,36,-0.6908848596906731,0.9919457770344615,0.13564665122667904,0.07896170065527001,171.20097686045932,5.5588592047478755,0.2809636248927993,0.1818756211943161,98.77290565882697,17.22718968941218,-0.2809636248927993,2.8618475773755243,0.9803921568627451,0.27885944939459784,0.18414313703702362,123.35342470559536,19.85891110256858,0.5518041285152071,0.371626132618015,131.50506847130393,40.90920638918942,6.20580530783061,4.09796569456713,10.259725782259768,6.87765925338131,0.058547122167446404,0.03943000688586358,5.258785208479503,3.061713144147591,-0.5518041285152071,2.7195544481277465,0.9078125,0.3755444411195917,0.19239992356597213,83.39761757908677,15.748035775819769,0.5893276708006548,0.3882350340081757,173.2263213109253,45.193106639563055,8.357456385594478,4.281714209377062,10.550574563346336,5.327859363049977,0.06252841788600665,0.04119223251721822,5.130300532450007,2.7869658676393385,-0.5893276708006548,-0.5518041285152071,-0.5381285810189099
stage2_soh,37,-0.7051753752600228,0.9920484720449511,0.13478171064780783,0.07847454385266392,169.38457370621293,5.595195883552418,0.28100637283151964,0.18157656948432158,98.20494491621726,17.07279831168565,-0.28100637283151964,3.424061847200581,0.9803921568627451,0.2796134689248936,0.18369554540361552,127.51263705439733,19.01906481734127,0.610994831054913,0.40733279677053147,140.8370413344464,46.1713741080075,6.222585439949051,4.088004882622708,10.101613070293851,6.50185038359008,0.06482733123745456,0.043218529516084805,5.839807626822573,3.4324261259450317,-0.610994831054913,3.1015302419662474,0.9078125,0.3733595716340782,0.1934186886614043,81.53202042826986,15.778421849881859,0.5896695620700835,0.3952362982054183,194.02336699269307,47.31830814480924,8.308833774169429,4.304386053025865,10.682769523064716,5.520238239736918,0.0625646929859648,0.041935075582538325,5.247762273388535,2.892674791437627,-0.5896695620700835,-0.610994831054913,-0.5381285810189099
stage2_soh,38,-0.724879287480486,0.991784399160835,0.1350312804124636,0.07844698063733696,169.4367372834114,5.571538122754019,0.2789223142616051,0.17970399072355328,96.283787889006,16.838457701929094,-0.2789223142616051,2.82961585521698,0.9803921568627451,0.27863964226377846,0.1860873417070537,124.05352857138963,19.761499991041173,0.55643672593882,0.3718520958780074,142.2867433201472,38.87491828402944,6.200913667034147,4.141232493260793,10.347267910794642,6.896223765975489,0.05903864666553721,0.03945398187609013,5.270096571352415,2.957860892386071,-0.55643672593882,2.6813457012176514,0.9078125,0.3737385899503388,0.19360265329778487,83.09463711125366,15.676823525166661,0.5858762112714175,0.38856706413007486,185.95184192280098,46.912512321325266,8.317268539008568,4.308480046323858,10.552653743799528,5.582727998391217,0.062162213625705086,0.04122746133684015,5.134097929391141,2.6536447916470842,-0.5858762112714175,-0.55643672593882,-0.5381285810189099
stage2_soh,39,-0.7296192235528182,0.9917403870134824,0.13516889033450658,0.07865379463638104,170.55660005335548,5.590038715357984,0.2781755880439018,0.17954115525344375,97.40766520234044,16.85392295816466,-0.2781755880439018,2.993766352709602,0.9803921568627451,0.2750892101587498,0.18393576650825494,125.83299355987377,18.971803731145492,0.5676645495261168,0.38236372764861465,135.5690350087416,41.51034142904308,6.121901496385767,4.0933508209061715,10.229463307804041,6.964619432883096,0.06022993307546099,0.04056927942036358,5.422600015921257,3.0067980213360634,-0.5676645495261168,2.9197521686553953,0.9078125,0.37562577037267797,0.1946402432215109,86.76191104767345,16.749569568550235,0.5832788291695018,0.391223062377685,186.93767353041707,47.41638451799872,8.359266306368475,4.331570822232616,10.692138381699689,5.628642111970683,0.06188662807029145,0.041509266140109344,5.166389085667669,2.849968762880655,-0.5832788291695018,-0.5676645495261168,-0.5381285810189099
stage2_soh,40,-0.7336429822653557,0.9914176312662295,0.13502630011079111,0.0787077723377888,170.8038490425096,5.582325411914877,0.276674536342304,0.17797795281042905,95.84882518513936,16.77145037029007,-0.276674536342304,2.9422942694495706,0.9803921568627451,0.2756867817341928,0.18384333977512285,123.70428964203612,19.611082102301072,0.5476974729664488,0.3646024723025952,118.00649632526093,39.830315801194786,6.1351999980601555,4.09129393414009,10.266511271795736,6.795843708595662,0.05811140077340805,0.0386847875638262,5.192753460584135,2.7047478513465943,-0.5476974729664488,2.6949259281158446,0.9078125,0.37300227515571355,0.1930710473076033,84.72909960974452,16.060114989689016,0.5776292424856982,0.38382772328550346,174.18093334552756,46.508073801815335,8.300882412339236,4.296649558661684,10.603410196973314,5.588827158971988,0.06128719971396101,0.04072461122557528,5.086671863416896,2.7982863108981864,-0.5776292424856982,-0.5476974729664488,-0.5381285810189099
stage2_soh,41,-0.7376724530621394,0.9920044598975984,0.1353832939589229,0.07872797330740547,171.73271639853124,5.5691454226755415,0.2754558211060613,0.17775971383960448,95.76318761794944,16.666476002395612,-0.2754558211060613,2.9437949189952777,0.9803921568627451,0.27790165388484167,0.18487506150359326,122.86931693961358,21.65918992396128,0.5691695449857509,0.37877893274029095,137.55945789627228,40.89588372551147,6.184490296016718,4.114254117819166,10.126497923375814,6.50855396376103,0.06038961501418397,0.04018892810619779,5.407484652800747,3.012031884137852,-0.5691695449857509,2.6961952209472657,0.9078125,0.37286805042295457,0.19300434414544726,78.0605011844794,16.02232974467248,0.5833776500950981,0.3861834258408635,187.03113747662582,44.095904255125376,8.297895342828749,4.295165130435724,10.684832737227294,5.597491995135812,0.06189711309659808,0.04097455427270315,5.120701106014115,2.678990083886347,-0.5833776500950981,-0.5691695449857509,-0.5381285810189099
stage2_soh,42,-0.7499536884309694,0.9919604477502457,0.13539635794298804,0.07854840402607281,170.12126413723598,5.615932479789375,0.2744205160503412,0.1763124104912532,93.69549475792768,16.466653496454082,-0.2744205160503412,2.8789443605086382,0.9803921568627451,0.2779842314777776,0.18580123852098399,125.25387571330303,20.011292099349895,0.5673776140043225,0.38436033454468,145.50798814988875,41.258767190137604,6.186327997646203,4.13486548409344,10.23820149196535,6.8426440074236,0.06019948885045333,0.04078112195981475,5.441912777009067,3.0155155139954455,-0.5673776140043225,2.625169014930725,0.9078125,0.372205179150344,0.19288486049663334,80.48141724125684,16.476537690899292,0.5744024045535935,0.38529428491165163,196.18066694026317,46.14603654322452,8.283143645976068,4.292506112555505,10.530833908312768,5.5479034804449725,0.060944828091744556,0.04088021528552174,5.077922065550216,2.665721449369113,-0.5744024045535935,-0.5673776140043225,-0.5381285810189099
stage2_soh,43,-0.7513086844303483,0.9920338013291669,0.13541463279387342,0.07875031271457078,170.04975486108097,5.566144271561963,0.27476982857074705,0.17595998152806952,95.10883295784116,16.286847694612973,-0.27476982857074705,2.9200173209695257,0.9803921568627451,0.27993294415711356,0.18312225613889158,126.05311106075136,19.354193493180155,0.5596881962572945,0.37044922165143507,128.20401202547967,42.563368576373506,6.229695118664029,4.075246765335774,9.945282045876866,6.795027831727111,0.05938363181537975,0.03930513513050724,5.26095787887296,2.8018373071855285,-0.5596881962572945,2.677725052833557,0.9078125,0.37562113191645446,0.19448465250898153,81.44993654364366,15.89207287105934,0.5908036777025687,0.3900704892093927,194.25447553041022,46.34156833367484,8.359163081047209,4.328108269065564,10.677455706854776,5.636299231513178,0.06268502410176452,0.041386976656207684,5.123582645131658,2.826646163974134,-0.5908036777025687,-0.5596881962572945,-0.5381285810189099
stage2_soh,44,-0.7676942049927963,0.9920338013291669,0.13543727632106425,0.07877664238488999,168.5351293928165,5.585595106205962,0.2731155708538637,0.17510793046555337,94.1982195215853,16.264654201429433,-0.2731155708538637,3.3116513962839162,0.9803921568627451,0.27518834893350524,0.18397486717348882,122.39020632132755,19.76584479364662,0.5633703832137852,0.37386136996815456,133.1163120958668,40.15167024351433,6.12410775454171,4.0942209765217505,9.99234145753687,6.70834698321407,0.0597743165501336,0.03966716842099742,5.323449708910512,2.8217930379069234,-0.5633703832137852,3.0266151428222656,0.9078125,0.3762629356815532,0.19465427816867303,85.0235010356283,16.39544660350122,0.5923817343551774,0.39522856036928716,179.274761525968,47.18753071505156,8.37344593651681,4.331883159324952,10.649080982156581,5.5366803917959775,0.06285245792629214,0.04193425458825092,5.226729243119484,2.7946489843770284,-0.5923817343551774,-0.5633703832137852,-0.5381285810189099
stage2_soh,45,-0.7764092618051505,0.9917257162976981,0.1347045028955719,0.07861493498055723,171.30117174283896,5.576291903174383,0.27203390476427414,0.17379608661331195,92.78792921532566,16.129955350114862,-0.27203390476427414,2.7705288344738532,0.9803921568627451,0.279770557769628,0.18461817065984304,127.65596606441272,19.07931842459311,0.5469460608666238,0.3648839926639316,128.30114413985666,37.693044443183275,6.226081332910793,4.108537207149151,10.088335737635552,6.8860471522746876,0.058031674990774024,0.03871465723339923,5.19202707858125,2.8928473177808054,-0.5469460608666238,2.6081445693969725,0.9078125,0.37445574251256447,0.19241721898433753,79.45804438683578,15.274125531746297,0.5777912380287656,0.3866816353569448,174.8433545453413,48.373488693268406,8.33322822474576,4.282099105780344,10.487461765399548,5.234041340206042,0.06130438764779554,0.04102741493810172,5.10473008916109,2.767927071117693,-0.5777912380287656,-0.5469460608666238,-0.5381285810189099
stage2_soh,46,-0.775964734135013,0.9917550577292666,0.134952081024093,0.07882578767183479,171.3152953277075,5.645060729283532,0.2725639004433255,0.17441923262869793,93.60395691170255,16.29433836522061,-0.2725639004433255,3.5664727014653823,0.9803921568627451,0.2764440934226115,0.1844587037896774,124.72943939478442,20.447395715407083,0.6027814391782962,0.4155872162509089,166.05964319194877,47.42022411423862,6.152053394657881,4.104988393037076,9.982979038260433,6.767601612285878,0.0639558798786122,0.044094333956039594,5.890066022285389,3.5180083385193184,-0.6027814391782962,3.0942144632339477,0.9078125,0.3737176011337494,0.1933895976824715,78.9376608092186,16.05423321808715,0.6070015878582976,0.4095628927982034,196.88106889726282,49.33169560476405,8.316801448832214,4.3037386553785435,10.697969919160915,5.595575810325483,0.06440364303869885,0.04345514555034422,5.433376084668699,2.923242721270414,-0.6070015878582976,-0.6027814391782962,-0.5381285810189099
stage2_soh,47,-0.7868379441387799,0.9917697284450508,0.1347736407272671,0.07841389007851449,170.06468114995374,5.538426316257852,0.27105326053362916,0.17317518711629762,92.96156750185818,15.882089703502695,-0.27105326053362916,2.9814210470984963,0.9803921568627451,0.2786301937956915,0.18517952665832696,123.09058398633867,19.18508739578882,0.5525370406443905,0.36078671021204367,132.79868385122003,37.08147320642517,6.200703398551108,4.121029758656864,10.132233180904768,6.878223510201737,0.058624885079588386,0.038279930336899394,5.119315064187794,2.9587683440219985,-0.5525370406443905,2.725507652759552,0.9078125,0.37568568922121726,0.19517463300835516,82.43727468349991,16.73368001183089,0.5829066438920707,0.38505745395359553,187.14945535567784,41.63212661382847,8.360599754846236,4.343463261175778,10.832027883693865,5.579384572577817,0.06184713873742743,0.04085508721866285,5.078860064125142,2.700938613714814,-0.5829066438920707,-0.5525370406443905,-0.5381285810189099
stage2_soh,48,-0.7984106458473563,0.9917990698766193,0.13491099892529382,0.07844361584456712,169.53415177963242,5.606339685851356,0.26930734063219464,0.17202103955644527,90.42087516177867,15.936045559797723,-0.26930734063219464,3.2363614344129377,0.9803921568627451,0.2781091920690249,0.18465007261427888,124.86751387155563,19.736600063054517,0.5850436121569305,0.3990806563921711,152.7401024304038,41.4852765754334,6.189108900721625,4.109247160921915,10.098317879032354,6.676399777676403,0.062073873797216406,0.04234296689176227,5.666621150641851,3.317286072885623,-0.5850436121569305,3.018027591705322,0.9078125,0.375634230305242,0.19260031491357948,78.1559067017453,15.158326592578138,0.5966298475490267,0.3980072191799991,195.14776607809304,48.947929991911096,8.359454575744047,4.286173766660579,10.568591454185826,5.51682815448236,0.06330318815698228,0.04222907383378673,5.27239153639894,2.8136886782329045,-0.5966298475490267,-0.5850436121569305,-0.5381285810189099
stage2_soh,49,-0.7995068402315039,0.991579009139856,0.13540109850275567,0.07876371486201723,170.57329601994869,5.571284866152179,0.2699124291542665,0.17195199402990782,91.94767647440308,15.87016105545368,-0.2699124291542665,3.2943686793832216,0.9803921568627451,0.27652704029069763,0.18390076607648356,125.64003094743843,20.768667778616596,0.5822364696658988,0.391618457591782,132.37511468739154,42.689834540315886,6.153899314225442,4.0925719128729865,10.031298556862371,6.608343078694853,0.061776032396851935,0.04155121807687077,5.566827407434632,3.2252238651562104,-0.5822364696658988,2.973433482646942,0.9078125,0.3746620207960588,0.19323913128318965,77.70608481051383,15.81149978410831,0.5814103248287871,0.38381465208003646,184.4545372731443,45.45285702377801,8.337818791317481,4.300390139911915,10.63634297885641,5.592095818787118,0.06168837737542878,0.04072322435399566,5.087159141710062,2.756596099134613,-0.5814103248287871,-0.5822364696658988,-0.5381285810189099
stage2_soh,50,-0.8081235823211135,0.9922391913501459,0.13486282116936574,0.07841534439697108,171.77802064635475,5.538975563105368,0.2685839338320591,0.1713524350612919,91.40522251841006,15.825350095192592,-0.2685839338320591,3.4541586660871317,0.9803921568627451,0.2776756635915848,0.18406277154481002,124.5546266195017,19.352832651385484,0.5965125212433651,0.4027156475931406,141.114471612336,44.74385499249182,6.179461053635095,4.096177221559569,10.036175184312928,6.770554840148481,0.06329073968623687,0.04272864409663096,5.76704583276519,3.31743643401475,-0.5965125212433651,3.2595863580703734,0.9078125,0.376263258507475,0.1942811614335369,79.9686520000668,16.285196164461862,0.5907546203784113,0.39758056055834456,194.54612548761799,46.55527652413382,8.373453120762576,4.323579729692658,10.671574631964535,5.554808245751841,0.06267981905707162,0.042183804809589664,5.266358700179194,2.9768853580017627,-0.5907546203784113,-0.5965125212433651,-0.5381285810189099
stage2_soh,51,-0.8236754987185377,0.991843082023972,0.13429453362305696,0.07832412685837327,168.2244653921513,5.571748876683409,0.26644152084828643,0.17051379421216628,89.73488205338649,15.683238630172761,-0.26644152084828643,3.320178052490833,0.9803921568627451,0.273004785727181,0.18241310938462324,124.3726744725687,19.981730091034642,0.5628196323578126,0.38231518247310875,144.73122063962745,40.0881495953348,6.07551421336816,4.059465242775847,10.012465079169733,6.963025492889837,0.059715881181526945,0.04056412871529612,5.399488249646065,3.0262665682604064,-0.5628196323578126,2.9352553606033327,0.9078125,0.37450301186701757,0.1940647963216179,79.75245512442034,16.2365066194457,0.5904402794273433,0.39432149827753166,193.5406031232807,47.567635026902124,8.334280168337413,4.3187646884132915,10.652076339780354,5.366079578649779,0.06264646708104721,0.041838014142855255,5.2000888934611265,2.757436548262403,-0.5904402794273433,-0.5628196323578126,-0.5381285810189099
stage2_soh,52,-0.8196885883908697,0.9920924841923038,0.13520336935306665,0.07849517298493111,169.51529593645327,5.560264836101619,0.26739816312264697,0.17014990995114146,90.8741467029916,15.746152831222862,-0.26739816312264697,3.077085661420635,0.9803921568627451,0.278572913801753,0.1872092903719521,128.2036513930864,21.197708779092814,0.5775499748224194,0.3824692320142526,139.1904529669347,39.63006954719613,6.199428675778803,4.166200608900609,10.407073580260429,6.900195963410143,0.061278789313737286,0.04058047356818705,5.423416735204843,2.9481533939326683,-0.5775499748224194,2.961998796463013,0.9078125,0.37616953112423307,0.1940908139131352,84.6612811579754,15.649926145395566,0.5869612221474013,0.391105147817143,177.91451174235272,44.11886172851274,8.371367289015886,4.319343690157309,10.670878767720636,5.332862792103844,0.062277334664179666,0.041496755254770465,5.138899394718256,2.733663322260565,-0.5869612221474013,-0.5775499748224194,-0.5381285810189099
stage2_soh,53,-0.8305704632492452,0.9919897891818141,0.1347340905098044,0.07828752142604485,167.28402798037865,5.5766222972386394,0.26527692511472406,0.16871956138034508,89.26799356591945,15.603674271780884,-0.26527692511472406,3.338044646207024,0.9803921568627451,0.2804327335740364,0.18818855509527174,127.61559795509615,19.96926270037287,0.5991074544083043,0.3963895469264803,127.55830429413855,44.21406176211714,6.240817552646708,4.187993401760746,10.376276351949665,6.838567559227236,0.06356606540631231,0.0420574367434509,5.662648613850424,3.1012957331975555,-0.5991074544083043,3.12534818649292,0.9078125,0.3775274992921597,0.19534672373447393,83.18586121797316,15.838240431109078,0.5811275900469768,0.386361370664963,177.15919564606233,46.29938446779112,8.401587839485593,4.347293009616775,10.671523479003383,5.464883274196289,0.061658378854293795,0.04099343444560735,5.088369723965906,2.867260103748815,-0.5811275900469768,-0.5991074544083043,-0.5381285810189099
stage2_soh,54,-0.8304439998384131,0.9915496677082875,0.1357059941987615,0.07890919656178585,171.55577236396414,5.62510612330027,0.26632971945509765,0.1694825597548198,89.62038015543078,15.559686555739496,-0.26632971945509765,3.619084856556911,0.9803921568627451,0.27885769994439025,0.18233162541599834,122.76713775881721,18.927771137739228,0.5838780143535556,0.38452606794113914,137.93531989501273,40.2236820506819,6.2057663751445995,4.057651878925015,9.761636593055558,6.546428305983487,0.06195020238291234,0.04079870648466386,5.4962755151373734,3.364831362338788,-0.5838780143535556,3.2222817182540893,0.9078125,0.37630628878327904,0.19472795382826008,81.83845441410526,15.993357218618616,0.5936937247237398,0.39454177070001606,186.12230035067063,45.675727338528915,8.374410726877636,4.33352275518701,10.719094746467487,5.5867763853881645,0.06299166177856746,0.0418613853279604,5.218819314100669,2.959969522877951,-0.5936937247237398,-0.5838780143535556,-0.5381285810189099
stage2_soh,55,-0.8283328648130356,0.9921364963396564,0.13467601611339744,0.07853262148822625,169.60510769313626,5.6222883810632,0.26810394305525537,0.17007028631240928,91.45280412194276,15.665615295812152,-0.26810394305525537,2.9559199707180848,0.9803921568627451,0.27841414290801825,0.1838645366038762,125.94842192790492,20.690289550980857,0.5265919938517751,0.35083697620395793,113.8487364547528,38.07600228396609,6.195895350093741,4.091765653469208,10.012547602922485,6.490717019113701,0.055872082507605635,0.03722425086224149,4.983138807452562,2.5752040875551434,-0.5265919938517751,2.7814346075057985,0.9078125,0.3764252875819425,0.19387174384428363,79.77755339237645,15.735941090626703,0.5777002885296955,0.3829174082606187,186.89572154662278,43.73121999438699,8.377058954785904,4.314468452115287,10.72403605563255,5.281237134792446,0.06129473778988771,0.04062802563982368,5.026376138625137,2.763325128225647,-0.5777002885296955,-0.5265919938517751,-0.5265919938517751
stage2_soh,56,-0.8400544713632099,0.9913296069715242,0.13521282293752004,0.07873863367047412,168.91506948944476,5.594081141091389,0.26567375856833797,0.1685329970515852,89.59016671265856,15.467965453841515,-0.26567375856833797,3.5569433137482287,0.9803921568627451,0.2797126732770148,0.18761583115613345,122.07976234732584,19.870857671432727,0.5834071792290015,0.3917092063491616,129.009072793907,41.93309303748585,6.22479315747948,4.175247865365468,10.177265495093158,6.5671019682807765,0.061900246175386,0.04156084663582907,5.56724852188836,3.2021702848276714,-0.5834071792290015,3.307775378227234,0.9078125,0.37294093100972453,0.19345229328246205,82.27213761909687,16.49973929626261,0.5723770483893699,0.3865220358791703,184.56278203048402,46.143774078470415,8.299517244948962,4.3051338983514595,10.625101526566395,5.615503941188658,0.06072993521825616,0.041010481229852264,5.112325221672784,2.7366125959304863,-0.5723770483893699,-0.5834071792290015,-0.5265919938517751
stage2_soh,57,-0.8560847563064709,0.9916817041503455,0.1349802162842833,0.07852245915705021,171.23867971706733,5.578430129940551,0.26314542027581656,0.16692706483815858,88.19513258555506,15.330881582873184,-0.26314542027581656,3.1842927792493034,0.9803921568627451,0.27971601288822256,0.18592516172165965,125.39181106081377,20.696884773267072,0.556495305556552,0.37290629667741265,125.41093927089746,42.34928969496945,6.224867477991134,4.1376233008293815,10.16606495816888,6.884121417177992,0.05904486203772933,0.039565833926124415,5.295146044377559,2.98114392943591,-0.556495305556552,3.0998504042625425,0.9078125,0.3764290486739304,0.19251805279127437,85.56488866499387,15.740932646000573,0.5791467419421317,0.3828806079789501,175.73951421974866,44.20418560635446,8.37714265503229,4.284343085590446,10.543729317963933,5.315315650745016,0.06144820834270016,0.04062412108297949,5.042055685808156,2.7533944842331786,-0.5791467419421317,-0.556495305556552,-0.5265919938517751
stage2_soh,58,-0.8610741873705501,0.9916817041503455,0.13557752798129996,0.07882325023062771,170.89227930451796,5.584521440902723,0.2634164123188101,0.16681609350458318,89.2205887174556,15.136117896247203,-0.2634164123188101,3.3266419868843227,0.9803921568627451,0.2776741016418762,0.1853901416793758,125.35440449067171,19.211550238526115,0.5679094240441079,0.38087208223730035,143.0345409713944,37.94653215203361,6.1794262936303195,4.125716836029968,10.231750769499861,6.863649279650115,0.060255914574293,0.04041101393880271,5.392968819859632,3.011047931765184,-0.5679094240441079,3.0806130170822144,0.9078125,0.37511142618003523,0.1942616164422361,83.1600068829232,16.48713093388337,0.6009634993330735,0.3927490524514724,178.56336496479076,44.05101568754745,8.347819966903616,4.323144770751804,10.6776324424293,5.6774389721653185,0.06376299414124427,0.041671175634184245,5.171229031886634,2.751796148435254,-0.6009634993330735,-0.5679094240441079,-0.5265919938517751
stage2_soh,59,-0.8761937428658927,0.9914469726977979,0.13540258804614141,0.07888632470129976,170.52962217820507,5.600321338204947,0.26145775472481875,0.1653963349471361,88.09480564161011,15.144580816599435,-0.26145775472481875,3.3377885921328674,0.9803921568627451,0.27520665782101583,0.18237496574646703,123.12161392714701,20.572351559096447,0.5682874111716085,0.38817662281422494,131.43129490929638,41.75603968428494,6.124515204931289,4.058616385071209,9.971276546806367,6.666747418488866,0.060296019490852885,0.041186035015004195,5.485277364183971,3.2299796303071817,-0.5682874111716085,3.0372398614883425,0.9078125,0.37514677415868464,0.19581310497706,88.4142879262286,15.790337140842308,0.5834503888305278,0.39146703460828575,197.4433866736324,50.58622334286226,8.34860660932868,4.3576719700464706,10.804759051763309,5.6087993908283735,0.06190483076924574,0.04153515190509788,5.136438263920832,2.9399686045258173,-0.5834503888305278,-0.5682874111716085,-0.5265919938517751
stage2_soh,60,-0.8735783734973649,0.9917990698766193,0.1349012753763264,0.07853377712366967,170.0499719321373,5.581407803973603,0.2606739136937229,0.1649568632378266,88.81696218672911,14.99254078818609,-0.2606739136937229,3.4716498935923856,0.9803921568627451,0.2774103805924647,0.18221004041386585,120.55005335515324,18.98667280780247,0.5705666721938162,0.3901112895312847,146.64981908009923,42.78088179322998,6.1735573819195,4.054946097022251,10.142074997304007,6.496742190627125,0.06053785199376975,0.04139130562242385,5.514761358021354,3.3744139130969124,-0.5705666721938162,3.179071283340454,0.9078125,0.37572450400357815,0.19558324203826488,80.9534577521899,16.51395683446011,0.5933706669152343,0.3977871720080657,205.07283565743455,47.71234827182189,8.361463548355546,4.352556544878898,10.819188843199562,5.627695095839613,0.06295738493284575,0.04220572654805248,5.257297263119945,2.7492907989636355,-0.5933706669152343,-0.5705666721938162,-0.5265919938517751
stage2_soh,61,-0.8635475374349988,0.9918137405924035,0.13519931356340056,0.07858660295384726,170.28614434214185,5.571241865712555,0.2632005312143127,0.16669355263003582,88.53038371093851,15.329323649830245,-0.2632005312143127,3.3840866219763663,0.9803921568627451,0.28232779688123477,0.18625133093355187,126.31056338317924,20.08468731231668,0.5758479748528376,0.38546006880408407,139.45619713385457,41.68934148107979,6.2829907476236695,4.144881948979215,10.281823982545435,7.1864669886687125,0.06109820494512043,0.040897805168058056,5.5122643499521145,3.099395524004345,-0.5758479748528376,3.0902822732925417,0.9078125,0.37463096339648516,0.19371077804280504,78.76274523009569,16.340685535595416,0.5930590699530351,0.39692770321980786,190.06914858829168,45.76067883866587,8.337127632471905,4.310886280424983,10.739903095892165,5.701692366443801,0.0629243240975418,0.042114535812889556,5.264392869011839,2.8579876840080916,-0.5930590699530351,-0.5758479748528376,-0.5265919938517751
stage2_soh,62,-0.8814898394281581,0.9917990698766193,0.13448476700392123,0.07814412000904897,170.66995874595125,5.509973870757022,0.2607711992060795,0.16475169617608737,87.95541843640198,14.972131488638826,-0.2607711992060795,3.5764445716259528,0.9803921568627451,0.2820689564173321,0.18551227145408297,125.25983580302217,20.116447705668,0.5865014719282746,0.397243541349456,140.00370129912125,44.989949776260836,6.2772304496375115,4.128434741432733,10.04316258711931,6.740824549717647,0.06222855457926411,0.04214804664147181,5.6625861924865015,3.500555437091041,-0.5865014719282746,3.243287968635559,0.9078125,0.3724295944805784,0.19237048931572645,81.93684771299283,16.40475048134166,0.5959773242976074,0.4023795878190867,199.62167752578392,47.89279482385028,8.2881378387515,4.2810591724873195,10.543079769242192,5.426547207486511,0.06323395460735165,0.04269298772577336,5.342277587883305,3.0350019660610803,-0.5959773242976074,-0.5865014719282746,-0.5265919938517751
stage2_soh,63,-0.8779053264311822,0.9922245206343617,0.1353593957036052,0.07875261332751476,172.51752631071957,5.5525726150477155,0.2613299667461507,0.16510804340305044,87.31302431906472,15.02120388808262,-0.2613299667461507,3.3848744878581924,0.9803921568627451,0.28014001043229725,0.184971812780143,123.38843372225084,19.542982365815632,0.5901819526580894,0.3984409978750217,150.21735400415372,41.14779718977202,6.234303221392474,4.116407244015375,10.098861033468511,6.921496898380472,0.06261905828119041,0.04227509830685377,5.623756353196941,3.0746752297503974,-0.5901819526580894,3.212423861026764,0.9078125,0.3753882223370352,0.1931294594956853,80.2092514232914,15.201642185629737,0.5961145706435336,0.4004163272709775,205.9230301025972,44.51865782786955,8.353979855205866,4.297949477554977,10.654586321224494,5.35042085136762,0.06324851661978821,0.04248468327639208,5.290771074660627,2.8687445305867163,-0.5961145706435336,-0.5901819526580894,-0.5265919938517751
stage2_soh,64,-0.8972037650748947,0.9917257162976981,0.13493124180990756,0.07839600437872091,170.98643118391735,5.5516532905903695,0.25995885303485283,0.16420704706507452,87.5677698570948,14.925910075315851,-0.25995885303485283,3.5671068705764473,0.9803921568627451,0.27783516070525727,0.18338796976661564,123.82810920363998,20.09232823999073,0.5685164007604538,0.3825809781193076,133.2267762181862,42.30234649762441,6.1830105407934495,4.0811600203639715,10.04367620519415,6.929185340669595,0.06032031557843251,0.04059232997252748,5.429694416126174,3.273942281491119,-0.5685164007604538,3.423000431060791,0.9078125,0.37423562353155043,0.19313842821538857,79.2289801794368,16.39152599804229,0.602224435290712,0.39817954010613904,186.89715777642127,46.21457281156776,8.328329643960002,4.29814906960201,10.716245360031618,5.33292053175877,0.06389678105537236,0.04224735730394103,5.271917276452572,2.9240927074792387,-0.602224435290712,-0.5685164007604538,-0.5265919938517751
stage2_soh,65,-0.9038707106217283,0.9919311063186773,0.1353445617004254,0.07888865496710985,170.70236552664701,5.581045545854046,0.25822351323892306,0.16278077813036768,85.87590352368821,14.90797826111024,-0.25822351323892306,3.042736016067804,0.9803921568627451,0.2784476370242067,0.18374727229569474,123.52102624832709,18.992305551651476,0.555418129278646,0.37245320072214977,138.57975769886232,39.409276788207016,6.196640736217375,4.089156025329615,9.977605206674749,6.719480890538273,0.05893057226010818,0.03951775986709602,5.275632955423649,3.0185777314172113,-0.555418129278646,2.9429909586906433,0.9078125,0.37634251893983245,0.19484925095057407,90.46425194320844,15.919803494343878,0.5894833826313164,0.39421818978735246,195.54831063247167,46.65762197094469,8.375217001502113,4.336222130543,10.633477884684929,5.400557273586127,0.06254493910993655,0.041827052980220006,5.192609080351845,2.888992675409258,-0.5894833826313164,-0.555418129278646,-0.5265919938517751
stage2_soh,66,-0.9072977681553333,0.9916817041503455,0.13582989526287859,0.07893429545007014,171.20225887416788,5.59929886847319,0.25578827982384916,0.16166761590941708,86.85470307400604,14.70235397136259,-0.25578827982384916,3.3423431901370777,0.9803921568627451,0.2812771373784791,0.1865925283755596,126.61156152634857,19.77424043756445,0.5742212894303003,0.38923855885388514,152.7138290246861,41.98343005175215,6.259609118157359,4.152475038979309,10.192529324619228,6.90228562418689,0.06092561154605042,0.041298707783900095,5.482346059024295,2.9720429284280137,-0.5742212894303003,3.082165336608887,0.9078125,0.37411308188572134,0.1928993147917936,76.83637430060833,15.901631546676,0.5926210613067145,0.39854834685174867,186.59167693478898,49.363587670463374,8.325602572678152,4.292827781919126,10.49867759971938,5.521763415564232,0.0628778508212444,0.04228648817026761,5.258132164643928,2.875418536813525,-0.5926210613067145,-0.5742212894303003,-0.5265919938517751
stage2_soh,67,-0.9186715730354525,0.9919604477502457,0.1358993314380826,0.07903651110164678,171.89190621400354,5.618119309406063,0.2575101337184312,0.16139249821826696,84.40183484540492,14.542785614048864,-0.2575101337184312,2.7921100125593297,0.9803921568627451,0.2747989852288364,0.18217475731291022,126.22488260065062,19.320760397066074,0.5106623470177533,0.3335704745816103,133.26746794965916,32.65311398679722,6.1154427609388184,4.054160898401002,10.000191278276558,6.540403993185746,0.05418192665142294,0.035392253007118284,4.689545024317619,2.4539412807299543,-0.5106623470177533,2.788894462585449,0.9078125,0.37385040373622624,0.1938646255621279,89.29515594945742,16.196392401225435,0.5748274056542644,0.3809142146532395,189.77680380943895,44.846297980945835,8.319756869913098,4.3143100401508345,10.654831812259165,5.580168288261014,0.06098992125085018,0.0404154842418971,4.996596973827332,2.685605369303876,-0.5748274056542644,-0.5106623470177533,-0.5106623470177533
stage2_soh,68,-0.9127983884683173,0.9920484720449511,0.1353159146403344,0.07888588076412292,169.2286192979373,5.603558980840068,0.2567743272263856,0.16185298132392054,87.07693437702942,14.640261498271737,-0.2567743272263856,3.553287737977271,0.9803921568627451,0.28054629412750187,0.18470042705645456,121.37485788466515,19.822437332160725,0.5943497129974377,0.3943856690124627,132.3580760377274,41.885951553167786,6.243344756537363,4.110367760798321,10.10342282769323,6.939452954360627,0.0630612629714834,0.04184482273971678,5.623123129864191,3.136533202786321,-0.5943497129974377,3.2174674034118653,0.9078125,0.3725968021127975,0.19133114736760035,80.59868603009912,15.969654010552652,0.5874000251688368,0.3921830589479214,173.24312848382698,49.312381847466504,8.2918589176455,4.257929406605852,10.558424470277398,5.350184139358802,0.06232389222469041,0.04161112300121909,5.181817010234577,2.768309253284035,-0.5874000251688368,-0.5943497129974377,-0.5106623470177533
stage2_soh,69,-0.9254168568961719,0.9916670334345613,0.13461151068947075,0.07846066776963641,168.3275516328699,5.596106480054172,0.25608547014815014,0.16118343992869064,86.46271088746528,14.432642432772186,-0.25608547014815014,3.2222333431243895,0.9803921568627451,0.2787748944882101,0.18297497074795413,124.0952195595447,19.563014158654706,0.5624230936673812,0.3707840055994251,131.36340266753135,40.11852220884066,6.203923602591631,4.071969040794505,10.061657236035636,6.657180772763971,0.0596738079204673,0.039340656134591465,5.231505723485827,2.8332474168598627,-0.5624230936673812,3.0591274738311767,0.9078125,0.3740734494626841,0.19394305299865663,78.43285779325132,15.937022896246905,0.5899733338241413,0.3863328785282647,184.50642154601593,43.56545037502468,8.324720583196424,4.316055383200697,10.651747137303378,5.522285182314605,0.06259692355669957,0.040990411393546144,5.081697649165439,2.6004060279750183,-0.5899733338241413,-0.5624230936673812,-0.5106623470177533
stage2_soh,70,-0.9315387518450721,0.9916376920029928,0.1352876917176006,0.07868419819567328,170.24232631902487,5.588189037064235,0.25673060634791495,0.1609683827760925,86.27816765267083,14.52256438853915,-0.25673060634791495,3.568232973884134,0.9803921568627451,0.27380076527115554,0.18129420571905724,122.99149553785158,19.28293292225757,0.566008212353864,0.38321249214977976,143.038133506324,40.985475871749266,6.093228133730714,4.034564891284101,9.955329985627893,6.49227972457812,0.06005419358790894,0.040659334417006705,5.414927170033891,3.3242381507593413,-0.566008212353864,3.4967182636260987,0.9078125,0.37574479163489266,0.19452227360088728,78.82248599359922,16.394503855396394,0.5959891731455813,0.4000273084589935,216.82170311083618,47.86469829584189,8.361915034186021,4.328945497900169,10.737100404396411,5.393435602643655,0.06323521178524145,0.04244340788403148,5.272519218662762,2.9746252306282512,-0.5959891731455813,-0.566008212353864,-0.5106623470177533
stage2_soh,71,-0.941741502499417,0.9915349969925032,0.1344768781601306,0.0781645007133165,170.05064625673904,5.543211820935308,0.2548894380157544,0.15929227226265733,84.05589388924312,14.408758268130132,-0.2548894380157544,3.095064109914443,0.9803921568627451,0.2807370084653151,0.18701873485218076,126.53438013209022,20.463417897423533,0.5580485470284269,0.3734746228013297,144.07960371225013,38.19920481798489,6.24758895931568,4.161959940497223,10.193043843706016,6.9311804466216405,0.05920966293991559,0.03962613405308696,5.261825723085239,2.9220233980912784,-0.5580485470284269,2.9809638023376466,0.9078125,0.375286676547251,0.1936849181784055,78.3105963533865,16.2057874289894,0.6001585847502774,0.39582546685705894,211.78277578364083,48.5861486959987,8.351720030758107,4.310310788778208,10.659533385896912,5.54943239035574,0.06367759167689496,0.04199758712828855,5.185212729523608,2.7112883277374027,-0.6001585847502774,-0.5580485470284269,-0.5106623470177533
stage2_soh,72,-0.9476232462604881,0.9914763141293663,0.1352328550618459,0.07855976537267764,171.7854876414578,5.5691629478393,0.25395144711494083,0.15890553377512578,83.81163336490788,14.385491824927984,-0.25395144711494083,3.5208657339507456,0.9803921568627451,0.28002487350967786,0.18661151339902599,125.43606865717724,20.818095516500197,0.5851937286996378,0.3955123823957846,157.7097646611571,40.022822853741346,6.231740936603236,4.152897536261193,10.048856764113978,6.575001737578663,0.062089801353954505,0.04196436846743459,5.603319051733875,3.17902610271421,-0.5851937286996378,3.474559950828552,0.9078125,0.376495016605653,0.19555783056093787,84.22438286574375,16.133559993254217,0.6025160606992354,0.40428278170656995,202.2878724097148,49.274152633764174,8.378610721263215,4.351991031745964,10.872300774939754,5.541149763124257,0.06392772288334653,0.0428949190258139,5.3569598644766145,2.7691995242479446,-0.6025160606992354,-0.5851937286996378,-0.5106623470177533
stage2_soh,73,-0.9459294571733887,0.9918284113081878,0.13522639105797316,0.07842613620850214,169.62778308477274,5.506927650486594,0.25554899875821274,0.15957230141082057,84.90957383093941,14.260553086146485,-0.25554899875821274,3.5945804446351293,0.9803921568627451,0.277560706119788,0.18387945652300236,124.62507982841443,19.711457917721326,0.5526642932795006,0.3772501041957488,135.59822762413089,43.50275919950561,6.176902762387656,4.092097684940642,10.016702335312857,6.87727281297294,0.058638386746554826,0.040026717446753755,5.319898528788242,3.2167621840777603,-0.5526642932795006,3.2499786853790282,0.9078125,0.37597231126407815,0.1940840479772305,77.6076830286078,15.79656255300943,0.5808703073688966,0.38237068276539504,174.82173390784186,43.74776529859196,8.366978310777508,4.319193119391136,10.731097248702955,5.406864386977481,0.06163108083384284,0.04057001736712908,5.029122526675971,2.724252237684081,-0.5808703073688966,-0.5526642932795006,-0.5106623470177533
stage2_soh,74,-0.9447998628333993,0.9917403870134824,0.134729062062482,0.07862602627166249,169.9562650578675,5.588289775739745,0.25542364475915974,0.1597947858884245,84.94259592424032,14.283884297369767,-0.25542364475915974,3.187120947183347,0.9803921568627451,0.2744108511528841,0.18107608034111122,126.50744945562921,18.843109839112515,0.5528118567221507,0.37252535791976343,137.94365051872617,41.04892482443843,6.106805131789352,4.029710676620876,9.883946868411577,6.8073359858485265,0.05865404341611895,0.03952541583783932,5.263531675735907,2.9218510905764328,-0.5528118567221507,3.194866490364075,0.9078125,0.3743240138867427,0.19336413984347017,77.26644706211242,15.947095282593104,0.5968889830439057,0.39901511506468523,198.82808508473514,46.17174699088696,8.330296704199862,4.30317211050175,10.724202464239003,5.457461750930586,0.0633306827636599,0.042336012873281724,5.256734478987227,2.755537068153151,-0.5968889830439057,-0.5528118567221507,-0.5106623470177533
stage2_soh,75,-0.9572197943280956,0.9916376920029928,0.1350947328815843,0.07820544138962511,170.44314098393662,5.513808635600581,0.25369693152561335,0.158636324584249,85.15542768933726,14.201779700313164,-0.25369693152561335,3.553370361702115,0.9803921568627451,0.2770099313901292,0.18418748117618117,124.6562150326881,20.491803098238865,0.5624540912358925,0.3777832773395394,140.0204682655162,38.99142466254608,6.164645688983272,4.098952539713502,10.090993605300122,6.88467024154675,0.05967709680204094,0.040083287797667774,5.334339643751028,2.9755963528219516,-0.5624540912358925,3.3340086102485658,0.9078125,0.3753173921453535,0.195233210976221,84.20815979301543,16.408854512215235,0.5913689322782792,0.39666272152226156,201.75399809659498,49.05825784278788,8.352403583071473,4.344766869372283,10.713126560588847,5.59063325773165,0.0627449983335429,0.04208642091664889,5.231536137415046,2.896938212273569,-0.5913689322782792,-0.5624540912358925,-0.5106623470177533
stage2_soh,76,-0.9735608180238053,0.9917110455819139,0.13532305148429785,0.0788036848451254,171.55244167607887,5.617316433235995,0.25323378013350867,0.1580622377287834,83.7481975416879,14.146071876647753,-0.25323378013350867,3.9160106247546627,0.9803921568627451,0.278886769965043,0.18659030672747132,123.52720123819266,18.917743433108953,0.5915863389392325,0.4001870805014144,149.3708989717967,43.67770569946452,6.206413306381313,4.152425597888005,10.16899956672739,6.804635323607245,0.06276806545769273,0.04246035990161013,5.672920251684707,3.298083261278057,-0.5915863389392325,3.7920400142669677,0.9078125,0.3765135726648626,0.19396798288398714,83.45556109537085,16.434743693585418,0.5991195658230304,0.40241228836785015,191.3577185384079,49.487041029010626,8.379023672271279,4.316610178869424,10.750681218431039,5.480928408252765,0.06356735044286958,0.042696457295724834,5.31121874978348,2.929813911788686,-0.5991195658230304,-0.5915863389392325,-0.5106623470177533
stage2_soh,77,-0.9659767500419928,0.9918870941713246,0.13532994375328253,0.07878056547579347,170.69616468259397,5.55843954101044,0.2519523249464821,0.15805941868382642,84.19228081504393,14.100070499244016,-0.2519523249464821,3.5503471449309703,0.9803921568627451,0.2754580909258875,0.18553358638914777,122.0392582649626,21.22793767107463,0.5707408685453355,0.3798701075270918,137.13340981472152,38.75468073085993,6.130110657766634,4.128909089128136,10.154217084037441,7.104640998921127,0.06055633444894993,0.04030470314347554,5.345298162301041,3.163138302517711,-0.5707408685453355,3.407118248939514,0.9078125,0.37335724832569783,0.193731711667715,87.08922844700668,16.442685761922768,0.5990557318363233,0.39955932001139444,183.5921407824882,46.89529729034831,8.308782070705515,4.311352142352417,10.580350565110134,5.420582514235768,0.06356057757542434,0.04239375371256259,5.293490181412318,2.808165936092765,-0.5990557318363233,-0.5707408685453355,-0.5106623470177533
stage2_soh,78,-0.9706286561007637,0.9919751184660299,0.13514607735178966,0.07866641560965242,171.89954780168415,5.567810550171345,0.25210764875251607,0.15747136883191834,83.13772431302877,14.097615829021063,-0.25210764875251607,3.4983695170458624,0.9803921568627451,0.2744856133183083,0.1807847004420325,123.93207436304439,19.935786356043007,0.5795433017834454,0.39531522573738853,152.0570089696358,44.1844221653715,6.108468907013831,4.023226238212124,9.98774052415728,6.323609470540739,0.061490283847895406,0.04194344989439618,5.587960256903564,3.166836174467636,-0.5795433017834454,3.5875418901443483,0.9078125,0.37727991145964923,0.19494966231795843,80.98455877222207,15.705320080923943,0.6135016918922788,0.40708574115124063,205.0086413881022,50.1821884670645,8.396077960266929,4.33845670928162,10.641543667948824,5.537248290982694,0.0650933123711894,0.04319231659962168,5.3814671584908265,2.7997237833310376,-0.6135016918922788,-0.5795433017834454,-0.5106623470177533
stage2_soh,79,-0.9820021559332601,0.9922098499185775,0.13515693908311022,0.07870860369037314,170.3223927259009,5.560177346265648,0.2508552035280487,0.15663252407255318,82.08355561205813,14.093882495334253,-0.2508552035280487,3.624370853573668,0.9803921568627451,0.28066473585372465,0.18616281703260598,125.52454513363405,20.223634884932434,0.5851774628937696,0.3914739967104705,140.62317537909226,40.75185765831739,6.2459805872214496,4.142912139322418,10.315095843515417,6.9561947598769756,0.06208807553119583,0.0415358905930237,5.534070055772965,3.150814165045131,-0.5851774628937696,3.377725291252136,0.9078125,0.37547793435807714,0.1947987064064364,82.9289518068736,16.137733772705012,0.6012034044505095,0.3967890342095416,200.65234195660855,45.447724711197154,8.355976328115668,4.335097300091773,10.915852184411404,5.583131962724366,0.06378844838033618,0.04209982285395113,5.233573256417049,2.7050965982407935,-0.6012034044505095,-0.5851774628937696,-0.5106623470177533
stage2_soh,80,-0.9806596239547768,0.9919457770344615,0.13566070695514051,0.07885702092987872,172.69385838936603,5.5874419278397935,0.25092846420110393,0.1561139282213025,83.48735561307731,13.831584925908412,-0.25092846420110393,3.532944268806308,0.9803921568627451,0.2794188448704586,0.1863369771790709,125.61727722172823,21.48899888468582,0.581150744219131,0.3905139352971067,146.20521594767104,38.774457163016535,6.2182542293959715,4.146787941141904,10.254469244049854,6.917683655556051,0.06166083554150535,0.041434026851975385,5.5214905564410985,3.063165574506608,-0.581150744219131,3.4307398319244387,0.9078125,0.3762466073873705,0.19449979334749515,82.00535078842556,16.19405071515,0.603412995229992,0.40200352727042626,188.5318337005633,50.398331605269604,8.373082562727875,4.328445216930221,10.673701040257729,5.481112850804479,0.0640228887815969,0.042653087221686835,5.319953644423614,2.937500151967699,-0.603412995229992,-0.581150744219131,-0.5106623470177533
stage2_soh,81,-0.9891440775249527,0.9916523627187771,0.13492613081365937,0.07854832229188012,172.34758586448257,5.5733076277081715,0.25186262707213936,0.1567184845744361,83.91095812798649,14.017236045772114,-0.25186262707213936,3.7587231346205168,0.9803921568627451,0.27498634219898227,0.18322932833586544,124.29035477135736,19.065930138348865,0.5788914296940701,0.39102704717832454,128.6751317488289,43.95672569208514,6.119612248048955,4.077629575779329,10.255652508247817,6.766829079167447,0.06142111938738857,0.04148846867733117,5.5468449823654,3.2954297196355533,-0.5788914296940701,3.40556857585907,0.9078125,0.3755776947937531,0.19350355606693484,82.25189405267656,15.58348473431166,0.599596809179585,0.3974687059242569,183.21833603352886,45.599957860971536,8.358196420863369,4.306274712695983,10.763281222929555,5.507822944267636,0.06361798657198843,0.04217193689018038,5.253927379120077,2.9995933005302646,-0.599596809179585,-0.5788914296940701,-0.5106623470177533
stage2_soh,82,-0.9923671347965208,0.9920778134765195,0.1348185979525291,0.07843871986090309,169.3855582600489,5.5680265270286595,0.24983426906037492,0.15507452048501022,81.13826574168411,13.71772150012578,-0.24983426906037492,3.4647004108802943,0.9803921568627451,0.2753865946098891,0.18309019577561642,124.40284203713772,19.881376743903797,0.5643877870537048,0.3845886171663034,135.28432435491865,42.25436808115279,6.12851956154136,4.074533286294573,9.857000698145134,6.711745856646778,0.05988226439581151,0.04080534303727,5.4234641085463045,3.261486681615636,-0.5643877870537048,3.3561665534973146,0.9078125,0.3769293463599756,0.19440994338947348,77.185075902595,16.480843532107805,0.5899866676231863,0.3928189689613646,190.317208408427,44.52042779485363,8.388276400158357,4.326445674337672,10.68375059443193,5.51547983608798,0.0625983382897929,0.041678593865101074,5.1669095707749,2.8320176676990987,-0.5899866676231863,-0.5643877870537048,-0.5106623470177533
stage2_soh,83,-1.0002709451353509,0.9916083505714244,0.13600880157635603,0.07918679363045437,169.5649894056023,5.618731231288743,0.2494334480166547,0.15545317039268944,83.51742872077814,13.845868539757317,-0.2494334480166547,3.5547376492444207,0.9803921568627451,0.27959461323797635,0.18445784321200906,126.06867041702111,20.579196326199877,0.593898539729702,0.40423870991513716,157.64816360468504,39.91143667943923,6.222165820953863,4.104969241534505,10.221427166414669,6.822236579814115,0.0630133929120551,0.042890242952504896,5.733478753297509,3.3744487232262994,-0.593898539729702,3.432996153831482,0.9078125,0.37334747263906837,0.19193866044442984,81.91864003813734,16.172999454800276,0.5977054002858964,0.40091296491118555,205.49292768373098,47.14654774084697,8.308564520222273,4.271449148844998,10.581240469765547,5.487161170314378,0.06341730567482777,0.042537377163754705,5.290530168069144,2.9604192765860695,-0.5977054002858964,-0.593898539729702,-0.5106623470177533
stage2_soh,84,-1.0037322320871374,0.9920631427607353,0.13523626940692318,0.07880951456069478,171.18209135308564,5.619796692376248,0.25084626891084133,0.1560933130231823,82.66750290512941,13.771294579184925,-0.25084626891084133,3.6400610110339,0.9803921568627451,0.2755859196844251,0.18299032215613362,121.80780649436232,19.16591806433444,0.5456895333397432,0.3727856293813709,133.31378274555354,39.95278428363291,6.1329553897272975,4.072310674727189,10.084594154881868,6.859890175195307,0.057898355816774764,0.03955303097203638,5.246669095899304,3.059986328297381,-0.5456895333397432,3.637488913536072,0.9078125,0.37509234410883463,0.19465544361919457,78.00470490582524,15.865782698285333,0.5765107099624928,0.38872428982085694,180.50582515441778,48.024575588234,8.347395309898095,4.33190909554138,10.725951311009853,5.670821312973117,0.06116852198594077,0.04124414318326064,5.13055502814322,2.8544270636255398,-0.5765107099624928,-0.5456895333397432,-0.5106623470177533
stage2_soh,85,-1.014394562109891,0.9918137405924035,0.13489113105408967,0.07856559725245198,169.87786343501932,5.56756602777473,0.24889707399744113,0.15425320360195952,82.54377485130904,13.596211743283092,-0.24889707399744113,3.697747640983731,0.9803921568627451,0.2797297177030561,0.18472867473667742,123.96918417356743,20.366627717665587,0.5975865078565602,0.40521869499272867,155.29448515834338,42.92458142965037,6.225172468239167,4.110996391473172,10.070375436994755,6.545795693475542,0.06340469103636202,0.042994220619751444,5.742810681645949,3.306663583024575,-0.5975865078565602,3.454450845718384,0.9078125,0.37583383870515524,0.1937530289775168,83.29043220979636,15.696142232926881,0.5984967633753596,0.40199593005672796,201.00054155619804,50.73220081127246,8.363896709121123,4.311826542895788,10.603682555677779,5.427660786137206,0.06350127030844203,0.042652281147618994,5.300455560124202,2.817523361421863,-0.5984967633753596,-0.5975865078565602,-0.5106623470177533
stage2_soh,86,-1.0154009323092275,0.9917550577292666,0.1353213214267976,0.07873554839272968,173.51862269861394,5.5813609620865146,0.24838778231720635,0.1542030786321853,84.0301665768421,13.57713115389172,-0.24838778231720635,3.469554157818065,0.9803921568627451,0.2802240103182872,0.1882247512411399,123.02686343675249,20.83337073669054,0.5603843380259074,0.37811769556240454,132.95885501494865,40.16496688102754,6.236172575073925,4.188798919503248,10.24942210249349,6.793048079366816,0.0594574933453442,0.04011876999784955,5.326374327113155,2.9922565683114994,-0.5603843380259074,3.247385358810425,0.9078125,0.37546468564818536,0.19417683604115155,86.20187459975257,16.467450760715344,0.5841668127379419,0.38763169196026864,177.88777717727103,45.97442688496977,8.355681488136794,4.321258047299567,10.834111813821455,5.45486097491367,0.06198084426001812,0.041128217156038115,5.101403722289973,2.806337868766462,-0.5841668127379419,-0.5603843380259074,-0.5106623470177533
stage2_soh,87,-1.0194670093760319,0.9918870941713246,0.13556805068313363,0.07897853465550744,172.03541326883584,5.648975707849732,0.24870911306426785,0.15447076871138773,83.98953937248358,13.81159823668755,-0.24870911306426785,3.5841229392033,0.9803921568627451,0.27741669540074076,0.1826171180050747,126.60228793012828,18.99810145211375,0.5880366738119777,0.3921573501637242,133.00069580770173,41.695095020807194,6.173697913182839,4.064005299719908,10.025690254307401,6.677058836931162,0.06239144145812584,0.04160839526640997,5.593101306919561,3.2907228884771182,-0.5880366738119777,3.320831322669983,0.9078125,0.37565112735101097,0.19482043918305864,78.26031157018835,16.544174640412443,0.5864298807933193,0.3904378066797108,184.31408235864063,45.97676613786998,8.35983060666768,4.335580946533767,10.64941462051968,5.547805472212364,0.06222095866849118,0.041425949508525434,5.158004179746594,2.875410182568432,-0.5864298807933193,-0.5880366738119777,-0.5106623470177533
stage2_soh,88,-1.0209747989795794,0.9919311063186773,0.13487129153457603,0.07848589861664437,168.1187287115612,5.595484892044936,0.24878038517099071,0.15424529668964218,82.37838797805227,13.535558130123235,-0.24878038517099071,3.641681031619801,0.9803921568627451,0.27737843347396113,0.18464803247182976,125.41604125093765,19.797605487796854,0.5554905273488924,0.3773021124558998,140.2088626937345,42.1858657119176,6.172846423054704,4.109201759100793,10.259775216732102,6.909017019520443,0.05893825378774518,0.040032235589521147,5.335480850542724,3.2011047093614198,-0.5554905273488924,3.4551470279693604,0.9078125,0.37690125889585135,0.1953367115565925,86.45066235877044,16.2384334233114,0.6004910634696407,0.39574924294738595,181.47236989451318,47.5175840192246,8.387651334971132,4.347070196200287,10.777351885929628,5.587734180071328,0.06371286809328028,0.0419894996742064,5.220939029655449,2.7457781414314057,-0.6004910634696407,-0.5554905273488924,-0.5106623470177533
stage2_soh,89,-1.0295524745543423,0.9915643384240717,0.1351171130437408,0.0786418620367639,167.99762475687984,5.608708353073303,0.2461982764545016,0.15278678689409048,79.095476693102,13.550927725751597,-0.2461982764545016,3.4947390631133435,0.9803921568627451,0.2778060995206697,0.18410479996134252,125.98224759667768,20.09336067742614,0.5655936236346346,0.38656791036528554,139.28913995252748,42.65515592870952,6.18236380619666,4.0971125320572535,10.08511733078267,6.71492327166371,0.06001020519576101,0.04101534857136742,5.43547716261746,3.2882353406630953,-0.5655936236346346,3.421615958213806,0.9078125,0.3775169638245366,0.1962868118807819,83.41944598433803,16.83203868520219,0.6051230341298331,0.39900178985990353,198.7146789692315,46.53329265623654,8.401353380653237,4.368213957502357,10.834782768910967,5.548822839565956,0.06420432609097237,0.042334599052050705,5.261514747739038,2.7823988864401343,-0.6051230341298331,-0.5655936236346346,-0.5106623470177533
stage2_soh,90,-1.037452165557523,0.9921511670554406,0.13531916356665163,0.0785695981368785,171.21401317503424,5.547636663152074,0.24709133207914677,0.15298493223758103,82.34330258151167,13.364721022449283,-0.24709133207914677,3.832481871399225,0.9803921568627451,0.27416311782972774,0.18345158836603456,121.95032867332318,19.309802247375366,0.5634381959014527,0.3811592360611494,136.4973709285068,41.651358235741895,6.101292014786835,4.0825758039883295,10.060265862719065,7.139299049572598,0.059781511562827766,0.04044148132593694,5.407085618276428,3.186354266036858,-0.5634381959014527,3.457028293609619,0.9078125,0.374061262461594,0.19357029718230478,78.65735843707968,16.635649496798205,0.5905736331261913,0.39496724687742246,181.83147931183652,47.65775861027391,8.324449370740775,4.307759985541901,10.659186806623325,5.455590019378495,0.06266061607866152,0.04190652889331389,5.226704786219845,2.840333547706166,-0.5905736331261913,-0.5634381959014527,-0.5106623470177533
stage2_soh,91,-1.045311128573926,0.9914763141293663,0.13507772748232696,0.07873575302262027,170.06502733702555,5.644729464137044,0.24527348540863528,0.15176230381620096,79.78241050723473,13.369169256033306,-0.24527348540863528,3.590050107357549,0.9803921568627451,0.2775257834302484,0.18382397366176342,126.04772951216053,19.98711950423415,0.5634914881610884,0.3748905152532126,131.15574142529186,39.28134383271279,6.176125584448809,4.090862955991997,9.994698114869696,6.81203706063156,0.05978716593957893,0.039776362048987254,5.312203006555015,2.9765120473462208,-0.5634914881610884,3.3903497219085694,0.9078125,0.37492647137070056,0.1924975393427303,76.8521445010014,15.242933340052673,0.5829977113842058,0.385231298378676,195.13974186978956,45.26965135762154,8.343703938058368,4.283886574368992,10.619962481910004,5.3470363600064905,0.06185680111455,0.0408735323339988,5.075267388263325,2.6925531628466333,-0.5829977113842058,-0.5634914881610884,-0.5106623470177533
stage2_soh,92,-1.0393100362254402,0.9917257162976981,0.13530400634484263,0.0786196525119493,173.211315100276,5.566661637539546,0.24722025603118214,0.15272447897388003,81.65848657688164,13.503877148379845,-0.24722025603118214,3.814615909726012,0.9803921568627451,0.2731671676370504,0.18178803240697758,121.70433569083428,19.515640319204877,0.5756405336447443,0.387998368818879,155.87174179110616,40.71856143131036,6.079127899475448,4.045554629260338,9.964203962575125,6.516878209624028,0.0610761951682355,0.041167122038636234,5.498278835245562,3.003158289621946,-0.5756405336447443,3.636251759529114,0.9078125,0.375020710711278,0.1943190248330211,81.6877449152204,16.778769068478873,0.595384026890891,0.3991844302996469,202.914657769259,47.344047315659026,8.345801163026831,4.324422350898436,10.748981772121507,5.451279951842465,0.06317100499541939,0.042353977435766584,5.277191426252164,2.860987311345286,-0.595384026890891,-0.5756405336447443,-0.5106623470177533
stage2_soh,93,-1.0469338533042813,0.9916376920029928,0.13503851317376442,0.07869454363860172,170.9284679956958,5.598726217256127,0.24600628256767879,0.15187659651030094,81.80422353502112,13.344033955847264,-0.24600628256767879,3.6109069328682097,0.9803921568627451,0.2772538581194025,0.1845286809583651,126.45507737204602,20.305647917077003,0.5684073807532485,0.3838215976843939,144.00709542955013,40.879204074346895,6.170074093129277,4.10654568179244,10.057114936727015,6.865723935926985,0.060308748416552566,0.04072396129148095,5.451994247013853,3.3225563672164986,-0.5684073807532485,3.428890323638916,0.9078125,0.37585340870568107,0.19345920958148782,86.1758477703424,16.139049878074623,0.5903579540308745,0.3959419750013694,179.73467034266227,47.805135772518575,8.364332224623292,4.3052878153347205,10.678199980505056,5.3294947461300115,0.06263773225143021,0.042009948791070596,5.230722807501062,2.8640750132802966,-0.5903579540308745,-0.5684073807532485,-0.5106623470177533
stage2_soh,94,-1.0556922135315943,0.9917697284450508,0.13447715420580572,0.07832202511835906,170.09365851077683,5.5567357567630955,0.24549711871015897,0.15154110096378512,80.5313319315692,13.303841240672867,-0.24549711871015897,3.9135607308032467,0.9803921568627451,0.280254841433643,0.18251144169081077,122.31632660412487,18.781553170420423,0.5862681624376624,0.4018411931107003,141.53949851493434,43.671081073569795,6.236858698136051,4.061653553586167,9.808789794962053,6.72752420353787,0.06220380014459461,0.04263586336019273,5.70247997240083,3.3315097268859466,-0.5862681624376624,3.6175451278686523,0.9078125,0.3757495848194481,0.19493490986860706,79.22458513904078,16.015661423124445,0.5923452016947196,0.39954697898920133,194.29576705588175,50.65676964575948,8.362021702868828,4.338128404722864,10.6061208431679,5.515608567070771,0.0628485817643999,0.04239244431436008,5.269717634159255,2.853612934362354,-0.5923452016947196,-0.5862681624376624,-0.5106623470177533
stage2_soh,95,-1.059691762857037,0.9920191306133826,0.13537206870321736,0.07872351880866811,168.26982172035724,5.577154849828682,0.24580211273006183,0.1517787038238606,81.66699590456638,13.288253965526145,-0.24580211273006183,3.8811866404963475,0.9803921568627451,0.2774769237150218,0.1836320755236289,124.25991487427017,19.118344211864255,0.5797823070755989,0.38860021849327225,136.78864474178064,41.48551465769822,6.175038248585705,4.086592408636391,10.037492126739469,6.713916945051595,0.0615156426143766,0.041230979057082166,5.537895599650879,3.3101183233171763,-0.5797823070755989,3.6033738374710085,0.9078125,0.37608510983818033,0.19389343662514874,87.07644365311243,16.672820278720522,0.5905255981464566,0.3934354062523198,185.4927988712267,46.07168022753335,8.369488557396005,4.314951208482075,10.681054242967203,5.32358344996577,0.06265551950601643,0.041743998648278824,5.212290302936715,2.7948785673756733,-0.5905255981464566,-0.5797823070755989,-0.5106623470177533
stage2_soh,96,-1.0592220898495697,0.9916230212872086,0.1345410023668771,0.07850306136724355,170.200599180048,5.579271780727154,0.24435865216132763,0.1507946453444051,80.617621448929,13.293868741891679,-0.24435865216132763,4.010355743707395,0.9803921568627451,0.2756487477734869,0.18136905145776622,121.54636393839273,18.937267809553713,0.5834692492010572,0.39363304823271783,137.16691205261574,43.382142261486635,6.134353581143894,4.036230526368575,9.866428695629013,6.628880313655366,0.06190683187862577,0.041764968714600934,5.578603893384836,3.2941392043079873,-0.5834692492010572,3.7744219303131104,0.9078125,0.37709023698608074,0.19538711162786057,84.93523282724604,16.479061640107165,0.6043744310538236,0.4003475307123153,184.20889320136476,47.832409375337434,8.391856898877807,4.348191811517499,10.763958103495558,5.59073738016126,0.06412489834934966,0.04247738387372988,5.282978722541222,2.8598200220994836,-0.6043744310538236,-0.5834692492010572,-0.5106623470177533
stage2_soh,97,-1.0643780569308063,0.9918137405924035,0.13541305776812276,0.07871645849801182,170.22610154842783,5.582279387355252,0.2431728808213137,0.1502323826626327,80.45335998485147,13.283928956332444,-0.2431728808213137,3.3436628182729087,0.9803921568627451,0.2781787891983978,0.1837634606177316,127.4694341046835,18.982780369518927,0.5509239074176693,0.3658387560589129,134.47542926479485,38.167544619260966,6.190657731990602,4.089516284144727,10.168839954417146,6.661526741309718,0.05845372958578782,0.0388159588479366,5.199564006970329,3.0357332031973763,-0.5509239074176693,3.458952450752258,0.9078125,0.3760388045548175,0.1937634292007715,86.26718638812177,15.257756319725129,0.5911797358260702,0.3864115325161038,175.75225102714305,45.493054557141576,8.368458068474444,4.312057991967414,10.768566551691993,5.329189170754062,0.06272492434853859,0.040998756682022616,5.089603683902432,2.5959623114667574,-0.5911797358260702,-0.5509239074176693,-0.5106623470177533
stage2_soh,98,-1.0683941551877298,0.9917403870134824,0.13480604174822022,0.07853299313494673,168.41801089169493,5.655714930816434,0.24343835495645713,0.1501661157387301,80.24525532918797,13.22704022042476,-0.24343835495645713,3.6408169615502453,0.9803921568627451,0.27736678638965845,0.18100862168688692,122.54970575005784,18.985004535497414,0.5876173500832091,0.3998506429176047,157.4642759850086,44.60984386253557,6.1725872260372,4.028209435492583,9.860678234491353,6.486576064072925,0.06234695067542369,0.04242466344465533,5.674922540726302,3.494646200420629,-0.5876173500832091,3.689146399497986,0.9078125,0.37603363868422035,0.19461019199516158,83.86588912388622,16.014443354006772,0.6023654803174856,0.4076047946426115,213.2649455058453,50.0571120170741,8.368343105946758,4.33090205500816,10.740084693464789,5.55588530681842,0.06391174611269414,0.04324738883739652,5.379722180144482,2.9383887873795533,-0.6023654803174856,-0.5876173500832091,-0.5106623470177533
stage2_soh,99,-1.0689650325054396,0.991843082023972,0.1351012416185005,0.07860275102341187,168.5451443992987,5.589032747178915,0.24331344280813166,0.15013039901875166,81.22739365250507,13.167108073685489,-0.24331344280813166,3.600182475295721,0.9803921568627451,0.2791003813669127,0.18603802109228484,123.41301827765878,19.3020449789528,0.5591301060564551,0.3719619250586987,143.02127470093512,39.54892198788147,6.211167065934427,4.140134900428337,10.099153011473787,6.725179340867727,0.05932441773291733,0.039465634892309476,5.255604356569845,2.8534633883191933,-0.5591301060564551,3.517790985107422,0.9078125,0.3773765538484247,0.19530232366232667,78.82622854606903,16.397259081649878,0.590454254044426,0.39250074097089965,196.73401639223016,46.63416190299494,8.398228663248398,4.3463049197241865,10.821518158276143,5.4789818312708185,0.06264794980575206,0.04164482946923657,5.167654746924981,2.7665555291535933,-0.590454254044426,-0.5591301060564551,-0.5106623470177533
stage2_soh,100,-1.0764701517825588,0.9918137405924035,0.1354175447803381,0.07879076877799135,170.9393946650826,5.650279793527747,0.24387995198334148,0.1500107892936099,80.3633701861596,13.078979005580797,-0.24387995198334148,3.6475761787564145,0.9803921568627451,0.2771966701382055,0.18625248423868826,122.43058383461546,21.04544887622711,0.5693904482890323,0.38031916589859655,137.49995402481474,38.464016743155355,6.168801418030666,4.14490761490932,10.245682342438919,6.916496336576937,0.06041305313654672,0.04035234880971503,5.368802617562662,3.1107903385219204,-0.5693904482890323,3.704718494415283,0.9078125,0.3758523736142277,0.19366648492105015,79.62807621192985,16.49118383241714,0.5820338773275625,0.3882957383988469,180.1201409334495,43.07692495032726,8.364309189448944,4.309900570632169,10.587088948774966,5.345123406178607,0.06175453709123565,0.041198673330530525,5.114914834218007,2.7556956301016444,-0.5820338773275625,-0.5693904482890323,-0.5106623470177533
stage2_soh,101,-1.0795722684972437,0.9919457770344615,0.13507368816615237,0.07872571733285032,170.09696055512103,5.5722629599293265,0.24328888610699995,0.1492046590439081,80.3840207816923,12.894210886396143,-0.24328888610699995,4.121636603860294,0.9803921568627451,0.2807417508047303,0.18622928264130856,130.36398243828762,19.76964772008296,0.5928848335749204,0.41073347049966163,148.95634488558218,49.61361475118279,6.2476944964785,4.144391280976646,10.18874168037709,7.074022707308975,0.06290583739548876,0.043579345338189544,5.8228317900708975,3.479617381713582,-0.5928848335749204,3.7752341270446776,0.9078125,0.37727391607260413,0.19600064151418337,81.63190689821393,16.80533556274459,0.612824949148511,0.4082206448052602,199.28862842608115,48.148561482123654,8.395944537480547,4.361845453283346,10.726087731865348,5.494252805513795,0.06502150910251521,0.04331273132551174,5.415161755550885,2.8771062592968857,-0.612824949148511,-0.5928848335749204,-0.5106623470177533
stage2_soh,102,-1.0947363258812497,0.9915496677082875,0.1348394508503258,0.07836732537240992,171.3823672774394,5.539767835359121,0.24134863777070875,0.14805396814913052,80.37322743030946,12.862013500961705,-0.24134863777070875,3.7574787532582,0.9803921568627451,0.2769489238203134,0.18487268644658958,122.81430277223576,20.071161027481438,0.5767747020902912,0.3853285899267112,130.95271625710214,41.63057806495641,6.163288011840172,4.114201262728934,10.199519927153382,6.827946553877473,0.061196531887568455,0.04088385509139462,5.466334058910585,3.133006126924179,-0.5767747020902912,3.503714370727539,0.9078125,0.37824930507290894,0.19691145224351203,82.77890372492811,16.375390889054948,0.5994339386665588,0.39726589046040317,182.11561742303147,48.25309866626946,8.41765107906783,4.382114854484445,10.783226475998532,5.611767881032519,0.06360070580272473,0.04215041791066197,5.231464616284595,2.816336041331203,-0.5994339386665588,-0.5767747020902912,-0.5106623470177533
stage2_soh,103,-1.088564243741,0.9916230212872086,0.13585255733118048,0.07880470851447385,171.13715016955985,5.577769140744655,0.24231568309180654,0.14887060162982207,78.13501853570642,13.022426774393079,-0.24231568309180654,3.839146006341074,0.9803921568627451,0.28234036431493137,0.18700756441217428,128.9447668915453,20.377052332715625,0.5964397018964048,0.3920981655043422,143.74309194433022,37.64478204921468,6.283270426318113,4.161711350836613,10.14531660936718,6.616354956640242,0.06328301346060296,0.04160211569852671,5.569066698577034,2.8872817372213473,-0.5964397018964048,3.571638488769531,0.9078125,0.37261186380489364,0.19299023997409676,77.71404125680405,16.045340508745387,0.5920475522698185,0.39374280287847796,194.130162617682,44.431289098507705,8.29219410416673,4.29485125281164,10.593257125837091,5.389918548921566,0.06281700078060111,0.04177661382256896,5.201565730723089,2.7770524078957015,-0.5920475522698185,-0.5964397018964048,-0.5106623470177533
stage2_soh,104,-1.09919967253041,0.9919604477502457,0.13456459294526643,0.07833718041875713,171.089302189659,5.550421226329055,0.2416505561647903,0.14798620259285203,80.46446119041278,12.702842337968773,-0.2416505561647903,3.9150925673690495,0.9803921568627451,0.2744600352029189,0.18356617070807546,125.43948251183757,19.932023775824064,0.5648014022896978,0.38400041935874113,143.3539888620257,41.646396232645394,6.107899685477345,4.085125747007886,10.1940987812243,6.682433375642624,0.05992614950014583,0.04074293449931534,5.4034235420364265,3.0686468629175243,-0.5648014022896978,3.842986822128296,0.9078125,0.3755850564270543,0.19474359169944364,77.80382498322952,15.925100066909746,0.5999027734921062,0.3951640262566798,185.2923305298832,48.13472276755872,8.35836024842279,4.333870764136338,10.694287903804408,5.539975020099135,0.06365044977597396,0.04192740743655425,5.203975036393461,2.714648729856086,-0.5999027734921062,-0.5648014022896978,-0.5106623470177533
stage2_soh,105,-1.0948919837201962,0.9919017648871088,0.13497664751116703,0.07870000814648535,173.63773027901527,5.582311041701337,0.24178821057750643,0.1484646762189569,80.90242550873295,12.974411572126973,-0.24178821057750643,3.6164322712842156,0.9803921568627451,0.27872665024721655,0.18578917264353995,126.53401961199174,19.455149804225677,0.5709995017150155,0.3782948578666786,131.4496677770305,41.54690511306829,6.202849963640253,4.134596967152563,10.143522796205671,7.074565688487357,0.06058377575828292,0.04013756714440174,5.372481459508332,2.806828909533131,-0.5709995017150155,3.5695993423461916,0.9078125,0.37759664950758653,0.19503081910406764,84.96985058035403,16.04919611969845,0.5893187108068428,0.39315599223318715,184.59312914751067,48.50997680831086,8.403126725024043,4.340262791933997,10.77988071953674,5.4656250300463975,0.06252746721922975,0.041714352464301406,5.198213816141386,2.7176383344880053,-0.5893187108068428,-0.5709995017150155,-0.5106623470177533
stage2_soh,106,-1.0953564382471421,0.9917257162976981,0.1351224697712745,0.07879813093848276,170.2152100084807,5.64438005080199,0.24197437777148667,0.14823262769820073,77.82173680697468,12.853872244257522,-0.24197437777148667,3.983179587008906,0.9803921568627451,0.28018141794669316,0.18690627680762725,123.45190061598908,19.941954981486276,0.5893634466280114,0.3940169064181985,137.8861801549982,44.75371596321185,6.23522471418456,4.159457272105267,10.275715473446821,6.808634094993564,0.06253221374694107,0.04180569655790428,5.584561596325297,2.934931909184802,-0.5893634466280114,3.65061559677124,0.9078125,0.3751837658575225,0.19362205758407072,77.4104097518471,16.15438629483041,0.5969487435851881,0.3995094647640144,188.25521918094591,48.002725189459326,8.349429831498458,4.308911873981442,10.619702807252033,5.665179640743681,0.06333702343334766,0.04238846400719757,5.267439429845626,2.8328707205355084,-0.5969487435851881,-0.5893634466280114,-0.5106623470177533
stage2_soh,107,-1.1009769457326033,0.9914616434135821,0.13531786130635093,0.0787564082026475,170.56360307385876,5.604028832621394,0.23965884134934048,0.1475085153587412,79.54116266806095,12.826246218076944,-0.23965884134934048,4.146439279294482,0.9803921568627451,0.27789314050019104,0.18511724242502275,122.92438239238754,20.258676998696394,0.5841500098294784,0.3909508748833711,144.049783417665,39.92884203291486,6.184300837105545,4.119643670337201,10.244175872230084,6.866189574621744,0.06197906144998872,0.041480386699636634,5.540506868770782,3.3693290636259032,-0.5841500098294784,3.7385405778884886,0.9078125,0.37556683581894074,0.19198761926854785,81.13400427083204,15.747328459439991,0.5883988156226774,0.39087934362323723,186.45659795893332,47.75148681700553,8.357954762624159,4.272538690301227,10.621231335819393,5.408824021434696,0.06242986516635367,0.04147279714165868,5.183744647982039,2.737649590057515,-0.5883988156226774,-0.5841500098294784,-0.5106623470177533
stage2_soh,108,-1.1007427803261198,0.9914469726977979,0.13500472716604006,0.07853645763606229,170.30232214541465,5.5290086542443655,0.24085358694404568,0.14775008987730334,79.6085505134772,12.86987620421021,-0.24085358694404568,3.789490245370304,0.9803921568627451,0.27518853656279096,0.18489279934643385,124.59409658217542,21.196403233326443,0.5865938201519888,0.39397934092957454,141.13206921648816,42.44106588925596,6.124111930088999,4.114648860043209,10.185879027113296,6.85628954592286,0.06223835284364153,0.04180171081162568,5.579808481754962,3.2989479913610715,-0.5865938201519888,3.567716884613037,0.9078125,0.37314969657873054,0.1928696711645898,83.61030940940712,16.231106220761056,0.5967428294424806,0.3974828052003431,179.87759555909378,47.59179692201579,8.304163164171149,4.292168085504161,10.556062786488088,5.473479548070511,0.06331517568004877,0.04217343284136458,5.250401221542216,2.8727204003943867,-0.5967428294424806,-0.5865938201519888,-0.5106623470177533
stage2_soh,109,-1.1131404371401716,0.9916230212872086,0.13526153990342799,0.07860371721573907,170.39815085946535,5.583112787938769,0.23980838093358378,0.14651849351928892,78.33398387048781,12.674629412392022,-0.23980838093358378,4.095970166898241,0.9803921568627451,0.27487900245269303,0.18370473224158382,125.01146159069499,19.97342961996135,0.5711102829774055,0.39149867992245535,144.62706216542404,42.865871495851096,6.117223483498537,4.088209328726111,10.092763015893091,6.844380864647782,0.0605955297915854,0.04153850951331241,5.533592389856034,3.232011589327995,-0.5711102829774055,3.766358208656311,0.9078125,0.3754805624879024,0.19320650722474966,83.81298109657118,15.874709662078857,0.6004408047129818,0.40098832391513495,200.34904067063354,48.85053975328044,8.356034815149384,4.299664116262835,10.688475230558447,5.386205097020093,0.06370753557506588,0.04254537285023591,5.291350428956997,2.8343580168572444,-0.6004408047129818,-0.5711102829774055,-0.5106623470177533
stage2_soh,110,-1.1127187029733334,0.9916963748661297,0.13539824550439603,0.07890469748961779,169.94508274091396,5.609866926185333,0.24055886332955442,0.14739057205173764,78.68979241180271,12.80909238218256,-0.24055886332955442,4.2902011777840405,0.9803921568627451,0.27481484080968566,0.18234311300786396,121.53903179373275,20.217280190535668,0.5871386527670663,0.39855768421171783,148.63956273236676,44.70650594016341,6.115795614851449,4.057907526559436,9.935242269974522,6.728044473014339,0.06229616027933721,0.04228747887607532,5.63909816510561,3.1969299130308153,-0.5871386527670663,4.05109395980835,0.9078125,0.37379521746708283,0.1931774514829158,81.36325649692733,15.861592630926754,0.5982071036966178,0.40108821330613864,190.7833950479059,47.376861752162895,8.318528741396339,4.299017502790396,10.599288543833524,5.511140798324412,0.06347053704690607,0.042555971242085676,5.317825546914385,2.923277950239548,-0.5982071036966178,-0.5871386527670663,-0.5106623470177533
stage2_soh,111,-1.1236968029395862,0.9916376920029928,0.13482267782804586,0.07866827425870734,170.02267539919177,5.623738050581589,0.23853993010748534,0.14553203545387322,76.94082800177581,12.71922613444994,-0.23853993010748534,3.8603215928171197,0.9803921568627451,0.28524294259271277,0.18751224923842386,124.18003434029364,19.455174098024465,0.5736631715663608,0.37522816689201066,128.1688827663163,37.25167954393362,6.347865101957599,4.172942728436764,10.38018817178481,6.921250273936904,0.0608663945284978,0.039812187318725524,5.293051915568804,2.6666111714676832,-0.5736631715663608,3.5553142786026,0.9078125,0.37631103443047625,0.19383197727656806,80.56905823433397,16.15337072244212,0.5865474298234943,0.3839978594522108,161.3111056896823,45.7258556144813,8.374516337652631,4.313583477345597,10.62276115303359,5.644125496390045,0.062233430770591694,0.040742662889965905,5.043966003925059,2.611124477290354,-0.5865474298234943,-0.5736631715663608,-0.5106623470177533
stage2_soh,112,-1.1256634053977173,0.9918137405924035,0.1347523819716405,0.07837914314539018,171.23041370235472,5.548505824601236,0.23917230756097455,0.14650472142812668,77.09887983076408,12.625853261312498,-0.23917230756097455,3.7544979001961503,0.9803921568627451,0.2777399828805281,0.18389828784902598,126.63966425120655,19.438803098626,0.5616384151077242,0.37169278955324464,131.85118702942975,34.925921716435425,6.180892430572783,4.09251676180264,10.12327522827226,6.775800370977885,0.05959055252399531,0.039437079271749303,5.255243201241828,3.0107962226079583,-0.5616384151077242,3.499282693862915,0.9078125,0.3749219814837834,0.19384945335878,79.41098998309818,16.31059850133808,0.5950767712203036,0.3942645495339093,188.23879379983313,45.63679144229207,8.343604019034208,4.3139723942856065,10.777579846277552,5.389500388807042,0.06313840477669518,0.041831971808487245,5.230852144412585,2.762992031991965,-0.5950767712203036,-0.5616384151077242,-0.5106623470177533
stage2_soh,113,-1.1348439341144918,0.9920778134765195,0.13426031234262162,0.07835181266265998,169.78329324426164,5.630592025087855,0.23756122283915926,0.14452417247954077,77.42460845824733,12.311754263049345,-0.23756122283915926,3.853299337274888,0.9803921568627451,0.27797946536058704,0.18534760341669124,124.11281258045744,19.301222292564127,0.5675073869229283,0.3796663310725753,131.65741100316686,42.52430940189328,6.186221931327047,4.1247701792932965,10.132543496629161,6.736824573805569,0.06021325792271468,0.04028308220162154,5.369229961735635,3.039775697949188,-0.5675073869229283,3.640057826042175,0.9078125,0.373924880859335,0.19401780178268382,79.89272603708932,16.00829296852489,0.5879203838147413,0.3876937412565894,180.07443071385754,47.8306349175912,8.32141430173728,4.317718860632345,10.674623935673633,5.607331561800827,0.06237910294102672,0.04113480066555601,5.110344968687146,2.7408689995440056,-0.5879203838147413,-0.5675073869229283,-0.5106623470177533
stage2_soh,114,-1.1377869306794233,0.992107154908088,0.1349929508532343,0.07887253512609944,172.51970593895638,5.6591122086909165,0.23764820787019594,0.1451943860776052,78.67448392104143,12.428291633074801,-0.23764820787019594,3.7789920862983255,0.9803921568627451,0.2769226914558416,0.18416849486164602,125.74900119577717,20.446612921045517,0.5618357035395185,0.3764975320949566,137.06347795526398,38.82505056560102,6.1627042304871305,4.098530013699863,9.964592796824615,6.540454501488238,0.05961148507835943,0.03994686858653691,5.318440372820593,2.9344926258759134,-0.5618357035395185,3.7706097841262816,0.9078125,0.376506618568849,0.19521862241417692,81.63039514122882,16.877199523024423,0.6008358202194614,0.40023638967959413,188.9672423833124,46.03763069666394,8.378868914144753,4.344442212001112,10.739035447894926,5.3880887643007815,0.06374944722436457,0.04246559166833618,5.291499594539324,2.748762886483624,-0.6008358202194614,-0.5618357035395185,-0.5106623470177533
stage2_soh,115,-1.1332425442652483,0.9921511670554406,0.13458314415302772,0.07845778069522573,173.29774342456076,5.561513732506463,0.23708871341142101,0.14460028386260623,78.17442117061093,12.44249086950308,-0.23708871341142101,4.077921077316883,0.9803921568627451,0.2779302691439894,0.1856429124862759,123.49546743671604,20.533128967396237,0.5790418950876719,0.38599951708890207,141.70663686089054,41.34277994886074,6.185127106881437,4.131342058408233,10.055638001580537,6.680973170048157,0.06143708395765171,0.040955041319442505,5.471025292347299,3.0419629763032026,-0.5790418950876719,3.8244698524475096,0.9078125,0.3741934930766711,0.19210437858309887,79.56898953220228,16.248655360273588,0.5950407624820034,0.3951373818961656,182.61113336971508,48.82432030582554,8.32739206267639,4.275137080191017,10.614380578560283,5.288179015831981,0.06313458420361243,0.041924580435904045,5.233923922248565,2.689647008368077,-0.5950407624820034,-0.5790418950876719,-0.5106623470177533
stage2_soh,116,-1.1401577400314384,0.9917110455819139,0.13580672888589915,0.07883599908859544,170.04345458883262,5.541490539662693,0.2372287201230062,0.1446813371252877,76.76640774850856,12.409068700704555,-0.2372287201230062,3.6968392643274046,0.9803921568627451,0.280476928231353,0.18579208882817744,126.53746203513244,19.555853169445726,0.5605267167700017,0.38018203180137217,132.68681762202002,42.82162331185129,6.241801071188211,4.134661864627406,10.218907958439017,6.757924298890956,0.0594725999117756,0.04033779870700897,5.37184100393778,3.1025367031556517,-0.5605267167700017,3.653343915939331,0.9078125,0.37464934983398035,0.19259635435810196,82.60251976906497,16.398379488439957,0.5928970421061005,0.3911380172767167,173.0203905142052,47.45206925089997,8.337536808677505,4.286085627505683,10.591033765723045,5.4600472350572575,0.06290713273622571,0.04150024274637445,5.155032107007622,2.7524938790797124,-0.5928970421061005,-0.5605267167700017,-0.5106623470177533
stage2_soh,117,-1.1440454676259602,0.9919311063186773,0.1353498825177345,0.07896862055584615,170.72325147813643,5.623901745263326,0.23629290440666756,0.14432513205897268,77.458286414761,12.42167810974819,-0.23629290440666756,3.6781217453526516,0.9803921568627451,0.27998990631444987,0.18361007817564348,127.26268306782252,18.909026349103822,0.5807694773055833,0.3825005067882183,141.8073827692989,42.58308793606827,6.230962768224086,4.086102874359599,10.121102074510416,6.166834516875636,0.06162038263546068,0.040583791861613115,5.459981386744307,2.893124221786172,-0.5807694773055833,3.481672501564026,0.9078125,0.37431505572724394,0.19262491971639975,84.51034494866319,15.774286590756347,0.5854008664329247,0.38689711952574724,186.4172375929194,46.98795571771224,8.330097347162162,4.286721327864875,10.731790260867646,5.457086824742753,0.062111778931775205,0.04105027808338115,5.100136981074485,2.707201335376825,-0.5854008664329247,-0.5807694773055833,-0.5106623470177533
stage2_soh,118,-1.152888248194926,0.9916963748661297,0.13523331619855153,0.07860219085802518,170.76132557957476,5.5682345398421145,0.23593338687915974,0.1438081980385025,76.92016397244097,12.314434708776295,-0.23593338687915974,3.9856182762220795,0.9803921568627451,0.2767060656564079,0.18212425192343254,125.63233022007367,20.104052913407223,0.5706322783499065,0.382967118074314,133.5458336842644,42.734204627248644,6.1578833878050645,4.0530369393070025,9.909955757977864,6.490739326142477,0.060544812890647934,0.04063329991448917,5.429056419353257,3.275171590705148,-0.5706322783499065,3.7154242753982545,0.9078125,0.37592496526245994,0.19446025957731763,80.69324141521193,16.83999459412422,0.5975604015790542,0.3919142544567876,183.20923163789843,47.49858963637497,8.365924661461396,4.327565422892978,10.692889453890277,5.368137017039249,0.06340192112700561,0.04158260250170069,5.194757769269055,2.68455449166287,-0.5975604015790542,-0.5706322783499065,-0.5106623470177533
stage2_soh,119,-1.1574934576675002,0.9919604477502457,0.13486034256649984,0.07857613253019406,169.07956178378578,5.623413191439817,0.23521291627609672,0.14348389699681585,76.87224575077607,12.310298881994445,-0.23521291627609672,4.239376062505386,0.9803921568627451,0.27690775062339845,0.18452236843751926,125.78257985925565,19.695240906817947,0.5746189983846677,0.3888726380398022,144.9369946298613,41.14776521383204,6.162371733605706,4.106405201434124,10.094583856065736,6.655342250736494,0.060967808973607006,0.041259883118591106,5.488357366690308,3.251469364913982,-0.5746189983846677,4.032384538650513,0.9078125,0.3746697721366051,0.1965268183968874,78.02028700243396,16.84534500978095,0.6045282559328202,0.4022988977449131,185.89289861941273,48.07235994838388,8.337991291515731,4.373555120280936,10.836174593299933,5.667477236832566,0.06414121936530008,0.04268442640593863,5.301171354991374,2.78582307739913,-0.6045282559328202,-0.5746189983846677,-0.5106623470177533
stage2_soh,120,-1.1565306737714902,0.9916670334345613,0.13496625718336644,0.07864079373703495,171.7917818704601,5.603929757882667,0.23468513421429887,0.14301876068681943,77.56721817569702,12.263122383680587,-0.23468513421429887,4.412392971562404,0.9803921568627451,0.2803588678647753,0.18475008230364207,124.89717214219984,19.020395947031663,0.5737216584423345,0.39201885373742484,142.37469590627833,42.976712446787246,6.239173727373458,4.111472800621168,10.007737350148487,6.665823242007276,0.06087260006067103,0.041593700618850656,5.5840767805085285,3.2412093808125375,-0.5737216584423345,4.02187933921814,0.9078125,0.37542743095328546,0.1943998069516965,81.82366963686209,16.204142161385732,0.5957460795623284,0.396089621469946,185.10314118017604,48.98283580097343,8.354852413189347,4.32622009561156,10.841577709234079,5.354398250808117,0.06320941924585774,0.04202561426979147,5.227853389658849,2.7951260773518394,-0.5957460795623284,-0.5737216584423345,-0.5106623470177533
stage2_soh,121,-1.1413036736438786,0.9915349969925032,0.13565833950963607,0.07899646335220699,173.31303954171617,5.6086393176027824,0.23655169685482447,0.14397113906787676,76.69614381462574,12.44752566555138,-0.23655169685482447,3.8705542891633278,0.9803921568627451,0.27684404872476165,0.1855612983306249,126.89603094653492,20.218621653100264,0.5457924339498835,0.36932002580815965,140.37257923866534,37.60071975032551,6.160954096220505,4.129525797343985,10.273455553069583,6.8774122829126,0.057909273702817406,0.03918532601062061,5.211692836955699,2.9929974707854052,-0.5457924339498835,3.718332529067993,0.9078125,0.3740570787583139,0.1943174604948581,84.46774260844109,16.58677912308776,0.5899126030670323,0.3888202678088419,187.83286071965344,43.85119788050342,8.324356265600969,4.3243875377404235,10.677560402805236,5.637906576637428,0.06259047994587456,0.04125432657025896,5.120469874330117,2.5985984546667176,-0.5899126030670323,-0.5457924339498835,-0.5106623470177533
stage2_soh,122,-1.1533629219571502,0.9917697284450508,0.13515264489209292,0.07867643350280173,170.4821627914319,5.583357677037907,0.23557453812695464,0.14361343583472927,76.074708834693,12.364536703840665,-0.23557453812695464,4.129193304099289,0.9803921568627451,0.2727309335635688,0.1827526901739047,124.5329767169473,20.037471816040494,0.5773646419908346,0.3912053113127602,131.07374491904326,42.55454182407267,6.069419841403376,4.067022355397046,9.983573184007675,7.035430584893267,0.06125912526381138,0.0415073827294695,5.537534014138443,3.3489779757890195,-0.5773646419908346,3.7078906059265138,0.9078125,0.37417200945595774,0.1931338941660215,85.03875313024894,16.56954287752976,0.5911256884645125,0.3907919099994615,181.67960557190221,45.72145988851725,8.32691396100996,4.298048167776057,10.696500376089645,5.600138898908759,0.06271918985450996,0.04146352032260602,5.160921231153182,2.6907791804853476,-0.5911256884645125,-0.5773646419908346,-0.5106623470177533
stage2_soh,123,-1.163781760837677,0.9917403870134824,0.13456070357425787,0.07828186955890538,168.40465549014195,5.5457939912960095,0.235067782285746,0.14283077144420755,76.83126291567346,12.082074529626833,-0.235067782285746,3.586897709790398,0.9803921568627451,0.2800048374757379,0.18646972677853033,124.41204925477713,19.737154555436526,0.5654876330222411,0.3773160774438806,140.73896347844314,37.8763871342567,6.231295049881297,4.149742182680881,10.17309900028418,6.622209624314326,0.059998959456536306,0.04003371729256599,5.335575866291983,2.951392020793274,-0.5654876330222411,3.5261340618133543,0.9078125,0.37408055967635756,0.19377568911295384,80.90036709393075,16.58909024237412,0.5855389021586681,0.38732811139743717,202.41358267401287,48.124460041977635,8.32487881560293,4.312330827004059,10.747012052062,5.482878206919926,0.06212642469841766,0.04109600687093644,5.1012350822787855,2.6301267108199893,-0.5855389021586681,-0.5654876330222411,-0.5106623470177533
stage2_soh,124,-1.1708964901543535,0.9915349969925032,0.13546064325172133,0.07876617269400961,170.15810037433295,5.622113618352143,0.23482671421174742,0.14238280259378727,75.53043152413878,12.139736783006084,-0.23482671421174742,3.8166303213904884,0.9803921568627451,0.27854450094314637,0.18238762161493594,124.4039751433319,19.379871361468513,0.5717522656805656,0.388674691205333,135.47102422464283,40.71025101971464,6.198796369184443,4.058898031814364,9.943571574134118,6.4702534471069075,0.06066364497559543,0.04123888070686302,5.508131922698749,3.231449221960162,-0.5717522656805656,3.6966387748718263,0.9078125,0.37751973889663193,0.1959878468351235,84.13025868720524,16.52957879044463,0.5923417378403412,0.39225931013206716,179.01143323733723,44.92006523804413,8.401415137775604,4.361560717415888,10.712178485831062,5.3603930961117054,0.0628482142450303,0.041619213349157615,5.163576656942735,2.8671272039964517,-0.5923417378403412,-0.5717522656805656,-0.5106623470177533
stage2_soh,125,-1.1670849552490397,0.9921951792027933,0.13546863194781564,0.07877109385577,168.31346728209508,5.561101720061835,0.23406040322965005,0.14209491306274297,75.93336914772061,12.150346977598943,-0.23406040322965005,4.1115233421325685,0.9803921568627451,0.27698437888882743,0.18225296678058073,120.42162870381888,19.146107623413357,0.5538602614249106,0.3760081031487561,127.72708971089381,40.40840454958232,6.164077037468858,4.055901390719428,9.917578873444953,6.726658030487253,0.05876528049290302,0.03989493955080716,5.35693237176968,3.0741034251759665,-0.5538602614249106,3.806256055831909,0.9078125,0.3748328042419275,0.1938327699674119,82.86009553790933,16.208736121879614,0.599197657221252,0.39412160792671785,176.5260724239748,46.016253213287854,8.341619447229132,4.313601118078435,10.630749414120228,5.336301768040213,0.06357563603986975,0.04181680552156299,5.203618810036746,2.694710234611124,-0.599197657221252,-0.5538602614249106,-0.5106623470177533
stage2_soh,126,-1.1725228912993384,0.9918870941713246,0.13484666715678276,0.07863070598510782,171.16572481996255,5.634755153896297,0.2348269551739643,0.14202440074270709,74.41433261919529,12.081387613706852,-0.2348269551739643,4.109770258735208,0.9803921568627451,0.2823717656277608,0.18750695601726572,126.98055293502081,19.875697559799832,0.5940662964978698,0.39553548094049534,137.0649071112774,45.83507047171014,6.2839692386920625,4.172824931819042,10.336260368741064,6.843064370100317,0.06303119211922442,0.04196681925250339,5.632157338525403,3.241725300243009,-0.5940662964978698,3.8307929277420043,0.9078125,0.3737970352444506,0.19291230128437747,78.46347030640293,15.889220225529929,0.5879512201040971,0.3872306205536006,188.6698177669324,44.039039651481765,8.318569194651417,4.2931167864509145,10.569049604629368,5.50240133320347,0.062382374710676154,0.04108566296800178,5.1003597730482655,2.6510469515127504,-0.5879512201040971,-0.5940662964978698,-0.5106623470177533
stage2_soh,127,-1.171393055789773,0.9918724234555404,0.1352446303654411,0.07879365397214336,171.42900675621985,5.624706774452461,0.2352898902092027,0.14274743959060598,75.17757042020796,12.16745820717987,-0.2352898902092027,4.2126645471535475,0.9803921568627451,0.28012710303707683,0.1837128909140387,125.91454543348519,18.848920283204215,0.5879545019624257,0.39041502177669646,136.7273910758405,41.4728254365703,6.234015977112448,4.0883908937867,9.900777779205121,6.632039953279535,0.062382722920032635,0.041423532001240854,5.527183393756243,3.330280275029347,-0.5879545019624257,3.8908698320388795,0.9078125,0.3754946753958596,0.19380778761078546,78.03531402428773,15.729400027928852,0.6087542384222573,0.39748166281788144,182.54530217118682,47.27206680952558,8.356348887200017,4.313045154700859,10.641986042475162,5.480039789539029,0.06458960150001211,0.04217331163312764,5.232172622363647,2.712321237961712,-0.6087542384222573,-0.5879545019624257,-0.5106623470177533
stage2_soh,128,-1.1781925191909073,0.9921364963396564,0.13480728258636596,0.07854882377054959,168.889503487016,5.581374497327774,0.23429406566750563,0.1417208185670163,75.2129647288368,12.105342397601076,-0.23429406566750563,3.5988942585739436,0.9803921568627451,0.2766066692072687,0.18333710236657483,123.06581402937677,18.726205879833067,0.5591451841746478,0.374303808365492,137.98733486904655,35.22457958403446,6.155671395301361,4.080028004999765,9.997107114129657,6.795544078759022,0.05932601754049808,0.0397141116995303,5.296062126957717,3.0197511136450395,-0.5591451841746478,3.596794772148132,0.9078125,0.37581917157786926,0.19443006675937796,79.45680889225427,16.479107746465864,0.5899941625694992,0.38753883622212015,184.36411435663575,46.70452104741504,8.36357030334015,4.326893504655187,10.591281292622659,5.364959514371199,0.06259913351316065,0.041118365043731606,5.102691440667872,2.7032754961575742,-0.5899941625694992,-0.5591451841746478,-0.5106623470177533
stage2_soh,129,-1.1841937890818877,0.9915349969925032,0.13501651383860916,0.07864837786576466,169.91518683614186,5.57361787482455,0.234012578102334,0.14163887231289043,76.52616438859624,12.0378002759061,-0.234012578102334,4.243508695153629,0.9803921568627451,0.27754498320376575,0.18463950781334265,123.61587028111414,19.68274020425842,0.5911784000792566,0.3982225439054709,146.914544973773,47.38607188366722,6.176552860830017,4.10901204929895,10.237866359758849,6.808028944391163,0.06272478262409717,0.042251920061925324,5.641730534090174,3.0771420088963124,-0.5911784000792566,4.060134315490723,0.9078125,0.3764139572610134,0.19540575221799372,80.13800679661415,16.677652167072022,0.6005926691954676,0.398395161452936,187.18294272955447,49.16258968822089,8.37680680709676,4.348606643697082,10.876755256208764,5.556077393693142,0.06372364859044492,0.042270235003980715,5.269517816239255,2.7810054552145003,-0.6005926691954676,-0.5911784000792566,-0.5106623470177533
stage2_soh,130,-1.18843412688033,0.9917550577292666,0.13471171977127033,0.07866741831487854,171.6641481502672,5.602084569703782,0.233904672011314,0.14165257216499202,76.15346303685911,12.021926485560815,-0.233904672011314,4.1126203845528995,0.9803921568627451,0.2749149632858477,0.18367959721488694,120.5024523611414,19.95689992962315,0.5803280607674131,0.3817254237520198,141.9311554537202,37.273912187124154,6.118023764535272,4.087649967792039,10.069616709938472,6.746828882138837,0.061573547777489385,0.04050155456242449,5.458902365771282,2.990358584065305,-0.5803280607674131,3.886976194381714,0.9078125,0.37781341586618616,0.19538573737627302,81.36251639320082,15.743240890970126,0.6198444986077408,0.40784136606180255,194.61912104591494,49.41492001159618,8.407950695743619,4.34816122859189,10.670298065205651,5.4872637581190205,0.06576629225746515,0.043272489366850644,5.397361877256538,2.7764445764705776,-0.6198444986077408,-0.5803280607674131,-0.5106623470177533
stage2_soh,131,-1.183759967862074,0.9922245206343617,0.13464176056951047,0.07843948965794709,170.1935179687513,5.540958453986315,0.23341432471482004,0.1414400163963226,76.19284035752922,12.011548583410267,-0.23341432471482004,4.2114766728644275,0.9803921568627451,0.27814636549387806,0.18465923827287614,121.59634273662189,20.552758850221124,0.5753423766928976,0.3884067334280368,133.5475507189559,40.10655498858502,6.189936167065889,4.1094511356944965,10.093863206602588,6.786046450763935,0.061044560335180124,0.04121045004476324,5.501671234114358,3.313923426272747,-0.5753423766928976,4.02619240283966,0.9078125,0.3760782288895984,0.19506252046776354,86.82252762311391,15.695025179747446,0.5887847218251149,0.38991659527782757,177.66795911451038,47.431119144926406,8.36933542711003,4.340968281712151,10.784268894469145,5.663885899380501,0.06247081030686951,0.041370648313691624,5.146727903330964,2.743727282362301,-0.5887847218251149,-0.5753423766928976,-0.5106623470177533
stage2_soh,132,-1.1940599482217893,0.9917990698766193,0.13529827652054444,0.07877406559522898,171.27754253772574,5.642071781813049,0.23184863512738632,0.14036333008773108,74.71317385473587,11.959935173281972,-0.23184863512738632,4.007690347409715,0.9803921568627451,0.28164199366648696,0.18570861342710024,122.27742589281301,19.35052080431332,0.5824051078244661,0.379780015012925,132.3914830131346,37.527010144387475,6.267728717810984,4.132804182959444,10.112033294119426,6.818076328021659,0.06179392512066736,0.04029514421275951,5.408216955923904,3.023716187966487,-0.5824051078244661,3.8625670194625856,0.9078125,0.3727771759062247,0.19215389598793992,79.40485741945406,16.266525684857942,0.5931700690560546,0.3926140323830623,190.42075152930738,46.50155365533721,8.2958729994601,4.276239052437107,10.513743877018507,5.497839281181055,0.06293610124401303,0.041656849832633014,5.17011146175084,2.7412891628861957,-0.5931700690560546,-0.5824051078244661,-0.5106623470177533
stage2_soh,133,-1.1960016683924743,0.9919311063186773,0.13535894842023272,0.07866141337025559,171.7931424975066,5.5472218626954835,0.23311660964836292,0.14069847310627556,77.04519216742857,11.821162825369504,-0.23311660964836292,4.172267394907334,0.9803921568627451,0.27788036431337637,0.1846385846078834,124.88884678844272,19.312416650058168,0.6063652051637111,0.4075050359135311,155.6824426548858,43.233424087839374,6.184016512768964,4.108991504062446,10.211491463427722,6.778318050846005,0.06433612202274441,0.04323680430894354,5.773862113216355,3.453171683294703,-0.6063652051637111,3.9290812253952025,0.9078125,0.37517645211801576,0.19447833510130294,80.40765012136733,15.924457516621057,0.6069934932417348,0.4020045851297255,192.62534679935408,47.465681049156004,8.349267069779069,4.3279676799544955,10.71857198889093,5.486045812119281,0.06440278418955236,0.04265319946190836,5.320100222170143,2.7461645855585957,-0.6069934932417348,-0.6063652051637111,-0.5106623470177533
stage2_soh,134,-1.203860030231199,0.9917697284450508,0.13505541450988812,0.07856679081321245,170.07849607733567,5.586184164889307,0.23175523478144477,0.13997097303804,75.44214559656153,11.733267295874047,-0.23175523478144477,4.260909847184723,0.9803921568627451,0.2786537316261683,0.18461922230381592,127.84964190268572,19.573324835442858,0.5762800119849748,0.3863757327253766,135.62990471837458,40.100296194095975,6.201227215096056,4.1085606106872525,10.070474987368591,6.893975315611806,0.06114404463614298,0.040994958278544005,5.497420354049331,3.1818733358156974,-0.5762800119849748,3.84740674495697,0.9078125,0.3707938988870434,0.1899470873100654,77.9125373437894,15.179614418896879,0.5830996862929649,0.3852598315441355,177.32011334685492,45.939733112502104,8.251736675303777,4.227128200944528,10.457826322660736,5.465895624767072,0.061867620782494866,0.04087655973926392,5.084395363470196,2.8352427019080477,-0.5830996862929649,-0.5762800119849748,-0.5106623470177533
stage2_soh,135,-1.2047932997361008,0.9917110455819139,0.13506448190382375,0.07851357332937475,172.171754925832,5.567564930889676,0.23160904610581357,0.13966398716726888,75.28221324156681,11.783441985195282,-0.23160904610581357,3.9489317426494526,0.9803921568627451,0.2763167784367811,0.1823472076442604,123.44496900349282,19.924205069519473,0.5745699666648282,0.38650226712035124,146.4239784400903,43.0297780762194,6.149220096318708,4.057998649583374,10.158970880525581,6.481753666557862,0.060962606645564896,0.041008383739315556,5.474980778769893,3.0428375260238236,-0.5745699666648282,3.794254755973816,0.9078125,0.37604153897463344,0.19418828488196596,83.23923914795382,16.65249592744381,0.6007678099186882,0.3960147852940281,180.73805409402303,48.30643324953742,8.3685189209112,4.321512832558767,10.646694976510158,5.553231730984361,0.0637422312446677,0.04201767405603156,5.224376077699711,2.7671089761622847,-0.6007678099186882,-0.5745699666648282,-0.5106623470177533
stage2_soh,136,-1.209685798605173,0.9916523627187771,0.13538599529599032,0.07870118074528569,171.2614484851284,5.601299053643167,0.23116873424133255,0.13929419928343162,74.53562314964309,11.860089913502406,-0.23116873424133255,4.535448027592079,0.9803921568627451,0.27986664710097225,0.18806338440261636,123.26483102877391,20.25457330861705,0.5803079588177341,0.3911907909333012,134.60563489005543,43.75511062806633,6.22821972801907,4.1852078230380165,10.218562430549163,6.826296175157002,0.06157141493497727,0.04150584209868011,5.519775222747835,3.3700525957793452,-0.5803079588177341,4.181912159919738,0.9078125,0.3730360700499465,0.19070156441848668,77.62726312658265,15.916582185962131,0.5950599427840091,0.3914554985309223,176.4490438960608,48.19986323067948,8.301634492049871,4.243918516116713,10.362584403126945,5.384370627231974,0.06313661925813033,0.041533927912568956,5.149711289422985,2.683340175186705,-0.5950599427840091,-0.5803079588177341,-0.5106623470177533
stage2_soh,137,-1.2080779888084856,0.9916523627187771,0.1349678223232656,0.07845957798287004,170.12749697006717,5.552151246278066,0.23132980542861983,0.1395320614730537,73.81713164768718,11.669892192523799,-0.23132980542861983,3.9280620509502935,0.9803921568627451,0.27757344052399263,0.18520322707938214,127.7273633047847,19.970412437586994,0.5836301589526773,0.3938934979549445,145.17610436653257,41.97987601950621,6.177186156883976,4.121557193531677,10.040208493283014,6.898876494898863,0.061923904608602226,0.04179260276247715,5.567714034436984,3.1436796941508556,-0.5836301589526773,3.77722544670105,0.9078125,0.37826552449186934,0.19537177705715295,83.35081061038132,16.262984226710262,0.6086856717077599,0.40029243887620397,193.92533116788672,48.838262745928965,8.418012029921362,4.347850552289967,10.756236689354754,5.449500958072662,0.06458232648410911,0.04247153855961829,5.288404772194305,2.6718643251057266,-0.6086856717077599,-0.5836301589526773,-0.5106623470177533
stage2_soh,138,-1.2094780367262974,0.9919751184660299,0.13506842116705023,0.07863642358673269,170.67712944480004,5.564731878510779,0.2309358006551135,0.13988665928605618,74.7364565862495,11.825412500642681,-0.2309358006551135,4.438330745697021,0.9803921568627451,0.2782690112051557,0.18644919356002526,124.99286396304866,19.993235476526117,0.5991669680987117,0.40256276919104744,145.19156878130812,41.07446691180864,6.192665554245279,4.149285231493958,10.232256468796717,6.672845209716694,0.06357237988480724,0.04271242350308776,5.70071318972617,3.18969057527442,-0.5991669680987117,4.120037770271301,0.9078125,0.37638910326270075,0.19325939320369798,79.88502935942174,16.093682257879397,0.6097352199586006,0.4022770925101213,189.4077126407483,47.101235724535485,8.376253700235992,4.300841053567917,10.618474865658232,5.4100360465892035,0.06469368489280375,0.042682112842702555,5.322476086703306,2.8489572320463825,-0.6097352199586006,-0.5991669680987117,-0.5106623470177533
stage2_soh,139,-1.2173935456582554,0.9917403870134824,0.13483724587253842,0.07868289237064953,170.82119504818147,5.584916988075808,0.23131801328965684,0.13929054102156505,73.97269238632163,11.700762814430165,-0.23131801328965684,4.230047561608109,0.9803921568627451,0.27935299525846535,0.18761359303002703,127.16973602369896,20.7224837195337,0.5699294484874963,0.38098616664818324,136.56906809157073,39.571537894332735,6.216788796280783,4.175198057568383,10.535599875969972,7.222611751151746,0.0604702417453972,0.04042311844037528,5.416315164743022,3.0537990568093427,-0.5699294484874963,4.154621243476868,0.9078125,0.37403528451272233,0.19261201873778191,80.59175262521511,15.889516136139989,0.583414085051546,0.38532700368741646,175.52242839047852,44.1419303943331,8.323871251213736,4.28643422638147,10.548292579035795,5.383079379318637,0.06190097889197018,0.04088368678938132,5.080487988569658,2.720756035743167,-0.583414085051546,-0.5699294484874963,-0.5106623470177533
stage2_soh,140,-1.2269703377727794,0.9921805084870091,0.1353679459639128,0.0787732744443703,172.06658354561557,5.597232057120436,0.22924644587983822,0.1383536271959273,73.97445238452073,11.616128185080578,-0.22924644587983822,4.3659198919932045,0.9803921568627451,0.2747850375500137,0.1815604701820834,121.39829145897562,18.37287125084673,0.5787256892854178,0.387253233468087,139.84368616440585,39.52488312419084,6.115132365937114,4.040490404733696,9.79305225024044,6.454123047395617,0.06140353411853682,0.04108806222708409,5.465461104724405,2.966891631279743,-0.5787256892854178,4.163765382766724,0.9078125,0.37132379575317154,0.19049710672370565,79.17893601886124,15.912472187583408,0.5966536989361552,0.3958842021496821,176.57286457876626,46.29688534589255,8.26352912770788,4.239368465364431,10.4486416885775,5.533533111618768,0.06330571881959228,0.04200381901778528,5.220994181995688,2.569503868179398,-0.5966536989361552,-0.5787256892854178,-0.5106623470177533
stage2_soh,141,-1.2213565685581755,0.9919017648871088,0.13510616114183202,0.07859144757413299,170.18631254628775,5.58715127616047,0.22978391956739302,0.13860123080225276,75.09743212253878,11.702301085854218,-0.22978391956739302,4.089113463607489,0.9803921568627451,0.27758938912767733,0.1858430247388634,127.8181050937788,19.22709518897272,0.5750193105125568,0.3874411779108877,142.44627516482336,41.647570085589805,6.177541080949179,4.135795404644001,10.14093380362978,6.863313615622378,0.061010282601196016,0.04110800337229254,5.468161070508836,3.1426586263170813,-0.5750193105125568,3.9273152351379395,0.9078125,0.3770042395969601,0.19420493540965253,77.93061901261612,16.317212158092666,0.6015678792597464,0.39419041524015486,175.68930803437962,46.61537059125044,8.389943092280888,4.32188337740966,10.700840657056812,5.575462498700927,0.06382711962268582,0.04182410606532051,5.19638314470242,2.667112161699353,-0.6015678792597464,-0.5750193105125568,-0.5106623470177533
stage2_soh,142,-1.2208488667782345,0.9921951792027933,0.13487663712565506,0.07853394439921337,171.41057610192553,5.591679115293643,0.23091248683211574,0.13902969144202418,75.19817583196567,11.670243436643652,-0.23091248683211574,4.059377564635931,0.9803921568627451,0.2765842036835258,0.18129860737963635,124.35546792129927,18.765559468066343,0.5605198574671578,0.3740925077193727,132.9841972748555,38.547151403933626,6.155171442128574,4.0346628468981,9.914304613462699,6.74182896353355,0.05947187213099103,0.039691692431345967,5.274038317482671,2.892278773966088,-0.5605198574671578,3.9168251752853394,0.9078125,0.3758745363737998,0.19333315741969273,79.36965072886002,16.27717785868542,0.5940205649944515,0.39518833671172615,181.69706159085186,45.25547231705576,8.364802404835,4.302482620185589,10.699048968115244,5.491897105423922,0.06302633994835588,0.041929986806856126,5.22647597097386,2.7717945485788755,-0.5940205649944515,-0.5605198574671578,-0.5106623470177533
stage2_soh,143,-1.2356499229125195,0.9923272156448513,0.13473949278242045,0.07856353683082347,172.09143537583398,5.55500667379129,0.22898899350688573,0.13800380708244273,75.3617136542869,11.44922627827923,-0.22898899350688573,4.30608437575546,0.9803921568627451,0.2773147098787347,0.18393611232293586,123.29225124936909,19.261848006964655,0.5657525735191843,0.38191409332714243,142.27857593315017,40.867785163517325,6.171428302828372,4.093358516749318,10.182767943688644,6.926620214160496,0.06002706998134041,0.040521572645097606,5.422156465093144,3.2212166308440713,-0.5657525735191843,4.040125226974487,0.9078125,0.3752830110868628,0.1936627803614101,82.362525496867,15.389600669205722,0.59493544267225,0.3913832797714349,188.65943230027227,45.989830073462,8.351638458720357,4.309818128470258,10.671708127334432,5.399914203959556,0.0631234096374038,0.041526265410032286,5.166143044892242,2.8107778146102795,-0.59493544267225,-0.5657525735191843,-0.5106623470177533
stage2_soh,144,-1.2319199670524648,0.9917697284450508,0.13453183599546858,0.07840976486464546,171.51701816958067,5.566472974692367,0.23003229850871795,0.13820121729557303,75.26842881086283,11.518213445659606,-0.23003229850871795,4.556177633883906,0.9803921568627451,0.2774884263320334,0.18274223775986362,123.61554106455561,19.53893135619095,0.5705455015139248,0.38765892611962616,141.692929376666,41.96947574152419,6.175294230593343,4.066789744859098,10.150992340058457,6.682983778588532,0.06053560575761833,0.04113110673509821,5.494083305424395,3.2578366908289356,-0.5705455015139248,4.171208310127258,0.9078125,0.37547595703445424,0.19490372338841552,80.13463186597117,15.701856568768793,0.6112165532421959,0.405866677742415,190.71719935872858,49.677007347428194,8.355932324279825,4.337434373286149,10.674715343968625,5.547384306564862,0.06485085624445479,0.04306297241635428,5.365394849161045,2.7940253533821493,-0.6112165532421959,-0.5705455015139248,-0.5106623470177533
stage2_soh,145,-1.2428080717946433,0.9919897891818141,0.1354326013452208,0.07866168042671522,172.14002792724378,5.601274380606408,0.23040633898751348,0.1381957116335623,74.28504585531887,11.499649012679617,-0.23040633898751348,4.239042883293301,0.9803921568627451,0.27851760137265014,0.1833911963172403,124.96645116778872,19.113658361117317,0.5926277831673029,0.4020129329050142,142.7241468318432,45.188463698394074,6.198197739667939,4.081231824798198,10.148869595317805,6.621276184696521,0.06287856401923028,0.04265408517151872,5.6851039575847695,3.278711265738333,-0.5926277831673029,4.171887683868408,0.9078125,0.3757085358552626,0.19373078019416426,78.25360447045239,15.948760970031373,0.6008316462166512,0.39613385809425383,183.34157655463173,47.99064330313433,8.361108189339426,4.3113314131158145,10.6484314586579,5.346083505670139,0.06374900435734014,0.04203030783207885,5.226215393161093,2.6860747890698047,-0.6008316462166512,-0.5926277831673029,-0.5106623470177533
stage2_soh,146,-1.2436931809476883,0.9915936798556402,0.13516787253662646,0.07873512219234419,171.80010303089773,5.575063912538529,0.22894006538261244,0.13727056288826586,73.96526089708435,11.44126881183202,-0.22894006538261244,4.246497370215023,0.9803921568627451,0.28073042457322056,0.18655886573753522,127.27396094564678,20.974998137456936,0.5655541076405108,0.3781451279957158,129.38440344880306,36.93272840190171,6.247442439796278,4.151725902530174,10.305854010632578,6.92388210351684,0.06000601249835994,0.04012168061402914,5.334886984036498,3.185637276334197,-0.5655541076405108,4.008914852142334,0.9078125,0.37388279940981967,0.19212642003039945,78.22253498060944,15.775700703051461,0.5918349262508887,0.3935179819825862,175.63739377434703,48.39402569249219,8.32047781103083,4.275627595864584,10.667837990101058,5.287319232497102,0.06279444088867034,0.041752760038631195,5.179524390159067,2.670684357215218,-0.5918349262508887,-0.5655541076405108,-0.5106623470177533
stage2_soh,147,-1.24616394693834,0.9917990698766193,0.13484337964697796,0.07843871933840302,170.67018264838657,5.512677976048925,0.2293871173601636,0.13762416259790847,74.07563555258908,11.472193590346114,-0.2293871173601636,4.0983516543519265,0.9803921568627451,0.28280834556488144,0.1866768006591455,125.82672664731234,20.09517554886277,0.5519581550385367,0.36992598377971675,122.12466062478074,39.32991601307819,6.2936849936968065,4.154350454662427,10.153308125139647,6.960188727756702,0.058563464578117876,0.03924961892463804,5.210828923136756,2.9746943381150515,-0.5519581550385367,4.0496656656265255,0.9078125,0.3756373941917894,0.19337872535397765,78.61741213728325,15.60046473491926,0.5924913205224703,0.3888995653407619,181.58218888302534,44.73240230911914,8.359524985636815,4.303496699963291,10.600762662745604,5.447945207462368,0.06286408515847981,0.04126274013958362,5.120929923041975,2.6601055456868177,-0.5924913205224703,-0.5519581550385367,-0.5106623470177533
stage2_soh,148,-1.2438918527645235,0.9920044598975984,0.13510397753757758,0.07858733973483786,170.146255789767,5.590165837418245,0.22878733263752357,0.13747490398940077,74.1010856254641,11.432678092668835,-0.22878733263752357,3.940230051676432,0.9803921568627451,0.27935499595536883,0.18350078621696608,123.08255340169453,18.679851852021145,0.5655461787344442,0.3814716956979942,137.08616590910154,47.295071871430316,6.2168333202712365,4.083670664804801,10.099790230163311,6.924016679837595,0.060005171231308545,0.04047463369212163,5.3904786749378255,2.8652286913970633,-0.5655461787344442,4.131949019432068,0.9078125,0.3738688469788262,0.1931854007038055,79.31759046883273,15.87329069054925,0.590051471157978,0.3970914758854633,191.6185508368016,48.37018210038303,8.320167310273176,4.29919440666544,10.64763862908599,5.550033971541824,0.06260521402752713,0.042131912301698396,5.232361628742092,2.878967859286334,-0.590051471157978,-0.5655461787344442,-0.5106623470177533
stage2_soh,149,-1.2424857405596401,0.9915056555609348,0.13549196906016003,0.07890918145114095,170.4838852692243,5.585959443632214,0.22856622345268587,0.13757390381971468,73.96368712271376,11.467912547550016,-0.22856622345268587,4.737763397366392,0.9803921568627451,0.27559255332645083,0.18182076547733125,120.79081028209282,20.233263700225727,0.575799448966909,0.405853562127324,145.44578417524096,44.27423486208389,6.133103016393645,4.046283078886784,9.845712791346909,6.482608298344793,0.061093056286701745,0.04306158083285689,5.696363629873659,3.6746276270176885,-0.575799448966909,4.0470436096191404,0.9078125,0.3748393592040042,0.19232527387939627,81.46013181052572,15.594141588257763,0.6045564933608035,0.40375883220185643,192.27377649804188,47.221324258010725,8.341765322932956,4.280052937283948,10.502341540228361,5.3308225897205785,0.06414421539244161,0.042839327314775834,5.3180087516634185,2.88350122820336,-0.6045564933608035,-0.575799448966909,-0.5106623470177533
stage2_soh,150,-1.25280310405353,0.9918284113081878,0.13444252923383615,0.07821836195436521,170.15510855428366,5.5359120246869935,0.22849767314750133,0.13718024101838303,73.93187487853679,11.48243219960962,-0.22849767314750133,4.537439846525006,0.9803921568627451,0.27899059384505825,0.18479088231482926,126.01953758246354,19.142989132543256,0.5627365220541224,0.3846070773228455,142.5538655306964,41.674479215260575,6.208723827997406,4.112380773890622,10.121648565884348,6.809053133683524,0.05970706307225217,0.04080730168343527,5.408168368118346,3.2267215650900396,-0.5627365220541224,4.220447134971619,0.9078125,0.373428708765444,0.1923304235046089,78.75378429106838,15.984347212418811,0.60053315370667,0.3991435912419547,188.64024199477694,49.29714870573683,8.310372368532034,4.280167538282937,10.687206455843402,5.386030578109222,0.06371733392113851,0.04234964435963258,5.262747878431132,2.871382287752181,-0.60053315370667,-0.5627365220541224,-0.5106623470177533
stage2_soh,151,-1.25869110339478,0.9917550577292666,0.1353027456912134,0.07885700893905787,170.46810678377142,5.599599893924995,0.22712513931160322,0.13648260308978563,73.4664343550122,11.377736980811676,-0.22712513931160322,4.3362065249798345,0.9803921568627451,0.2737029812332863,0.18371935907532186,122.71499688990988,19.69057566841164,0.5610831313811915,0.38365102720620364,140.17576083728224,43.51160970986445,6.091052024215518,4.088534837804772,10.185202643586475,6.837902641674112,0.05953163621203805,0.040705863546087795,5.405288067779016,3.192102118006211,-0.5610831313811915,4.056430292129517,0.9078125,0.3754562296761983,0.19465190879272995,79.86770269951631,15.903822977422331,0.6020171201239201,0.39911074625651966,189.87609531469002,50.421528713084385,8.355493306900854,4.331830430662409,10.63334608396903,5.5003501692155545,0.06387478465163034,0.04234615946476594,5.277475003812064,2.7621044043261125,-0.6020171201239201,-0.5610831313811915,-0.5106623470177533
stage2_soh,152,-1.2598676031615175,0.9919457770344615,0.13434043999778908,0.07825516058745624,170.51195548773038,5.588628955217428,0.22750481758313856,0.1365322225029298,73.97965608178798,11.421903688736478,-0.22750481758313856,4.1980883804022096,0.9803921568627451,0.2815698631766852,0.1848707177000595,125.96469660187911,20.020269593708775,0.5640458470667202,0.3766283153375958,144.44772757129263,36.50921214842727,6.266123508529247,4.11415744976978,10.146607663597226,6.528722246931416,0.05984598412685849,0.03996074485546743,5.309644603041688,2.729396318845022,-0.5640458470667202,4.019512605667114,0.9078125,0.37504602362075334,0.19479766747463145,86.07938026228786,16.00191196249354,0.610008082253453,0.4045796334645274,193.69501245375795,50.430442016980464,8.34636448260707,4.335074179453317,10.66567428050311,5.72183483593242,0.06472263593047468,0.042926415376132135,5.3527434104942655,2.778105407286616,-0.610008082253453,-0.5640458470667202,-0.5106623470177533
stage2_soh,153,-1.2592160701594308,0.9920338013291669,0.13434666684145907,0.07826143867945823,171.21695421543558,5.506095100417278,0.226033660077396,0.13618396037268277,73.95471743523198,11.3777664849363,-0.226033660077396,4.430533128626206,0.9803921568627451,0.27544982099846765,0.18327577271699613,125.07054355651503,19.747114735689912,0.5671395701804746,0.3849972255272316,131.9111523232214,42.270285487418136,6.129926616811274,4.078663160216097,10.073023574868463,6.644714462238676,0.06017423209698625,0.04084869690577089,5.413676805913886,3.313968158075764,-0.5671395701804746,4.258740043640136,0.9078125,0.3754532069301,0.19281122867432715,82.07082133366023,15.67636605383047,0.5932629346587771,0.39191218661580934,173.31468832477375,46.088207797149735,8.355426037981612,4.290867492258846,10.570368095362573,5.314633029639772,0.06294595440296344,0.04158238310113423,5.162860565564748,2.6767460410256483,-0.5932629346587771,-0.5671395701804746,-0.5106623470177533
stage2_soh,154,-1.2706983509809167,0.9919457770344615,0.13564665122667904,0.07896170065527001,171.20097686045932,5.5588592047478755,0.22582654353763199,0.13543191625753023,74.23612977746185,11.2579554591337,-0.22582654353763199,4.3194041504579435,0.9803921568627451,0.27885944939459784,0.18414313703702362,123.35342470559536,19.85891110256858,0.5571693285125013,0.38277234822584716,134.3227864774286,43.44758412803709,6.20580530783061,4.09796569456713,10.259725782259768,6.87765925338131,0.059116376733445386,0.04061263458502995,5.387289505984225,3.190927574110163,-0.5571693285125013,4.151929664611816,0.9078125,0.3755444411195917,0.19239992356597213,83.39761757908677,15.748035775819769,0.6011637381581806,0.39430017952799973,179.62710237580637,46.17738761886343,8.357456385594478,4.281714209377062,10.550574563346336,5.327859363049977,0.06378423973610374,0.041835752196326036,5.210428384467214,2.671979192625062,-0.6011637381581806,-0.5571693285125013,-0.5106623470177533
stage2_soh,155,-1.2713449419593226,0.9920484720449511,0.13478171064780783,0.07847454385266392,169.38457370621293,5.595195883552418,0.22752623933845278,0.13612774977412792,73.43995075739961,11.231367631950322,-0.22752623933845278,4.554335532468908,0.9803921568627451,0.2796134689248936,0.18369554540361552,127.51263705439733,19.01906481734127,0.5868890526714796,0.38866760078224116,146.0408315068353,38.38573262563371,6.222585439949051,4.088004882622708,10.101613070293851,6.50185038359008,0.06226967739069221,0.04123812840392522,5.490423474369268,3.002218302572754,-0.5868890526714796,4.266223955154419,0.9078125,0.3733595716340782,0.1934186886614043,81.53202042826986,15.778421849881859,0.6034683113415514,0.3963017921159917,205.58527222958674,46.06416801637974,8.308833774169429,4.304386053025865,10.682769523064716,5.520238239736918,0.06402875789161971,0.042048125846078165,5.23451429062437,2.697769185189424,-0.6034683113415514,-0.5868890526714796,-0.5106623470177533
stage2_soh,156,-1.2664450160452816,0.991784399160835,0.1350312804124636,0.07844698063733696,169.4367372834114,5.571538122754019,0.22683377956340747,0.13603162859720727,73.35176745158658,11.399837426415026,-0.22683377956340747,4.508622806212482,0.9803921568627451,0.27863964226377846,0.1860873417070537,124.05352857138963,19.761499991041173,0.5869135911404811,0.39592154296343307,149.34645963554428,40.07903477638249,6.200913667034147,4.141232493260793,10.347267910794642,6.896223765975489,0.06227228095356569,0.04200778092577316,5.6129756220656235,3.2922657382151037,-0.5869135911404811,4.046601128578186,0.9078125,0.3737385899503388,0.19360265329778487,83.09463711125366,15.676823525166661,0.5999666022790073,0.39946183668653246,196.23050869597938,49.889516049905694,8.317268539008568,4.308480046323858,10.552653743799528,5.582727998391217,0.06365722209171316,0.04238341060740073,5.29402970760457,2.800084023482273,-0.5999666022790073,-0.5869135911404811,-0.5106623470177533
stage2_soh,157,-1.2680541190309458,0.9917403870134824,0.13516889033450658,0.07865379463638104,170.55660005335548,5.590038715357984,0.2288287760916583,0.1367478245769975,74.42429860655751,11.349118543556456,-0.2288287760916583,4.166018285003363,0.9803921568627451,0.2750892101587498,0.18393576650825494,125.83299355987377,18.971803731145492,0.5566382873634574,0.37626603337543485,117.86523335927251,42.45715591630135,6.121901496385767,4.0933508209061715,10.229463307804041,6.964619432883096,0.05906003258989454,0.039922306276990734,5.344621977247192,2.9220022085550506,-0.5566382873634574,3.8807775497436525,0.9078125,0.37562577037267797,0.1946402432215109,86.76191104767345,16.749569568550235,0.58150291508315,0.38163413243219113,178.14793944402226,44.09624855882704,8.359266306368475,4.331570822232616,10.692138381699689,5.628642111970683,0.06169820131956687,0.04049186843689799,5.040664035275761,2.631604102795571,-0.58150291508315,-0.5566382873634574,-0.5106623470177533
stage2_soh,158,-1.268471743835155,0.9914176312662295,0.13502630011079111,0.0787077723377888,170.8038490425096,5.582325411914877,0.22554447032993005,0.13545474689483217,73.87485749945428,11.22073816094601,-0.22554447032993005,4.630450798483456,0.9803921568627451,0.2756867817341928,0.18384333977512285,123.70428964203612,19.611082102301072,0.5793205453374762,0.3953906333000929,137.3091349914986,44.556611239738714,6.1351999980601555,4.09129393414009,10.266511271795736,6.795843708595662,0.06146664910472877,0.041951450733023254,5.620516344818264,3.344890966426938,-0.5793205453374762,4.414631938934326,0.9078125,0.37300227515571355,0.1930710473076033,84.72909960974452,16.060114989689016,0.5981069304474361,0.3983381567431934,172.03270605360936,52.272394149645045,8.300882412339236,4.296649558661684,10.603410196973314,5.588827158971988,0.06345990853734139,0.042264186731535924,5.287677540029735,2.926323366949358,-0.5981069304474361,-0.5793205453374762,-0.5106623470177533
stage2_soh,159,-1.2653082798773325,0.9920044598975984,0.1353832939589229,0.07872797330740547,171.73271639853124,5.5691454226755415,0.22653557514911765,0.13562557627576136,73.92937423453122,11.223717976469413,-0.22653557514911765,4.185314081229415,0.9803921568627451,0.27790165388484167,0.18487506150359326,122.86931693961358,21.65918992396128,0.5617985126095444,0.3795839333418282,127.58248478915161,39.953602873716164,6.184490296016718,4.114254117819166,10.126497923375814,6.50855396376103,0.059607539073231526,0.040274339697245295,5.353491982457434,3.086307964902784,-0.5617985126095444,4.147226405143738,0.9078125,0.37286805042295457,0.19300434414544726,78.0605011844794,16.02232974467248,0.5848369895805704,0.38407722559622925,172.46245228018157,46.94737376740639,8.297895342828749,4.295165130435724,10.684832737227294,5.597491995135812,0.06205195087820298,0.040751083739121764,5.057444069975423,2.631378028021802,-0.5848369895805704,-0.5617985126095444,-0.5106623470177533
stage2_soh,160,-1.2657447959392363,0.9919604477502457,0.13539635794298804,0.07854840402607281,170.12126413723598,5.615932479789375,0.22635603517577113,0.13497337667573683,73.38375945289953,11.094656765978108,-0.22635603517577113,4.290691707648483,0.9803921568627451,0.2779842314777776,0.18580123852098399,125.25387571330303,20.011292099349895,0.5723883354191706,0.38648792728142556,131.89523760352304,41.742683424353196,6.186327997646203,4.13486548409344,10.23820149196535,6.8426440074236,0.06073113278652088,0.04100686226410714,5.458936590522112,3.0811729653016795,-0.5723883354191706,4.157289600372314,0.9078125,0.372205179150344,0.19288486049663334,80.48141724125684,16.476537690899292,0.5804457984961455,0.38671156358996084,182.6653121755409,44.932813660610805,8.283143645976068,4.292506112555505,10.530833908312768,5.5479034804449725,0.061586039900747624,0.04103059036181478,5.101981188194986,2.6961259451718154,-0.5804457984961455,-0.5723883354191706,-0.5106623470177533
stage2_soh,161,-1.2710698735953032,0.9920338013291669,0.13541463279387342,0.07875031271457078,170.04975486108097,5.566144271561963,0.22562148549353936,0.13457834205617705,73.77230260662247,11.045402109219815,-0.22562148549353936,4.546934492447797,0.9803921568627451,0.27993294415711356,0.18312225613889158,126.05311106075136,19.354193493180155,0.5829351876756571,0.3963775326799163,141.78592530206748,44.93967631107513,6.229695118664029,4.075246765335774,9.945282045876866,6.795027831727111,0.061850167269289366,0.04205616201655962,5.639468699588149,3.485018852245437,-0.5829351876756571,4.199378323554993,0.9078125,0.37562113191645446,0.19448465250898153,81.44993654364366,15.89207287105934,0.6084500793684987,0.3978645307044644,190.34296878269294,46.35011528906652,8.359163081047209,4.328108269065564,10.677455706854776,5.636299231513178,0.06455732983628489,0.04221393440445428,5.259689538355704,2.7390836806675996,-0.6084500793684987,-0.5829351876756571,-0.5106623470177533
stage2_soh,162,-1.284539144626045,0.9920338013291669,0.13543727632106425,0.07877664238488999,168.5351293928165,5.585595106205962,0.22483300167446635,0.1335014253420092,72.44609876935911,11.027878396853229,-0.22483300167446635,4.627239609699624,0.9803921568627451,0.27518834893350524,0.18397486717348882,122.39020632132755,19.76584479364662,0.5571646337580706,0.3783822322675191,137.11607071096552,39.04294411843007,6.12410775454171,4.0942209765217505,9.99234145753687,6.70834698321407,0.059115878614009514,0.04014683767982539,5.351247705852483,3.033680033157391,-0.5571646337580706,4.527309513092041,0.9078125,0.3762629356815532,0.19465427816867303,85.0235010356283,16.39544660350122,0.5976989917199791,0.39504218399615637,170.77657158672974,47.51418310605846,8.37344593651681,4.331883159324952,10.649080982156581,5.5366803917959775,0.06341662571780628,0.04191447981723539,5.205212306216734,2.7507727056730897,-0.5976989917199791,-0.5571646337580706,-0.5106623470177533
stage2_soh,163,-1.2774395877559488,0.9917257162976981,0.1347045028955719,0.07861493498055723,171.30117174283896,5.576291903174383,0.22408304101216933,0.1336660826954873,73.09725040704542,10.967973440541929,-0.22408304101216933,4.21660166721718,0.9803921568627451,0.279770557769628,0.18461817065984304,127.65596606441272,19.07931842459311,0.5619380977832581,0.3794608588618062,140.9843233630661,40.029150112940606,6.226081332910793,4.108537207149151,10.088335737635552,6.8860471522746876,0.059622349238280796,0.04026128133786526,5.375106318974828,3.1538533508578945,-0.5619380977832581,4.036877846717834,0.9078125,0.37445574251256447,0.19241721898433753,79.45804438683578,15.274125531746297,0.5880961443822605,0.3887613120230526,181.65696479416016,45.186893318152826,8.33322822474576,4.282099105780344,10.487461765399548,5.234041340206042,0.06239775136152054,0.04124807128615593,5.134226045344559,2.588086023500039,-0.5880961443822605,-0.5619380977832581,-0.5106623470177533
stage2_soh,164,-1.2818249330315241,0.9917550577292666,0.134952081024093,0.07882578767183479,171.3152953277075,5.645060729283532,0.22663980861587296,0.13517756540357545,73.70797152245267,11.208353612933458,-0.22663980861587296,4.798382586123896,0.9803921568627451,0.2764440934226115,0.1844587037896774,124.72943939478442,20.447395715407083,0.5808948871457839,0.39954964305803764,154.80047449807662,46.324292377488575,6.152053394657881,4.104988393037076,9.982979038260433,6.767601612285878,0.06163368877953572,0.04239272697546311,5.650370013929423,3.462955222748562,-0.5808948871457839,4.25722222328186,0.9078125,0.3737176011337494,0.1933895976824715,78.9376608092186,16.05423321808715,0.6035534353418704,0.40232520251593085,189.33680309324072,49.80172925800575,8.316801448832214,4.3037386553785435,10.697969919160915,5.595575810325483,0.06403778965667639,0.04268721737570993,5.304005981010605,2.801177787451439,-0.6035534353418704,-0.5808948871457839,-0.5106623470177533
stage2_soh,165,-1.2966683936518175,0.9917697284450508,0.1347736407272671,0.07841389007851449,170.06468114995374,5.538426316257852,0.22318813422919154,0.13299570310978315,72.46275476074854,10.923871928614396,-0.22318813422919154,4.342821806552363,0.9803921568627451,0.2786301937956915,0.18517952665832696,123.09058398633867,19.18508739578882,0.5558695333853707,0.3670941131225988,126.46685333456021,40.60004693642414,6.200703398551108,4.121029758656864,10.132233180904768,6.878223510201737,0.058978466811847784,0.03894915383429735,5.199200441402205,2.882355531724005,-0.5558695333853707,4.32726743221283,0.9078125,0.37568568922121726,0.19517463300835516,82.43727468349991,16.73368001183089,0.5841370169816253,0.3878702157207954,179.11373966697812,46.90239409445516,8.360599754846236,4.343463261175778,10.832027883693865,5.579384572577817,0.06197768289225192,0.04115352483139925,5.108761980279798,2.7621939241202433,-0.5841370169816253,-0.5558695333853707,-0.5106623470177533
stage2_soh,166,-1.2948555078657993,0.9917990698766193,0.13491099892529382,0.07844361584456712,169.53415177963242,5.606339685851356,0.22446209964412145,0.13364843934614,71.27082497256028,10.993857171151223,-0.22446209964412145,4.165230899698594,0.9803921568627451,0.2781091920690249,0.18465007261427888,124.86751387155563,19.736600063054517,0.5616245544727095,0.3824860129103649,152.51475711617573,43.82325477224246,6.189108900721625,4.109247160921915,10.098317879032354,6.676399777676403,0.05958908189293334,0.0405822540426779,5.354554570475774,2.9767833967445396,-0.5616245544727095,4.107018637657165,0.9078125,0.375634230305242,0.19260031491357948,78.1559067017453,15.158326592578138,0.5893616713414159,0.3908043240822735,195.0309900362075,48.982927401391684,8.359454575744047,4.286173766660579,10.568591454185826,5.51682815448236,0.06253202538676793,0.04146483747263342,5.1472697908647245,2.7332585937655076,-0.5893616713414159,-0.5616245544727095,-0.5106623470177533
stage2_soh,167,-1.293357857799064,0.991579009139856,0.13540109850275567,0.07876371486201723,170.57329601994869,5.571284866152179,0.22483400355807262,0.13342137342957058,72.19132895163324,10.919924070161773,-0.22483400355807262,4.273264995275759,0.9803921568627451,0.27652704029069763,0.18390076607648356,125.64003094743843,20.768667778616596,0.5743342161941395,0.38754688194478115,136.84379432871714,39.230879823857975,6.153899314225442,4.0925719128729865,10.031298556862371,6.608343078694853,0.06093759321979444,0.04111921870517271,5.4559300135217015,3.0621249475000734,-0.5743342161941395,4.1720798254013065,0.9078125,0.3746620207960588,0.19323913128318965,77.70608481051383,15.81149978410831,0.5862666261602455,0.3859649903337413,190.6172499563671,45.03463150917062,8.337818791317481,4.300390139911915,10.63634297885641,5.592095818787118,0.0622036371436003,0.04095137798666194,5.096268151508601,2.7629689144480727,-0.5862666261602455,-0.5743342161941395,-0.5106623470177533
stage2_soh,168,-1.2882390940757575,0.9922391913501459,0.13486282116936574,0.07841534439697108,171.77802064635475,5.538975563105368,0.22323130498113103,0.13330414700330598,72.96396744222258,11.004690763278866,-0.22323130498113103,4.399422186496211,0.9803921568627451,0.2776756635915848,0.18406277154481002,124.5546266195017,19.352832651385484,0.5652301753187575,0.37380817974826286,128.97515901854467,38.0312665575814,6.179461053635095,4.096177221559569,10.036175184312928,6.770554840148481,0.059971642865666704,0.0396615248707933,5.326174025144281,2.894040981895891,-0.5652301753187575,4.204205918312073,0.9078125,0.376263258507475,0.1942811614335369,79.9686520000668,16.285196164461862,0.5880665423052229,0.3870290445531282,183.32010830128235,45.81283912679834,8.373453120762576,4.323579729692658,10.671574631964535,5.554808245751841,0.062394610543372975,0.04106427549712975,5.106515372514059,2.6806356392723956,-0.5880665423052229,-0.5652301753187575,-0.5106623470177533
stage2_soh,169,-1.2964643988637925,0.991843082023972,0.13429453362305696,0.07832412685837327,168.2244653921513,5.571748876683409,0.2242487667338955,0.1339274589715299,72.284109514495,10.994189900689392,-0.2242487667338955,4.4370413275326,0.9803921568627451,0.273004785727181,0.18241310938462324,124.3726744725687,19.981730091034642,0.5612071212207606,0.3915492875241291,141.4812196860016,43.34285212083384,6.07551421336816,4.059465242775847,10.012465079169733,6.963025492889837,0.05954479169223409,0.041543879044428036,5.499330330450314,3.4945942492600794,-0.5612071212207606,4.087788486480713,0.9078125,0.37450301186701757,0.1940647963216179,79.75245512442034,16.2365066194457,0.5967817308924358,0.395091511359351,187.60861096258176,48.47521277090822,8.334280168337413,4.3187646884132915,10.652076339780354,5.366079578649779,0.06331930317352938,0.041919713513414725,5.2002569112284505,2.761589676831341,-0.5967817308924358,-0.5612071212207606,-0.5106623470177533
stage2_soh,170,-1.2968290638563724,0.9920924841923038,0.13520336935306665,0.07849517298493111,169.51529593645327,5.560264836101619,0.22374936541389137,0.13335547928365957,72.91673179535519,10.987100149378696,-0.22374936541389137,4.753608322143554,0.9803921568627451,0.278572913801753,0.1872092903719521,128.2036513930864,21.197708779092814,0.5941046737299218,0.4022946560120794,144.78858045482787,46.10495893754143,6.199428675778803,4.166200608900609,10.407073580260429,6.900195963410143,0.06303526399251658,0.0426839763526723,5.7163256132225495,3.487797910777397,-0.5941046737299218,4.408939266204834,0.9078125,0.37616953112423307,0.1940908139131352,84.6612811579754,15.649926145395566,0.5963289531197484,0.39695122712764713,182.24384253548564,46.2075008949215,8.371367289015886,4.319343690157309,10.670878767720636,5.332862792103844,0.06327126287407826,0.04211703172952909,5.232508947308716,2.8032478942393206,-0.5963289531197484,-0.5941046737299218,-0.5106623470177533
stage2_soh,171,-1.3071940481236897,0.9919897891818141,0.1347340905098044,0.07828752142604485,167.28402798037865,5.5766222972386394,0.2233948650922547,0.1324785202930482,70.56044841172756,10.851661371938285,-0.2233948650922547,4.870687109816308,0.9803921568627451,0.2804327335740364,0.18818855509527174,127.61559795509615,19.96926270037287,0.578787133467077,0.39065150035517837,132.7945492638359,42.58142397127972,6.240817552646708,4.187993401760746,10.376276351949665,6.838567559227236,0.061410053424616966,0.041448622680177266,5.528410345804192,3.201506999863695,-0.578787133467077,4.518445229530334,0.9078125,0.3775274992921597,0.19534672373447393,83.18586121797316,15.838240431109078,0.5909042193793324,0.3948077776509308,179.80376054327513,50.207436024008274,8.401587839485593,4.347293009616775,10.671523479003383,5.464883274196289,0.06269569170196579,0.04188960900489175,5.19330478820024,2.8981534354281075,-0.5909042193793324,-0.578787133467077,-0.5106623470177533
stage2_soh,172,-1.304111163307642,0.9915496677082875,0.1357059941987615,0.07890919656178585,171.55577236396414,5.62510612330027,0.22285513779287816,0.13285016979632183,72.33093648458524,10.803897309318753,-0.22285513779287816,4.671764522440293,0.9803921568627451,0.27885769994439025,0.18233162541599834,122.76713775881721,18.927771137739228,0.5736659328682805,0.38301267813681167,133.04575274394963,40.885630863619525,6.2057663751445995,4.057651878925015,9.761636593055558,6.546428305983487,0.06086668750615505,0.040638133895257285,5.443915007849338,3.3238707113180554,-0.5736659328682805,4.42545862197876,0.9078125,0.37630628878327904,0.19472795382826008,81.83845441410526,15.993357218618616,0.601920041030172,0.39942240239943205,182.01082626711496,48.88526169199682,8.374410726877636,4.33352275518701,10.719094746467487,5.5867763853881645,0.06386448443590549,0.04237922657921909,5.2778597409925085,2.8496774577192676,-0.601920041030172,-0.5736659328682805,-0.5106623470177533
stage2_soh,173,-1.305972131046473,0.9921364963396564,0.13467601611339744,0.07853262148822625,169.60510769313626,5.6222883810632,0.22418120703329986,0.1330774079594459,71.93343549214421,10.898106980914275,-0.22418120703329986,4.241018328947179,0.9803921568627451,0.27841414290801825,0.1838645366038762,125.94842192790492,20.690289550980857,0.5250330477014097,0.3570328397776785,127.58228763003751,38.22674761266107,6.195895350093741,4.091765653469208,10.012547602922485,6.490717019113701,0.055706676331752046,0.03788163989367107,5.032078085986199,3.1069362735314323,-0.5250330477014097,4.265954327583313,0.9078125,0.3764252875819425,0.19387174384428363,79.77755339237645,15.735941090626703,0.6001615279285994,0.39538137936688145,186.52419581407176,45.71987696409218,8.377058954785904,4.314468452115287,10.72403605563255,5.281237134792446,0.0636779039518706,0.041950468878901,5.191623513767459,2.7361788319183407,-0.6001615279285994,-0.5250330477014097,-0.5106623470177533
stage2_soh,174,-1.3080561411726523,0.9913296069715242,0.13521282293752004,0.07873863367047412,168.91506948944476,5.594081141091389,0.22392509196023663,0.13259940390777009,72.48513164869016,10.8389038237408,-0.22392509196023663,4.563966746423759,0.9803921568627451,0.2797126732770148,0.18761583115613345,122.07976234732584,19.870857671432727,0.5745936118158256,0.38473468446538,136.70616929336626,41.98540881139,6.22479315747948,4.175247865365468,10.177265495093158,6.5671019682807765,0.060965115426258217,0.04082084096409182,5.4270342122801205,2.988113336009868,-0.5745936118158256,4.283414506912232,0.9078125,0.37294093100972453,0.19345229328246205,82.27213761909687,16.49973929626261,0.5827059690204154,0.38644325036148075,178.67893338650998,48.779535012571074,8.299517244948962,4.3051338983514595,10.625101526566395,5.615503941188658,0.06182584687747278,0.04100212198589081,5.089124724793921,2.5885588457912556,-0.5827059690204154,-0.5745936118158256,-0.5106623470177533
stage2_soh,175,-1.3144349097425563,0.9916817041503455,0.1349802162842833,0.07852245915705021,171.23867971706733,5.578430129940551,0.22302840049993294,0.1325641118558391,72.335263435114,10.79983329562159,-0.22302840049993294,4.4893166233511534,0.9803921568627451,0.27971601288822256,0.18592516172165965,125.39181106081377,20.696884773267072,0.5569740379993555,0.3748035982205514,127.73228693590389,43.95094907913334,6.224867477991134,4.1376233008293815,10.16606495816888,6.884121417177992,0.059095656160799336,0.03976714004091106,5.294314247977659,3.0807644412897517,-0.5569740379993555,4.390166211128235,0.9078125,0.3764290486739304,0.19251805279127437,85.56488866499387,15.740932646000573,0.5931875708164419,0.3890955100101564,175.4574980330639,44.91852992893656,8.37714265503229,4.284343085590446,10.543729317963933,5.315315650745016,0.06293795820312331,0.0412835301190424,5.134984520016859,2.6883303965419563,-0.5931875708164419,-0.5569740379993555,-0.5106623470177533
stage2_soh,176,-1.312691195166475,0.9916817041503455,0.13557752798129996,0.07882325023062771,170.89227930451796,5.584521440902723,0.22231291837808737,0.13204082892642013,71.82231135776891,10.688119945851764,-0.22231291837808737,5.035407586191215,0.9803921568627451,0.2776741016418762,0.1853901416793758,125.35440449067171,19.211550238526115,0.5868372633418463,0.3983803422313512,143.21474047797338,41.44246407250157,6.1794262936303195,4.125716836029968,10.231750769499861,6.863649279650115,0.06226418247673213,0.04226866266566045,5.625600622626551,3.4430784525594884,-0.5868372633418463,4.5557719469070435,0.9078125,0.37511142618003523,0.1942616164422361,83.1600068829232,16.48713093388337,0.6115101324636394,0.3990857015262009,176.3374982243241,46.52367434339958,8.347819966903616,4.323144770751804,10.6776324424293,5.6774389721653185,0.06488200537447296,0.04234350218692069,5.263392625277021,2.722326618700502,-0.6115101324636394,-0.5868372633418463,-0.5106623470177533
stage2_soh,177,-1.3171322498743645,0.9914469726977979,0.13540258804614141,0.07888632470129976,170.52962217820507,5.600321338204947,0.22086387204252714,0.13115027366559542,70.89927371915456,10.69148703876275,-0.22086387204252714,4.838928523718142,0.9803921568627451,0.27520665782101583,0.18237496574646703,123.12161392714701,20.572351559096447,0.5802068740611419,0.3980284976060776,142.45452187631759,44.686937182313,6.124515204931289,4.058616385071209,9.971276546806367,6.666747418488866,0.06156068971331321,0.0422313315019461,5.617417041623808,3.493645651449514,-0.5802068740611419,4.514523887634278,0.9078125,0.37514677415868464,0.19581310497706,88.4142879262286,15.790337140842308,0.5993994777861147,0.3989974817066468,194.8647725159052,52.00065885047814,8.34860660932868,4.3576719700464706,10.804759051763309,5.6087993908283735,0.06359704945933566,0.042334141951492724,5.248676320801392,2.776162789159236,-0.5993994777861147,-0.5802068740611419,-0.5106623470177533
stage2_soh,178,-1.3188768686015686,0.9917990698766193,0.1349012753763264,0.07853377712366967,170.0499719321373,5.581407803973603,0.22282056909161782,0.13193301361903736,72.6499772823428,10.670416889797789,-0.22282056909161782,4.594114585951263,0.9803921568627451,0.2774103805924647,0.18221004041386585,120.55005335515324,18.98667280780247,0.5463434510867407,0.36401443580603776,135.19634432262364,38.2390532267995,6.1735573819195,4.054946097022251,10.142074997304007,6.496742190627125,0.057967737324165686,0.03862239614117501,5.157894051170414,3.0152714308662913,-0.5463434510867407,4.36474072933197,0.9078125,0.37572450400357815,0.19558324203826488,80.9534577521899,16.51395683446011,0.5965997061419771,0.3944137296217377,183.36235205009376,45.856096874165566,8.361463548355546,4.352556544878898,10.819188843199562,5.627695095839613,0.06329999011523225,0.04184780000616771,5.211187444166758,2.7427292971859636,-0.5965997061419771,-0.5463434510867407,-0.5106623470177533
stage2_soh,179,-1.3202655231889882,0.9918137405924035,0.13519931356340056,0.07858660295384726,170.28614434214185,5.571241865712555,0.22209687669731742,0.13185118593705505,70.8556603568531,10.744831419490424,-0.22209687669731742,4.685408638037887,0.9803921568627451,0.28232779688123477,0.18625133093355187,126.31056338317924,20.08468731231668,0.5860711799032913,0.39107620802653187,142.785092943272,39.91369731399906,6.2829907476236695,4.144881948979215,10.281823982545435,7.1864669886687125,0.06218290004633744,0.04149368470605788,5.572368228496474,3.1915109893356277,-0.5860711799032913,4.404001355171204,0.9078125,0.37463096339648516,0.19371077804280504,78.76274523009569,16.340685535595416,0.6009382198170176,0.3971371822375659,178.32871865756925,48.0925340170411,8.337127632471905,4.310886280424983,10.739903095892165,5.701692366443801,0.0637603119523327,0.042136761803980266,5.257911203785457,2.7185367357162145,-0.6009382198170176,-0.5860711799032913,-0.5106623470177533
stage2_soh,180,-1.3284888411870108,0.9917990698766193,0.13448476700392123,0.07814412000904897,170.66995874595125,5.509973870757022,0.22111142876453843,0.1311818226660547,71.7855392489297,10.691413829236192,-0.22111142876453843,4.686032422383627,0.9803921568627451,0.2820689564173321,0.18551227145408297,125.25983580302217,20.116447705668,0.5740721701799962,0.3916499757860769,135.25175347830498,43.038961935071036,6.2772304496375115,4.128434741432733,10.04316258711931,6.740824549717647,0.060909789803308925,0.04155456219750438,5.526322319562853,3.31808376427252,-0.5740721701799962,4.245092964172363,0.9078125,0.3724295944805784,0.19237048931572645,81.93684771299283,16.40475048134166,0.6000824298682738,0.399340633562133,194.6351994467071,49.02485839659313,8.2881378387515,4.2810591724873195,10.543079769242192,5.426547207486511,0.06366951154673661,0.04237055080124018,5.275385383089265,2.7793779440153488,-0.6000824298682738,-0.5740721701799962,-0.5106623470177533
stage2_soh,181,-1.3268088095537534,0.9922245206343617,0.1353593957036052,0.07875261332751476,172.51752631071957,5.5525726150477155,0.22247172836766332,0.13187463866533558,71.11732109802264,10.717457047095328,-0.22247172836766332,4.580211819854437,0.9803921568627451,0.28014001043229725,0.184971812780143,123.38843372225084,19.542982365815632,0.5571038449862025,0.3790192394830086,133.87094220525714,41.090359040218075,6.234303221392474,4.116407244015375,10.098861033468511,6.921496898380472,0.05910942884774455,0.04021442495824456,5.319822459681445,3.1338538365097035,-0.5571038449862025,4.379429912567138,0.9078125,0.3753882223370352,0.1931294594956853,80.2092514232914,15.201642185629737,0.5903478674976861,0.39180429254483895,181.95326118800517,46.30174942371418,8.353979855205866,4.297949477554977,10.654586321224494,5.35042085136762,0.06263666205738795,0.041570935402525586,5.167019236803439,2.655332170142097,-0.5903478674976861,-0.5571038449862025,-0.5106623470177533
stage2_soh,182,-1.3318146481672146,0.9917257162976981,0.13493124180990756,0.07839600437872091,170.98643118391735,5.5516532905903695,0.22113730953074362,0.13140881496917678,71.57722188928551,10.720170974411872,-0.22113730953074362,4.658997531965667,0.9803921568627451,0.27783516070525727,0.18338796976661564,123.82810920363998,20.09232823999073,0.5821081769761434,0.39490966269582073,144.64498472042234,45.88755876196039,6.1830105407934495,4.0811600203639715,10.04367620519415,6.929185340669595,0.061762420378760466,0.04190041913816542,5.5831659831376514,3.327273517815823,-0.5821081769761434,4.35035924911499,0.9078125,0.37423562353155043,0.19313842821538857,79.2289801794368,16.39152599804229,0.615133729905011,0.40556108757373294,184.9030599149932,48.68259984596432,8.328329643960002,4.29814906960201,10.716245360031618,5.33292053175877,0.06526647368690927,0.043030548909507485,5.369707581918048,2.787098698200813,-0.615133729905011,-0.5821081769761434,-0.5106623470177533
stage2_soh,183,-1.3357266312118545,0.9919311063186773,0.1353445617004254,0.07888865496710985,170.70236552664701,5.581045545854046,0.22073835546900347,0.1309328629382499,71.76728435098272,10.64451384298363,-0.22073835546900347,4.699493481131161,0.9803921568627451,0.2784476370242067,0.18374727229569474,123.52102624832709,18.992305551651476,0.5617311054436999,0.3809468109964156,135.8228844959744,41.466431898632436,6.196640736217375,4.089156025329615,9.977605206674749,6.719480890538273,0.059600387086920226,0.04041894275550279,5.376148516527628,3.0878318323470033,-0.5617311054436999,4.499923586845398,0.9078125,0.37634251893983245,0.19484925095057407,90.46425194320844,15.919803494343878,0.5934208752089758,0.3950347388123191,188.70225576119304,47.02136299583803,8.375217001502113,4.336222130543,10.633477884684929,5.400557273586127,0.06296271209688022,0.0419136898737298,5.210769867657975,2.7006168452022474,-0.5934208752089758,-0.5617311054436999,-0.5106623470177533
stage2_soh,184,-1.336938813091113,0.9916817041503455,0.13582989526287859,0.07893429545007014,171.20225887416788,5.59929886847319,0.218855878096991,0.12980314759516084,70.26702958491161,10.49939674156071,-0.218855878096991,4.903505469303505,0.9803921568627451,0.2812771373784791,0.1865925283755596,126.61156152634857,19.77424043756445,0.5985697594814847,0.40577625767053926,154.22976133904663,44.04378312514496,6.259609118157359,4.152475038979309,10.192529324619228,6.90228562418689,0.06350901528844889,0.04305337873134735,5.743185210767878,3.2747755901373097,-0.5985697594814847,4.467013311386109,0.9078125,0.37411308188572134,0.1928993147917936,76.83637430060833,15.901631546676,0.6078520232195275,0.40330990713482606,180.59481020277073,49.44119399432586,8.325602572678152,4.292827781919126,10.49867759971938,5.521763415564232,0.06449387531572696,0.04279169579231118,5.317607298196239,2.7679845855789678,-0.6078520232195275,-0.5985697594814847,-0.5106623470177533
stage2_soh,185,-1.3382083931895867,0.9919604477502457,0.1358993314380826,0.07903651110164678,171.89190621400354,5.618119309406063,0.2218508225232341,0.1310447057359396,72.28725436864916,10.535995132535101,-0.2218508225232341,4.614675264732511,0.9803921568627451,0.2747989852288364,0.18217475731291022,126.22488260065062,19.320760397066074,0.5619048845410621,0.37888899276800014,141.78193114711516,39.03576720976419,6.1154427609388184,4.054160898401002,10.000191278276558,6.540403993185746,0.05961882527090191,0.040200605615580295,5.342768734917106,3.1126524134101574,-0.5619048845410621,4.410306119918824,0.9078125,0.37385040373622624,0.1938646255621279,89.29515594945742,16.196392401225435,0.5917246347318931,0.3911792780498217,181.30139314079256,46.47600325525141,8.319756869913098,4.3143100401508345,10.654831812259165,5.580168288261014,0.06278273881776693,0.04150462056705188,5.155070245878,2.7304603539993635,-0.5917246347318931,-0.5619048845410621,-0.5106623470177533
stage2_soh,186,-1.347836056601796,0.9920484720449511,0.1353159146403344,0.07888588076412292,169.2286192979373,5.603558980840068,0.21831621141951738,0.12933387629532545,71.54076834896334,10.47309955865776,-0.21831621141951738,4.763436336143344,0.9803921568627451,0.28054629412750187,0.18470042705645456,121.37485788466515,19.822437332160725,0.5895058057553191,0.3999413282473517,135.96027504095014,41.908714957917326,6.243344756537363,4.110367760798321,10.10342282769323,6.939452954360627,0.06254731823200636,0.042434285273860874,5.660409962426773,3.317436968473767,-0.5895058057553191,4.3646433591842655,0.9078125,0.3725968021127975,0.19133114736760035,80.59868603009912,15.969654010552652,0.597454070189774,0.39429837933930684,167.89421030980475,47.748862515668506,8.2918589176455,4.257929406605852,10.558424470277398,5.350184139358802,0.06339063923091837,0.04183556119400859,5.197176217111478,2.7674738211038883,-0.597454070189774,-0.5895058057553191,-0.5106623470177533
stage2_soh,187,-1.3533345479324979,0.9916670334345613,0.13461151068947075,0.07846066776963641,168.3275516328699,5.596106480054172,0.2192522630773395,0.12998636337145295,72.03058809948804,10.423606144607739,-0.2192522630773395,4.573503842073328,0.9803921568627451,0.2787748944882101,0.18297497074795413,124.0952195595447,19.563014158654706,0.573627072614094,0.38510924145561076,143.33900399432997,41.005221335722226,6.203923602591631,4.071969040794505,10.061657236035636,6.657180772763971,0.060862564383598064,0.04086058193871033,5.42725738204012,3.1158021726671037,-0.573627072614094,4.295445990562439,0.9078125,0.3740734494626841,0.19394305299865663,78.43285779325132,15.937022896246905,0.5969131571811037,0.3924925931798498,188.4401721589163,47.267182766969825,8.324720583196424,4.316055383200697,10.651747137303378,5.522285182314605,0.06333324767046411,0.04164396497820916,5.170452119997939,2.745931045135057,-0.5969131571811037,-0.573627072614094,-0.5106623470177533
stage2_soh,188,-1.3446500419026108,0.9916376920029928,0.1352876917176006,0.07868419819567328,170.24232631902487,5.588189037064235,0.21960368381785195,0.12987932595467497,70.0660448293829,10.518738816189527,-0.21960368381785195,4.489307371775309,0.9803921568627451,0.27380076527115554,0.18129420571905724,122.99149553785158,19.28293292225757,0.5581379114964731,0.3729896140120485,133.69989740826549,36.534884304400066,6.093228133730714,4.034564891284101,9.955329985627893,6.49227972457812,0.05921914462400919,0.039574674001646715,5.260106390564139,2.994761648821399,-0.5581379114964731,4.426375460624695,0.9078125,0.37574479163489266,0.19452227360088728,78.82248599359922,16.394503855396394,0.5968033980950612,0.3933250972577298,195.67845417838808,46.43443710907941,8.361915034186021,4.328945497900169,10.737100404396411,5.393435602643655,0.06332160209137647,0.041732294723192565,5.1801010702102825,2.7465408093312726,-0.5968033980950612,-0.5581379114964731,-0.5106623470177533
stage2_soh,189,-1.3412435352404406,0.9915349969925032,0.1344768781601306,0.0781645007133165,170.05064625673904,5.543211820935308,0.2214059824210406,0.13015549655552638,70.1502632307589,10.540251117807523,-0.2214059824210406,4.717893103992238,0.9803921568627451,0.2807370084653151,0.18701873485218076,126.53438013209022,20.463417897423533,0.5728998522997301,0.3900058953671296,153.54499231562664,42.08378048441908,6.24758895931568,4.161959940497223,10.193043843706016,6.9311804466216405,0.06078540538027151,0.04138012316711832,5.499442234074848,3.2883467928333374,-0.5728998522997301,4.365847969055176,0.9078125,0.375286676547251,0.1936849181784055,78.3105963533865,16.2057874289894,0.5980858404636963,0.3936009658249532,208.3710478691949,48.15882810744204,8.351720030758107,4.310310788778208,10.659533385896912,5.54943239035574,0.06345767086315462,0.04176156473019821,5.174101821608218,2.6207905056384027,-0.5980858404636963,-0.5728998522997301,-0.5106623470177533
stage2_soh,190,-1.3516625157352302,0.9914763141293663,0.1352328550618459,0.07855976537267764,171.7854876414578,5.5691629478393,0.21949820683484128,0.1296704686377159,71.11705334100097,10.483667861524776,-0.21949820683484128,4.6381549003077485,0.9803921568627451,0.28002487350967786,0.18661151339902599,125.43606865717724,20.818095516500197,0.5561378898536534,0.37661966724029067,144.88323272514995,39.14377623219373,6.231740936603236,4.152897536261193,10.048856764113978,6.575001737578663,0.05900693977556998,0.03995982728130791,5.310863594570773,3.2316767128986665,-0.5561378898536534,4.429422330856323,0.9078125,0.376495016605653,0.19555783056093787,84.22438286574375,16.133559993254217,0.5847813887169404,0.3896026344777056,180.4555855797668,47.98655591588255,8.378610721263215,4.351991031745964,10.872300774939754,5.541149763124257,0.06204605155562213,0.04133733667216768,5.149792105296989,2.7039028700086685,-0.5847813887169404,-0.5561378898536534,-0.5106623470177533
stage2_soh,191,-1.3515960568020242,0.9918284113081878,0.13522639105797316,0.07842613620850214,169.62778308477274,5.506927650486594,0.2195599257111249,0.1299353302162185,70.82134686710758,10.502883200490997,-0.2195599257111249,4.7029856597676,0.9803921568627451,0.277560706119788,0.18387945652300236,124.62507982841443,19.711457917721326,0.555212096555332,0.3781499870550618,136.40525697964384,42.607507825461106,6.176902762387656,4.092097684940642,10.016702335312857,6.87727281297294,0.05890871192525564,0.04012219616642618,5.327238900861194,3.2165533723345137,-0.555212096555332,4.084167528152466,0.9078125,0.37597231126407815,0.1940840479772305,77.6076830286078,15.79656255300943,0.5906736300315705,0.3881585028164409,181.78542960353505,47.28010925901813,8.366978310777508,4.319193119391136,10.731097248702955,5.406864386977481,0.06267122587792373,0.0411841124601172,5.117232570574544,2.7084659308132837,-0.5906736300315705,-0.555212096555332,-0.5106623470177533
stage2_soh,192,-1.350458256571848,0.9917403870134824,0.134729062062482,0.07862602627166249,169.9562650578675,5.588289775739745,0.22056981238781295,0.12994809852348502,71.16726734511782,10.48730638592253,-0.22056981238781295,4.8987057003320436,0.9803921568627451,0.2744108511528841,0.18107608034111122,126.50744945562921,18.843109839112515,0.568420212618144,0.3902324111456526,143.50005856594362,41.35381023243354,6.106805131789352,4.029710676620876,9.883946868411577,6.8073359858485265,0.06031010989379215,0.04140415678026602,5.506817782379876,3.423674774822886,-0.568420212618144,4.466646289825439,0.9078125,0.3743240138867427,0.19336413984347017,77.26644706211242,15.947095282593104,0.6102372982423971,0.4035547423420212,194.03228139694866,46.29608948487809,8.330296704199862,4.30317211050175,10.724202464239003,5.457461750930586,0.06474695603939369,0.04281767312021758,5.336778210000153,2.8345005319985064,-0.6102372982423971,-0.568420212618144,-0.5106623470177533
stage2_soh,193,-1.3511963786771473,0.9916376920029928,0.1350947328815843,0.07820544138962511,170.44314098393662,5.513808635600581,0.21910557330073055,0.129595479170044,70.06678071446265,10.455375318300018,-0.21910557330073055,4.889818242951935,0.9803921568627451,0.2770099313901292,0.18418748117618117,124.6562150326881,20.491803098238865,0.5798467777568139,0.39746094325913445,143.6572674447955,39.696875704558636,6.164645688983272,4.098952539713502,10.090993605300122,6.88467024154675,0.0615224830359216,0.04217111326150531,5.624628690944282,3.387758395271213,-0.5798467777568139,4.3979984521865845,0.9078125,0.3753173921453535,0.195233210976221,84.20815979301543,16.408854512215235,0.5949259285707794,0.39427237192248865,188.82399270406964,48.08878445861678,8.352403583071473,4.344766869372283,10.713126560588847,5.59063325773165,0.06312240017909726,0.04183280177389731,5.193724019073569,2.7275166613155735,-0.5949259285707794,-0.5798467777568139,-0.5106623470177533
stage2_soh,194,-1.3655187710069228,0.9917110455819139,0.13532305148429785,0.0788036848451254,171.55244167607887,5.617316433235995,0.2187255713602824,0.12908797434637193,70.70960940741047,10.463419828873139,-0.2187255713602824,5.133691898046755,0.9803921568627451,0.278886769965043,0.18659030672747132,123.52720123819266,18.917743433108953,0.5779674500532297,0.39299842478141334,147.16018255135234,44.95118555770727,6.206413306381313,4.152425597888005,10.16899956672739,6.804635323607245,0.06132308396844729,0.0416976343566036,5.55846544860951,3.329392200277914,-0.5779674500532297,4.848798704147339,0.9078125,0.3765135726648626,0.19396798288398714,83.45556109537085,16.434743693585418,0.5973492219612122,0.3988511630734138,188.61744648266898,48.73696928737721,8.379023672271279,4.316610178869424,10.750681218431039,5.480928408252765,0.06337951470007593,0.0423186173577962,5.257982161491635,2.766721352567725,-0.5973492219612122,-0.5779674500532297,-0.5106623470177533
stage2_soh,195,-1.3669604835604274,0.9918870941713246,0.13532994375328253,0.07878056547579347,170.69616468259397,5.55843954101044,0.21899278555987137,0.12914587815571407,71.2178648972574,10.388322975181975,-0.21899278555987137,5.059429368785783,0.9803921568627451,0.2754580909258875,0.18553358638914777,122.0392582649626,21.22793767107463,0.575587180961315,0.38411115906475224,138.9419297770905,37.60758928576814,6.130110657766634,4.128909089128136,10.154217084037441,7.104640998921127,0.06107053438044274,0.04075468412343299,5.423418367677514,3.267452150408646,-0.575587180961315,4.478948783874512,0.9078125,0.37335724832569783,0.193731711667715,87.08922844700668,16.442685761922768,0.5973463884585767,0.39526397696354254,181.26120500023026,45.52462860784159,8.308782070705515,4.311352142352417,10.580350565110134,5.420582514235768,0.0633792140618306,0.04193801233409491,5.226366938996412,2.6362673792202727,-0.5973463884585767,-0.575587180961315,-0.5106623470177533
stage2_soh,196,-1.3561406681561168,0.9919751184660299,0.13514607735178966,0.07866641560965242,171.89954780168415,5.567810550171345,0.21976695466076004,0.12954164910083515,70.87713710075357,10.350880707682514,-0.21976695466076004,4.795905934128107,0.9803921568627451,0.2744856133183083,0.1807847004420325,123.93207436304439,19.935786356043007,0.5671591059833619,0.38875963011135656,143.84567798151275,42.05464976994783,6.108468907013831,4.023226238212124,9.98774052415728,6.323609470540739,0.060176304870601334,0.04124789283317878,5.448160957912485,3.162665907743855,-0.5671591059833619,4.489767289161682,0.9078125,0.37727991145964923,0.19494966231795843,80.98455877222207,15.705320080923943,0.6133199506543794,0.40163673104034386,194.31952644681024,48.64958890760033,8.396077960266929,4.33845670928162,10.641543667948824,5.537248290982694,0.0650740293939366,0.04261416967362322,5.2859302022192045,2.6777325970733328,-0.6133199506543794,-0.5671591059833619,-0.5106623470177533
stage2_soh,197,-1.3633466416757651,0.9916963748661297,0.13523331619855153,0.07860219085802518,170.76132557957476,5.5682345398421145,0.2181541510013946,0.1288100556456203,70.13569567644265,10.348719816132718,-0.2181541510013946,4.989281611349068,0.9803921568627451,0.2767060656564079,0.18212425192343254,125.63233022007367,20.104052913407223,0.5632809822922318,0.3819818013959436,135.55587369178636,41.663799652205796,6.1578833878050645,4.0530369393070025,9.909955757977864,6.490739326142477,0.05976483099827634,0.04052875655759658,5.382011570817232,3.2468865068420962,-0.5632809822922318,4.604681491851807,0.9078125,0.37592496526245994,0.19446025957731763,80.69324141521193,16.83999459412422,0.6002490934432502,0.3974093137512682,189.33667599268378,50.52940703700507,8.365924661461396,4.327565422892978,10.692889453890277,5.368137017039249,0.06368719476471338,0.04216563530483865,5.250620213273999,2.7892200701222207,-0.6002490934432502,-0.5632809822922318,-0.5106623470177533
stage2_soh,198,-1.3778081938230664,0.9919604477502457,0.13486034256649984,0.07857613253019406,169.07956178378578,5.623413191439817,0.21726345745584985,0.12806344534602213,70.68134102025404,10.226630888999914,-0.21726345745584985,5.006664264903349,0.9803921568627451,0.27690775062339845,0.18452236843751926,125.78257985925565,19.695240906817947,0.5636133405658843,0.3879878267673228,132.93645651511233,42.640530091771936,6.162371733605706,4.106405201434124,10.094583856065736,6.655342250736494,0.05980009463521805,0.04116600351351388,5.4645970849169485,3.50693777223621,-0.5636133405658843,4.630104494094849,0.9078125,0.3746697721366051,0.1965268183968874,78.02028700243396,16.84534500978095,0.5985357791338662,0.39926525582923206,186.98571751896333,48.41547221850728,8.337991291515731,4.373555120280936,10.836174593299933,5.667477236832566,0.0635054099302058,0.042362553127593315,5.264695335219952,2.80454222311763,-0.5985357791338662,-0.5636133405658843,-0.5106623470177533
stage2_soh,199,-1.3706307102130784,0.9916670334345613,0.13496625718336644,0.07864079373703495,171.7917818704601,5.603929757882667,0.21775114330356501,0.12854675368208773,71.50261602518779,10.308655077480408,-0.21775114330356501,4.656844061496211,0.9803921568627451,0.2803588678647753,0.18475008230364207,124.89717214219984,19.020395947031663,0.5673161108887371,0.38519662285871875,133.6074150569858,42.80782103101637,6.239173727373458,4.111472800621168,10.007737350148487,6.665823242007276,0.06019296329140841,0.04086985321708349,5.4763337558708125,3.313223054060238,-0.5673161108887371,4.271597123146057,0.9078125,0.37542743095328546,0.1943998069516965,81.82366963686209,16.204142161385732,0.5959823356013239,0.39276552910559986,182.50768816948033,48.810028498743876,8.354852413189347,4.32622009561156,10.841577709234079,5.354398250808117,0.06323448631307067,0.041672923828212284,5.1692153574406,2.7836349366387205,-0.5959823356013239,-0.5673161108887371,-0.5106623470177533
