stage,epoch,train_loss,train_cls_acc,train_soc_rmse,train_soc_mae,train_soc_mape,train_soc_medape,train_soh_rmse,train_soh_mae,train_soh_mape,train_soh_medape,train_score,val_loss,val_cls_acc,val_soc_rmse,val_soc_mae,val_soc_mape,val_soc_medape,val_soh_rmse,val_soh_mae,val_soh_mape,val_soh_medape,val_soc_rmse_raw,val_soc_mae_raw,val_soc_mape_raw,val_soc_medape_raw,val_soh_rmse_raw,val_soh_mae_raw,val_soh_mape_raw,val_soh_medape_raw,val_score,test_loss,test_cls_acc,test_soc_rmse,test_soc_mae,test_soc_mape,test_soc_medape,test_soh_rmse,test_soh_mae,test_soh_mape,test_soh_medape,test_soc_rmse_raw,test_soc_mae_raw,test_soc_mape_raw,test_soc_medape_raw,test_soh_rmse_raw,test_soh_mae_raw,test_soh_mape_raw,test_soh_medape_raw,test_score,score,best_score_so_far
stage1_soc,0,3.934185303432841,0.18031103286384975,1.0364240956143347,0.8437608992868101,1004.2185044397972,92.1123317094063,2.049365362161008,1.8292224574434444,900.7525846443394,274.10084555572894,-0.13061619582045064,3.293117046356201,0.09803921568627451,0.8108658268857714,0.5871971047976438,132.25766110591553,66.2809599950965,1.9415338645660412,1.675407388448423,611.396000402654,219.02244125174,18.046179145963336,13.068332387205244,34.6479999769375,20.384795037494534,0.2059683007115117,0.17773618019037918,20.212026507741612,20.270302020524927,-0.14522053237945687,3.472830295562744,0.171875,0.9053032740218511,0.7079622375949839,470.7219108931123,84.70939344126985,1.8320138381009887,1.661577558144927,1038.9684489618217,325.02764562346704,20.14792647899679,15.756014058804238,42.39209496958313,30.950863792452004,0.1943498303069645,0.17626903779398517,20.444742938028533,20.943189730989815,-0.09971598220655531,-0.14522053237945687,-0.14522053237945687
stage1_soc,1,3.076906578081874,0.2563086854460094,0.8506206052289654,0.7019810973959832,941.4995531608841,71.94123953820254,1.9656501568922242,1.7464472702588911,864.8574121559863,260.9571203220272,0.0011225038773197693,3.011880397796631,0.23529411764705882,0.718735842348905,0.5820908938698909,230.17570133527138,94.74378584716503,1.8924903309731964,1.6195931760046411,598.9103621883977,214.73468127176574,15.995785417999096,12.954691394942433,47.52729429120652,25.879592889728947,0.20076550025597392,0.17181510989518434,19.517485127282296,18.928956262114934,0.019673364942387334,3.1582064628601074,0.2734375,0.7556487302974593,0.6257013881968305,206.99312630014862,82.04239657479914,1.7929215028447567,1.6167846294119954,988.543180543721,324.66270340016297,16.81729813518051,13.925262317003053,54.47087219214949,26.68934902738692,0.19020270621579113,0.17151716424524546,19.865743449106414,20.201021947668302,0.04674288091076223,0.019673364942387334,0.019673364942387334
stage1_soc,2,2.950855116329283,0.28374413145539906,0.8277143895357245,0.680352423689738,948.4962033432572,70.36322272289368,1.9159421830455179,1.688680866360924,815.6749486889504,255.2787648305473,0.035429814594681724,2.899840831756592,0.23529411764705882,0.7172700428186388,0.545138310860185,191.26416072212785,68.85817286635455,1.9078080869870253,1.641987003349498,599.772863417844,215.33633775970839,15.963163398377372,12.132295246543427,38.27820524514824,23.380133894805585,0.20239048977300564,0.17419076692019225,19.79734146461626,19.715857689506205,0.02011310480146719,2.872957944869995,0.28125,0.7322564143672252,0.586120601014045,389.43240155366595,64.32822091094184,1.805900389057219,1.6308456119149923,1016.2556157365857,320.45551750458515,16.296691753805106,13.044374317342143,43.21280026863212,22.9458324543632,0.19157957590995245,0.17300882850376403,20.046490410787737,20.24738832407286,0.061573075689832446,0.02011310480146719,0.02011310480146719
stage1_soc,3,2.7386583543159593,0.3022300469483568,0.7999967106539887,0.6520849870862997,858.9929485993481,67.93680851839197,1.9705198199882035,1.7508086305271648,863.7622945041102,262.4851032973644,0.062231033752160214,2.729269504547119,0.23529411764705882,0.7388536787319815,0.5564372017979622,134.92440298090614,70.96557336598254,1.8449673018214026,1.5754180256569503,587.6455932783596,208.4113483958736,16.4435168026013,12.383757083080477,38.87849348053014,20.75408329291634,0.19572400304714396,0.16712877358303194,18.98446829641453,18.560927230699075,0.013638014027464368,2.994044303894043,0.296875,0.7990286584106638,0.6392718070401315,253.8876483990432,79.41643522939253,1.7510200031470673,1.574468863196671,974.8604213305077,308.096926196417,17.782737703742054,14.227278016039861,45.70817354065918,28.26031621812829,0.18575757092997114,0.167028081350663,19.33116872016253,19.658716609366486,0.057166402476800854,0.013638014027464368,0.02011310480146719
stage1_soc,4,2.6176988373340015,0.3287852112676056,0.783150934385393,0.6296791471719924,841.6025312406846,65.29178456676895,1.9875802835521927,1.7690522069664987,874.4801111053081,264.96103159178375,0.09383993095198775,2.6170849800109863,0.29411764705882354,0.7315379380493228,0.5604338074358655,179.44100655393075,70.7743070555708,1.9441351208813125,1.6934309167531776,638.9501975267418,217.71109112834077,16.280701744218938,12.47270331675562,38.03623138615915,24.582342149827127,0.20624425589970063,0.1796482125095198,20.46934492531933,21.418751140870352,0.07465626564402672,2.7502424716949463,0.375,0.6973769816476001,0.5589226187930763,245.6965762326722,72.12000005641323,1.8655865022575728,1.690369289368391,1055.7159002590458,325.5640692160652,15.520434485959235,12.439071142273857,43.24377411330549,22.985497122414312,0.1979113981543713,0.17932341869501825,20.766959272740543,21.436834304402364,0.16578690550571998,0.07465626564402672,0.07465626564402672
stage1_soc,5,2.430293533164011,0.3714788732394366,0.7723864553894625,0.6177223707055192,782.565761609636,66.27069415337452,2.00296190163098,1.7864226321224532,894.3467884605506,265.0153786587674,0.1397629366225979,2.5395772457122803,0.35294117647058826,0.7495768954105803,0.5737104913877213,199.42283064614952,92.03777662886002,1.8902389945866402,1.6288605669476823,618.8187714629352,210.22712695890866,16.682166752798594,12.768181815312792,38.31818931485099,20.782649824268642,0.2005266664461024,0.17279824431246324,19.598923823607368,20.508086992650785,0.12806810784741418,2.63277268409729,0.4296875,0.686756740310355,0.5406629328335839,363.03775398076334,62.036524818171316,1.8112779866442508,1.6252745417878032,986.9574336535997,321.60252012242836,15.284076297723136,12.032693720697736,39.383855237150044,20.465195948410614,0.19215006023532313,0.17241781957614052,19.93117142464787,19.69552884643253,0.2236604779068935,0.12806810784741418,0.12806810784741418
stage1_soc,6,2.319171580910123,0.42297535211267606,0.7676416915801239,0.6092557090097118,766.6578075072837,66.20499320558709,2.038503401656697,1.8201803261443001,914.9676807395584,269.2102781975047,0.1926828446386389,2.610485076904297,0.5294117647058824,0.7767653627843302,0.597706327689629,180.45036066420835,87.53592169971263,1.9038467132833143,1.6363262520628232,620.596213288436,209.8021223372094,17.287258170715738,13.302219810630156,41.20506363192244,28.35565342960093,0.20197024605481587,0.1735902441353231,19.680931775717337,20.56652563290118,0.2963821558705833,2.570096254348755,0.390625,0.6775367466038292,0.5220321115466504,166.3158357633024,62.75253916776597,1.8305293969004077,1.6358547741547227,1028.3318198331096,321.14527621424475,15.078881242467638,11.618056517559328,39.516889707387584,20.869161351203047,0.19419235284176553,0.1735402272361452,20.03369757375362,20.12008617753019,0.18736397601885124,0.2963821558705833,0.2963821558705833
stage1_soc,7,2.1783559691738077,0.48327464788732394,0.7534744647328354,0.5920538206841903,787.3762312387536,61.72407689601799,2.0194171749347607,1.7955367082741276,903.5793209441747,265.88855521119115,0.25723230846747336,2.516547203063965,0.39215686274509803,0.8209308202120271,0.6800911734063252,254.06649092294455,111.22277136477913,1.8603271398221866,1.570042107436879,592.6990605925245,207.7601393053489,18.270180043086018,15.13573114557693,50.569700805874184,32.53994750367019,0.19735345684651545,0.16655846741389396,18.81212938956891,20.353486880656625,0.1458776166814899,2.769989252090454,0.3828125,0.7163965846404445,0.593754701088983,364.5435458364492,83.74476262800397,1.7895528904095703,1.5838336339220405,1003.8086930091953,310.1073955602325,15.943724198650907,13.214274605407866,48.280303730859835,25.618051509083642,0.18984534578459097,0.16802154633629096,19.364585533285663,18.950685849974512,0.16789352460786663,0.1458776166814899,0.2963821558705833
stage1_soc,8,2.0492567187743567,0.5186326291079812,0.7578404425507351,0.5901960183441652,766.67047675911,62.216044309015345,2.046726897854269,1.8185911991719146,911.6811138475604,271.46846208038187,0.2912804963427607,2.303164482116699,0.5686274509803921,0.7905004941462735,0.6029575992850404,202.61217862202867,105.35554717046942,1.9178690939380392,1.652691745107957,626.9986763318233,212.15556575243025,17.592939620016583,13.41908919248444,45.19138337893897,28.560562312169274,0.2034578152227269,0.1753263832026505,19.89306345554699,19.827125732646408,0.3314773027365101,2.3402323722839355,0.4921875,0.7067664004784631,0.5398173539997515,234.9493460724682,69.6533861331741,1.8343594148117077,1.634615546092391,1029.8381799964657,327.29248462201616,15.72940017261174,12.013874988163426,44.33456096860088,18.973668946803105,0.1945986616346649,0.17340876329268753,20.010517756658018,20.154858782537385,0.28015757985646106,0.3314773027365101,0.3314773027365101
stage1_soc,9,1.8651916566589068,0.5567781690140845,0.7339339768400324,0.567889760993585,763.5494622169281,60.91291482010725,2.059073640877117,1.8271762318946743,914.7505072111591,275.38782648539654,0.3365979759620748,2.4592466354370117,0.5294117647058824,0.7936973908042856,0.5955628243950652,231.89759537592312,79.13548857388768,1.890035925031075,1.6168090453846198,617.8369353102344,213.25660328223194,17.66408797513125,13.254515192713004,40.49749857058591,29.395506949390494,0.20050512374110538,0.1715197544222614,19.44646766228901,20.628144362978215,0.2913025474645967,2.510632276535034,0.390625,0.6737941422471224,0.5018368559813098,336.2194736626284,59.28112932539655,1.8233173922954915,1.61383434291929,1015.4172937855585,311.9161119737429,14.99558792012726,11.16860213466795,40.15064429848243,17.018987703340912,0.19342726480477154,0.17120418206831572,19.734237691722925,19.069951766143078,0.18848675732586329,0.2913025474645967,0.3314773027365101
stage1_soc,10,1.7950421543748165,0.5701291079812206,0.71119039105299,0.5458481821106931,708.2016347420123,56.820784316462436,2.059457403276432,1.8237710516814971,914.3856584650854,274.26724851833944,0.3567719906653236,2.2806687355041504,0.5686274509803921,0.8035251847407264,0.5883653512334123,173.27392524999948,81.17778386192897,1.933444947532119,1.6697284308645655,647.899726318649,207.2263322902284,17.882809894474892,13.094332230542435,38.41298862113931,21.53536825431743,0.20511018511204687,0.17713372598409052,20.142864711823023,21.118049015899246,0.32756989555817423,2.324732542037964,0.4609375,0.713659287630018,0.5061006862142676,285.56183522205663,50.076927747777546,1.8459885548898816,1.6401091748848557,1046.5371578116278,329.0555028548056,15.882804437837224,11.263495570401272,38.24391636431709,18.10646790681006,0.19583234303695815,0.17399155682916628,20.074161425561204,20.536832492817283,0.2468397137109946,0.32756989555817423,0.3314773027365101
stage1_soc,11,1.680468264879755,0.6057805164319249,0.7063021549237292,0.541552290109018,706.8213869971656,58.19559500474804,2.059796304878338,1.8210384276658793,905.0328838928672,273.96145690266707,0.3938898699548061,2.3237533569335938,0.5490196078431373,0.7945863593718608,0.6010595792356659,168.92585758491302,85.80836250736427,1.8726513464814594,1.6026443895682985,622.2017841925441,204.56286088796895,17.683872365462765,13.376847913227193,42.683482750571784,25.685739560878456,0.19866087463075038,0.17001709194395162,19.300457130483196,19.3425054747367,0.31064370003157904,2.360400676727295,0.40625,0.6869506534574161,0.5025280596000812,243.65410845649228,54.74134420087438,1.797118277880296,1.5839434619992971,999.5824087771633,323.8500425726314,15.2883919209429,11.183985178221029,40.86970902494693,17.003075618332584,0.19064792256679808,0.16803319748637174,19.360090027074094,19.579907550070143,0.20016480396277517,0.31064370003157904,0.3314773027365101
stage1_soc,12,1.6258337374584215,0.6365903755868545,0.6815337489191026,0.5178207366461806,671.6071751865973,54.57297287416223,2.054901719554194,1.8123721932776315,901.5201718316247,273.19227155325416,0.4321302509111237,1.9861226081848145,0.7647058823529411,0.7646786373416883,0.5718050451547492,167.46024470139955,87.9519530825399,1.8576762557200315,1.5746999533080004,607.5141653113831,208.98820012236357,17.01826272733431,12.725775263041031,36.47189531209777,19.93645844751183,0.19707223687715575,0.16705259662614208,18.92357093363769,19.499053667810102,0.5353022911504346,2.1777048110961914,0.5078125,0.6417158847122482,0.46816756277803506,173.87064610151583,47.028491566065554,1.7773466602178718,1.5733224833384156,985.6906259452309,302.9231716741329,14.281672050237928,10.4192770592756,38.5613523446484,17.86105128595048,0.18855044357528047,0.16690646724148675,19.243385165017425,19.10628697474447,0.3152977345863256,0.5353022911504346,0.5353022911504346
stage1_soc,13,1.500421079111771,0.659330985915493,0.6606457383552261,0.5025119101304146,687.664981865977,52.07916868799715,2.0454976154341415,1.798389181192402,889.8849142696073,272.55414389591317,0.46113726440892516,1.8831541538238525,0.6274509803921569,0.7506245517102073,0.5594165303981772,154.37939684102062,87.61694254991731,1.8080610193119486,1.5406971186326415,574.852149731743,204.45990028616401,16.70548280909249,12.450063364429962,39.00701993718724,19.541900920028045,0.19180878712802824,0.16344539398843605,18.58400944961445,18.755358493915768,0.4022636148790947,2.360686779022217,0.484375,0.6309625925152011,0.4625061136594013,281.4499655942196,54.21110227486798,1.7441217038352002,1.5390540435910225,962.4087749871317,292.07215407578536,14.04235275601869,10.29327899445024,37.232516731764136,17.05708505201502,0.18502576242897323,0.1632710877965946,18.8266502949974,18.203917629162987,0.2950862222454397,0.4022636148790947,0.5353022911504346
stage1_soc,14,1.4025362276695144,0.6772300469483568,0.655997800808101,0.49117653969521724,689.6276291387242,49.612457667262404,2.0500900128529222,1.801198894179253,889.3635923380295,273.26859066829024,0.48043070670592647,1.8555208444595337,0.6862745098039216,0.7670148653826987,0.558502118815394,140.05206590754793,87.5016272052426,1.8632409492394233,1.5835644916503453,603.6258804062803,205.6883657022186,17.07025652008769,12.429712728493774,35.01407946323335,20.691195655977808,0.19766256934010543,0.1679929942840387,19.06516233894543,18.84715284832655,0.45617005018911194,2.1729187965393066,0.5390625,0.6869987329791905,0.5014256025879149,289.75619010130845,61.551051696861975,1.790315298767318,1.5875545153394341,972.0882565981223,311.02617364844457,15.289461952055843,11.159449507728311,37.591531493408205,18.635715369065117,0.189926226142518,0.16841627734597175,19.431557768588014,18.77892373771258,0.33296288010624286,0.45617005018911194,0.5353022911504346
stage1_soc,15,1.4381976183591314,0.6829518779342723,0.6483563003543427,0.4867394889741502,661.8445094316868,49.47556398075787,2.0605723567706358,1.808006587743739,885.5571766718008,275.75273033493926,0.48844498782796947,1.8876049518585205,0.6666666666666666,0.7368921211468976,0.5508536085778591,190.34465417837336,73.51144987764381,1.8869248723529048,1.6103458870202303,632.8319532421968,206.40896580701252,16.399861467264877,12.259491735858782,36.406649892492865,23.410255194498557,0.20017508662702704,0.17083410800123427,19.404353430702145,20.033449679731557,0.44559903032259734,2.0352249145507812,0.59375,0.6363640075717955,0.4670893896200141,189.0765390482684,64.52004948378753,1.8243993610109588,1.618369722738862,1014.3027058898413,320.87498446369045,14.162563647291996,10.395281836743234,40.57069984576885,18.39411420211163,0.193542045835283,0.1716853194265494,19.818306877181968,20.232172948918052,0.4028407977284614,0.44559903032259734,0.5353022911504346
stage1_soc,16,1.296617118405624,0.6927816901408451,0.6273932479855735,0.47124120468074815,641.0256769097821,47.23255628056328,2.0517624604493543,1.7978355592950066,884.5585918499095,273.14176501403784,0.5045637157451731,2.0852649211883545,0.7450980392156863,0.7624064298758415,0.5440102130649429,184.11531358989092,81.73208942215113,1.920067375700864,1.652766797874196,643.3512262076769,209.10639832187906,16.967693740917717,12.107188929034288,32.28811021104236,20.86090961167027,0.20369102071423936,0.17533434520167,19.936486408141064,20.197722726635963,0.5163761102529338,1.9711233377456665,0.5703125,0.6869881148873794,0.4801939873414085,275.44119524790113,48.01399835839466,1.871482038256527,1.656911755912006,1039.1889342715713,319.54919076928655,15.28922564170627,10.686930479804598,34.74048029748377,17.91219434240871,0.19853682815775658,0.17577406452830613,20.27704986363057,20.84402805267024,0.36421606553378616,0.5163761102529338,0.5353022911504346
stage1_soc,17,1.318229552166003,0.7012910798122066,0.6406400774845926,0.47836666365406594,652.1984623062757,48.01319968397339,2.0575241808803444,1.8029992049378907,886.3874867539168,274.0187790807698,0.5090990565668289,1.9761812686920166,0.5882352941176471,0.8532177698999148,0.6461866116699051,207.01354995256355,111.17005389393135,1.9222162243273953,1.6498346490529823,634.8517688174392,207.62071007646426,18.988740449537094,14.381170064478363,47.50482215930841,22.81104375958646,0.20391898207415715,0.1750232871659794,19.892530782869514,19.81798862389848,0.33226996314767265,2.110205888748169,0.4921875,0.7222205595526112,0.5174881684233696,205.2330635471246,57.58319537546523,1.88031845145542,1.661844496615231,1026.4124727490803,316.1979049905018,16.07333934720169,11.516929045031933,47.375111749310776,16.573487495651975,0.1994742421499496,0.17629735605519425,20.328102806555837,19.60773243174902,0.27552133213421665,0.33226996314767265,0.5353022911504346
stage1_soc,18,1.2837963719882874,0.7002640845070423,0.6133676227689834,0.46197984984917667,625.9585875114554,47.66801099336405,2.0463790702002345,1.7903994471571893,877.360359726725,273.10562917422726,0.5162537976763473,1.8515105247497559,0.7843137254901961,0.7750068187983982,0.5753163653699791,158.24962210585457,93.6568481242108,1.8280849720262018,1.5349476662847925,583.0443875532383,201.58637540239033,17.248120993202576,12.803921254081553,39.2046275154035,21.962314809693886,0.1939330351719861,0.16283546132039434,18.44990520127773,18.013071931141724,0.5518116798506767,2.0044569969177246,0.59375,0.6746862059177103,0.49362936678335245,193.03469555815937,58.57682484878066,1.7606595829534073,1.536146321799606,925.1664389355972,280.3812284814603,15.015441193351096,10.985940816982698,40.67099847281027,16.090232111767207,0.18678018913330005,0.16296262111092402,18.76201641364511,17.478600719593196,0.39134413822468694,0.5518116798506767,0.5518116798506767
stage1_soc,19,1.1359855412317554,0.7152288732394366,0.6041308969756863,0.44806920745868584,604.258961777624,44.6628697894237,2.0294081500032077,1.76908042578691,859.6982783745133,270.81947775834436,0.5339896041467307,1.7234597206115723,0.7647058823529411,0.7079550503876333,0.5171028022088257,168.83126404408307,85.11013919180243,1.894699603049511,1.6031931146029748,609.7545040574417,208.84994767205404,15.755854104312254,11.50835254875613,31.805551400326017,19.270172802896408,0.20099987165874603,0.17007530363163467,19.28056368321773,19.395654038403855,0.5523193672366511,1.7606000900268555,0.6015625,0.6260487742398518,0.44809996110961947,239.07353080086057,59.037099622646934,1.8163605348272145,1.5991154983639717,975.6097398879514,305.2756119648139,13.932993547691673,9.972663670561321,36.33090747144555,16.466711039485467,0.19268924414122085,0.16964272828333454,19.553662741614996,19.466159008465457,0.41374786772804445,0.5523193672366511,0.5523193672366511
stage1_soc,20,1.053076296345169,0.7257922535211268,0.6015098231527657,0.44944470076690024,591.1531930327817,45.82305043767401,2.033728849069069,1.7698236027061738,864.3778968591907,271.4565555907917,0.5453393065752971,1.8286007642745972,0.7254901960784313,0.7947956708352354,0.5832125119426671,242.52416331864694,81.76411003037727,1.8492463511582071,1.5785000673038703,596.3701379532562,200.1028263567056,17.688530685051674,12.979653503349946,35.30395510185897,24.817838103489034,0.19617794749624543,0.16745573305168893,19.038063736299044,18.69298258890126,0.48705149482786075,1.976336121559143,0.640625,0.701865418170074,0.5059339030685805,309.540245158855,55.6645526952524,1.8023747805841688,1.5796905048191547,970.1910668361777,302.23786390203344,15.620326634430869,11.259783737412631,36.936413853135846,15.884429145997567,0.19120556049903376,0.16758202103285746,19.306298932370634,18.918706407284823,0.4300653745489778,0.48705149482786075,0.5523193672366511
stage1_soc,21,1.0579417596960292,0.7287265258215962,0.5995418861355334,0.44205558013161117,573.0641618634143,44.20398776014963,2.0276947392651556,1.7641670659064626,860.850790453033,269.93239991990436,0.5488639599809362,2.061737537384033,0.6666666666666666,0.7983280815640367,0.5791792651528821,166.90174162101232,89.56767151679196,1.8344594547878872,1.5532764895800866,586.5132584942621,203.24545481884263,17.767146054839664,12.88989180456449,33.47519852389499,19.619822579184223,0.1946092744106113,0.16477988096564067,18.73799542117948,18.530002440544628,0.42716824219745564,2.2892439365386963,0.546875,0.7109584430933611,0.4840701390621689,371.2501797366883,54.16913831309776,1.7691636701098061,1.543959609232843,928.4577031330348,297.3597759307781,15.82269594301867,10.773195958050767,33.89127342169878,15.27685796730647,0.18768234820076374,0.16379149644756624,18.86150913367836,17.89991316791371,0.3335874670719917,0.42716824219745564,0.5523193672366511
stage1_soc,22,1.0749402684225162,0.7227112676056338,0.6008695181325427,0.4393875577474481,616.1610933421942,42.74019504321551,2.028146874255252,1.764925058882401,858.5929793831665,270.2746973576215,0.542450412165871,1.6888632774353027,0.7450980392156863,0.7309336876795645,0.5269913656235325,171.47633283276096,84.0047838611055,1.85009566963993,1.5497477006021083,590.0702573818226,204.61461406844597,16.267253883845353,11.728426919831037,34.02327885157399,22.472457375263296,0.1962680477451445,0.16440552814974158,18.59807705604569,18.409478329102598,0.525817932911817,1.7916264533996582,0.578125,0.6386482724664191,0.4503247215743613,245.1374652550141,59.16679331247694,1.8035188926650358,1.5791772017255425,940.7910439796797,308.7096259838876,14.213400977141662,10.022176702893418,36.13999823330666,15.947078314801166,0.19132693403025072,0.16752756709421093,19.29869228522913,18.07972328860587,0.3865305182600743,0.525817932911817,0.5523193672366511
stage1_soc,23,0.9424977154239242,0.7406103286384976,0.5641989603365015,0.42131913358671097,553.9427136172461,42.00956961335976,2.029960832731418,1.7679325957238612,859.3881351639066,271.90886055544786,0.5713506405375471,1.7427347898483276,0.7254901960784313,0.706670352570278,0.5221712928192288,163.1970942871819,76.38865526329914,1.799608432085479,1.5096683149755585,577.87041682167,203.6828156433349,15.72726258375273,11.621154058601796,32.29416096127225,20.827492155640005,0.19091209144868665,0.16015369247397962,18.17124510416059,17.54927233075286,0.5134890903073479,2.0932083129882812,0.5390625,0.66953747701075,0.4786498952726106,272.10349245691646,50.83814085571318,1.7324676310994584,1.5019734031520784,905.4529737586461,289.14599323719597,14.900853944575477,10.652566024962042,37.24299320861787,18.120065180504156,0.18378943603696068,0.1593373750554002,18.32641385142616,17.726858036532782,0.33820125689677505,0.5134890903073479,0.5523193672366511
stage1_soc,24,1.0217660676705445,0.7340082159624414,0.5722573351866261,0.42521883698304386,610.523949430345,41.83659141376681,2.030601482787978,1.7666234752034715,860.0912450860557,270.8685110244751,0.5623310154064536,1.5809389352798462,0.8235294117647058,0.7276793971733726,0.5042186392945986,211.01336240962527,78.76197696157085,1.8512242892460318,1.5534119463945721,596.0296377417666,204.10688863598537,16.194828203146365,11.221609780240527,35.67025506913887,17.57041066334478,0.19638777775174443,0.1647942509492956,18.666516628774986,18.95650417653045,0.605225592612694,1.7891641855239868,0.671875,0.6398404127742783,0.44382247696739796,243.04941690765332,56.0565763335693,1.7915871446954754,1.5554495183750987,952.6111761422726,293.8866479782714,14.239932589215359,9.877466361012573,39.021587454207975,14.509684996699555,0.19006115036370744,0.16501040748720913,18.97894252040044,17.98322749963265,0.47992287616771656,0.605225592612694,0.605225592612694
stage1_soc,25,0.9386693650568035,0.7392899061032864,0.5519886753181056,0.41152947137668316,563.4207913913048,40.45766279333898,2.023548884082206,1.7596556662396443,854.2444053026453,268.5958189136967,0.5736933035078547,1.66725754737854,0.803921568627451,0.7443350943194508,0.5296837948262691,195.14525338162485,67.65050025667504,1.8013517861966732,1.506148677063631,568.8734728774967,199.8274313590805,16.56550814122369,11.78834812765529,32.31335371417511,15.038359228349293,0.1910970357807812,0.1597803104521309,18.09842405398179,17.38156733175265,0.5806210403316158,2.1585683822631836,0.5546875,0.6767596116431687,0.47861533958166547,335.6037043024776,47.73371551217333,1.737745911660631,1.5113149965181947,907.0509264757338,289.14898472833266,15.061585758732019,10.651796972711187,35.352516081431475,16.11222633055997,0.1843493842808232,0.16032838126274593,18.45893276036676,17.22133377747346,0.3516596165070494,0.5806210403316158,0.605225592612694
stage1_soc,26,0.8490726500050003,0.7463321596244131,0.5355587929076738,0.3971379925546749,602.6778152412321,38.882689793463584,2.0205016853360784,1.754680245598172,851.3790427669472,267.8257866209368,0.585664521752111,1.7274799346923828,0.7058823529411765,0.7326029447607162,0.5199223546238214,138.45204883846125,74.29661090717725,1.8302599952414311,1.5465702471122438,588.3482169518264,200.98325376204252,16.30440394163336,11.571102940134525,27.52295622276448,20.29546888673789,0.19416377327232257,0.164068446882275,18.625878190147585,18.013056936919455,0.4861014695129616,1.9972693920135498,0.5625,0.6806762149794386,0.4784066554693709,374.05085189268664,51.10834563329823,1.772108280181523,1.5493242256343365,949.552883342782,289.7658086988653,15.148751505649066,10.647152615099216,32.324556546050566,15.938273867220948,0.18799472819258276,0.16436060365931793,18.939005975487717,17.798743904514026,0.3582971355061684,0.4861014695129616,0.605225592612694
stage1_soc,27,0.814217533863766,0.747212441314554,0.5050784239142263,0.3762723540688019,563.2297706279849,36.58692384711998,2.0220193913951956,1.7557394806368187,849.1643191166012,268.31887774790425,0.5956889141402861,1.830636739730835,0.6862745098039216,0.738904406011516,0.5214770442130519,180.88008251124174,76.00836299559558,1.7951881679534585,1.5077415375659864,568.916420963404,196.08039421105804,16.444645760739274,11.605703247501491,29.685143617728222,18.680635566844703,0.19044316617852564,0.15994928961696964,18.134482341490187,18.42905483337577,0.4646031880004668,2.389625310897827,0.53125,0.6859803322475208,0.48708975953741174,458.19912019395116,52.36644504302876,1.7390872134623736,1.512545634061098,911.3032590639402,286.42189953860725,15.266796991421511,10.840398952975754,31.630786001873908,16.902513327201927,0.18449167675271264,0.16045893387793825,18.465536521965166,17.605032298869993,0.3254559003257438,0.4646031880004668,0.605225592612694
stage1_soc,28,0.8346332227680046,0.7479460093896714,0.5224060888466995,0.38562898392639583,588.1812738522325,36.26445531605235,2.029276032616893,1.7617587341654126,850.3279933996128,270.57844239021057,0.5912241827356616,1.6902620792388916,0.7450980392156863,0.6863569402548958,0.47271804084234376,139.28418275058104,75.91610603595278,1.8285488606773794,1.525291416976674,584.5990447461782,200.151188082754,15.275178569906572,10.520549969818246,26.57906828640031,17.496469773841774,0.1939822469621826,0.1618110747271249,18.32761104253982,18.598910266792842,0.5391909571392175,2.080498218536377,0.6015625,0.6663712929218091,0.47411488949910563,285.87973444827577,53.85724532068865,1.7517706788255663,1.5234171096235514,902.4884903902241,297.40747489727335,14.830389111327332,10.551637457123682,33.603062156055756,15.783567475286597,0.18583720662250663,0.16161223817444909,18.603622064491997,17.596935096524874,0.4016511121234573,0.5391909571392175,0.605225592612694
stage1_soc,29,0.7812244033029941,0.7573356807511737,0.5166417120468078,0.37759651151633855,583.8553905350562,35.87133804926386,2.0263047304271353,1.7593223605727304,856.4175332668572,270.036351916586,0.6023431671371314,1.7443040609359741,0.7450980392156863,0.7542149929917897,0.523499328633953,159.9833643929628,74.97586313987935,1.8681164441095541,1.5845665719506203,604.4860218778927,206.74489643526493,16.785389674608517,11.650710085542544,31.269995802066784,19.714287079316257,0.19817978792271976,0.16809930032401613,19.074432516177676,18.71214508367262,0.5188335413181494,2.0165982246398926,0.609375,0.6693524065498383,0.47150777380556974,339.5839657576263,49.9478653664242,1.8092426890327526,1.5873591639101505,953.6591558621276,303.559639092764,14.896735119263695,10.493614939341057,31.8758672247702,16.706660491274455,0.19193414497464534,0.16839555342110726,19.41090298494046,17.908586042053457,0.4085692780350485,0.5188335413181494,0.605225592612694
stage1_soc,30,1.0140856353329941,0.749706572769953,0.523215934119605,0.3854079208847932,581.7479382063729,36.49580966894115,2.032727594737275,1.7668402387924955,857.8406496051392,272.50579671940596,0.5927417925340716,1.7173638343811035,0.5686274509803921,0.7256879721868555,0.5126359624897733,190.19167606674793,66.04490379607448,1.8127947608442854,1.5150042536723263,581.4502834792786,198.75142363183696,16.15050815552461,11.408941046737459,32.69631499188225,17.548660521353202,0.19231096775810488,0.16071975740137132,18.20389675346265,18.10930127555508,0.3509210593243355,1.9979581832885742,0.546875,0.6454177768163708,0.4510285136257153,271.3356467891587,47.39569855199385,1.7453248263394368,1.5055740615352988,916.3018212917418,281.5044701250985,14.364059303313566,10.037839907605125,33.52683525141068,14.540334804391449,0.18515339610164203,0.15971935216235128,18.361680043378488,16.936693857359714,0.35324966695508875,0.3509210593243355,0.605225592612694
stage1_soc,31,0.8737664004446755,0.7545481220657277,0.5137145422710601,0.37884623356505914,562.3588221107987,37.14333613779652,2.013156674745793,1.7481687205046073,842.7533884946824,268.27743507432865,0.6004337593844098,1.3885266780853271,0.803921568627451,0.7241213760671638,0.5064235590398312,197.4487897607013,66.26014970325214,1.8293682559051159,1.538045062555694,589.7358432932048,203.311592820556,16.115642863033607,11.27068124854714,31.859624318629358,17.57672392961454,0.1940691727921916,0.16316404968971968,18.486936175966843,18.511412796689577,0.5866851558073019,1.6870834827423096,0.6796875,0.6483098056391464,0.46061930067480716,274.3620799016056,51.65674032591555,1.7972556231669286,1.5723938061855733,955.1863746171493,299.76033873884967,14.428422689339515,10.251287133397609,33.91837313987642,17.897906505502686,0.19066249288968284,0.16680794820013936,19.23189337617758,17.953726895676503,0.4851945583082561,0.5866851558073019,0.605225592612694
stage1_soc,32,0.6768447675615409,0.7652582159624414,0.46892713620373677,0.3445168797034271,567.089603535729,32.03620013448038,2.0255426764499775,1.7585078759654944,847.464752752385,271.11752616485177,0.6245800751013204,1.4031376838684082,0.7843137254901961,0.6689168699425636,0.4355446744491072,146.3769533143069,57.39032968985026,1.7962589127865733,1.5125340899343,581.6023681695191,200.92442529926663,14.887042058613094,9.693240189151684,24.254890471144424,14.162676508041352,0.19055675651954274,0.1604577092151996,18.220884895854862,17.436195791922398,0.583638664507427,1.7922134399414062,0.6484375,0.5973472919915027,0.4255256671440293,392.48980036087687,42.006432703215346,1.7614637099959305,1.532979216426611,929.3245393977022,296.1399964269087,13.29422931169266,9.470262731356284,26.25336239362713,18.29648163978379,0.18686549523252777,0.16262663762706348,18.715494074061354,17.93238898467553,0.4692333124025492,0.583638664507427,0.605225592612694
stage1_soc,33,0.6041703296938973,0.7805164319248826,0.4535909562290547,0.3308462697396764,554.2182567747152,30.47777631621276,2.022062490792159,1.7555092402767065,844.5047705258432,270.4176141669609,0.6444391450561662,1.7798376083374023,0.6274509803921569,0.7537555973164405,0.530767955397274,155.44063336047407,69.38103424702196,1.8221985907343314,1.5362666656500568,580.5570918972039,200.70188297510305,16.77516561980024,11.812476602723086,27.939979596745097,17.41529483185928,0.1933085763489114,0.16297538783049087,18.495042994891104,16.498957375957236,0.40132430119722473,2.124666213989258,0.484375,0.7115610800663377,0.4830750711826113,439.80859914112534,46.89303964413034,1.7858257597666731,1.5499112829566002,923.2744413587197,290.26642739028307,15.836107896530246,10.751050280404124,29.125153184453303,17.366685246138267,0.1894499518236317,0.16442288184116874,18.919622864190337,18.192215690053786,0.2709066759800987,0.40132430119722473,0.605225592612694
stage1_soc,34,0.6923617118960815,0.7658450704225352,0.502595452227703,0.36381934517450704,578.8112207732662,33.39863782035742,2.0187193347152825,1.7529600027881256,842.9622797405763,270.0792288008008,0.6150664347542244,1.4403457641601562,0.7843137254901961,0.7240167876047499,0.49572416530082036,179.3153776984581,54.27521795812802,1.854233672480837,1.5539756894622947,590.5512248525462,200.89804275348615,16.11331520034671,11.032561488451998,31.70790054827811,15.39510121422655,0.19670702922727876,0.16485405583027962,18.650385837318435,18.39898542789272,0.5671086892087711,1.5456050634384155,0.6484375,0.612689484853621,0.41866883954753575,324.9402578609151,37.00845458775561,1.819435652356102,1.5888073844835162,961.456636131672,310.4279074438175,13.63567662850098,9.317660987545544,28.456964147265893,14.932039594414583,0.19301546906238887,0.1685491884083694,19.406392779247547,18.626236687432424,0.4646306545439137,0.5671086892087711,0.605225592612694
stage1_soc,35,0.5365574592156029,0.7831572769953051,0.43500708136150157,0.3217161361000609,551.1856202163136,30.132744102524725,2.013378346741461,1.7444112036773305,834.6556939463603,269.6253790122064,0.6526551525868547,1.2380924224853516,0.803921568627451,0.5613946263243996,0.40825582463659493,154.18861408989886,59.6445071506699,1.8287786255367093,1.5455894071024423,597.24772147904,200.97269288128538,12.494086767894391,9.085914715472224,26.68553211048381,12.220192366083127,0.19400662164783866,0.1639643941259591,18.61912536331741,18.137726267188206,0.6355031807301311,1.6285574436187744,0.6796875,0.5632704012874246,0.39701035079451685,381.99485614551156,40.02431248430291,1.7845401340862281,1.5592135293409228,965.2480511468917,305.60135565433984,12.535832972874157,8.83564170012665,32.68540214043092,13.544962332584461,0.18931356577258976,0.1654097139101561,19.04743243115459,18.238589763773028,0.5107063796137726,0.6355031807301311,0.6355031807301311
stage1_soc,36,0.6528268168230011,0.7806631455399061,0.4446816291636975,0.3229093493896407,547.5820851003041,29.534593308589947,2.0129210188937843,1.746743266776184,835.5652752934708,268.28061854945656,0.6472586567907969,1.2753009796142578,0.6666666666666666,0.6078479680297346,0.4179188143096718,133.72957769117073,53.20067442749674,1.8293772659583611,1.5354281708817272,581.5079261674852,202.33815794734392,13.52792652109097,9.300968842732303,25.295988232888266,14.185688378809441,0.19407012862684903,0.16288643581902185,18.462882468311868,19.2018466991675,0.48431227625774625,1.5935628414154053,0.6328125,0.5279379806645138,0.36719488980997994,287.1942653622899,35.988523890826585,1.783583838040011,1.5561576560139656,922.8445503293086,289.7944413058382,11.749494258033486,8.172085372549128,27.122439048792472,13.70349111683995,0.1892121167712557,0.16508553051689673,19.0085288998941,17.554615705545555,0.47443110580064585,0.48431227625774625,0.6355031807301311
stage1_soc,37,0.5096424742483757,0.783744131455399,0.43893894960309643,0.31715606493020576,543.7949241121454,29.04291416674193,2.003119082556546,1.7375149562152976,837.4050222605015,269.6474333421223,0.6520624465744701,1.4217705726623535,0.7450980392156863,0.6887419364571199,0.47294081926491915,177.8873293287379,58.55138600273557,1.8615376500274698,1.566006498995657,602.2215271558239,208.10025338039276,15.328257719749496,10.525508002565894,26.715813088369423,15.532890889387163,0.19748187424603988,0.16613034847754915,18.826744740692007,18.74430304319712,0.5384754582785504,1.588175892829895,0.609375,0.5705514165648163,0.39155698422655405,312.69205279377803,35.89176951572398,1.797988476193559,1.5770238535478711,958.9800577234648,298.3648772927864,12.697875201938054,8.714274604892129,25.299034597530262,14.92357523623815,0.19074023785994637,0.16729912839783292,19.289088371189052,18.05534373292183,0.43820957503055513,0.5384754582785504,0.6355031807301311
stage1_soc,38,0.436139960524062,0.7859448356807511,0.4314417369700801,0.3101850318400782,560.5769529948191,27.87301444291606,2.013761551985895,1.7446841877603552,835.5698708639641,271.48613676585006,0.6565123145897271,1.4018373489379883,0.803921568627451,0.7099662480161784,0.464988750277781,139.34541632355106,44.70121189966316,1.8104424048861385,1.5311489874752713,580.3380886641071,199.8468695194896,15.800614200864917,10.34853117512442,26.9439497386615,13.490421044187107,0.1920614172515643,0.1624324771470944,18.471404589099127,17.477107542595235,0.5909316942225975,1.6089746952056885,0.671875,0.556086329673504,0.38498778183384275,413.0751543256155,40.71313640596887,1.7524523973587345,1.5347758308053017,908.1164565142773,298.00903015461586,12.375948268101041,8.568074087748299,24.52047081093949,14.394130800673844,0.18590952697210383,0.16281723209330812,18.765773731407755,18.290240067747483,0.5050491010979488,0.5909316942225975,0.6355031807301311
stage1_soc,39,0.45493819791946055,0.7978286384976526,0.4287594141423859,0.3084701168158353,535.3768319032707,27.715790943012152,2.001454837189886,1.733724078993647,827.1148678831269,270.168342553571,0.6692008142549368,1.330952525138855,0.8431372549019608,0.6249655927523577,0.40285491329782147,146.35249615727133,49.180341568706325,1.8165135525315312,1.5349809794376295,588.9998308218057,198.43586905695895,13.90888686256229,8.965715034662765,22.39721836425092,10.456443800499283,0.19270547707803032,0.16283899535789237,18.492477835249396,18.30075228537028,0.6556475770762534,1.47967529296875,0.6796875,0.5240452560670467,0.3475493605928932,323.59787406375216,36.9306382574362,1.784540656100069,1.5601335326209664,932.9305357497965,298.94616004262923,11.662859943054903,7.734865393714395,21.862366525741532,12.673363819120746,0.1893136211506111,0.16550731278066663,19.069713244750922,17.65733003864095,0.5224739231798861,0.6556475770762534,0.6556475770762534
stage1_soc,40,0.6315237465598773,0.7940140845070423,0.4322249301334401,0.314799778248695,542.8656660072705,28.89584673828125,1.989508816649321,1.7243972921326833,818.0278884910125,268.7757712767037,0.6643466054670102,1.4269864559173584,0.7058823529411765,0.6517088713939111,0.4354994637782083,150.50900645614223,73.07691832899158,1.8318527205446926,1.5431690401233293,585.7987707910653,206.674253772642,14.504070407501438,9.692234005589249,23.527207053156435,13.711274287755318,0.19433273809451812,0.16370762864641517,18.568193548967496,18.451275372712065,0.5103696915230032,1.5188078880310059,0.65625,0.5607780935855622,0.3735134144935728,364.9419495037995,38.15542363253773,1.7750901983321983,1.5462915478274226,909.5957738143386,301.06536379607076,12.480365557941393,8.312706945931044,22.18114519420527,13.73598089501903,0.1883110660250381,0.16403888097093455,18.892841417476177,17.962796682635037,0.48801657192433134,0.5103696915230032,0.6556475770762534
stage1_soc,41,0.4540249587784351,0.8083920187793427,0.4069328140445385,0.29456545490526403,509.1031216113512,27.098357352983943,1.9996698792505345,1.733227715142628,825.2408376902813,269.19234703103274,0.6863121745659813,1.4080421924591064,0.7450980392156863,0.7021030532514595,0.46175655014082495,149.07735961686447,57.75899129115726,1.8489011055658249,1.5578445918931096,599.2589765162753,205.06580420366225,15.62561530871934,10.276597125404832,26.484804126307587,13.330228342032308,0.19614132199653675,0.16526448970106436,18.713919155457727,19.0444136875729,0.5344671232402485,1.407928466796875,0.671875,0.6021432972795286,0.39544218141054444,356.0878375461649,34.79044894543867,1.80426891492652,1.5786561546847224,951.0093028497968,297.7970617539215,13.400966539656883,8.800741393940275,23.71984413351437,14.481536474219805,0.19140650040481313,0.16747229163620986,19.296426140930514,17.673932084008612,0.49123201081614143,0.5344671232402485,0.6556475770762534
stage1_soc,42,0.38595416715167497,0.8061913145539906,0.41958392536705075,0.3012288359380923,540.7087723477031,27.390263175371206,2.0095537952670384,1.7448998099239297,827.5445893535589,270.7589119891868,0.6803161369438754,1.3923484086990356,0.8627450980392157,0.7063201678361676,0.4671764654271743,151.7353686010215,76.46946310882693,1.7652994422814128,1.4889876256313395,568.3622574985444,190.0562052330794,15.719469066950806,10.397219747508725,23.74654399799565,14.027743765463738,0.18727241023681573,0.1579597742943843,17.975005421417016,17.99789376766185,0.6508490476883655,1.7129478454589844,0.703125,0.5949729386922109,0.39665579492975667,394.6684438926027,37.37538518051036,1.7506994985119733,1.533840893767774,910.3676713555179,300.14693294587835,13.241387024381835,8.827750901870559,22.28245978487412,14.63974965686673,0.18572357008339033,0.16271804896989922,18.75808476039838,18.05653115730945,0.5246331183923367,0.6508490476883655,0.6556475770762534
stage1_soc,43,0.36340033700208707,0.8317194835680751,0.4032029674870195,0.29085088385559194,493.2414748411295,26.971581720894577,2.006947125212063,1.7409463747783138,827.4314557725205,270.66748027303026,0.7107585933219693,1.3259080648422241,0.8235294117647058,0.6208936146517856,0.43445071833682997,168.32779520753687,60.4433423958319,1.795634293682407,1.4987877348401384,579.6492594401192,200.21582676364002,13.818263181251677,9.668893709961903,24.227348785191875,15.093133624809335,0.1904904935828899,0.15899942231565362,18.026826684926263,18.23100950077179,0.6372613273691702,1.5074440240859985,0.7421875,0.519715791505382,0.3516051071910624,419.12941436295245,31.92444427371032,1.7484204769165437,1.521327855065465,913.4995805396144,283.7942265982251,11.566505786182901,7.82512783572936,24.97069549543445,11.261953800101544,0.1854817992784292,0.16139059887217555,18.58365897909573,17.25155055823297,0.5862727625483855,0.6372613273691702,0.6556475770762534
stage1_soc,44,0.47518434183138636,0.8189553990610329,0.41383103278908107,0.2983514143573776,531.3065509971655,27.36481891776763,2.007903496293109,1.7423145772026116,832.7477058744054,270.49115441222415,0.6948060892243085,1.7890119552612305,0.803921568627451,0.7230136692951651,0.5053239930786338,191.54216596347064,71.39051881081353,1.768065084662328,1.4670152638984078,549.0998360323206,197.66870396393722,16.09099035680399,11.246209919677872,26.280435861706238,15.319984789819202,0.1875658043784112,0.15562882859658048,17.62294551455565,16.7249258853224,0.5870174678389015,2.0473251342773438,0.6328125,0.6143346983380201,0.40572389703993395,380.9100194201966,32.57893384686541,1.707264597463037,1.4861131850630045,905.4417535412018,276.0270710492932,13.672291585363633,9.02956554218244,23.279415525804076,13.95072786802774,0.18111576337762283,0.15765483825893245,18.156932319028723,17.30069161680304,0.448512090498594,0.5870174678389015,0.6556475770762534
stage1_soc,45,0.4771950321158333,0.8123532863849765,0.4309440774543311,0.3100933798184638,557.4459113568506,27.767940649818115,1.9992579650772726,1.7333740385968928,825.5117289684041,270.0991939195848,0.6830700631486772,1.5107269287109375,0.8235294117647058,0.6999277234332067,0.4556853583666916,158.03978458025657,55.352933210023146,1.795637130831446,1.5004451857404966,570.6688698002699,194.47345975799618,15.577202377380852,10.141480055782727,28.78747109069239,13.950217419473582,0.19049079456284043,0.15917525357550955,18.032761913994978,17.516106994944998,0.6135510947347438,1.6420536041259766,0.7265625,0.55182181445121,0.3805543246835441,374.8077101454221,36.90452544685775,1.7657903514342823,1.532606953755021,920.3120978683978,280.38947260530034,12.281039587625788,8.469405529625043,26.6483911184212,11.804955443723152,0.1873244885064074,0.16258714601103502,18.711075990597557,17.590737238371865,0.561015955664637,0.6135510947347438,0.6556475770762534
stage1_soc,46,0.319651614892091,0.8375880281690141,0.42522473141116623,0.3007960113237105,563.1901561256814,25.93518683704753,2.0045907432897976,1.7374782278218188,823.4614236818477,270.98541360246895,0.7100206087456642,1.1413134336471558,0.8627450980392157,0.6139323079722837,0.4235374573252949,139.26340913745196,58.65901016210705,1.8351146149596178,1.5493980387189226,580.2962023892853,196.7644567510418,13.663336209041292,9.426014238721635,23.414431329819337,14.753542776375259,0.1946787773071242,0.16436843414627464,18.636260636812157,16.790012866196843,0.6785654056475307,1.397179365158081,0.703125,0.4978367720548544,0.3366161912399548,250.96921057145943,35.642062575470476,1.7967027747265343,1.577654028777033,949.7782566937449,297.1119558882182,11.079578490136104,7.491542853493353,21.25233733745327,13.437887420657812,0.1906038437690586,0.16736598075795384,19.30189088579783,18.876951010522408,0.5537739683835436,0.6785654056475307,0.6785654056475307
stage1_soc,47,0.38283666590569726,0.823650234741784,0.4071647806137339,0.2904124536257832,497.96447738083515,26.160786061621167,2.001897349262659,1.736521056476593,819.2711920327581,272.45234884125716,0.7015008005576638,1.6126611232757568,0.7843137254901961,0.734956928007095,0.4950265877825372,123.00932912638416,78.36564469702057,1.8571751579568745,1.5676719112066078,594.4286140072627,203.68857780673372,16.356792884368684,11.017036590934142,27.16202948697053,13.76656117694468,0.19701907774526964,0.16630702431583044,18.862673880776352,18.87515595909338,0.5638266470880675,1.6084386110305786,0.6875,0.6098948901865898,0.40130013381167373,247.34822175504132,36.487583517255125,1.8536044763725972,1.6429269639775157,1000.4131312874835,329.77472608599,13.573481682889218,8.931112726599974,23.435413788684894,13.580862361842794,0.19664028073754408,0.1742904829729595,20.125850331580715,19.192213484810438,0.5045315329440231,0.5638266470880675,0.6785654056475307
stage1_soc,48,0.26853549536405036,0.8330399061032864,0.39039520594755905,0.2781256399905263,501.66776663588416,24.91531916636073,1.9978186642676945,1.7335263722714342,826.3535653049693,270.6547259491317,0.7159213443190187,1.6368093490600586,0.8627450980392157,0.6963059979555736,0.48740618460464713,135.97073760988917,58.014017168611566,1.7982409070905858,1.5244866327254796,568.3146551880532,202.8136343551622,15.496599268185978,10.847441133396078,26.226197110711748,17.197163123006803,0.1907670170801581,0.16172569890768493,18.38944401012693,17.005916051300105,0.6538532986525436,1.7421196699142456,0.734375,0.5972489574338252,0.3987632778716943,306.58265485556194,41.338452158777905,1.7498356121012977,1.5317121162079275,921.5083607305046,285.2780005676401,13.292040832433518,8.874653870840575,23.040333119436376,13.628958259965817,0.1856319243906409,0.16249221685612744,18.74054053708207,17.893308180893687,0.5552003127698524,0.6538532986525436,0.6785654056475307
stage1_soc,49,0.2792111573644647,0.8447769953051644,0.39129959483336907,0.28084736440780006,480.865407482031,25.591864347990104,1.9866734836898383,1.7213581218006404,816.3860012157047,269.30324436701335,0.7273871168551537,1.3821332454681396,0.7843137254901961,0.696549138494423,0.45803381195839715,194.99292852580223,61.20100412688687,1.8067791590113556,1.5304009725577106,582.245173288069,198.00522075477693,15.502010468875707,10.193745933597144,25.59191449014565,15.298233785089742,0.19167280052862803,0.16235312372231583,18.479536550984193,17.294948813593216,0.5753489839418692,1.5343693494796753,0.6875,0.5689296748985344,0.36579458229061856,317.64133969074726,30.659009685190423,1.7923030822452086,1.5708878608420491,945.2497343448429,302.242596291964,12.661782620813261,8.14092090672019,21.037911551146475,14.070968482362762,0.19013710084967386,0.16664818946039706,19.219015872921368,18.278851121285093,0.5168210975304397,0.5753489839418692,0.6785654056475307
stage1_soc,50,0.22657675222611764,0.8482981220657277,0.40474686577932306,0.28516976138961636,520.973782975443,24.799122513007624,1.9939112567348263,1.7277825069192227,819.0441291183001,269.2760720527558,0.7268740623319309,1.2093021869659424,0.8431372549019608,0.6146867245104157,0.3983905866157775,157.6368243343108,51.539925404747166,1.813906135705925,1.5383499812188686,577.9938601780773,196.0665125269612,13.680126084192517,8.866359461398952,22.49072104284578,11.265332523221295,0.19242886834994263,0.16319639709300499,18.575344706469583,17.286792037527952,0.6587312375488361,1.2708039283752441,0.7109375,0.4947749657620432,0.31786030730472703,285.0090104572867,27.513142614705913,1.7917143948725813,1.5666760690510273,936.5312109769931,309.5312651193088,11.011436631103127,7.0741223255670995,20.459228959137377,10.012886506538887,0.19007464974335875,0.16620138005161994,19.154900818051836,18.06887810019857,0.5625050102713871,0.6587312375488361,0.6785654056475307
stage1_soc,51,0.39443479534326026,0.8265845070422535,0.40820594898684603,0.2918491108631857,509.6883423998444,26.57811906555827,2.000780738091497,1.7349334984023463,825.8026131611399,272.5039921871131,0.7041227223461997,1.2473934888839722,0.803921568627451,0.6472215057167037,0.4259779211498943,159.1291341577418,52.37211851205367,1.8472058816832262,1.5527635717435795,582.3353342398179,204.51528940441057,14.404202091166855,9.480327845138012,22.456775279704765,15.32955637259756,0.19596148357661688,0.16472546789712916,18.6586809699349,17.355105132954453,0.6097551169124399,1.4358724355697632,0.6953125,0.5532418688034861,0.3558800376904401,272.02997737698354,40.87504389124066,1.8038116263139625,1.5795761356130242,945.1885250907981,312.39170446185557,12.312643527992345,7.920268312822347,20.575777160255914,12.098573296579872,0.19135798878202756,0.167569888135528,19.324809314306492,18.019919718798796,0.5293399393589542,0.6097551169124399,0.6785654056475307
stage1_soc,52,0.37658437177049164,0.8428697183098591,0.39184846251067645,0.2821936540603758,517.0098924991681,25.668133011018313,2.000731260331503,1.7369255247758018,828.5367479762022,271.31053829152603,0.7253151795566561,1.311795711517334,0.8235294117647058,0.6436847233308779,0.4450523970904304,156.08518005028515,74.1151919264025,1.8229230972499122,1.5360268247405104,585.3291966691888,203.4381418518453,14.325489428209988,9.904838779653906,26.508745689364453,16.070042732083696,0.193385435876624,0.16294994422351497,18.48074776080364,18.181384369828876,0.6304239947654424,1.3880059719085693,0.7734375,0.5584909511493531,0.3706612608202704,225.75923398594222,31.911697621787088,1.7829515558654052,1.5529354666359723,921.657124829631,287.5497878599831,12.429464187125605,8.249230999068281,25.02886699628884,12.48730826747758,0.18914504089508868,0.16474370342705386,18.979497293527864,18.007270668208164,0.6058902146551941,0.6304239947654424,0.6785654056475307
stage1_soc,53,0.13724945464604338,0.8617957746478874,0.3632114998842277,0.25668090438718105,466.370587400734,23.026017224725024,2.0099656004089463,1.74554640873593,832.7153713034701,273.23348369132435,0.7528323246826191,1.2470591068267822,0.8431372549019608,0.5828042264072896,0.3882703490043972,121.52114349377716,59.774696202899904,1.823156590281173,1.5478579996190234,597.0543718381138,197.99412461916276,12.970566927408736,8.64112907817254,21.618167198602855,12.725085271268274,0.1934102060667065,0.16420505855843426,18.66552714020084,17.69048446456542,0.6682959869797739,1.2910048961639404,0.765625,0.495308847123069,0.3166168749503413,290.0812338615787,29.914166782415855,1.8095147931922266,1.5881198598071933,968.2796379025243,310.8314269607207,11.023318397931018,7.046449186215165,19.261355961653656,11.122617838180178,0.19196301123980108,0.16847625211204004,19.431298340264185,18.780090030799737,0.6170323458630793,0.6682959869797739,0.6785654056475307
stage1_soc,54,0.2461009509686573,0.8399354460093896,0.40944121400163946,0.28871781184883766,504.60520525206033,25.64713393285645,2.00515231194387,1.7406377963488238,830.9410156048361,271.5718787226849,0.7171030818088978,1.680952548980713,0.8235294117647058,0.681150249063454,0.43033999412813606,134.66472964565082,54.570497259598326,1.8327790322928506,1.5433389086860652,570.2366453024528,209.5815495726195,15.159301344744256,9.577407716804878,20.98819148561541,13.276923291076029,0.19443100620108025,0.16372564921244775,18.564779901785993,17.83986041657637,0.6191843370456697,1.9883657693862915,0.65625,0.6124528706163658,0.3877502764789824,275.3026377948795,40.30490439923264,1.7459450397263268,1.5255746343173087,907.3755768769029,304.8016304894618,13.630410673552067,8.62955463311475,20.584252615642605,13.829587875453381,0.185219191656233,0.16184111993800032,18.6425605849148,17.59387376311517,0.4725141388150903,0.6191843370456697,0.6785654056475307
stage1_soc,55,0.14543148805278008,0.8569542253521126,0.38357348854412027,0.2701691283945079,490.64569612303524,23.808039901909133,2.0044020627554606,1.7410061753593673,823.5293063482658,270.79133063514365,0.7418821787888765,1.2839308977127075,0.8627450980392157,0.6726235438269934,0.444097357637742,172.5797186718892,65.33320906708154,1.7938692044196796,1.5208749395302112,585.5721366908263,196.8916392656895,14.969535732333428,9.883583952426976,26.1123049900828,15.441990493180551,0.19030324346962477,0.16134255116882898,18.372269616518604,17.455036881657673,0.6609580348911177,1.4617118835449219,0.7421875,0.5342406528063331,0.35403216849408636,358.14237919057507,34.77030264136798,1.7761842609596397,1.5535934213548899,927.5369075457376,284.01765631037915,11.889763026056889,7.879143163074972,22.565402690546264,12.650293606337884,0.18842713004244138,0.16481350278408485,18.995371967851582,17.73452863443928,0.5819153041581,0.6609580348911177,0.6785654056475307
stage1_soc,56,0.15974499054358038,0.8534330985915493,0.4001969175680161,0.27645100597983574,509.67486950644525,23.16738242049515,1.9987362911593238,1.73496276889582,825.4591161386584,269.9169523917741,0.7333740233211444,1.326269268989563,0.8823529411764706,0.6633014128665459,0.44257559358854504,116.20919886710706,56.840203530806434,1.7811911816446517,1.5043831547612654,580.9478375650187,190.38423604217033,14.762067567124802,9.849716417578254,27.669236707643815,16.012998076211915,0.18895829097870445,0.15959301439970386,18.125616561859992,18.060476929870315,0.6833625173165068,1.5217351913452148,0.7890625,0.5695741669687131,0.3742861652117426,292.6377694035962,35.55846071890028,1.758116764306938,1.516935137566179,891.7603275387507,287.903538125568,12.676126078104176,8.329904856402651,22.44316084852032,11.361616142238208,0.18651043332569386,0.1609245958962059,18.51138832727237,17.35814629379763,0.6181902499093861,0.6833625173165068,0.6833625173165068
stage1_soc,57,0.18056072441624924,0.846244131455399,0.38379665849177685,0.2725374626790713,487.87293366720445,24.53800921305242,2.008142422651564,1.7426427185022082,825.8311697362991,272.5289797714348,0.7311051339078659,1.4518277645111084,0.8431372549019608,0.6772871887842267,0.4250690821631282,170.48943327998253,42.995291013621845,1.8384909765892226,1.5649727487607914,579.009767935766,198.36481813335226,15.073327222344334,9.460101229801408,26.120798092212855,12.968315621687351,0.19503695981433106,0.16602068272145737,18.877765455271277,17.46416306614676,0.6399510982666928,1.5219147205352783,0.7578125,0.5676833698956423,0.38129230138838466,351.0744145676715,34.35568723904824,1.802233632875968,1.589785655029118,960.6305776242086,308.43900163483545,12.634045549392848,8.485829528984157,22.838668740051858,14.334634315515448,0.1911905867949238,0.1686529685821748,19.461662602891113,18.4889240162646,0.5875074890313073,0.6399510982666928,0.6833625173165068
stage1_soc,58,0.19965132497286012,0.86106220657277,0.3931262610593422,0.27736877377201424,510.8618197207923,24.882832673473686,1.9839772551763124,1.7199355877816056,820.4212513664918,267.12431215465597,0.7431243282549673,1.384763479232788,0.8431372549019608,0.6143892666896683,0.3992767608633228,125.22543661038387,39.46820073127621,1.7596769737077191,1.4774972502434371,566.1414569579086,192.5574578606708,13.673506028267617,8.886081662897025,20.00426593553017,14.278072231458905,0.18667594868697493,0.1567408137929085,17.788333106735827,17.76066788302021,0.6588204748950603,1.8423798084259033,0.7109375,0.5529529795923624,0.36843947565466806,421.1804565136431,36.116481095971864,1.7517792458713186,1.5244730543345213,906.8395472075541,291.36513412764845,12.306214170280608,8.199784183340096,20.853295405873244,11.658883857973152,0.18583811546055878,0.1617242584393196,18.6225926088872,17.819959441776223,0.5450516061222913,0.6588204748950603,0.6833625173165068
stage1_soc,59,0.10317117479485526,0.8566607981220657,0.36153628646392116,0.2564362046130025,475.29936856758246,22.565386297128953,1.9990714401701437,1.7353357866820043,824.104688267038,270.51440419411654,0.7481999121828894,1.5012943744659424,0.7058823529411765,0.6358934194419494,0.4325684334571455,188.65034603296257,64.21539673251779,1.895377189718665,1.6101331428496861,613.6084357750211,197.13380628363393,14.152090499437461,9.627002623895319,25.27322413384824,14.288039449809759,0.20107175367810068,0.1708115389613154,19.387121979764697,18.962177106957554,0.5151143271085917,1.6801400184631348,0.671875,0.5536254753286679,0.37601555925903085,321.99896759763914,32.636611103518334,1.8602379110139597,1.6424002228304744,986.1581537640694,322.62686947527345,12.321180861599784,8.368393289083539,23.018574346323458,13.37913589433035,0.19734399097711167,0.17423460345370367,20.104925791112674,19.38104519933021,0.5057873574013996,0.5151143271085917,0.6833625173165068
stage1_soc,60,0.13821579788772154,0.8566607981220657,0.37593222914907193,0.26576091782853967,489.2548094362796,23.49178733626634,1.998844022623421,1.7353408080803754,824.1707101536499,273.53510729986687,0.7438811293773442,1.0927215814590454,0.8627450980392157,0.6191713742026826,0.41143645002853635,159.49939650339468,65.72788788870821,1.7926401817509174,1.5276910625763385,588.2467448763209,181.85096659561148,13.77993395507587,9.156700946333157,23.456241089773286,12.70183901256074,0.19017286216892187,0.16206564197186535,18.49565899396032,18.452086092793117,0.6769936857784109,1.5062944889068604,0.734375,0.5224254001825459,0.3370230023701879,268.2207901693007,31.68501020272525,1.7831562633777447,1.5729398131370544,928.2741769452018,313.96641595883034,11.626809330841272,7.5005966158931745,20.49162903638861,11.845173366024227,0.1891667573633043,0.16686587153901367,19.274983520121438,17.521005182736147,0.5776473799452362,0.6769936857784109,0.6833625173165068
stage1_soc,61,0.12739584451550048,0.8644366197183099,0.3704572393778445,0.2623599880677142,495.8430873632748,23.264133992721398,1.9884707458940218,1.7232874422655917,821.4221615244784,269.67169320258256,0.7532994479049565,1.1766334772109985,0.9019607843137255,0.5672237676129259,0.3964166934875881,180.05777019138367,54.646267757387236,1.7908160030971096,1.5127929739434929,580.2495119087996,193.06537872525107,12.62381689644585,8.822429593071538,24.374301797580635,10.278930272950854,0.18997934353688758,0.16048517301607784,18.247806455298697,17.40138028020889,0.7317936540298478,1.65104341506958,0.765625,0.6017753111570676,0.4147995498988166,304.4920332198508,40.556215504809956,1.7684379122213705,1.5414504208602011,915.8649165177967,308.03538324799536,13.392776845050236,9.231548227760634,27.48393064692352,14.048716987884905,0.1876053559207231,0.16352530831934953,18.845276734507372,17.324429293446343,0.5850924066528798,0.7317936540298478,0.7317936540298478
stage1_soc,62,0.05146341228708975,0.8783744131455399,0.3861103790529242,0.2701290001369359,510.35861299480746,24.00685179964661,1.9990974901096028,1.7370772825530374,829.6266232809564,272.42159946732545,0.7625412994296626,1.6254103183746338,0.8431372549019608,0.7973690304779647,0.5090796217760619,214.48621874749634,55.144933747356774,1.820414817612919,1.5527951458432512,587.78735246852,197.5882273131154,17.745801946929905,11.329793104506125,31.05233919756363,15.390160813980447,0.19311934415194726,0.1647288174465625,18.76967744223317,18.51216192802178,0.6039265457585714,1.6258823871612549,0.75,0.639954278172205,0.42011110006387753,287.8950107531433,38.72987738397979,1.8060643312354507,1.591495041269809,953.868105722591,303.0471034988401,14.2424667142227,9.349759135956871,26.39297416185476,11.751878049098675,0.1915969677734072,0.1688343094208181,19.490724928017947,18.498040413976998,0.5580137165483385,0.6039265457585714,0.7317936540298478
stage1_soc,63,0.17165682657223913,0.8631161971830986,0.3717240225811641,0.2606741126136611,462.69164901157785,22.587180828546394,2.002209603229423,1.7400061265065225,828.0044843970561,271.27733441592466,0.7515989904087494,1.1073118448257446,0.9215686274509803,0.5907509365837917,0.4063749040896986,139.45685788755213,49.59446921569906,1.8000074051435482,1.522783680106787,591.7758228143379,186.99965288980704,13.147424492139248,9.044053993237847,23.77480265913252,15.653708874651548,0.19095441664542925,0.1615450405820869,18.36626636501406,18.588787714250564,0.7443433464758429,1.5292882919311523,0.765625,0.5300584958743756,0.3516234682301729,309.9927388075297,36.09559346182114,1.774045768290392,1.5577765605412424,937.6121889579649,318.2093364087413,11.796687265914796,7.825536468810331,22.762274725185826,12.414186474885055,0.18820026729788275,0.16525727257125017,19.062509442896722,18.815542041338777,0.6066074512376873,0.7443433464758429,0.7443433464758429
stage1_soc,64,0.002636787197399587,0.8761737089201878,0.3595398968639254,0.2535151003565756,498.6909121276402,22.433381423064404,2.002091502934226,1.7400509970072857,827.9986496962606,272.81756494760725,0.7683117398610101,1.2135918140411377,0.8823529411764706,0.6108082049699328,0.40692878631400126,158.3655944339283,38.55148962548742,1.7695618099872488,1.5135788226171452,577.8884760029008,181.9654252422678,13.593807909066692,9.056380888161906,25.410513956100047,11.499337375323394,0.1877245850092475,0.16056854004813562,18.296960142384656,18.280168886214067,0.6991104796854908,1.3865275382995605,0.7890625,0.5586463166983622,0.3596184141406411,292.0858159812716,30.40940093389531,1.7851817390409679,1.5662926463410258,933.7173646666396,313.40815053929157,12.432921916428734,8.003467541225497,22.729140125908984,10.938406682195957,0.1893816306591558,0.16616070451900394,19.162344104876077,18.48497083759389,0.6214686049904914,0.6991104796854908,0.7443433464758429
stage1_soc,65,0.14350021487110656,0.8751467136150235,0.3859556128257117,0.2687358425885325,487.3407183467605,23.412440190354793,1.9935722277388206,1.73027850744065,818.3928681447504,273.17928243699765,0.75936002976731,1.1187310218811035,0.9019607843137255,0.5440154000397579,0.36437733843922615,126.82292427876776,52.553634055524455,1.7904788027750895,1.5108495621631544,576.6249869142031,183.6277058836622,12.107304367462735,8.109379515299159,20.18569433520007,10.656141441137756,0.18994357152250588,0.16027900549601323,18.20890079146727,17.59978365673126,0.7387561643017981,1.4165219068527222,0.796875,0.4666338558712702,0.29995187557324243,226.96410955954295,26.75974943837906,1.773370324799188,1.5517610870301723,940.5584315327869,290.65343007581873,10.385143730826949,6.675562222854629,18.4758733340853,11.654013642519558,0.18812861263831235,0.16461911895484282,18.985194155681867,17.44338422140543,0.656884843238619,0.7387561643017981,0.7443433464758429
stage1_soc,66,0.1952683622008758,0.8568075117370892,0.3796098451579961,0.26587288450933266,500.23855369138005,23.752025843118567,1.997017722182152,1.7343886908216313,826.003893940404,270.9973361937099,0.7429245581896904,1.2559911012649536,0.9019607843137255,0.5428331817801778,0.392088846175694,162.45665636784486,58.46000175957404,1.7889008795556376,1.5078128434206342,571.518445378087,194.17473319832905,12.080993574980644,8.726111428811523,23.979393243405003,14.547759292592632,0.18977617698456078,0.1599568541235593,18.15118567285226,16.946280070300826,0.7391108297796721,1.6308906078338623,0.75,0.5862534798082091,0.39384423895353393,367.6261847801757,34.728463427471425,1.7831102669954635,1.5604938138276339,920.8754142218318,289.8171533579287,13.04733159392808,8.7651784747889,27.754270622493454,12.468472749287837,0.189161877820964,0.1655455333387882,19.074457076295424,17.864480752219194,0.5741239560575373,0.7391108297796721,0.7443433464758429
stage1_soc,67,0.24367448722532659,0.8637030516431925,0.3914701447826216,0.2745771275683221,520.9271696481808,23.98327551987558,1.993459273719126,1.7286390954132729,819.5858278444315,272.567270047844,0.746262008208406,1.420255184173584,0.8627450980392157,0.6863714304469867,0.44636340158096716,175.5220981314249,43.61480730729074,1.772036608557461,1.496603028264408,564.4161901675734,192.21755940661848,15.275501055567773,9.934015766909928,29.3744046919789,10.633812518873853,0.1879871248832166,0.1587676569526235,18.031855902795318,17.55370191580134,0.6568336689051197,1.4210758209228516,0.78125,0.5349489516288664,0.35373038091165654,279.21487909379823,35.96748724732483,1.787236263992523,1.5698234662413597,940.6544364802622,299.32102182743694,11.905526530962995,7.872426746380644,25.71962746035252,13.203473015280654,0.1895995856589445,0.16653527278601316,19.216233278794192,18.051397238110894,0.6207653145113401,0.6568336689051197,0.7443433464758429
stage1_soc,68,-0.01606124051859681,0.8826291079812206,0.3632274600592367,0.2554433459862564,493.9102580972059,22.36100631168038,1.990317029429175,1.7291373431658947,820.3901229113318,270.2480084672661,0.7736608699634496,1.1610066890716553,0.8431372549019608,0.5444110889781639,0.38731512047496497,145.7018064319012,45.43870783850338,1.7917266323603995,1.5170469808154832,576.0473808346383,190.60955383930374,12.116110600543214,8.619870042958693,23.36555118900257,12.243848964238596,0.19007594796154434,0.16093646082651983,18.307642790870286,17.439776293003497,0.6798139282085116,1.496590256690979,0.7578125,0.4792746264859938,0.3083611836173077,297.38409782126973,27.77355961438741,1.7641877332636664,1.5420987359248102,911.7943702156465,301.5797158971344,10.666469695607638,6.862715108603469,20.031406410960894,10.62776970774231,0.18715447419591022,0.16359408505027362,18.86131149448919,17.3833477252414,0.6140301120542019,0.6798139282085116,0.7443433464758429
stage1_soc,69,0.044849010700351195,0.8832159624413145,0.34684490960787334,0.24548759705842332,474.53308233698095,22.036668312737135,1.9798254379179023,1.7196886192152836,818.3335943622908,269.19538741159363,0.7791624895589525,1.1710057258605957,0.8823529411764706,0.5563384325024249,0.4016133392704468,140.96106007382951,54.89550519871196,1.7315579485444372,1.4733055489247335,574.2115486744023,176.82215327730307,12.38155892853716,8.938083253203887,25.180941528981112,12.355243582748452,0.18369293204418258,0.1562961356889309,17.814425062827798,17.240396418994578,0.7154514114257431,1.4469751119613647,0.8046875,0.5350946948784949,0.35711397182421933,326.2636255341808,33.24991892673269,1.7477106647973053,1.5247311345301569,948.0577753633052,286.0259587677629,11.908770111719399,7.9477300650557865,23.12333397150967,12.390648271670614,0.1854064986109043,0.1617516369673548,18.64213759984724,18.608374798294584,0.6441590915364516,0.7154514114257431,0.7443433464758429
stage1_soc,70,0.05075522284832359,0.8792546948356808,0.34454792229704506,0.24368368488577405,468.97589921155475,21.526984528854165,1.9846677612826247,1.7244162908246268,818.3967595070238,270.0185302193822,0.7758903181465673,1.2775075435638428,0.9215686274509803,0.6113995301400735,0.4293743143698164,147.92955942914512,69.74016013264632,1.8162729042879706,1.5315981563911134,603.7964142817339,191.4299376849704,13.6069681133817,9.555916084849935,25.833652895449426,17.611232479415396,0.19267994782474246,0.1624801273890072,18.44295558821628,17.977444522335816,0.7381487684089583,1.2797679901123047,0.7890625,0.4795275188446937,0.30114546821096155,273.3499063835389,31.449617685929848,1.797221431746007,1.5689784032292664,946.7809254770355,299.5638505468156,10.672097927379681,6.702126157174452,17.92559599239223,10.029997540103604,0.1906588656808071,0.1664456239801017,19.18562912983975,18.584631120317795,0.645204244346592,0.7381487684089583,0.7443433464758429
stage1_soc,71,-0.10373478106489764,0.8926056338028169,0.3301846340320909,0.22845717766801793,450.4536143311266,19.423355763253902,1.9934766926634442,1.7312512643358036,821.6603326314253,271.889828407528,0.7935502435931896,0.9003829956054688,0.9411764705882353,0.5263179837915622,0.3468912193807317,107.98288509313272,39.75880008117862,1.7800673290778026,1.5144598084848886,580.1932941802203,180.90427471249103,11.713440508059259,7.72021816870601,19.139082743077264,12.009251589339884,0.18883906668513487,0.1606619997427831,18.303882533323158,17.045640048142417,0.7832810754507666,1.298229694366455,0.8203125,0.4427353544625587,0.2842803587900562,234.42535908324567,27.140420568504155,1.7864806469823786,1.5657828180119395,933.1845081278658,290.1637311403007,9.853271966791663,6.326785655904558,16.669393893371627,10.084982209290946,0.18951942576350897,0.1661066192019704,19.157495295282708,18.19363862224786,0.6874918936612324,0.7832810754507666,0.7832810754507666
stage1_soc,72,-0.04742215706708845,0.8823356807511737,0.3411400114919779,0.2371950763070157,458.5741686574562,20.635852036409574,1.9866199221236718,1.7238951874781425,817.5393054228746,271.0541214201579,0.7799936773035804,1.420644760131836,0.8823529411764706,0.6928456319688883,0.4483573473624739,146.09068076229383,50.89409679838093,1.760424082901201,1.4765277503094836,566.8019670642806,185.8677304583163,15.419587286134455,9.978391915943863,25.834405324449435,13.291333821916737,0.186755206027697,0.1566379640525147,17.803477805270138,16.292766109154304,0.6744992515858041,1.7210381031036377,0.7421875,0.5875122655533926,0.3906002041130705,395.9509376814233,37.902794529748405,1.7423416185153004,1.5168923921883106,897.927945080346,265.7321770449704,13.075346429811855,8.69298103848604,23.853895318389995,13.512985209102258,0.18483692145372546,0.16092006123780844,18.549550356978905,17.2392423354068,0.5659338203339822,0.6744992515858041,0.7832810754507666
stage1_soc,73,0.14427440337172137,0.8882042253521126,0.3421769325643726,0.24101331485533745,471.61921156369306,21.141870639788678,1.9833681621627466,1.7223892705137225,817.9592994276303,269.78862521443443,0.7855511455828008,1.014345407485962,0.8823529411764706,0.5597189532681407,0.3728909556954807,165.27055644878172,42.94505992470482,1.8065958548125323,1.5469059907265155,594.9337202691555,186.24758855297054,12.456793919730535,8.29885384889711,22.315375103031954,12.395137902078055,0.19165335463843058,0.16410406436130445,18.714336710081717,18.32083231112102,0.7144372551960283,1.1959724426269531,0.8046875,0.4799993386895349,0.29451918952509004,248.36864398548022,27.346954725427736,1.7917481821043233,1.5807626424357295,948.3189116692405,300.03230825430506,10.682598487598536,6.554655381774317,18.26576194690636,10.134292740945584,0.1900782340736837,0.16769575912779622,19.369027294852508,18.62301890572784,0.6606876983931396,0.7144372551960283,0.7832810754507666
stage1_soc,74,-0.048003087021375485,0.8839495305164319,0.3480204585079045,0.24123224980367824,474.6232680700686,20.75591187188035,1.9843498417173375,1.7235489447874826,812.7406622634834,269.339930186463,0.7795433929640605,0.8826600313186646,0.9215686274509803,0.4679631809273782,0.33454349111108217,178.6047415931863,46.6619358682143,1.8067768451606865,1.5453116038777666,605.1300407378877,181.08396790403054,10.414728450407347,7.445413991477856,20.00260892218506,10.763289341713552,0.19167255506296854,0.1639349232734734,18.677126599214464,18.97287643235764,0.7811796731727669,1.0691094398498535,0.8046875,0.43133803276005295,0.25924900195786904,218.83556055190465,25.994933800013285,1.824230220466124,1.6048352615907788,971.8408377204385,322.61205938739647,9.599619509864818,5.769701691230564,16.799341946347667,8.633232252482713,0.19352410250128468,0.1702495113705618,19.638596276831876,18.886644906586827,0.6752860901719842,0.7811796731727669,0.7832810754507666
stage1_soc,75,0.04637173000076007,0.8820422535211268,0.38804074513690995,0.2667091058894004,515.0557325783385,22.52497396872993,1.9850016512032933,1.7224326395497853,815.9672027032047,270.66770673195236,0.7656300299800538,1.0596271753311157,0.9607843137254902,0.5321820024950512,0.3630599842278981,122.37749557296313,55.040769800622414,1.8196625446507564,1.5276655471135003,582.4425812965269,192.49487588439794,11.843946848972486,8.080061212186521,20.018639183475287,13.150453654025581,0.19303953901101423,0.16206293515504458,18.39653279433317,17.62238648631319,0.8011297129769749,1.378361463546753,0.8125,0.45402725283816014,0.2935580913162994,237.14287087398895,29.76298281599778,1.7865855467320244,1.5731856846250594,941.4528383857253,303.01440258317245,10.104578180751549,6.533265714239169,17.365867644440346,10.512732540385517,0.18953055409022732,0.16689195490201963,19.262418800882113,18.42406452980576,0.6762918241485519,0.8011297129769749,0.8011297129769749
stage1_soc,76,0.0035667548157239746,0.9018485915492958,0.35995924212861663,0.25130240128721554,478.4049032154032,22.199291521852587,1.982227870696784,1.7205227332078592,811.2851877753911,269.14195623608214,0.7938608189107108,1.0941030979156494,0.9019607843137255,0.5585393747523996,0.3815439751408264,154.6000031021505,44.1323538759517,1.8104948602444482,1.5261324139713657,588.6201053272147,190.25171720907665,12.430541875920094,8.491430640132648,23.04489524965526,13.3754507303868,0.1920669819966411,0.16190029218815483,18.375046430813335,17.779217718733488,0.7343989718880056,1.327275037765503,0.78125,0.49421714338184364,0.31305979494754865,216.2251816397338,25.418918428442623,1.793149950494093,1.568027216475457,950.5533512658836,301.08997165161645,10.99902204625945,6.967284790776951,19.598669403689478,8.91713436180625,0.1902269411647632,0.166344716999844,19.168520879466882,18.928368455101413,0.6329848569854469,0.7343989718880056,0.8011297129769749
stage1_soc,77,0.06509331309459579,0.8968603286384976,0.3422287787763368,0.2374139124559137,464.80685941825953,20.597008600820267,1.9957372419258328,1.7364556869494532,826.4671346642932,272.0404577506572,0.7941916950055966,0.831249475479126,0.9215686274509803,0.46906807097920916,0.3223258365018695,131.04030447374802,42.621232906191146,1.76697872317026,1.5051986304495264,566.3160882086935,186.6614733210668,10.439318269278505,7.173504661338559,17.833395910714508,10.260137936874921,0.18745055733865396,0.15967952442399347,18.19548768023014,17.338843123259323,0.7808482061572176,1.1791133880615234,0.765625,0.43801448303765866,0.2728439158800029,215.6377327473643,28.194127902709916,1.7638208853503694,1.5424085729755461,925.8135379362427,297.7639589427974,9.748206876324105,6.072262539126969,16.20607284815712,9.183081689060778,0.18711555700641364,0.1636269542224278,18.86342421088613,17.492880039813745,0.6342206550887024,0.7808482061572176,0.8011297129769749
stage1_soc,78,-0.07499933550615266,0.8939260563380281,0.34793192659466116,0.24049294181632647,460.2586789304128,20.62915000244074,1.9814565410376355,1.721955292990927,818.1912325307649,267.3470292799467,0.7895464783596298,1.6440801620483398,0.8431372549019608,0.6912332430896044,0.44609175282804403,171.0311182752311,40.43898186765985,1.756932532397333,1.4802821896166778,561.2782998242837,187.76905591194358,15.383702855438605,9.92797010325327,27.752161733935104,11.955130678940137,0.18638480366837945,0.15703625506270016,17.881308913316605,16.670223218072298,0.6357672819750795,1.5656038522720337,0.765625,0.5584572177515226,0.3639940714037948,243.96804360089294,27.47226853038663,1.7189286336393486,1.497321714181453,895.3096847574415,296.57511818736975,12.428713435373258,8.100849737186916,22.45288876802924,12.643724764656312,0.1823531467447214,0.15884389900009976,18.30860611312362,17.095131149742883,0.5980878346745433,0.6357672819750795,0.8011297129769749
stage1_soc,79,0.10343820724129117,0.8839495305164319,0.3790799035442772,0.26678735229489775,470.8397121407102,24.37163077959979,1.976740899028208,1.718328663588984,814.7577305342846,269.61972161830863,0.7702255594531487,0.9024562835693359,0.9215686274509803,0.4716330434547272,0.34181162112337704,157.30134689575772,43.48324401110609,1.8147841310499424,1.54631947751577,594.8797160690812,187.265034171548,10.496402871025058,7.607169453243667,20.161978883922718,12.7548790377404,0.19252201079383213,0.1640418439017149,18.674310681353543,18.202046139121087,0.7800787144145622,1.24956476688385,0.8125,0.5060063777199024,0.3229215060182469,272.1723127071842,27.06570903281508,1.7871993662697818,1.5722237238660455,940.8850595127321,314.7677580148677,11.261396692969436,7.186761551008728,18.545850101522433,11.394680006797554,0.18959567135109143,0.1667899049576425,19.250944619673227,18.136689886878557,0.6606980866840293,0.7800787144145622,0.8011297129769749
stage1_soc,80,-0.00824095175859514,0.9008215962441315,0.3361380436746102,0.23836731812271766,461.11980692713007,21.532287467747217,1.9839355740495326,1.7254888860310265,814.9107025004099,271.95440699019997,0.7999801831417485,1.2837985754013062,0.9411764705882353,0.6155974425719715,0.4161876915022731,168.94354656801642,45.27786510550254,1.7754734598753754,1.51814680455216,580.6849238897643,183.86907683918483,13.700394519173207,9.262441935727276,25.62325398349811,15.189368483839214,0.18835172446021503,0.1610531360132162,18.382547837908447,17.13400508495295,0.7564972378166439,1.4032268524169922,0.7734375,0.533070994357673,0.3541226565848774,255.50711551840644,35.81260676931287,1.7885833140103258,1.5708238538354635,945.1686760132584,294.8476247730948,11.86373175774561,7.88115701572833,22.680885648327283,12.139056414972996,0.18974248793235,0.16664139925466295,19.228963414757324,18.073054011221018,0.613516201692698,0.7564972378166439,0.8011297129769749
stage1_soc,81,-0.1521337179230972,0.8926056338028169,0.34416815930861605,0.23532121676120615,454.05651072683094,20.208354650467644,1.984485498975737,1.7262775099615892,820.53815755132,269.75122443149314,0.789355186010232,1.3021270036697388,0.8823529411764706,0.6411923357650925,0.4126936870389709,163.1484440028783,58.1757533929396,1.787503333511506,1.5174674389920397,575.5613974801728,188.97025505208438,14.270020235870145,9.18468131443718,22.614662946756813,10.863435377220913,0.18962791782249863,0.16098106527958975,18.33600455109525,16.894855380637768,0.6899952404469428,1.804325819015503,0.734375,0.5600043170305594,0.36023345475223323,220.47347562428746,35.530359400693115,1.7571957917189172,1.5410430328920484,922.88682386686,310.0527843971006,12.463144817015419,8.017155543223883,20.250391369244895,12.15926900530542,0.1864127316258067,0.16348209042392053,18.855471570003232,17.135974318011442,0.5663737048908322,0.6899952404469428,0.8011297129769749
stage1_soc,82,-0.16559956275241475,0.9030223004694836,0.31596385185395315,0.22081583462489665,439.17340993291396,19.12257838155741,1.9930646195179993,1.7348317066157655,823.985051382551,270.81331876724994,0.8082331449132977,1.0005886554718018,0.8823529411764706,0.5091454381048021,0.32544093107914224,141.94877940624738,34.65123709036714,1.8491236420207184,1.5724061036153751,596.0378373718553,193.0955307890337,11.331257876136394,7.242832474811701,18.913994350207354,10.744464074904778,0.19616492985437395,0.16680925277729122,18.969625997629418,18.38366237052993,0.7296093097450299,1.144545078277588,0.8203125,0.46793822409995256,0.28365403222233,235.3648895401289,23.119087157661184,1.8284196855085817,1.6196895008906722,970.8871344136858,292.23649558030485,10.414173025127718,6.312846479939437,16.48112604837574,8.667160738389661,0.1939685433691127,0.17182532855448976,19.864063424127032,18.914231484695307,0.6799310327700142,0.7296093097450299,0.8011297129769749
stage1_soc,83,-0.2768636534751301,0.9131455399061033,0.30352405868745497,0.20806730670270732,405.37426354524354,17.467451634274425,1.9949294045651607,1.7383669568044697,821.2875589179947,272.12656007163514,0.8220883222998667,1.4920573234558105,0.8431372549019608,0.5509790289878986,0.39610672771346334,193.82947655513613,57.11705811199918,1.7588832479009135,1.480023243665403,575.7143114227276,183.1014499510116,12.262283022793175,8.815531167088471,24.168967275900307,14.483001720856285,0.18659174600648484,0.15700878469067445,17.834515348048342,17.750539057230558,0.6778435462055912,1.5712887048721313,0.75,0.5469726879703806,0.36008434629002295,312.39551844164424,30.070058845142416,1.7881597130354756,1.5601663659326732,919.51099702861,308.019917476041,12.173120123920464,8.013837068166719,21.02303717559773,12.197732730693229,0.1896975500744213,0.16551079591405018,19.073619420724462,18.213288091417326,0.5859081936088858,0.6778435462055912,0.8011297129769749
stage1_soc,84,-0.16876809599813722,0.8990610328638498,0.35607826850215046,0.242739729606321,471.001377504149,20.763575774085723,1.9942884820213793,1.7358505535086353,822.3921064427817,271.81697215625576,0.7922375523132046,1.350293755531311,0.8627450980392157,0.5784980776063192,0.37635172322830734,127.24142508102354,42.62934548934013,1.7987967320865803,1.5090063130665643,578.9215142251892,190.5301173466758,12.874731673147329,8.375874767536368,19.192588547049034,15.702949121782842,0.1908259819697268,0.16008346376937047,18.146756275027883,16.888023317191788,0.68919567475732,1.5572227239608765,0.765625,0.5063514516533106,0.3382008372554992,274.4563963952792,35.77220955988672,1.78851748888474,1.5603987583890557,916.2737035282337,308.93795440403414,11.269076466631622,7.526809854433916,17.791859065013995,14.398407197743026,0.18973550485082435,0.16553544934926082,19.07250077254384,17.557182973439414,0.6137195645040068,0.68919567475732,0.8011297129769749
stage1_soc,85,0.1675786426369573,0.8952464788732394,0.3543342646408129,0.2524661112019856,472.51490401805086,22.74442057098909,1.9838157265032743,1.7252624769505314,815.2190494632839,268.9319485491459,0.7889461994809955,1.0880217552185059,0.9607843137254902,0.6034543892967488,0.3978327295797713,162.2555564026692,44.202490814360914,1.7922958716850372,1.5179015805250873,586.0661499082314,179.27495013644648,13.430145474858119,8.853944105274909,24.31511269821086,15.02846153357451,0.19013633591487009,0.16102712133633026,18.33918827069926,18.31539551314507,0.7797479969364656,1.2434215545654297,0.8359375,0.5166949472637593,0.3260376757953054,238.23411052632065,31.291531175813027,1.791649980663725,1.5722831399179995,945.6739863592456,317.97583781316007,11.499275555793556,7.256113293530683,20.971477090258286,10.6587279375528,0.19006781633942904,0.1667962081303449,19.248435596539956,18.465186217177,0.6809290158208722,0.7797479969364656,0.8011297129769749
stage1_soc,86,-0.21267884514981034,0.9103579812206573,0.33283986923705083,0.22918098199726716,446.33901084303193,19.591770152963775,1.9863555804635813,1.7284689196488605,820.2839008127648,269.2226241212003,0.810506020449542,1.1150202751159668,0.9215686274509803,0.551213385708226,0.39536842988694415,169.5426957464754,63.31813856012156,1.8047626808447639,1.5189231772560114,579.8044872764495,191.3000680658051,12.26749873570012,8.79910002102376,21.191070419608252,14.133579708307092,0.19145888173536116,0.1611354977836954,18.306680851045122,18.28948514638728,0.7562046117385126,1.4067728519439697,0.796875,0.4761188435325954,0.306005689466474,164.22800210742196,33.003400833003234,1.7719592666415211,1.5578925125300884,929.2312852998551,298.4234164057368,10.596236344250944,6.810292540018395,16.66133213176234,10.111748842434086,0.1879789200389485,0.16526957337863893,19.06971814581682,18.384394979959573,0.6540393469402214,0.7562046117385126,0.8011297129769749
stage1_soc,87,-0.14954957324014584,0.9043427230046949,0.3374027515467254,0.2350692688718388,429.86447590122725,20.80954117592581,1.9897546509984083,1.7325322123177043,827.2288139122254,272.2389095414413,0.8031218975406773,1.2075845003128052,0.803921568627451,0.5696738341858539,0.3741719752696215,180.64219563163934,32.662951499624626,1.7861538553612069,1.5085112018255042,573.7337377446586,186.6719058947679,12.67834421629161,8.327363508520104,23.729845448429813,10.680324182782876,0.18948475795980596,0.16003093971977986,18.19593152952536,17.280807712220202,0.6330194183716948,1.6146495342254639,0.6953125,0.5049031505525415,0.33677611607890867,248.0475087500693,29.715836875320107,1.7925994560536298,1.5657445266842842,950.2150637923619,306.271940598584,11.236843882330772,7.495102051819339,21.32344193441719,11.540922092474938,0.19016854176904693,0.16610255705305138,19.14208277444932,17.884340065560146,0.5438415548342376,0.6330194183716948,0.8011297129769749
stage1_soc,88,-0.286243070039391,0.9084507042253521,0.32551138695842735,0.2242421712944975,436.2987762186613,19.249273928159162,1.9837679794305827,1.7265094672345438,821.4094061985907,269.8924139403371,0.8107972881378239,1.2577095031738281,0.8431372549019608,0.5754472057272506,0.3741357925110588,145.18366835657795,52.725100405284095,1.7841230327383146,1.5151697605775267,590.016825952592,178.506595717398,12.806833164349017,8.326558245156713,24.132864780281306,11.704395491360232,0.1892693174298634,0.16073731525943513,18.301879212357974,18.14712177282816,0.6705030931837856,1.409001111984253,0.78125,0.5016714921972498,0.31226171624257404,240.2962044250506,29.12180456569927,1.808819538111385,1.5886252555064857,947.7921414989053,313.7529435017927,11.16492189020277,6.949523194708876,18.92230649910302,10.889888534586824,0.19188925486079814,0.16852986719198787,19.44801113694576,18.03236824629404,0.630748552340825,0.6705030931837856,0.8011297129769749
stage1_soc,89,-0.2113455143612875,0.9106514084507042,0.35102447951525306,0.24002153744077762,455.5630720545778,20.42980655672992,1.9866360592967596,1.729970277415437,826.7882649634057,270.32405683714376,0.8053440645961283,1.1553469896316528,0.9019607843137255,0.5664056880026753,0.3587251958601615,130.45453019607834,43.01934378783325,1.7676073038317353,1.5064694201756341,562.5029608013359,183.44772176860775,12.605610171346903,7.983588571645669,20.35315105571069,7.921836840320817,0.1875172405385028,0.15981433659761812,18.249835152656942,18.24817945060926,0.7320390779129229,1.3365483283996582,0.8125,0.4831626771807554,0.2975435470852972,216.8063542295355,27.84120034532301,1.7709278145758673,1.559795497218147,929.0927223616338,301.9068538593034,10.752999990805463,6.6219638026292955,17.043268373609415,10.388629133279,0.1878694980849433,0.16547145217644554,19.126430647737664,18.729479061421806,0.6675511968457734,0.7320390779129229,0.8011297129769749
stage1_soc,90,-0.26554171020436174,0.912118544600939,0.3117469569037202,0.21482988884861082,423.1659727999466,18.597382560252548,1.9893466313675598,1.7338811425713383,826.5582241086842,269.1770613820706,0.818594457529823,1.2102692127227783,0.9019607843137255,0.5630655783744277,0.38934192959876623,142.84902014006727,57.32515909081483,1.8246790061205718,1.5554745405839354,596.8945998520194,185.25495269158213,12.531274547967616,8.664977580272561,22.340617578101625,14.862739427067448,0.19357171208477802,0.16501306197700621,18.78188571141207,17.687076441760258,0.7330411108013972,1.474311351776123,0.8125,0.5279811829723966,0.3371731289425952,296.3276755922942,32.022348181636204,1.8041545233390919,1.5813636467792094,939.6645641518844,303.062658988906,11.750455744584926,7.503937749444992,20.02530254908364,11.4092882117138,0.19139436513315589,0.16775951688428242,19.34447920053725,18.678283100869916,0.6541056451082811,0.7330411108013972,0.8011297129769749
stage1_soc,91,-0.4439401669961186,0.9198943661971831,0.29889377331594097,0.202846237525856,410.83935784209115,16.900365145332646,1.984436573876991,1.7273994271622009,819.8509351281351,270.1788005358896,0.8302262342024008,1.3376202583312988,0.9607843137254902,0.567678224043543,0.39377985938506965,165.55747387344786,46.14211251732167,1.775400854251932,1.5235771721995928,590.1097178158115,176.10223021964785,12.633931026168705,8.76374567889675,24.32617483815302,12.313010093435295,0.18834402206719697,0.16162921846894532,18.462845840914923,18.206304290920954,0.7904808465124273,1.4641358852386475,0.84375,0.5046231385528558,0.3227155973272602,237.26532737053242,30.23369849198035,1.7832181446404636,1.5621624290943146,925.7404938243246,310.49647891583845,11.230612090902643,7.182178961630743,19.806438010274285,10.161667390901123,0.189173322058755,0.16572254897435956,19.108817792422986,17.794685270249897,0.6923630584341433,0.7904808465124273,0.8011297129769749
stage1_soc,92,-0.15434309203579952,0.8949530516431925,0.3426756030791353,0.23497331070875205,438.7993677148236,20.207095444867974,1.9801311271949127,1.7275736936943429,816.3577782906001,268.941625419692,0.7921503707194519,0.956657350063324,0.9019607843137255,0.49678958954283176,0.33849571846133353,139.3420935073485,40.26786389056344,1.7620695085019549,1.4974693572331292,569.1318893587148,180.62190677118338,11.056272978195786,7.5333725666494535,19.074816304144914,10.638900684866494,0.18692976157942837,0.15885956176499955,18.127459490780588,16.469399054016627,0.752923907450876,1.5270709991455078,0.7890625,0.4990852868563111,0.31457256759858865,244.276058123464,28.79564391450455,1.7522582239744,1.5352843324653804,926.7860252062513,298.1409691231028,11.107364741605112,7.0009522180659145,18.18866458294073,11.224499034879848,0.18588892802055076,0.1628711766701949,18.785587096923358,18.003789785429944,0.6393369139431067,0.752923907450876,0.8011297129769749
stage1_soc,93,0.10196111585612588,0.9019953051643192,0.4067318041415006,0.28894849040920184,526.1459914294998,26.390085913451856,1.9757446887220416,1.719170846835808,812.4170770905863,268.2992553497961,0.7799757639218691,1.3238824605941772,0.9215686274509803,0.5920303444893112,0.42570537288545396,177.21529113846375,43.638089516905744,1.8080143960569002,1.5291146856239612,569.8422722569388,193.90240190453,13.175898283361207,9.474262162452996,28.350782150164164,12.80040164965828,0.19180384108367057,0.1622166675219853,18.48007913552989,17.59320850377766,0.743959524104187,1.4458118677139282,0.8203125,0.558644882060031,0.37279308307734027,244.0767516547379,30.60260941142613,1.7749045652964255,1.5420695370994508,921.2673888043803,290.4576227158992,12.432889987915438,8.296675650307549,25.859590327400927,12.09540327688282,0.1882913730793564,0.16359098748264844,18.84016183743808,17.98302406617387,0.6527190353819907,0.743959524104187,0.8011297129769749
stage1_soc,94,-0.20407230837244383,0.9222417840375586,0.33498951914966474,0.23430158421863143,441.1971755627345,20.99712107775329,1.9769435283686434,1.7209788461957327,816.7025869376905,269.36091328746,0.8217449282926592,1.2655458450317383,0.8235294117647058,0.5462392726237832,0.35738967517938686,148.44873466546488,34.19222848079174,1.7266935307804383,1.4659004408281808,558.9884000742969,171.52689755544634,12.15679763961511,7.953865965686356,23.252215691178083,12.078718927661411,0.1831768885802558,0.1555105622003258,17.74880493277521,16.28784364159332,0.6596576299775709,1.4731196165084839,0.765625,0.5333989027463103,0.34915639480277605,255.04133379098434,33.89704813061063,1.7326472889249471,1.5026156841777265,914.4333026058994,286.1061933001573,11.871029504584365,7.770630653864301,23.257187042287,10.630568255320462,0.1838084951003645,0.15940551166318556,18.356232572802465,17.53719763547126,0.6056053291761069,0.6596576299775709,0.8011297129769749
stage1_soc,95,-0.27583678507469067,0.9084507042253521,0.3404422320060225,0.23394808082062776,454.1674214766807,20.070088153311303,1.9773830257656746,1.72054823479628,816.3443487062731,266.8304547437565,0.8063180346235453,0.8898595571517944,0.8627450980392157,0.47726089693900176,0.3225451518653655,139.65701561517844,41.41654739312835,1.7491684289976084,1.491976693382158,560.6203568873494,179.34595610239072,10.621653250085316,7.178385622168182,18.33000670153389,10.264455090735073,0.185561146037176,0.1582768705946774,18.05973827834814,16.223518949947945,0.7195668289575152,1.2629525661468506,0.71875,0.4517677657231396,0.2840247801923397,245.7823615289661,25.517719046618286,1.7355541288327239,1.5186156532727182,903.9669669889279,289.81055534135993,10.054292291392692,6.321097640690031,17.37321045624835,9.848527692876717,0.18411686823110002,0.16110287399411186,18.58471930848263,18.08707198935565,0.5832196702830581,0.7195668289575152,0.8011297129769749
stage1_soc,96,-0.42237102635589563,0.9278169014084507,0.29567401622507056,0.2020901957178855,399.3180022111487,17.121701924885663,1.9833429955764272,1.7279307122441077,820.3182891596693,269.987021224222,0.8391146965409296,1.0303694009780884,0.9215686274509803,0.46697013561157935,0.3299744908570075,132.9254764723225,39.08044109200504,1.7715956072271895,1.5030144346037917,571.9433076385315,180.97442144003938,10.392627785815533,7.343728861374819,19.588245217499498,11.482498310405207,0.18794034110248253,0.15944781324193397,18.190007540172925,18.322340305568122,0.7814775867675066,1.21665358543396,0.796875,0.46348812218166896,0.28261188600845344,248.18573470004495,24.09793753934362,1.767994304713308,1.534248251002282,908.1087867990732,311.77543648661936,10.315134030299719,6.289653053051375,16.495208432785766,9.47709918137133,0.18755829566270438,0.16276126360493873,18.743346070929327,17.46755939087381,0.6578285633454993,0.7814775867675066,0.8011297129769749
stage1_soc,97,-0.4485417344200779,0.9218016431924883,0.3084016356742681,0.20857266528300172,411.68169225703,17.323538275525408,1.974294426656538,1.7183148824022136,814.1947524279043,267.6852768820281,0.8292811524902078,1.1183792352676392,0.9411764705882353,0.5020557140507985,0.33563704474591743,144.137529241236,33.418503947307045,1.7612740504368056,1.5019900656725262,562.5441741861564,178.80330978028758,11.173472918216325,7.469751513353389,20.891623352999222,11.164523843038952,0.18684537513170466,0.15933914270472363,18.196822204344162,17.43581198297715,0.7905597563729957,1.1784956455230713,0.84375,0.4764532623433007,0.2846256795874069,196.93387353066652,23.25219932061475,1.7615783668736824,1.5440230681560934,899.3954441351206,310.5651392303101,10.603678983424611,6.3344709236334396,16.756318391094233,8.293032278387315,0.18687765864760203,0.16379822850968753,18.898829207853986,16.754028219185656,0.7008140212970098,0.7905597563729957,0.8011297129769749
stage1_soc,98,-0.40432430936696945,0.9244424882629108,0.29981879000772127,0.20606899805019388,420.6491550975287,17.77577172613924,1.9779897188096969,1.7233963634445362,820.0598707780599,268.8693389339944,0.8344968512605944,1.0766818523406982,0.9019607843137255,0.5505549773985131,0.3536192636717768,146.1290630051881,39.18716201983604,1.7800371668624428,1.5225431777025555,581.1246477203396,180.03950652188462,12.252845566317088,7.869953782851305,23.21743202285667,12.1028310246252,0.1888358669159438,0.16151952680021545,18.430264337069378,17.535572451631477,0.7367942910941716,1.074474811553955,0.8203125,0.5033916806714829,0.3038847295811138,218.22873391662003,23.580648289873118,1.8027052020829828,1.579408545512706,938.8905270233612,321.0896284226433,11.203205448766406,6.7630896356863515,17.380321128043676,10.05404749741233,0.191240613379579,0.16755210928097977,19.32052105514942,18.092800207650733,0.6692949957985551,0.7367942910941716,0.8011297129769749
stage1_soc,99,-0.2952992448784376,0.9250293427230047,0.30311680981086314,0.206883618171423,421.5074998049764,17.537009918814363,1.9735818370545117,1.716839516508552,817.0624466629133,268.1683803583602,0.8340942997797458,1.352234125137329,0.8627450980392157,0.5627990358805465,0.3837690544223376,160.5180866248975,47.11179647150151,1.7344016367125341,1.4663839069578577,559.5456975199791,172.20287538158948,12.525342526374025,8.540950767873559,22.32662258120077,8.311553498606514,0.18399460570047352,0.15556185087419264,17.779163701186395,16.954830160356405,0.6939053872750518,1.4361870288848877,0.8046875,0.5182252997805725,0.33534717351540166,269.61673647080283,29.76236599829252,1.7541275641335752,1.531754458323121,931.2526909150938,285.7844122285246,11.533334230803888,7.463300300363889,19.341466184474356,11.229100828189301,0.18608723762671525,0.1624967087342626,18.736932674425805,17.688403081155418,0.6492199100658282,0.6939053872750518,0.8011297129769749
stage1_soc,100,-0.3125125032635362,0.9241490610328639,0.312161290685219,0.2124054645472496,456.6105984789639,17.863551333917982,1.9757885987976747,1.7197659766675764,813.9178796763077,267.42096033505015,0.8305006738272982,1.0871403217315674,0.8627450980392157,0.40229296523744784,0.28385157225763097,148.05273578130385,36.66472135305021,1.7474429453381204,1.4787127327027858,560.817675075969,182.69388067708292,8.95320863097428,6.317242821167964,15.679421963876157,9.464063629669148,0.185378097498216,0.15686975867574865,17.880296179283526,17.246215543276197,0.7420572084679814,1.5418701171875,0.75,0.4892901077561639,0.31152065211608715,210.83111643527954,25.171123589682942,1.7361580752894865,1.51120899990201,896.7884891020572,302.0335491929494,10.889368679929973,6.933030483409656,18.202186957583205,11.319115172897273,0.18418093810270533,0.16031713657455623,18.471541339972536,17.986932935537162,0.6032129676731508,0.7420572084679814,0.8011297129769749
stage1_soc,101,-0.31223156418598874,0.9216549295774648,0.31625098316580447,0.21372294412939366,437.13057061920324,17.769122159395906,1.971792088395588,1.7175349741468415,815.4548675362944,268.4316658223598,0.8267796346277234,1.3861184120178223,0.9019607843137255,0.4892782561511138,0.346946432456082,159.64255365526415,39.23420455377406,1.75762808268697,1.4921081216238878,551.4488429632357,180.06336162714655,10.889104917195363,7.7214469602223526,21.712469856910552,12.967009943540178,0.18645859136471093,0.15829081320577912,18.090335404568695,17.032357488680354,0.7551773074683914,1.4006978273391724,0.796875,0.5051908832461441,0.31496467644865334,250.03705276483205,25.604780399327698,1.753378714183492,1.5256157703697681,891.9673201546892,300.63435887319673,11.24324750123138,7.00967877469016,20.905283888362217,10.147101708243305,0.18600779561721884,0.16184548387054748,18.650906220067803,16.82576593693382,0.6453177350261567,0.7551773074683914,0.8011297129769749
stage1_soc,102,0.19018320004704972,0.8918720657276995,0.3668187576384498,0.2558607923611206,474.98714201088626,22.41268213557907,1.9624183560201673,1.7034996606418704,801.3379043407575,266.1581833224477,0.7818264384361646,0.969145655632019,0.9411764705882353,0.5837141608613805,0.3694615475833416,159.8185869120623,31.152215299372987,1.7924512247811384,1.5211915570658212,576.2039858241022,190.29635870703748,12.990817922857241,8.222530848094413,24.93259168855308,9.43243363756811,0.19015281660253577,0.16137613965109815,18.345164551258506,17.90671270374727,0.7660622223298211,1.011106014251709,0.8359375,0.4950123409975986,0.30281610268684744,222.82192633640827,22.3877774719695,1.77558507021862,1.552856184542179,920.0625207244304,312.61513918026105,11.016719522407229,6.739306869494082,19.000140985484155,8.154129571153184,0.18836356468260795,0.16473529275833804,18.983131472695074,17.42958314101843,0.6874337977007204,0.7660622223298211,0.8011297129769749
stage1_soc,103,-0.11137424654244257,0.9175469483568075,0.3360159838140329,0.22925744799848158,422.90114179257677,19.604852921917214,1.9618808459829558,1.7075783898085852,807.3267982474828,265.9618548454097,0.8167421532125976,1.605964183807373,0.9215686274509803,0.6068373789634643,0.4241140986628392,140.25879685078016,63.26484748902806,1.714564350824506,1.4459998734368413,553.2229025616837,177.93097534374752,13.505435412539871,9.43884764781998,23.257376786877167,13.269515427444256,0.18189016027221988,0.1533994035316073,17.509871540611982,17.069038102614233,0.739517413761941,1.9679268598556519,0.7734375,0.5582743536781921,0.3846298220814788,290.5722345475454,42.551683437495726,1.6940149561678564,1.47710690042004,880.623155021806,286.4449423767295,12.42464371419712,8.560107534461654,22.01576585472496,14.850426316045212,0.17971017053558638,0.15669940339503932,18.073570174111566,17.226922963637996,0.6059551938965424,0.739517413761941,0.8011297129769749
stage1_soc,104,-0.1394046254700898,0.9175469483568075,0.3351335459836513,0.2319772726707032,429.0091848511447,20.482023642576387,1.9744986237908155,1.7193141892729868,816.2588586389024,268.90018315947924,0.8170068845617121,1.038166880607605,0.9019607843137255,0.5499070647079977,0.3531828905437507,124.4016734360583,33.4169611144638,1.7497331520795074,1.4907576182820634,573.8786012971428,173.74744275952435,12.238425981601218,7.86024210505982,23.36571489010565,9.347130692843292,0.1856210548833075,0.15814754458528413,18.071449290895433,16.99695944965775,0.7369886649013262,1.52818763256073,0.7578125,0.4919307752892019,0.3227385952031909,198.37637449505428,32.77639279777993,1.7476849300860129,1.5291656674817204,929.3832542156327,282.22676537462905,10.948137908803702,7.18269078957473,20.565540800869634,10.911899092642749,0.18540376853503443,0.16222207595023957,18.70747913282415,17.812933640321397,0.6102332674132395,0.7369886649013262,0.8011297129769749
stage1_soc,105,-0.11640098341194118,0.9193075117370892,0.3308068881235837,0.23157770531853916,458.8119735338664,21.0644922625451,1.9701456573941978,1.7142876643427738,812.610058645783,268.02030120921006,0.8200654453000141,0.8957957029342651,0.9803921568627451,0.45461212480265006,0.3218525253309339,108.72932521781273,37.31230484927366,1.7373067186845879,1.462134980505296,548.0645557176736,183.4239490995305,10.117594766108432,7.16297091099506,19.696339532000376,10.77108772396314,0.1843027923399815,0.1551111020218269,17.665026161384187,17.147560461142415,0.84400851942195,1.1384942531585693,0.828125,0.46960587717116115,0.2899638695362228,238.60804198664115,28.86150550678132,1.7548011116967293,1.5317020430229604,926.6854670003813,310.9057922894012,10.451287384961983,6.4532747120499465,16.43795996089939,11.018814277694064,0.1861586911560938,0.16249114823876862,18.72969723503416,17.57329095255561,0.6872432368486516,0.84400851942195,0.84400851942195
stage1_soc,106,-0.34817166227689933,0.9262030516431925,0.31045282833130444,0.21382646360731095,424.997078389849,18.642234229952788,1.9679845877743638,1.7161862630688256,813.8426410115558,268.08266017812934,0.8330672031438011,1.2647334337234497,0.9411764705882353,0.5356347892587484,0.3747669868171215,184.61657752445186,48.34481762098489,1.7707218472515103,1.5015954151384385,565.4121517127935,182.00221188288293,11.920790152049886,8.340605754800652,24.097882400075378,12.522096839992795,0.18784764796912812,0.15929727606445312,18.159313233545063,17.97322911632725,0.7804860338106108,1.3413010835647583,0.8203125,0.5441834751776967,0.3435515411092638,243.25652466789802,24.52093448701858,1.7563455282046039,1.5321241980418563,910.8835486071823,288.00014761295455,12.111044954312812,7.6458921453634545,20.07127633694177,11.054207489034207,0.18632253112279398,0.16253593270195296,18.722261315956175,17.647479169065626,0.657057457446691,0.7804860338106108,0.84400851942195
stage1_soc,107,0.05219889400710522,0.909037558685446,0.3600099171479532,0.24920127465867353,451.47664712618234,21.59637448198904,1.975451761220148,1.720283553445263,813.1419859062588,268.6992837952424,0.80103458354106,0.9569175839424133,0.9215686274509803,0.45128533525298664,0.32757061060664117,133.41232354268172,37.64734635456943,1.7802673761136645,1.5111988243446046,573.2160228455358,181.59669812740958,10.04355558699452,7.290229438652615,19.513562320061297,11.51299585131984,0.1888602887450695,0.16031605709698143,18.29513002848136,17.41776907434245,0.7861830268750843,1.0710117816925049,0.8125,0.4274096934060905,0.2705757264902786,208.2360910821812,24.666183974653038,1.7742906839887331,1.559342436492443,936.378218225826,314.1615166055438,9.512192572661148,6.021782976779221,16.88693610820124,9.738552419994498,0.18822624926560713,0.16542338907051912,19.08434449939473,17.851921585773095,0.6842770919781729,0.7861830268750843,0.84400851942195
stage1_soc,108,-0.2625844249143287,0.9203345070422535,0.31992545561396923,0.2218575044645777,429.3322355117789,19.671543742626938,1.9728695333922526,1.7173686067178433,815.9377052526899,266.1662202732198,0.8243568703580627,1.1197081804275513,0.9215686274509803,0.5168944023395813,0.3430134250106765,139.91391591434825,37.764024169154276,1.7604054550521802,1.502271490755911,561.5480993716296,183.41517522268654,11.503714517099494,7.633916132570156,18.404272960797638,11.221744397556213,0.1867532298858028,0.1593689977833603,18.16877428023138,17.438113223100203,0.766500306749106,1.5735411643981934,0.765625,0.5046452104676006,0.32820882012129005,194.3656221084584,32.17561598137529,1.7681088098384394,1.5509592317976058,909.7480183084976,315.26403033096994,11.231103311169147,7.30443307487964,18.69355301331472,10.368143458404107,0.18757044297904873,0.16453405386137082,18.98444062240401,18.307866683236874,0.6142314368597198,0.766500306749106,0.84400851942195
stage1_soc,109,-0.3468618062740201,0.92018779342723,0.32043067237860634,0.21872724940271518,421.0350979558197,18.754148827787375,1.9596334791184162,1.708215105976347,811.8628673956615,263.9541860180821,0.8240585917136481,1.2457034587860107,0.9019607843137255,0.5332363257879413,0.3327784521468714,146.58813468259396,32.59608678767755,1.7743799308805366,1.5023127745690883,559.3354067638548,186.37044788450567,11.867411282162784,7.406132265338174,18.921396224962297,9.556722509132094,0.18823571705341344,0.15937337739115506,18.159808967196632,17.08687273590178,0.7419898865773431,1.5118980407714844,0.71875,0.4974159994685674,0.31075147463525354,251.6848534791461,29.551186298262472,1.7502630034266062,1.5387666397728026,919.102204397084,309.02375224087484,11.070214009330433,6.915912096922124,18.067184367212505,10.79125839032093,0.18567726434922682,0.16324059846177685,18.836757033892326,17.782014431339846,0.5695252001594298,0.7419898865773431,0.84400851942195
stage1_soc,110,-0.08916544438527783,0.903755868544601,0.3319354857936548,0.23141947970995455,437.5577994881948,20.67635624166128,1.970365647717095,1.7162539064353348,814.3876934945685,267.71296123862567,0.8041752228065046,1.3239027261734009,0.9019607843137255,0.5176604658117471,0.36397643642974836,144.67397456306622,47.958012496897176,1.793077574012298,1.51191079130798,575.0724183432685,184.87282440701833,11.520763599940953,8.100457263006447,24.614851909896906,10.147052754760848,0.19021926308031725,0.160391586361902,18.205896824820304,17.009571432198957,0.7466626445702014,1.3690693378448486,0.828125,0.5297464380829285,0.34955375172830827,202.02444600936252,30.376287104694786,1.7895809862856678,1.5678889462724328,939.448422042083,293.18734606256083,11.78974228115699,7.7794740087391565,22.554627526641497,12.435674116282815,0.18984832634545698,0.16633004855687955,19.175562477505036,17.81091343452033,0.6692010685751214,0.7466626445702014,0.84400851942195
stage1_soc,111,-0.2546847269568645,0.9228286384976526,0.3181015541953553,0.21792338679991707,429.89801495162396,18.862994058827645,1.9743288237073324,1.7200347235761206,813.7288662239483,268.8416873396544,0.827398172239046,1.373481035232544,0.9019607843137255,0.588605130889489,0.38552089483824137,172.77974605102972,52.79620622355634,1.7757340293372428,1.5048897486618336,570.8549227515836,183.8100367780315,13.09966863329323,8.579938754458166,23.908795974697597,10.939272531565663,0.18837936706293115,0.15964675659125416,18.175680408997344,18.0464070248472,0.7253792450468788,1.286776065826416,0.84375,0.5199792711181456,0.3219521089577029,259.0647074955266,33.02467995006541,1.789122349010102,1.5675399079918861,925.8693962859179,302.3546840018773,11.572369641996753,7.165187188841642,19.564201370685836,10.577638916364403,0.1897996716492834,0.1662930207085172,19.180504467688813,17.607599067661972,0.6877562186645563,0.7253792450468788,0.84400851942195
stage1_soc,112,-0.3485921921444611,0.928843896713615,0.31599883211759094,0.2134687277061281,407.57545396125175,18.05311330985289,1.974088223938668,1.7198408053112693,820.8246754522178,269.3043187659164,0.8340442470783377,1.3868789672851562,0.8235294117647058,0.6103842584742052,0.39278136197404534,168.57176764061882,26.747238201199586,1.7409539038389181,1.471796203879457,563.1108232687317,174.61922190675782,13.58437279149664,8.741523675503995,25.50148872205552,13.92810922762799,0.18468970525575779,0.15613601629063623,17.80596759937267,18.07259798792887,0.6404141342224443,1.5701231956481934,0.765625,0.5763784012839851,0.37420345697501034,244.27064975506119,36.583787287885144,1.7393484246556967,1.5226769647561014,898.9920710051076,309.53619962998766,12.82755733508056,8.32806414785701,24.77756529855504,11.915846703839389,0.18451938743373528,0.1615337196466957,18.628928081206354,17.370397048810197,0.5927114796148045,0.6404141342224443,0.84400851942195
stage1_soc,113,-0.4182052985883095,0.9238556338028169,0.3186297525112836,0.215380322601468,432.89781276963333,17.968920049873745,1.960976335792632,1.7074673333212251,814.2579543121587,266.103689069216,0.8282667080494318,1.0264767408370972,0.9019607843137255,0.433181722381119,0.32232992511753944,127.54403494284355,48.1447034352224,1.7473099771347158,1.4816031886593384,566.1270676966647,178.98004867535172,9.64065164130769,7.173595655296363,19.469479237694767,11.964435962213242,0.18536399151974003,0.15717639370927444,17.93695421121047,16.45409779661792,0.7720062675993898,1.274888038635254,0.78125,0.4429540598495095,0.2766970122229395,199.1906580412189,29.519921669040826,1.7419253348392434,1.517690823879093,911.9035902111052,282.1284000069927,9.858139352322338,6.1580149096989825,17.0457208240517,9.581702986815234,0.18479275985400462,0.16100476314365003,18.545528728321358,17.565494860313354,0.6483637820451471,0.7720062675993898,0.84400851942195
stage1_soc,114,-0.4571609817480257,0.9306044600938967,0.30167721162805206,0.20275982203744428,397.1682018854168,16.94515804162113,1.958634829309812,1.704738494572205,810.5998215133225,266.6034096383148,0.8401012966054812,1.1281869411468506,0.9215686274509803,0.55516982411076,0.36940738010932417,171.93815391889098,34.311877668402495,1.8042347529834866,1.5453946682094943,581.2514540129414,187.13317229743146,12.355551029710725,8.221325326900168,23.101245945689442,13.918708268517749,0.19140287632310948,0.16394373518222652,18.701541366852197,17.674854055863687,0.7550176802177524,1.1684908866882324,0.8515625,0.5098625075318027,0.3140619652967871,201.55913322007007,25.650967883281506,1.7745130479606275,1.560869381763041,908.8111895347355,320.92588178778146,11.347216574740633,6.989588537041099,17.19025100493803,9.725169135852578,0.18824983882552487,0.16558537559488748,19.115521813895096,18.223796998040967,0.6986037477404592,0.7550176802177524,0.84400851942195
stage1_soc,115,-0.22176000154074368,0.929137323943662,0.31356012369712316,0.21705905733496977,421.3590850016581,18.779497369587105,1.9605271239402824,1.7082555394071377,808.3985955359001,267.35647440924276,0.8350692868345251,1.175574779510498,0.9019607843137255,0.5176115731874343,0.3730798319128214,174.30314280809833,38.404685268961025,1.7568022435319268,1.4844353711415155,561.142881945963,180.2835886538634,11.519675472869853,8.303057373008656,23.557738439383996,14.178791035578964,0.18637098192841442,0.15747684678084076,17.956667451015615,16.832542159527115,0.7466773123574952,1.170002818107605,0.8125,0.5064644739703588,0.3039595157297299,197.8891608644959,21.818186212301505,1.7416517788291503,1.5113072888925672,913.044262198317,282.5302127290068,11.271591828499535,6.764754034642151,18.321130053214834,8.597666297920812,0.18476373956876696,0.16032756359657896,18.462905178197552,17.56599848589519,0.6605606578088924,0.7466773123574952,0.84400851942195
stage1_soc,116,-0.41769073826606284,0.935005868544601,0.29969709603752137,0.20506202693332584,425.0709834357438,17.386981836189168,1.9698085713164535,1.7168801729364442,814.4341243545294,266.7956117486486,0.8450967397333445,1.1444485187530518,0.8431372549019608,0.4956270008586836,0.33292271576675714,167.94030691102432,34.349427968875126,1.7444696481890973,1.4690951597968154,552.2122246839364,178.8670546360747,11.030399050633957,7.409342916277431,17.98042634262619,11.51507756774327,0.18506267422774342,0.1558494750821609,17.740315478006192,16.44131660934528,0.6944491546443557,1.3282198905944824,0.7890625,0.4450238650740043,0.27063442932376347,214.2952877454482,23.347685814374028,1.7453631981846973,1.516166117042303,902.8777799461433,299.93344007295565,9.904203786955055,6.023089434412924,16.488479696130454,9.042717783582352,0.18515746679229939,0.16084301408431695,18.518643054914968,17.272708623550642,0.6555553404777987,0.6944491546443557,0.84400851942195
stage1_soc,117,-0.17123012727415057,0.9231220657276995,0.31154713084331,0.21678482378031821,418.00818232708923,19.135967559203742,1.957569506819139,1.7019441002195437,806.5093915155783,264.76209785060934,0.8296579264747065,1.0677510499954224,0.9215686274509803,0.5250106251065838,0.3390263516967203,155.69948518839553,34.80678584592371,1.7706699866803584,1.518061558222946,567.7045466049275,182.92436474650736,11.684344659825324,7.545182044998503,16.937711240278407,9.908627552138512,0.1878421463222555,0.16104409262649466,18.41057777917668,18.219051764075257,0.7640654399190052,1.2738962173461914,0.8046875,0.46996750424184747,0.2848093972152128,127.50241289817727,22.741494185451902,1.7474957127488018,1.532054170500487,910.2675502086754,300.6274509460107,10.45933555604683,6.338559641043555,16.064565545617178,9.173244173552956,0.18538369534747803,0.16252850380567563,18.748286405347226,17.445494983225288,0.6636972487274457,0.7640654399190052,0.84400851942195
stage1_soc,118,-0.48640894749914537,0.9329518779342723,0.2963426973013816,0.20060338876779932,414.2385964689026,16.801112701343264,1.9624409905762599,1.7074399941765235,811.2994020399843,267.23881131207565,0.8440490687438578,1.2026488780975342,0.9411764705882353,0.5836224780457263,0.3790184378843097,166.54902318418252,36.130836218863834,1.7566145112072993,1.4927938882553695,570.8649279391134,188.48945459526502,12.98877748107138,8.435223686701221,22.073224450175157,10.957131229791194,0.18635106627893858,0.15836356299930515,18.074801941441613,17.113852166922292,0.7660897271745174,1.368301510810852,0.8203125,0.49503309963163333,0.3085407500166184,245.57274701884674,28.889125141638623,1.7502249715528673,1.533694417681545,909.1836653033411,305.42517100721403,11.017181515028195,6.866711438579543,18.256210836816138,9.71871563360314,0.18567322972456754,0.16270251000293803,18.771984132707885,17.44790647825262,0.67180257011051,0.7660897271745174,0.84400851942195
stage1_soc,119,-0.41251300254338225,0.9248826291079812,0.30565101621153823,0.20801012929102095,402.9493472692482,17.437154695985953,1.9594767410791585,1.7061360505591403,811.3316645617441,265.2924620386127,0.8331873242445198,1.2318265438079834,0.9019607843137255,0.4457033381157729,0.3168436868079737,143.54592386927962,43.26582465090117,1.7732994829949422,1.5091251027861647,566.4221288775448,182.96454795296876,9.919325761306471,7.051496984851572,17.368138076163287,10.860565826587418,0.18812109736067228,0.16009606561842118,18.290148378050258,17.28004282123554,0.7682497828789936,1.310340404510498,0.7734375,0.4473976868108561,0.27347200811891526,223.21574150607313,27.574459434482044,1.7378564841225543,1.5092371078208089,908.3283609876987,295.9543008028274,9.957034244107671,6.0862410108886085,16.886383200567955,8.40817401774958,0.18436111439921232,0.16010794771178963,18.439888754653325,17.44883854122176,0.6392181939567432,0.7682497828789936,0.84400851942195
stage1_soc,120,-0.24813246237280223,0.9159330985915493,0.3254345043730988,0.22560460441770414,447.7045990508681,20.003048897899454,1.9589551123573175,1.7067929806854951,809.0290763762214,265.76822657676405,0.8183027472796196,1.299481987953186,0.8431372549019608,0.5396654755942344,0.3580664775754307,156.54853232925495,39.19497382250041,1.7703583594350307,1.5126264747962648,568.2971214722928,180.4762851181243,12.010494866787623,7.968928503630929,19.963173685845547,10.788926065599927,0.1878090872366804,0.16046750989567063,18.322429269860898,17.357566628980827,0.6812376122236905,1.2145335674285889,0.8125,0.4690222612277871,0.2918922668595769,203.5796809087494,33.43521406043297,1.729887176863959,1.5105534917674959,903.0929026583248,306.7346275060837,10.438298752912932,6.496192051032523,16.29812381977335,10.019845682821188,0.18351568764469742,0.16024759676428946,18.47279812666889,17.471755412526726,0.6717933216316638,0.6812376122236905,0.84400851942195
stage1_soc,121,-0.3412441488163012,0.9219483568075117,0.3103850943793686,0.21240952579269598,381.62479953355006,18.14944583628281,1.9522595721813405,1.7008389497209015,807.3512662558749,264.9759328075497,0.8288328284937012,1.3290228843688965,0.9411764705882353,0.6168085459114545,0.40242423460471866,156.8940577985633,39.346437581706894,1.7751067225139194,1.5112951676562136,567.6387844946428,183.3019511165858,13.727348161938654,8.956130089049834,25.074538972375407,10.170288103244257,0.18831281899864927,0.16032627771097083,18.272620139454055,16.454972334386486,0.756133906814799,1.3640148639678955,0.8125,0.5694953714100389,0.364971646666163,251.4846036861767,29.594607801718013,1.7517501650758096,1.5411452734842896,918.1162923485734,290.2596049076975,12.674372447946638,8.122606108868172,21.801096887964583,11.987323378058253,0.1858350304141717,0.1634929366529933,18.876201783065063,17.340247014432187,0.6416513885769883,0.756133906814799,0.84400851942195
stage1_soc,122,-0.21934101894987582,0.9213615023474179,0.31426756494417707,0.21754989010624,460.2721765604908,18.713243817857865,1.9478197454723032,1.695615225908182,801.7771205788171,262.703351679723,0.8270812328641648,1.1349425315856934,0.9411764705882353,0.49203696778863615,0.36601913168880285,146.25204933518654,64.23131459680714,1.7518769547858875,1.489578464269346,553.8049600545286,177.84096424961547,10.950501270046963,8.145918353316645,21.775683437161877,14.962785309581639,0.18584848094501694,0.15802245361844133,18.037656885562082,17.118977050769185,0.7935653802516445,1.3509697914123535,0.828125,0.46591827274017233,0.29968576498322363,248.91372922806536,31.818358514693216,1.7410782132141873,1.5156820146366954,912.6579118375012,282.8433931690856,10.369218110398204,6.669639813473339,16.88423603609101,10.438417236548753,0.18470289265941525,0.16079165791089495,18.524048386903697,16.80812793042861,0.6883495181779483,0.7935653802516445,0.84400851942195
stage1_soc,123,-0.31441098801406897,0.9297241784037559,0.29681630230183464,0.20343918157414864,413.84790587991955,17.430224946148925,1.953714204854608,1.7016787518273155,804.2582484365494,265.26508468096233,0.8406792877132054,1.0150775909423828,0.9607843137254902,0.4464578659016233,0.3083119545971938,130.34894317583513,44.811243222326134,1.7680374066309124,1.5082211504306864,561.2962784560207,185.31368969808815,9.936118112325085,6.8616194948943985,17.43713330214091,10.536430273827822,0.18756286814474477,0.16000016951587046,18.273568558644225,17.39527504785685,0.8268469539550032,1.2809720039367676,0.828125,0.41506013916193396,0.26111411751298874,162.93760726800588,29.05001960985085,1.7556862634590409,1.5465368991717696,897.714298679374,299.69291064991353,9.237347757559283,5.811210666352726,15.447335036115792,9.434412338287732,0.18625259279112705,0.16406490915431818,18.942724721076036,17.660517596672918,0.7036069582514198,0.8268469539550032,0.84400851942195
stage1_soc,124,-0.3365062992897392,0.9244424882629108,0.3070300338102429,0.20873827879196044,417.4745119626872,17.677870980571413,1.9606148846976519,1.7074348535907249,808.7466521022154,266.6452807127015,0.8323334781198379,1.5681560039520264,0.8823529411764706,0.5706204881202805,0.3960425760962215,150.17741194945842,58.050362338636376,1.7715848506688698,1.5088621937103717,556.4097974507961,186.55618049201283,12.699412420084961,8.814103444352027,24.363248292436356,16.35948356869882,0.18793919998922204,0.16006817481694147,18.29014095822671,17.66954523696658,0.7111667947403864,2.001485586166382,0.7421875,0.5218349951430722,0.3332242747546843,297.4110470636742,31.471702360715458,1.7387663069221886,1.5221486664377153,872.7991308289672,313.85166866702457,11.61366960444296,7.4160542454995655,20.43053520707477,10.592722871584243,0.18445763326988943,0.16147767493437182,18.634077898634157,16.976344696180362,0.5856370014570783,0.7111667947403864,0.84400851942195
stage1_soc,125,-0.13141485810839515,0.9156396713615024,0.34841223896747525,0.23891493580082734,448.5516269713316,20.74794105624288,1.94147350613585,1.6869671732495937,797.543683905566,263.13061057621644,0.8111159996712598,0.9546521306037903,0.9215686274509803,0.5133711051307409,0.32821581874261885,123.88098449465794,40.04680575353117,1.7834811590336122,1.5209914046686654,573.6043851769468,186.81902129933786,11.425301972746258,7.304588832305945,16.117592219301176,7.623082895968684,0.1892012240328633,0.16135490641387376,18.394429488838984,17.681020432290563,0.767557295911758,1.2515246868133545,0.8046875,0.46449715437506894,0.28356396313574805,206.46274654784247,30.044180091075873,1.7798141877871054,1.5566826611757278,927.6602313370332,307.6138808847021,10.337590489953564,6.3108419524108665,14.705113070234338,9.216640879287183,0.18881221210256158,0.16514122587354563,19.035067864667198,17.462267446155092,0.6653383536874793,0.767557295911758,0.84400851942195
stage1_soc,126,-0.3976113103644949,0.9198943661971831,0.3167783099509013,0.21747559358967314,386.58569625997035,19.196659364129637,1.9556153521966575,1.7010914401665407,811.9073266456171,264.6321839510108,0.8248608732119127,1.3820407390594482,0.7843137254901961,0.4999480783693812,0.35135493859393047,159.6894493635231,39.78594201192423,1.7577041042115402,1.4836659382882655,561.1207979395854,180.7267563043615,11.126566549961346,7.819560222480846,23.46798343833091,9.059896526123614,0.18646665613479765,0.15739522122684566,17.916267749404994,16.54286878889454,0.6343293019793816,1.4286282062530518,0.796875,0.46796823571805496,0.2997679164636793,183.83460967074274,24.35848920865771,1.747093898188944,1.5103271049447358,904.1085426518217,291.5208334093737,10.414840947019082,6.6714681311607436,19.88510270662253,10.609607469140503,0.18534106870902198,0.16022358043882723,18.431747693843167,16.82424900978768,0.6564845292845836,0.6343293019793816,0.84400851942195
stage1_soc,127,0.0010422048434405259,0.9329518779342723,0.30940005109479213,0.2181899107197691,433.313545118976,19.5280387590229,1.9411531030906641,1.687475593965498,799.1214230294175,262.6786810503988,0.8401318626058346,0.9859962463378906,0.9215686274509803,0.539200221375641,0.3477199590381454,166.4960416179946,33.791298816347286,1.759282150781105,1.4961810986712283,558.6029473986729,181.12470745212974,12.000140427497222,7.73866213788953,20.594161702493505,11.990956465581327,0.1866340637583827,0.1587228964038053,18.118574052982446,17.46444074492799,0.7598085610382881,1.0329874753952026,0.8203125,0.4851809209974501,0.2799501269528264,216.6578054674245,22.984096602714352,1.7385609629018939,1.5121631547808647,888.6068540027597,284.8878684339823,10.797916903405154,6.230414422974043,15.759928163809644,7.673590909764512,0.18443584927750417,0.1604183584294,18.48192675526874,16.708837403949623,0.674758223700765,0.7598085610382881,0.84400851942195
stage1_soc,128,-0.43910419773048076,0.9339788732394366,0.2984362785295014,0.20138903188138235,376.49775850955615,17.126764990477984,1.9490559762167539,1.6964117612753544,805.088466542615,263.66236834346466,0.8444479896805862,1.1554319858551025,0.9607843137254902,0.5275865324763575,0.3420702774150699,145.00767401650748,29.455583961623915,1.773767385533249,1.5095864918229043,563.4965822566911,185.19838800135742,11.741672622500575,7.612925963904681,21.074818543397566,11.777878936969802,0.18817073496549208,0.1601450122361436,18.27168892360059,17.701322596435233,0.802508353982583,1.1205981969833374,0.828125,0.5107696187769167,0.31613689203913964,243.782711285327,31.125455959749132,1.759922460726754,1.5407966440543532,905.7408849903212,307.78034188531024,11.367404738419348,7.035766953328606,18.615177952674713,11.001771572210401,0.18670199126345535,0.16345595217769132,18.845940662479443,17.525963243044473,0.6748941143669249,0.802508353982583,0.84400851942195
stage1_soc,129,-0.5342356668951366,0.9333920187793427,0.2917629138368027,0.19616237091132277,396.2382702489547,16.365540434044,1.9530048010430858,1.6977560717099156,806.8380583631692,265.908610893852,0.8458631446283019,1.4059432744979858,0.9411764705882353,0.6036522562354284,0.40778544017424184,188.43669600300092,47.977457168234764,1.7748511752971434,1.522830356387239,566.8117696904275,174.1398703478512,13.434549091466542,9.07544610032821,27.192766797979772,14.180919722609763,0.18828570918256435,0.16154999225166303,18.462992284367658,17.045109205907867,0.7600807937176067,1.2997016906738281,0.8515625,0.5525124813979196,0.3411955806059268,239.94529761328647,29.601054015700115,1.7617562112018244,1.5430526891723275,918.2623031355375,308.96324740855465,12.296410687303755,7.593459197896275,21.140033545818085,11.045527797578565,0.18689652532550405,0.16369528551498624,18.88290176001864,17.597153111260834,0.6858087555806242,0.7600807937176067,0.84400851942195
stage1_soc,130,-0.339446345475358,0.9242957746478874,0.3093526211581898,0.2146458317816518,420.7552632548885,18.912937118182676,1.941522504130198,1.6873131176459406,802.5567848255654,263.22552113760617,0.8314899883004304,1.0400686264038086,0.9607843137254902,0.49971394158144816,0.33766202530001893,152.78322588519737,39.97393048135253,1.8029322568394153,1.5427325482973282,576.3827765835362,182.98107913025783,11.121355731747526,7.51481835503638,21.510558906494143,11.143765830190585,0.19126470056301909,0.16366132325802263,18.710628041838675,18.06198614361738,0.8108701312510558,1.0806509256362915,0.859375,0.4641470480881964,0.26825213110532786,212.62588295850074,22.634107359608066,1.7719955289641622,1.5578669770620763,918.7667992804745,304.97239016768265,10.329798719029766,5.970070329397595,15.100449422447038,8.335136938584732,0.18798276694015922,0.1652668644395623,19.081543701428007,18.008053421921588,0.7201308855735411,0.8108701312510558,0.84400851942195
stage1_soc,131,-0.4072580506823992,0.937206572769953,0.29844476050206153,0.20153674643951033,392.6250728609664,17.08182898406518,1.9437801587959682,1.6905449176279739,801.4128228617927,264.39626567040096,0.8476731446193345,1.0565603971481323,0.9215686274509803,0.513508992559729,0.3319240280372255,144.530322780731,36.10068808573473,1.7510184332525653,1.4647488709100907,551.2620537418021,186.53172156618322,11.428370718724928,7.387116677261759,21.793279467432978,8.307444352111576,0.18575740438716248,0.1553883975018324,17.652376285977297,16.733814403199236,0.7675159296830616,1.1962268352508545,0.8203125,0.4960415239780184,0.31052398807332793,221.69740678869437,26.209042237086596,1.7434816661800447,1.5194316301494837,893.4422919224459,289.9979508712504,11.03962444677673,6.910849282441982,18.654956320766086,12.093355328996498,0.1849578638099331,0.16118943718715967,18.576307514561933,17.492952368037542,0.6715000428065945,0.7675159296830616,0.84400851942195
stage1_soc,132,-0.28870265766488556,0.934712441314554,0.29762726812471996,0.20267031499149962,397.50610617783195,17.168051760428018,1.9500795315650983,1.697793999909215,803.2595333451306,265.3178199748015,0.8454242608771381,1.0918498039245605,0.9215686274509803,0.593353667543669,0.4077427428142697,161.39303692748229,45.050096186269236,1.7706849220630267,1.5059524024745412,568.7241828677812,181.79382673179074,13.205349425726697,9.07449585161681,23.75738861669911,15.36996646392911,0.1878437307475621,0.1597594885935347,18.223951889306278,17.567857378283534,0.7435625271878796,1.0781105756759644,0.8515625,0.5014417821813707,0.3070706151320337,207.91824022977661,26.863771744676182,1.7544508168563713,1.5330333597958088,900.4059152123939,303.13605215779705,11.159809591767287,6.833992933721794,17.374435041973246,10.455270192822429,0.1861215300051434,0.16263238144536715,18.74953529106829,17.2898413283678,0.7011299653455888,0.7435625271878796,0.84400851942195
stage1_soc,133,-0.48718474686425617,0.9401408450704225,0.27733219292918176,0.18592525755639785,386.5084247058597,15.590409076663462,1.953779305040772,1.70031860788147,806.1273049930074,265.31628450492803,0.856941187191668,1.2240241765975952,0.9019607843137255,0.5134031189073113,0.36807584521525044,154.1391861035219,46.04937005888176,1.76632851228715,1.5018037532401436,559.9847971358024,180.0320725242472,11.42601445356364,8.19169142639428,20.520309188397,12.047024321461011,0.18738157948915957,0.15931937768501445,18.19552474286781,17.250631328081955,0.7479398486415321,1.3757338523864746,0.828125,0.4996584597162486,0.3208828518672817,250.02386779751373,29.507527632056544,1.7539237293285526,1.521684289444238,901.9289313760428,296.54925106383155,11.120120958193695,7.141390397354027,17.67871645562689,10.260356842804985,0.1860656137399613,0.16142841133821123,18.582336558921213,17.541543702909383,0.6782274620851254,0.7479398486415321,0.84400851942195
stage1_soc,134,-0.47910688320795697,0.9279636150234741,0.28965573287768315,0.1973403331878063,386.32735214087216,16.75661616930728,1.9536594733074415,1.701106674824292,803.1916672505665,262.6220385325309,0.8410668951601692,1.1598141193389893,0.9607843137254902,0.6419199593154757,0.4229612324532925,164.8506097616853,35.87257455961528,1.7851245967388736,1.528424262817876,577.8448109383603,183.95811469044074,14.286213821178173,9.413190098248913,24.13265719924161,10.125871954549453,0.18937556869800445,0.16214342377654406,18.5043533750208,18.61512041949343,0.7682083259308475,1.3022422790527344,0.796875,0.5394495244314097,0.32625463783006126,222.15621296238663,27.350384493693596,1.7713133056285484,1.5646551102399826,936.934983969613,316.13316508684943,12.005688777738243,7.2609418799839,17.66212840939841,10.826265822802707,0.18791039303841758,0.1659869859276154,19.17866640885549,18.234502991009887,0.6350401426705771,0.7682083259308475,0.84400851942195
stage1_soc,135,-0.6898828339128987,0.9442488262910798,0.2688566403686149,0.18035967237726805,375.63896844957935,14.952297453044249,1.9494620870941668,1.6953587748296532,797.8553973789504,264.7372913513686,0.8635918341804953,1.394497036933899,0.9607843137254902,0.5248798188866552,0.35062264360706596,164.72573821714101,31.509165450370467,1.7416130398957137,1.4851073118328464,554.2431415490707,181.4823262400002,11.681433509299591,7.803262672278978,21.769027618522944,10.314720918141889,0.1847596299354317,0.1575481298446586,17.996462404446454,15.984837922544115,0.8033203680594937,1.0492428541183472,0.8828125,0.511714416251646,0.30825788025140355,256.26036645364206,25.6898882158603,1.7448201631542117,1.5284038670361042,916.309493724204,290.30630770033946,11.388431625877535,6.860416046310208,18.70094486886979,10.362762666864215,0.1850998587307058,0.16214126008288413,18.70561283876642,17.204446742752886,0.7292981751245062,0.8033203680594937,0.84400851942195
stage1_soc,136,-0.4089672349988015,0.9401408450704225,0.2920967791985888,0.20136445945023862,423.43750673959255,17.734011347382555,1.9424745930932807,1.6905550276329757,794.9350369811871,264.0585085298272,0.8525118113108459,0.9995837807655334,0.8823529411764706,0.4961798792242634,0.3195695287237565,121.14950472077714,32.873724507423766,1.7192012966201944,1.4650689969387125,553.477425346994,171.1453098752765,11.042703604236243,7.112161807445855,16.587684016238303,9.617484649083401,0.18238207229263823,0.15542235818381278,17.759956500019037,17.164783594977937,0.7334989774091916,1.3730874061584473,0.7890625,0.48159535773129153,0.3201506651475938,247.64974104771994,34.50504389492515,1.7098751985895186,1.4975173869170249,879.3492837979393,287.6988330020927,10.718118600289097,7.12509525668627,18.119168756321564,11.188630321420526,0.18139270991338527,0.1588646570108545,18.321303621098252,16.749327739884244,0.6445838926806126,0.7334989774091916,0.84400851942195
stage1_soc,137,-0.5427802904670787,0.9341255868544601,0.29789372838198847,0.20452354409443071,401.57106714832577,17.83341588520982,1.9522730994482886,1.6997479083395137,801.9379518928913,263.8122795044331,0.8447574683398635,0.9421029090881348,0.9607843137254902,0.4551448312807306,0.3223210771148111,133.78771758288676,35.06431265718414,1.7690265925300859,1.5002668591617954,562.9835952046251,183.04172073424118,10.129450385394518,7.1733987390655605,17.99256865588748,13.059216176680783,0.18766780627766066,0.1591563357378879,18.148898305140023,17.597119425101614,0.8242408643412711,1.0940302610397339,0.859375,0.4835418088551548,0.29686797404247045,190.65066277101494,27.389620723433794,1.7519914565131776,1.5317903626710176,887.607376714956,298.8092803428242,10.761437734621104,6.606928624486619,16.901336673639456,10.05961491684157,0.18586062790090005,0.16250051765959705,18.743501317965702,17.150700213903043,0.7143124573434536,0.8242408643412711,0.84400851942195
stage1_soc,138,-0.5534266432126363,0.9320715962441315,0.28338280622555023,0.19244688296010948,386.5091140546143,16.618510565655484,1.9496078597233413,1.6966437382132067,804.0502650327015,265.49222981952425,0.8470567543764664,1.3833922147750854,0.8431372549019608,0.571636564977456,0.41151908814322713,144.0971757795019,66.14762593228322,1.7628496774944284,1.498823304788447,565.9046507168791,180.9158351749595,12.722025661860208,9.158540094281618,21.708826381139712,13.843892826808988,0.18701252608051705,0.15900319576609057,18.153928091613565,17.197472514722108,0.671646285408724,1.7643780708312988,0.78125,0.503591867331439,0.34145601433374395,221.343765259369,37.27077138639605,1.7344302655422024,1.511569110210985,894.8896333147266,306.7029029850784,11.207660691802205,7.5992552661877335,18.000522007299022,13.505829022558727,0.18399764279990596,0.16035533900293616,18.495161846950914,17.512772147416506,0.6301724398005684,0.671646285408724,0.84400851942195
stage1_soc,139,-0.28702442047181825,0.9401408450704225,0.2979919063413454,0.20483551020336396,441.6720214917969,17.467190237712565,1.9400548344602886,1.6841807343199506,790.9671929516879,262.9045855030214,0.8507432731680189,0.7735643982887268,0.9803921568627451,0.46278298774421517,0.3154606539390835,131.00248965118274,33.58908826462063,1.7829904971556205,1.5124263422673239,566.4730089875234,183.14889021250164,10.299440950189105,7.020716974041889,19.08795122812246,9.275605463396765,0.18914917199551376,0.16044627876617282,18.284335609703756,16.616902125492825,0.8415572605394805,1.1258964538574219,0.84375,0.4998024174934724,0.3191306858770986,222.61900517387505,29.754784282143873,1.751338488965902,1.528823062311858,919.9104787035395,299.8782845728921,11.123324802468664,7.102395164969222,17.149136698306133,12.41523556233739,0.1857913576097212,0.1621857305606796,18.706523207932843,17.243294950971936,0.6938092747519583,0.8415572605394805,0.84400851942195
stage1_soc,140,-0.586600360176373,0.9411678403755869,0.2875607748011264,0.19182667585470747,384.7190737279248,16.1029026915773,1.9403065147872816,1.6883085816054022,795.0678278085417,261.6256387122629,0.854899607935249,1.5112278461456299,0.803921568627451,0.4893765048115226,0.34959354456148894,154.98796870943508,36.6355430077853,1.7228981878169911,1.4507810822231513,552.3065264719121,184.38371593447917,10.891291484772639,7.780359615916687,19.402155744627535,11.184441032410243,0.18277425829135618,0.1539066197419634,17.52318919127366,17.286816875093,0.6571086171839943,1.3963072299957275,0.796875,0.5006059555941793,0.31665824201081705,213.62724183874298,32.05787127013641,1.7394504218615476,1.5091084376908839,897.9060043716959,295.8217862220714,11.141207899813702,7.047369828520384,17.26467144915372,9.984286056479286,0.1845302078430775,0.16009429769594563,18.446562402081383,17.053811480170097,0.6466932133217462,0.6571086171839943,0.84400851942195
stage1_soc,141,-0.4174690821640928,0.948943661971831,0.27602772743342113,0.1857841839024468,383.3354253410014,15.66301416260519,1.9476041172028502,1.69332306674607,796.161236384532,262.681424083096,0.8661353437418047,0.8980083465576172,0.9215686274509803,0.45636560811821886,0.28761377813769323,136.07008679100923,32.922298370500506,1.7533273087755392,1.497631603413645,557.1307485438518,183.06160751173303,10.156619316154822,6.400972384117181,15.86451701223317,5.751024235986765,0.18600234225649373,0.158876773707942,18.183775241964355,16.494200979301887,0.7846589450155147,1.0541273355484009,0.8671875,0.4556154811255675,0.2862728804739163,207.91693773903285,23.90265420761481,1.7423445126703925,1.524175192695111,905.2521860509366,300.56617765750866,10.13992490674359,6.371130111012815,16.08534180102639,9.915278488156972,0.18483722848118306,0.16169265968287444,18.646421773188866,17.52054272193586,0.7305028556623298,0.7846589450155147,0.84400851942195
stage1_soc,142,-0.3107929124798573,0.9438086854460094,0.29254948184895413,0.19781935966899947,422.10030268284436,16.500026911795807,1.9401523797023579,1.6870231096158783,796.5090794751502,263.8023753593731,0.8560438408913231,1.2706527709960938,0.9215686274509803,0.6281589927488264,0.3961305613172989,162.8601295643212,46.70592291850428,1.7501122275297947,1.4946295465251394,547.5083957831068,177.78323388684564,13.97995739792117,8.816061594528188,25.87203968081527,11.272467170994235,0.1856612692353526,0.15855829945042343,18.12833765073581,16.64505129662309,0.7331209296263325,1.3975179195404053,0.828125,0.5726122095550913,0.359910780824066,210.1119668706653,29.65519183270677,1.7302043126425342,1.5043006003834307,868.934248503594,297.737166973106,12.743739065295172,8.009974291627916,23.609190324560316,10.516972277724241,0.1835493311049533,0.15958425658958825,18.389793878968717,16.281918590614325,0.6563413371334726,0.7331209296263325,0.84400851942195
stage1_soc,143,-0.24020821205886878,0.9322183098591549,0.30701656735050253,0.20872979630349137,398.7604982744061,17.98717128974669,1.944523522782239,1.6926515293848003,792.6906465295779,264.4612368196047,0.8401133396540041,1.1636722087860107,0.8627450980392157,0.5705698645640266,0.38249851675594554,158.66989454802044,40.646080848410854,1.721808678507994,1.4513357723971791,536.9573572703473,180.9585877746564,12.698285770354667,8.512674387763344,23.59768580573689,15.538070044181648,0.1826586773143364,0.15396546424354593,17.522203008644887,17.171574657464227,0.6915741386700077,1.3431129455566406,0.828125,0.5091575437511674,0.31870030268146365,195.55712486362683,30.26492070747671,1.740965353713274,1.5143074640072882,900.4206906675266,312.6701644644176,11.33152729267331,7.092816795783694,19.38166390720494,10.149519303031008,0.18469091991969308,0.16064583822546588,18.50280647745838,17.3026176224311,0.6753777368746497,0.6915741386700077,0.84400851942195
stage1_soc,144,-0.5328824956652144,0.9360328638497653,0.2854176561301945,0.18954864816350464,394.2215464490182,15.456482841836593,1.9387298965498323,1.6862123002042801,795.6472650181655,262.60686989917906,0.850407567010707,1.0395135879516602,0.9019607843137255,0.4650088688505295,0.33600996898523733,158.2614080019172,36.174605076593515,1.7531283818892214,1.4922012369349307,560.8900386380823,178.4098620799902,10.34897892289716,7.4780511079441325,19.467123664662175,13.037003550473633,0.18598123902801628,0.15830069137619676,18.067046826344633,16.858069883305166,0.7624581236585667,1.1537444591522217,0.8359375,0.4994594174712571,0.2931757412134175,227.21419246355498,18.371948769551636,1.761131998117783,1.5350071131251752,921.4526749101004,302.7790172579398,11.115691184621259,6.524756342868095,16.497107860649287,8.581593646541432,0.1868303054616385,0.16284176775929796,18.75947049702513,17.910899418395605,0.6860996747586229,0.7624581236585667,0.84400851942195
stage1_soc,145,-0.7189474492005898,0.9476232394366197,0.2688344945242295,0.17876742368526025,385.4067396604214,14.608627679593637,1.9393050398314395,1.6871928877361582,792.2344324219647,261.9174827186621,0.8669728910793509,1.2434568405151367,0.9019607843137255,0.6392416681694328,0.4412657444675763,167.98773292544456,63.75609749863577,1.8009544950439411,1.5386188238786132,568.9983822116558,187.13771261972954,14.226607262085446,9.82056514358516,25.02623685006266,16.842985480189014,0.19105488900955592,0.16322491736081846,18.648076862628358,17.895641095619027,0.7101882838628957,1.316267490386963,0.8046875,0.5259170909172207,0.3318668248812173,202.30663665361652,28.156254852735472,1.7727231561165517,1.562538608442992,921.7717709476013,312.2138242634418,11.704518459073062,7.385843595616423,17.76335556661133,10.083897686020915,0.18805995752172175,0.16576245609245,19.143242321193743,17.96586339304411,0.6469123727248338,0.7101882838628957,0.84400851942195
stage1_soc,146,-0.7201474966577521,0.9421948356807511,0.2801759351444673,0.1874143386400002,389.38625980033373,15.594831214122921,1.9484512380940309,1.6972953435103928,803.2187984086576,265.33673852111133,0.8581420551374109,1.0172293186187744,0.8823529411764706,0.5140374366523096,0.3379342336134583,130.61707570973124,37.54504748737432,1.7560218274627661,1.4919781612926255,565.3675642049152,181.0530335313333,11.440131476728455,7.520876471960871,19.023490182249237,11.640196551463172,0.1862881912161088,0.15827702631847396,18.07302902823395,16.28467579385208,0.7281417101807777,1.1916534900665283,0.8671875,0.44492601207751914,0.26556925705335743,191.20857646342267,21.36573402490506,1.7342922575619883,1.5152984061278403,906.6519326322069,276.79467333925,9.902026025054147,5.910361775697828,16.025843560320546,7.6287518576422535,0.18398300217494024,0.16075096266774241,18.54419062700758,17.039157229212137,0.7337096963767442,0.7281417101807777,0.84400851942195
stage1_soc,147,-0.584773580233256,0.9328051643192489,0.2831144244405575,0.1894269908059382,399.47462706316776,15.847886634887221,1.9450551594825276,1.6919663538494307,799.2066005263323,263.69084421099797,0.8478708369870817,1.0101211071014404,0.9411764705882353,0.5018513969079874,0.3482032060696214,93.76379453379293,40.98426755655399,1.7500894365026085,1.5034047293239365,567.140541163269,179.14298653161956,11.168925749449917,7.749417015222643,18.025818812997013,13.876493951672405,0.18565885144124314,0.1594892177941553,18.246634663073035,16.918061654526795,0.7906210515158391,1.590590000152588,0.7734375,0.4780773853022429,0.3138861910538253,203.65259738452758,34.39311467850494,1.73793880780514,1.5209503616206348,888.3119167681302,305.7449348206444,10.639824561275274,6.985676603188964,15.413304263674592,11.750131007686452,0.18436984773594156,0.161350552347734,18.60214060357821,17.827665560970942,0.6300142844093272,0.7906210515158391,0.84400851942195
stage1_soc,148,-0.511663193154223,0.9424882629107981,0.3115961894782457,0.20462394768466186,385.98123965790614,16.804841723895272,1.9377198885936078,1.685636890255734,791.7497791802181,264.29909463102047,0.8490094060673244,1.1164288520812988,0.8823529411764706,0.5694296217996664,0.3592950301427467,142.91059199834902,44.42310381531248,1.7637801654714076,1.5048335087576918,569.4108694998253,183.0277111820122,12.672909161163279,7.9962704867123575,21.018287043540134,10.499731401365734,0.18711123722377787,0.15964079036130593,18.20289143162272,17.674480538500333,0.7115240546365706,1.3464839458465576,0.765625,0.48287944376050573,0.2895825165305723,149.50837811639195,26.019253683884536,1.768339873119212,1.5531790489330888,930.1773718263643,307.2456555631559,10.746696505231803,6.444787531520646,17.351381247079644,9.825463143271202,0.18759495540819873,0.1647695439404418,19.01946651937428,17.969467767592295,0.6207611668718482,0.7115240546365706,0.84400851942195
stage1_soc,149,-0.563331190968903,0.9398474178403756,0.2850998399415937,0.19500342380042168,374.30382960417376,16.886386077977726,1.9417403809592486,1.691990577693886,794.6521857394141,264.66661313208,0.8543174658578975,1.3086081743240356,0.9411764705882353,0.4699965209897639,0.34543920939276906,178.13207356744272,40.39241176931262,1.7762355797793625,1.516041601222812,569.2507158574955,186.90415660192278,10.45998133666031,7.687903041473261,20.85088930083269,12.393526111093129,0.18843257421742374,0.16082980477995185,18.351901566324738,17.382824496316747,0.8001775142913061,1.278915524482727,0.8203125,0.4975536365103855,0.2931293021665624,224.90609457726887,22.862753455535966,1.7679174725489175,1.5409473897889256,899.5224431973427,319.4708703624573,11.073277182831415,6.523722821253138,15.830139351867759,8.672678645167945,0.18755014489560817,0.16347194409179389,18.837681914408705,17.730741410177867,0.6710464090468844,0.8001775142913061,0.84400851942195
stage1_soc,150,-0.39466830832717564,0.9310446009389671,0.29200181882630755,0.1995984613393956,404.57946057174394,17.13595204866801,1.931406506944787,1.6804609326956583,793.0709662293206,262.4527399954025,0.8434440552910749,1.2000041007995605,0.9019607843137255,0.5311054276687026,0.3639551331015194,165.2986653586871,40.94444523131787,1.7480602910848622,1.4782051126673525,563.7308085327153,186.1063717693322,11.819987198021431,8.099983147974244,23.72275149234514,12.579171928196143,0.18544358883819645,0.15681590762632147,17.833470689357547,17.40247648330675,0.7426291560131147,1.4044363498687744,0.8125,0.5164291118296535,0.31905810467105766,351.78958471708074,22.589210173997813,1.7389859705204185,1.506411986425519,893.198082628553,286.21565318026774,11.493359270129325,7.100779837989819,17.86613189301698,9.238078722547714,0.18448093635972024,0.15980824371810126,18.39183459391765,16.49682182148952,0.657571266451104,0.7426291560131147,0.84400851942195
stage1_soc,151,-0.5258492200587277,0.9361795774647887,0.29368214882731936,0.19855127549998597,376.99288569674235,16.702354757659204,1.9427004449312115,1.6919459555939058,790.5659411232494,263.74373617572525,0.848074932816593,1.2973041534423828,0.9019607843137255,0.6087974605898943,0.40300226390507876,143.41899756127555,45.29158778865386,1.69690775298459,1.4534596927537053,536.2162066461044,178.8867627320779,13.549057899760863,8.968994387877146,19.724451961435353,17.520420007228353,0.18001705390008513,0.1541907810792005,17.653303795319808,16.115753027818847,0.7193215461367573,1.9454777240753174,0.75,0.5468982598338427,0.3567240430838865,264.52537492867134,31.534953751948052,1.7265567333944005,1.5100526013411582,881.4375525219411,320.00417846635725,12.171463692682487,7.939052027741978,18.728268767832365,12.083560517657656,0.18316237638159774,0.16019445962780254,18.46240025366432,17.237423528236825,0.5859305220498472,0.7193215461367573,0.84400851942195
stage1_soc,152,-0.30294099743937103,0.940580985915493,0.31621358806807326,0.21340333822756097,403.4510959516243,18.202159768598527,1.936754720653221,1.6873242864510272,788.6363963023877,261.6024135161631,0.8457169094950711,1.2066693305969238,0.9215686274509803,0.53881366012893,0.39006703514970986,167.18290507333134,37.560949429762125,1.7617534517929814,1.5045348637755596,572.5108503750765,181.8084349503031,11.991537335249733,8.681115126384618,23.76061687473606,14.25829064997436,0.18689623259264954,0.15960910850367344,18.23591433035575,16.766619634802755,0.7599245294123014,1.3618495464324951,0.8046875,0.5541890955310684,0.34549920781682886,237.11129134715102,26.462594647265497,1.748277629400006,1.5325887282378972,903.1460615896608,295.12716245726324,12.333724479551801,7.68923833305068,20.605734492407763,9.316520147763674,0.1854666452495559,0.1625852125506612,18.758940394187682,17.07500428248902,0.6384307713406795,0.7599245294123014,0.84400851942195
stage1_soc,153,-0.4805903655122703,0.9269366197183099,0.30779216343503235,0.20689025992019175,427.207782976868,17.436890259665425,1.9425552606038818,1.6912214337369758,799.2576276491138,262.73877822778485,0.8345989706878002,1.373380184173584,0.9019607843137255,0.5543508163190413,0.37851661023702105,141.54796842914462,57.696203743173236,1.739292988371934,1.470626304948739,545.7062085699773,183.3106768750704,12.337323647520925,8.424055289510099,23.43606178242799,10.035404044978547,0.1845135064561367,0.15601190715241214,17.77088237545326,16.26460112403328,0.7356555394180131,1.392401099205017,0.8203125,0.5148193153909577,0.30941891520524223,270.94079317594714,27.74759320335395,1.721057701848748,1.5119045646861196,896.0205661205671,288.12764430326035,11.457532535350268,6.886255394913872,18.059085268622177,8.756598054665552,0.18257900969215282,0.16039092580853898,18.510126924892297,17.526458203969263,0.6658667053827128,0.7356555394180131,0.84400851942195
stage1_soc,154,-0.5247699467229171,0.9397007042253521,0.2793423697822794,0.18860296799126028,370.97944075857896,15.812595099111846,1.932030212814003,1.6812519478439347,794.1713255451697,261.3272927155695,0.8558979932906683,1.3661413192749023,0.9411764705882353,0.5655366791119757,0.3763495199382305,164.00469030086663,39.041892030083574,1.7501651713943587,1.48774456959583,554.4663400756482,182.11554826475867,12.586269992489903,8.375825732337056,23.566005699038357,12.35829337741982,0.18566688580378662,0.15782790425904997,17.9822004778899,16.616988362023523,0.7715154668546426,1.5327935218811035,0.78125,0.5491783679758585,0.34545163047550886,281.9861376640227,30.23324093741777,1.7438940844633803,1.5224450575187802,904.0972109983387,286.9797911948319,12.22220851215653,7.688179478186803,20.62975978141781,11.073553036595415,0.18500161534811188,0.16150911768611934,18.61258505712067,17.1509407182453,0.6164964896072425,0.7715154668546426,0.84400851942195
stage1_soc,155,-0.3531223266897067,0.9424882629107981,0.3237601429905965,0.21696910416440132,438.6454261007605,18.402123735812737,1.9292730880917197,1.6771121829339743,789.6285816764215,263.17523766007736,0.8453602200136192,0.9429832100868225,0.9019607843137255,0.42322173255076095,0.311317748298832,141.06663471841944,34.2379762076542,1.7378550771696089,1.472062432115861,543.3948743537147,181.2778622767737,9.418987643626437,6.92851476883127,17.668705215483527,11.094757054293286,0.18436096514211583,0.15616425920643304,17.801420571091427,15.510251380375978,0.7749942645484973,1.155042290687561,0.84375,0.4506902888030206,0.2796103072596452,188.79338684149275,25.84654549120749,1.7290799415583336,1.5032092230394483,883.3380588388916,293.06398165782906,10.030312563944088,6.222851584761923,16.194785622623158,9.923131569275576,0.18343005180428876,0.15946847744142215,18.382737463469986,16.89494612924505,0.7085429133590938,0.7749942645484973,0.84400851942195
stage1_soc,156,-0.36387338282916465,0.9454225352112676,0.3067163523989949,0.20396072089119663,418.93255186059264,16.87799099774005,1.941370930670179,1.6895808136661645,791.7597851470156,263.4837997862746,0.8534076294915691,1.5388777256011963,0.9411764705882353,0.5992780078842103,0.4270965429570745,145.53750747532197,56.16562881734164,1.7366950580642189,1.4738154900351577,548.5102405200035,177.06305968118573,13.337198251466056,9.50522327032381,24.53013576533952,16.51331498513751,0.18423790410862545,0.1563502329704122,17.83890033612654,16.361195185030883,0.7613930682229721,1.5298351049423218,0.8359375,0.5383920644779127,0.34129933053009154,216.4183219736073,27.67336217484589,1.7620774035948317,1.5496500190347433,931.8463256671376,307.3440934505238,11.9821545367729,7.595768198541976,18.722864132479128,11.0781654013491,0.18693059913312418,0.16439516556642114,18.971626544867995,18.026709409665123,0.6744198806566262,0.7613930682229721,0.84400851942195
stage1_soc,157,-0.3643767917659921,0.9358861502347418,0.32280492427750385,0.2194588147073043,430.2412204197722,18.77796347251686,1.930524609028084,1.6770368563464242,785.7080197912325,260.78761312156365,0.8390446729514907,1.4523048400878906,0.7843137254901961,0.46420282636934557,0.3428829951832692,135.28145773530204,46.35876994361829,1.706857532744135,1.4401727574055685,534.8689804486654,180.43979604713252,10.331040089452216,7.631013358827169,22.271276890752425,13.736577386834483,0.1810725797742039,0.1527812318844811,17.421579683375672,16.47845142655059,0.6450528775793924,1.4758070707321167,0.7890625,0.4895112465121905,0.3031787522322702,232.39172363152323,25.484853277623625,1.694227103468481,1.455569548998028,870.3475294317873,282.3764430862446,10.89429022117028,6.747377796208354,17.25006075940776,8.923364038087888,0.17973267625635062,0.15441460591858122,17.759518291896818,16.97263996119544,0.6422091260463428,0.6450528775793924,0.84400851942195
stage1_soc,158,-0.6059193807028829,0.9470363849765259,0.27602249115423155,0.18753385295005986,355.5672811822723,16.1479188731872,1.943497791937628,1.6923182378188972,794.4747997829637,263.27746488696545,0.8642296376302564,1.0378782749176025,0.9215686274509803,0.5800842685699746,0.3610554082574798,159.10779675952742,31.256063231413332,1.6930878172428752,1.4424107844265652,542.386143240604,176.47303089270096,12.910033057594333,8.035448483576666,22.164758068590462,9.242306075002144,0.17961181467768095,0.15301865376564117,17.51614428290697,16.14019425136694,0.7475433468799879,1.1382439136505127,0.84375,0.5153802790654426,0.31326642658495985,229.82406738805088,29.852660589697727,1.7294957978675873,1.4997266200371087,882.341000974478,278.2170836420736,11.470017031093555,6.971883469648729,17.940514904453465,10.33745438314907,0.18347416806665243,0.15909902428094122,18.32708494297433,17.32842533006903,0.6891359162803672,0.7475433468799879,0.84400851942195
stage1_soc,159,-0.5848715490018818,0.9455692488262911,0.2855457071137678,0.1857609081645779,383.89275491334735,14.676462580692755,1.9388740520009387,1.6864940238227175,793.0721849066647,264.033363371115,0.8599055366921607,1.9995920658111572,0.803921568627451,0.6389212422165358,0.4346765960548438,197.48934606576123,48.40547029387696,1.6971726982652136,1.4337224619572653,532.6891349201682,178.82832192816193,14.21947604017762,9.673920718906176,27.827691223178412,13.777821022065853,0.18004516071306814,0.15209695003041665,17.395949378686,15.457767026386056,0.6122451959624903,2.4288618564605713,0.7734375,0.6543439959651628,0.4465183384290867,366.7950069279973,34.21920011393069,1.675348717977269,1.4292491702362895,829.3408060351346,270.78089108410734,14.56271627529855,9.93746395528434,27.690317562502987,13.85886636383099,0.1777299561128774,0.15162239930989024,17.418562274163286,16.161214269772913,0.5771343012104512,0.6122451959624903,0.84400851942195
stage1_soc,160,-0.562862904138968,0.9267899061032864,0.30017999141720625,0.20212980257041158,382.7989375128216,17.225142509449174,1.9396359857982528,1.689275184719965,797.2285774777172,262.179542168296,0.8367359086781245,1.3987147808074951,0.9019607843137255,0.5998979391799855,0.41727563884912755,180.4589316731771,46.206722475694164,1.8187863019301749,1.5472917554936572,574.599108000108,190.56712399139084,13.350995097813268,9.286654687173609,24.239686873049823,14.759710437341258,0.1929465824947964,0.1641449883518733,18.67727119918573,16.803635340181124,0.7219914025597298,1.4544284343719482,0.796875,0.5414543434386064,0.33304373756800487,167.38764052052818,27.21160059905822,1.7806755361722,1.5685076424852014,942.99583317785,317.55939705384014,12.050306915239554,7.412036310219399,18.452880368422242,10.31905494935134,0.18890358854797745,0.16639568316152192,19.21983654566933,18.67491589965038,0.634438696968418,0.7219914025597298,0.84400851942195
stage1_soc,161,-0.6376361970050793,0.9394072769953051,0.2844519515104567,0.1899915322726098,401.1913582008611,15.969949943294214,1.9371691029172418,1.6873531816247824,797.3136701692839,262.3387858610115,0.8540716915421681,1.5436673164367676,0.9019607843137255,0.5537482632349741,0.3948986215845627,175.25693432769162,44.13183289155625,1.7272668518230907,1.4564437911133556,545.6101219490961,186.7638661601064,12.323913560994292,8.788644228575832,23.881759741047635,16.054230622402564,0.18323770954406815,0.15450735019988926,17.593812142205877,16.7800858394884,0.7358363053432333,1.5229675769805908,0.828125,0.5438758122308239,0.335651976218287,185.72632595352496,22.906255785242706,1.7050392493540476,1.467927171383053,860.4038481855785,266.2928342382516,12.1041977787731,7.470083819903204,19.63532916063783,9.539189794212298,0.1808796865432883,0.15572556862179787,17.91208689184738,16.75996255819544,0.6649622563307528,0.7358363053432333,0.84400851942195
stage1_soc,162,-0.7008223659555677,0.9492370892018779,0.26656229025802075,0.17861181254153788,370.6443426310038,15.002623953434394,1.9423688094781162,1.6914009628155429,797.3915156719962,262.8097389695513,0.8692684021244717,1.1307586431503296,0.8823529411764706,0.49867547581507654,0.33288862326127644,139.95200047257535,34.48966937389726,1.7437107095181719,1.4827471981372904,553.4138343828001,183.85465913006084,11.098244214853457,7.408584172424823,19.55414179236476,9.833809664154716,0.18498216195275938,0.15729775635582519,17.94966755772959,15.856814361780316,0.7327502984319476,1.3489046096801758,0.7890625,0.49878768641645554,0.29524790729738015,227.19061827134067,24.063867103270997,1.7273016383147284,1.5062219905667007,903.6907928714293,297.4681915103091,11.100741511628609,6.5708733194769104,16.864206482782116,8.82335022500866,0.18324139988122948,0.15978808794080723,18.417860079316362,18.448174460685614,0.6394261940750634,0.7327502984319476,0.84400851942195
stage1_soc,163,-0.7579269831729047,0.9498239436619719,0.26212565766281487,0.17264181764463254,330.4585007131811,13.847303318569711,1.9369074450456494,1.6858656475655358,796.6480768276717,262.8321608657484,0.8711862463631275,1.523991584777832,0.9215686274509803,0.5295542473011422,0.36295763837794465,142.85480187743477,60.99095954340744,1.7824272682998972,1.5055022635223234,556.2078939702474,194.26071880590985,11.78546498994145,8.07778345983605,20.754715366214526,12.533262471819977,0.18908942166488998,0.15971173544497289,18.188637398332798,16.16073776388001,0.7627023532606376,1.4893641471862793,0.84375,0.4883177497331791,0.2982314273740485,259.3069873979585,32.486956238000076,1.7275189842209453,1.50463662808761,863.3067956529651,299.2791919052078,10.867728420228575,6.637272883996628,16.46043519727324,9.98924841434161,0.18326445709789052,0.15961990420639524,18.393568051225323,17.60278518613469,0.6972546750800462,0.7627023532606376,0.84400851942195
stage1_soc,164,-0.5113426684773584,0.9398474178403756,0.2867307546338988,0.19377503264804716,408.95926717781214,16.43629124735719,1.9306414153797695,1.6791878883456215,783.8683446523758,258.81853493104643,0.8538281914502059,1.1896567344665527,0.8627450980392157,0.5010810113801577,0.3343662587451,168.806376091315,38.88946917819203,1.7661307722250514,1.5079354536810927,577.0532725069717,186.77166573674305,11.151780477339898,7.441469606450233,19.451560931643392,9.06733995983651,0.18736060216534547,0.15996986127602644,18.268523991275345,17.29746836947425,0.7124207946251684,1.3803316354751587,0.8203125,0.4565138340156637,0.2747729664497456,161.628688703504,22.117079855787143,1.7610109256257862,1.53461585752666,914.3073735224979,281.0712062125948,10.159918149341113,6.11519441639808,15.069865056151833,8.573364614364944,0.18681746144387779,0.16280026127195782,18.750735390210224,17.294894176750812,0.6833583497953009,0.7124207946251684,0.84400851942195
stage1_soc,165,-0.6929730568693278,0.9490903755868545,0.27714531513583596,0.18256653083882954,383.4617963437284,14.880558261997187,1.9486590317118524,1.6971546409715448,798.5860219318537,263.3870706881129,0.8659467810461037,1.1706836223602295,0.9215686274509803,0.5306954197402303,0.33696654555844324,145.99809951162607,32.19823305673595,1.729894916409725,1.4903319493739628,552.7945033233312,177.62321986593238,11.81086228945685,7.499340144470934,21.919096120417393,9.145825286083294,0.18351650869712346,0.1581023873499315,18.101827109797505,15.993878206977788,0.7623600015289113,1.3191999197006226,0.84375,0.5164345652340211,0.31041895408816345,205.82610147219057,25.599028625423266,1.7332112166488347,1.510800251737237,878.3817403568879,290.90935206970937,11.493480638065808,6.9085117044483795,17.75078005588599,8.375393878697176,0.1838683195706625,0.16027377438219187,18.472422385309983,16.872218586810156,0.6888196304297937,0.7623600015289113,0.84400851942195
stage1_soc,166,-0.589677567773022,0.9338321596244131,0.29194245060943497,0.19372197070975838,404.3610666780584,15.95539700860575,1.927562254033895,1.6760321846181945,788.971832629473,262.42713578233963,0.8462494244415827,1.4475996494293213,0.8235294117647058,0.5673146947026155,0.3537760878931366,175.13512648952718,31.193275544886934,1.7667521337106726,1.498134425859533,544.3400768946573,184.9568417082831,12.625840519214693,7.87344397555551,21.938476116508777,10.372823938787512,0.18742651951639286,0.15893011580340027,18.150958553912016,16.37743868818341,0.6533350033539211,1.4767694473266602,0.8125,0.47613929815343287,0.27662194584809185,185.2527038785601,25.964449722795955,1.7210443390080323,1.5035645519383252,890.4224022642047,297.0510440984805,10.596691570923168,6.156344274183927,15.623360983227535,8.101413466761887,0.18257759209051058,0.1595061726322355,18.391085697860504,17.37369025362711,0.6696582105539701,0.6533350033539211,0.84400851942195
stage1_soc,167,-0.6098001576925107,0.9388204225352113,0.2889932445783746,0.19186962543447839,396.78702140268865,15.492500605073465,1.9336831340300227,1.6819170849935994,798.6157497152377,260.19976035412964,0.8521224491616989,1.3354761600494385,0.9019607843137255,0.5490373633530059,0.37800996655634805,158.8195520666089,31.70271986622956,1.727008626008268,1.4740359956654263,546.608561285462,184.7245516967551,12.219070391643818,8.412779709356832,22.122539858727276,14.660104566561927,0.18321031556797043,0.15637362538750707,17.870242094502547,17.039707498730227,0.7372495753078238,1.2413568496704102,0.8515625,0.4852562884815306,0.3007605306975165,225.77609366389913,24.389449591486766,1.725679266195918,1.5041549317538738,879.2589127304702,303.50179337066095,10.799594240239932,6.6935592018320245,17.66013500618048,9.487577083839597,0.1830692899662124,0.15956880328195125,18.394415361285667,17.25651464068129,0.7059856134555409,0.7372495753078238,0.84400851942195
stage1_soc,168,-0.39479852324360415,0.9467429577464789,0.3152637671303597,0.20884125408112697,409.32311151148815,17.387552624224085,1.937539047241856,1.6861940889368288,792.7462409227777,263.2656300604516,0.852163827607371,1.1777114868164062,0.8823529411764706,0.4838400943154753,0.3467594760963145,131.29985279728223,55.33125492537668,1.7502563130611326,1.4729964567677063,555.6781285023363,185.54412968522925,10.768076210032325,7.717286163393859,18.3911381157011,12.086794053442034,0.18567655459946003,0.15626334553908694,17.803919316679497,16.28411892421073,0.737200912881828,1.6530475616455078,0.8125,0.454248692470899,0.286016318916154,204.33545756498185,28.50795430787368,1.7081904837657569,1.476426207460463,880.8124663664855,283.27103803227595,10.109506418136728,6.365420219585861,15.748503071585809,9.633550912397364,0.18121398635065653,0.15662719184377613,18.025116641352753,16.97765276190049,0.6762253922587302,0.737200912881828,0.84400851942195
stage1_soc,169,-0.5645479565495056,0.9307511737089202,0.3019701846958222,0.201457733500674,394.1671385077871,16.76094343457043,1.9382477142440293,1.6880764169043925,794.9216373442275,263.0023366683406,0.8401601183001736,1.6189147233963013,0.8823529411764706,0.49503123378940844,0.3696186961788757,178.9107754628588,48.8887216352089,1.7617779718767315,1.4946016094775176,572.9490848519437,180.44169968071634,11.017139989880713,8.226028259889947,23.385898403432247,13.0732274832901,0.18689883381433076,0.15855533573893194,18.106398938452354,17.49200929791411,0.733843571039648,1.6833128929138184,0.8203125,0.5093504899455864,0.3148636629612156,201.58241626911706,24.9662649355057,1.7471013964036082,1.522154598031193,892.5889048538861,302.3322205004787,11.335821395932529,7.007430674659282,18.00583820547871,9.8592506129262,0.18534186415975346,0.16147830418954545,18.615499997437183,17.010028361286366,0.667507353016324,0.733843571039648,0.84400851942195
stage1_soc,170,-0.4437835972074052,0.9419014084507042,0.2850081661476294,0.19251605355814935,368.67196999787257,16.795038088262086,1.9334591877592489,1.6805676584707396,792.0912026086983,262.2910354352283,0.8563989586064155,0.9907240867614746,0.9607843137254902,0.3984338336547837,0.29456706584303405,125.65295808655335,34.908669015590284,1.7552888922681766,1.4897516274496037,564.6591119213731,182.90705288246662,8.867321943461413,6.555720890495761,18.078124812884035,9.895584837510322,0.1862104375290285,0.15804082369512884,18.02283440649159,17.439720302390242,0.8412541636290551,1.2501912117004395,0.8671875,0.4639683458017313,0.28438838248075626,203.78811213715537,25.693151533362858,1.7473641313035067,1.516147221904248,878.941398978602,306.06205519273794,10.32582162026889,6.329189771122817,15.95277862115024,9.054601762804886,0.18536973648372232,0.16084100958697187,18.52869582119039,16.900952786207583,0.7279969962594806,0.8412541636290551,0.84400851942195
stage1_soc,171,-0.7991345421249318,0.9556924882629108,0.25453343878382806,0.16850524439797257,375.3255278790806,13.887398232979235,1.9348601905772387,1.683946635418267,794.672922231375,263.3309766532508,0.8793324566277624,1.3659734725952148,0.9411764705882353,0.4905115179742392,0.35139394102289395,164.49883831512196,52.834936493106056,1.74192642012864,1.483661055382268,553.0420256238957,179.64936093836306,10.916551706856577,7.820428238861442,20.65703436349978,13.275322877292089,0.18479287498731076,0.157394703222051,17.996314593172617,16.508771276043497,0.7940230151959635,1.2370978593826294,0.8671875,0.4859669594104275,0.2852545690820989,178.6536006649515,25.68680835196239,1.7384188868692074,1.5107332919724286,888.551339057043,288.63473547442345,10.8154105374268,6.348467138676578,16.072961473071093,8.74701677532556,0.18442077709176571,0.16026667093206654,18.463950276965413,16.672915282814706,0.7213974121768718,0.7940230151959635,0.84400851942195
stage1_soc,172,-0.8776124321239095,0.9595070422535211,0.24806300042747412,0.16121354147132175,344.52793838158567,12.774883399945411,1.932712741899635,1.679979810862244,789.2079307022171,260.59866473319045,0.8850881421252789,1.1557921171188354,0.9411764705882353,0.45156796169928987,0.32268498713771504,155.15648423137495,44.33533572208434,1.7422817350743849,1.46919556323658,559.6147664889373,176.12248682078874,10.049845564093399,7.181497718266051,19.047970127146282,9.371747710755276,0.1848305686979012,0.15586012641626915,17.755887976394025,16.653268737205472,0.8057060820784483,1.3525128364562988,0.84375,0.469831504079167,0.2696519534638355,186.1336035794797,22.17426984324831,1.7230702165252847,1.497225312050432,883.8584373747102,303.0996733465826,10.456308812018122,6.001223997756236,14.790182001148704,7.287244519208961,0.18279250801718766,0.15883367214623245,18.299424159023083,17.39497500472733,0.7028005487762499,0.8057060820784483,0.84400851942195
stage1_soc,173,-0.7014886325513813,0.9570129107981221,0.27339503747102417,0.17973271394160767,388.2283429221706,14.833028048500488,1.943323731683859,1.6912455983899786,795.1750815509672,263.15465413623747,0.8749943995568149,1.121106505393982,0.9607843137254902,0.5554607211740051,0.36504360828913895,160.29517946095226,33.805253652342124,1.7519622136339628,1.5026304439513707,558.0385755653967,180.22529457192218,12.36202507306327,8.12420764675126,22.614946649569802,9.79961362695415,0.1858575256598062,0.15940707745894728,18.197285834922543,18.062750934257224,0.7941460973732887,1.233614206314087,0.875,0.5470507504974695,0.3297653361205448,222.99143123708126,26.086912410327763,1.7682250807902502,1.54708361485973,902.158910188613,307.4231135816349,12.174857440134476,7.339074029812948,18.890556982156028,8.329329343252446,0.18758277762373538,0.1641229076797504,18.91956566838271,17.94764945478545,0.7108847748507592,0.7941460973732887,0.84400851942195
stage1_soc,174,-0.7477849444872896,0.9442488262910798,0.2764540205437247,0.18356286318656528,383.9536960783973,15.145504817738871,1.94038241169461,1.689919278816418,795.4465055467052,264.2222265400146,0.8613126201279624,2.1907756328582764,0.7647058823529411,0.5669891988430613,0.3834328430832601,169.64730953647074,44.965839267760046,1.7286169278373384,1.4422016060162408,549.5514314371111,179.676011688472,12.61859646428227,8.533468235184769,23.295645265594068,12.309911049956881,0.18338093283136742,0.1529964630006453,17.372088038130727,16.732934501652057,0.5946091227000228,2.1360526084899902,0.7578125,0.5254672480395899,0.32515840383530303,213.06408753413416,27.553409863459343,1.7287138807835887,1.4984684148803353,907.3316609269777,293.4807947844991,11.694507006021157,7.236544705507724,19.45881251625967,10.243776301670172,0.18339121811866146,0.15896554714576644,18.317977657082494,17.431837851588508,0.6001723255881231,0.5946091227000228,0.84400851942195
stage1_soc,175,-0.5925798460911137,0.934419014084507,0.2797420795719071,0.1888596096594338,416.38030447509874,15.928840885401048,1.9437658690830517,1.6912255704291836,800.7894693133667,263.30602498734163,0.8504963902129349,1.1673295497894287,0.9215686274509803,0.44656882126462427,0.31005356424287256,147.96698597158482,42.62795822966432,1.7090617234795593,1.4504248299362028,539.6141762156282,175.80323364121048,9.938587473212584,6.900379791143363,19.95149634130778,10.791108410670402,0.18130641212114623,0.15386882659320275,17.56090900708263,17.7154758490221,0.7875979810715931,1.1869184970855713,0.8203125,0.46770796904193424,0.2754148706644628,163.6634948781095,26.520986980270482,1.7316406046724717,1.5111113023012877,865.528019503103,282.64761144241527,10.40904859653733,6.129480279816232,15.635048683207101,9.675457949458252,0.18370170064850377,0.16030677229033147,18.471627911090557,17.07479746540401,0.6800001092874197,0.7875979810715931,0.84400851942195
stage1_soc,176,-0.7120254648403382,0.9463028169014085,0.2956524348417614,0.1940212172634808,429.8020799648351,15.353684962290368,1.9405573799257216,1.6921902354144651,797.0125591437068,262.6805624160287,0.8576070864488801,1.2030189037322998,0.9215686274509803,0.4726241080715111,0.34006728001815434,166.0922794191494,36.51897516090422,1.7070495757583926,1.4465089485268383,538.6519979783654,183.91411407094677,10.518459454280512,7.568348367149296,21.37589711209801,16.108877014469538,0.18109295272470044,0.15345340894100803,17.50775089504258,16.57801518109368,0.779781395029527,1.397881031036377,0.828125,0.5342076258236058,0.3218003601923556,178.3549908931173,28.880262570136438,1.7354753321846101,1.5082271909341216,901.1788167631584,279.6734664201575,11.889027995886435,7.161809952665401,18.952450937630964,8.625796574732743,0.18410850906105927,0.16000081032479518,18.43548671026434,16.85298006590562,0.6678627122529183,0.779781395029527,0.84400851942195
stage1_soc,177,-0.7083005079641028,0.9518779342723005,0.28586184525515956,0.18853984949203043,393.201118013532,15.553671884755445,1.9418553219476415,1.693309713819022,801.367328264688,263.00066267107127,0.8661193806957527,1.1455276012420654,0.8627450980392157,0.45477719869997935,0.33330389879205646,155.96483604884685,42.738419249930026,1.7396568288292107,1.4701084235646562,549.6413210484915,185.19015501184114,10.12126855901566,7.417826313818516,19.579880027699552,14.86024355021346,0.184552104598607,0.1559569675242159,17.750519810905587,16.38982429500604,0.7263119384292219,1.3495492935180664,0.8359375,0.4558526365930754,0.29250767147277656,153.5199786415018,26.314585381363912,1.7252859692642093,1.4993162648752332,885.8278178871847,297.98209640044274,10.145202907012179,6.509888154048365,15.694988408204226,8.07240322757221,0.1830275669233248,0.15905549160972582,18.33015446303223,17.060815581319034,0.6991817090220773,0.7263119384292219,0.84400851942195
stage1_soc,178,-0.6785691447660956,0.9446889671361502,0.284592696191391,0.18903579420853897,408.1072497293028,15.20960774666342,1.9365520882828284,1.6843605207430583,795.5097151571646,261.57501442864907,0.859311158278733,1.3007789850234985,0.9411764705882353,0.6070419364215248,0.3890997433815809,166.47634097310205,41.01022208221367,1.7442098833980277,1.4997186331699293,567.4490297714509,179.66109609544952,13.509987929628895,8.659587618435355,26.01228668850637,12.715206857436145,0.18503511698881098,0.15909817699133635,18.19305815838642,17.336743205415637,0.7590638896617778,1.1909310817718506,0.890625,0.5320024885819604,0.3266534403501282,194.20389309726616,27.96539295085048,1.7565770946256183,1.5416731527075171,941.2829143386379,297.3701717000815,11.839951687100553,7.269817407207227,20.167738622767615,10.397927501812354,0.18634709692775298,0.1635489369054604,18.868547063497072,18.256471603178195,0.7310242534254119,0.7590638896617778,0.84400851942195
stage1_soc,179,-0.4350844702810189,0.9508509389671361,0.28809086716036936,0.18924121290521573,366.3687385428995,15.440562236529587,1.9412034919620647,1.69151409857893,794.6998204975946,262.94156073159405,0.8644236788190254,1.385299801826477,0.9215686274509803,0.4854292297310367,0.3619095909902278,138.94719657696172,51.57843755536453,1.7254336158486105,1.4504595058148397,557.6594347886873,179.9803178977584,10.80344312456436,8.054458699703005,23.071901008925888,12.65907327029343,0.183043230062995,0.15387250519594511,17.507513484474853,16.31543996620188,0.7759398585316694,1.3689570426940918,0.8359375,0.48521040539310056,0.2962126015318063,221.89786106927448,25.873454568244952,1.7057433705324074,1.4686439596116543,873.8032094628296,287.9768398260793,10.79857309172667,6.592343018159852,16.38878912962528,9.195258991584264,0.18095438348535484,0.15580160935233026,17.91819858337174,17.390447266749362,0.6903743783820698,0.7759398585316694,0.84400851942195
stage1_soc,180,-0.6689772964083532,0.9523180751173709,0.293189923351419,0.19351238861442008,402.926530729523,15.926237422979082,1.9291638045845054,1.6792310907809744,792.8520425895437,260.7390771729071,0.8643610981119452,1.2552791833877563,0.9215686274509803,0.5315679313751102,0.37863335099217355,136.53269075450257,47.42426650639991,1.730620165478985,1.476356722377971,551.0653090460072,177.76600964989012,11.830280423441424,8.426653406869672,25.386205342883823,15.50617440233483,0.18359344699890345,0.15661982049443895,17.881928107578865,16.425149980277563,0.7620982480384473,1.3242950439453125,0.921875,0.5066140431716856,0.31899762007924437,195.37588906700995,29.835675709955993,1.745010529464365,1.5224389848299325,897.4211554796349,289.62861166644,11.274920557510386,7.099433726533099,19.939240829470872,10.877245083228264,0.1851200538074596,0.16150847346279387,18.615420893741156,17.56508542461409,0.7698907870484943,0.7620982480384473,0.84400851942195
stage1_soc,181,-0.703153477168419,0.9442488262910798,0.27537540254345577,0.1845931138139887,380.763808399976,15.251764770072803,1.943911755606803,1.6926015484951706,798.326762717875,263.0522520852053,0.861636205528043,2.055431365966797,0.7254901960784313,0.7433582652069488,0.49002202118144317,144.60507052446528,61.13380901965695,1.7054922234993006,1.4368912330372077,534.6529783567829,180.174735186917,16.54376837543913,10.905657738309278,28.81090618996869,15.850616827544295,0.18092774046429722,0.15243311022138267,17.4093565016456,16.383073950032497,0.5024827165163467,3.2844998836517334,0.625,0.6353100628244103,0.42801508685624867,247.51396081651225,41.50659357454984,1.652791576493649,1.432010821532458,843.2998072639758,295.35899699955183,14.139107638800052,9.525665872796765,23.661852095002136,15.010469475627076,0.17533697385020186,0.1519153700558611,17.50434250571724,17.023640101923636,0.43440698115267695,0.5024827165163467,0.84400851942195
stage1_soc,182,-0.34265082766752286,0.9245892018779343,0.325395957394138,0.22233849292811764,431.9310335056798,18.817741222326504,1.9416880021702,1.6935457462972185,799.0245454130649,262.57023392034694,0.8269704146596929,1.1560077667236328,0.8235294117647058,0.42682474823486155,0.3030901274954279,150.7731528619098,40.91166056591007,1.771891276384677,1.5055425387314136,574.4846487357274,182.93292482048557,9.499174358055772,6.745405413324786,17.732596072477413,10.00921839206777,0.1879717072687143,0.1597160080546495,18.200892155173552,17.64492974127713,0.6954819872942474,1.4853899478912354,0.75,0.45419628842142606,0.26972726125495683,154.71538657271694,21.172478117063452,1.7412769288951213,1.5174925485625863,920.4897090366817,286.53411901462687,10.10834014273899,6.002900006097692,14.611931973325628,7.714061389961476,0.18472397348209554,0.1609837290371844,18.55744105425512,18.215619453069912,0.6137411134735722,0.6954819872942474,0.84400851942195
stage1_soc,183,-0.7003759210098517,0.9477699530516432,0.28903211761163466,0.18792740285886833,402.51544826059506,14.84243180059664,1.9311667902480816,1.6826566063919615,789.2365060495127,260.8530074552747,0.8610603177681528,0.9139835238456726,0.9215686274509803,0.47658776279876974,0.3267882693485886,175.4550681960206,40.898237408617085,1.7218667657390836,1.4678386833664834,557.422145533956,175.7827436792559,10.606672350803194,7.272818086456016,18.81440605960065,12.051146602242698,0.1826648395186116,0.15571618133953674,17.795979409673443,17.416610772862626,0.7785922986113494,1.1387503147125244,0.859375,0.45978622157175963,0.2822497485885833,200.94583830981168,23.605538193815796,1.724181270552726,1.496368555817753,895.1054176801422,282.43925007893904,10.232746587924023,6.281593523918755,16.138760548589453,9.21424124163531,0.182910374573217,0.15874278286091562,18.27784352113415,17.32819655578843,0.7214391335284721,0.7785922986113494,0.84400851942195
stage1_soc,184,-0.9056463876800358,0.9615610328638498,0.24952364676101474,0.1625611174858078,355.3222182672167,13.010843026640249,1.9313692482057818,1.681686927463262,795.4991178605542,261.37533757068275,0.8867039388355453,0.7812777757644653,0.9411764705882353,0.44519382751934805,0.28161731859048206,114.91709339074153,31.894679393912845,1.757879483439661,1.4966894082505913,556.9897362981133,186.20978136325573,9.90798637666973,6.2675185133996285,15.257160493733673,8.152830163348112,0.18648526130169965,0.15877682060374199,18.1409343980924,16.603585066965938,0.8076183223324309,1.059446096420288,0.8515625,0.42967328276825634,0.25263040706704487,134.68669938396573,24.940593806672524,1.7410022334027602,1.5244193910621107,907.6762971954328,302.26290968867596,9.562569759352352,5.6224019221021795,12.896026389105998,7.446765683232217,0.18469483231448197,0.16171856555225192,18.647324240106094,17.75847340611115,0.7226605151695231,0.8076183223324309,0.84400851942195
stage1_soc,185,-0.9151909032338102,0.9595070422535211,0.2419462708023119,0.159030215740857,352.3802590615303,12.681300973452407,1.9388322819439863,1.6886508569045253,794.4432358574862,259.4454837323764,0.8869231610128275,0.9627013802528381,0.9411764705882353,0.4759424681792411,0.32564154430749076,139.67255584872626,30.745921071072967,1.7240810494047896,1.4622390630709774,556.8643014084153,174.9064000197238,10.592311032420021,7.247297211316546,20.646648005285385,12.682595798455523,0.1828997425776013,0.1551221436572979,17.71014097633501,16.623304779893733,0.798393730134463,1.0293116569519043,0.8671875,0.4861798433431048,0.28274880011849746,172.01806543799444,22.45831392971359,1.7317529179119755,1.5083495993167162,902.1403904295969,287.33420707576687,10.820148363906858,6.292700137384617,15.87977521236262,6.793735480187989,0.18371361543789286,0.1600137960609783,18.433108109597995,17.826952478372043,0.7213335469970685,0.798393730134463,0.84400851942195
stage1_soc,186,-0.7546288028289455,0.9611208920187794,0.2654288020368097,0.17603226055391405,390.1355001599217,14.921893333964606,1.9396829564510396,1.6912358258429345,798.7053076542319,263.1065369417993,0.8814922514077365,1.2631022930145264,0.9019607843137255,0.5748547209801205,0.3750651571534428,174.15749278073415,36.207113111977705,1.7286585439367712,1.4795172084122896,542.6973908163703,182.75986038541345,12.793647153133046,8.347241668076135,25.124972237668665,12.881771432508646,0.18338534768986614,0.15695510176343527,17.951857187694205,16.504654073362985,0.7295043680196893,1.2730908393859863,0.8671875,0.5328460559455886,0.3257300224559003,198.71197291773072,25.986612434498443,1.7285839584037341,1.5058541288599372,894.983377693299,292.4748334927174,11.858725653472016,7.249266331809432,18.896981351510558,9.263650617947857,0.18337743525744465,0.15974906320267535,18.407304299100222,17.100377458936862,0.7073336832163234,0.7295043680196893,0.84400851942195
stage1_soc,187,-0.5799917861329558,0.9586267605633803,0.2604520551171919,0.1740792740024069,340.7472751878609,14.485249511528343,1.9412630103580417,1.6929412464421443,800.585241260971,261.04969843795936,0.8804911440282227,1.3619377613067627,0.8823529411764706,0.5924565978428399,0.3821313369873108,174.78033664143848,33.601403304323895,1.7804656751531571,1.5201813097604935,570.8321629421582,186.71668451481096,13.185384741076275,8.504502638919266,23.831792165571482,12.578588383366295,0.1888813253681964,0.16126896721152634,18.43694531405765,17.314974104413015,0.7046159618236186,1.3229868412017822,0.8515625,0.5393636697714898,0.33488625097197655,201.75378673047317,25.160438188153826,1.7480110001004432,1.535075269639492,918.746616554849,314.9268129989805,12.003778044146989,7.4530422644283885,20.11519342807575,10.01585880897908,0.18543835978683326,0.16284899816701448,18.80463329116132,17.549059567918,0.689753399068553,0.7046159618236186,0.84400851942195
stage1_soc,188,-0.5563803427096264,0.9438086854460094,0.29380918649976107,0.19332208356675484,377.52071866354726,15.733733616545454,1.9468683652300922,1.6973194312166937,798.5662048269189,264.56356149571417,0.8556659294960811,2.256711959838867,0.7254901960784313,0.7390386079500757,0.49599827402362634,142.1753636192565,48.38314724776186,1.7425596909376686,1.47702256352732,560.4609544865473,177.25925805576767,16.447632484491447,11.038661899831062,27.00337765109946,18.413218421457643,0.18486005574310715,0.15669045648620716,17.811296498236352,17.223765549236663,0.5037786136934086,2.513702154159546,0.65625,0.6215770656914603,0.41642142805176263,265.8445247451581,42.10283439477378,1.7477025564814446,1.52296500839293,908.4127956192617,291.55005118709454,13.833473687713434,9.26764384645676,21.202647674749045,13.62749786350448,0.18540563843737348,0.1615642768568949,18.62061538889411,17.147215846959753,0.4697768802925619,0.5037786136934086,0.84400851942195
stage1_soc,189,-0.5465941163295871,0.9364730046948356,0.29811919057659964,0.20241931393692894,383.56727669525816,17.343982310480534,1.9317526274722339,1.6832807183548115,787.4386630297612,263.27672561965363,0.8470372475218557,1.2316101789474487,0.9607843137254902,0.44212545812466214,0.30663277318372445,146.1071933545058,33.06502919147802,1.7779769413296458,1.5231282580643892,571.2882020290766,187.05250863281583,9.839698452889346,6.824248566682487,18.111711595192165,9.630835284174681,0.18861730716799546,0.1615815952555259,18.453566183091393,16.678172067618707,0.8281466762880916,1.1981420516967773,0.875,0.46759523779514683,0.2898616699512786,195.52080729744512,27.0575764479958,1.786781668237574,1.5739669795148075,931.5229866566976,303.32730697219176,10.406539712567357,6.451000214892224,16.528911514497807,8.516391439301561,0.18955135970890244,0.1669748388443154,19.281907240575542,18.000041478704627,0.734721428661456,0.8281466762880916,0.84400851942195
stage1_soc,190,-0.5317159958288703,0.9464495305164319,0.2716113088719484,0.18465517489126165,387.9273875628906,15.831384441602385,1.9479610299807173,1.6999621574362895,801.5872235374143,264.75743677682317,0.8649661378548473,1.3938915729522705,0.8823529411764706,0.5049573891881257,0.35386913072536974,167.0406457056829,45.65868693610567,1.7745188803614242,1.519448339756505,563.5039553487625,189.07069429626176,11.238050987257298,7.87551468511442,20.259490030607186,14.610008395346636,0.1882504575578082,0.1611912098316788,18.417470957262143,15.964252907609207,0.7308657244200328,1.4359415769577026,0.8203125,0.47231485674326534,0.2960327739110653,164.9680660731191,30.001430988723385,1.7549600735306305,1.5441767536103725,911.2706876245273,328.7407807572643,10.51157692860782,6.588340874584819,16.666674799430602,8.00243604679904,0.18617555467797423,0.16381453228498585,18.913258460172397,17.11201595565924,0.6786180429770204,0.7308657244200328,0.84400851942195
stage1_soc,191,-0.5347254301460695,0.9328051643192489,0.3055979249730912,0.2042549284597727,388.48777116765274,17.301955726011627,1.937493356892008,1.686953860076465,798.1369441266761,261.8469620403586,0.8411257868273215,1.1297566890716553,0.9607843137254902,0.526967117073925,0.3478785661943987,153.1094529333192,42.18847424018789,1.8072715591318733,1.5482189676852203,578.9459617393248,191.62854948558913,11.72788725758885,7.742192010601731,20.052403909068918,12.153983923012394,0.19172503696804538,0.16424335198228976,18.744705958648865,17.242380295699217,0.8026941786033127,1.104735255241394,0.8515625,0.4817230015791226,0.2912356103897764,205.7920346935582,25.432555606172492,1.781756837679156,1.5775334020145237,932.7392482865536,287.897512725841,10.720959370819147,6.48157786962487,16.32636999809422,8.40179177889722,0.18901829879744006,0.1673531840255621,19.349761421135938,18.273672228083953,0.7070455995262632,0.8026941786033127,0.84400851942195
stage1_soc,192,-0.7691749423882212,0.9498239436619719,0.27787528122217964,0.18515044453854732,369.73708263974777,15.622244865381647,1.9475029198128353,1.696236086029277,795.5418127300685,263.0683568415262,0.866461359295318,0.8499094843864441,0.9215686274509803,0.45968115034372237,0.3161972054809916,130.46702471131368,27.01610678484917,1.7333116526887888,1.4732596334800416,559.7105699477763,183.00627159987897,10.230408181073743,7.037109255766916,18.61401404856575,12.484700182502802,0.1838789743631733,0.1562912647328831,17.842549128540888,17.73612365438117,0.7836642823478637,1.2533531188964844,0.875,0.46014095596714194,0.2686540514241642,164.95556120819006,27.060772526522147,1.7421993251975054,1.5169607787393034,880.7983958008983,295.2787997020588,10.24064135945841,5.979015244617392,14.438255071555108,8.745607367611985,0.18482182621722007,0.16092731604904642,18.540601985305546,17.575417026067946,0.7369577132098575,0.7836642823478637,0.84400851942195
stage1_soc,193,-0.659012624355549,0.9338321596244131,0.30960423752525495,0.2042463355606964,408.99792175258773,16.60653298564514,1.936708423520746,1.6874507926616948,795.332817817676,262.6565786955766,0.8409508883668366,1.0826396942138672,0.9019607843137255,0.49395324700682214,0.34232397958198013,151.79599934591747,38.129261561632575,1.758536688517517,1.4860309781324046,555.1514069063381,182.43574342749363,10.99314891521643,7.618572218318147,20.37929977232385,14.108868327299193,0.1865549811327958,0.15764611730787856,17.943627411481337,15.96047258475371,0.7537748102116788,1.463992953300476,0.828125,0.5371860661364389,0.31915038788974925,229.78285998567316,23.353843847588152,1.7400310296962116,1.5151810594834387,891.9854616787594,293.27425842749744,11.955314508005683,7.102833642011959,18.539270738592556,9.24940060142928,0.18459180182877516,0.16073851390783012,18.515919332178218,16.968140336750544,0.6669691801590684,0.7537748102116788,0.84400851942195
stage1_soc,194,-0.6579935774556908,0.9492370892018779,0.2689446907909206,0.18081707818981013,370.65618741802706,15.043569034340372,1.9402488923422776,1.6921602903723585,797.9463176552522,264.4382832518614,0.8685536819646017,1.152066707611084,0.9215686274509803,0.479840024117958,0.3186309266031957,147.52231247663929,40.31901395531033,1.7424051435258532,1.4802230781711199,563.352733437881,174.58769840376735,10.679052871044092,7.091272800346526,17.5549606132109,9.936773721802723,0.1848436605267414,0.1570299842042741,17.924886391095317,16.55457146311421,0.777616620215593,1.2680118083953857,0.90625,0.4526865832790124,0.27254732394249004,185.97828337930417,27.821650953874638,1.7378055222186533,1.5132016828283668,904.0204032327656,295.3053840875206,10.074740984217026,6.065661753818058,15.2475918830728,8.678668794071998,0.18435570808777008,0.16052853104142034,18.504832897738442,17.813523710492362,0.7704440250162963,0.777616620215593,0.84400851942195
stage1_soc,195,-0.8494870542360583,0.9583333333333334,0.26522983589504606,0.1725801035833978,357.2519512635382,13.92839954845541,1.9363913376258806,1.685580462280116,792.0786480891396,261.3582172278536,0.8787643825648196,1.074633240699768,0.9607843137254902,0.42424208818977127,0.2910447789392635,129.2941048048739,34.50458351473063,1.8000749337360267,1.523912240294557,564.038806167228,191.84729572086897,9.44169611159196,6.477330830930606,15.554545262524325,8.681184305173186,0.19096158043983738,0.16166476428527224,18.391088143360307,17.7625210346427,0.8335116872685588,1.2564306259155273,0.8125,0.4398927040084806,0.2511898586872121,110.13342536186664,21.97777214903292,1.7702981956292052,1.557863196823746,916.942504656709,309.33794323017685,9.790007518293855,5.590341878049353,13.144956102502395,7.138986916553925,0.18780270473824637,0.16526646341165369,19.0693098741901,17.824050693489394,0.6805321887974558,0.8335116872685588,0.84400851942195
stage1_soc,196,-0.8066400258753781,0.9552523474178404,0.26315256250311597,0.17255595641486274,356.9182758486131,13.460274712980961,1.9237871737834462,1.6739394503853697,790.8260445611967,261.75607616148807,0.8763065786669055,1.1878870725631714,0.9607843137254902,0.57138204727054,0.37887559560876266,174.25171368660222,33.810376788420236,1.7384811827416746,1.4768608841752888,551.8815742719138,184.89424098101787,12.716361257241674,8.432044668411551,22.542139585480577,12.486544034074898,0.18442738577123693,0.15667330467546325,17.88475381343336,15.744461312141736,0.7893696995443282,1.0658819675445557,0.890625,0.5274345320410373,0.3047859532362054,212.5403306071252,19.957030136507054,1.7272049258717228,1.5040930965915322,909.0009395764577,296.9812649329458,11.738289785297301,6.78314676843398,17.452844719211463,7.991353281406806,0.1832311401078065,0.15956224347707526,18.38809974928565,17.15395959645661,0.7323946403876889,0.7893696995443282,0.84400851942195
stage1_soc,197,-0.9934689612455772,0.9666960093896714,0.23349426374235013,0.15221699016782764,336.30074690246204,11.755091068010655,1.9384742854215886,1.6884657219439683,792.5003668893229,262.113514133916,0.8966477302669663,1.0946338176727295,0.9411764705882353,0.49304862521982296,0.33580003364705574,152.1020322153309,31.994611256533865,1.7314170453066948,1.4768876560105413,551.5565651882221,177.81824522637018,10.973016155533825,7.47337890374428,20.926546288089565,14.185887288236602,0.18367798427480692,0.15667614477499198,17.907082482366388,16.29288606098114,0.7932618830222884,1.117941975593567,0.890625,0.5060703775179829,0.2999037878089439,196.7607875925762,26.436231681305756,1.7492862372304752,1.5282433242537081,893.812571227833,305.04956207954075,11.262821036903006,6.674492008300647,16.36612733700339,8.593801980894199,0.1855736437648625,0.1621242288455284,18.696623062786728,17.274341174466798,0.7388038867446052,0.7932618830222884,0.84400851942195
stage1_soc,198,-0.925558714519644,0.9671361502347418,0.24559413716248604,0.1607166438298863,344.0905394622956,13.026951357869386,1.9378954140821338,1.687010541990519,796.0298019439352,262.5341025180322,0.893457909085996,1.1037249565124512,0.9215686274509803,0.48213088836383045,0.30627741869173797,159.41422254838952,35.33470421781112,1.7208346675598496,1.4673343158747052,536.3585798098346,182.27471915557982,10.730037072387086,6.816339994622742,15.70992327213547,9.422619396291248,0.1825553490214207,0.15566267533734354,17.813333204562174,17.664131255738507,0.7769293609418312,1.0516579151153564,0.90625,0.4448083868268193,0.2588337692995992,135.90475897579594,22.820884061262007,1.7269209301026864,1.506915571168065,883.6508913946222,277.4646573735447,9.899408222853292,5.760460503983628,13.645730844482976,6.426687582363924,0.1832010123170812,0.1598616666820678,18.454786205389826,17.288689601662085,0.7728074839519542,0.7769293609418312,0.84400851942195
stage1_soc,199,-0.6346021731134871,0.9420481220657277,0.29387412129610313,0.19453718703463696,365.816342034321,16.177116990522848,1.933750334240054,1.6851060222653305,796.7364528109691,260.22319521965335,0.8538858856768968,1.5809653997421265,0.8823529411764706,0.613888117289482,0.41134895493879037,192.02064031902606,44.86885861503022,1.7582420653653015,1.504403936914077,563.9991513653092,180.32450694248035,13.662352725767018,9.15475370424748,25.63129361599751,10.893583971227468,0.18652372593240008,0.159595219081671,18.226336614814144,16.603249764619605,0.698186505989626,1.7486287355422974,0.8203125,0.5905709422283089,0.3937409577174549,241.10023692554682,37.12564310084218,1.723476544392416,1.5037607564590871,889.129691856936,284.57671307845,13.143418637808473,8.762879905004725,22.974466007407006,12.153308938564269,0.18283561345142815,0.15952698705760854,18.394593268438555,17.475434968695318,0.6431412173315073,0.698186505989626,0.84400851942195
