stage,epoch,train_loss,train_cls_acc,train_soc_rmse,train_soc_mae,train_soc_mape,train_soc_medape,train_soh_rmse,train_soh_mae,train_soh_mape,train_soh_medape,train_score,val_loss,val_cls_acc,val_soc_rmse,val_soc_mae,val_soc_mape,val_soc_medape,val_soh_rmse,val_soh_mae,val_soh_mape,val_soh_medape,val_soc_rmse_raw,val_soc_mae_raw,val_soc_mape_raw,val_soc_medape_raw,val_soh_rmse_raw,val_soh_mae_raw,val_soh_mape_raw,val_soh_medape_raw,val_score,test_loss,test_cls_acc,test_soc_rmse,test_soc_mae,test_soc_mape,test_soc_medape,test_soh_rmse,test_soh_mae,test_soh_mape,test_soh_medape,test_soc_rmse_raw,test_soc_mae_raw,test_soc_mape_raw,test_soc_medape_raw,test_soh_rmse_raw,test_soh_mae_raw,test_soh_mape_raw,test_soh_medape_raw,test_score,score,best_score_so_far
stage2_soh,0,0.8369425281358729,0.9697425364923348,0.2037492210113435,0.12428280763510098,253.29427590842374,9.576880586150718,0.8504142330275006,0.6382714109790398,216.13300370839042,78.64807001275548,-0.8504142330275006,0.8290806588004617,0.9803921568627451,0.35310058302115416,0.23208206818740376,136.17916273721326,22.87009570289927,0.7199257384647126,0.55785257758244,162.30502537729936,66.93292036928784,7.858288627998245,5.165009532397535,13.823481703817807,7.55688324590786,0.07638113840217413,0.059185847455879556,7.631535294095454,5.603047015691408,-0.7199257384647126,0.7132346034049988,0.888671875,0.4260994183785929,0.2402899756689294,183.1557492612101,18.92337334094334,0.710839250527902,0.5564946205668093,219.98752277313778,83.67252134649192,9.482884976263438,5.347677330535582,12.504157713779472,6.835568294904273,0.07541709967483079,0.05904177384215338,7.431278400353655,5.64838072060963,-0.710839250527902,-0.7199257384647126,-0.7199257384647126
stage2_soh,1,0.4146502483514542,0.9704760507591873,0.20273475044267622,0.12417639571981258,255.86681132809855,9.52772074933652,0.6562503048289804,0.4689146401871448,196.46386292253507,55.134989571974174,-0.6562503048289804,1.0545494135688334,0.9803921568627451,0.35715033355635556,0.23047544502233172,133.8172540450126,22.28210278807229,0.6567705053264121,0.5023366717311243,166.45277685242755,62.17618934282643,7.948416229331311,5.129253973911789,13.758623103086634,7.384856336178057,0.0696806298004879,0.05329583983176784,6.966437567304401,4.981140954458144,-0.6567705053264121,0.890729233622551,0.888671875,0.4306343213321841,0.24300813292938983,174.89328947252068,19.5988463643923,0.6505385704863537,0.48146941097729723,189.00492042432074,62.9964169245612,9.583809692967025,5.408170190972767,12.561156566179983,7.098536991680859,0.06901944733110302,0.0510819099129524,6.505509588642804,4.212071138636708,-0.6505385704863537,-0.6567705053264121,-0.6567705053264121
stage2_soh,2,0.2762977826676627,0.9699992664857332,0.20491956135964076,0.12494981918624323,248.73973946132116,9.611309126279346,0.5802962584298639,0.4064753361637127,181.5290278149996,46.60789082873223,-0.5802962584298639,0.8476802157420739,0.9803921568627451,0.35023437849640227,0.2260238595909494,135.83821729055526,20.727451645638794,0.6203458120173758,0.47274907669235094,146.72343883361424,57.69212419194487,7.794500960955437,5.03018349695962,13.827752710096592,7.233067992220522,0.06581612073761238,0.05015671857120078,6.608047504280121,4.730637255985174,-0.6203458120173758,0.7787546813488007,0.888671875,0.43247956944374344,0.24321705479633238,188.61843522173757,20.86976595592757,0.5870469750901499,0.43471348603998194,182.32177717795236,61.13540316152097,9.624875873393107,5.41281976792075,12.533643354931842,6.590949536148976,0.06228325208730707,0.04612129997369019,5.811813997461573,3.8567017300203896,-0.5870469750901499,-0.6203458120173758,-0.6203458120173758
stage2_soh,3,0.21057029896433738,0.9713562678794102,0.20337584367124306,0.12421576839096582,256.0577001340259,9.551969691218098,0.5507402433773387,0.38271928623531537,176.90578021020664,42.77357418608104,-0.5507402433773387,1.2180754554037954,0.9803921568627451,0.3489700922175838,0.22703903780190968,124.51245466546482,22.219453833680284,0.6344527369448688,0.46759339456227333,174.11281835244333,50.61361501089283,7.766364143954549,5.052776389110417,13.691024423254431,7.3613968070164795,0.06731280703141505,0.04960972205573397,6.65063758604149,4.000592675194626,-0.6344527369448688,1.2002427875995636,0.888671875,0.4294311734945174,0.2414399610952387,189.76794392295312,19.863473274807593,0.6419583701626668,0.46471907272461976,189.80920003936944,55.40589506149463,9.557033518060596,5.373270370684678,12.438757302203502,6.989146948492092,0.06810912362210558,0.04930476841626219,6.26083518488344,3.7946757927418986,-0.6419583701626668,-0.6344527369448688,-0.6203458120173758
stage2_soh,4,0.1461371742803755,0.9706594293259004,0.20484912473371716,0.12441932490915228,258.8065343342434,9.554230412827259,0.5199280551241979,0.35934332610143616,170.57419257523046,39.43522032162802,-0.5199280551241979,1.1457481711518531,0.9803921568627451,0.3529485693288981,0.22667564629056655,134.18121214822165,20.0363136094669,0.5636383648876727,0.4234362770985885,150.927397944142,48.646165535404855,7.854905548143393,5.044689074848102,13.451199499081316,7.091543681102479,0.05979969552008262,0.04492483482329881,5.982529422916625,4.202465001268742,-0.5636383648876727,1.0820956528186798,0.888671875,0.4270843070059685,0.23923946714421618,185.51185381770816,19.195612697466522,0.592752537059165,0.42697734257490083,169.900781607355,49.41864033726201,9.504803770716086,5.324298158734909,12.634535949563016,7.054967868978663,0.06288858857568834,0.04530052720070175,5.691123152731504,3.6291002858465684,-0.592752537059165,-0.5636383648876727,-0.5636383648876727
stage2_soh,5,0.10360238623008737,0.9703293479058168,0.20496515284426936,0.12528984454475436,254.54921074451184,9.637167573207268,0.5018076509122791,0.34420062708767807,166.99588150125444,37.10512254195569,-0.5018076509122791,0.6274330604310129,0.9803921568627451,0.36369223813885954,0.23471146832932444,131.3957376902576,21.76573417492875,0.5583892946843121,0.40137383653143166,139.2267480025035,45.537568653404485,8.094006967093023,5.223527094325418,14.01772493002681,6.971578818848625,0.059242790916920876,0.04258410127758138,5.636324395086851,3.35781249867947,-0.5583892946843121,0.7991883605718613,0.888671875,0.4321361461516401,0.24387926799681736,189.36487133823948,19.161249563365942,0.5741346351808196,0.39803983212004823,174.51692685498153,46.14732320695004,9.617232953837906,5.427557388624054,12.672369505031616,7.163322698246704,0.060913306315103215,0.042230377221371906,5.225874207298925,3.028329033791341,-0.5741346351808196,-0.5583892946843121,-0.5583892946843121
stage2_soh,6,0.05534609934514698,0.9703660236191594,0.20541805589806772,0.1250672246769974,258.2578386789673,9.579970425567465,0.48343435606841983,0.330736687963587,165.95148836296673,35.37476030367213,-0.48343435606841983,0.7057040754486533,0.9803921568627451,0.3506103780635848,0.22596724915966465,133.4589083036279,22.69542825042437,0.5222475254018435,0.3706312100129092,137.0370639096205,39.29394628091224,7.802868868755652,5.028923626175538,13.56327356374553,6.934857129303449,0.05540829892118986,0.03932243596198203,5.205037755304544,3.1071660099624285,-0.5222475254018435,0.8322712481021881,0.888671875,0.4295454694593275,0.2394098231125099,185.65830243174796,18.312493561864656,0.5822356464229667,0.401976639561326,176.1157243750526,50.148327457362555,9.559577186136156,5.328089447769042,12.326792860923023,6.899723956412208,0.06177279004769423,0.04264805618181053,5.2616709806495665,2.928345917959942,-0.5822356464229667,-0.5222475254018435,-0.5222475254018435
stage2_soh,7,0.017169215592295357,0.9702926721924742,0.2040393364144623,0.12450156322588395,260.0556088367028,9.541515829032498,0.47106416216526825,0.3211829392087795,162.26289694180647,34.38902032743025,-0.47106416216526825,0.9258083408954096,0.9803921568627451,0.3542343902189764,0.23245166991746016,130.93274883698655,23.0439440953925,0.5386566902131604,0.3856857564784221,139.53339922271812,44.9339212528438,7.883521620061744,5.173235055695573,13.85450870030671,7.643659001645483,0.0571492433291369,0.04091966097524034,5.376722123561007,3.256345937890673,-0.5386566902131604,1.0501470267772675,0.888671875,0.43134667661367043,0.24377623761574796,188.47253431586682,19.993586986786525,0.5928749498515362,0.41671786996357696,180.26431426091162,50.18654707108259,9.599663230674901,5.4252644372361845,12.791765071423725,7.261955447480901,0.06290157606583731,0.04421203965873667,5.463663225485588,3.2028787988157355,-0.5928749498515362,-0.5386566902131604,-0.5222475254018435
stage2_soh,8,-0.018783541109752017,0.9707694564659283,0.20290893078345082,0.12392283052225578,253.31616013525942,9.585365721469579,0.46048356832620924,0.31160189844764236,160.24311781200484,32.91233655325393,-0.46048356832620924,1.1188910521712958,0.9803921568627451,0.3551790718875989,0.23000918681203736,133.11117631953454,21.20179505345869,0.5543769670151764,0.4106679607967974,160.7923737952646,46.275569113366856,7.904545604644545,5.118877351023439,13.848309246279026,7.366209088930559,0.0588170995731655,0.043570169359205754,5.704312114814684,3.693139111495916,-0.5543769670151764,1.189228743314743,0.888671875,0.4336148548299322,0.2422362176948809,179.64392550752072,19.005086132598226,0.6017746253534714,0.42076384000392864,194.2490197208193,48.40096220435064,9.650141762685863,5.390991140580893,12.652161949971326,6.698837473193665,0.06384579476775148,0.044641300318707236,5.505549467800538,3.3980513470803753,-0.6017746253534714,-0.5543769670151764,-0.5222475254018435
stage2_soh,9,-0.03636312092127912,0.970402699332502,0.20419611415047464,0.12465446379445184,260.9182242912143,9.541756265548369,0.45055815331679805,0.30565867915683353,157.76852438521772,32.20714234071396,-0.45055815331679805,1.3251662160836013,0.9803921568627451,0.3396050059301638,0.22179479625843027,127.3917870406732,22.22017056021169,0.5584588928154886,0.40779058487775427,145.27601310412558,46.93455805425022,7.557943216288605,4.936065271470798,13.359030378937877,7.702783607784653,0.0592501749903133,0.04326489169435075,5.739283616362321,3.6571906560917324,-0.5584588928154886,1.2465190887451172,0.888671875,0.431069410255813,0.24524811636001687,187.7120478224419,20.174531527682056,0.575131480693217,0.3971063307371878,155.59884984314516,45.363949400686295,9.593492640277583,5.458021245222501,12.99651567669137,7.417790536391882,0.06101906749431925,0.0421313365918829,5.223697413916678,3.005686515161756,-0.575131480693217,-0.5584588928154886,-0.5222475254018435
stage2_soh,10,-0.06865453248563327,0.9697425364923348,0.2042438481542296,0.12483805414143694,260.5389134958515,9.61863733616517,0.44255909172223695,0.2988800655056033,152.44390989704618,31.684435278583337,-0.44255909172223695,1.180415810323229,0.9803921568627451,0.3434837674351022,0.22698232211976074,132.29511871771575,22.230333968708905,0.5335265267928642,0.3944058446213603,146.57106153929607,46.43935431004247,7.644265439730385,5.051514175957874,13.401227410686788,7.070812197960491,0.05660495424306108,0.0418448262023446,5.4808174347744805,3.4601656547258237,-0.5335265267928642,1.2978903651237488,0.888671875,0.43095165559428733,0.24411355122720124,177.23545635600027,19.908853875462135,0.5902699263304038,0.41201594218364335,179.50278074091267,50.08966962446287,9.590871998562285,5.432771385240271,12.582213848181908,7.166921804597645,0.0626251938621216,0.043713184600044065,5.348158490889571,3.191730575654735,-0.5902699263304038,-0.5335265267928642,-0.5222475254018435
stage2_soh,11,-0.0800181455997101,0.9704760507591873,0.2047474707620009,0.12474521187042614,258.3247919927965,9.514751929449755,0.43720766832901686,0.29501504298730746,156.5022782120193,31.14676360785603,-0.43720766832901686,1.6111550962223726,0.9803921568627451,0.35008952619235933,0.2280985833757429,133.020432108976,20.02598357145789,0.5847989579677803,0.4165410482365748,153.9793151862387,49.025574308433804,7.791277258508218,5.076356681338938,13.585754231714033,7.289438006401082,0.062044746783523445,0.044193279606024205,5.9248213393025635,3.7643870898589507,-0.5847989579677803,1.5248427093029022,0.888671875,0.4298057443004685,0.2450068931957503,190.33846760631587,21.479253464966682,0.5885355887009295,0.41042804177095604,167.18336001057332,46.56701715886885,9.565369628637363,5.452652799686822,12.79112409269757,7.396065720584381,0.06244118782450518,0.04354471494448072,5.489932085042242,3.275618126875222,-0.5885355887009295,-0.5847989579677803,-0.5222475254018435
stage2_soh,12,-0.08982104829460687,0.9698158879190201,0.2051157161209888,0.12508728916531442,261.3754249332041,9.617998197547738,0.43164470172757746,0.2918411887095495,149.6158198761852,31.03731531504027,-0.43164470172757746,1.0743606277540618,0.9803921568627451,0.3583588804924462,0.23473121934369498,136.5822713211645,22.51825308777169,0.5398627107756634,0.3808292724288014,140.6026552615393,42.05184071604283,7.9753125617106715,5.223966655116546,14.212230072829993,7.302003641756993,0.05727719711461601,0.04040440813661687,5.317376929940853,3.1063708469978457,-0.5398627107756634,1.275916576385498,0.888671875,0.4329752430249055,0.24580738071199448,181.37675424688337,19.0656410775675,0.5883127425240243,0.3956288473418681,165.30008850219923,45.099781154956176,9.63590713828856,5.4704677290532215,12.99938495201793,6.9844853060619165,0.062417544768324285,0.04197458172443575,5.154530830685713,2.9622167145499603,-0.5883127425240243,-0.5398627107756634,-0.5222475254018435
stage2_soh,13,-0.12342219641104943,0.9696325093523069,0.20405710980047825,0.12489588321842586,260.67856772279873,9.622193881854235,0.42218825379665487,0.28336820164016685,147.93679748238318,29.413624609838358,-0.42218825379665487,0.8158529880000096,0.9803921568627451,0.34987072062277835,0.2277060489389388,130.63725261195768,21.864522570929303,0.5119187333887324,0.3519102396379572,166.1672308294952,35.87983601270878,7.786407718774047,5.06762078836917,13.869242865159471,7.452586768898661,0.054312456877865865,0.03733621856089059,4.8915601065979555,2.7446735924284926,-0.5119187333887324,1.2919150590896606,0.888671875,0.4296628991515194,0.2413591374806856,172.95422268258713,19.577598334274974,0.6048376442245736,0.40844997312433406,192.3140337737659,49.347381199588625,9.562190595626578,5.371471633096419,12.683295666872597,7.130769549620283,0.06417076838075365,0.043334850055653656,5.322309691848658,3.0071705519865173,-0.6048376442245736,-0.5119187333887324,-0.5119187333887324
stage2_soh,14,-0.13387613601724094,0.9703293479058168,0.20427133326384647,0.12474407494169046,254.78011268679185,9.648421935700636,0.41890518008830213,0.28211741913085425,150.77041027311085,29.497067720880565,-0.41890518008830213,1.0125593344370525,0.9803921568627451,0.3500634885135551,0.22869485421288832,126.97794248785463,21.790029666796258,0.5179323904363147,0.36374741604816463,138.84819009465045,40.023037384089946,7.790697787374255,5.08962674818124,13.856924224486777,7.046183598189142,0.05495048097773226,0.03859209393993612,5.098444035121773,3.106460935331431,-0.5179323904363147,1.468368798494339,0.888671875,0.4353030601808373,0.24662860939497477,175.09993639714685,20.29171465015809,0.5816488552470775,0.39567883055269704,158.85097881470722,48.06042818190332,9.687712940839223,5.488744255150215,12.613020385688095,7.109277123590346,0.06171053393484246,0.04197988473603838,5.143149664905355,3.0667927044783863,-0.5816488552470775,-0.5179323904363147,-0.5119187333887324
stage2_soh,15,-0.15767950801535274,0.9708428078926135,0.2059044906191047,0.12551765369212192,262.1897515403221,9.649664432584181,0.4108379365077842,0.2748773630175796,144.95221807439506,28.551356162194715,-0.4108379365077842,1.134148684202456,0.9803921568627451,0.3548654508733963,0.2291344574780441,128.69871274261612,22.51006907325488,0.4835984472378228,0.3444043708892137,144.33464758415425,36.64887652834696,7.897565937750985,5.099410162611903,13.72080630713653,7.336363555993038,0.051307791840198465,0.03653987698134247,4.756776224868596,2.6951622828698842,-0.4835984472378228,1.3751436173915863,0.888671875,0.43241048247615166,0.24527025538191083,193.39880374747776,19.468041089356696,0.5885320705545809,0.4009043943078723,178.77431865610873,44.51903803328136,9.623338336051413,5.458513951358798,12.81869215345777,7.250616145168912,0.062440814563752285,0.04253429540242823,5.208600080693496,2.8723366277324045,-0.5885320705545809,-0.4835984472378228,-0.4835984472378228
stage2_soh,16,-0.17662727529808647,0.9698892393457053,0.20468841901404936,0.12471564525269657,257.92225697467524,9.541922868895627,0.40861254803352326,0.27223007792917026,140.60331815523685,28.077996044782992,-0.40861254803352326,1.212011358317207,0.9803921568627451,0.34985267598270264,0.22799463455985283,129.7450734861382,23.04179429375494,0.5230605695114037,0.376893760385357,156.4626996054034,38.09880874350952,7.78600613351273,5.0740432900927,13.894739819140247,7.126875035607615,0.055494559533002155,0.03998686661252191,5.230191798569506,3.316568990716134,-0.5230605695114037,1.4999753832817078,0.888671875,0.43266703178171123,0.2444896751512715,177.63188815931994,20.67186541171106,0.5898971937198706,0.3986231408571257,182.0941117891865,46.31364410029627,9.62904786638736,5.441142060615402,12.690099476541755,7.094081410732743,0.06258564847626992,0.04229226386189253,5.178263245094337,2.873127129080358,-0.5898971937198706,-0.5230605695114037,-0.4835984472378228
stage2_soh,17,-0.18532842997758586,0.9702926721924742,0.2044982330899497,0.12488649060373216,257.10967107434993,9.588761661074402,0.4027061530128259,0.27126156371452487,148.31421416139835,28.20884974383322,-0.4027061530128259,1.290401718195747,0.9803921568627451,0.3559048545347861,0.22912316342048786,134.48481338578148,20.632928747330595,0.523395430372573,0.38835532701227304,136.42988496239934,44.07037586065152,7.920697969712852,5.099158812236612,13.878428010222121,7.053306930490127,0.05553008688313829,0.04120289134960544,5.334380083196518,3.2687179969202056,-0.523395430372573,1.5823516249656677,0.888671875,0.42730516579046546,0.2387943792200531,184.5442072897635,18.46744450820206,0.5779612710191618,0.40125092180096544,164.47458549254267,49.54005729591893,9.509719004952618,5.314392682672015,12.322954430770812,6.663243086567167,0.06131929652488019,0.04257106053387991,5.18902395414225,3.137418588285155,-0.5779612710191618,-0.523395430372573,-0.4835984472378228
stage2_soh,18,-0.20134761796163408,0.971869727866207,0.2046278243388409,0.1250939473409555,259.3878490516385,9.624501803178592,0.3978671008084156,0.26708284766785034,147.68625601413177,27.185176207867926,-0.3978671008084156,1.9422978653627283,0.9803921568627451,0.354257016955994,0.2267031029743307,126.71063304666053,21.128085835444757,0.5727237892099757,0.4084917476044639,159.99383187366303,42.36339866095106,7.884025180346671,5.045300126078721,13.482121114732394,6.65064264058334,0.06076362140233292,0.04333928215493557,5.802387426338382,3.7585992813207616,-0.5727237892099757,1.9923182427883148,0.888671875,0.43032498265146346,0.243100565565328,180.60939489917865,18.34180125434453,0.6012212144725364,0.4114833804551381,166.36695429051935,48.971604974568145,9.57692532983143,5.4102272884876825,12.903022117757315,7.36748473949363,0.0637870801659092,0.04365668200690243,5.446473586301603,3.194894957387268,-0.6012212144725364,-0.5727237892099757,-0.4835984472378228
stage2_soh,19,-0.19684694616454262,0.9701459693391037,0.2044554463333315,0.1251218322799624,258.4413822907848,9.67261120042295,0.39749737230521404,0.26635988345852674,144.83671946853158,27.311209505767728,-0.39749737230521404,1.461873540691301,0.9803921568627451,0.3581929407571676,0.23141247431254564,137.39064143933464,21.58999701218388,0.5380580758958673,0.3870446229919645,145.7392632605706,44.01370621215641,7.971619556381946,5.150107654051275,13.880569655806498,7.402966752036837,0.05708573282996208,0.041063831082927146,5.432568573481819,3.3685745775140594,-0.5380580758958673,1.5858371555805206,0.888671875,0.42884943308046436,0.24165681252634386,169.92068426821726,20.43452826291753,0.5790781206892631,0.40487602004850487,163.45151074626312,48.248925059018575,9.544086827230787,5.378096420872527,12.472279784289292,6.882526947294936,0.0614377896480853,0.042955668440186015,5.304084225028598,3.3711669969699503,-0.5790781206892631,-0.5380580758958673,-0.4835984472378228
stage2_soh,20,-0.21068920283309522,0.9698158879190201,0.20392688832865927,0.12449378644410723,257.9130076130256,9.72474053966307,0.3946732416615524,0.2651497794195055,140.74568884492246,27.338857894149825,-0.3946732416615524,1.215904481270734,0.9803921568627451,0.3550615580892871,0.23004143734864307,132.95552044632416,21.869447204801133,0.5268387622290405,0.36996189718746453,145.2663622246239,42.41590534076582,7.90193032336405,5.119595089926295,13.688426906275076,7.098039120335601,0.055895410128358455,0.03925142464397627,5.161420456620764,3.0150292850892373,-0.5268387622290405,1.5923670828342438,0.888671875,0.43113488174064,0.24227165852789767,179.03478565498506,18.708324910058074,0.5926218037695619,0.39989424808936747,174.85559014928418,46.45416360946166,9.59494971469041,5.391779879847986,12.61332134528971,7.092326302989267,0.06287471831525253,0.042427123073395245,5.18685049906239,3.0058352960703267,-0.5926218037695619,-0.5268387622290405,-0.4835984472378228
stage2_soh,21,-0.23496107264685367,0.9704760507591873,0.20431891596864185,0.12449944011256595,255.81069721710938,9.526252964959646,0.3877556861930239,0.25850170526025656,136.69101639772143,26.404218975606863,-0.3877556861930239,1.198455950793098,0.9803921568627451,0.35344274587677343,0.23353799847959011,133.15129148742338,26.7153821134803,0.5353224944325945,0.36410512119832944,133.594824887752,39.24989884385133,7.865903496414012,5.19741140599501,14.123658964961129,7.479975671215543,0.056795498969449944,0.038630044974497235,5.080274892614708,2.744726897524038,-0.5353224944325945,1.6234321892261505,0.888671875,0.43016130883499776,0.24160439811385004,184.97330839781867,18.421449701377725,0.5839358255543146,0.39198771734027105,160.04853071079248,49.482367875050784,9.57328275275147,5.376929932904371,12.480740945046353,7.103061947132504,0.061953172010168464,0.041588272915439164,5.083329179851804,2.9390396187994483,-0.5839358255543146,-0.5353224944325945,-0.4835984472378228
stage2_soh,22,-0.250692239858203,0.9699259150590479,0.2047089152808011,0.12504950952320976,259.74071414758214,9.57835756585362,0.384378322537851,0.2561626100680696,135.22112260855866,26.65862295239225,-0.384378322537851,2.218087355295817,0.9803921568627451,0.3615059039439669,0.2359239684290015,131.82813921915138,24.11696545285251,0.5875482483880148,0.4412441598205809,187.65312233424967,50.23500912416111,8.045349881925596,5.250511404753953,14.176956543290695,7.839074381292426,0.062336435107576894,0.04681417740707539,6.2029645605207655,4.496073827693101,-0.5875482483880148,1.9978447556495667,0.888671875,0.4345431467313079,0.24558924543998728,171.39882655184002,19.458462041379104,0.6127355304440337,0.431576506788133,209.88520057550744,51.78748072671999,9.670800991366907,5.465613106858286,12.769542725699285,7.0979575557321315,0.06500870138992718,0.04578847947068776,5.713311730948343,3.5792613032883223,-0.6127355304440337,-0.5875482483880148,-0.4835984472378228
stage2_soh,23,-0.24994148706503172,0.9708794836059561,0.20487525024661749,0.12489546062679419,258.7194008163861,9.580069495105121,0.3829023477715421,0.25595470014395644,134.53316857498896,26.30634948139577,-0.3829023477715421,1.230498470512091,0.9803921568627451,0.3550345395172967,0.23339642191250973,132.86910207021663,22.992309356488576,0.5231418572806414,0.377749053017218,155.0854612261522,40.371633990628226,7.901329022354575,5.194260605400009,14.036004952802429,7.731277910205841,0.055503183828566026,0.04007760961752665,5.209018826247155,3.34242979966936,-0.5231418572806414,1.6546650826931,0.888671875,0.43260698312773893,0.24498922171551385,176.87670075420255,19.433859454977934,0.5893359807818741,0.3943357021071279,169.9423901716906,44.42455505050549,9.627711477615073,5.452259519134879,12.701590231781719,6.845580426687674,0.06252610610849516,0.04183738437216516,5.120179656112915,2.845473522998994,-0.5893359807818741,-0.5231418572806414,-0.4835984472378228
stage2_soh,24,-0.27294096633325204,0.9705494021858725,0.2040333079139928,0.12486620524619178,254.167868474171,9.665067916957646,0.38133274839063136,0.25293166868001893,134.9756977517353,25.700079800485014,-0.38133274839063136,1.9078532433977313,0.9803921568627451,0.35210313717580405,0.23118400828474583,131.63250540943153,21.65521783731762,0.5756648409854831,0.4101145320466957,164.83625680450118,42.84907962455416,7.836090371409446,5.145023119857699,13.87343493538379,7.823120342856685,0.0610756548117677,0.0435114528615189,5.7566318582816915,3.35446023931027,-0.5756648409854831,2.013203889131546,0.888671875,0.4285487147976322,0.24334204333172238,185.72667945224498,20.073979730987823,0.6098446927282213,0.4140471241753403,192.3915403519378,48.17501093484387,9.537394311908404,5.415601400219065,12.763665346413113,7.442052071200472,0.06470199548420337,0.043928684594749995,5.436443931864945,2.88140108356618,-0.6098446927282213,-0.5756648409854831,-0.4835984472378228
stage2_soh,25,-0.25861391873052936,0.9699625907723906,0.20355287018381896,0.12450634240070196,256.6249975616024,9.583097060192777,0.3812539041449513,0.2537286048715086,133.4260212099271,25.80307932988317,-0.3812539041449513,1.4941094178779453,0.9803921568627451,0.35231899882244605,0.23062483135464729,130.83415978909187,23.40138947912285,0.5356223748512068,0.39158161627311333,155.4513166084516,46.46853094396424,7.840894393845529,5.132578581609599,13.735386556948475,7.182709516356425,0.056827315039544864,0.041545187274575714,5.435450024056425,3.427701620256178,-0.5356223748512068,1.7392880022525787,0.888671875,0.4302902640154955,0.2420020212248346,179.1328442741153,18.6673493097582,0.5688619081119438,0.38785904149926864,176.59072804202273,48.73175324135989,9.576152663131559,5.385779074824627,12.587343578528145,6.790872323216968,0.06035389181651401,0.041150237512646334,5.032531796560324,2.8815316529217494,-0.5688619081119438,-0.5356223748512068,-0.4835984472378228
stage2_soh,26,-0.2953414536883054,0.9703293479058168,0.20410024318848302,0.12459783351821388,256.53465390524906,9.607890584212491,0.37626297502398315,0.2497849303457143,134.49997931783085,24.902321292572623,-0.37626297502398315,1.2987110801771575,0.9803921568627451,0.3556835060273139,0.22744012405803682,134.2478222764838,21.901002012576292,0.5280409557858565,0.37008821686236737,157.12495465770021,43.70512546937182,7.915771836642748,5.0617026036705965,13.645829761841556,7.3025188597670025,0.056022957884388394,0.039264826638176736,5.176432161466265,2.759005074331384,-0.5280409557858565,1.7199577987194061,0.888671875,0.43078771240572694,0.24236617029237095,195.08315110272952,19.71880588823427,0.5675915917166179,0.38240722740101774,167.57383821249545,46.321782412982174,9.58722342657954,5.393883248575441,12.67030735462023,7.009852892289098,0.06021911650953186,0.040571822622147403,4.946536639588361,2.9559253418881637,-0.5675915917166179,-0.5280409557858565,-0.4835984472378228
stage2_soh,27,-0.3027708702423878,0.9713195921660677,0.20493657910135352,0.12532908961223907,257.44142458894197,9.714128884096223,0.3713402290938487,0.24625097755560302,130.86095312403626,24.970363858765115,-0.3713402290938487,1.7475148182289273,0.9803921568627451,0.34449534174682744,0.2260215637894968,133.63746523773077,22.489342225087483,0.5645780122535431,0.3944422264090356,160.33754494661446,39.40457874782916,7.666778126744921,5.030132403669736,13.631809199875093,7.160277048436662,0.059899388212907904,0.041848686159297474,5.599762496570195,3.2778338101569684,-0.5645780122535431,1.8909805119037628,0.888671875,0.4314163879771214,0.24436063628490956,173.92603373169752,19.027919198142918,0.5655910926290738,0.3877370311784034,172.14683778220868,45.93039169676565,9.601214664008603,5.438270287798075,12.841972927171778,7.151223878170807,0.06000687184384594,0.041137292723056815,5.0876164184152035,2.8787407524571824,-0.5655910926290738,-0.5645780122535431,-0.4835984472378228
stage2_soh,28,-0.2943412914390147,0.9699625907723906,0.20438215943674587,0.12426130568829569,259.07082660958037,9.519331004103378,0.37290404009196626,0.24908284984007031,131.9914590799191,25.35482026632959,-0.37290404009196626,1.7953370365442014,0.9803921568627451,0.3595267765920919,0.22798535115012497,129.74342610837698,20.53749113028448,0.541290947076901,0.3933066264657742,169.03725637214694,41.92939869342988,8.001304205677965,5.073836686884998,13.851316942085736,6.858157679008157,0.05742872706939784,0.04172820370978717,5.532040938301172,3.519641415805146,-0.541290947076901,1.9105333983898163,0.888671875,0.42837609873326143,0.24227005333432317,172.8332546963331,18.461352491375635,0.5648900742624525,0.3835948105715943,186.13932005606694,44.6997238146825,9.533552724211072,5.391744156105181,12.525807587391403,7.147113164420965,0.05993249669926845,0.04069782027672403,5.006809573001408,2.940487882730905,-0.5648900742624525,-0.541290947076901,-0.4835984472378228
stage2_soh,29,-0.3338210163581295,0.970989510745984,0.20533474035470387,0.12528393984173017,262.3227440209785,9.65965243831988,0.3690486849412919,0.24329610293867926,128.10172604983228,23.899525081071403,-0.3690486849412919,1.5405383507410686,0.9803921568627451,0.35366634545011394,0.2270830613834893,128.57053047832287,20.075782630691037,0.5403607043312121,0.3816492570673718,170.3094400337426,40.16712115121091,7.870879727179119,5.053756138301232,13.556960670696602,6.979400634762465,0.05733003216781313,0.040491405109804514,5.353548710537216,2.960016420144293,-0.5403607043312121,1.9157251417636871,0.888671875,0.4320042866499265,0.24497888459518435,173.40275493064038,19.681496631581993,0.5811414083274904,0.3922334929193312,178.48682078216203,43.36761302454174,9.614298407500023,5.452029465492837,13.003593824370625,7.193156295345541,0.061656695918883474,0.04161434868619866,5.074514031928039,2.9649739972520894,-0.5811414083274904,-0.5403607043312121,-0.4835984472378228
stage2_soh,30,-0.3265308610833173,0.9709528350326414,0.2046972381541136,0.12442125737290709,252.31074892784875,9.578459533987653,0.36476751613947683,0.24217670926919374,129.69512065233897,24.355225253817608,-0.36476751613947683,1.84307767830643,0.9803921568627451,0.3562211345089699,0.23036010388065786,129.67304051352536,21.746929690975552,0.5539678485580054,0.3955311931158398,165.72929780328516,43.715178307309856,7.927736812025507,5.126687045321071,14.037571027749191,7.532588115955359,0.05877369379972183,0.04196422101560802,5.605022132993966,3.288629747357695,-0.5539678485580054,1.9628056585788727,0.888671875,0.43098419473546884,0.24192680607302464,193.59977043825342,18.843189498653437,0.5797787142237767,0.3988663806094337,172.90119240220542,45.882144676754805,9.591596160388708,5.384105154133065,12.797369989576264,7.169466188870306,0.061512119719736115,0.042318070591938844,5.235653165634016,3.011714848286076,-0.5797787142237767,-0.5539678485580054,-0.4835984472378228
stage2_soh,31,-0.35939114110656767,0.9703293479058168,0.20371926106914315,0.12442536980201245,256.2664903624957,9.560244473781749,0.36117722471798935,0.23794138152793595,128.96370274793384,23.538317203093328,-0.36117722471798935,1.3478518490697824,0.9803921568627451,0.3536507148930178,0.22835637439115375,125.74141582714087,22.16362854230362,0.5311859246216739,0.375369328516992,158.2070362418579,42.3951619302416,7.870531867574847,5.082093846051242,13.567633431013368,6.956958067846305,0.05635662604915128,0.03982513070657892,5.194067103120965,3.101388716329512,-0.5311859246216739,1.9603331685066223,0.888671875,0.43070296437173294,0.24161649191592005,176.32684491610354,19.065759279250514,0.5778912323499025,0.38607211282942444,182.46360570299106,41.9762567979505,9.58533735064593,5.377199081673435,12.827538203136974,7.1708353751490765,0.06131186571222219,0.04096065178351647,5.029343014225064,2.656294116613794,-0.5778912323499025,-0.5311859246216739,-0.4835984472378228
stage2_soh,32,-0.3228564678743861,0.9701826450524462,0.20490207285779632,0.1250610851655414,257.3475458287372,9.601620216573508,0.3641983782953253,0.2421943628201568,129.40377126377717,24.612797280160287,-0.3641983782953253,2.039446970995735,0.9803921568627451,0.3484211466705749,0.22555319939319993,129.08822874047644,19.7500320356844,0.576869164810113,0.4133583304298786,174.42391681442393,44.769871065845315,7.754147306155695,5.019708907402218,13.415550143571886,6.944361341563576,0.061203428580387575,0.04385560643183439,5.826698007388756,3.5167792711358787,-0.576869164810113,2.1683985888957977,0.888671875,0.4268169412906056,0.23996624356641405,158.90471057717667,18.665681696387423,0.5963973690953036,0.4067260764013554,188.1850215845325,44.49398579084239,9.498853520103138,5.340472640365014,12.497049614303137,6.902068910765398,0.06327529015521331,0.043151951754962684,5.376321374835931,2.871837063890534,-0.5963973690953036,-0.576869164810113,-0.4835984472378228
stage2_soh,33,-0.35067470228428066,0.9701459693391037,0.2035864933138712,0.1243135870254781,256.1918237017374,9.557325753822322,0.3600640199558535,0.23891026783153346,126.898031045284,23.956259923108853,-0.3600640199558535,1.3548526226305495,0.9803921568627451,0.35283862543766153,0.2301655556075275,132.79061552030245,23.34385560328395,0.4841014580721791,0.34242273456937466,158.06411197991716,34.34059233093002,7.8524587358984785,5.122357354134338,13.769811687779994,7.206717727472742,0.0513611592058919,0.03632963357716695,4.716577626250673,2.9660202919200565,-0.4841014580721791,1.9426653683185577,0.888671875,0.4288741063301606,0.24316628201995627,184.76435064774088,19.288200949986116,0.5837087268108403,0.39499303394586605,197.6362147291262,46.31034188775607,9.544635932859117,5.411689814727825,12.649521543152371,6.977337941868565,0.061929077774291776,0.04190712455711519,5.114902722655348,2.789809400680226,-0.5837087268108403,-0.4841014580721791,-0.4835984472378228
stage2_soh,34,-0.3619232698318623,0.9702559964791315,0.20412469280002157,0.12514888506637445,257.11105132424996,9.626478070815525,0.35928186041616805,0.2375417905587077,126.05667304141045,23.856920636654166,-0.35928186041616805,1.3629757890514298,0.9803921568627451,0.3451800728113775,0.22522355951642728,130.48930980838858,23.79272013982397,0.533547421805786,0.3652316643262976,158.07659134606646,35.24208820710284,7.682016884754756,5.012372739127406,13.561927372251958,7.189666921728332,0.056607171117369945,0.03874956653342476,5.110396999500904,2.785711731162479,-0.533547421805786,1.884937733411789,0.888671875,0.43058617695795043,0.24333123138239898,159.10168190846855,19.309863949878864,0.588250174628014,0.394073885441685,174.77671402270659,46.09651449406307,9.58273823512545,5.415360779210491,12.694564574845359,7.409520730206184,0.0624109065737587,0.041809606708594155,5.115506838358226,2.81175275509957,-0.588250174628014,-0.533547421805786,-0.4835984472378228
stage2_soh,35,-0.3706433962002317,0.9712095650260397,0.2042305367877325,0.12483601865717571,258.3978508381733,9.714245116794201,0.35746098276999244,0.23557290053791283,126.84538916670085,23.445388198825043,-0.35746098276999244,2.0098493519951317,0.9803921568627451,0.3546654736511805,0.22939615616319226,129.06284392123473,21.723243718482767,0.565838233680525,0.40957615221394045,172.85088722344588,44.8413110127999,7.893115424761877,5.105234292903238,13.586312983946677,7.369301384271711,0.060033092485569366,0.043454332991619125,5.774288905742654,3.4579493782214152,-0.565838233680525,2.2400729060173035,0.888671875,0.43194472417056595,0.24628997429499577,197.11466558568162,18.91185982930687,0.585002434397193,0.40283022170478944,182.26829826678062,46.6986250221571,9.612972838592125,5.48120789728743,12.933325363933417,7.2352296333889194,0.06206633478973879,0.04273861771108234,5.2737526695348,2.9328519098790133,-0.585002434397193,-0.565838233680525,-0.4835984472378228
stage2_soh,36,-0.36774012503459225,0.9698158879190201,0.20419669388241704,0.12453970841130499,257.3352459126733,9.673127037628078,0.357868621001582,0.2363949120561844,127.20562552254768,23.577926979738308,-0.357868621001582,1.6289495790705961,0.9803921568627451,0.347148653299601,0.22606061491202198,130.90201030003576,20.421066179227786,0.5155681359225032,0.36580543718574676,155.81342528504933,40.32056482942063,7.7258278395018305,5.031001490289261,13.2783289342738,7.208263675477321,0.054699643368255314,0.03881044145683347,5.084984244063303,2.8111907920497092,-0.5155681359225032,2.0269525945186615,0.888671875,0.43291395677096045,0.24291817748962785,183.7649372764396,19.44696225645062,0.5594191133052872,0.37820910034133703,182.52584402935955,41.88348004499625,9.634543206605672,5.406168223705366,12.470155244920347,7.249982590519238,0.059352050406358735,0.040126418732769585,4.88086223248273,2.839299515912373,-0.5594191133052872,-0.5155681359225032,-0.4835984472378228
stage2_soh,37,-0.3867625104290614,0.970109293625761,0.20481670003205285,0.12477057191256295,258.8384982955907,9.600444288178778,0.3516565489207614,0.23213771982872672,125.55484386505306,22.904295027940883,-0.3516565489207614,2.3624418576558432,0.9803921568627451,0.34461306512663026,0.22363875541543843,125.59045371145366,22.89730963083049,0.604076740461952,0.4445233742669955,203.93622415424073,41.693058017506274,7.6693980722823625,4.977102766085023,13.23283665540742,7.058375316491321,0.06409003964374882,0.04716208847498103,6.221217729874219,4.232585124085981,-0.604076740461952,2.4899683594703674,0.888671875,0.42818605635205303,0.24149737927473325,180.58052899564265,18.61300432281145,0.6152476663508284,0.42979485756313807,219.72424908547174,52.90422684143699,9.529323312097645,5.374548217985586,12.413552822089144,7.296126430385845,0.06527522860256876,0.04559945386878516,5.6485899597398275,3.245866767936864,-0.6152476663508284,-0.604076740461952,-0.4835984472378228
stage2_soh,38,-0.38879914756549794,0.9691557250788528,0.20387564697393173,0.12477362403154046,255.1180606988338,9.682792631783025,0.35264208759515037,0.23341412256183666,123.9058987256756,23.17852481876773,-0.35264208759515037,1.6713168621063232,0.9803921568627451,0.3544000476879419,0.22772956124561675,128.310162855742,21.746078878600134,0.5082498602900145,0.36717037418537646,153.73790003815327,36.768721007941565,7.88720834352557,5.068144057095051,13.672108333268758,7.3221301530936,0.053923204641196563,0.03895525561794583,5.066670787665086,3.0204651074724125,-0.5082498602900145,2.085433155298233,0.888671875,0.43157624279091455,0.24367771188735787,175.9092609093406,18.485073302822254,0.5747201665277119,0.39142973460684516,184.93291453030747,45.909160590929325,9.604772248803886,5.423071737342152,12.625464670656402,7.196794490610368,0.06097542876531754,0.0415290732589875,5.071661782083107,2.98416756326315,-0.5747201665277119,-0.5082498602900145,-0.4835984472378228
stage2_soh,39,-0.4063945495311944,0.9705127264725298,0.2038604645715871,0.1242128748294773,260.13238494477565,9.620192943926572,0.34950049069437855,0.2307213338613614,125.2640854078297,22.72549250773585,-0.34950049069437855,1.9872290994606765,0.9803921568627451,0.34915475770917415,0.2244636681542604,131.34551036783694,22.205167331989728,0.5612104405634412,0.39933990958995896,169.02803970256807,39.775925735190654,7.77047389285423,4.995461281211541,13.302152323590489,7.292799846038541,0.05954210280748615,0.04236831005507579,5.588149508689347,3.4752691291038786,-0.5612104405634412,2.374320864677429,0.888671875,0.4268051021624501,0.2371559731036541,184.69238232585298,18.61522991380231,0.596884856882082,0.3976920001605322,194.67296415627933,43.42250409428527,9.498590039127397,5.277929791440341,12.198212223961088,6.661070465858806,0.06332701058986633,0.04219347369143679,5.177213414011211,2.773185383255309,-0.596884856882082,-0.5612104405634412,-0.4835984472378228
stage2_soh,40,-0.40316283667217845,0.9698525636323626,0.2048096647103368,0.12469304278140428,258.2150202484299,9.514921202281492,0.3485053331931472,0.22963244545057337,123.69704809332515,22.752935506035584,-0.3485053331931472,1.8941663433523739,0.9803921568627451,0.36212317097714236,0.2356592547696303,137.27057392102026,23.523343736782486,0.5503460217376337,0.38523553368434604,149.92770719864927,44.22556816706687,8.05908722120082,5.244620175911127,14.200567856713329,7.775408358428182,0.058389432978285624,0.0408718942019347,5.430059788514458,3.4550575727130806,-0.5503460217376337,2.123465359210968,0.888671875,0.427474264502601,0.24058024284113344,183.74760190819399,17.92465696859957,0.5600206106278622,0.38063216566797564,175.54405102583306,42.22767561039312,9.513482313625788,5.3541372553504765,12.466151071939167,6.744820644291613,0.05941586678045048,0.04038349592585089,4.952330277593417,2.7637164504377987,-0.5600206106278622,-0.5503460217376337,-0.4835984472378228
stage2_soh,41,-0.40207786989135086,0.9702926721924742,0.2038530855332562,0.12428169063903716,257.1156320671324,9.52791359751167,0.35171977825113504,0.23140178387153768,126.17235720134855,22.936413252976784,-0.35171977825113504,2.5261359121285234,0.9803921568627451,0.34933605882841995,0.2300337853238863,131.5425106154986,21.912574564629516,0.6009535098027284,0.44598575689665537,189.17161129389643,47.94991560876899,7.774508767312446,5.119424793353538,13.877862706215463,7.686050452119662,0.0637586778094674,0.04731724121374986,6.297281587797674,4.075186732526345,-0.6009535098027284,2.355414092540741,0.888671875,0.4302165153711676,0.24267668677748588,190.16590165352528,19.496116299142734,0.5904710680596552,0.4077294047619944,198.7991999311049,47.573948214769715,9.574511379710007,5.400793823865085,12.579531198616253,6.941095394145306,0.06264653416632184,0.04325840073752056,5.371097022678969,3.1843082362946458,-0.5904710680596552,-0.6009535098027284,-0.4835984472378228
stage2_soh,42,-0.418275555152672,0.9706227536125578,0.20477142574141843,0.12516907103876357,258.340946614833,9.574105325940074,0.3478590944904569,0.22889689245010336,126.2496900880564,22.61440490530355,-0.3478590944904569,1.9939499322105856,0.9803921568627451,0.3624681578066668,0.23596629788003423,133.22807757895512,24.94100096443042,0.5635926686704377,0.408752833475934,175.90136876010766,46.74369430692877,8.066764937436982,5.251453450900787,14.313806469833649,6.949926622691786,0.059794847340740497,0.04336698228429354,5.739554224931645,3.4040188941044542,-0.5635926686704377,2.246935486793518,0.888671875,0.4318347055949143,0.24343427596068068,184.38707065314597,20.418923474256623,0.576202583248902,0.3885957815036818,179.1269906674886,43.09701907271733,9.610524364238115,5.4176540465587335,12.702623994556923,7.262155056237006,0.061132707038202165,0.041228402575008885,5.063445466906396,2.624176797882274,-0.576202583248902,-0.5635926686704377,-0.4835984472378228
stage2_soh,43,-0.4303277003033219,0.970402699332502,0.2036468462924947,0.12483471117320485,258.2198036546866,9.578131274609467,0.34445351602573354,0.22657134611909172,120.63234014064325,22.21986639151916,-0.34445351602573354,2.0774478818856035,0.9803921568627451,0.3541965020482004,0.22875499553686263,130.91487941056414,22.908345617075376,0.5850810330738389,0.42038373211763946,184.57973556652118,41.93038402019091,7.882678415049174,5.090965199333647,13.843860593545621,7.511752149531805,0.0620746737837188,0.04460097244665153,5.930975580244875,3.7983814815886943,-0.5850810330738389,2.4036783576011658,0.888671875,0.4308921197113635,0.24422319508812507,188.72950372613423,18.354527731517056,0.5949974238920189,0.40596533837833704,210.65869373093994,46.09364535936122,9.589547021560731,5.4352115202807045,12.554086123594457,7.235546861611659,0.06312676176872226,0.043071240602243134,5.2979759001393205,2.864705191986548,-0.5949974238920189,-0.5850810330738389,-0.4835984472378228
stage2_soh,44,-0.43903701042780074,0.9697425364923348,0.20528358620965556,0.1250757993877834,255.4851702564364,9.585241131350347,0.34571092324124914,0.22708456077387193,123.26614839274455,22.498182819864677,-0.34571092324124914,2.6291317659265854,0.9803921568627451,0.3381837108574386,0.22449194991449808,134.44349200303728,22.787583483636414,0.6153054710272156,0.45070040304049414,193.05873897598255,49.30323491393242,7.526312152948341,4.9960906946012145,13.155371681576593,7.7111445291519045,0.06528136143926501,0.04781744563816422,6.389609370471892,3.974841904802985,-0.6153054710272156,2.588292717933655,0.888671875,0.4328587541890333,0.24498626244712796,174.94128043295075,19.506770102044758,0.6040830061949053,0.42229479239176726,218.7830257653761,51.362116758039846,9.6333146676492,5.452193660322341,12.652183960098931,7.037810578591481,0.06409070441205798,0.04480372802475371,5.560613312247154,3.2186536579128173,-0.6040830061949053,-0.6153054710272156,-0.4835984472378228
stage2_soh,45,-0.4304428529749873,0.9707694564659283,0.2044763377661681,0.12522598237546353,261.82057902259066,9.601596535211211,0.34580032759539436,0.22723784307973974,123.44912213929912,22.359531437657246,-0.34580032759539436,1.9800793937608308,0.9803921568627451,0.35252442891988084,0.2304721875755372,132.0563232897353,21.403553128575716,0.5901151673518488,0.41666667960931125,185.67915043488037,38.265975231824875,7.845466261115495,5.129181479109081,13.757223470123233,6.615359600596667,0.06260877457561964,0.04420660857421626,5.8837851707946855,3.2438998711566445,-0.5901151673518488,2.42681086063385,0.888671875,0.42855221324215426,0.2409397642732074,190.78660412414524,19.03938489853426,0.6092632633744095,0.4103262172975519,207.02569442045564,48.954545946054964,9.53747217013953,5.362138440613371,12.463462746357521,6.91964052740482,0.06464030823846148,0.043533911789682564,5.357110679751731,2.856118755399793,-0.6092632633744095,-0.5901151673518488,-0.4835984472378228
stage2_soh,46,-0.44328184402549486,0.9696691850656495,0.2036125762066774,0.12440865751652402,256.79196553636757,9.591992617843317,0.3435481239921484,0.22545061098337696,122.78517740649427,21.82975779235167,-0.3435481239921484,2.1076059949164296,0.9803921568627451,0.3585936753897339,0.22960795240257592,132.16954366003284,23.462392564768656,0.5834947412654262,0.421826262634211,196.34054998589315,39.929650889026775,7.980537945524772,5.109947839296058,13.790248717564596,7.179310163753616,0.061906374794405,0.0447540189584634,5.901678694984552,3.7533733540063436,-0.5834947412654262,2.306106984615326,0.888671875,0.43308265277679464,0.24312954526249086,180.38067034793607,19.869037543012197,0.5941992499920004,0.4038068405006925,222.96367126075134,45.97010188788995,9.63829755301001,5.410872234533111,12.654780805247054,6.865941673283569,0.06304207882453923,0.04284223291947191,5.2747361346537645,3.0212910027272164,-0.5941992499920004,-0.5834947412654262,-0.4835984472378228
stage2_soh,47,-0.43717180804671857,0.9699259150590479,0.20363454065163805,0.12459322771501424,255.6822310009088,9.630677524569586,0.3467802277371048,0.22724813211545034,123.9035675434261,22.260002469344037,-0.3467802277371048,2.3091617846021464,0.9803921568627451,0.34857515106125764,0.22539723628912778,136.97212141537028,22.45153486273945,0.5618536250223664,0.40897281039917077,182.97139600701266,40.98352178950115,7.757574689202219,5.016237932994215,13.566618114815048,7.162687585034961,0.05961034201404663,0.04339032092454673,5.7284830107033,3.4863608269018744,-0.5618536250223664,2.360631227493286,0.888671875,0.42923845434771324,0.2413879762752913,166.52367924347786,18.93484545657777,0.5891237154117677,0.4052513330975671,203.2355339888099,45.19629332488796,9.552744534262349,5.37211344334141,12.70571273295228,6.757150100717855,0.0625035856320823,0.0429954875998756,5.294284852887799,3.0483830145654434,-0.5891237154117677,-0.5618536250223664,-0.4835984472378228
stage2_soh,48,-0.4561305387279113,0.9704393750458447,0.2054145723224082,0.12509326420960484,256.11602709910716,9.633612417545402,0.3413918404643673,0.2236492228835499,119.71633882679771,21.879785867155267,-0.3413918404643673,1.409222876324373,0.9803921568627451,0.34695245009055403,0.22231991056754602,126.71259387786597,20.95959018460148,0.46841399697020886,0.32687226638161376,136.87901627723306,33.50971358490263,7.721461317551518,4.947751742697826,13.371363663038965,7.108206948224499,0.04969678457169199,0.034679793323641704,4.539490258315314,2.656606272234577,-0.46841399697020886,2.0778187215328217,0.888671875,0.437133605857157,0.24702739677741192,187.84730376849518,19.57268933817275,0.566903133437568,0.37923970739393553,166.94655936204563,43.28984097943106,9.72845191710535,5.4976193080475575,12.994488354870505,7.258856545066577,0.0601460739382128,0.04023576187153644,4.896927813943773,2.924687076403349,-0.566903133437568,-0.46841399697020886,-0.46841399697020886
stage2_soh,49,-0.46469539421840955,0.9706227536125578,0.20431530739117118,0.12476079362187514,257.6028491385121,9.66797144192616,0.3403791989560753,0.22353122517288793,122.04486274677006,22.153240210661217,-0.3403791989560753,2.4111926088146136,0.9803921568627451,0.3470110575905091,0.2258057883146274,134.29093870475728,22.169095084163907,0.5728266449393846,0.40780220068443346,174.55062668546438,43.634422605046844,7.722765633297675,5.025330298995028,13.39710267420951,7.2622333302021085,0.06077453396912099,0.043266124083318404,5.77903003131346,3.437668206497764,-0.5728266449393846,2.406046509742737,0.888671875,0.4341932643463714,0.24605206960495707,189.13344047253065,20.729722807378387,0.5885983094919343,0.40189478069441975,191.81336484463304,47.49615844429086,9.663014324057668,5.475913304726061,12.763287532515829,6.968573377635565,0.06244784224059626,0.042639371295149935,5.26295029352592,3.03984728241047,-0.5885983094919343,-0.5728266449393846,-0.46841399697020886
stage2_soh,50,-0.44768007492569656,0.9698892393457053,0.20555326633776738,0.12534483889778636,259.64595331301985,9.583362386783168,0.34209468625297,0.22467721678835914,123.38813665018047,21.522270921804648,-0.34209468625297,1.9608048878464044,0.9803921568627451,0.3485457022874222,0.22820368007409805,130.19218234610773,22.390659828304116,0.5418115603578573,0.3887883174774127,176.14770269137793,39.2300002777843,7.7569193038087425,5.078695618823714,13.564633775058752,7.327748826980473,0.05748396198175358,0.04124882984419959,5.429396959689983,3.3098016904668928,-0.5418115603578573,2.293130099773407,0.888671875,0.4297450672045889,0.24216897484984656,194.95386308834097,18.54341619407021,0.5900247496135705,0.39540748538001935,183.42923345387564,43.113542406477634,9.564019253827865,5.389494644370306,12.68435928933905,7.275201501949801,0.06259918162816347,0.04195109613732366,5.165076178938074,2.777104489859526,-0.5900247496135705,-0.5418115603578573,-0.46841399697020886
stage2_soh,51,-0.4726989940349891,0.969522482212279,0.20516644165207143,0.12502012485295325,259.44583795081866,9.605505047629253,0.3404001699320375,0.221809039052089,118.34115955602978,21.77360042322197,-0.3404001699320375,1.8050702693415623,0.9803921568627451,0.348930503331755,0.22187678476192935,123.6172947900565,20.20261215775481,0.5019349337971957,0.34234875516381624,162.31912998885167,33.376415390322585,7.765483089359165,4.93788993377852,13.287329902864382,6.581932876178335,0.05325321710126477,0.03632178466871298,4.828438017358853,2.562411303276793,-0.5019349337971957,2.396156668663025,0.888671875,0.4335716017258621,0.24425502809845057,188.07275670039002,19.650692195808272,0.5806833109654882,0.38741613919955853,190.09740818181996,41.513819546596494,9.64917916054873,5.4359199670946285,12.978340967132324,7.246056682954579,0.061608093686543,0.041103247413466173,5.055094037036831,2.7207486362306774,-0.5806833109654882,-0.5019349337971957,-0.46841399697020886
stage2_soh,52,-0.4884217485904624,0.9702926721924742,0.20536436985587214,0.12471364720146486,259.341527511813,9.585797385361985,0.3372058750870164,0.2206839970293714,122.135741489558,21.429348958522056,-0.3372058750870164,2.2723511761310053,0.9803921568627451,0.3489813625393866,0.22872417926441366,131.96894133245263,21.973318847936014,0.53326360880841,0.373791781206177,169.70375253865708,36.040880588899206,7.7666149660882855,5.090279380122388,13.66198027066373,7.018202182214678,0.056577059734105414,0.039657759472234246,5.228787182973247,3.2213819343221766,-0.53326360880841,2.597504198551178,0.888671875,0.43249738435829055,0.24455161445439444,188.22610272493137,20.190259163685663,0.5913218100237619,0.4016838234038005,197.63478912022686,46.557572069805914,9.625272346089915,5.442520525972758,12.679074467611208,7.099151743018579,0.06273679436432995,0.042616989600551686,5.2684609128984405,2.930126755382674,-0.5913218100237619,-0.53326360880841,-0.46841399697020886
stage2_soh,53,-0.4823678602329714,0.9706227536125578,0.20524687333485017,0.1251624017571708,259.3684969453293,9.58872607838372,0.3360967974459773,0.22024819972102186,119.46307098118902,21.552464743938305,-0.3360967974459773,2.544276377734016,0.9803921568627451,0.35071510981845655,0.2271464548858942,131.99669286201464,22.22870442962384,0.586965617386048,0.4231023449158552,183.25688855205902,45.48470594679632,7.805199684386873,5.055166967008382,13.645782576971369,7.174858354261219,0.06227462037194384,0.044889406002097496,6.00700946347093,3.632958226434377,-0.586965617386048,2.448800563812256,0.888671875,0.4321590448940386,0.24328392906136287,182.18501419840572,19.111273660722354,0.5968293058780633,0.40402466074738186,188.22051241640966,48.97906463009793,9.617742567629666,5.414308061346658,12.633882764274766,7.0250042816259,0.06332111685847205,0.042865342745277916,5.327035044804617,2.7983861495070856,-0.5968293058780633,-0.586965617386048,-0.46841399697020886
stage2_soh,54,-0.477341513566223,0.969229076505538,0.2052159546085284,0.12562989299782637,262.67879019794856,9.711750927330174,0.33441747239948943,0.21976438649333646,118.69282577495387,21.509579068769238,-0.33441747239948943,2.1657198036418244,0.9803921568627451,0.3599641563221052,0.23074957491903036,131.3236111848778,21.22974982947438,0.5565521343206772,0.4029236709808602,176.92505320666996,42.127485681531105,8.011038135112667,5.135354762053767,13.79510990241734,7.373061318083138,0.05904787581317554,0.042748532292139506,5.645114576934401,3.4760868246334025,-0.5565521343206772,2.347070574760437,0.888671875,0.43256593491680045,0.24316815946804127,179.26043792445785,19.36378661752945,0.5812149219698239,0.397760310992453,194.26368780406904,46.78203435297192,9.62679794559409,5.4117315975218645,12.66927476129804,6.736113572830002,0.06166449541178883,0.042200721187711114,5.206157864368886,3.0067350646812425,-0.5812149219698239,-0.5565521343206772,-0.46841399697020886
stage2_soh,55,-0.5032771272634119,0.970109293625761,0.2032551864724872,0.12454749303272669,256.41134786470303,9.591605714226407,0.33342630267262763,0.21719717098972502,119.75785648907988,20.841034998737868,-0.33342630267262763,2.4776887753430534,0.9803921568627451,0.35444732544242374,0.23041890435121662,135.02999272982586,22.77248911897963,0.5559294596405356,0.40222336136389014,182.14191971545625,43.90210434400605,7.88826051465829,5.127995655647226,13.800230874097222,7.341046083308171,0.058981812609177786,0.042674232342963865,5.6162589571628425,3.345389578708856,-0.5559294596405356,2.466620922088623,0.888671875,0.4283949185961327,0.24178839656269702,187.97777501653655,19.82800904194019,0.567925912363213,0.38568122374545055,193.59631964932836,45.406414844411884,9.533971562132882,5.381024836701392,12.408828950300169,7.016300913479408,0.06025458654513962,0.04091918007104988,5.055966483659034,2.805570574500414,-0.567925912363213,-0.5559294596405356,-0.46841399697020886
stage2_soh,56,-0.5039147294329275,0.9701459693391037,0.20394120790783424,0.12468868863896895,259.684980990313,9.602172869725738,0.33579482178949865,0.21782725042460144,122.51245263407708,20.55605223170325,-0.33579482178949865,2.20078379500146,0.9803921568627451,0.3455232931470181,0.2238465399463095,132.50142040065293,22.085174531122362,0.5182534216399171,0.3746461001745261,163.87583156667785,38.869639588763825,7.6896552874936726,4.9817270315055096,13.325435997812706,7.139558568861391,0.05498454105849288,0.03974839917557397,5.242092860272383,3.1315081047302655,-0.5182534216399171,2.52399218082428,0.888671875,0.4313022755839247,0.24338438609993318,167.73537685527543,19.029636885642397,0.5697058641857377,0.38634714008640003,184.6283056849349,42.87757315858825,9.598675081337573,5.416543742741022,12.571769969735099,7.38957333023121,0.06044343205967198,0.040989831036121374,5.032000740207883,2.8159180256299416,-0.5697058641857377,-0.5182534216399171,-0.46841399697020886
stage2_soh,57,-0.512398706951154,0.970402699332502,0.20521956088565887,0.12449594698798691,257.33265527335493,9.472008519675935,0.3333348578410932,0.21752641971354664,120.58547601483956,21.03856138535994,-0.3333348578410932,1.9342824571272905,0.9803921568627451,0.3432345702348436,0.21994154500391552,133.4986456142331,21.46008028039035,0.5443690432099776,0.38159535844426823,166.77915802934663,41.14235124801468,7.638719531229848,4.894820980301492,13.24860881805471,6.929580572337396,0.057755300317434664,0.04048568668917999,5.351088152002222,3.310939002269934,-0.5443690432099776,2.425805985927582,0.888671875,0.4239846509102191,0.24090650343987363,154.13139346252092,18.47100884666449,0.5856245389946393,0.39347447366890265,188.86830985485622,48.382592289168315,9.435820615719498,5.3613982174562524,12.519318794354334,6.963224556851122,0.06213233751032425,0.04174601160269556,5.1443609493974645,2.934518908845067,-0.5856245389946393,-0.5443690432099776,-0.46841399697020886
stage2_soh,58,-0.507553613798849,0.9693391036455659,0.2044456505328854,0.12457309459493361,258.2114210840622,9.500938030859897,0.330873495571742,0.21631798681778522,116.9040089164998,20.997626015219346,-0.330873495571742,1.975616543900733,0.9803921568627451,0.34668862341735135,0.22227354609297917,125.64744103982044,21.430066272299598,0.5209110565789562,0.3766461183606903,166.33795257102403,39.67291233577792,7.715589828674176,4.946719896700536,13.437265643279767,6.808711160251979,0.055266505115694246,0.03996059281961571,5.2553880759045395,3.3225446031783026,-0.5209110565789562,2.5311843752861023,0.888671875,0.4311446704348108,0.24493081098262337,184.91176411393107,21.35990721225788,0.5906111328782826,0.398046460477417,203.88322135814363,46.95968419618859,9.59516756305369,5.4509595824593315,12.839180073000339,7.349883965001592,0.06266139446332922,0.042231080462629314,5.179297672423907,2.7205268617867597,-0.5906111328782826,-0.5209110565789562,-0.46841399697020886
stage2_soh,59,-0.5052981098933064,0.9702926721924742,0.20398324882547134,0.12448161569699141,258.0369842951,9.497353558207777,0.33494550071961027,0.21879272655380205,120.71139034352323,21.346475032258795,-0.33494550071961027,1.874609302071964,0.9803921568627451,0.3549354145469222,0.22748741064695457,132.4778236811391,20.85372299640882,0.5197851912539704,0.36544461930901107,162.24037917698462,38.088802961245236,7.899122986270523,5.0627549714145665,13.58621704826772,7.399189775562487,0.05514705546885521,0.03877216017487833,5.104629450024052,3.0193563037448143,-0.5197851912539704,2.3305519819259644,0.888671875,0.4282339079465101,0.24019659586156195,179.93026558400865,18.67817272926895,0.5714126579128986,0.38600261030842375,184.29109459982814,44.50240452880256,9.530388254096145,5.3455991536262095,12.570766087485522,7.279444722428101,0.06062451580335957,0.04095327785396761,5.004866299293846,2.8253494489334186,-0.5714126579128986,-0.5197851912539704,-0.46841399697020886
stage2_soh,60,-0.5316432007452296,0.9695591579256216,0.20440922670335843,0.12486106512577519,255.599895440007,9.600044881638734,0.3318184864038303,0.2159441352332862,118.01310404699481,20.77291292721842,-0.3318184864038303,2.8141279734817206,0.9803921568627451,0.357157794293724,0.2311077849601633,132.2144470476877,22.61451478124387,0.5936540353767827,0.4425451245168041,188.9322009326749,45.335364625041585,7.948582268784197,5.143326762180713,13.929003046995566,7.0419756315288655,0.06298423381253476,0.04695220437181552,6.210467816711199,4.000943480322606,-0.5936540353767827,2.6790908575057983,0.888671875,0.42897284265122637,0.24036032784533745,179.02670199139678,19.06017086124732,0.576566738397794,0.3990907414972753,205.59694564864304,45.31553764214944,9.546833319514112,5.349243025225441,12.497748079222234,7.052510337075305,0.06117134239090772,0.042341874352675064,5.233122677768631,3.1371837399581146,-0.576566738397794,-0.5936540353767827,-0.46841399697020886
stage2_soh,61,-0.5327007440533299,0.9707694564659283,0.20471536403527957,0.12474477956967295,257.4064088000904,9.604368228262224,0.32846989037795654,0.2141826688691819,117.36088705441374,20.69473964968479,-0.32846989037795654,2.7519017013848996,0.9803921568627451,0.3556127505202196,0.22911449401255915,131.76643334753047,22.164140800770188,0.5544047447307279,0.39480071358711405,157.87650273719714,39.88479217448091,7.914197165788314,5.0989658737000765,13.848845886723057,6.892630119037479,0.05882004667371028,0.04188672016378052,5.554713839059218,3.334690110567099,-0.5544047447307279,2.609301507472992,0.888671875,0.4251812399649433,0.23974798709605238,180.0844272104538,18.536076638816297,0.5869172802631504,0.3978664403603034,173.5893506371525,43.399706033409835,9.462450824258585,5.335615320888632,12.45885615479101,6.842939077255426,0.062269492003451436,0.04221198107397606,5.201801239731746,2.945274155180422,-0.5869172802631504,-0.5544047447307279,-0.46841399697020886
stage2_soh,62,-0.5169698706745604,0.9705127264725298,0.20459175239508426,0.12531562895972082,255.692690034455,9.69013057257019,0.330129908214799,0.21466805131625427,117.97517512597136,20.75094873979544,-0.330129908214799,1.8341172629711675,0.9803921568627451,0.357352439768754,0.22885067854989685,129.9742675827227,20.93384026207694,0.5206772132742418,0.367211437384671,160.39740968667874,39.783884284171776,7.952914123208885,5.093094634314429,13.581538416813967,7.135718626506877,0.055241695309810795,0.038959612253277744,5.1312092497443995,3.0269387709220927,-0.5206772132742418,2.32902854681015,0.888671875,0.4316306856648339,0.24301411662781902,172.14208457527428,19.461025611646363,0.5802574229568956,0.389281203293649,202.08587699581426,41.85564119831735,9.60598388038301,5.4083033587770135,12.644344546680312,7.084117750733691,0.061562908733165014,0.041301122987415576,5.098525675430732,2.9146522158169472,-0.5802574229568956,-0.5206772132742418,-0.46841399697020886
stage2_soh,63,-0.5292683970086128,0.9695958336389643,0.20395685397714186,0.12475132822867384,257.3879736565862,9.598599406886077,0.3326511750189545,0.21557535947039055,121.38217753186734,20.424170703431834,-0.3326511750189545,1.8227640133278042,0.9803921568627451,0.34498822513215815,0.22551394115183868,130.80628149211336,20.915562340941293,0.4862558036019565,0.3427133038503063,146.96195067570426,38.49207054647644,7.677747295554369,5.0188352113323775,13.300933421218314,6.825318405981491,0.05158972634175643,0.03636046177412737,4.791645813037989,2.908890518259033,-0.4862558036019565,2.3856557607650757,0.888671875,0.4254065474822995,0.24223811525916972,176.60607036191837,19.59404383304433,0.5643351474662502,0.3797394398625329,180.82094502133208,42.5855233491324,9.467465065487795,5.3910333710630525,12.616807178680176,7.375637484000474,0.05987362126509632,0.04028878141620419,4.8883422579839,2.918232113865643,-0.5643351474662502,-0.4862558036019565,-0.46841399697020886
stage2_soh,64,-0.5427164879415685,0.9705860778992151,0.20361114944868036,0.12430398420954414,260.1751669862426,9.617641016967973,0.3264197743354981,0.21221866939399386,116.2905291458223,20.56134013142738,-0.3264197743354981,2.809847682130103,0.9803921568627451,0.3573347929249779,0.23092400556539788,130.78267475287439,23.91683312121843,0.5964758457334873,0.42835702439861406,170.64454970104288,44.88230428957347,7.952521390943819,5.139236733454087,13.774799813322739,7.16870571824613,0.06328361620141806,0.04544690572656572,6.080612486148539,3.452176519024865,-0.5964758457334873,2.7673399448394775,0.888671875,0.43356645846512054,0.24404677826350962,179.16684990633746,18.332057474569936,0.5920132271932166,0.40813255735702114,198.81584868353343,49.13798290785591,9.649064696768889,5.431285346285743,12.496799520582282,7.004133489731979,0.06281015086166311,0.0433011735577056,5.363779785436593,3.0685357866839196,-0.5920132271932166,-0.5964758457334873,-0.46841399697020886
stage2_soh,65,-0.5498807440235689,0.9699259150590479,0.20490743045627513,0.12471157886541123,257.2121277792048,9.63658863962655,0.32606636170148656,0.21166608399229048,117.69637834439146,20.121381133709747,-0.32606636170148656,2.48012599290586,0.9803921568627451,0.3513506989055251,0.22675689989153078,138.5197984193867,21.15799917021108,0.5637911899703838,0.4077061214347315,179.73865190993936,43.502567845067155,7.819344782795536,5.046497381826748,13.6198238814783,6.799967545739039,0.059815909628247135,0.04325593047295422,5.693128231069747,3.3402695862772664,-0.5637911899703838,2.5510671138763428,0.888671875,0.43232090402673645,0.2459461117759929,184.51357083667014,19.691635319730466,0.616332451387603,0.4176609590058433,215.67601475881037,50.58537846815324,9.621344758741712,5.473555202693851,12.798711402360198,7.073114106820078,0.06539031980101263,0.044312097499169686,5.416364600949912,2.8921626863178336,-0.616332451387603,-0.5637911899703838,-0.46841399697020886
stage2_soh,66,-0.5485368231277966,0.9699625907723906,0.20391760423237384,0.1246232364786314,251.54308349147146,9.580102210049311,0.3249335469872417,0.21113302013582674,116.39966571735478,20.09494332231786,-0.3249335469872417,1.8509320651783663,0.9803921568627451,0.3508248953263132,0.22674629482093686,125.32411864262716,21.8889909818777,0.49327333940750967,0.3500451281045874,158.37764952971548,37.419866284607224,7.807642971793899,5.046261364924895,13.668756479717263,6.196506063264724,0.05233425781905746,0.03713833795383018,4.86051014522662,2.9889199666375545,-0.49327333940750967,2.501455068588257,0.888671875,0.42845936993434264,0.24439976447320078,188.36574729051154,20.159555146449236,0.5627085048253586,0.38252005476715567,190.996564117513,45.214357969221446,9.535405933081183,5.439141089523895,12.575238825304357,7.543533124100302,0.05970104121961861,0.04058379313828274,4.924371472711748,2.8597481510053737,-0.5627085048253586,-0.49327333940750967,-0.46841399697020886
stage2_soh,67,-0.5675596052977901,0.9699625907723906,0.2030886745295805,0.1240272779433684,252.44208341477702,9.483574852885283,0.32646592645788797,0.21165288023896986,116.65943294684286,20.08112325232301,-0.32646592645788797,2.9666420291451847,0.9803921568627451,0.35067349931834857,0.22966127455526708,131.93520567328426,21.411626043197142,0.6035510841545356,0.4439518639861204,204.3472520652625,48.52518523467157,7.804273638564443,5.111134529112677,13.582244885323131,7.247004037424471,0.06403426968717749,0.047101453601785796,6.225777690376326,3.949719395523312,-0.6035510841545356,2.7781819105148315,0.888671875,0.42988570148088456,0.2411308351529442,172.56616938953096,19.841281069388454,0.6053123079758254,0.4161153625937004,224.35871912796782,47.692220788516266,9.567149083647644,5.36639074206394,12.626721694219174,7.018559260157684,0.06422112823836365,0.04414811612281058,5.442460856121892,2.93000101705311,-0.6053123079758254,-0.6035510841545356,-0.46841399697020886
stage2_soh,68,-0.5654691719024256,0.9701826450524462,0.20420698432055273,0.12432266110134549,262.1221083950277,9.456803146130984,0.32387584579013,0.2101095848302677,117.42731434622905,19.970181048290662,-0.32387584579013,2.176155740139531,0.9803921568627451,0.35337860823879247,0.22926626284150223,130.12566114352288,22.18074421774753,0.5406161725909988,0.39289032680886415,188.25258996260848,38.39953363788139,7.864476106895536,5.102343504097522,13.856473841754589,7.319284923750524,0.05735713629184368,0.041684036040800884,5.48869244847783,3.472656321732858,-0.5406161725909988,2.494301676750183,0.888671875,0.43138168326600135,0.24115710844671412,176.38830253497576,17.550902391780248,0.5860097354538676,0.3878786823902374,214.64937947696083,43.018605482861986,9.600442307207604,5.366975456832422,12.416094827296536,7.003427929533054,0.06217320525888828,0.04115232132981145,5.031789278814193,2.6878621310372726,-0.5860097354538676,-0.5406161725909988,-0.46841399697020886
stage2_soh,69,-0.5637936939464262,0.9703293479058168,0.2041177772698239,0.1251639025826117,258.94684324061427,9.729455229644271,0.3259854753993219,0.21061486465049767,116.66882689221038,19.92877449550738,-0.3259854753993219,2.204188968621048,0.9803921568627451,0.35153811160056714,0.23154577478656874,132.1753768289334,22.75324312069965,0.5460406503577611,0.3887478792994265,178.12194821815146,38.72915340827368,7.823515670981532,5.153074269371363,13.929701515812681,7.50877268775549,0.05793265091081836,0.0412445395210392,5.468077253991231,3.2873611260556688,-0.5460406503577611,2.4788792729377747,0.888671875,0.4313132859635527,0.24498722381758853,187.4435143178408,20.30121638583438,0.5794633533351262,0.38900534981621604,197.63198562024948,44.36088358326268,9.598920118432329,5.452215055717651,12.7222332806336,7.453223687258417,0.061478661235901365,0.041271856076242966,5.044783646302223,2.9390400237074177,-0.5794633533351262,-0.5460406503577611,-0.46841399697020886
stage2_soh,70,-0.5699991433293246,0.9705127264725298,0.20411441757382967,0.12506304134258406,260.0549690351556,9.655499426470017,0.3258343405187114,0.20988534749630378,114.10345424349593,19.888476337464112,-0.3258343405187114,1.8026472306719012,0.9803921568627451,0.341558394334899,0.22152147681324505,124.9802350241756,22.854570954511235,0.5037913890960887,0.35884890066888914,163.00346489725462,40.060385485766446,7.601416069705203,4.929982520007936,13.19521393616133,6.675443316502047,0.05345017931770753,0.03807238175136021,4.945809521427104,3.291729856528846,-0.5037913890960887,2.449865400791168,0.888671875,0.4279080089333122,0.23806775875891617,179.1764670487,18.972184474206323,0.5800612155834061,0.3865930030142408,179.0181743877228,44.272904331133624,9.52313533911261,5.298221671970849,12.503226986714786,6.828812527176413,0.06154209194366948,0.041015916074224626,4.9982445975262655,2.696046783073937,-0.5800612155834061,-0.5037913890960887,-0.46841399697020886
stage2_soh,71,-0.5887794461750822,0.9702926721924742,0.20510764496161704,0.12478704345979044,257.7675036957105,9.543173281922842,0.3212175473243851,0.2070015200636313,114.10746064293315,19.601203231384183,-0.3212175473243851,2.6610864143745574,0.9803921568627451,0.35004629545270766,0.23340094425058103,131.7534421136939,23.654929484932666,0.5662724921899289,0.4149543519004011,195.1159050780439,40.59306560972178,7.790315154093442,5.194361250484004,14.308550302757014,7.709214508176255,0.06007916551440681,0.0440249376979908,5.759449113488722,3.841353571854948,-0.5662724921899289,2.85966819524765,0.888671875,0.4332596261315283,0.2454547527468094,177.94021083186837,19.34126199154503,0.6019255922539619,0.41420244356049807,223.75092073783242,51.175029314507874,9.642236112638157,5.462619958582216,12.80656455286864,7.1799941271422165,0.0638618117304803,0.0439451633380709,5.408846994967604,3.0242571244076046,-0.6019255922539619,-0.5662724921899289,-0.46841399697020886
stage2_soh,72,-0.5789364541789315,0.9702193207657889,0.20449109519036354,0.12493481519185098,260.24423092607145,9.577968166691893,0.32416976550174886,0.20893475245094495,115.82714656544782,19.7144650073865,-0.32416976550174886,2.108923954122207,0.9803921568627451,0.35325263875659907,0.22643829301437912,124.61225968166389,21.401663289974884,0.519255520166879,0.37327145692874114,173.34321888792292,39.90786655449374,7.861672643528453,5.039406754056891,13.574382337415885,7.141486997878431,0.05509085956079248,0.039602555221954765,5.213988597084975,3.485049719211907,-0.519255520166879,2.5033700466156006,0.888671875,0.4296662636025341,0.24167574222337862,181.1053605892691,20.441442759064287,0.5795348568852438,0.3838155007324531,192.7946831782846,44.64125646088684,9.56226547181886,5.3785177031645794,12.48966062895658,7.302494280019165,0.06148624746634982,0.04072123458853416,5.0089272556524165,2.5911592796137426,-0.5795348568852438,-0.519255520166879,-0.46841399697020886
stage2_soh,73,-0.5850080362832145,0.9699259150590479,0.2040542029535185,0.1247018193457697,260.28775669514766,9.562833481319931,0.32130957102107494,0.2077257761252249,114.97291324389306,19.805423806911676,-0.32130957102107494,1.9279658186669444,0.9803921568627451,0.3611404977255264,0.2345178538303384,132.49833204362227,23.927057834051357,0.48657651563013904,0.34506044363575605,163.4431121248841,35.916953662781665,8.037217730156256,5.219218184375229,13.90120565704768,7.108775132909528,0.05162375255932729,0.0366094835818266,4.770110888007102,2.8997326515136166,-0.48657651563013904,2.485362410545349,0.888671875,0.43067942051740987,0.24632064942488796,182.8715338375675,20.56267139614583,0.5689474335400583,0.38643784160558425,202.324244567853,43.25783655664817,9.584813379824066,5.481890575357037,12.950950106795485,7.410685109179571,0.060362965710129286,0.04099945409155604,4.972469357362896,2.957817007438299,-0.5689474335400583,-0.48657651563013904,-0.46841399697020886
stage2_soh,74,-0.583548460450568,0.9700359421990757,0.20301334472800656,0.12431322059994823,260.03450451282157,9.505681053695247,0.323396430493643,0.2083287184227233,117.16973642763188,19.584852173569033,-0.323396430493643,2.8237794287064495,0.9803921568627451,0.3534021266790688,0.22766739769163086,131.03360675044917,21.48236115413075,0.5653302029560469,0.4069394070572932,174.1535699016422,46.67341525418121,7.864999512125258,5.0667606010124135,13.73406596326473,7.213174954426057,0.059979192530329996,0.043174585253789054,5.727945783438174,3.556270856794166,-0.5653302029560469,2.8470458984375,0.888671875,0.42926969929937675,0.2401835453347303,176.03642579121112,19.23127205312197,0.5761481200265675,0.39116211611326435,177.01507869695772,44.21915663451467,9.553439893772206,5.345308712852329,12.401381860186756,6.714676957425958,0.06112692871593822,0.04150068004548638,5.089375653457461,2.890008440796021,-0.5761481200265675,-0.5653302029560469,-0.46841399697020886
stage2_soh,75,-0.5905463138085192,0.9702193207657889,0.204156851451503,0.12454803372189995,259.8405123980067,9.623465510204282,0.3203923776602078,0.2073457162212907,116.69049398475481,19.745244738688537,-0.3203923776602078,2.6047416761809705,0.9803921568627451,0.34817643309344626,0.22656278135072366,132.25366138027815,21.625908212808426,0.5416629392420458,0.38116812727907123,168.74657431609947,38.07831909978752,7.748701181134283,5.042177254375652,13.793203712457956,7.0429977818179665,0.05746819389706127,0.0404403592324506,5.357933714128137,3.0777179410510183,-0.5416629392420458,2.736153304576874,0.888671875,0.4320819564871115,0.24398622945045645,187.4248805830737,19.72428002778456,0.5925023832625622,0.4013263568194816,183.83021061154415,48.81055449837771,9.616026957458981,5.42993782642332,12.681521621559607,7.113632525591003,0.06286204829418528,0.042579063876838505,5.2518705803172505,2.8797866478820575,-0.5925023832625622,-0.5416629392420458,-0.46841399697020886
stage2_soh,76,-0.5911768141106237,0.9705127264725298,0.20571267035619784,0.12514590019276534,257.77753013212856,9.62168082589965,0.32333303558980103,0.20902508837225892,117.41819364066221,19.88782166496764,-0.32333303558980103,2.7285672963834275,0.9803921568627451,0.3545612358106328,0.22898645226514952,139.86719266011457,22.114897104273535,0.5905187535838203,0.41951933283217285,185.62032820150895,44.039194405368335,7.890795601243108,5.096116291864304,13.56744667677885,7.407816074382186,0.0626515934028881,0.044509263263425546,5.920107623244067,3.4888999026026926,-0.5905187535838203,2.775385618209839,0.888671875,0.4291302642178802,0.2379650617367588,201.2844712473111,18.916082599618417,0.5989921976882131,0.4068263891385868,216.63287576082348,45.43687685131201,9.550336752152067,5.295936139518753,12.413082204407742,6.613260068584179,0.06355059071927927,0.04316259452081561,5.30864792527984,2.8947583989613976,-0.5989921976882131,-0.5905187535838203,-0.46841399697020886
stage2_soh,77,-0.589691533832848,0.970989510745984,0.20416070087776117,0.1252305019277527,256.6356936340246,9.795564107988799,0.3207740179577422,0.20753636743219184,117.20741258266867,19.75984461591235,-0.3207740179577422,2.3499113017437505,0.9803921568627451,0.3568670308904963,0.23377539116578797,131.71057078902302,21.5337565410536,0.529175571167516,0.3804555245921673,156.8760566860912,38.03994988340725,7.94211130029847,5.202694603859929,14.250010003046242,7.372024202736156,0.056143335875991504,0.04036475503948169,5.2705740368950496,3.1315379018303657,-0.529175571167516,2.646676778793335,0.888671875,0.4354628320814855,0.24869199414752075,189.85010343087515,19.76908658289368,0.5590877674129718,0.3777070061514678,166.92665800435012,43.71082993621212,9.691268680394211,5.534665088238008,12.913286981892327,7.095131745447155,0.059316895979856496,0.04007314861925883,4.886088586761797,2.922569393354503,-0.5590877674129718,-0.529175571167516,-0.46841399697020886
stage2_soh,78,-0.6013259395398459,0.9706227536125578,0.20388698959061077,0.12453181429536823,257.7862354404007,9.616571194937812,0.31996076362172865,0.20672359779718405,117.80145352439493,19.75027488957246,-0.31996076362172865,2.4373521571065866,0.9803921568627451,0.353453424992911,0.22761490984874613,131.7134988892871,20.460135247510618,0.5213825569689161,0.37570351768540694,169.16737618078398,35.55036789510176,7.8661411612068095,5.065592478843597,14.175268537679576,6.7723894592532465,0.055316529353776095,0.039860586792896426,5.209305538172058,3.3837454490879137,-0.5213825569689161,2.8472851514816284,0.888671875,0.43339877144187616,0.24547280521073844,182.97367106324418,19.639016072162,0.5965522106841943,0.4085669250598585,214.68730783462945,46.80305676826731,9.645332805372535,5.463021717964167,12.916710781622161,7.475393855387889,0.06329171820632964,0.043347258171513976,5.332539177499663,2.9196752110626485,-0.5965522106841943,-0.5213825569689161,-0.46841399697020886
stage2_soh,79,-0.6081807824981752,0.9706227536125578,0.20360420685544545,0.12481960811188426,252.96267012099025,9.625830491773113,0.3187717035391699,0.20543930684502215,115.33573522319055,19.705098196326276,-0.3187717035391699,2.388610465853822,0.9803921568627451,0.3491436664310702,0.230642331019957,136.2796867781089,24.80419894659751,0.5457162669481477,0.38021106276131583,157.34923772364593,42.917199962388125,7.7702270553558375,5.132968038403243,13.97551722677656,7.785199162863519,0.05789823517488719,0.040338818651964654,5.336054944293297,2.957561819771141,-0.5457162669481477,2.7733194828033447,0.888671875,0.43227519981177,0.24431902747346612,168.46818796890693,19.223718035821786,0.6069952642926648,0.40767044438325684,197.31068283495551,43.76991793108183,9.620327606887559,5.4373442795570455,12.577331357475547,7.140265429467117,0.06439968293156777,0.0432521452855927,5.264767944732048,2.8782907670938096,-0.6069952642926648,-0.5457162669481477,-0.46841399697020886
stage2_soh,80,-0.6025473312071394,0.9702193207657889,0.20604232219337063,0.12532712730577986,257.3580831444096,9.684665874771728,0.31773525697348654,0.20499252126860293,116.72626553948687,19.37566312668284,-0.31773525697348654,3.510273363076004,0.9803921568627451,0.35427639386050763,0.2306522441589657,132.83469856581834,22.933540209153175,0.5965671333676182,0.44138255173468266,191.68145714569772,50.595163099019615,7.884456415285688,5.133188656298782,13.876641959425056,7.736816367023861,0.06329330144122049,0.046828860215842996,6.18722820933268,4.225668116494363,-0.5965671333676182,3.2396793961524963,0.888671875,0.4294612427646846,0.24191718027577735,171.99230495670525,19.12051392459334,0.6146280261721571,0.42267989453557675,207.74146619268353,50.10474324420969,9.557702712661706,5.3838909310570315,12.856369142908182,7.036289967072239,0.06520948734660595,0.04484458576684252,5.552329541144976,3.145714004016753,-0.6146280261721571,-0.5965671333676182,-0.46841399697020886
stage2_soh,81,-0.6220133155420382,0.9705494021858725,0.2042077044651877,0.12446907644122622,251.0797605279914,9.563380596765992,0.3183380342560065,0.2048486292677379,114.69688173084883,19.427445110685213,-0.3183380342560065,3.0609704559924555,0.9803921568627451,0.3506616994207828,0.22907115565612912,135.8696394280295,21.5344418670809,0.5845038081850689,0.42896513107652756,181.64323053245644,50.11039644166186,7.804011030669382,5.098001374263185,13.693270124868231,7.222661866260864,0.06201343261429993,0.0455114233258782,6.051651656511993,3.913293661487619,-0.5845038081850689,2.969343364238739,0.888671875,0.4299198933572493,0.24085560784078552,175.60828935093758,17.56768707638315,0.5815161429423268,0.3990983458043047,188.49649597976168,49.02642078739528,9.567910027260107,5.3602655308316445,12.568049132459896,6.994781830263202,0.06169645370909798,0.04234268113814839,5.222722005561187,2.931016931976543,-0.5815161429423268,-0.5845038081850689,-0.46841399697020886
stage2_soh,82,-0.6313652214804251,0.9705860778992151,0.20527951101595265,0.1252416470960603,261.1655908500876,9.575169676535406,0.3169066220340325,0.20402201023332278,116.46607105566105,19.07404047913706,-0.3169066220340325,2.518310537525252,0.9803921568627451,0.3501255670364768,0.22640061791182733,129.4174627084025,22.372841637931785,0.5701807908446274,0.3990745104657596,180.35586703591278,37.90720352476791,7.792079351082092,5.038568290898863,13.614151628132054,6.755997481422485,0.06049381981069321,0.042340152307471825,5.605298934508853,3.301937915742032,-0.5701807908446274,2.902890384197235,0.888671875,0.4325539440128664,0.24396793810046802,182.31739163959207,19.88786568557277,0.5817045436721707,0.39713611899787793,199.06775042074852,50.31225026902787,9.626531086833285,5.429530750608334,12.63957565093611,6.984478544163524,0.06171644224604344,0.04213449700293778,5.1429161342558425,2.775487319669327,-0.5817045436721707,-0.5701807908446274,-0.46841399697020886
stage2_soh,83,-0.619039984811107,0.9702926721924742,0.20395561375167687,0.12465200699015276,258.27899232223973,9.627951520974367,0.3200142209486591,0.20565307843637903,114.31160174348852,19.527148031068755,-0.3200142209486591,2.238837485219918,0.9803921568627451,0.3510846119333791,0.22569901437736026,134.2903294980796,22.157347978404857,0.5345350992324673,0.3806119864902404,160.32869530761562,37.52502194210672,7.813422990740189,5.022954034391289,13.354924009670125,7.155234713246466,0.05671195960067232,0.040381354998689806,5.2295709433412,3.269693590143327,-0.5345350992324673,2.5573421716690063,0.888671875,0.43264443700441924,0.24643200907303253,190.27066665270223,20.363351201315194,0.5794257967735769,0.3861187241091102,198.6730975856754,43.52258547491721,9.628545017369307,5.484368895412883,12.872700987308653,7.156048002733494,0.061474676640307195,0.04096559704719377,4.939998132696277,2.746287994346954,-0.5794257967735769,-0.5345350992324673,-0.46841399697020886
stage2_soh,84,-0.6165123585405821,0.9700726179124184,0.20510718870469266,0.12485108231623498,254.04849199173202,9.631183548552404,0.3187122959442171,0.20524215730093515,114.3950484630001,19.54556210936027,-0.3187122959442171,2.6383994841108134,0.9803921568627451,0.341750950413599,0.22317528381359344,127.15794759012212,21.080461340315857,0.5528469489056729,0.4038025609619331,181.2281022902207,40.8287426713313,7.605701424406556,4.9667881594451355,13.386329650949122,7.1874128252264775,0.05865477099017992,0.04284177887813846,5.649231624101961,3.701201428758371,-0.5528469489056729,2.7487472891807556,0.888671875,0.4323380352314994,0.24428660631019739,172.06912552248787,19.129448486063637,0.5808562225915679,0.3944472656985454,191.5136005016221,44.682708078898784,9.621726015409205,5.436622743340816,12.796963270905932,7.294392568901898,0.06162643889374603,0.04184922080703812,5.126988872356316,2.89539854283137,-0.5808562225915679,-0.5528469489056729,-0.46841399697020886
stage2_soh,85,-0.6252209057000311,0.9700359421990757,0.20336540412812923,0.12451252705799072,253.35186964567234,9.578356774394077,0.31736849245389553,0.20400876563110135,117.22755141193132,18.975651639132565,-0.31736849245389553,2.7375064690907798,0.9803921568627451,0.3571846172046127,0.22877005377200013,134.1798880659943,21.358539308291412,0.559318021215546,0.400561422036559,167.0667868564708,48.401887323034,7.949179215336375,5.091300321855752,13.785800939977111,7.104793254031986,0.05934132495443316,0.0424979074652791,5.6331833837421845,3.5985277443711734,-0.559318021215546,2.825469136238098,0.888671875,0.4302029994873486,0.24242132151994156,171.9027196068202,18.56555985268769,0.585026085898739,0.39642165861368994,195.5441869258384,49.34561535934439,9.574210582370045,5.3951106446355945,12.735931970211682,7.037915703725023,0.06206884411607131,0.04205869571598295,5.133189935456544,2.908776498278236,-0.585026085898739,-0.559318021215546,-0.46841399697020886
stage2_soh,86,-0.6443915128454305,0.9702926721924742,0.20355485052971212,0.12423821706988997,254.24598047240187,9.538287131623047,0.3110843998187478,0.20057801307068843,115.62943565753238,18.855659023077173,-0.3110843998187478,2.8930218266505823,0.9803921568627451,0.3572654305895617,0.23223622066114902,131.4875215126711,23.03407765442726,0.5438210172520566,0.38082549461236626,155.76590876534559,39.25412838862218,7.950977725263776,5.168440211047356,14.034089585743526,7.193715349009471,0.05769715703361594,0.04040400732594354,5.34802563275984,3.312645086501754,-0.5438210172520566,2.9203710556030273,0.888671875,0.4283160877878061,0.2405472225855192,173.21440207219626,18.61320157382116,0.5919569182570905,0.39814235721405566,180.61837970162458,46.33322331993437,9.532217174645586,5.353402386274456,12.401704510628852,6.959371920858995,0.06280417671681215,0.0422412547091136,5.214894904923593,2.830823852684563,-0.5919569182570905,-0.5438210172520566,-0.46841399697020886
stage2_soh,87,-0.6214513320317056,0.9704393750458447,0.20388629792056312,0.12443287694776221,257.27132927320497,9.675308239671166,0.314157938397422,0.20327421954051392,114.1270101314073,19.228505535979757,-0.314157938397422,2.8812751022039675,0.9803921568627451,0.3481249214771533,0.22892162078699352,130.43027176060792,21.904991267607087,0.5773640076048207,0.4098656503940184,180.12342511322962,42.13613963317088,7.7475547849854545,5.094673460863656,13.823945461308845,7.160228749114189,0.061255929350912175,0.04348504754921621,5.811255819332476,3.515379378659021,-0.5773640076048207,2.9186174273490906,0.888671875,0.4234672729359744,0.240715420430206,180.9597689021165,18.71507072829678,0.6001979343934893,0.4089856982791389,201.89349894880462,47.9133556597851,9.424306317395217,5.3571456460528655,12.360946332362841,6.806579703349026,0.06367851438868256,0.0433916882752205,5.356968621931327,3.0553456703568935,-0.6001979343934893,-0.5773640076048207,-0.46841399697020886
stage2_soh,88,-0.6513286162557723,0.9699259150590479,0.204777908496855,0.1248325373762866,259.46513681035503,9.676299478745419,0.31366498104372703,0.20112483390189678,112.40350046324768,18.947133786627823,-0.31366498104372703,2.890451599569882,0.9803921568627451,0.3571212403491336,0.2294380002490738,130.99924189995505,23.84812134041217,0.5608146340995243,0.4053845054826097,178.88335005606723,41.466292706353315,7.947768757108217,5.106165537200314,13.45040055479606,7.037309922516594,0.059500109381378924,0.04300961663823305,5.668114230249716,3.591846026014043,-0.5608146340995243,2.7938584685325623,0.888671875,0.42718842968696413,0.23937444822877296,154.82893387155121,18.62316389204784,0.5719828451059022,0.3888265431414766,208.50922344535684,44.37288428488161,9.507121031347557,5.327302176209737,12.288541688144651,6.6850071921931935,0.060685010302412815,0.04125288542879864,5.060414791843517,2.6138044012519654,-0.5719828451059022,-0.5608146340995243,-0.46841399697020886
stage2_soh,89,-0.6553309404306993,0.9709528350326414,0.20535537846446655,0.12553476351117915,258.9545934621879,9.697013539048847,0.3141417317676056,0.2015284861313201,109.34235314429424,18.902028382388735,-0.3141417317676056,2.971627810422112,0.9803921568627451,0.3522287816931824,0.23073471674476476,132.37136957961448,23.787437530704697,0.5605096126815493,0.405052119605791,182.39764408777967,38.06974458997128,7.838886602652217,5.135024091906284,13.669143052433265,7.389208998726156,0.05946774787254933,0.042974351873683356,5.704200030527264,3.694485010116728,-0.5605096126815493,2.900905728340149,0.888671875,0.4262799811506868,0.24357139416679274,179.31403568437503,19.716341045278,0.5877743054203366,0.3971048798357515,199.86423889878202,46.92762333540101,9.486903418732282,5.4207056258865345,12.658254868000514,6.789975501145207,0.06236041882221581,0.04213118265725119,5.18280665936819,2.7082760869886284,-0.5877743054203366,-0.5605096126815493,-0.46841399697020886
stage2_soh,90,-0.651641032906155,0.9714296193060955,0.20556895004759906,0.12531713273038483,258.822927085075,9.637475621919275,0.3124742679120507,0.20045655573685323,112.18550649069093,18.615369186066346,-0.3124742679120507,2.2915430068969727,0.9803921568627451,0.34654919600138906,0.22705154286186194,128.22589260881463,23.095318755870558,0.5313582948730767,0.37692818944525047,173.4817152754285,38.02150644290879,7.712486857651266,5.053054690464594,13.471366890608756,7.139421506965654,0.05637491381874388,0.039990519393146746,5.245158707659942,3.2290936535157684,-0.5313582948730767,2.7378674149513245,0.888671875,0.43196075163544567,0.24433549519017106,179.7291114960111,20.40983782379945,0.5816552321121021,0.3855899470481745,193.43717334015682,42.79752312500369,9.61332953141863,5.437710770231753,12.858954976639257,7.034956313341283,0.06171121049380401,0.04090949599160246,5.0057203330877265,2.7409373193515583,-0.5816552321121021,-0.5313582948730767,-0.46841399697020886
stage2_soh,91,-0.6694671571154173,0.9707327807525856,0.20396497009231748,0.12443006216527684,256.080471314125,9.672389237251586,0.31068838143587546,0.19953635549882198,111.82091772047147,18.668394613264745,-0.31068838143587546,2.860395436193429,0.9803921568627451,0.34376749921242244,0.22673255109282978,126.47699434654915,21.308622398058596,0.5284115852456406,0.3872108182221578,176.1927597076963,40.795577116557425,7.650579918681512,5.0459554968876175,13.656221366666891,7.775249265633092,0.056062280134658346,0.041081463708350766,5.42673554847155,3.5218167409014045,-0.5284115852456406,2.9028425812721252,0.888671875,0.43016390584380765,0.24589900296268752,181.84075743203857,20.181434874127053,0.5759429023646387,0.38559103480520207,201.20588956298153,44.38550696393681,9.573340549441081,5.472506791363831,12.940640539828555,7.3311131875196,0.06110515597216637,0.040909611398116816,5.056562694497195,2.647529079378239,-0.5759429023646387,-0.5284115852456406,-0.46841399697020886
stage2_soh,92,-0.670598349025242,0.9709161593192988,0.20496379388199878,0.125117701869032,253.22015241479141,9.638446471274644,0.31004367902736263,0.19903069208451768,112.1142336764596,18.571269299964687,-0.31004367902736263,2.855233720704621,0.9803921568627451,0.35821130467346063,0.2301761514105487,132.10201500970652,23.022098328463294,0.5774644621080495,0.40466494146990134,176.06083220954508,39.95455097720224,7.972028247167265,5.122593164785438,13.719648601583351,6.749224517427755,0.061266587157550116,0.0429332738774351,5.7640181897686285,3.6597901221761036,-0.5774644621080495,3.090430438518524,0.888671875,0.4313901773159419,0.24426475933069014,177.7174572620794,18.575458994628743,0.6082041675433005,0.4206635091359203,205.9003549428821,48.35490655592545,9.600631343134657,5.43613653663691,12.695860874902765,7.013330558118932,0.06452794255831562,0.04463065562925399,5.571667498792511,3.1892560628031585,-0.6082041675433005,-0.5774644621080495,-0.46841399697020886
stage2_soh,93,-0.6545715965371589,0.9699625907723906,0.20413695576055788,0.12454065869579474,252.98122946415515,9.662424885129415,0.3121222595119525,0.20022892426792444,111.12863891584291,19.13164244510559,-0.3121222595119525,2.7365972060783235,0.9803921568627451,0.353581694869257,0.22891846884900302,130.39569732539408,20.6874486529448,0.5851690954574303,0.413533949900382,180.5365403177867,46.275662463262606,7.868995820074775,5.094603314169887,13.870104426086124,6.850390746300626,0.06208401683780028,0.04387423893011295,5.7981868854047685,3.740839091466107,-0.5851690954574303,2.811198592185974,0.888671875,0.43281192971730054,0.2417137158117839,167.9603077266272,18.212331887370656,0.5940285793275871,0.3996253730256285,206.07557838302574,44.83339164233445,9.632272584369186,5.379362809154992,12.390508137799788,6.379142708444165,0.06302397137408533,0.04239859654300598,5.206745103142829,2.748660153736769,-0.5940285793275871,-0.5851690954574303,-0.46841399697020886
stage2_soh,94,-0.6685799485972733,0.9705494021858725,0.20462474858053895,0.124466648100674,255.48835089269335,9.500354726370151,0.31079877888102014,0.19891489504144208,110.77466207720167,18.51680575322964,-0.31079877888102014,2.240610538744459,0.9803921568627451,0.3594779888938604,0.23816807379069574,133.3365748072374,24.908836602101157,0.5202171165917074,0.3668006214509517,150.75000839606858,39.240309806050874,8.000218430596771,5.300454192989947,14.173727047947612,7.336717344585505,0.05519288095784446,0.03891602638460447,5.11954118396766,2.9428930646747524,-0.5202171165917074,2.6154884696006775,0.888671875,0.42982306517844693,0.23984613677021116,170.4720826624211,19.22986505177047,0.5621993018411032,0.3801938725564469,190.7804029372307,45.101051501072135,9.565755106501149,5.337799651658309,12.399808357156518,6.749025398267063,0.059647016892473204,0.04033699484244221,4.913067107035532,2.7753548809954394,-0.5621993018411032,-0.5202171165917074,-0.46841399697020886
stage2_soh,95,-0.6693180193862938,0.9706227536125578,0.20382623615240306,0.12429012844535348,257.4564412044745,9.545692042072854,0.3091690230703184,0.1972469360054968,109.28638281596302,18.42674594402955,-0.3091690230703184,2.602460173999562,0.9803921568627451,0.3457654777914265,0.22244970669385558,132.9467627738723,20.355335100728333,0.5517488395880412,0.38515945057859463,168.19952391943855,36.25513126421069,7.695045130865628,4.950640368410674,13.286805816598127,6.852357115082726,0.05853826614073585,0.04086382209960528,5.431004248553395,3.3005733262269477,-0.5517488395880412,3.0167306065559387,0.888671875,0.42959242725686636,0.24335201897520164,173.4118049889167,20.46510681873727,0.576386608824949,0.3906976834805391,199.40930722030345,47.62229916205729,9.56062223659526,5.415823409157818,12.555315250736996,7.242225050569564,0.061152231389454775,0.0414514056671674,5.073714714605115,2.9719230211977683,-0.576386608824949,-0.5517488395880412,-0.46841399697020886
stage2_soh,96,-0.669112359717579,0.9703660236191594,0.20401005104438685,0.12445433779227787,251.7412812578926,9.600154217615161,0.3113184407899216,0.1994473414903865,112.8736588610508,18.544618267464706,-0.3113184407899216,2.888829885744581,0.9803921568627451,0.3490280588713521,0.22177869464982958,130.89945329960653,19.952816892272836,0.5580134875848106,0.40612439215000645,177.1201754217674,45.48510788998986,7.767654197605022,4.935706928568398,13.220495316661795,7.004880332972238,0.0592029193405264,0.043088115548502434,5.666533244976956,3.833123594379127,-0.5580134875848106,2.9875322580337524,0.888671875,0.42882654835556905,0.24364638663791993,183.98653070154748,19.019409027576117,0.5975753419729748,0.4048818809878867,209.58977555665675,49.86933303528352,9.543577525399956,5.422374590797332,12.477833021536624,6.430379450998897,0.06340026819752541,0.042956290261574215,5.26796460105355,2.799420109244781,-0.5975753419729748,-0.5580134875848106,-0.46841399697020886
stage2_soh,97,-0.6647531669544542,0.9699625907723906,0.20429119204207655,0.12447876810385991,258.92986171986615,9.548521835045772,0.30851886586226834,0.19762248833998705,110.19684546020306,18.47779226800611,-0.30851886586226834,3.6321639967899695,0.9803921568627451,0.3501535233100429,0.22852859844216236,128.75758575613705,22.69739679612705,0.6039098474783633,0.43533918203092087,176.78278604918142,47.305554677005844,7.7927015207334875,5.085926709452174,13.509921350529295,6.898349746540967,0.06407233298958051,0.0461876837262471,6.193957425395912,3.7654432068492687,-0.6039098474783633,3.206927537918091,0.888671875,0.4347830689270757,0.24614666113666317,202.7053318856828,19.97326244993768,0.5953601257281682,0.4129734465323054,212.70726998068585,53.69699714216685,9.676140483719127,5.4780184486812225,12.787113559705539,7.107575828335635,0.06316524293096645,0.04381477184476712,5.419829354418672,3.3567198385154,-0.5953601257281682,-0.6039098474783633,-0.46841399697020886
stage2_soh,98,-0.6608920456605358,0.9707694564659283,0.20398809898920248,0.12425743666123841,258.3194007829021,9.43508037773228,0.31121621068012956,0.19990329115670266,111.45316866286187,18.974600882095707,-0.31121621068012956,2.676723699943692,0.9803921568627451,0.35479084107951153,0.2298393432763131,130.7166544236727,22.792524134133735,0.5514115528499322,0.39747157418990836,174.72144875879437,42.47133071126657,7.895905489360314,5.115097466227154,13.707756612493915,6.932758569935952,0.05850248141510613,0.042170087409116125,5.579157705169816,3.5753986645027815,-0.5514115528499322,2.7585787177085876,0.888671875,0.4317931622226526,0.24358101911275298,188.1717112150546,19.89903651287287,0.5884719242317792,0.39914632732688915,206.7693312903603,47.6867582063355,9.609599812352592,5.420919830017089,12.613847837464657,7.098867839735274,0.06243443328807223,0.04234777177892071,5.2001954645783295,2.920262521565937,-0.5884719242317792,-0.5514115528499322,-0.46841399697020886
stage2_soh,99,-0.6991082897961363,0.9702559964791315,0.20300291668676052,0.12388278842847793,258.50016135019325,9.588886167484132,0.30726376891436935,0.19614413919318477,110.21627055335631,18.22002043807882,-0.30726376891436935,3.256690726560705,0.9803921568627451,0.3571416277400247,0.23058678219368792,131.48431188377572,21.65949749628762,0.5939042571394315,0.4305443657087345,191.58781892066676,45.4686767581413,7.94822248052216,5.131731793744471,13.783982193927596,7.337535048840274,0.06301078130495373,0.04567897357803245,6.076155125795899,3.6391958613394766,-0.5939042571394315,3.0544053316116333,0.888671875,0.4281469383651347,0.24303404434431286,193.41965945504828,20.728675979918997,0.6027362672799041,0.4067270448158524,200.0673341305743,48.86469366631533,9.528452737404393,5.408746852091484,12.587453543119857,7.457569923259599,0.06394782099233517,0.043152054499728955,5.325844758173659,2.952890976109474,-0.6027362672799041,-0.5939042571394315,-0.46841399697020886
stage2_soh,100,-0.6836882364301332,0.9698525636323626,0.20566828321628877,0.12498811472355958,259.92441882614753,9.538260231348552,0.310093759278301,0.1967609547697994,112.98391197469631,18.212749985925225,-0.310093759278301,2.751920924467199,0.9803921568627451,0.34872359534772024,0.2272499771514798,131.61828891731375,20.529661787747706,0.5622024631541266,0.3990196632289821,176.75955838010174,42.097271125470094,7.760878331575785,5.0574708653351275,13.5055833145514,7.839821518343005,0.05964735229468856,0.04233433324286633,5.581791850544748,3.632479952576456,-0.5622024631541266,2.846055805683136,0.888671875,0.4335876441115115,0.24588153677723312,169.3434605764393,20.265916002333434,0.5931746292044131,0.4106164874356182,218.84286403851596,51.005964094909814,9.649536185438452,5.4721180796677,12.858159260214407,6.916565256448766,0.06293337080369066,0.043564708248824226,5.3432870643062635,3.038951059776238,-0.5931746292044131,-0.5622024631541266,-0.46841399697020886
stage2_soh,101,-0.7145285482391927,0.9708061321792709,0.20394716087725911,0.12496401404563742,259.2115087721602,9.699055696976405,0.3052507058554816,0.19546490490375687,110.75493599512211,18.18747517353838,-0.3052507058554816,3.025608918246101,0.9803921568627451,0.35454024230758896,0.2301125537521918,126.96202505924343,21.717995832641208,0.556638531056944,0.40903431112768457,173.43616134921933,43.94252897466855,7.890328388742863,5.121177792567252,13.73145666039999,7.520431035745653,0.05905704214897618,0.04339684589706189,5.683622802330233,3.637861417065511,-0.556638531056944,3.150715410709381,0.888671875,0.4278804900987766,0.24277383387379814,188.66554004559052,18.768730388071898,0.5911514366062927,0.40130717055126297,198.2571755794991,45.916899669885616,9.522522904710387,5.402955842164975,12.617183874722237,6.915174652408362,0.0627187184505454,0.042577028293263805,5.240350411391582,2.8710327611547966,-0.5911514366062927,-0.556638531056944,-0.46841399697020886
stage2_soh,102,-0.7097426300518215,0.9714296193060955,0.204504898786021,0.12488683945539017,257.0587832840581,9.648567041681478,0.30439661632563336,0.19353643163271256,110.37226719379657,17.5818811098818,-0.30439661632563336,3.2292223257177017,0.9803921568627451,0.3498682385674373,0.2289648563966301,132.2736730365675,23.038284201882437,0.5739321943591098,0.40751855675925447,171.57896027356574,41.72134832194307,7.786352480385329,5.095635673660431,13.501786391845162,7.491244376356065,0.06089182818257493,0.04323603063791355,5.772524132890431,3.460788273448581,-0.5739321943591098,3.160007357597351,0.888671875,0.43085878214196593,0.24084724647218536,190.2381735865617,19.041272375221602,0.5788428881938811,0.39836588097023196,196.49519034669743,48.85629324190418,9.588805090634873,5.360079447741033,12.304731394848831,6.7471156425137355,0.06141283245482703,0.042264969653648135,5.20299741506662,2.950781631677904,-0.5788428881938811,-0.5739321943591098,-0.46841399697020886
stage2_soh,103,-0.6883316445506293,0.9698525636323626,0.20565336633485654,0.12535609783628684,257.89898450681113,9.583005374580916,0.30895722043836055,0.19692992550272898,114.53268769601578,18.195176340580346,-0.30895722043836055,2.982198663786346,0.9803921568627451,0.36273552652909635,0.23610261595789708,133.71095913997326,22.980194056357696,0.5681281507209834,0.41455019805489074,193.135828323533,46.864269088879546,8.072715254972499,5.254487223294745,13.971249899456511,7.82189811101467,0.060276043197082685,0.043982058649277345,5.817836762722387,3.9186323691410427,-0.5681281507209834,2.899314284324646,0.888671875,0.4314528917928385,0.2462849980511237,182.9468008402991,20.271264615763453,0.5824698567047253,0.3971808819260332,222.51409487528278,49.80739194256367,9.602027060061516,5.481097150484647,12.912261606968194,7.554750686582784,0.0617976387883218,0.04213924616417489,5.1843670902054715,2.894957436378254,-0.5824698567047253,-0.5681281507209834,-0.46841399697020886
stage2_soh,104,-0.7011769689520623,0.970109293625761,0.20469069230702913,0.12488732796999655,255.06185289322363,9.571117002581655,0.3062250089101513,0.1955106862757785,108.94848072042701,18.164981591567035,-0.3062250089101513,2.6851439008525775,0.9803921568627451,0.3585608652529375,0.22933595477347718,132.38452887377147,22.2412986305424,0.5478160399217935,0.39424797235622855,180.23395862372283,41.42527701986375,7.9798077526639615,5.103894504981793,13.916121489658542,6.773987418445559,0.05812101238862485,0.04182807660903432,5.494721596531918,3.6021249098984383,-0.5478160399217935,2.9423895478248596,0.888671875,0.4266907617298106,0.24294672217547486,171.94433727670977,21.137041486389776,0.5784338795700696,0.3883184369906303,214.16498148996772,45.95372340095451,9.496045381415863,5.406803488530652,12.529322027197102,7.066690712295806,0.06136943833424781,0.041198977471134074,5.043794193417508,2.739104446189827,-0.5784338795700696,-0.5478160399217935,-0.46841399697020886
stage2_soh,105,-0.7123097914562688,0.9707327807525856,0.20291383198137353,0.12419881143746286,251.81861005943102,9.601610548226352,0.30384793540836114,0.19381933075481125,110.63260551314426,17.871741574326528,-0.30384793540836114,3.6648630721896303,0.9803921568627451,0.3501449004355181,0.22955790858752295,131.5173434854486,23.77974386478415,0.5976775224408312,0.43918451300009576,179.25559833405327,48.985014018438164,7.79250961780249,5.108834109209952,13.602368767638083,7.379583560733558,0.06341110912186017,0.04659565741195678,6.221772347522042,4.070901122821329,-0.5976775224408312,3.2467074394226074,0.888671875,0.43162478319732134,0.2445102004621731,162.51309821114575,18.83077409907761,0.5846051532625803,0.40630869880351383,203.2057086324425,47.1427534012097,9.6058525203809,5.44159885345291,12.557972676318936,7.103428347491206,0.062024184907179876,0.04310766972090917,5.361802310924274,2.9748332657866507,-0.5846051532625803,-0.5976775224408312,-0.46841399697020886
stage2_soh,106,-0.7222578961702485,0.970109293625761,0.20451327657707344,0.12500625422643782,254.67157894190132,9.59503038845719,0.30544698871976145,0.19418770603475638,109.6839260089491,17.905878677875002,-0.30544698871976145,2.8982013206855926,0.9803921568627451,0.3514232954063265,0.22573046122823714,131.7762740290261,22.41900616156901,0.5570482308804395,0.3934142140342909,182.53479911808236,36.19427650562214,7.820960425148203,5.023653887188241,13.575537189150078,7.205415832830679,0.059100509602978434,0.04173961830510189,5.54006767067263,3.660263444112995,-0.5570482308804395,3.072360575199127,0.888671875,0.43519523096485613,0.24499683692738472,182.86958556415135,18.630281051334066,0.5986612299520282,0.4024983293420519,210.6337360867489,47.347105970614436,9.685313190902646,5.452428996433197,13.109117834114603,7.100093711367204,0.06351547641357587,0.042703405306332175,5.2455784700595345,2.8478018026956686,-0.5986612299520282,-0.5570482308804395,-0.46841399697020886
stage2_soh,107,-0.7109219396069754,0.9712462407393824,0.20406523178684263,0.12410968281707137,254.86752046363205,9.538060712887738,0.30658285480094494,0.19469154744945902,109.97793519792774,18.25135889011676,-0.30658285480094494,2.5866507548911897,0.9803921568627451,0.35142036265718984,0.22926592997129203,134.26311440654018,24.179144115931358,0.5308374930153368,0.37685701772616265,166.0230268507982,41.401092703144386,7.820895156524196,5.102336096037855,13.64220612727504,7.2763710755469,0.05631965889917262,0.03998296836859585,5.217656633701573,3.454605304366221,-0.5308374930153368,2.889096975326538,0.888671875,0.43314590217489696,0.2457355367951095,178.2297914435277,19.103437099046324,0.5955794618680631,0.40128212821400666,209.8569901137276,48.5876025316726,9.63970517466156,5.468868835530539,12.690470914884749,7.1599898428313224,0.06318851358676164,0.042574371405024236,5.190966019232435,2.805039668578681,-0.5955794618680631,-0.5308374930153368,-0.46841399697020886
stage2_soh,108,-0.7204530760345286,0.9702926721924742,0.20364349565627302,0.12454605729514942,254.21764620844726,9.553380801715033,0.3022354187202035,0.19234843332049792,109.14187633893148,17.788451023188525,-0.3022354187202035,2.581150625266281,0.9803921568627451,0.3550790312937315,0.226877087681536,125.25442715181005,18.415455714195353,0.541703485390518,0.3884733706100972,177.52242404347987,39.94678974522425,7.902319191268504,5.049172173058589,13.685315922788103,6.6500955214924335,0.05747249567544293,0.0412154152863133,5.3509160069181085,3.1469492444382174,-0.541703485390518,3.0277597308158875,0.888671875,0.4332713161235085,0.24018315115790756,188.28163087713662,18.566776931227743,0.5910055815454671,0.3956169535922527,205.99083100245048,47.913297401500245,9.642496274573473,5.345299940407896,12.42011081086179,6.878483521701263,0.06270324383282812,0.041973319846873997,5.154657928967264,2.681649663964431,-0.5910055815454671,-0.541703485390518,-0.46841399697020886
stage2_soh,109,-0.7126534379500072,0.9706227536125578,0.20488326616170568,0.12483148194657631,258.5262717167096,9.594468230944997,0.3082184818960895,0.19556413275480852,108.58699183309041,17.951673589726404,-0.3082184818960895,2.4627680124021043,0.9803921568627451,0.34422758656215635,0.22068974316832335,133.06796086962794,21.72512760154397,0.4937634403415724,0.347026911671456,159.3143455558963,34.90749666187348,7.660819208453748,4.911472204937115,13.122548221280015,6.63570511851637,0.05238625549781181,0.03681811769389288,4.846219562150715,2.8908272840665,-0.4937634403415724,2.8266148567199707,0.888671875,0.42655457332036006,0.23984544811173691,170.5117624130554,18.98330994975761,0.5766333602484285,0.3860447220849892,188.64936619454505,43.28478891514175,9.49301449480533,5.337784325495406,12.64030900742128,7.235479286447136,0.061178410693264525,0.04095774573900401,5.015950518408765,2.6791557860880957,-0.5766333602484285,-0.4937634403415724,-0.46841399697020886
stage2_soh,110,-0.7306133394570813,0.9696325093523069,0.20458571457564095,0.12494985025515971,258.66742193423164,9.584133481329495,0.3054264055639652,0.19369339641473401,110.4808713173011,17.76925252022379,-0.3054264055639652,2.685012574289359,0.9803921568627451,0.3479721377909562,0.22638192523599548,131.57319160233084,21.610629854253432,0.5512897482922048,0.3915773172972395,178.2958055077731,41.05476919479252,7.744154568838787,5.03815228353728,13.583669070924218,7.017996546464365,0.058489558456133135,0.041544731171044944,5.519481255199645,3.4733551672151837,-0.5512897482922048,3.017317235469818,0.888671875,0.4314210393255421,0.2436449016640836,183.86049290895687,18.919963626548018,0.5774664251968459,0.39205822213079955,217.9849136250749,45.590363552670496,9.60131818023077,5.422341542556767,12.728612597749287,6.880106800294255,0.061266795433138906,0.04159575318163281,5.1078357300307955,2.8466349352830207,-0.5774664251968459,-0.5512897482922048,-0.46841399697020886
stage2_soh,111,-0.7339961584084961,0.9707694564659283,0.20511133258291114,0.1249683410366689,258.98883154100184,9.592434503242082,0.3017152526577172,0.19131080802457945,109.23179505514788,17.561163577095527,-0.3017152526577172,2.6983214593401144,0.9803921568627451,0.36118060770261595,0.2319652822745197,129.50242286238472,21.553371441623913,0.547005687405525,0.3832208056975266,186.19918524123818,38.156046473413596,8.038110381689526,5.1624104502797,13.808335928244805,7.219929310091556,0.05803503734371029,0.04065813990898196,5.368529355061072,3.2061605994150826,-0.547005687405525,3.029930591583252,0.888671875,0.43296570886503427,0.2441092644348828,172.83381037277917,19.832329392265343,0.5933156971924327,0.4116680124961931,227.77645381904972,53.47388889607237,9.635694954611454,5.432675982250453,12.690260502018505,6.697592517720551,0.06294833753281473,0.04367627070157999,5.380926148403507,3.23797928584458,-0.5933156971924327,-0.547005687405525,-0.46841399697020886
stage2_soh,112,-0.7382605476494118,0.9701826450524462,0.2040413980908404,0.12448745700925562,256.1610409201693,9.596233727487682,0.3024387564391986,0.19266777078786476,108.45633651465793,17.927253859209483,-0.3024387564391986,2.681604212405635,0.9803921568627451,0.3585866520543275,0.23268969679324358,136.48767215566798,23.39610104741812,0.5524819600498311,0.39020306168594304,172.91342400555928,40.79477068855493,7.980381640496094,5.178532367512853,13.938143101349018,7.415696083856931,0.058616047184620816,0.041398928343839125,5.471397287538518,3.139087060452667,-0.5524819600498311,2.9273226857185364,0.888671875,0.4295407665454278,0.24226183273640345,162.5903054902896,19.805754181080047,0.5775055581644613,0.383092173854493,199.4093135397797,42.51598659694459,9.559472522319119,5.391561205880078,12.704972276079651,7.209190881391281,0.06127094727888606,0.040644492603321494,4.976026772748877,2.511530777626393,-0.5775055581644613,-0.5524819600498311,-0.46841399697020886
stage2_soh,113,-0.7429488736955504,0.9706227536125578,0.2039829619162686,0.12461064391260736,260.8430367867478,9.577193206810957,0.301577245781309,0.1914588907016401,106.81154565197058,17.77746196068534,-0.301577245781309,3.1831908693500592,0.9803921568627451,0.3440720856216526,0.2250481377556628,128.59498972125834,23.290377450585282,0.5329851914619425,0.38716931403705884,159.31030551409822,42.38640923892456,7.65735851954197,5.008468710377512,13.433216570811265,7.324670033011514,0.05654752080704961,0.04107706028625188,5.453682322145721,3.447450165713371,-0.5329851914619425,3.1069363355636597,0.888671875,0.43283357977328374,0.2448230237569078,181.4791460926995,19.08174117658678,0.5793595893336757,0.3965497467588648,213.2134834158676,47.53312623604448,9.63275440852046,5.448560767020295,12.630926080435424,6.935755090965767,0.06146765230521241,0.042072285337553,5.183064587987182,3.0091871674953903,-0.5793595893336757,-0.5329851914619425,-0.46841399697020886
stage2_soh,114,-0.7370599694886142,0.9701826450524462,0.2039447566205446,0.12439964659173752,257.3678136999024,9.580967014321057,0.297793073309084,0.19044557762124792,105.94684105720164,17.701308301097388,-0.297793073309084,3.2273098954967425,0.9803921568627451,0.345305329705485,0.22228964342845275,125.37924947296513,21.85585023905361,0.5908617748462973,0.4225451196110168,195.05939582881396,40.95298980609483,7.684804489403044,4.947078144504068,13.192251642972572,6.526637464332836,0.06268798653779672,0.04483028670568115,5.979803348756268,3.6746089657564562,-0.5908617748462973,3.2938684225082397,0.888671875,0.42432837709367244,0.23944416429731064,183.50146861047307,18.476699204350375,0.6037677809530018,0.4192094438003551,225.48807416466866,50.567804417707094,9.44347027615185,5.328853714255613,12.512401296681544,6.688015418216947,0.06405726031978114,0.044476385320932385,5.51512098690631,3.1533512544609303,-0.6037677809530018,-0.5908617748462973,-0.46841399697020886
stage2_soh,115,-0.7607351682584511,0.9708794836059561,0.2049999238899533,0.12504035199957075,262.16015158307846,9.665801543582948,0.303091976241578,0.19200952938469348,111.88134185619884,17.547509128695168,-0.303091976241578,3.599893943936217,0.9803921568627451,0.3579530836767074,0.23162590236603922,133.4425655404015,22.700557349950373,0.596803112619936,0.4345575950665436,202.63052550371265,43.50283958151172,7.966281513177378,5.154857516629566,14.01361257848623,7.65504570308879,0.06331833786229603,0.046104760587220635,6.117745980150817,3.6871141084538808,-0.596803112619936,3.539830267429352,0.888671875,0.42623509715714003,0.24161559102321917,167.85467227629405,18.792146768522016,0.6112276880149469,0.4271689838687962,228.39601622341266,55.09394460264794,9.485904520987479,5.37717903221669,12.548039271512812,7.30091252338198,0.06484872555476622,0.045320859548068304,5.609487912595369,3.398960671699097,-0.6112276880149469,-0.596803112619936,-0.46841399697020886
stage2_soh,116,-0.734532756028238,0.9701826450524462,0.20367878748169102,0.124149376720973,259.6529634745933,9.555910761583405,0.3018586581561882,0.19315001167682516,109.97394541620133,17.9569534917514,-0.3018586581561882,2.8110248434777354,0.9803921568627451,0.3564818988065931,0.22992522190964104,129.188596665732,23.146790175630045,0.5511750669941613,0.3948373028314581,174.0309871897894,43.46620871078045,7.93354014742945,5.117008703761498,13.672588297002378,6.983208010928459,0.05847739124550295,0.04189060213102653,5.526803154539993,3.551828472387469,-0.5511750669941613,3.138286054134369,0.888671875,0.4265425720476626,0.24255104087569634,175.16259645098324,19.347528498524756,0.5825463513743727,0.3953762133269265,208.24866242849356,47.20804579273573,9.492747405286664,5.397997561812104,12.579059289340263,7.163703173481632,0.06180575455587559,0.04194777830204179,5.152466567908316,2.8645395020420996,-0.5825463513743727,-0.5511750669941613,-0.46841399697020886
stage2_soh,117,-0.7389342353269288,0.970402699332502,0.20466384526385908,0.12532785097958396,257.8279952810557,9.655192028990843,0.3017412294121843,0.1909402440283578,108.37172903875022,17.28866021769783,-0.3017412294121843,3.1870564292458927,0.9803921568627451,0.35140539370610935,0.2268545125410253,131.5180064851592,22.763281853858082,0.5819876851378326,0.4157257326695995,180.75223741044223,44.53472817560662,7.820562021027668,5.048669761059059,13.559283118841405,7.409384740138211,0.06174648238257507,0.04410677800199018,5.8765328325838615,3.701812221868131,-0.5819876851378326,3.186890661716461,0.888671875,0.4332134932142477,0.24404759646222374,178.8178257227774,18.998109436799425,0.5954498774262151,0.40781063754639035,215.88405797095754,50.469054972748836,9.641209419971323,5.431303555379582,12.600706224259175,6.92309070423921,0.0631747652143133,0.0432670191994205,5.331448934656775,2.9070673210230513,-0.5954498774262151,-0.5819876851378326,-0.46841399697020886
stage2_soh,118,-0.7678017987768098,0.970402699332502,0.20434171723416505,0.12472778985489343,255.08019607769737,9.62728177872626,0.2955689210220893,0.18761959824600963,107.8401681117827,17.444562342401657,-0.2955689210220893,3.1168269643596576,0.9803921568627451,0.35704783133710527,0.23521269326025218,132.55826854802638,21.957584642573227,0.566222089067188,0.4153110056490108,187.72361262461752,44.77344984619357,7.946135032237305,5.234681905062571,14.124777389836641,7.1483076650345145,0.06007381795188989,0.044062777183202576,5.765709207271354,3.779797709408933,-0.566222089067188,3.1245604157447815,0.888671875,0.4290142813067469,0.24294166621984914,175.0852797132091,19.233912004999432,0.5912528138180881,0.3991985365664732,222.90320343992636,51.74027058836018,9.54775554091814,5.406690967734857,12.663350161374183,7.003610298095094,0.06272947415273974,0.042353310962952445,5.178131726434528,3.018900175397239,-0.5912528138180881,-0.566222089067188,-0.46841399697020886
stage2_soh,119,-0.7555217737585977,0.9702193207657889,0.20456847062189054,0.12456742546125488,257.3257452658323,9.494657798341397,0.2981304684680154,0.18944521141605355,105.25030123870468,17.343814205597997,-0.2981304684680154,3.240831127353743,0.9803921568627451,0.3537710522680064,0.2300086314150808,126.9331847962529,21.972049742566142,0.564862019453401,0.4018823117241446,186.24900739563367,37.796469688355614,7.873209987835383,5.118864990608878,13.684411597472476,7.3111816585566,0.059929520200251246,0.04263804838905916,5.665043603481152,3.188698311525707,-0.564862019453401,3.2141759395599365,0.888671875,0.4271261836133208,0.24340171292442392,186.8655833237416,19.685350227941086,0.5947603526468298,0.406429851307621,222.46641308489438,49.95008795380751,9.505735738781729,5.416929352945033,12.737372709591817,7.3105768999988925,0.06310160949172687,0.04312052349969434,5.31287036548237,2.8027356373152674,-0.5947603526468298,-0.564862019453401,-0.46841399697020886
stage2_soh,120,-0.7680454627526512,0.9696325093523069,0.20363418158233582,0.12463737819715091,256.5772874742804,9.685182333465395,0.2970902261180602,0.18885720936602465,109.31099888624402,16.994256820282324,-0.2970902261180602,2.9297257965686274,0.9803921568627451,0.3536436777891868,0.231282472318294,134.20366486265885,22.532486355533294,0.5392339456596213,0.37754446801766023,172.18092853385258,34.5853823402795,7.8703752561285105,5.147214446726881,14.003035860101265,7.558244235210907,0.05721048774060018,0.04005590399661141,5.357023493929116,3.336298601864886,-0.5392339456596213,3.1297069787979126,0.888671875,0.4323505768565926,0.24310554850671906,170.18189741510145,18.979733092746972,0.5966655205768552,0.4015787416465173,204.0966526080536,47.53435331363302,9.622005130524235,5.410338184344418,12.595505976746935,6.9244489324758565,0.0633037399165301,0.04260584086142796,5.256904652320047,3.0034655197317743,-0.5966655205768552,-0.5392339456596213,-0.46841399697020886
stage2_soh,121,-0.7749682014916951,0.9703660236191594,0.2047327573078433,0.12483788835859806,260.18963558991896,9.519394793711626,0.2972185940126972,0.18818170111265178,105.49619391191173,17.207403802206628,-0.2972185940126972,3.7592013770458745,0.9803921568627451,0.34718441150196816,0.22527716928800823,131.18820722590763,21.70258374844721,0.5715298202228486,0.41040090861839845,173.46155279862433,41.7852533469022,7.726623641855413,5.013565829931051,13.328329135306802,7.043078365258689,0.060636946239074924,0.043541836229399354,5.810163143693826,3.4250320587779957,-0.5715298202228486,3.3695124983787537,0.888671875,0.43409009004935206,0.24631673966177914,178.92504596721946,20.54505498008298,0.5969055842038604,0.4056670850932278,213.85881862878932,50.060675318838264,9.660718169806007,5.481803563189814,12.686666704151229,7.271261099463839,0.06332920967283956,0.04303959716427214,5.305633238101862,3.015381571306202,-0.5969055842038604,-0.5715298202228486,-0.46841399697020886
stage2_soh,122,-0.7442145662123062,0.9706594293259004,0.20495076949985222,0.12483604636731846,256.09907851508694,9.649335441339874,0.29992223449345623,0.19024636238188122,108.67201124778381,17.682510680751072,-0.29992223449345623,3.7326781983469046,0.9803921568627451,0.3496882949528015,0.23278373103205333,129.69300328239888,21.585219695290554,0.5851976903481763,0.42948812535306546,191.31772142756336,40.916855358847016,7.7823478173273575,5.180625108859125,13.910624109754238,7.8116129764999345,0.06208705063724788,0.04556691085200135,6.018685411868584,3.6494927792609286,-0.5851976903481763,3.5737998485565186,0.888671875,0.433210553289841,0.24325496930759982,162.4205609004709,20.43563001800986,0.6136566173076807,0.43133770405165706,223.64764952771256,57.63266137438772,9.64114399166097,5.413663559143579,12.547803707453994,6.831523198522298,0.06510642489035746,0.04576314348963993,5.683657684320134,3.307286819756166,-0.6136566173076807,-0.5851976903481763,-0.46841399697020886
stage2_soh,123,-0.7442328992859157,0.9709528350326414,0.20502533936571113,0.12464521448395374,256.17735302817863,9.597295403378126,0.29877666285149185,0.1903433962597612,108.86993926086751,17.54127888175327,-0.29877666285149185,2.8857654917473887,0.9803921568627451,0.36499248235315734,0.23225818391816289,135.3029616531024,21.945543161437392,0.5473797961105898,0.3841895264409044,174.7524381224322,42.308685097245416,8.12294403152779,5.1689290055187485,13.798848452237447,7.159064357883709,0.05807472872749099,0.04076091716671802,5.328528467948124,3.340236785877675,-0.5473797961105898,3.139858067035675,0.888671875,0.4309173893255179,0.24375198410416488,189.78221920490338,19.63827273660037,0.6064930476364749,0.411304228253357,225.50492808146373,50.316560412583655,9.590109399339449,5.424724672921348,12.710904406190426,7.167474507278781,0.06434639982488774,0.043637674700470405,5.368918367130952,2.7296934301847724,-0.6064930476364749,-0.5473797961105898,-0.46841399697020886
stage2_soh,124,-0.7467829892739052,0.9704760507591873,0.20392860370151406,0.12458407415302288,260.12616547191647,9.600480776263199,0.2979593669110313,0.1893004624358671,106.24601918156777,17.55465425554381,-0.2979593669110313,2.8093728785421335,0.9803921568627451,0.3581068242336579,0.22896918317978726,131.58995273723303,20.352647365691162,0.5585435130788888,0.4065161992284451,156.01824016095443,42.49527951463252,7.969703024577925,5.095731966650345,13.856194713273226,6.871277591487239,0.059259152849702235,0.04312968465637874,5.638198474782598,3.663754893664401,-0.5585435130788888,3.0576809644699097,0.888671875,0.4340015770535315,0.24709861644441844,179.14036367398245,18.775415651856896,0.5941474177653367,0.3979978666338866,191.18055874726844,46.64876985118791,9.658748304272123,5.499204308827048,13.0481272129363,7.269761390271118,0.0630365796400165,0.042225924857141314,5.156207209612253,2.699244216857157,-0.5941474177653367,-0.5585435130788888,-0.46841399697020886
stage2_soh,125,-0.7781348091673888,0.9707327807525856,0.204391435595608,0.1243568883947088,257.44855623114717,9.560321185636312,0.29678162738105834,0.18822250787137249,107.23169230683669,17.133092450149263,-0.29678162738105834,2.6791040897369385,0.9803921568627451,0.3511210692833701,0.22748717696259857,128.79305306563992,22.27779917051069,0.5166436827537199,0.36672371819469274,169.57352924997133,35.52021004320402,7.8142343526937434,5.06274977074596,13.510954435318382,7.057543329671063,0.05481375443136075,0.038907867267703865,5.129709815955155,3.2250405364367523,-0.5166436827537199,3.052578389644623,0.888671875,0.431209670476725,0.2427457706980931,178.45032023194398,19.547628348230184,0.5916272896591462,0.39926442118303385,217.0116265395821,49.675668066158735,9.596614145457558,5.402331293395834,12.508853078906021,6.932849005265432,0.06276920448812841,0.04236030104782818,5.19139430904211,2.794141673084372,-0.5916272896591462,-0.5166436827537199,-0.46841399697020886
stage2_soh,126,-0.7652458974540011,0.9702559964791315,0.20419547753477477,0.12510765542775476,261.8776284839615,9.545608631571683,0.29781282953060056,0.18862377514319503,107.54739198374901,17.32167946739194,-0.29781282953060056,3.0969256279515287,0.9803921568627451,0.35345456638464345,0.23020965563973375,133.85781242358084,21.119072662351225,0.549309838831124,0.39672938414721515,175.0587742663508,40.88139222529716,7.866166562993448,5.123338804741459,13.608270428686147,7.392254431786902,0.05827949826451798,0.04209134412027002,5.560244655406956,3.759804423232353,-0.549309838831124,3.17429256439209,0.888671875,0.4291269891303951,0.2401641203541658,189.4243927604149,19.112205355813945,0.5871480987106895,0.3995194457565958,211.18331290250444,47.74363080312222,9.550263864754035,5.344876407976016,12.67515825879107,7.034186011011852,0.06229398088451973,0.042387358098588346,5.2164982089768905,2.9762300459150834,-0.5871480987106895,-0.549309838831124,-0.46841399697020886
stage2_soh,127,-0.7687367695596662,0.9697058607789921,0.20408802963605274,0.1247564503951033,255.28684995126716,9.671977062978566,0.2971338097344599,0.18843117952240404,107.17948323154565,17.272343760857535,-0.2971338097344599,3.158125311720605,0.9803921568627451,0.3427533516510418,0.22245803229538175,122.47248768869078,21.530034023285268,0.5310108526257384,0.3847879549972348,184.3626928582283,38.01654617463255,7.628009963739714,4.950825655501494,13.309332185372671,6.748583389671474,0.05633805163565635,0.04082440795742424,5.3514358923290954,3.50831824774302,-0.5310108526257384,3.2478748559951782,0.888671875,0.42976248858526106,0.24337337687938998,180.8448082964441,19.877285468556195,0.5950830489406561,0.3973287178687315,232.9644280235461,46.063821990625456,9.564406968389108,5.416298731441811,12.74670689753734,7.255622784310187,0.06313584623166227,0.04215493094525263,5.170309513384842,2.9428512236979474,-0.5950830489406561,-0.5310108526257384,-0.46841399697020886
stage2_soh,128,-0.7677306250466784,0.970109293625761,0.20509759165343655,0.12540287882457007,258.30618268827465,9.705491476224395,0.3000981290963532,0.1895977365686146,108.25046454895106,17.294486166453474,-0.3000981290963532,3.4472119247212127,0.9803921568627451,0.35822468878380426,0.23216280370594605,131.24757326353907,20.9137295178182,0.5973158637638896,0.4424147170183121,217.65218231105544,45.29744541563106,7.972326111875415,5.166806309400303,14.083357446134004,7.744128088219154,0.06337273863448636,0.046938368676466925,6.207005261815088,3.7976471614474265,-0.5973158637638896,3.175774872303009,0.888671875,0.4298376595255617,0.2417004534654552,171.55873342819962,19.207096120687183,0.5923378407636063,0.4045198080175396,238.22757740982627,46.987704981273716,9.566079905149126,5.379067654317116,12.593315293301966,7.020159113593158,0.06284459101669915,0.0429178758193864,5.285356971094915,2.9497648853518172,-0.5923378407636063,-0.5973158637638896,-0.46841399697020886
stage2_soh,129,-0.7612837224330886,0.9695591579256216,0.20463425242561437,0.12491078372637715,251.20079498078766,9.655273952693808,0.2983597778798163,0.1893242073274397,108.55631017201145,17.455847389666452,-0.2983597778798163,3.0363504325642303,0.9803921568627451,0.35856529844460566,0.23404011988382348,131.88862921436,21.795132560643594,0.5395844182333933,0.39132506188973054,178.62875446315346,39.30023316507602,7.97990641378588,5.208586167834826,13.96739078966088,6.838578512217452,0.05724767142876855,0.04151796791733114,5.4367619796721165,3.3676174995504073,-0.5395844182333933,3.0253645181655884,0.888671875,0.4307512840731539,0.24660104196846078,193.10041405243845,20.658149976149595,0.5806640136205624,0.3907139181947059,220.09080182638428,47.59400827945217,9.586412710411512,5.4881307393286765,12.980707631575807,7.676338758907999,0.06160604631818981,0.04145312810308467,5.087490966383584,2.852906811049638,-0.5806640136205624,-0.5395844182333933,-0.46841399697020886
stage2_soh,130,-0.7920482410405585,0.970989510745984,0.2043756066694703,0.12448019397625269,254.9450464542163,9.57907080712835,0.29522945866655675,0.18682906530764998,105.49671232369735,16.994555415521216,-0.29522945866655675,3.073684949500888,0.9803921568627451,0.3585216690099902,0.2314807777658251,136.48665208965133,21.863579209636804,0.5349951123025424,0.3724538004984531,159.774685082457,37.204016813963285,7.978935436374993,5.151627754203946,14.135882482958836,6.942309283107807,0.0567607650817031,0.03951580526202079,5.258863824830626,3.1013139327191053,-0.5349951123025424,3.150286018848419,0.888671875,0.42754738075441034,0.24168866627951502,181.16731274712504,20.120541445356857,0.5745575289150979,0.3872806268009299,200.18779445041875,44.9040321858549,9.515109523088878,5.378805329320547,12.459967584917445,6.881766813927344,0.060958173588380876,0.04108887010936127,5.064413437080158,2.711712794336433,-0.5745575289150979,-0.5349951123025424,-0.46841399697020886
stage2_soh,131,-0.7895698689893276,0.9709161593192988,0.2047664032041719,0.125141406647256,254.76505694548575,9.701746781385745,0.2953143902145636,0.1872820698209352,105.6868191447022,17.120413059723976,-0.2953143902145636,3.0146385688407746,0.9803921568627451,0.3554983640113074,0.22839390142254679,130.74021319518326,22.97306655482833,0.5480151187935516,0.3952869286888516,191.4254789142828,38.84135099456054,7.9116514826447455,5.082929013870891,13.646342512909564,7.4775184363780065,0.05814213383219085,0.041938305571823084,5.531018240803314,3.209558646312538,-0.5480151187935516,3.0826982259750366,0.888671875,0.43075769582814366,0.24051029817019298,180.09399560931774,18.29574867427892,0.5940878243272631,0.4018909876112957,222.70590542406615,48.68935963840171,9.58655540465713,5.352580629735367,12.484166283364729,6.854983385659424,0.06303025702311567,0.04263896886474415,5.1991765572752335,2.8486412016306883,-0.5940878243272631,-0.5480151187935516,-0.46841399697020886
stage2_soh,132,-0.7814551461060364,0.9699625907723906,0.20330836393229282,0.12457170436833512,255.1724688201156,9.556766854738765,0.2947527741602781,0.18610196879547838,104.86427955508626,16.914472847429565,-0.2947527741602781,3.3878081499361525,0.9803921568627451,0.35085484676993217,0.23288578329626106,131.3563460318454,23.31021502422066,0.5733808512437246,0.4114007595150421,175.62930293599885,42.32983773105475,7.80830954415345,5.182896292158861,14.180339384913623,7.187452236190252,0.06083333296209131,0.04364791626743345,5.784199490186145,3.8097903279283587,-0.5733808512437246,3.328755736351013,0.888671875,0.43068397038985895,0.24383734573530091,183.75413666740735,19.859037272554062,0.6012278625642806,0.4153909109854794,208.5901117612741,50.43948889018786,9.584914637688382,5.426624404520442,12.612026879762096,7.181090140688738,0.0637877855009021,0.04407125480837666,5.461351181110964,3.2298852356312784,-0.6012278625642806,-0.5733808512437246,-0.46841399697020886
stage2_soh,133,-0.7904740396698791,0.9704760507591873,0.20319327315274402,0.12497395613638052,261.1972096254519,9.77809420755528,0.29541979402097307,0.18654073143078959,105.63851563844196,17.17646673106064,-0.29541979402097307,3.474964796328077,0.9803921568627451,0.3507881114852571,0.23133614859269822,133.02383883355466,21.935251176637713,0.5555705762636964,0.4163636811689346,181.23614100296916,48.189504330667404,7.806824343749187,5.148409017557478,13.90489257134937,7.5513333956708415,0.05894373656964759,0.04417446169492923,5.821920042593371,3.9076891773837032,-0.5555705762636964,3.2781774401664734,0.888671875,0.4313569566966226,0.24160609305181424,156.20248902593897,19.57871567789679,0.5683561179751787,0.39207568364599865,208.1503298302211,50.158122350748336,9.599892014944432,5.376967653917504,12.449144269016822,6.76764547014192,0.06030022957834887,0.041597605776057305,5.13998637262251,3.0834058882260242,-0.5683561179751787,-0.5555705762636964,-0.46841399697020886
stage2_soh,134,-0.79993790077252,0.970696105039243,0.20205871115476032,0.12392225721252391,258.0956238691823,9.565106454096957,0.2937244310679125,0.1859399317792523,105.0594147299646,16.831615369653264,-0.2937244310679125,3.0244191207137763,0.9803921568627451,0.33907687164081435,0.2266483288258314,131.30309920076996,23.26099482919506,0.5491868647306013,0.40428231930926295,184.3793112775214,48.423348269641025,7.5461895351008215,5.044081121950837,13.52650663894588,7.569815488606205,0.05826645122189947,0.04289267925128687,5.562647371610818,3.6320477097636825,-0.5491868647306013,3.095114052295685,0.888671875,0.4286467258297032,0.24164795275464712,171.56692733442426,19.70704423813087,0.5967302447675897,0.4024002054011362,229.16951817982275,45.896652084709956,9.539575557184614,5.377899245771385,12.436311064160378,6.868734214047208,0.063310606885033,0.04269299476270078,5.235539196771449,2.8768669524567554,-0.5967302447675897,-0.5491868647306013,-0.46841399697020886
stage2_soh,135,-0.7894033334456859,0.9707327807525856,0.2036240119640743,0.12452116229827989,256.64463837922324,9.567679034296658,0.2926391245832615,0.18605645181045746,105.48075408332821,17.218130749149548,-0.2926391245832615,3.066591183344523,0.9803921568627451,0.36227976628548586,0.23635598351978057,137.31183469716,22.645398347067918,0.5602077740853285,0.3918641436224182,182.06502656232468,41.819465349886514,8.06257226537782,5.260125943608422,14.109590149483788,7.349807398498464,0.059435724047922335,0.04157516225590597,5.538800072010025,3.3976661615442163,-0.5602077740853285,3.258725881576538,0.888671875,0.43035554210557336,0.24187006559986912,158.77067561842853,19.802205209315957,0.6005395025993303,0.40600696860383323,214.21934231970133,51.416922320194914,9.577605433524988,5.382842389254202,12.545280492518842,6.794703924243093,0.06371475336030172,0.04307565739670602,5.303386862675168,3.077631089246111,-0.6005395025993303,-0.5602077740853285,-0.46841399697020886
stage2_soh,136,-0.7966972991724686,0.9699259150590479,0.20491394600317359,0.1249424014510343,259.6972109833311,9.623459519914768,0.291011358108963,0.1846333550494249,107.00816582488522,17.090016592764982,-0.291011358108963,3.555244464500278,0.9803921568627451,0.3560737028346301,0.2329470092047225,135.93653421408905,24.3280293142777,0.5693121204168393,0.415176330230144,173.88542346685213,45.26142624502148,7.92445570543554,5.184258880847005,14.093774816486782,7.496606035194485,0.060401657476961045,0.04404848867918302,5.85124623095169,3.9734957692299755,-0.5693121204168393,3.3112946152687073,0.888671875,0.42992946590535475,0.24255881252065592,174.40479332692962,19.153253591235547,0.5848748033643845,0.4008720019228349,223.66471962805778,49.52181680764725,9.568123065271187,5.398170520544383,12.676916845000724,6.92046785010705,0.06205279366589711,0.04253085870456826,5.247704931841958,2.8339235867985995,-0.5848748033643845,-0.5693121204168393,-0.46841399697020886
stage2_soh,137,-0.7990329128660757,0.970109293625761,0.2048502024765277,0.1251437790248803,255.26278569721143,9.713101120076193,0.29313193813410354,0.18573406238044932,105.07532486734229,16.92410358051002,-0.29313193813410354,3.0217985078400256,0.9803921568627451,0.35303414327921573,0.2288557661779444,130.53641978158595,22.647590669251308,0.5595573167872823,0.39769648462899176,192.0762725212845,38.49802240584319,7.856810004927011,5.093207859983125,13.652487248025016,7.183008223142891,0.05936671322326044,0.04219394947496246,5.5464852671502385,3.2543863482773068,-0.5595573167872823,3.1790279746055603,0.888671875,0.4302287854180145,0.2413765415767557,163.15729440841915,18.084160200540072,0.5918837507966933,0.4077124625973738,225.8528091561939,52.53457412934967,9.574784450824128,5.371858962987121,12.40109542451142,6.795407920517743,0.0627964139523761,0.04325660324404092,5.325423920101265,3.162781573915683,-0.5918837507966933,-0.5595573167872823,-0.46841399697020886
stage2_soh,138,-0.7939524224011186,0.9702926721924742,0.2041313963111059,0.12437628920819958,254.7130016142611,9.491734587651209,0.29118216970826105,0.18466276619861235,104.61162334912976,16.904842717562328,-0.29118216970826105,3.2080107857199276,0.9803921568627451,0.34935037554146375,0.2305070898933884,134.5203098904766,21.219978814502603,0.5643646840023033,0.4029834701350945,175.93567868250568,42.592164914897346,7.774827387186533,5.129958233667554,13.663942542452515,7.045585166924658,0.059876754969210036,0.042754876734672764,5.683032612842105,3.564787501098261,-0.5643646840023033,3.183490514755249,0.888671875,0.4258253284159337,0.23952543458290165,180.97865134654916,19.65834760276507,0.5750386785189804,0.39820393255376985,215.4057783669557,46.60319269439039,9.476785076857482,5.33066239255229,12.468030707918846,7.138854072166393,0.06100922156808594,0.042247787597568046,5.214849731588579,3.095138819952565,-0.5750386785189804,-0.5643646840023033,-0.46841399697020886
stage2_soh,139,-0.8076473297957741,0.9704393750458447,0.20393412891515678,0.12416443900937485,258.71476562823165,9.568559716759848,0.29025859811084165,0.18435817743105537,105.76213775598488,16.57734346221782,-0.29025859811084165,3.132740404091629,0.9803921568627451,0.344953158717994,0.2242369660103292,134.60399983030797,22.503534925673957,0.5473767923291877,0.39550240556070326,175.89734903494065,41.190039274386635,7.676966889016116,4.990416002429063,13.299947681800031,6.886637209952297,0.05807441003872804,0.041961166775266734,5.563481142600407,3.485365983900677,-0.5473767923291877,3.267014503479004,0.888671875,0.4318206528492945,0.24564084050871315,193.65777011221456,19.608469630243974,0.5878063605739833,0.400568722454409,223.2964668673514,49.37629195475495,9.610211618985328,5.466761360249317,12.779434729258776,7.320533775477825,0.062363819741222286,0.042498682009369425,5.24162663408789,2.9408197743723337,-0.5878063605739833,-0.5473767923291877,-0.46841399697020886
stage2_soh,140,-0.8123479871435787,0.9703660236191594,0.20565693435895932,0.12541621000079228,258.3994202783765,9.589960067263153,0.29244879429827036,0.1836344468264591,105.45059499686123,16.726463018331685,-0.29244879429827036,3.2118774068121816,0.9803921568627451,0.34535819352060504,0.22446202729627782,131.43050950210213,22.908544091167947,0.589309093597817,0.42373838353052956,192.85737406509583,38.89556885348658,7.685980978871389,4.995424763753783,13.588120648645555,7.0957917774096595,0.0625232534896527,0.044956887064186164,5.9137039600658845,3.6531891171930857,-0.589309093597817,3.3942688703536987,0.888671875,0.4345443383184846,0.24511325769344694,183.75775237874907,19.483132961139205,0.6095789180788485,0.4190171286381883,241.23688356520887,49.703154749212175,9.670827510258151,5.455019952172159,12.783097036068103,7.155471502036358,0.06467379789493419,0.04445598147893387,5.4678379468689275,3.239298523867708,-0.6095789180788485,-0.589309093597817,-0.46841399697020886
stage2_soh,141,-0.811172091470359,0.9710261864593266,0.2047491146139712,0.12501869725923104,259.73483720702046,9.591381206962923,0.2932177715488333,0.18445261976005378,110.49619590165346,16.344891792508605,-0.2932177715488333,3.512587575351491,0.9803921568627451,0.35154119312487797,0.2277551574048166,131.00864620185905,20.95830391369041,0.5744730867289666,0.4136250300867045,177.94523228672668,39.5351375013783,7.823584250611851,5.0687137021662645,13.724408576719751,7.211384954131349,0.06094921462225247,0.043883902160562295,5.7671606417004835,3.6264498515140056,-0.5744730867289666,3.496824324131012,0.888671875,0.43035902189095837,0.24272465845751867,167.22070187129808,19.418421413998026,0.5960405527695303,0.40814147040055104,229.30687043817812,49.66486393146233,9.577682876495162,5.401861438380026,12.703646503228239,7.257693872808135,0.06323743342123797,0.0433021191946999,5.351907402329955,2.9378984873555973,-0.5960405527695303,-0.5744730867289666,-0.46841399697020886
stage2_soh,142,-0.8091951711226968,0.9700359421990757,0.2052788437601348,0.12511142015009938,256.497527301313,9.698549620905556,0.29238098091256776,0.18443384497358956,106.14436582416819,16.673919936216443,-0.29238098091256776,3.325378894805908,0.9803921568627451,0.35832472466595294,0.23275921192458449,131.34523067628385,21.8542340043088,0.5548216196470052,0.4039706252058785,176.91891542542632,42.795447364489775,7.974552420391689,5.18007943368141,13.840718545185949,7.5764050045525035,0.0588642753753323,0.0428596097981784,5.643025437924517,3.7671004397518617,-0.5548216196470052,3.260864794254303,0.888671875,0.42998729877240854,0.2438792549419304,182.9226375632217,19.229114610012996,0.5785347396969786,0.39557393884842895,211.32780751931662,48.97797721080512,9.56941014148501,5.427557098086245,12.618774138547145,7.397578985864913,0.06138013917587783,0.04196875616075223,5.155903467290935,3.117410218881072,-0.5785347396969786,-0.5548216196470052,-0.46841399697020886
stage2_soh,143,-0.8326675000364219,0.9709161593192988,0.20362872340425925,0.12469061818125679,256.87112384620895,9.562784301399107,0.2891267569816883,0.18259271704466112,105.17388854103756,16.523213412262308,-0.2891267569816883,3.5892020674312817,0.9803921568627451,0.3583792205214699,0.23361253458093487,127.97661642810675,24.04100522279287,0.5544112468963833,0.4023489036332524,183.12324719463354,40.884932845433816,7.975765231081542,5.199070214350866,13.89412682670586,7.294916261870328,0.05882073652654968,0.04268755185765704,5.637209254698518,3.1859395145149065,-0.5544112468963833,3.310519218444824,0.888671875,0.4315361696586449,0.24265248365918524,174.53815513816863,19.5301678113521,0.5864897039805195,0.40143977206207637,218.4344817072896,48.44924746696542,9.60388041725575,5.400255181057766,12.533083198507246,7.239580738254401,0.06222412793119204,0.0425910967642305,5.236666961556298,3.016061019017717,-0.5864897039805195,-0.5544112468963833,-0.46841399697020886
stage2_soh,144,-0.8163893474990743,0.9702559964791315,0.2037291206409056,0.12426754976635399,252.56049738586,9.59885685436805,0.29133814139413805,0.18399910484575716,106.09171176910056,16.7655364251457,-0.29133814139413805,3.786970624736711,0.9803921568627451,0.3538857342058923,0.2278855475231859,134.07591680742263,21.28454305101394,0.60281955801677,0.4480547341472451,205.5201062018601,44.44760955706623,7.875762245780174,5.071615547231538,13.726414979737356,7.1302050017919125,0.06395665779446667,0.04753675112884925,6.271858398673076,3.762554368241662,-0.60281955801677,3.4973798990249634,0.888671875,0.4274061195605377,0.24139619671768742,175.09786811916885,19.042041461696403,0.5927767965280698,0.40779691434636334,238.7087677828622,48.39824899295966,9.51196574115601,5.372296390105321,12.615262162787666,7.144979435716912,0.06289116240483901,0.043265563224748976,5.364790728643298,3.183634599476559,-0.5927767965280698,-0.60281955801677,-0.46841399697020886
stage2_soh,145,-0.7937121596248835,0.9706227536125578,0.20376798062603688,0.12492164000636188,258.3412839980115,9.602589528331293,0.29336319239833614,0.18622030056211372,107.91823156942549,17.225732980146134,-0.29336319239833614,3.422890644447476,0.9803921568627451,0.36444647184684253,0.23318449868911914,136.2287459315397,23.592912917030688,0.570788842037373,0.4153870051411693,186.61649591312116,41.79778675492124,8.110792513351779,5.1895442329654715,13.796293483686467,7.333207323208722,0.06055833152325922,0.04407084041447616,5.85073491371074,3.909582217561171,-0.570788842037373,3.3742536902427673,0.888671875,0.4344076287791241,0.2440471695317683,179.14927622023842,18.635154557439982,0.5957527806341985,0.41228742530620366,223.07830810505376,50.06147265078282,9.667785025849591,5.431294053999794,12.739412396919406,7.144456995024596,0.06320690198983792,0.043741987834669836,5.406310779618893,3.1262063404375597,-0.5957527806341985,-0.570788842037373,-0.46841399697020886
stage2_soh,146,-0.8316290475543419,0.9702926721924742,0.20454955032567254,0.1247584469554794,257.43430856673376,9.605076823756438,0.2874138329157809,0.18135538054406092,105.21930043324289,16.336954802916168,-0.2874138329157809,3.6260185709186628,0.9803921568627451,0.3442509549561082,0.22326124998211277,131.82193133232605,21.99112335100979,0.591811244500603,0.42738130560382176,190.49076734599822,42.81951545494425,7.661339274387584,4.968701345083879,13.168300629227643,6.881430245171877,0.06278872133473405,0.04534338600456556,6.011902413238808,3.96685636304362,-0.591811244500603,3.7351003885269165,0.888671875,0.4356245662950132,0.24896025327507232,185.81119771273745,19.225763105636425,0.6145950189229704,0.4283826513619715,242.90918606660318,51.63652898025405,9.69486809141769,5.540635221828156,13.118842281872496,7.472984487673921,0.06520598541420694,0.04544962464121269,5.628904977580914,3.1578591624441197,-0.6145950189229704,-0.591811244500603,-0.46841399697020886
stage2_soh,147,-0.8073025713538438,0.9702559964791315,0.20604197016965736,0.12498689945590277,258.77766414358695,9.592822458487788,0.2899997254758908,0.18357116478273416,105.57706202651421,16.657935906680137,-0.2899997254758908,3.3799122782314526,0.9803921568627451,0.35507514417521335,0.23182731613005494,132.46728264868318,22.639299508328882,0.5393800193153623,0.3914375956051563,180.0854064161473,38.00781973511421,7.9022326830589,5.159339999999443,13.914787877160007,7.7496589922877455,0.05722598555033241,0.041529907278342416,5.492998448314237,3.721602175696197,-0.5393800193153623,3.384172558784485,0.888671875,0.43480213505410026,0.24419387637135515,165.3248188166535,19.51589437411376,0.6032120499485508,0.4174331031736074,242.85463769906724,51.829819807572704,9.676564802274184,5.43455902932017,12.659570638489406,7.13161070498105,0.06399829956244543,0.04428792293931179,5.464687394648653,2.9794916125143995,-0.6032120499485508,-0.5393800193153623,-0.46841399697020886
stage2_soh,148,-0.8265865019842384,0.9697425364923348,0.2046677585324877,0.12494037300107476,256.3639578689078,9.630073757550273,0.290574197872787,0.183931787965024,105.8510613849256,16.456471810994252,-0.290574197872787,3.006057309169395,0.9803921568627451,0.35142863169603883,0.22879075167664126,132.60903956283929,22.58601371784205,0.5514047302581745,0.3997670930111781,193.95203752304303,40.50056231756054,7.821079184807003,5.091760955784117,13.640890604248511,7.248587829771,0.05850175756638472,0.042413632446366915,5.562722609812239,3.4440355699158847,-0.5514047302581745,3.243196189403534,0.888671875,0.43443151373877387,0.24199466978825512,185.14270894604527,18.487962881929143,0.5954699299149805,0.4068195303025277,229.13542472880113,48.71689320492737,9.668316588004458,5.385615467871679,12.46333642404941,6.554457445197916,0.06317689270029951,0.04316186682672396,5.278646744513901,2.900002332550786,-0.5954699299149805,-0.5514047302581745,-0.46841399697020886
stage2_soh,149,-0.8287329865789095,0.9701459693391037,0.2042900346370738,0.12445999931875798,257.0142177877419,9.619519494509149,0.2884064590082805,0.18287831981423736,106.61501179385823,16.44789039063179,-0.2884064590082805,3.302217198353188,0.9803921568627451,0.35542018679063775,0.23075170460266664,134.76096083776932,23.16739693544723,0.5284890667595948,0.39251874085040944,165.68468270562764,44.43401353637448,7.909911640815822,5.135402158375112,13.860687276515323,7.569336609280729,0.05607050060230486,0.04164461230998449,5.496090364277297,3.8898605020419312,-0.5284890667595948,3.2588014006614685,0.888671875,0.4324391916031263,0.24415658954058017,181.58747246132668,19.207157005078273,0.5814349573352491,0.395528633513095,213.84076818947932,46.72490042282206,9.623977260530367,5.43372920718919,12.582662105913279,6.87995245986963,0.06168784025251607,0.041963949452360504,5.162864263012617,2.869241076417254,-0.5814349573352491,-0.5284890667595948,-0.46841399697020886
stage2_soh,150,-0.8299911877060202,0.9702559964791315,0.20415986757822002,0.12476379684259192,254.8140806626386,9.704406384481846,0.28970276602566786,0.18270038812201497,104.91723058609705,16.3469586835894,-0.28970276602566786,3.5204586234747195,0.9803921568627451,0.3574546161083373,0.22566334104311525,131.49785326075818,20.189055213591548,0.5978875090380337,0.431295756862371,205.46848692476217,46.0175509597958,7.955188067818455,5.022160120786213,13.593561184630254,6.7928037732716415,0.06343338782990819,0.04575869306663203,6.05435126145049,3.8774676842828115,-0.5978875090380337,3.5561463832855225,0.888671875,0.42943838260386397,0.24051858623897715,173.18666253858373,18.829203372323818,0.615559598809791,0.42423244059864373,239.29962631309652,55.381146848347015,9.557193957506804,5.352765081531277,12.633851897471592,6.965195451115877,0.06530832334421667,0.04500930447237424,5.551451215668719,3.2849733779602195,-0.615559598809791,-0.5978875090380337,-0.46841399697020886
stage2_soh,151,-0.8331637161804436,0.9699625907723906,0.2034071243093376,0.12421932288028716,260.6536083947344,9.546092981735335,0.28583832310817336,0.18128792937910368,105.8055959206102,16.646841496577416,-0.28583832310817336,3.1585005638646146,0.9803921568627451,0.3496299760176508,0.22755829731513763,130.78593212173712,20.13185021182518,0.5841438073282776,0.4164960540799132,185.8426615775993,48.8393236929881,7.781049923619647,5.06433256127209,13.47572547386285,7.096732813654752,0.06197523801477623,0.04418850591240049,5.8783307426479245,3.6527068657674127,-0.5841438073282776,3.247886896133423,0.888671875,0.43167541496932177,0.24350203606263676,180.59968779852866,19.609898279189615,0.5976635776835045,0.4083897453647296,217.61592872624954,50.97389690688091,9.606979335507404,5.41916205437361,12.709954323357014,6.812868455417721,0.06340962964087699,0.043328460139866215,5.310666351001217,2.9390583346957624,-0.5976635776835045,-0.5841438073282776,-0.46841399697020886
stage2_soh,152,-0.8463847883018895,0.9710628621726692,0.2050039393175104,0.1245677837352102,253.9295909798244,9.679176058605547,0.2904282176414585,0.18217445875307686,103.43582984778837,16.56408174101852,-0.2904282176414585,3.4975280013738894,0.9803921568627451,0.3485080024933708,0.22675678527493978,132.4749480612239,22.624820001466404,0.551563842211323,0.4043272262160648,187.16313870244298,48.11106142309161,7.756080291138933,5.0464948310231055,13.490817706886697,7.514308582331889,0.05851863868545791,0.04289744368806192,5.631094404184388,3.69403961212548,-0.551563842211323,3.553570568561554,0.888671875,0.42767837189483465,0.24145445237991225,173.24898346723415,18.44031543206897,0.6064104427716963,0.4139990156654676,232.08374622873254,48.70998638885923,9.51802474395982,5.373592875667766,12.465685460038323,6.788193839336495,0.06433763579094336,0.04392358048115247,5.417577434315631,3.0887583141631922,-0.6064104427716963,-0.551563842211323,-0.46841399697020886
stage2_soh,153,-0.853671209500697,0.9703293479058168,0.20407322687913862,0.12469613337785306,255.19952758028202,9.593622534372033,0.2837471409695567,0.1798238581414537,104.88378150369007,16.262840565440616,-0.2837471409695567,3.3956912265104404,0.9803921568627451,0.34684005903076626,0.2250737093535124,120.9296677798065,21.54420115936557,0.5505854565092576,0.40342929680128675,187.26215063411462,42.655475994664464,7.71896004332687,5.009037808833431,13.371254636188995,7.068700661400722,0.05841483601564432,0.04280217709702184,5.5835098764075815,3.7514509349742067,-0.5505854565092576,3.378973960876465,0.888671875,0.4326012984638561,0.24460450358128583,182.6804477737832,20.01908520554698,0.6072282028084116,0.41253997597596026,243.55935959228174,50.68059335221922,9.627584964854424,5.443697578757093,12.750452915409397,6.997700815454628,0.06442439674309006,0.043768782414484945,5.356480041412995,2.9409227695398767,-0.6072282028084116,-0.5505854565092576,-0.46841399697020886
stage2_soh,154,-0.8503146926454147,0.9698158879190201,0.2038647272717686,0.12425766416744163,258.31872951509786,9.510059132483473,0.2880401208187481,0.18119024266414047,103.74893820629082,16.28554590828839,-0.2880401208187481,3.248864594627829,0.9803921568627451,0.3487508222952865,0.2279730208775065,131.56570345549724,22.121988089953497,0.5316414430984439,0.37029444808414314,170.68750665751847,35.25945549041366,7.761484270004446,5.073562275440337,13.572161174167718,7.215235800191379,0.05640495467245223,0.03928670691644946,5.192829801639698,2.917040725886129,-0.5316414430984439,3.3455296754837036,0.888671875,0.4327574429078533,0.24366431023008772,181.0118366478755,19.48748913825357,0.5926835887567066,0.40281505262100836,228.8876938562824,50.24205359684146,9.631059975000513,5.422773482125406,12.489329800184862,6.909251714893638,0.06288127344643084,0.0427370083341344,5.227632410656248,3.0430746585399073,-0.5926835887567066,-0.5316414430984439,-0.46841399697020886
stage2_soh,155,-0.8437908901504066,0.9698525636323626,0.20520620640992174,0.12540073753899367,258.2497671249499,9.582355271600164,0.28806881261245293,0.18084717555865668,103.56771615988356,16.19310111271589,-0.28806881261245293,3.7030608233283546,0.9803921568627451,0.35618723911874745,0.22731670313606075,128.90614038188465,22.99254791653761,0.5676625426721679,0.4145119520401874,180.0838559609932,47.25153024504026,7.926982466741656,5.058955858764871,13.63140683335585,7.129452353097859,0.06022664411198595,0.04397800090555976,5.812939761688357,3.7070016942281967,-0.5676625426721679,3.4620094895362854,0.888671875,0.43045648736517633,0.24387772780937667,181.9859968549252,18.122893556049142,0.564435621640005,0.3825841191496693,196.84556739215344,47.18605920908695,9.579851980327039,5.427523111599228,12.733823193832748,7.600345283320589,0.059884281158695596,0.0405905901038668,4.973199718238116,2.856005094718386,-0.564435621640005,-0.5676625426721679,-0.46841399697020886
stage2_soh,156,-0.8429210902152281,0.971282916452725,0.20596046197631276,0.1259396678619789,259.801329944934,9.6375663888907,0.28940672617662727,0.181739598560529,102.24220730904607,16.397901258953148,-0.28940672617662727,3.879826863606771,0.9803921568627451,0.3584394278724834,0.23326200565469324,131.39571179780444,21.55983640057491,0.5794386911419396,0.43037110056006805,183.5002133949548,48.764391203202536,7.977105151672279,5.191269158200516,13.923394603609676,7.463543532502365,0.06147604467937275,0.045660590863547505,6.04413118753093,4.028328666992584,-0.5794386911419396,3.5451866388320923,0.888671875,0.43252322768500495,0.24478989760609693,172.2904347146249,19.013958309729247,0.6013698297150126,0.4105270867712534,223.73762060188926,50.47154194453971,9.625847491898773,5.447823541236132,12.888883302372514,7.238214847647896,0.06380284762746496,0.043555223208696814,5.3571995963752554,3.0534994923522865,-0.6013698297150126,-0.5794386911419396,-0.46841399697020886
stage2_soh,157,-0.8435846692436048,0.9704760507591873,0.2050570905834521,0.125165708438005,255.89553393362436,9.60991596393638,0.29017958045521536,0.18105790071243338,103.84797269521933,16.286958396013432,-0.29017958045521536,2.709644018435011,0.9803921568627451,0.3559060159697315,0.230819497330516,132.93047277802506,21.9628914562936,0.5018115655225632,0.3647277488044518,167.79437607748994,36.14677847104323,7.9207238175631876,5.136910892282493,13.809338000548241,7.396889062025246,0.05324012823840618,0.03869610318413655,5.031911097861173,3.255995035357402,-0.5018115655225632,3.196744918823242,0.888671875,0.43296012126352595,0.24507931940206618,197.02110898495948,19.031009924691872,0.5891850411702404,0.39814054599037263,218.1409699138972,48.83320125027387,9.635570601983614,5.454264652118759,12.82755980586285,6.725614578615895,0.06251009204100097,0.04224106254578421,5.143909115923682,2.7564659600169135,-0.5891850411702404,-0.5018115655225632,-0.46841399697020886
stage2_soh,158,-0.8516838085989797,0.9710995378860119,0.20348468155838972,0.12407941943841522,258.9406871434842,9.600093106085009,0.2884442526534628,0.18177331139103398,103.41909204781474,16.252898119014386,-0.2884442526534628,3.133722099603391,0.9803921568627451,0.3481049323244073,0.2302924399948953,126.2284882709005,22.857252770709646,0.5220831607495081,0.37075993837103904,163.43189940073714,38.650917424393725,7.747109924401073,5.125181178807159,13.81313487494007,7.1014797153298685,0.05539086051249338,0.039336093507494375,5.187741775192426,3.096901570284772,-0.5220831607495081,3.316991627216339,0.888671875,0.4353261984500253,0.24348107405967312,193.3443327603734,19.40982186096319,0.5869273597359068,0.3964233336337202,212.2725024378425,46.39421702317419,9.68822788532353,5.418695542910786,12.687422594114086,6.905703926524705,0.062270561393754496,0.042058873428669014,5.13131462570793,2.78749067632721,-0.5869273597359068,-0.5220831607495081,-0.46841399697020886
stage2_soh,159,-0.8494723884863312,0.9701459693391037,0.2047807973974953,0.12484034702867619,252.84549668658593,9.740766760775546,0.287774822324212,0.1818016645695181,106.50651239682622,16.506892963939205,-0.287774822324212,3.0375450124927594,0.9803921568627451,0.35051664300175017,0.23000251186335935,133.28702591400082,21.271671267581333,0.5351535112616063,0.3901207412241538,166.58109661850148,41.38882233383103,7.800782785622745,5.118728799376086,14.019326287676302,7.355165385115674,0.05677757055505763,0.04139019448387369,5.438232834194034,3.4223311935713197,-0.5351535112616063,3.3551310300827026,0.888671875,0.4321402926307424,0.24406718215323053,184.1396641778364,19.23932450106397,0.5750512858099363,0.396045474638413,220.11381942928128,49.53200081096755,9.61732523414313,5.431739436882788,12.584010565340968,7.396874212549314,0.06101055914942791,0.04201878415462998,5.154229743098536,3.002227673200064,-0.5750512858099363,-0.5351535112616063,-0.46841399697020886
stage2_soh,160,-0.8631346585473739,0.9699992664857332,0.20418042086840466,0.12439719499822173,255.39494388829937,9.553366886367268,0.28622542525451233,0.18015400615438049,102.76010710523809,16.35580203366981,-0.28622542525451233,3.6005929264367795,0.9803921568627451,0.35200960632070455,0.22914354482154345,137.1000896304113,20.961768449920847,0.5891701443919333,0.42553638234761926,189.1309954617918,48.441679469664635,7.8340088329177595,5.09961240234617,13.664914878890581,7.792077138466871,0.06250851155453574,0.04514764729007828,5.9818641683067115,3.4909207743635884,-0.5891701443919333,3.4930575489997864,0.888671875,0.43200914476320634,0.24418202391143495,202.2283242988349,19.71777226066928,0.6024380222601557,0.41334300249855005,212.92555635630157,50.724113031130656,9.614406525294715,5.434295251644677,12.574124553273913,6.994410949622013,0.06391617843128473,0.04385398020181972,5.4345829518060285,3.0256626104482343,-0.6024380222601557,-0.5891701443919333,-0.46841399697020886
stage2_soh,161,-0.8707175225353919,0.9713929435927529,0.20472990173417774,0.1244557306610251,261.10146244440847,9.485218637814546,0.28270621874394536,0.17810696427952732,102.2568230681946,16.005656354987316,-0.28270621874394536,3.4882261238846124,0.9803921568627451,0.3546082072770986,0.2259265363910327,131.33869389873828,22.671980041019943,0.5791017529151473,0.41487543910111796,191.42329066571205,40.43301487245514,7.89184095590554,5.028017559456481,13.571598513091422,6.906189200460545,0.061440296929349984,0.044016565376900296,5.802341998396075,3.5260005441418656,-0.5791017529151473,3.459269165992737,0.888671875,0.4360878762725212,0.24725959350689664,178.1250229950234,19.745466535382924,0.6037503896259653,0.41056652441693586,234.72075442110048,48.18196279607574,9.705179101091868,5.502786869378541,12.813781215294085,7.035580679973473,0.06405541517202992,0.0435594073795247,5.350739568519251,2.8570801961554375,-0.6037503896259653,-0.5791017529151473,-0.46841399697020886
stage2_soh,162,-0.8593275365323705,0.9703293479058168,0.20423815819846253,0.1244753805202435,255.5841494090352,9.618407087360687,0.2879056763600504,0.18084602526607735,105.6779899044426,16.13160916278821,-0.2879056763600504,3.537599428027284,0.9803921568627451,0.35532958123404224,0.2322156145785223,132.93071414434212,22.907608860374754,0.5610050262635812,0.4043233256476621,172.06167929090154,38.94956074111287,7.9078952051335705,5.167981620627063,13.766617355582717,7.608677913766544,0.05952030920124441,0.042897029853913346,5.670696725620409,3.47825793233472,-0.5610050262635812,3.4269877672195435,0.888671875,0.42957496997449524,0.2406362041911052,183.27363318115937,18.217311598117515,0.5894890842052689,0.40351699985421874,221.95015003492006,48.899946354237606,9.560233723038133,5.35538268076532,12.558597727701382,7.175675884600183,0.06254234974745311,0.042811482027608955,5.290688404161024,3.1325245792010374,-0.5894890842052689,-0.5610050262635812,-0.46841399697020886
stage2_soh,163,-0.8614359341721922,0.9708428078926135,0.20519275418055608,0.1251906598235343,257.1942847954295,9.628367197397072,0.2860324597759531,0.1807195245852192,103.76559048010672,16.386899473163275,-0.2860324597759531,3.55508157786201,0.9803921568627451,0.35526871277960725,0.23244158094566242,133.07274563866403,20.69851227082843,0.5688609818134945,0.4164295775026046,181.30003647848562,48.062285501964396,7.906540571620373,5.173010524623808,13.898859880296753,7.479203946686031,0.060353793540085944,0.04418145302294173,5.883361340861168,3.940912327577905,-0.5688609818134945,3.4166135787963867,0.888671875,0.42768677462344307,0.24099936640050146,162.51482041620102,18.988197661676438,0.5863373701689976,0.402137112319906,215.28348486242427,49.12782538378747,9.518211747521534,5.363464891889979,12.33069564635821,6.699264849604438,0.0622079659448655,0.04266508167670257,5.260326429970018,2.99848326686814,-0.5863373701689976,-0.5688609818134945,-0.46841399697020886
stage2_soh,164,-0.8763647740046207,0.9705860778992151,0.2045963255711137,0.12492218233516122,258.773190626859,9.629980900810011,0.28385068968076477,0.17834835279865763,102.47786410097335,15.912222994233488,-0.28385068968076477,3.794146780874215,0.9803921568627451,0.3561459817081335,0.22845075903095158,131.625893380931,20.35103363882962,0.5700756417119077,0.41041446093232464,190.91118430666043,44.49740850598626,7.926064278961069,5.084194385606388,13.723003395324703,7.274341450596727,0.0604826639233148,0.04354327407376351,5.78585694874713,3.6375920048399197,-0.5700756417119077,3.625862181186676,0.888671875,0.4301664517411704,0.24179194607859245,173.23196761275898,19.743935973351523,0.6019408351490696,0.41510664749785064,220.67101915909473,48.23042523684954,9.573397208640346,5.381103831531015,12.68041676195218,7.030432988009588,0.06386342893850423,0.04404109562996257,5.440832151615947,3.155454237807784,-0.6019408351490696,-0.5700756417119077,-0.46841399697020886
stage2_soh,165,-0.8774809074237465,0.971282916452725,0.20500610291862567,0.12470293975529675,257.149363980303,9.577285834700024,0.2866875931846919,0.17930578141408712,104.58618902124178,15.886731939057862,-0.2866875931846919,3.377072063146853,0.9803921568627451,0.3527226132801346,0.2276061940755622,134.16370687933696,21.741365329297583,0.541059129627639,0.3865156837775573,170.2992080856694,38.815095557013734,7.849876873783149,5.0653985084436925,13.712278408170697,6.7513592583035615,0.057404132198385346,0.04100771282352426,5.389811560431895,3.3771295028529407,-0.541059129627639,3.496398150920868,0.888671875,0.42462284004266254,0.23884202734188875,175.6535658458069,18.494887857717664,0.5866577039188184,0.39932351721199666,203.03405618460118,45.161201618818,9.450023578396827,5.315453096367067,12.690303838843832,6.961154083775584,0.06224195202866928,0.042366570891682984,5.188691864528136,2.8651213347076396,-0.5866577039188184,-0.541059129627639,-0.46841399697020886
stage2_soh,166,-0.8771591846118152,0.9703660236191594,0.20417389363578106,0.12485539777700899,259.7799137989667,9.599297266451693,0.28560150493097314,0.1785654352650068,103.44775387161101,15.757509013687283,-0.28560150493097314,3.794710042429905,0.9803921568627451,0.3382868959586229,0.2231289965703207,129.02653883584148,22.82847672062062,0.6085892936250574,0.4295639842314938,195.37067736876688,40.21421235214659,7.528608547647771,4.965758032237983,13.52420591366917,6.983123985223694,0.06456880284012148,0.04557495916474068,6.140460495747452,3.6220156803762773,-0.6085892936250574,3.6796278953552246,0.888671875,0.4283001742579553,0.2397416004569095,189.0151516021968,18.901106058613173,0.6137018425020165,0.4201847759586599,229.07538157558898,53.409246389895486,9.531863017454487,5.335473185598687,12.30258534828566,6.847242406818173,0.0651112230961213,0.04457986402240296,5.525447612604671,3.1773923571488663,-0.6137018425020165,-0.6085892936250574,-0.46841399697020886
stage2_soh,167,-0.8694799488388083,0.9707694564659283,0.2035217759472362,0.12477676799371892,258.19808347146954,9.637546790103372,0.28497517748022455,0.17821557676816313,100.340128472795,15.95041002817926,-0.28497517748022455,3.9321660060508576,0.9803921568627451,0.3512252178185887,0.23112170474932475,132.46723621503193,22.579380404809513,0.5946244616106241,0.4335015780000272,191.72899297472645,44.39810007236747,7.816552188713519,5.1436365484742845,13.82942392014635,7.4559454567559085,0.06308719201574362,0.0459927215512436,6.099755894843634,3.915082713364403,-0.5946244616106241,3.581372380256653,0.888671875,0.4277340405304628,0.24325121916263015,187.57829667115305,19.69162452932951,0.5915714018525674,0.4086149853151255,223.03994746495886,48.9985742317434,9.519263654987805,5.413580099293934,12.83395967654508,7.188508343065141,0.0627632750233778,0.04335235716549775,5.353338210567436,3.0494284047990696,-0.5915714018525674,-0.5946244616106241,-0.46841399697020886
stage2_soh,168,-0.8673576840054636,0.9704760507591873,0.20420908507903626,0.1246049275565857,257.7246129753063,9.546247838487526,0.285882624264547,0.1794272943381214,104.47929337398583,16.03409896067232,-0.285882624264547,3.427715035045848,0.9803921568627451,0.3423565470986363,0.22142554056264607,128.66221434005908,20.16638167560481,0.5506926464306511,0.3986914461095105,199.29413130897868,36.244667870772936,7.619179038922125,4.9278474491999384,13.285419835929975,7.200939419294933,0.0584262084222466,0.0422995107662012,5.535514908755462,3.356666654009979,-0.5506926464306511,3.4771432876586914,0.888671875,0.43055984811032266,0.24115729493132676,174.53142849003444,18.301993700209408,0.618062298025989,0.4210148843594652,240.64374903074793,49.3068677366198,9.582152284000331,5.366979607066042,12.376094741271515,6.840934344222635,0.06557384936307951,0.04466793508482382,5.520111804393888,2.940114309578131,-0.618062298025989,-0.5506926464306511,-0.46841399697020886
stage2_soh,169,-0.8812490598013263,0.9710261864593266,0.2037407184810828,0.12487794269506987,254.78429582010173,9.69320943910565,0.28429021665730303,0.17712196906957714,102.77306898601952,15.817543713199461,-0.28429021665730303,3.5038974098130766,0.9803921568627451,0.34743247592588183,0.2280106349373419,133.22834522974114,23.4318762688673,0.5605864652242625,0.4076903455813105,188.0122081343617,45.20800710896577,7.73214434030562,5.074399380086635,13.482048497087812,7.163798286667065,0.05947590160895282,0.04325425672026114,5.692522066083008,3.496518984930416,-0.5605864652242625,3.581912577152252,0.888671875,0.4337921021410579,0.24257793313154252,201.8609103961531,19.83951520724701,0.5918184603382635,0.40429465611669,230.47634616174747,49.03772816847258,9.65408641924079,5.398596051643214,12.789178612483107,6.666958239480939,0.06278948690521663,0.04289398813544698,5.291298053870756,3.0358540148708553,-0.5918184603382635,-0.5605864652242625,-0.46841399697020886
stage2_soh,170,-0.8692414609053108,0.9693391036455659,0.20423293950002727,0.12484075320809576,255.73868349468992,9.555844384650726,0.284752430887649,0.1792716862083932,101.78622831967132,16.17158839858078,-0.284752430887649,3.6561166445414224,0.9803921568627451,0.3468588190907441,0.22643782198429108,128.25611409821045,21.40645792486584,0.5877835643810566,0.42743810216951017,185.52596876364845,48.23697539280271,7.71937755032933,5.039396271235388,13.642503826119247,6.809998201783529,0.06236140115959095,0.04534941188489297,6.030154796310305,4.208506308945044,-0.5877835643810566,3.8956817388534546,0.888671875,0.43243245070735503,0.24196065286378143,170.53321092296744,18.08839473185688,0.6065640788568214,0.4230488977937057,233.98409787747156,51.72539462569293,9.623827241223887,5.384858417830969,12.53204281423655,6.827353600581871,0.06435393594310423,0.04488373548385376,5.551879689631196,3.1521309057736824,-0.6065640788568214,-0.5877835643810566,-0.46841399697020886
stage2_soh,171,-0.8908102315615761,0.9710261864593266,0.2044703094706836,0.12517750081077034,260.2434745434244,9.638035439030968,0.28187006132765335,0.17685737386837894,99.75314161337256,16.119667035968668,-0.28187006132765335,3.034625778011247,0.9803921568627451,0.35797547145621456,0.2317824924556429,132.82950215387598,22.807313348588167,0.5347184933732317,0.3786685856917471,180.2188220855006,37.11923280685954,7.966779755439122,5.158342444662991,14.02349690304985,7.331484900891741,0.056731416959257305,0.04017516822493011,5.270317618649897,3.491148577190062,-0.5347184933732317,3.373376965522766,0.888671875,0.43205319920297697,0.24229577754522325,180.38029179971517,17.705206839023564,0.6018274792439628,0.4050197964998006,219.59146224893567,47.47778960566765,9.615386961237641,5.392316650979732,12.705618650368464,6.766892744039581,0.0638514023465739,0.04297092252604327,5.242540793417977,2.986630459441072,-0.6018274792439628,-0.5347184933732317,-0.46841399697020886
stage2_soh,172,-0.8932033843342875,0.9698892393457053,0.20449631588241762,0.12446213762380155,256.70547040546154,9.580037405977482,0.28139117684630277,0.17609457205937465,101.89522227962902,15.885912181675177,-0.28139117684630277,3.3633409247678867,0.9803921568627451,0.356674381290898,0.22812502781458782,137.81659057548828,21.844891042108216,0.556132405537528,0.389945835413813,170.994220404362,42.1080776330379,7.9378238642802135,5.076945204958103,13.931436689877932,7.139987697865845,0.05900334432810118,0.041371637701981885,5.531390715333059,3.2300218263734974,-0.556132405537528,3.563583731651306,0.888671875,0.430915648174741,0.24128213230869733,210.04135156982284,18.732673437055965,0.5728464037926547,0.3942322508610232,218.70154994236623,50.17617027444412,9.59007064985557,5.369757875327585,12.481873924816199,6.8302056251635745,0.06077663030159759,0.04182640862352275,5.146066390895349,3.024749092720678,-0.5728464037926547,-0.556132405537528,-0.46841399697020886
stage2_soh,173,-0.8947786623135898,0.9693757793589085,0.2035942717137089,0.12442611311583195,258.3389023965234,9.54734365655617,0.2832796779721107,0.17732043189734334,102.34617613050213,16.075372432413026,-0.2832796779721107,3.1984334085501875,0.9803921568627451,0.3517142796115817,0.229084365215956,127.44434318597736,21.88102655729378,0.5306193823164789,0.3811651967059565,172.35951801906597,37.032855587955446,7.827436307605034,5.098295354332207,13.89568049939552,7.015341342765314,0.05629651825759481,0.04044004831078367,5.339450325674076,3.2507059471268507,-0.5306193823164789,3.333793878555298,0.888671875,0.4269701183341764,0.24199795471213292,186.29638795501472,19.657624828077743,0.5925699184819189,0.39727576164295897,227.9968577625027,46.24945047095683,9.502262490457321,5.3856885741796106,12.611020987039836,7.046231046389487,0.0628692135011797,0.04214931250908085,5.190497282542007,2.820130935583799,-0.5925699184819189,-0.5306193823164789,-0.46841399697020886
stage2_soh,174,-0.9047741755992906,0.9699625907723906,0.20352776569220427,0.12457521156172244,258.65426110999346,9.533239310210586,0.2802694274112921,0.1753466686603268,99.42379910075249,15.582274558982402,-0.2802694274112921,3.2906181298050226,0.9803921568627451,0.35273330367446665,0.23113519199849927,133.06403818591517,22.79504033781498,0.5328372338579576,0.38457657206876605,174.1871840779827,43.28566225653631,7.85011478957329,5.143936708547384,14.016906361984743,7.391458806249208,0.05653182311821337,0.04080198110441345,5.358870022317832,3.5412594277561573,-0.5328372338579576,3.5933732986450195,0.888671875,0.43190081395534735,0.24203584956921986,180.3737043583776,18.511388176995588,0.5949322267055216,0.4035180949804271,218.94789689442857,48.937489591469706,9.61199561238096,5.386531927996695,12.506949594986363,6.796255555271236,0.0631198446173284,0.042811598215962865,5.238819763746207,2.949277381753533,-0.5949322267055216,-0.5328372338579576,-0.46841399697020886
stage2_soh,175,-0.9020391607602833,0.9710261864593266,0.20401823636265273,0.125207899174922,256.52674087057864,9.711214039606816,0.28141256858244984,0.17647106669658272,102.66559482276786,15.948325906665074,-0.28141256858244984,3.40144915674247,0.9803921568627451,0.3530616442437457,0.22761860999790037,130.46268583383957,23.395410708911015,0.568720772334354,0.3994481860404359,178.3111022754182,39.696060294456686,7.857422041630479,5.065674826031393,13.853849831678934,7.411246959485549,0.0603389178951974,0.04237979773791266,5.6042554148897805,3.3817056591273396,-0.568720772334354,3.6995267271995544,0.888671875,0.43178287566777507,0.24276746853865916,185.79375315731937,18.986400784104696,0.6227375988994948,0.42326076459175965,224.38589427632257,47.840223338815214,9.609370884049714,5.402814180997756,12.677030721247291,6.621825873421228,0.06606987941730788,0.044906213673423,5.52272549070145,3.1113168908578754,-0.6227375988994948,-0.568720772334354,-0.46841399697020886
stage2_soh,176,-0.893714151942598,0.9694491307855938,0.20502605054989362,0.1251563722704392,257.9842080566048,9.69575219857493,0.2815351897227028,0.17663245977747144,101.56995707486418,15.53260663720436,-0.2815351897227028,3.346880777209413,0.9803921568627451,0.3540182714340334,0.23079939396120608,133.1584784629036,22.32525996641063,0.5515427404954251,0.3958406251827803,184.82334322445968,40.329705586249744,7.878711874987173,5.136463489797114,13.760077147332149,7.832553520815258,0.058516399880819574,0.04199705047602077,5.516944614158939,3.4615675384261726,-0.5515427404954251,3.5113775730133057,0.888671875,0.4300113809410759,0.2428377978503704,186.31476160624356,19.388567441809116,0.5895969025067768,0.40201347981656,225.10243344276773,47.4572807450818,9.569946092546196,5.404379366831511,12.70526616218664,7.073554169348277,0.06255378882258232,0.042651964780272084,5.221466480163454,2.8321753700690886,-0.5895969025067768,-0.5515427404954251,-0.46841399697020886
stage2_soh,177,-0.9001034846145304,0.9710628621726692,0.2035831356494335,0.12422823708375223,256.462099850536,9.577180442615436,0.28199897911992716,0.1767939318824947,102.56700258941132,15.871279218219495,-0.28199897911992716,3.6836678046806184,0.9803921568627451,0.3499823502550981,0.22852356509104663,125.59039502296486,21.922943916169125,0.5741707299261892,0.41771123009761246,189.6770450890036,46.06127490539956,7.788892047354589,5.085814691721998,13.634996119459792,7.250166344033561,0.0609171358180566,0.04431743105374747,5.878720869078,3.9000976876735383,-0.5741707299261892,3.6430330872535706,0.888671875,0.42964698109187627,0.24007118516237824,162.55829420204378,19.08598900971594,0.5956591368718401,0.4078176018947488,252.62581275862124,47.57862164020149,9.5618363376245,5.342808126030637,12.461383226254739,6.8522680885526075,0.06319696677459136,0.04326775808793,5.313430647918057,2.935838494663927,-0.5956591368718401,-0.5741707299261892,-0.46841399697020886
stage2_soh,178,-0.9099058962914089,0.9705860778992151,0.20390926069076515,0.12437067149892918,256.21562211841126,9.558562997163778,0.2806859324450038,0.17557132214847873,101.61107823637042,15.739406825741675,-0.2806859324450038,3.5770899408003864,0.9803921568627451,0.35424107028019675,0.2314815019695636,134.4946980942891,22.49128184730592,0.5643820742597422,0.40163479936217855,168.38288895403747,42.37979925139677,7.883670285489235,5.151643871430245,13.54845275610066,7.274588775400945,0.05987860000348138,0.04261178835282834,5.667772619457512,3.5073011552941082,-0.5643820742597422,3.7185774445533752,0.888671875,0.42729044628616897,0.24289553120252094,192.33883851230635,18.83414450518134,0.5811027782849563,0.4048197360480117,220.25376563095776,48.85327361712566,9.509391420919103,5.405664228331254,12.541598618058412,7.385409461703411,0.06165259743140396,0.0429496969409024,5.30032531954834,3.190189006529916,-0.5811027782849563,-0.5643820742597422,-0.46841399697020886
stage2_soh,179,-0.9121096465824889,0.9698892393457053,0.20396197332760518,0.12472611646819853,254.93207100791508,9.669186477476202,0.2798709538136292,0.175091534459797,100.39524182716605,15.634548735245918,-0.2798709538136292,3.3669142255596087,0.9803921568627451,0.3517612705090634,0.23026115170625203,133.71781658977883,23.883182553790014,0.5368240664853151,0.37791653214406,176.05713719115803,42.72419875012358,7.8284820947066605,5.124484854828505,13.781046905234119,7.2811068772948495,0.056954809543654845,0.04009537845906588,5.298649935891883,3.656180457783539,-0.5368240664853151,3.7118497490882874,0.888671875,0.4319363618998881,0.244104468210935,185.03730353490886,19.866917340454467,0.5941870544172685,0.40660342125192983,230.80229134096595,49.67237923161218,9.612786735425683,5.432569241809007,12.605079912661168,7.072867630582744,0.06304078492458301,0.04313893855173427,5.298894787670695,3.0631605595578897,-0.5941870544172685,-0.5368240664853151,-0.46841399697020886
stage2_soh,180,-0.9113446241392915,0.9703660236191594,0.20419046336779476,0.12443954461634141,256.1043459361911,9.521877832317301,0.28207050198042516,0.1767991872640708,100.00796570246094,15.759098799228928,-0.28207050198042516,3.5734659456739237,0.9803921568627451,0.3470522886192345,0.2278561118040599,126.50678555888722,21.962140019432116,0.5494098598333143,0.3969586359053923,188.5925401044732,43.12555029019312,7.723683233946707,5.070960452371922,13.366582770197162,7.400893682705572,0.0582901100784916,0.04211566678208736,5.514381986408181,3.730533856287853,-0.5494098598333143,3.6873399019241333,0.888671875,0.42620945498595086,0.2428438675669895,183.04664867611507,19.02434291577578,0.616966163587011,0.42138005372908083,243.08698020642345,51.27414481648543,9.485333851914863,5.404514448979139,12.623965738086662,6.844427569131847,0.06545755404007923,0.04470667804214652,5.473738687945104,3.062917632253807,-0.616966163587011,-0.5494098598333143,-0.46841399697020886
stage2_soh,181,-0.9083056214628203,0.9699625907723906,0.20421763392855422,0.1250351782515727,256.94823440654665,9.664493492852955,0.28075836659165154,0.175096556784094,100.67342260833222,15.695863818653377,-0.28075836659165154,3.1271049555610206,0.9803921568627451,0.3442798452741393,0.22657276600526244,129.51570270953277,21.3260114701362,0.5462586573505679,0.3736470705103677,182.7550598418284,36.92119092050725,7.661982231291534,5.042399463856432,13.56199664333256,7.076807489666865,0.05795578054961378,0.0396424062669044,5.262533591473154,2.7486583270473677,-0.5462586573505679,3.567640721797943,0.888671875,0.4305363631233183,0.24223300671474135,178.89057540589778,19.448615628811968,0.6074076995273894,0.41054792761133285,235.98678968942045,48.58838968972816,9.581629623276504,5.390919679898218,12.611328462726744,7.115555672380378,0.0644434406013694,0.04355743433549153,5.349786380042826,2.9340816372753085,-0.6074076995273894,-0.5462586573505679,-0.46841399697020886
stage2_soh,182,-0.8938725593023077,0.9705127264725298,0.20427492660122232,0.12490351139794424,257.72931847192575,9.649163157026397,0.2807691936289468,0.17704488572896895,105.09998340733965,15.883602960271844,-0.2807691936289468,3.096097796571021,0.9803921568627451,0.34733529243647066,0.2262395126882064,130.57360606613474,22.366419110586282,0.5586935362780746,0.39692880596974683,175.82921820920777,42.39795527720343,7.72998151207369,5.034982878108378,13.472878330117005,7.002068266221472,0.05927506968963211,0.04211250194949237,5.523482448467414,3.5386223692869345,-0.5586935362780746,3.3904399275779724,0.888671875,0.43579623704958265,0.2457100125739089,195.67006161825046,18.570389927310746,0.5976891074740242,0.40462947260448345,212.69796753644545,48.27915070122569,9.698688641151282,5.46830079144666,12.783150728110751,6.92981037360873,0.0634123382458884,0.04292951077775175,5.263135181219961,3.0719145657103466,-0.5976891074740242,-0.5586935362780746,-0.46841399697020886
stage2_soh,183,-0.915715139050184,0.9710261864593266,0.20574248061659303,0.12496165452324313,254.26827990040567,9.596904399256957,0.28012868496112486,0.1745175113545965,101.8905099759524,15.397832353592404,-0.28012868496112486,3.815990578894522,0.9803921568627451,0.3483817992959367,0.22405114759891934,134.07212342018002,21.51721210244977,0.5766081430989314,0.42067393778786794,190.17703336672318,40.839151945981534,7.753271626415902,4.986280595184018,13.154089930175806,6.767378620644192,0.06117573525817041,0.044631762066022665,5.8537918762927665,3.7952746826139525,-0.5766081430989314,3.8700079917907715,0.888671875,0.4310468667906584,0.2427865989284328,184.28113424960804,18.931004960304257,0.6183422475827081,0.436025907885778,238.74457181747178,49.23845782843689,9.592990933216257,5.403239929726691,12.945734126154793,6.51595595964151,0.06560355085129548,0.04626054249453625,5.7395071260888235,3.3639759250631665,-0.6183422475827081,-0.5766081430989314,-0.46841399697020886
stage2_soh,184,-0.9298754593583289,0.9695591579256216,0.2040475350973162,0.12470670388679497,257.96335200175275,9.582276624321558,0.27912146415994843,0.17401205761176292,101.06104279170344,15.461422058309477,-0.27912146415994843,3.4637662242440617,0.9803921568627451,0.3557265930238098,0.23360242786835514,133.34717252190654,22.071650991771296,0.5349960009433357,0.3936420905075091,183.563639499044,42.16421472494977,7.916730742039284,5.198845288456233,14.180470396835995,7.661718804797926,0.05676085936280986,0.041763795054882494,5.477396166307481,3.627128202165369,-0.5349960009433357,3.667137622833252,0.888671875,0.43396203391578503,0.2426544764839491,175.2715480295209,19.29672964687765,0.5905413607434019,0.4093242009239475,239.33554676569923,45.62355579747341,9.657868267804867,5.400299531571282,12.427059499848486,6.740796427511004,0.06265399192886462,0.043427602003513865,5.3188305098754505,3.067484226443584,-0.5905413607434019,-0.5349960009433357,-0.46841399697020886
stage2_soh,185,-0.9235227626006426,0.9705494021858725,0.2048196551116342,0.12460700223867052,257.93835976967983,9.571485669975107,0.2776289919256005,0.17360889783178896,100.52485122748455,15.649713547442744,-0.2776289919256005,3.35797960617963,0.9803921568627451,0.3403694368697412,0.22495347936181168,128.40639396977377,21.914550619988255,0.5426819691719318,0.3914701556056446,185.16414969822554,37.83499624696505,7.574955702951678,5.006362078398658,13.731804344209277,6.548153372469927,0.057576308751069095,0.04153336175950733,5.448648436022006,3.4158411452711794,-0.5426819691719318,3.7273213863372803,0.888671875,0.42599679257687645,0.23920403133161017,173.51205490486248,20.69470359512524,0.579677509605715,0.4021024037301686,222.44378298110138,47.78585557216849,9.480601028829344,5.323509531197557,12.373064242948377,7.043908378890872,0.061501382329021914,0.04266139923911931,5.2487467853863015,3.0304738765712167,-0.579677509605715,-0.5426819691719318,-0.46841399697020886
stage2_soh,186,-0.9202403454665418,0.9704760507591873,0.20305882109956286,0.12407560418972881,255.612706831112,9.577080899029212,0.28139018460481446,0.17466356624887192,100.34182293776026,15.442834206230884,-0.28139018460481446,3.9790317871991325,0.9803921568627451,0.3563743580881616,0.23408977538529857,139.1755600549868,22.80038034650784,0.6092901454633265,0.45054671352080927,198.7221511901437,44.492733317131695,7.931146818034561,5.2096912559636,14.048354843618645,7.829724489165361,0.06464316031673067,0.04780113981681792,6.33920983943649,4.216546015504276,-0.6092901454633265,3.7257221341133118,0.888671875,0.42868657731128446,0.24124734928227554,180.42283950336153,19.119818657293713,0.6063038516153361,0.4189338851856519,245.82186012055703,49.83553340226424,9.540462455874613,5.368983775611751,12.821955850185411,6.8241548854888165,0.06432632691083058,0.04444714969347387,5.488240037646664,3.3007745389066274,-0.6063038516153361,-0.6092901454633265,-0.46841399697020886
stage2_soh,187,-0.9260645450311388,0.9700359421990757,0.20312229548364688,0.12438998635607448,257.4197921284028,9.607109479583189,0.2796729273066629,0.17480919318468222,100.39622005905943,15.425519444878198,-0.2796729273066629,3.6452867657530543,0.9803921568627451,0.3471322614766716,0.22817781668466827,131.08736658122834,22.212532443896826,0.5737502333777507,0.4103593709810144,188.62869636278253,42.54601679018436,7.725463037850653,5.07812002651713,13.715619153193057,7.3497276036386285,0.060872522876265656,0.04353742925815158,5.785197600845935,3.671432331457717,-0.5737502333777507,3.6003743410110474,0.888671875,0.4281454361550893,0.24062838493773597,161.5192989422451,19.40739848024783,0.5990440790448498,0.41044553565370734,240.03107102778955,47.99910320661068,9.528419305570281,5.355208662503143,12.554886560694218,6.98918626342374,0.06355609511628862,0.04354657097296842,5.384679447876529,2.975189153446234,-0.5990440790448498,-0.5737502333777507,-0.46841399697020886
stage2_soh,188,-0.9304263627267694,0.9707694564659283,0.20399438277480406,0.12479421190763718,256.9865441479229,9.640120904951262,0.2765041310915405,0.1726065327112099,100.33865069770184,15.298381031980266,-0.2765041310915405,3.2050252755482993,0.9803921568627451,0.34882570005381824,0.22897838315396918,131.77156180210787,20.58968654526166,0.5528056036045269,0.391819900702959,198.224738049275,41.589664697691695,7.763150681975012,5.095936712991667,13.581557464215024,7.4807815565110065,0.058650384425010235,0.04157046826543727,5.455495060830817,3.225093140594398,-0.5528056036045269,3.4850127696990967,0.888671875,0.432882385564779,0.24330520935563982,189.9895469283193,18.346902722386464,0.5983707904444573,0.40322407758958434,228.70202458342126,46.13058756465654,9.633840586269036,5.414781656414347,12.45756593907522,6.861026816408547,0.06348466198503143,0.04278040418882543,5.227021328303179,2.90093152228987,-0.5983707904444573,-0.5528056036045269,-0.46841399697020886
stage2_soh,189,-0.9374169909507244,0.969522482212279,0.20398206751721532,0.12495542720642941,258.5959331221539,9.693445114034153,0.2763055111105504,0.1727779218158495,100.10055056974831,15.42141052895987,-0.2763055111105504,3.5974996323679007,0.9803921568627451,0.3554884297474941,0.22970232706261323,130.11092467115682,23.421066376543898,0.571478652878312,0.4016694166245596,193.9043443393793,40.6573420944833,7.911430394614576,5.112048156750641,13.719948092106952,6.699567870390114,0.06063151759579144,0.042615461100957444,5.621258867963421,3.302796503393134,-0.571478652878312,3.731316030025482,0.888671875,0.42720173727044847,0.23947549562581116,177.39344148981405,18.584192488584343,0.6017304074319026,0.40638221948756836,221.50333534813163,47.97571113397059,9.507417192942833,5.329550996090577,12.241573711639642,6.6337127165800975,0.0638411034294554,0.04311546996091193,5.290970831859326,2.7548465005477674,-0.6017304074319026,-0.571478652878312,-0.46841399697020886
stage2_soh,190,-0.9488654130493074,0.9703293479058168,0.204740226409336,0.12514570537451233,259.04300049672366,9.653556665590227,0.2782315077966415,0.17316026671452867,98.86401040384877,15.172924881608207,-0.2782315077966415,3.418790200177361,0.9803921568627451,0.3514641835231648,0.226368257958515,132.70979111737856,21.74107241895144,0.560834040201314,0.39655448310990254,191.29919387795204,35.94827073169819,7.821870394259046,5.037848116916309,13.413597708938568,7.423363893828622,0.05950216828838482,0.04207278784477674,5.5768396294903235,3.45571248525847,-0.560834040201314,3.731288969516754,0.888671875,0.4320956413478619,0.24579219840234146,181.70164640502762,19.073314215765343,0.6146606136059379,0.42422649851232563,241.12115964293235,51.08835340115413,9.616331515397375,5.470129845240422,12.86352462117031,7.328568115661348,0.06521294473832956,0.04500867404163227,5.558388184091884,3.316844653826077,-0.6146606136059379,-0.560834040201314,-0.46841399697020886
stage2_soh,191,-0.9196817570611281,0.9711728893126972,0.20432243822488685,0.12456891429748886,260.15740658549436,9.48271010880752,0.2777318723684938,0.17378139152787755,100.20085599611997,15.459282329592945,-0.2777318723684938,3.3009469929863426,0.9803921568627451,0.3409888415750641,0.2211557713282459,129.4065029127614,20.51835367492692,0.5474391090911278,0.38149036676851195,178.9902696857441,35.4840909444857,7.588740616333358,4.921843708031538,13.377684908279452,7.027695783323967,0.058081021589009144,0.04047454750733309,5.375589745205235,3.261527426583363,-0.5474391090911278,3.410055994987488,0.888671875,0.43220728846951256,0.24216501391492784,193.4214710580615,19.311266548985248,0.5871856849523183,0.3983233110720903,230.98610252428745,47.229841725697,9.618816233204718,5.389406493369358,12.569741134362246,6.739431573767929,0.06229796862904736,0.042260453163810364,5.172370877408923,2.930654956442334,-0.5871856849523183,-0.5474391090911278,-0.46841399697020886
stage2_soh,192,-0.9333445767720447,0.9695591579256216,0.20410146638220458,0.12451442419466946,255.0611389935242,9.660714381507299,0.27395851166916163,0.1719248999711988,100.77431083350518,15.126506120902432,-0.27395851166916163,3.5738808781492946,0.9803921568627451,0.34463714742354123,0.2263949121366821,127.61400163586154,21.37416123119196,0.5427424775990657,0.3858497570150112,183.672341132496,38.44793887439395,7.669934026197624,5.038441308304969,13.408696861196944,7.217493555672558,0.057582728444518685,0.040937060752764556,5.3779002030889265,3.2854387336434545,-0.5427424775990657,3.6314666867256165,0.888671875,0.43183143490572323,0.24313497199182166,169.5669453650502,19.39121261975403,0.5884818514103418,0.396813599770212,217.88567590912888,46.42259853840005,9.610451574724557,5.410993006934625,12.617722534265432,6.992830077187993,0.06243548652059224,0.04210027904898846,5.146068992149903,3.0502657025886126,-0.5884818514103418,-0.5427424775990657,-0.46841399697020886
stage2_soh,193,-0.932863268325485,0.9707694564659283,0.20466902202826687,0.12458763226515521,256.76603443458606,9.50649690796438,0.2780075954850172,0.17391901052852593,100.71464610948328,15.65109151424683,-0.2780075954850172,3.3009807736265895,0.9803921568627451,0.3502854319208238,0.22907013588073646,134.56223686040778,20.386494712193414,0.5703717734406303,0.4060420469750705,186.3715277038877,39.18346964313112,7.795637159998552,5.097978679060296,13.88634045156492,7.697662532269052,0.060514082272942187,0.04307937906657452,5.636473051478634,3.567046238298601,-0.5703717734406303,3.673940658569336,0.888671875,0.42752723228785866,0.2422840212002484,189.467382495129,20.108599620152592,0.594865218444546,0.41080441543681445,240.5920611167178,54.15723985011637,9.514661116959893,5.392055012351916,12.694761679076635,7.119653417243547,0.06311273531843518,0.04358464663121854,5.3727670709172095,3.0314322992100893,-0.594865218444546,-0.5703717734406303,-0.46841399697020886
stage2_soh,194,-0.9182540797998382,0.9706227536125578,0.20328785312772296,0.12425803344756774,255.1300188126299,9.485120277934037,0.2801808782186826,0.174596798728456,100.08790724329846,15.6784081736263,-0.2801808782186826,3.4065101380441702,0.9803921568627451,0.35572067354711606,0.22966217152390847,136.96737677565508,21.749638384035748,0.5688895805969404,0.39876622351927354,182.4383753060769,37.85462759611596,7.91659900349615,5.1111544912390885,13.589778549324262,7.633671785666236,0.060356827752532864,0.04230744433959538,5.593863360811149,3.4258678481780978,-0.5688895805969404,3.9110628366470337,0.888671875,0.42599044159189836,0.2417423266924743,179.57074796786742,18.576812363471124,0.6040816950103867,0.4169821480409155,217.85906281086125,48.528435544830764,9.480459687026386,5.3799995471531075,12.718610114176707,7.399948591751573,0.06409056530081243,0.04424007846791289,5.461541267110632,3.1034282477967716,-0.6040816950103867,-0.5688895805969404,-0.46841399697020886
stage2_soh,195,-0.9420163982408392,0.9704760507591873,0.2029235790852587,0.12428191110910278,256.25721417747377,9.600250278642704,0.27423426357804964,0.17145506477821365,97.9524592089862,15.334815087409464,-0.27423426357804964,3.6845943740769926,0.9803921568627451,0.33973255795568014,0.22387882605122,130.22450616812594,21.882560514085313,0.5741403559883745,0.4130742694662117,196.3182922593672,41.579948369379736,7.560781899314889,4.98244556198453,13.366417821820182,7.3809558299669416,0.0609139132690851,0.04382546874037365,5.850640718246763,3.583921118526637,-0.5741403559883745,3.6029399037361145,0.888671875,0.4314405954503076,0.2429461786414322,183.68013934835926,19.199961720705716,0.6034583153930521,0.41209530520427506,239.7973136400086,48.71280140736575,9.601753403734334,5.40679139212642,12.463092967780433,6.958333872603826,0.06402442730589884,0.04372160468775452,5.372175242687438,3.0547081957292486,-0.6034583153930521,-0.5741403559883745,-0.46841399697020886
stage2_soh,196,-0.938420224572753,0.9703660236191594,0.20461476806263382,0.12482264632144675,257.5897285291548,9.621571311047042,0.27712236532440676,0.17279835305461408,97.93205350267934,15.390850138187016,-0.27712236532440676,3.4476856904871322,0.9803921568627451,0.3580197248709401,0.23164384196713275,133.56409262674057,21.984916236871364,0.5687744032832612,0.41301457817419707,191.29405572738025,41.783831773291496,7.967764619589479,5.155256764237876,13.8290386238286,7.617980195948434,0.06034460791669859,0.043819135741575053,5.764435783064327,3.918696166107572,-0.5687744032832612,3.689495086669922,0.888671875,0.4310576934168564,0.24307792093713942,178.8357093259549,20.120593176388756,0.6182406621175576,0.4187847311350197,239.69125913425745,50.7840853937527,9.593231880860134,5.409723330032965,12.544134241583713,7.169504290279567,0.06559277305428289,0.04443132506660487,5.479835185320583,2.8725024805388073,-0.6182406621175576,-0.5687744032832612,-0.46841399697020886
stage2_soh,197,-0.9404093292959541,0.9698158879190201,0.2049059495230296,0.12498439488580708,261.418778459293,9.60321573805965,0.27674277643529777,0.17270210780463482,96.12402238390884,15.379634945734496,-0.27674277643529777,4.101013548233929,0.9803921568627451,0.34344097743650237,0.22308452906287915,129.0541726530009,22.60246939456976,0.5895707870615279,0.4266680822132484,194.12611374585956,39.4319773331976,7.643313144051595,4.964768403432917,13.485569027279958,7.078749774899398,0.06255101808203034,0.04526771595750872,6.026167370316996,3.814886849468926,-0.5895707870615279,3.9670134782791138,0.888671875,0.43259784067130963,0.24347928977840638,181.59873330664365,19.02521975102002,0.6196966449061864,0.43137693137941824,243.95162216267764,51.14503851973393,9.627508011337063,5.4186558335535615,12.651470622932457,7.1951849093472156,0.0657472467964311,0.045767305346607653,5.670808747631493,3.4051921161111185,-0.6196966449061864,-0.5895707870615279,-0.46841399697020886
stage2_soh,198,-0.9518428387019672,0.9700726179124184,0.20469409192170046,0.12497429482382727,257.15337422007497,9.6303153780287,0.275621896330608,0.17244145820312654,99.64158760844971,15.24731576961959,-0.275621896330608,2.9631019386590696,0.9803921568627451,0.35478004783579026,0.23080901971415563,134.92373643020258,22.513753716007916,0.5154138877344486,0.361415216229016,163.9895068209718,34.8280758883127,7.895665284646777,5.136677711887295,13.919531017882273,7.174556285996183,0.05468327827450939,0.038344657200769384,5.070050804392936,3.138777207142806,-0.5154138877344486,3.4430260062217712,0.888671875,0.42684109481673943,0.2398399787616654,189.32171683278918,19.168679236811005,0.5778406952600922,0.39304549534972466,211.8370104768435,46.171706039933724,9.499391059231847,5.337662604565063,12.403962874484657,7.119060568582354,0.06130650393635421,0.04170049878016675,5.112186087169069,3.0068602297503766,-0.5778406952600922,-0.5154138877344486,-0.46841399697020886
stage2_soh,199,-0.9566997145990855,0.9697792122056774,0.20394655667821032,0.12450347408175783,260.31772124287505,9.470488845552637,0.2747425145094083,0.1719379061727479,100.27626515288874,15.293821112228215,-0.2747425145094083,2.973639123580035,0.9803921568627451,0.35459654698776727,0.22900816867602805,131.55080632619743,22.575602706398826,0.5377355860603927,0.3836501851442781,173.52683226422675,44.58710055571278,7.891581455005634,5.096599592750378,13.678001461194107,7.651362997064827,0.0570515179944025,0.04070369528948457,5.314143651138917,3.4117462094798388,-0.5377355860603927,3.38876736164093,0.888671875,0.42904434953211945,0.24178480060800212,175.75724531188644,18.92711337182365,0.5959335573834554,0.40158345184045174,212.32602695885421,46.26752609905492,9.548424712267241,5.3809448083716624,12.511570478273573,7.094409537518592,0.0632260816540271,0.042606340593491415,5.181826996399167,2.835176916917417,-0.5959335573834554,-0.5377355860603927,-0.46841399697020886
