struct_mode,stage,epoch,train_loss,train_cls_acc,train_soc_rmse,train_soc_mae,train_soc_mape,train_soc_medape,train_soh_rmse,train_soh_mae,train_soh_mape,train_soh_medape,val_loss,val_cls_acc,val_soc_rmse,val_soc_mae,val_soc_mape,val_soc_medape,val_soh_rmse,val_soh_mae,val_soh_mape,val_soh_medape,val_soc_rmse_raw,val_soc_mae_raw,val_soc_mape_raw,val_soc_medape_raw,val_soh_rmse_raw,val_soh_mae_raw,val_soh_mape_raw,val_soh_medape_raw,val_score,best_score_so_far
soc_to_soh,stage1_soc,0,2.476199574749087,0.35527126551450955,0.7561294195542103,0.5832594537038854,952.3418529751099,62.76744359758469,1.365133828277023,1.0366512016690463,275.8409628512761,119.28535000203033,2.15527234731936,0.5980392156862745,0.671764239032638,0.46888534090865186,134.6770876934927,60.85019900418778,1.5886279645870405,1.2300287351578327,213.4756398441117,127.09584402682678,14.934431235898522,10.424097435441,31.582245749331257,17.167137587809194,0.1667986082897597,0.12914734333917668,17.4140927607521,12.588244135756854,0.3965099439764831,0.3965099439764831
soc_to_soh,stage1_soc,1,1.410060776797704,0.6449341275197324,0.5991440510423837,0.43288391741707644,689.784291116462,43.11133840430033,1.2258419806232532,0.9407035654154238,252.64752239550975,106.54046066558482,1.943119425867118,0.7392156862745098,0.7448296221395801,0.48332864788963514,149.53933016246032,59.583536826193026,1.5212036538932296,1.193492113756856,224.58368774206582,135.49253638366267,16.558795672604106,10.745196062597882,29.153534144773086,15.50634429212166,0.15971936668044595,0.12531116662748387,16.891900634532163,12.310259313642257,0.5157667996326358,0.5157667996326358
soc_to_soh,stage1_soc,2,0.9311916774988616,0.741292802441243,0.5169592746137538,0.36745467136425003,624.8184615948609,35.27559181469913,1.234408028432376,0.9560518579388099,261.8968446790315,112.88419971975487,1.607814843046899,0.7666666666666667,0.7150832510055661,0.44310804571518125,150.62691072156213,54.878500704614794,1.481877520424386,1.1744333156676707,252.02268395013309,132.15424235560346,15.897484592904219,9.851025485274805,23.800347569874802,13.219415893525088,0.15559030406903357,0.123310080742169,16.575685466852413,12.149028702866369,0.5521416913649969,0.5521416913649969
soc_to_soh,stage1_soc,3,0.615736505220706,0.7849828350107098,0.42712539423293394,0.3044267271572528,600.6138666997966,28.69719249745097,1.2447729683480084,0.9674740499267779,268.61382522828785,118.26207137743506,1.5136798110662721,0.7529411764705882,0.6404293603592708,0.42469026362158213,172.75706813817337,49.783216604375745,1.4336391984365637,1.1378249520417667,267.9618123676878,122.73768578744179,14.237805003596371,9.441567696049951,25.365872808321306,13.630281749765382,0.15052550277309668,0.11946637142778996,16.178062394393848,11.337877674766904,0.560812368362807,0.560812368362807
soc_to_soh,stage1_soc,4,0.44609552050384677,0.810818344532144,0.37903021529774544,0.27163520632066035,575.3117568363061,25.48114322223424,1.2454062580995042,0.9691496034569942,266.7396503856264,119.00477632249103,1.5390631619621726,0.796078431372549,0.630241279667592,0.42065097045737737,178.03519745444842,51.99592134856867,1.4199818368395238,1.1257227787127098,257.74158394179216,125.19018133405018,14.011307101989154,9.351767521379564,26.336273160979868,13.118880012350365,0.14909154280381687,0.11819569905290644,16.004230198712406,11.087036706062765,0.6070060474722714,0.6070060474722714
soc_to_soh,stage1_soc,5,0.31183388923934807,0.8269416977201374,0.352762293120144,0.25114137841987205,546.4607345959954,23.258151736773478,1.2465107078748534,0.9693766983969447,262.53215497116963,119.35793311946983,1.7364598428501803,0.7745098039215687,0.6999667109590809,0.4866501453496954,228.4010312526592,55.25615242396702,1.578095210399248,1.2579315608367323,295.61100770155844,134.38617521362184,15.561418880067171,10.819038450351231,32.57372180001469,14.01682815230633,0.16569271768532323,0.13207701132585478,17.842228333460934,12.382186351420307,0.5645197906338444,0.6070060474722714
soc_to_soh,stage1_soc,6,0.21465244554692614,0.840174877497726,0.33879789541796806,0.24064370159721124,540.8837438320953,22.248057575898507,1.2543042232076185,0.9765446055489602,262.68752055476693,120.38056889843062,1.4415832863134497,0.7686274509803922,0.6355620888420992,0.3997084840292148,119.68624510206591,47.5106365097013,1.403471483946166,1.105228714378295,235.89978146494167,123.04363768264386,14.129597499302422,8.886181374786643,21.505037804211426,12.642957148144173,0.1473580319086459,0.11604391683241042,15.686864188680133,10.85417051445416,0.5779588243277625,0.6070060474722714
soc_to_soh,stage1_soc,7,0.11930451777258311,0.8496522989348904,0.3199040166487267,0.22666133292754484,530.3263556112844,20.590252721967992,1.2583671973612116,0.9799774190008954,263.43466281735664,121.44752398915034,1.508242142901701,0.7745098039215687,0.6350528442403826,0.38936578394918175,134.8159478263335,40.75941084891864,1.4559437192066154,1.1682704086817217,295.8775772461775,130.14187828229103,14.118276148678666,8.656246028181696,19.344653807886242,11.714569868797199,0.15286737456809668,0.12266300393678066,16.55370466412185,12.0156509478485,0.5839939506494539,0.6070060474722714
soc_to_soh,stage1_soc,8,0.04231551277578369,0.8575452598221883,0.30890917044969013,0.21806088589431988,498.8228221920145,19.937467536839996,1.2519839065133194,0.9766793119000639,260.56141144109404,121.57648331401496,1.0649620829844006,0.8137254901960784,0.5626109926248369,0.3351104529537991,126.85743571856361,37.246209971296366,1.3905901789266677,1.1182101656436263,276.33303088637166,120.6710392951612,12.507773849372782,7.450060192659591,16.805252473972242,10.782550345663761,0.14600555430022946,0.11740690933468671,15.840525405516415,11.56040350349625,0.6449421924086274,0.6449421924086274
soc_to_soh,stage1_soc,9,-0.0062980713312210555,0.8643672427452246,0.30349013293741467,0.21251455380989773,492.7172281084538,19.24457401641358,1.2520964467795102,0.9771459125104227,260.47969751321824,122.81095213061337,1.1762053641618466,0.8196078431372549,0.5819527054086874,0.3627091763997633,134.2982763274085,44.647191695471435,1.3726174514132041,1.0887939320165008,244.72177458375995,119.71447788642283,12.937772147541912,8.063625508514855,19.72230125654608,11.411020634409153,0.14411850081556032,0.11431834049446335,15.483107870309743,10.835598929546308,0.6450220315146487,0.6450220315146487
soc_to_soh,stage1_soc,10,-0.06909976630947377,0.8756785305595494,0.2978738148597512,0.20844474805407273,486.45966958862925,18.887033266296324,1.24057663929745,0.97097490233571,254.3235279298727,122.5372167797952,1.4549525317023781,0.8254901960784313,0.619855622656322,0.42167367388804755,191.73366277496692,48.865406430431854,1.3618710510767302,1.0734641188810414,243.75221839902323,115.26789989190145,13.780416751681443,9.374503911875811,24.69679468469587,13.099624723698062,0.14299017835101502,0.11270878082830113,15.264933926713814,10.48036914738769,0.6395335092815347,0.6450220315146487
soc_to_soh,stage1_soc,11,-0.13765506126441948,0.8801384935888031,0.2920840235912194,0.20270951519936029,480.7471096615397,17.990294645010117,1.246150198116008,0.9749172999323302,255.5973094731035,122.37908825634631,1.0144647099223791,0.8705882352941177,0.5825981083345603,0.3492771408374549,113.16885434155162,39.15459316987532,1.3788373677165917,1.089258076590212,241.9745424972512,116.90939858854401,12.952120523141328,7.765009119300229,17.214284239695107,10.861152176798392,0.14477156333630822,0.11436707353370607,15.43985048879906,10.197696187745574,0.6958088027937496,0.6958088027937496
soc_to_soh,stage1_soc,12,-0.15281060163653873,0.8877380358557554,0.28744934228176355,0.19976149393842912,471.36004251174177,17.93700616963635,1.2502540038484626,0.9756906641234989,251.7034280687497,122.38499178770113,1.0124905791937135,0.8549019607843137,0.5607557889501769,0.32822950130657236,101.59818518871782,32.09468446977324,1.4212510246555219,1.1293571044636124,258.9658854329553,124.56594770698781,12.466529600128888,7.297085245137775,15.96423357579837,10.371741776047156,0.14922480167001204,0.11857728649240473,16.013746481109038,11.28439686729014,0.6866752240992606,0.6958088027937496
soc_to_soh,stage1_soc,13,-0.22407329044275304,0.8937091047797894,0.28226633543355273,0.19371569178338693,458.0768465082921,17.040726993653642,1.2482038528472008,0.9757305844482385,251.023113308833,122.34964730261916,1.0730197100078358,0.8647058823529412,0.5989720151496594,0.3695748666502243,164.86920657086296,39.75111357327498,1.4297323836895257,1.1361053957823006,266.84948806560465,123.27716634596348,13.316139580995978,8.216261169919134,19.449550417423854,11.48691473010227,0.150115305245936,0.11928582595248134,16.122666666629154,10.787160006661473,0.6850142778080435,0.6958088027937496
soc_to_soh,stage1_soc,14,-0.2801532773151528,0.8987705759807517,0.27517944153514323,0.1887001174910869,450.1544632512164,16.734580268160475,1.2398922576308624,0.9688235791350324,244.1402882086128,121.99155308132099,1.1250528887206432,0.8156862745098039,0.5257337818728725,0.3057389760554275,97.94450904084803,31.026382358173603,1.4258202363340988,1.126695955438795,233.46442275978342,119.08185565028711,11.687932398836454,6.797083632509296,14.875583421422666,9.431054162121487,0.14970454781949272,0.1182978781200949,16.034099045947684,10.447547886383054,0.6579661399479422,0.6958088027937496
soc_to_soh,stage1_soc,15,-0.3257987553313397,0.9025556761832105,0.2696254297791326,0.18397282922996866,444.3983582982024,16.0205022158203,1.2364553798101856,0.9676646587016748,242.88061473330845,122.26177505473203,1.2466589838850732,0.8784313725490196,0.6668316002242872,0.42666783248275225,203.18777468234882,43.05615908512625,1.3982741074820022,1.1176593490200593,255.7364885338413,120.45563013559952,14.824770508496714,9.48553232598311,23.521564064434994,12.24185976434629,0.1468123313542648,0.11734907613000826,15.852904785688324,10.924657445845726,0.6783818924817334,0.6958088027937496
soc_to_soh,stage1_soc,16,-0.3845902741583212,0.9084974032452099,0.2654581577711759,0.18118682478110815,437.9604948608474,15.82709359515373,1.2340673910345374,0.9670776217456929,244.53538999907593,122.3075338658552,1.4250228437722898,0.8352941176470589,0.6108215887328488,0.36187755667111454,119.52452101130527,34.414559000199496,1.4392614219306556,1.1488937181511931,260.3177612067445,131.19503040370532,13.579575220421649,8.045137225081062,17.63837294115761,10.537740462089468,0.1511158103058942,0.12062854081149274,16.337959847928865,10.890159481801946,0.6520476410272043,0.6958088027937496
soc_to_soh,stage1_soc,17,-0.38770497171941987,0.9120771104134269,0.2629117071630717,0.17813866185395477,425.9381337598161,15.469036312595533,1.23328472260806,0.9674192265751046,241.45666065132633,122.42969057990328,1.3146429459253948,0.8823529411764706,0.5846713815998038,0.36994641877564727,152.69693573350912,36.36826139646916,1.4124571227852278,1.1177233663004111,235.33283242828108,118.72039743335068,12.998212820429426,8.224521388825208,20.108594065445846,10.629085305912,0.14830148253796901,0.11735579764914755,15.88709625062861,10.45055922137032,0.7069515266965294,0.7069515266965294
soc_to_soh,stage1_soc,18,-0.42134785964691085,0.9153927408233327,0.2612252085770007,0.1762731751825861,427.75360669147636,15.332205446298996,1.2230264833411033,0.9581902827811422,235.31752802392595,120.54145345496202,1.4500529733358645,0.8980392156862745,0.5761653776537113,0.373018202605639,171.00464841623935,38.11506420721462,1.3862858360620027,1.102215620928316,233.62874795507858,121.97713837336295,12.80911026979629,8.292812229145346,20.486423180443566,11.487619876266637,0.14555361815442788,0.11572755591890094,15.640712587327144,10.162162098537689,0.7251896023901612,0.7251896023901612
soc_to_soh,stage1_soc,19,-0.4615616534140387,0.9208063143687099,0.25600392359944185,0.17295073346184822,417.58005606006054,15.023050587173365,1.2136431616630494,0.9533502858434959,232.45255134205178,121.24885764483435,0.8883289948397992,0.888235294117647,0.5557204828750143,0.31857404451379007,120.25973845655815,32.0101990236586,1.411767383574189,1.1229887117321293,243.99291834757412,126.00804428760523,12.354586409405448,7.082428454638406,16.108533738280553,9.044775672012575,0.14822906310242545,0.11790863463159597,15.928514403700945,10.516265208524855,0.7215191492551427,0.7251896023901612
soc_to_soh,stage1_soc,20,-0.49756393088151624,0.9213051260232974,0.2541402902797733,0.17076610761162503,418.38731711674194,14.612503397742621,1.214975493285955,0.9558262320555081,234.82367263484497,121.97978843261198,1.2035807894725425,0.8764705882352941,0.6318445720841867,0.3911399469254356,170.6625154243903,35.47311189473285,1.38340703675361,1.093746013736681,231.75481749618808,118.4362000342889,14.046950946890979,8.695688608525504,20.08477535435885,11.528851459557057,0.14525135750631554,0.11483828623221698,15.500472923877748,10.351581403929256,0.6869172166100381,0.7251896023901612
soc_to_soh,stage1_soc,21,-0.537547913108968,0.9265279774654499,0.24817622927756627,0.16656329896806193,401.4309382151893,14.277107911634209,1.207811473768721,0.9509921345366634,229.7446449070198,121.26446115131151,1.309630675876842,0.8607843137254902,0.5658185060576608,0.32344590301680215,114.77130828882251,32.962763072302856,1.3238093971995786,1.057162691462858,219.29235957120338,114.4372259312572,12.579082183483736,7.190737935222005,15.481164568685642,9.442000682003288,0.1389938802639637,0.11099720614429617,14.927057563377694,9.79027417318772,0.691038761908192,0.7251896023901612
soc_to_soh,stage1_soc,22,-0.5708749296134852,0.9302103811507878,0.24741228373207602,0.16476064065873214,395.98179842709607,13.927907487659217,1.2015304323510132,0.9467230680412471,228.53975571302934,121.57731952813444,0.7191564090111676,0.9176470588235294,0.5209689574134553,0.2950408020367225,110.35951500895276,26.429543351435115,1.368043103783239,1.0820886733667816,213.9676447777589,118.39669581477055,11.582002462252207,6.559245511709503,15.150363648391124,8.66763137980847,0.1436382154148749,0.11361431926612828,15.33250999421747,10.633188376389056,0.7613563715994928,0.7613563715994928
soc_to_soh,stage1_soc,23,-0.6103053583771,0.9319268800798098,0.24266150296585268,0.16144930940866722,389.17278354667286,13.78852662316477,1.2058955531752493,0.9480028229657605,228.73750442220984,120.88094311081238,1.560240681031171,0.9058823529411765,0.5794343717697756,0.38063824708190036,170.51536420622472,43.27077788110142,1.3455197509115817,1.0571916457064743,198.74010739084355,115.49567898477156,12.881785421285779,8.462218433930957,20.051947684978703,12.199427892038916,0.14127336725863074,0.1110002462063163,14.98869868843083,10.238775542585065,0.7320520414102438,0.7613563715994928
soc_to_soh,stage1_soc,24,-0.6474640451194373,0.9366949326604266,0.24240438912432272,0.16057351356936425,386.1258417499961,13.533201686817826,1.1962322519330517,0.9420273862498051,227.57280864566192,120.21456309312038,0.715385605657802,0.9372549019607843,0.5280393430158,0.3094981561086195,135.7729076039575,31.142344014142527,1.4022723387839746,1.1094701175094015,227.982437748626,116.48082566204808,11.739188840231423,6.880656428954374,15.859822328154886,8.885044232353282,0.1472321271980091,0.11648924459651552,15.702310598399972,9.820515530979073,0.7788430990560443,0.7788430990560443
soc_to_soh,stage1_soc,25,-0.6608629907745595,0.9353598779378539,0.23776097679630062,0.15724891205757824,382.11740984842913,13.147025981159711,1.1917362138159655,0.9389812390169726,226.93604862517515,120.24371961268969,0.7211612944509469,0.9411764705882353,0.542962407393812,0.316054385120743,127.79299891685713,32.276897765539026,1.4001340639563242,1.1150660748757861,209.88127476741286,120.58873979904332,12.070953268631545,7.026412254672873,16.513915994907546,9.367428112107412,0.14700761820449793,0.11707679430706364,15.754746591995675,10.80483511246437,0.7782877483700917,0.7788430990560443
soc_to_soh,stage1_soc,26,-0.6971386974957106,0.9403333235527127,0.23483334346155738,0.1552304174830537,377.69555353791395,13.042659816747545,1.191326279260846,0.9385030534083532,226.28384706944934,119.99114796137115,1.3286651284086939,0.8549019607843137,0.5855904585175826,0.34821673098622874,148.1217448294851,32.77893035252893,1.4216206182313595,1.1340439436098964,241.84464192246526,124.03163920339937,13.018645421975522,7.741434452646626,17.97358571349364,9.604840832997757,0.149263607290621,0.11906938298340497,16.066181649389204,10.817852658378982,0.6792248232290389,0.7788430990560443
soc_to_soh,stage1_soc,27,-0.7136412415404138,0.9423872538951322,0.23406865264512408,0.1535275706079116,372.9972002169924,12.747018673028949,1.1823686100367812,0.9307236345029624,221.52994171675238,118.14406906127289,1.4905140790284848,0.8627450980392157,0.6043263376722382,0.34233619691986666,123.02289952220444,28.736924608357995,1.3440615719789388,1.061371159511527,197.75794876164017,114.01557487428403,13.435175035523043,7.610700444282454,16.62357424557417,8.398389371320048,0.14112026519696236,0.11143907587666764,15.002473612790942,10.679614334799574,0.6814471967375443,0.7788430990560443
soc_to_soh,stage1_soc,28,-0.7563458060627829,0.9461136703735219,0.23061472971968616,0.15075682830467738,361.6289980365204,12.502806918048886,1.1753023068528656,0.9267209289457798,220.62290767632038,118.36141059650299,0.9099971285053328,0.9117647058823529,0.5413562639025685,0.311545967042227,131.96546043878732,29.152045544550788,1.3640612059923434,1.0748490400137563,204.8808108368338,115.87387744919107,12.035246039619913,6.926182656453656,15.429612559081193,8.970860071406934,0.1432201345144508,0.11285419115889919,15.221205180295646,10.168851610129584,0.7493578267115824,0.7788430990560443
soc_to_soh,stage1_soc,29,-0.7758856129766626,0.9471699774067662,0.2281327509424452,0.14911443162533763,368.55975081866353,12.352980427464212,1.169204164966875,0.922467125796737,217.39223386652557,118.05048852502425,1.5690382424522848,0.8568627450980392,0.6143749335480257,0.3608157088797466,147.1556228253835,30.612967497593292,1.3376691173336157,1.0790851858681907,213.48960219281415,112.82041558771286,13.658571958735845,8.021530590637392,17.809866929632438,9.682494921872022,0.1404490869461927,0.1132989669332044,15.15871732493446,10.995829149910374,0.6725502650336315,0.7788430990560443
soc_to_soh,stage1_soc,30,-0.7871227205483476,0.9481529297849242,0.22765814213296573,0.1482239678068175,361.5282757190526,12.13378265032235,1.173341212778795,0.9223762449294279,213.88728727209292,116.8018974419622,1.4010633520051545,0.8666666666666667,0.5388700752857825,0.30048104270050924,92.125974006675,31.2740399734749,1.3565561455510615,1.068113738281068,191.48297429777114,109.8045488426354,11.979973950426341,6.680191068765442,14.419760015757497,9.646401295038611,0.14243213778731165,0.1121470155454345,15.126533228241543,10.5141528402073,0.705005644080932,0.7788430990560443
soc_to_soh,stage1_soc,31,-0.7610448771129453,0.9480355623367859,0.22978922097761212,0.14996409316751264,363.4217140106377,12.350616224835932,1.165222373183408,0.9175153994194511,212.75590669941488,116.26589506282485,1.264509414691551,0.8764705882352941,0.5556089498028995,0.3161023987785858,128.11465937160023,29.80790036375478,1.3401680999677597,1.0560875253204036,193.23790647318327,111.33273666742713,12.352106844553312,7.027479677780227,15.880221877615316,8.73252957023765,0.1407114685955198,0.11088431865884373,14.932454406738522,10.208692638153646,0.7097879032944243,0.7788430990560443
soc_to_soh,stage1_soc,32,-0.8047100969478945,0.948871805404771,0.22589358669008022,0.14701147861519268,359.4014380950458,12.029488875730578,1.1609334942846852,0.9132666142164712,212.96665675449492,115.44092650357696,0.8358794256752613,0.9274509803921569,0.544656259579609,0.31050086182487363,132.69694653379227,27.68214068214784,1.389279177317427,1.0979047585351795,209.3670276321212,117.28979082998809,12.10861040713744,6.9029482371500634,15.751517570915613,8.084340730246062,0.14586790517862164,0.11527493525268298,15.540687284137933,10.029246047045822,0.7640541025182742,0.7788430990560443
soc_to_soh,stage1_soc,33,-0.8456050689093597,0.9525542090901089,0.22303327971873954,0.14406811718224152,351.0956738832555,11.725765280529737,1.1583460119986926,0.9122839920529338,210.9814398267881,114.77927042536098,1.290288878889645,0.8921568627450981,0.5940976200837835,0.3265780514215722,97.34075262508259,35.15265875500948,1.3616594077343804,1.07628955322263,179.71672125655522,113.05943076905093,13.207773708420275,7.26037077998169,15.657895456086033,9.492839709745873,0.14296795677633256,0.1130054384010599,15.162107489862455,10.91848848529318,0.7139275767199631,0.7788430990560443
soc_to_soh,stage1_soc,34,-0.8305225617231986,0.9519086881253485,0.22180381439467145,0.1438799012560004,353.4853324918985,11.776043437090273,1.1697901251572989,0.919419021891185,213.80753859883816,115.05276036211825,1.0615462403671414,0.903921568627451,0.5768263351691028,0.3053987247778066,99.78145886976887,29.1128059822223,1.3905236094094822,1.1097464913155373,217.01717322974307,118.59001861898312,12.823804449673561,6.789519283272913,14.716555100860532,7.855701297543464,0.14599856480799556,0.11651826257130812,15.657249690252014,10.455771218008737,0.7308736680767202,0.7788430990560443
soc_to_soh,stage1_soc,35,-0.8920345296182842,0.9555177371555998,0.21861429727165932,0.1402851761002737,343.0419361457405,11.361956838231034,1.164479255255375,0.9163384772157819,211.08530552858088,114.90459809770502,1.1624058279336666,0.9156862745098039,0.527809239692263,0.309511115695989,129.29433434101014,34.31087044951969,1.3880478068072455,1.0912852088190323,203.3584394990175,114.79049223501048,11.734073262380084,6.880944542038056,15.902542985193351,9.272158986502374,0.14573861695509432,0.11457991306701648,15.479633409735555,10.396132116865529,0.757343502602125,0.7788430990560443
soc_to_soh,stage1_soc,36,-0.8967209234927721,0.9560018778791702,0.21747851432437923,0.13951422739054611,347.0822536851003,11.27799719653382,1.1575388679290224,0.9122508044555825,209.2269588679435,115.40341767398883,1.2390510792825735,0.9,0.5881907869841908,0.3434185127855516,139.76105845730876,30.431523248668285,1.3860600271284573,1.0775061344764396,174.5425623540519,108.88529664959906,13.076455029005558,7.634762117906032,17.73026854506458,9.481474252241377,0.14552990925801265,0.11313317382088779,15.241796500737564,10.90005883417279,0.7235427639047428,0.7788430990560443
soc_to_soh,stage1_soc,37,-0.8986866900291329,0.9573662744637774,0.2156931653954421,0.13865867504047416,339.8920873686876,11.206968606885653,1.1605464626669777,0.9129995204734939,209.24898029472726,114.18094610337057,1.0832374558729283,0.8607843137254902,0.5791322818372696,0.3165782213192798,126.19586450857634,28.915877989462246,1.3717320279788054,1.0927300929511878,200.78648508819964,112.97542618746309,12.875069461932892,7.038058000652426,15.26862608662074,8.121204704855007,0.14402553543921234,0.11473161923595968,15.403898852999392,10.56095335418687,0.6870446291743093,0.7788430990560443
soc_to_soh,stage1_soc,38,-0.9205560241589639,0.9587306710483847,0.21281211500845937,0.1365014249760118,332.2381105651864,11.064452386046995,1.1553459763842298,0.9087199475257758,207.68117651335695,113.6350295868899,1.090106685956319,0.9137254901960784,0.5431864276231062,0.29851326133471495,111.94934088644419,27.488765835546747,1.3218016724884585,1.0342259977031134,169.15188108842608,107.24793833383406,12.075933609226428,6.636444031059093,15.00299546903757,7.746116571319773,0.1387830784304892,0.10858895910145357,14.613826584176188,10.048947802872965,0.7507695619091466,0.7788430990560443
soc_to_soh,stage1_soc,39,-0.9202309389100528,0.9589947478066958,0.21233706573432812,0.13615496043632713,339.0798689710065,10.970249332628812,1.159405393182887,0.9111788686443754,209.43734774447296,113.36067708987832,0.9190220554669698,0.9156862745098039,0.5716055174044782,0.3096844307311318,117.78871986480715,26.99741169840833,1.34769492061906,1.0592881422362053,177.92307286501665,108.43538782481976,12.707737026952131,6.884797622217219,14.620450066582807,7.744361704612903,0.14150175004433588,0.11122036867126008,14.949298212229145,10.78240552193476,0.7442046192884604,0.7788430990560443
soc_to_soh,stage1_soc,40,-0.9327573474278098,0.9594348757372143,0.21351885307374519,0.13687105867909374,332.39122514867887,11.052174521681163,1.1516903569736947,0.905354941063811,206.59107155639052,112.5729883538948,1.1522031115550622,0.907843137254902,0.5322957225834694,0.3107811073023899,127.7382988166796,31.230486813035956,1.3341968780037603,1.0582974005253145,179.1439340518983,109.2700811173938,11.833815205068554,6.909178558101899,15.806978719382512,8.871417506558236,0.1400845178332353,0.11111634536169043,14.905493108089148,10.372864503807541,0.7481544204798611,0.7788430990560443
soc_to_soh,stage1_soc,41,-0.9511565721033954,0.9618555793550658,0.2123012913855413,0.13523376016572597,330.6286277709329,10.808896191692106,1.1577595786243904,0.9088406274749551,208.26298426734854,112.69983902790226,1.2805865806691787,0.9019607843137255,0.5777263866236471,0.33760978155130267,149.08526742834704,36.25128724122795,1.3768743463026791,1.0899740966365619,191.89654578317433,107.2433929861887,12.843814083672566,7.505624405379639,17.64762292331722,9.543189804369398,0.14456545514283406,0.11444225233572962,15.334646029481409,10.979948959204613,0.7286428683266314,0.7788430990560443
soc_to_soh,stage1_soc,42,-0.9098381751936816,0.9588773803585575,0.214304606023316,0.13755051736415322,335.5012299902101,11.13415356115,1.1573875117441639,0.9090708040100072,206.59830918422526,112.44727573842731,1.4480818736786936,0.9058823529411765,0.5678157388775719,0.3418578750490412,154.0243504930571,33.3713199026764,1.3343327398962048,1.0487804239761889,182.7798113056454,104.5976562242154,12.623483975776212,7.600066557163431,17.370320498101485,9.421997953003347,0.1400987827052409,0.11011710672375477,14.769085695236322,10.390633436423032,0.735537631277905,0.7788430990560443
soc_to_soh,stage1_soc,43,-0.9732974092395319,0.9608432851148734,0.20817418401053833,0.13300069092152392,323.9914862988337,10.760543622373078,1.14527161407885,0.9007711291620201,204.6452931416037,111.70920710277656,1.2638072930130304,0.8941176470588236,0.5376246666777021,0.30773102643662226,119.05976658034166,32.08192524912884,1.3188710485010913,1.050382333000501,194.82105294996597,111.1205118659552,11.95228645511585,6.841370210608837,15.140639963668207,8.693035205436757,0.13847537643014043,0.11028529978205306,14.765950599071159,10.55674163146794,0.7328302470555129,0.7788430990560443
soc_to_soh,stage1_soc,44,-1.0097288773942066,0.9629999119744139,0.2062031511541272,0.13039143097443928,319.13686275876137,10.421200745935536,1.1453111574508026,0.9004452921736823,203.36525419884728,111.8238654921085,1.2849095409991695,0.8823529411764706,0.553951954680964,0.3140789844643544,111.60336118310097,31.464692684382882,1.363425965233348,1.084638992689696,188.56782387627874,109.33128509097003,12.31526909959922,6.982495827521781,15.595099634355305,8.676980601916625,0.1431534371649824,0.11388209103097141,15.275560225566082,10.717683002038791,0.7161673547721814,0.7788430990560443
soc_to_soh,stage1_soc,45,-0.8011717668663906,0.9592001408409377,0.22327412355504778,0.14260166963914447,338.83864956563116,11.426829995862263,1.1421544290380503,0.8985684866005568,204.16505038645244,111.91003896008783,1.0712885132022933,0.8823529411764706,0.5579802635825399,0.29855568869879434,97.76803714284111,25.681860591400056,1.337071848968292,1.040624795189383,160.14618304061213,103.00872562689231,12.404825075925343,6.6373872616071745,15.423284907007497,7.540684239214427,0.14038637652290153,0.10926080332126448,14.68726766530418,10.02985395177031,0.7149588621017086,0.7788430990560443
soc_to_soh,stage1_soc,46,-0.7112112585351884,0.9539772893987852,0.23488667810272906,0.15041066927844143,356.0781448715061,12.053786801607641,1.136103488255672,0.8893381797967443,205.23948146792154,110.4395665121827,1.2651803860477373,0.8647058823529412,0.607236706675715,0.34099983429426656,121.65616841484301,31.918293960190002,1.3951265130685682,1.0814164728273217,173.32971913254755,107.09250623806008,13.49987735700432,7.580990890575057,16.36867396580543,8.807205470862813,0.14648184846001594,0.11354374131019847,15.299554958850598,10.812586849045983,0.6825348703502268,0.7788430990560443
soc_to_soh,stage1_soc,47,-0.8819080173701686,0.9639681934215545,0.21112713745231865,0.13418672343281313,326.5196806098969,10.707619439024517,1.1446476433383497,0.8969865910677113,204.61545880514794,111.19194693202647,1.0085747680243324,0.9254901960784314,0.5808368665550258,0.31008435270803814,109.6854661344068,26.479541171528343,1.3469874499056778,1.0729193552908507,196.21405738353462,111.11160636757349,12.91296520239349,6.893688549892134,15.20892949720908,8.41432996005997,0.14142746888283775,0.11265158316420591,15.112209273248792,10.629919786752422,0.7512391361119237,0.7788430990560443
soc_to_soh,stage1_soc,48,-0.9905164389993512,0.9677679645550307,0.20111568379824138,0.12758727406468665,313.11962853775333,10.223137048590953,1.1419931293843761,0.8965165692488463,204.98597854389743,111.38813381993019,1.2362158434063781,0.9176470588235294,0.5432808542989107,0.29740426103200984,111.2597986066116,28.58387609414145,1.352788422647233,1.0601461770560812,175.78063120586296,104.33732461956579,12.078032870566489,6.61178911822064,14.865171176406614,7.775407485646991,0.14203654426208792,0.11131045836942084,14.923230850081792,10.294885338678736,0.7546628025338562,0.7788430990560443
soc_to_soh,stage1_soc,49,-0.9958673251920076,0.9679586866582554,0.20090012336817883,0.127633954359776,311.310899449975,10.150109158418424,1.1396027286401484,0.8934675975791986,204.5694203198838,110.55199502212298,1.1051732811273314,0.8862745098039215,0.5505496761489833,0.2990912376702124,96.3909272865875,27.287580435370284,1.3732456809544822,1.086621964218862,182.94760465674042,109.54747211179753,12.239630814872411,6.649293401920057,14.173694865013653,7.777635285849548,0.14418446201950966,0.1140902938945217,15.298925764125137,11.09743226171579,0.7211096069592265,0.7788430990560443
soc_to_soh,stage1_soc,50,-0.9873367026935759,0.9668143540389074,0.20397638670443177,0.12952985579170562,311.78801687842105,10.29729940204954,1.131893123057866,0.888488883307089,201.6280811416288,109.84854528362038,1.6489382739160574,0.8549019607843137,0.509632819630324,0.28141000466969085,100.56210477688484,26.51086165428882,1.3130602127951545,1.0397616865168162,177.37670119428716,102.87199337447399,11.329981350728557,6.256210318497154,13.846719071829522,7.453146964673573,0.13786526548512593,0.1091701808919757,14.6075662169091,10.609875033074465,0.7020121148952165,0.7788430990560443
soc_to_soh,stage1_soc,51,-1.0121604874964027,0.9687509169331886,0.20084124054818528,0.12721759982736844,311.9408089824854,10.099217037977377,1.1345979545283693,0.8916931365490227,201.14814005495987,110.95544618336228,0.9876277701527465,0.903921568627451,0.5170015388224679,0.2709741593722035,90.20333400242572,25.377553461685327,1.3165526164987231,1.037748900141713,190.3431926538667,101.07809309847184,11.49380017834312,6.024204199492914,12.821291947843092,6.7898269743904365,0.13823195176430939,0.10895884760713134,14.59853031472194,10.585769147167658,0.7488211069807106,0.7788430990560443
soc_to_soh,stage1_soc,52,-1.0391716026846385,0.9698072239664329,0.198046146438617,0.12492273103216278,305.6776240736288,9.90831358721687,1.135379654765592,0.8927226928292555,202.6331189822795,110.56533694158216,1.1046551260293698,0.9019607843137255,0.5621917565475101,0.305825627755885,127.73077542478477,28.09551182391091,1.3112829778527963,1.0272781867113914,171.5570953247819,96.88492547531453,12.498453537268258,6.799010043274805,15.436056144190685,8.062540903725987,0.13767866401417272,0.10785947099604888,14.438020754893536,10.58515012074871,0.7333032573494724,0.7788430990560443
soc_to_soh,stage1_soc,53,-1.0547492891328827,0.9698805786215193,0.19398965328528134,0.12269403480612102,296.46995646545133,9.677147164005778,1.1291932102749356,0.8862490631275459,200.92114206230718,110.29385919089631,1.6260604171191946,0.9529411764705882,0.5772697513759376,0.3485434265149867,164.52533646736939,30.28109703326637,1.3510492942349401,1.0528726986992885,182.44001667383083,107.87784287853984,12.833662326090732,7.748697435142295,18.65885333036443,9.296691706880774,0.14185394380101454,0.11054677669291578,14.911352062631018,10.024916620760257,0.7797602510578069,0.7797602510578069
soc_to_soh,stage1_soc,54,-1.0796237301159792,0.9717584577917314,0.19649523120192597,0.12259714383437816,300.1594993848339,9.513007909761384,1.127483178431033,0.8867643771662764,199.03105074436257,110.50560777901447,1.1762170237653395,0.9196078431372549,0.576124797088161,0.3098925185992437,115.33369844197287,26.202504427779736,1.3500601304950803,1.0646122396996647,186.8540809235751,102.48574520900378,12.808208096637152,6.889423760044708,15.27720105986188,7.898420779365675,0.14175008617112433,0.11177937434603107,14.976573719663367,10.391449131905043,0.7467704040108065,0.7797602510578069
soc_to_soh,stage1_soc,55,-1.0870566234870966,0.9705554414483143,0.1954279210402015,0.12230213958735496,301.7282847494304,9.509914244805618,1.1304858971039131,0.8878635603557951,199.2909436167357,109.84231853796558,1.5871014459460389,0.8666666666666667,0.5431200625380458,0.30352149042209575,127.48119498369483,28.022042791544656,1.3356517306791442,1.0692147449973752,183.8714936951285,106.52715737515987,12.0744582035086,6.7477852555143025,15.00619697781484,8.177424432409211,0.14023727065323477,0.1122626161719446,14.951624641780503,10.764116927292138,0.703730647905253,0.7797602510578069
soc_to_soh,stage1_soc,56,-1.085877330268004,0.9705994542413662,0.1966617184742159,0.12314786639845876,302.38109925654067,9.583911556576954,1.12854650126694,0.8868437530641378,198.95614253110347,109.68616796490971,1.0427274442186543,0.9509803921568627,0.531673074162508,0.29438696688808064,123.72128700962442,29.071652950547534,1.3557817157192018,1.0655212484044478,182.18658599080555,103.26627802506769,11.81997269978667,6.5447096738371755,15.440537365577162,7.6869096546207105,0.1423508262272411,0.1118748160669758,15.010393489834719,10.395615341073913,0.7914784699081103,0.7914784699081103
soc_to_soh,stage1_soc,57,-1.1196173526133972,0.9733722602036325,0.1904959408387062,0.11939064870012679,287.77558839149293,9.382213245787538,1.124947676260619,0.8847904275570976,197.5532759951634,109.87320654411243,0.9110820242002898,0.9156862745098039,0.49420360516857825,0.2602980499831485,104.51777509161832,25.276690169737513,1.315810676329934,1.0460942356938532,172.86906185994349,104.7186794140446,10.986964367962853,5.7868566119414035,13.175880363090808,7.237933903412125,0.1381540514689936,0.10983506934490612,14.647249307689766,11.17813922985467,0.7674251929592304,0.7914784699081103
soc_to_soh,stage1_soc,58,-1.1216447159828518,0.9723159531703882,0.19369598292946322,0.12093215511958971,290.3316944290394,9.405876415504814,1.1192946970361992,0.8823295751431505,196.3097111211063,110.12624297648804,1.2497536196428187,0.8980392156862745,0.5201400065594443,0.2692376123814314,85.79758793171413,24.595101915249618,1.3530890854513167,1.0569728353216001,181.15531403305346,107.62378507299968,11.563573512320316,5.985597884785035,12.768239187690222,7.627472284350027,0.1420681124696252,0.1109772721252288,14.933351048145305,10.822249899123747,0.7419972137184413,0.7914784699081103
soc_to_soh,stage1_soc,59,-1.1386799934845617,0.9714943810334203,0.19128851184879334,0.11946833737766678,290.0482633565427,9.342015967153552,1.1239373263534715,0.8855826036320957,198.0900206556215,110.27893580615563,1.326574457392973,0.8862745098039215,0.5861272874796993,0.31507299341918793,117.2580467167088,25.76289095594438,1.3372953977288338,1.0415932428803951,161.12600655822172,103.47620228953495,13.030580018600846,7.004594292312356,15.183698892300907,7.214398076645787,0.14040984811157708,0.10936248586158429,14.67746403835927,10.41419287697671,0.7104363235600117,0.7914784699081103
soc_to_soh,stage1_soc,60,-1.1504700736139608,0.9719051671019043,0.18889772781810482,0.1186215756407054,286.5275319563455,9.312957863687153,1.1193007064835732,0.8829361848098051,194.96554757528298,110.19985985130762,1.1901049994954875,0.9156862745098039,0.5034885494295472,0.26585397318224696,88.30783977462227,25.18684777000778,1.3171354218410638,1.041562539866815,173.0517780953489,104.73135942812458,11.193384051443287,5.91037398328638,12.913804752449298,7.2570302787077585,0.13829314363690212,0.10935926218678463,14.618577402081783,10.227954784315305,0.7646397096809397,0.7914784699081103
soc_to_soh,stage1_soc,61,-1.1641894268327075,0.9742525160646694,0.1868494289895943,0.11692229478929686,286.4810337556267,9.179911751385918,1.1211470506905037,0.8841495009083898,194.75645049911097,110.315321258735,1.123168669494928,0.9196078431372549,0.517640561650613,0.26687013493376033,83.87040180983787,26.369250848136428,1.3327932644951914,1.05872114017131,182.61633780949867,103.1655250304278,11.50800671380688,5.9329649414242835,12.837371388692256,7.554244272025406,0.1399371448893964,0.11116083606990203,14.87135998782277,10.584951094825808,0.764315674642071,0.7914784699081103
soc_to_soh,stage1_soc,62,-1.1865313854132462,0.9742818579267041,0.1877962702854897,0.1168602681936834,284.9802716502988,9.101446585586801,1.1264985764798994,0.8855083636094795,196.42396150446692,110.08582652145205,1.2080813543469298,0.9196078431372549,0.5487839993257835,0.2973719733493293,130.3605967018275,27.366302192253443,1.3835537875293147,1.0880801911319733,175.97416476933915,109.40610066827678,12.200376895761043,6.6110713095777545,15.165072052244605,7.516451489030085,0.14526676566083546,0.11424340099391794,15.358994100718734,11.404814057592299,0.7549726433395199,0.7914784699081103
soc_to_soh,stage1_soc,63,-1.1844516729777563,0.9744285672368769,0.18674170791384753,0.11699772158812861,287.4865505974974,9.206111876253441,1.120539032564351,0.8812106166578282,196.689223883525,109.76754168495881,1.2100596343769747,0.8960784313725491,0.4944691774920514,0.25987777414494284,94.78033402457318,27.199622926900574,1.3515150395772033,1.0606608234546786,172.57062144683835,104.79966174930082,10.992868480406795,5.777513184231066,12.836487068913618,7.832884274380072,0.1419028449135712,0.11136449386732279,14.928273979228468,10.646966124755746,0.7477376781249336,0.7914784699081103
soc_to_soh,stage1_soc,64,-1.2281027059838237,0.9752648103048619,0.18665230456472337,0.11582602660699995,276.12165430240555,8.96968766086712,1.1193441445828651,0.8811617513539786,193.5190568518817,109.21926468294276,1.1010867946288165,0.9176470588235294,0.526511368085532,0.28229111174815424,94.00496082959484,27.228600301384386,1.3419886255600575,1.0556093875355288,170.51861347822015,103.36850704772516,11.70521942774956,6.275798787650745,14.240687423737395,7.571186342969451,0.14090261538502638,0.11083411639697648,14.829925026650493,11.197509798812256,0.7596936483978698,0.7914784699081103
soc_to_soh,stage1_soc,65,-1.2236210031585792,0.9752207975118101,0.18733005626433102,0.115919041373935,282.41617558168747,8.979937147738465,1.116280946268337,0.8809346680002303,194.02557233555189,109.99801193311299,1.0670484339489656,0.9333333333333333,0.5144283113809534,0.2732173577352774,97.11473378103828,28.797117529026373,1.3161981616851524,1.0398108808652442,167.9906204744436,100.89638281004176,11.436593071970556,6.074074213041194,13.309264012779748,8.022775153431464,0.13819473564390666,0.10917534607163792,14.613818263267476,10.2424233181648,0.7790048399190473,0.7914784699081103
soc_to_soh,stage1_soc,66,-1.2006132175852366,0.9766145359584519,0.18505571718438593,0.11549196156633318,281.4147244663253,9.020651138446329,1.1164944819892277,0.8799309965980004,195.80396576152393,109.28379445060628,1.4853867876763438,0.9235294117647059,0.5478421277430501,0.30499974094769533,134.75851004846615,29.738458449912898,1.3348407766161439,1.054829773326934,172.40839816965547,102.99082197417064,12.17943753107316,6.780649212154491,16.327415092995885,7.440365984558673,0.1401521242173727,0.11075226050126313,14.803920651595961,10.913290584956853,0.7591767734417909,0.7914784699081103
soc_to_soh,stage1_soc,67,-1.198736620325007,0.973915084651272,0.18578194120338948,0.11561720373234495,274.28094382591297,8.982147277316827,1.1121321564617928,0.8764199296591373,194.686337771372,109.18668940478743,1.134669066877926,0.8941176470588236,0.49171403929234275,0.2592577646541245,82.61607079653022,25.12764349941906,1.316068331909156,1.0300725597961276,162.32694448063748,100.57553881148476,10.93161719670018,5.76372934673539,12.507441710465603,7.359693276920353,0.1381811041163033,0.10815286728011689,14.469826444265882,10.365984980681803,0.7466034352711207,0.7914784699081103
soc_to_soh,stage1_soc,68,-1.234604293729025,0.9757049382353804,0.18375346666561432,0.11405084243033381,271.9742080160819,8.912565598203964,1.1118479513506025,0.8750606221541548,194.87543009809764,108.60293662034556,1.014438504564996,0.9470588235294117,0.48766534222280333,0.24808621841172376,97.0548975669132,22.20277740346254,1.3719829763203908,1.0734263315924681,164.07955499076243,103.8385696263727,10.841607957644687,5.515367377667122,12.257235408985183,7.157767668508333,0.1440518838575092,0.1127048133373054,15.103796944845707,11.018423362148189,0.8007592208625707,0.8007592208625707
soc_to_soh,stage1_soc,69,-1.2663856460008502,0.9776708429916963,0.17847709459753439,0.11129039021674175,272.2955874113046,8.717869275440227,1.118720868397167,0.8801851366727687,195.91082090496928,108.90980249060144,1.1786294280313978,0.9313725490196079,0.528787714140814,0.2886464117277487,97.53264747170776,30.659456159593113,1.303994518788812,1.0367325409845103,168.6195085833696,100.95989785534462,11.755826369376392,6.417087628309243,13.660447503649253,8.005668515334213,0.13691340943251526,0.10885213458386661,14.474722446074514,10.930624254326524,0.7727362347773636,0.8007592208625707
soc_to_soh,stage1_soc,70,-1.2613644856514812,0.9769666383028667,0.18292697443941572,0.11356835005869005,275.83110851009786,8.849405843036383,1.1157102804384091,0.8772863378116202,195.40330597471836,108.11181229732452,1.4915139338549446,0.9137254901960784,0.5294235831220101,0.30144968001792827,137.39466078681554,29.980654159625598,1.316498151610927,1.0458887263621186,164.38801247951582,99.75166639324209,11.769962789600829,6.7017254800499,15.99689151689553,8.587026182761925,0.13822623320232535,0.10981349181304337,14.601818517046317,10.749735525818197,0.7548984152594753,0.8007592208625707
soc_to_soh,stage1_soc,71,-1.2772055896304204,0.977186702268126,0.1813769386978566,0.11188436952015662,275.9739748127864,8.67141749030051,1.1118773706645928,0.8758404524293965,194.3208715612224,108.12185805579385,1.3511425382950726,0.9176470588235294,0.49872859591624064,0.2666901457616512,102.66483112532727,26.707189830712863,1.3174545858171522,1.0412806204556688,152.1132937042673,100.75810536552774,11.087562404055628,5.928963484130365,13.463702444373293,7.1327627128617,0.1383266543821581,0.1093296619490466,14.545193166146472,10.880925000293724,0.7680284800486572,0.8007592208625707
soc_to_soh,stage1_soc,72,-1.3032671887740077,0.9777882104398345,0.17718071357291676,0.10959907049922137,270.58455981437197,8.535066832114989,1.1141852665595275,0.8782718335379578,194.65842017895443,108.69781968901688,1.054952898679995,0.9392156862745098,0.47803416936477344,0.24103125565703593,78.15690128197558,23.49225322745172,1.341696714493499,1.0516687775669875,165.6718506461943,102.11386195820451,10.62749103922041,5.3585238751260595,11.410139091670152,6.881640384736435,0.1408719660695594,0.11042037052744792,14.77721029017843,10.809298681824654,0.7958054354650778,0.8007592208625707
soc_to_soh,stage1_soc,73,-1.247395094405499,0.9764824975792964,0.18201693258703375,0.11317433742774889,275.466436640134,8.868225810269916,1.109160357267002,0.875247392657294,194.20541209250587,108.89123062887123,0.864508337133071,0.9352941176470588,0.5062221800326964,0.272674531836574,112.62647128809272,26.684431363738653,1.3360366687601875,1.0498164182419285,164.70016950986707,102.38855376192784,11.254157185669468,6.06200629458676,13.780048980628697,7.927491045183513,0.1402776873761095,0.11022588134284345,14.785084777130555,10.454552976467063,0.7834274636372499,0.8007592208625707
soc_to_soh,stage1_soc,74,-1.3204186621282006,0.9781989965083184,0.1801706653699885,0.11067284706094385,269.58999552351133,8.491931243628384,1.1050382119743627,0.8713102276944756,192.64977570694464,108.01529177446372,1.4058849671307732,0.8862745098039215,0.49419739900258863,0.2527205530371444,80.5917711796594,25.98284194208719,1.3368026386919836,1.0506797904386094,168.9959194798878,102.76693658722135,10.986826394617704,5.61839630919696,12.320713644055553,7.222019212744582,0.14035811068569704,0.11031653144094862,14.733990404882036,11.172174192737208,0.7380152901031449,0.8007592208625707
soc_to_soh,stage1_soc,75,-1.2942873087396911,0.9769666383028667,0.17962867161186435,0.11071281024695201,271.85166241613376,8.504810981966555,1.1033710813985291,0.8717555749395386,193.53277239316375,108.47497237776258,1.3003659552218867,0.9235294117647059,0.5291974839684818,0.28457776707250115,117.98274899607506,24.413583602981216,1.3178304036824058,1.0410693678822296,160.01089313439897,100.92222698554043,11.764936231078261,6.326634921397365,14.659108874462106,7.544749624502095,0.13836611352444445,0.10930748140329719,14.58794481020855,10.697843983895055,0.7647701665741614,0.8007592208625707
soc_to_soh,stage1_soc,76,-1.3122732968842605,0.9787271500249406,0.17965679337258167,0.1106272520080531,267.9820471959266,8.525939094266368,1.103875310262012,0.8720148199620649,190.39877927045183,108.60023301521062,1.8750706499698115,0.9019607843137255,0.534048802016893,0.30248039845450253,112.3274805115355,33.10348499241114,1.3421923730210505,1.0496607346131521,166.12731691721405,102.07648316779698,11.87278906334841,6.72464005739739,15.6468165815084,8.293936672427165,0.1409240079285884,0.1102095352799563,14.772123996313557,10.517919454623204,0.7417461437086577,0.8007592208625707
soc_to_soh,stage1_soc,77,-1.3220746746743488,0.9774361080954197,0.1824565411086836,0.11239075435406172,273.5126180429912,8.672251188707252,1.0996894515674043,0.8693024766501616,191.94152072259737,107.93134827490535,1.4003773834191116,0.8901960784313725,0.5127633414912792,0.28299730300684184,103.29230411902269,32.124969976579756,1.3268420621323145,1.0515807002837605,168.20140642187286,100.97157541240959,11.399578034726263,6.291498588532449,14.056370183784795,8.047619194591702,0.1393122960928837,0.11041112281899025,14.67084063834801,11.055402330263542,0.7363670759839888,0.8007592208625707
soc_to_soh,stage1_soc,78,-1.359947077360047,0.978903201197148,0.17473510720315202,0.10778055375722609,264.96666346959006,8.312752684769391,1.1058625985012547,0.8730498072335467,192.44927405903928,107.80624104329587,1.7410073158787747,0.9333333333333333,0.5052814096407756,0.2803269537713598,111.23938367395967,26.479732115330528,1.3347893647326012,1.046352744133522,154.31048540055542,104.17589670443617,11.233242302276535,6.232132303880903,14.034850399493184,8.153459583395744,0.14014672620675248,0.1098622115386287,14.68153317428221,10.539111107683832,0.7817489104411006,0.8007592208625707
soc_to_soh,stage1_soc,79,-1.3365712870398911,0.9783016930254393,0.17976722027806835,0.11000676262247902,269.7633120509371,8.382319370414914,1.0995515341613304,0.8688674598242826,190.42975990539335,107.39014629292612,1.9240743027013891,0.8549019607843137,0.5388833082388041,0.31571228454875594,131.1272417111175,33.65744500148308,1.3538127942909441,1.071349570620805,166.10131116069417,104.39545135946422,11.980268140881066,7.018806792560957,15.557474188253352,9.196999439184742,0.14214409855947616,0.11248676301492304,14.992285619467257,11.47540824055449,0.6932369683126725,0.8007592208625707
soc_to_soh,stage1_soc,80,-1.3335885998298962,0.9802382559197207,0.1767939879481422,0.10957724895571601,264.4858367336672,8.527845373452458,1.100046363286301,0.8703806507201068,192.41633034414156,107.64779544128731,1.620832430147657,0.9431372549019608,0.5639760238851219,0.3269809341204225,155.42825020542531,30.241330520342103,1.3258840563761902,1.0496614726388134,160.8423813177364,102.26868421204074,12.538120754294267,7.2693275294073185,17.484319660737444,8.316778449967115,0.1392117099075608,0.11020961276924639,14.675911286403728,10.874858614105106,0.7739444477364242,0.8007592208625707
soc_to_soh,stage1_soc,81,-1.3874754584670532,0.9809131187465157,0.17382063472773393,0.10679141384320741,263.5615647976399,8.1333325461643,1.1019223839812962,0.8715291307007015,190.97254939286654,107.65014609604701,1.536252356043049,0.8980392156862745,0.5052461918292076,0.2811898779525768,115.5462172816757,26.67281802612428,1.367803089187604,1.0627215369111476,169.03924614203092,103.1659861446486,11.232459352017234,6.251316537124307,13.998254999946175,7.500063913590132,0.14361301498946788,0.11158085927463345,14.954403364106197,10.784019151322987,0.7464653581375122,0.8007592208625707
soc_to_soh,stage1_soc,82,-1.3678305740595136,0.9788298465420615,0.17437951098359922,0.10757995906524176,263.2745985664122,8.28452571029812,1.0982096396521657,0.8684721398984245,191.4435613676216,107.39389800321638,0.9305015369957569,0.9431372549019608,0.5057076951290318,0.2594135891682669,108.46213938426101,20.738481157331158,1.31650986557585,1.0397930006186167,163.50108796269225,99.16161450850127,11.242719334457336,5.767193583674647,12.819195918103516,6.422846566851942,0.13822746311460835,0.10917346872821969,14.570773262247558,10.595642073158144,0.7914249463632512,0.8007592208625707
soc_to_soh,stage1_soc,83,-1.3924185262138142,0.980986473401602,0.17272911276811495,0.1062419701307006,260.18829485790064,8.138017140449604,1.0917848121139273,0.8654621669901945,190.3265426672659,107.70799918581184,1.673466757699555,0.907843137254902,0.5325396103389142,0.27884754137884754,75.76101389545153,30.16115086720501,1.2992467575933604,1.0337998229736354,159.47642601466984,98.51595870816226,11.839237233663308,6.199242517015609,13.338945937145255,7.567788398634301,0.13641491640737244,0.10854421272070879,14.412485632924493,10.952722281954996,0.7480812541532277,0.8007592208625707
soc_to_soh,stage1_soc,84,-1.3863219045766526,0.979475367506822,0.17512594188638222,0.10722878986388842,263.0872679517118,8.150611455078792,1.0966912694206603,0.8675708818592567,190.95484326207674,107.73873140176622,1.5293681836595723,0.8823529411764706,0.518230666505658,0.2801481414622828,94.929622684464,28.062372384863544,1.323918295367069,1.0360731336863382,170.52026933407043,98.24353541906254,11.521125721737892,6.228157010200657,13.919598684925628,7.466939722896236,0.13900531406922687,0.10878289985925961,14.502037608772358,11.191742337013762,0.7268837412247732,0.8007592208625707
soc_to_soh,stage1_soc,85,-1.4001810714737575,0.9797834570581849,0.17617525062092854,0.10792689792719123,262.7910110727193,8.185540001158637,1.092380559024698,0.8651628590334421,191.04125319497803,107.26647951308263,1.4128020106577406,0.9254901960784314,0.49390617022552535,0.2588671633206746,85.23121336451065,24.66504681195639,1.3091903569694916,1.0351322747967846,164.74408122629453,101.13264237315009,10.98035189673251,5.755045632396179,12.418472233716942,7.270729102621989,0.13745894847422627,0.10868411401583188,14.47316206789136,10.73682209387698,0.7773183450107738,0.8007592208625707
soc_to_soh,stage1_soc,86,-1.4227000361915163,0.9805316745400663,0.17128347402221636,0.10499284243246429,255.07260685610532,8.060261148331666,1.0938142995876599,0.8665352863129429,190.84854341320462,107.46428950808158,1.3094631784102495,0.9137254901960784,0.4780714670091685,0.24171946229887945,86.82327667451177,21.497639618916704,1.3484895704362194,1.0592469626307195,177.17405356434065,100.78066940452447,10.628320227606919,5.373823848199203,11.975936846222522,6.988473320963806,0.1415851846095925,0.11121604500263652,14.841685829495841,11.274257259238658,0.7703040500933278,0.8007592208625707
soc_to_soh,stage1_soc,87,-1.4024709752354452,0.9804436489539626,0.17267536238450995,0.10584172940082588,258.55422282083197,8.111633510901392,1.0942432043740877,0.867875675888665,191.36092314829622,107.9933028711755,1.280664182176777,0.9215686274509803,0.49538939136736654,0.2608543062199126,96.26239541024705,24.597631482831115,1.3283086291819584,1.0539335662992124,162.53301388181978,102.28637658677219,11.013326358401319,5.799223109046783,13.085945820069314,7.108004531765492,0.13946627886814467,0.11065816289735854,14.704125088599493,10.725854416861043,0.7729518100407704,0.8007592208625707
soc_to_soh,stage1_soc,88,-1.4251721979100493,0.9813679176080514,0.1719537949463844,0.10486209044604444,256.50460439891674,7.958014645781079,1.0930166305247244,0.8671872258266927,190.2535600399324,107.69839064252707,1.296739444545671,0.9098039215686274,0.5211342577620791,0.28987480887741435,111.49586388624742,30.464742107278163,1.2986799258838098,1.0291758602074184,162.59242345428902,98.85492931583197,11.585677362680588,6.444396930734263,14.663925168290778,8.391578293427157,0.1363554016925398,0.10805871795958066,14.303944674951877,11.079216268524359,0.7534636442400037,0.8007592208625707
soc_to_soh,stage1_soc,89,-1.432446547210897,0.9801502303336169,0.1719063218271824,0.10491747914641765,262.6746185053389,7.927657970860307,1.0883474660428338,0.863792040965965,188.89258728220233,107.21455564570286,1.562624945827559,0.9607843137254902,0.5104470568538633,0.27595308290831017,117.51407463151502,27.846887404685855,1.2789997132371023,1.0189870280633662,152.88107665278142,99.76706450796247,11.34808319229453,6.134893913023748,14.390567062420583,7.697783218123449,0.13428907014513394,0.10698893758330003,14.154355505583874,11.302442430627465,0.8076501966693312,0.8076501966693312
soc_to_soh,stage1_soc,90,-1.435822797204256,0.9814706141251723,0.17324162737353357,0.1054058394992232,257.9776377188414,8.013145564722475,1.0856644991593418,0.8627747154978078,189.5132869474941,107.18389376926412,1.544142453810748,0.9019607843137255,0.4961279180085857,0.26885831311491193,96.86951764105731,31.16302495738823,1.2936393679622715,1.0303292196901406,163.18867313190836,98.55341969931072,11.02974502837257,5.977165434105882,13.188053871294587,7.864839681613926,0.1358261663617649,0.10817981538507251,14.346942844773569,11.188315350179463,0.7531224089111498,0.8076501966693312
soc_to_soh,stage1_soc,91,-1.4835401552425354,0.9817346908834834,0.1688814392614907,0.10266895510774897,252.19337005172446,7.780147700165253,1.0821593992787222,0.8610879059129541,189.58182996524855,107.0888195593594,1.5723107660517972,0.8745098039215686,0.47920690909320723,0.24458365976153051,85.15025325169529,23.523752806741243,1.2858094734635788,1.025114656090006,145.86653287688603,99.8167602060995,10.653562985022585,5.437499699884304,11.953262487339234,6.767460009268864,0.13500406355698572,0.10763231026069496,14.245156497642707,11.36125272856228,0.7307477311936065,0.8076501966693312
soc_to_soh,stage1_soc,92,-1.4728941535632105,0.9817933746075526,0.16950980689917672,0.10304003928476126,253.9971659772519,7.773141691031414,1.0847581526189864,0.8615696464687741,188.01703907422112,106.60730179586852,1.7715334134943346,0.9137254901960784,0.5006789935757067,0.27588604113050536,103.06492090433072,29.27337325348628,1.3167499289269529,1.0343618661713074,166.24024432463662,99.21727261746732,11.130922973189076,6.133403463305853,14.050646230473513,8.35703999268168,0.13825266865911462,0.10860322466388253,14.481826303355511,10.5176371152334,0.7635217921233663,0.8076501966693312
soc_to_soh,stage1_soc,93,-1.4855775898259338,0.9824242246412958,0.16934963844443443,0.10308355126801395,249.33615006800628,7.847755683834125,1.0868116603688172,0.8626408784267781,190.07307132948563,106.54896032179136,1.5813942596024158,0.9313725490196079,0.500606779545271,0.2743017914905852,115.52598280283719,27.048901096902885,1.3098908448769766,1.0293894704705213,154.95507784720752,98.67297932449304,11.129317535731788,6.098182970857557,14.227520388264885,7.785201925643273,0.13753249647331534,0.10808114605186925,14.399980371673191,10.854315913275299,0.7811905151560266,0.8076501966693312
soc_to_soh,stage1_soc,94,-1.4843837188892963,0.9820281095038291,0.17040363975089193,0.1031102749005526,260.82563356336397,7.767926781556383,1.084509368378582,0.8618923968909744,188.32993351418204,106.77451035580651,1.8937286208657658,0.9098039215686274,0.5462636392248137,0.3043325692123058,126.73529599316534,32.201722070336146,1.3358408223998037,1.0606247487551004,168.0783288069767,101.6928305601851,12.144345117898261,6.765816879878128,15.305342352157169,8.482146468915175,0.14025712441166543,0.11136070619027173,14.793429377523083,11.108829855621494,0.7459248298011834,0.8076501966693312
soc_to_soh,stage1_soc,95,-1.5097973135476703,0.9821454769519674,0.16621558238408624,0.10090015701137063,244.55865321784978,7.568464397819792,1.0797946266204426,0.8590410132055754,187.19134333850437,106.27260820272645,1.6195554564980899,0.9450980392156862,0.47923566503197823,0.24152044502689557,80.86495190091838,23.36914089746045,1.2832476956062668,1.0160786396823824,159.79054879243324,99.78013148872888,10.654202277151052,5.369399364741318,11.992114376686002,6.562068170697644,0.13473508869888656,0.10668357021905354,14.174381979620437,10.596518254913788,0.8013273397060928,0.8076501966693312
soc_to_soh,stage1_soc,96,-1.4970227767700552,0.9829377072269007,0.1675894619381328,0.10205836164947903,253.24900489772432,7.748062884247881,1.0837809718745226,0.863069133436772,188.44189334721324,106.70678977165866,2.103431176204307,0.9058823529411765,0.5293445389974454,0.3153360385484263,123.82569969387845,37.708757254556104,1.2811267303362228,1.021964114685269,161.4291533511258,100.18458103877211,11.76820550784285,7.0104422210443245,16.162120286760658,9.246794779319698,0.13451239712907892,0.10730151794595312,14.200879087179331,11.019871951234636,0.7470789912419429,0.8076501966693312
soc_to_soh,stage1_soc,97,-1.4891378521370093,0.982438895572313,0.16816128306411457,0.10255490914526316,251.78152857154856,7.807137587060726,1.078523425793337,0.8593460941893858,187.36248170537144,106.78919623081862,1.481526361727247,0.9254901960784314,0.5049017743299282,0.2563067288338846,88.29532954215821,24.194664001099415,1.295495767951052,1.0230424127596267,149.4991065984619,95.51096232133001,11.224802380775603,5.6981229345877145,12.74086284629663,7.093115848582252,0.13602107979742142,0.10741473426980848,14.225673930853786,11.216460739398668,0.774019663779453,0.8076501966693312
soc_to_soh,stage1_soc,98,-1.4757326000897573,0.9803409524368416,0.1695005469506748,0.10328109030354286,257.3142327549609,7.829100509974476,1.075890691928642,0.8580925708220537,186.4849156151124,106.57271631227927,1.6452776291791131,0.888235294117647,0.5016919392309322,0.26431389291058566,94.37370552975361,24.340239678116216,1.3032411847206875,1.025602229219843,152.85034614751365,100.90685955406866,11.153442432181793,5.876135449023213,13.314632539404633,7.795294200689237,0.13683431283032677,0.1076835031902601,14.335582685575604,11.356982670946772,0.7377277123483673,0.8076501966693312
soc_to_soh,stage1_soc,99,-1.5130269767001168,0.9831577711921599,0.16842038209401577,0.10218218379743595,247.59584961731855,7.719111486005976,1.0774307685329254,0.8590357487435218,187.1596444781571,106.41084434197663,1.3844253656910914,0.9333333333333333,0.5377104215167108,0.2748187276461691,82.51193111059905,26.344093331915374,1.2836743504317887,1.0303418586925404,162.6086476944143,99.82764334491642,11.954192927166469,6.109675317458256,13.06460445334022,8.154025387634434,0.13477988548750136,0.10818114242202355,14.319451040115172,11.085611787980762,0.7720202068783202,0.8076501966693312
soc_to_soh,stage1_soc,100,-1.5130258487607842,0.9829670490889352,0.1689228132673922,0.10254166400475315,247.30839109022702,7.741670501572725,1.0727593426274773,0.8557521937311736,185.71413464382923,106.22354317898568,1.5341961136051252,0.9215686274509803,0.5094348387626909,0.26612723319261683,88.07196569931729,27.43891866581219,1.298615129676776,1.035406450678905,159.33181402748315,98.6435885097366,11.325579908255303,5.916449005738105,13.149641361783013,7.473846545505309,0.1363485983896919,0.10871290121874136,14.39843967175154,11.333556520531166,0.7687381758221731,0.8076501966693312
soc_to_soh,stage1_soc,101,-1.5268365394019425,0.9832898095713154,0.16572366273671657,0.10034307783466087,250.56940476773514,7.553995764729546,1.0740382754278985,0.8557474590564798,186.31496703186684,106.08244779261031,1.3648636747809018,0.9431372549019608,0.4956690741094729,0.2648634988230233,105.40378439935982,25.238588071045342,1.2656544769413676,1.0069708473816075,149.78073303087928,96.93009910644925,11.019544168813303,5.888354098408246,13.196783237076923,7.614745795195474,0.13288788189272574,0.10572729403971765,13.98689848419265,11.236647244745193,0.794436532669119,0.8076501966693312
soc_to_soh,stage1_soc,102,-1.5512016533909856,0.9833191514333499,0.16457013738039505,0.09988238496125006,245.03778579117008,7.47557448441637,1.0705186195794338,0.8544874549081092,186.0114383485703,106.2209904058628,2.085355555309969,0.8960784313725491,0.5400295319672312,0.29112976421693376,102.73112600465646,31.22609119374138,1.3005092465488068,1.027831228720207,154.22030282834396,99.6562667986111,12.005750592102052,6.472296665690631,14.149716233623408,7.8662004441016755,0.13654747192411004,0.10791753785591317,14.360037111947257,10.692777170237369,0.7340695717823797,0.8076501966693312
soc_to_soh,stage1_soc,103,-1.540964669809246,0.9831577711921599,0.16518328645839242,0.09997328260604918,241.08892568570064,7.4866916589666745,1.0738254497606958,0.8558092125011612,187.77152395421194,105.87132189015092,1.7386460486580344,0.907843137254902,0.4658494036789562,0.23788738349343047,73.67685703824681,24.306450461128488,1.288563399323968,1.0348484795631878,168.899354653766,98.89434154866349,10.356603524394641,5.288630391797096,11.22863500317129,7.569957133269606,0.13529321306907147,0.10865431682538927,14.343262700846019,11.159440399439086,0.7680883161512151,0.8076501966693312
soc_to_soh,stage1_soc,104,-1.519241219709843,0.9824975792963822,0.1671756984762195,0.10157952446663286,244.71329429914078,7.666550336298215,1.0755035909391526,0.8576252949415754,188.7389641225649,106.43540992858907,2.187645631677964,0.907843137254902,0.5988644120601315,0.32255817474797366,117.6783723642441,26.387145925805942,1.2652240284391152,1.009886004797676,150.89519953406713,94.75651392743957,13.313747386163403,7.171002266044269,15.29550894005835,7.18993520873822,0.13284268678555364,0.10603337212142395,13.987135228239762,11.198639400638887,0.7281838136368625,0.8076501966693312
soc_to_soh,stage1_soc,105,-1.5115442857863755,0.980517003609049,0.17229703409749939,0.10401768396645396,257.4025446446945,7.787561668770319,1.0755760423126883,0.8559779876523017,188.79100502693856,105.7801024436649,1.8252817527920593,0.8960784313725491,0.51895125776747,0.26593286579511327,93.31792234473377,26.036379608140535,1.3482296871072195,1.0651939561681858,159.5456497315222,101.485009388263,11.537145658530328,5.912127896688453,12.652333420515491,7.168303193383912,0.14155789805883226,0.1118404518918955,14.885708484948085,11.415605369121682,0.740393054042308,0.8076501966693312
soc_to_soh,stage1_soc,106,-1.5921517774213043,0.9835392153986092,0.16214011717937013,0.09800978306787655,241.51243592986688,7.355317915641101,1.0747559496092607,0.8556294400956589,188.64604398852742,105.67734153720508,1.7421086213167976,0.9137254901960784,0.5347777718432115,0.2734251137695038,98.24072261140901,24.97550964462746,1.3242369509609968,1.0478512350159386,155.84820140702863,99.88121939857805,11.888995269501741,6.078692973652008,12.840549977966239,7.390538397078666,0.13903877143670101,0.11001954616907311,14.584601254119143,11.245294980015007,0.7532921586431149,0.8076501966693312
soc_to_soh,stage1_soc,107,-1.6025461975647626,0.9841847363633697,0.16273817422660566,0.09764172952272229,242.31783213656033,7.204884522233876,1.070805004328669,0.8541977426254111,185.6892627011456,105.73991192524102,1.8270839719211354,0.8921568627450981,0.5682399615393245,0.2975252983032488,114.79463989436431,28.49657261147169,1.29288099616152,1.024664216937826,162.4255301846303,99.37542233587789,12.632915147908536,6.614479977154873,14.370209426955102,7.273471607806985,0.13574654082088852,0.10758501622749293,14.240802449009113,11.358080233546378,0.7216848742833007,0.8076501966693312
soc_to_soh,stage1_soc,108,-1.5670979713065143,0.9828203397787624,0.1663046476236389,0.09986767167215534,245.8420966506771,7.4005297348965415,1.0695917233174421,0.8530095263539718,186.92042253613434,105.48006996046868,1.7025771164426617,0.9647058823529412,0.5150453555635017,0.27822051772884293,111.9656696465279,27.441485979391842,1.2838423886503165,1.0285796742539342,167.4311540171118,99.6799545751071,11.450310985753894,6.185302743148275,14.324253216147639,7.934187799167269,0.13479752872532338,0.10799612118453968,14.301379139134616,11.187910323310218,0.8101922756838906,0.8101922756838906
soc_to_soh,stage1_soc,109,-1.5973536389761311,0.9849036119832164,0.1618472991555253,0.09720030091518073,238.67635826702147,7.152070714597362,1.0725496129919103,0.8561565260528998,186.04162765951747,105.74028789067825,1.6463582950479845,0.9549019607843138,0.5245292434461191,0.28932877183325734,133.69037742332824,28.459131091837296,1.2956428438403726,1.0291518544559093,162.2016349040977,97.78933876263591,11.661153515323319,6.432257623199883,14.85773368880125,8.00492742393909,0.1360365220873713,0.10805619746640548,14.326555750649941,11.178877729802704,0.797543187750478,0.8101922756838906
soc_to_soh,stage1_soc,110,-1.590836678748644,0.9845221677767672,0.16253184741469268,0.09791126033490542,243.407544690206,7.2685303102548975,1.0708199635793199,0.8551407131377813,185.62719757926808,106.04175802639779,1.653317131248175,0.9294117647058824,0.5022561798674319,0.2658330484530797,104.7210300591545,25.535878291371837,1.3013997042549112,1.0277811275539446,149.87049304933586,98.44710389909828,11.165986435712613,5.909908791913097,13.079118317187909,7.6636851234895245,0.13664096587576519,0.1079122774645613,14.316430874828622,11.329650944602996,0.7787349107456528,0.8101922756838906
soc_to_soh,stage1_soc,111,-1.6075457657507364,0.9835392153986092,0.16375126675387722,0.0976963867058378,245.89117264909447,7.179448144604306,1.0646488478412761,0.8499590600833438,185.55830281751207,105.19225497282267,1.8078716030307844,0.9352941176470588,0.5205319099426896,0.28854730624851643,131.60608837915328,30.144693213793893,1.2854963034459255,1.0210086537890282,147.26242686644952,97.47063827120526,11.572286173382208,6.414884349422552,14.63744899818053,8.469307878601848,0.13497118214971668,0.10720119895917908,14.245253397866827,10.667346672107975,0.7791345446642519,0.8101922756838906
soc_to_soh,stage1_soc,112,-1.614493233969869,0.9844488131216808,0.16158861566616634,0.09720014737579466,243.3777872998671,7.185703822186273,1.0689515228816782,0.8528321927894309,185.64329701222093,105.76606509370876,1.7837652931026384,0.9,0.5414340890792506,0.29214485483791897,104.5467557154153,27.03589088294659,1.2737290093683704,1.024990868875209,171.7281143394758,98.07851000636683,12.036976222148319,6.4948638108234835,14.618192037650607,7.9067156478773315,0.13373567055151642,0.10761931317414453,14.216545797644589,11.072071402118283,0.7375697732762249,0.8101922756838906
soc_to_soh,stage1_soc,113,-1.6127402822420298,0.9834218479504709,0.1632809909951822,0.09826102539835917,239.02019915682132,7.362101240871507,1.0656511942524693,0.8510580608590607,185.6439279833655,105.5270395398,2.124572875920464,0.9274509803921569,0.5302432819192289,0.3004614631462769,137.64302555057077,30.612354020115358,1.2928429426537358,1.031571741088056,155.72008477029522,101.08281970151327,11.788186050992117,6.679755782858093,15.775757648810828,8.652005642667296,0.13574254537810365,0.10831027440037534,14.35662321926683,11.490648507150958,0.7683779958163882,0.8101922756838906
soc_to_soh,stage1_soc,114,-1.637486571941167,0.9849916375693202,0.1612603587986723,0.09677780825806888,240.67356019684988,7.2147285143192335,1.0678272247056373,0.8524669644325396,185.36467447092724,105.63219929289902,1.8827236240985348,0.9176470588235294,0.5343676089062755,0.2831014188116088,101.71053308627442,30.496802066763678,1.277874352752057,1.0177238196536313,157.5240620832685,98.11215282304929,11.879876668329992,6.29381325525109,14.310936627344923,7.960978063985387,0.13417091248524496,0.10685630652718082,14.165085913695643,11.361558649876372,0.7573367761516467,0.8101922756838906
soc_to_soh,stage1_soc,115,-1.608395517052544,0.9837299375018339,0.16300836892915488,0.09779736846248728,242.78152254168518,7.2619107591479075,1.0635298762975869,0.8497757111017094,184.95584816622858,105.34544608282741,1.592008892695109,0.9098039215686274,0.5283752373925208,0.2843634002202866,96.64316308611498,28.304707997460337,1.3107510871127945,1.0380274942747372,160.37843213387723,98.78782914548555,11.746656328347319,6.321869191357517,14.266565544410332,7.853766603521203,0.13762281793996772,0.10898809870600534,14.493440827433984,11.118453924733016,0.7512913503508712,0.8101922756838906
soc_to_soh,stage1_soc,116,-1.6110742360205688,0.9851236759484757,0.16142828952880697,0.09713594023640851,240.32717070569547,7.1428826639282565,1.0656794995604983,0.8517975649289078,185.18768183727173,105.54878526001008,2.0816570819592943,0.9176470588235294,0.5804795076280974,0.3064744499146792,99.16766865224233,26.732103860384616,1.2806144163414317,1.0228370788580208,158.02221735671637,97.96224115470945,12.905020521788831,6.813434434083094,14.415986664895208,7.996915022133886,0.13445860652281774,0.10739317515730004,14.205869988533692,11.475660807125092,0.7435032065351002,0.8101922756838906
soc_to_soh,stage1_soc,117,-1.6326991405108175,0.9855197910859423,0.1604209209439542,0.09615082432926668,231.7495471008917,7.135480640467563,1.064905853239007,0.851203918838779,185.53217698324883,105.39375412265287,2.40530346141142,0.8764705882352941,0.541492334747264,0.2957925607523351,134.78158347124446,28.55661804250989,1.3106369954998294,1.0461356510024737,169.39905751788038,99.56931498363737,12.038271119782326,6.575958352602123,15.077820879575063,7.851644538113331,0.13761083884688594,0.10983941776127154,14.510596710016216,11.85808395762153,0.7140228878111149,0.8101922756838906
soc_to_soh,stage1_soc,118,-1.6379901391932887,0.9854464364308559,0.1602883120792236,0.0957996671633263,236.961441747248,7.129983362557371,1.0668316146203334,0.8520735796100919,186.2419777883134,105.41917908251786,1.6432820899813783,0.9313725490196079,0.48401455157115975,0.24740724596103617,88.99688790112897,23.25202835375749,1.2945488104635468,1.038070383864254,155.91661796438825,100.67751498706676,10.760444837050256,5.500272695951903,12.542064345950058,6.888236017915656,0.13592165362934028,0.10899260191506437,14.415139076914455,12.046249091310392,0.7861681835482599,0.8101922756838906
soc_to_soh,stage1_soc,119,-1.6417740252490811,0.9837739502948857,0.16330801137399528,0.09770292034094227,241.9678372712483,7.161175483462909,1.0651522414881125,0.851834969854542,185.8843704442327,105.69059334594215,1.9969369000079584,0.8588235294117647,0.5505408181825984,0.28044407362593154,90.25664892529191,24.70150693611311,1.2796756765195583,1.0276840049189095,169.0914815438229,97.07704056922299,12.239433887614037,6.234736072156777,13.0596702670436,7.3830451533133905,0.13436004317172168,0.10790208003588801,14.222787102541776,11.958285657279882,0.6936612839569851,0.8101922756838906
soc_to_soh,stage1_soc,120,-1.6849904593606815,0.9854464364308559,0.16003591710429532,0.09570191494275254,235.95945362622845,6.947461802367864,1.0640761371652383,0.8512560921547266,185.38609350829844,105.48505740141336,1.6142560743818095,0.9254901960784314,0.4733436116485075,0.22964769990786033,78.97225407141194,22.69546770018826,1.3145789567266526,1.044416857863247,161.9933164562822,98.78059395812839,10.523212175295674,5.105448583709988,11.447218571283862,6.885754688659336,0.13802472659230103,0.10965895241006794,14.537284050259421,11.651526480313018,0.7834871125838792,0.8101922756838906
soc_to_soh,stage1_soc,121,-1.6817787262493833,0.9861653120507028,0.1584465891236418,0.09458547226327359,236.240137380679,6.954963134282131,1.0628100039901005,0.8498560000964644,185.13966964201538,105.28110180231313,1.7412001955742928,0.9411764705882353,0.5681870538518969,0.2912188193012102,91.43624285190745,26.824135787055358,1.2528280499398423,0.9974489744131764,157.76427062687665,95.63656399692617,12.631738922420741,6.4742765076575814,13.473322597321863,7.513897595208602,0.1315411662230562,0.10472754130034104,13.829850220804557,11.140236136377279,0.7707203544326662,0.8101922756838906
soc_to_soh,stage1_soc,122,-1.6775435937311072,0.9858572224993398,0.15893255761199873,0.09499920919056704,240.7015766784582,6.960704083496448,1.0627149065464552,0.8495678165151381,185.22179667208593,105.11074331270288,1.8699418507370293,0.9137254901960784,0.5280024124304956,0.28534089817355074,126.23123954706222,24.135107256311905,1.279799120054587,1.0173872583856185,158.5489127475635,97.3291919247806,11.738367812176216,6.343600589246867,14.82594923985164,7.575254921816864,0.1343730041734818,0.10682096914652266,14.093031536331313,11.672398528009674,0.7553247664669297,0.8101922756838906
soc_to_soh,stage1_soc,123,-1.689484353996751,0.9851823596725449,0.16024945183140296,0.09505056903480384,233.87832360648744,6.8809056684277525,1.0611423307339003,0.8489694748295259,185.28202478738558,105.37337817117677,2.260823765922995,0.9215686274509803,0.5096438431147796,0.2728907350341187,106.62392256816813,30.04362138395401,1.2728290799202489,1.013422834213969,158.42680431477407,97.07323126857449,11.330226421038965,6.066812849623631,13.530805899926843,7.900898651476707,0.13364118211064052,0.10640472289551747,14.026203909244767,11.528964244839733,0.7686754745165465,0.8101922756838906
soc_to_soh,stage1_soc,124,-1.7045482322016197,0.9860626155335818,0.15676720465772895,0.09416233622813598,239.7102960540098,6.891217756499056,1.058173914027607,0.8466386113922939,185.60561339964468,104.9607954318989,2.012004478304994,0.9294117647058824,0.5323023768753776,0.2936327888100755,133.9776847630335,26.740797614152317,1.2883162203107938,1.0260156583880968,153.6202955499477,96.69839905479634,11.833963140994811,6.527943046512968,15.953026532658173,7.503866035201131,0.13526726041287068,0.1077269113458688,14.259456184132091,11.615591955565638,0.7697210516432691,0.8101922756838906
soc_to_soh,stage1_soc,125,-1.7001785239697356,0.9856665003961151,0.15728447271716733,0.09401997079499883,231.3758506463941,6.875575389058868,1.0632427974594154,0.8498960787759064,185.23932400708276,105.41998582017325,1.7684747803444956,0.9254901960784314,0.5315654640777278,0.2851070200367009,121.79220794061148,26.249476319667984,1.2803754511307703,1.017951376407462,162.6975713927351,97.9991458142536,11.817580349438053,6.33840109104584,14.549954216765897,7.911263557363,0.13443351627799235,0.10688019893666373,14.15721776283903,11.737666098777517,0.766020556855113,0.8101922756838906
soc_to_soh,stage1_soc,126,-1.719131903886788,0.9860332736715473,0.15691239993979125,0.09310333439188477,230.182409861984,6.692141084602914,1.059659888157182,0.8475780729185219,185.67096410060844,105.18441896756809,2.0805854072757795,0.9450980392156862,0.5173503770783959,0.28067308121598233,115.70704966342717,26.11466884027714,1.2533494930602367,1.006586073229418,154.86039987773773,99.01971273283559,11.501555430324249,6.239827290038572,14.399904435671049,7.786717444972531,0.13159591534539503,0.1056868945286164,13.90590823071446,11.59901641720638,0.7898929260921674,0.8101922756838906
soc_to_soh,stage1_soc,127,-1.7176436016227377,0.9872509609459816,0.1559895908367825,0.09276109829915899,231.35430339867733,6.688038820863401,1.0624852917629184,0.8484262807800627,185.94340206019032,105.04001121140227,1.4228748316858328,0.9666666666666667,0.48002952331181037,0.24799310012775308,90.38720926976019,23.50432805416924,1.258552448339116,1.0118858486450477,157.31608199186704,98.34339875557441,10.671851061058149,5.513297204043757,12.205769076040834,7.460671898749505,0.1321422016495874,0.10624334650055758,14.012468625084063,11.456153984112744,0.8226578096731236,0.8226578096731236
soc_to_soh,stage1_soc,128,-1.679040859336777,0.9851090050174585,0.15825763290683623,0.09424233002639965,235.1436623963851,6.847027997434134,1.05782006744934,0.8469217182126004,186.17879020403294,105.04324093397327,1.6117064167471493,0.9254901960784314,0.4935785703743139,0.24548448990738275,85.17896705029166,21.442084098815787,1.2909194168037348,1.0237370475432743,154.77469842280053,97.51338600868104,10.973068809651464,5.4575266454803195,12.644207372373181,6.706214369056853,0.13554058403665584,0.1074876677178938,14.305583593099664,11.494353304664852,0.7774166249661373,0.8226578096731236
soc_to_soh,stage1_soc,129,-1.6840037718502268,0.9849182829142338,0.1622076763203164,0.096309558276824,232.20392275421085,7.017659742573574,1.0541065686337656,0.8438364109707779,186.05589074923455,104.82214878308075,1.850452148213106,0.907843137254902,0.5077778178088099,0.25545805853006304,80.05413545310898,22.9327112412436,1.2863109672041968,1.024774374734318,157.5525280446429,98.50531155554708,11.288741589014295,5.679255588638153,12.007453280611077,6.9704994577797805,0.13505671808647016,0.1075965822879909,14.258224957745172,11.600667426970798,0.755509791912259,0.8226578096731236
soc_to_soh,stage1_soc,130,-1.7236878564319211,0.9863120213608756,0.1556882223419979,0.09243231689830045,231.46948026207696,6.667945238267056,1.0551229837303575,0.8448700765165499,184.51071071444105,104.64145573736002,1.7177733809340234,0.9254901960784314,0.47187022928172195,0.2437543485057997,93.32120175676603,24.126622927941963,1.2606167295729003,1.0139988144311836,166.41218123494508,98.4183438311441,10.490456445885858,5.419062737625485,12.254456093452752,7.210532223804693,0.1323589416570588,0.10646519816145474,13.989600025663709,11.702361622625315,0.7839291272939148,0.8226578096731236
soc_to_soh,stage1_soc,131,-1.7610050401778286,0.987162935359878,0.15588053398426716,0.09230422615362191,234.02577387789339,6.664546225648927,1.0515853486569893,0.8414607011882281,185.0236756949852,104.10079403049161,1.89782362872479,0.9372549019607843,0.500974428897524,0.260925735496715,98.50399143652022,27.999856984467307,1.2956441252636128,1.027198822489556,161.67454925445614,96.39974226636335,11.137490989528693,5.800811100131528,12.934514855624629,7.301091592490802,0.13603665663090062,0.10785113811884589,14.295869430791406,11.400924806769583,0.7869625732915271,0.8226578096731236
soc_to_soh,stage1_soc,132,-1.7364494709274458,0.9864734016020656,0.15592848444273963,0.0924536899960495,224.40331419356693,6.670248917750682,1.0528843516590785,0.8427590684966647,184.08076065983732,104.36091013391326,1.6762058627371694,0.9176470588235294,0.48059531227441277,0.2479857411892975,85.10515250552119,25.30348841782869,1.2276428035706477,0.9904003829512672,157.13996883199493,98.90233396145145,10.684429486441708,5.513133602658109,12.77992023444376,7.171443145080649,0.12889683152830064,0.10398747171044485,13.646449954743161,11.757405217700494,0.7734684651412056,0.8226578096731236
soc_to_soh,stage1_soc,133,-1.7220313820122994,0.9860332736715473,0.1567140076547601,0.09292323627858248,231.36328715839176,6.766753354042198,1.05210920971364,0.8435307452910085,183.7727841077451,104.66211575146579,2.0870391018250407,0.9215686274509803,0.5065873309721335,0.259894413274585,92.39061047314479,24.882210072059696,1.3032787618391468,1.03753973955252,173.25280175716088,99.16651041482419,11.262275095612994,5.777883099631482,13.055820871868317,7.469536496592896,0.13683825825443,0.10893688671007794,14.41658674924802,11.87157723266126,0.7695924281593403,0.8226578096731236
soc_to_soh,stage1_soc,134,-1.7260193553057213,0.9866201109122384,0.15582590974883295,0.0924908578879964,226.79484175529248,6.70549767065765,1.0526512458480344,0.8434789705177725,184.23507044820184,104.80515261602541,2.065807197140712,0.9313725490196079,0.4822674643137291,0.25223985034059365,88.61391062412368,26.116870165286386,1.2589565020104843,1.0072050523907676,162.1059860582463,98.8484358533462,10.72160419476363,5.607709492380266,12.419970187374586,7.178466911233436,0.13218462542127024,0.1057518844853432,13.917305451739653,11.521742102686018,0.7866923097254892,0.8226578096731236
soc_to_soh,stage1_soc,135,-1.7572433043700115,0.9870015551186878,0.154859958361004,0.0918508359032362,227.75181737145638,6.62854608651365,1.0511023907007486,0.841763074389514,183.17389864755035,104.28163771296693,1.7009016368903367,0.903921568627451,0.49807279002193494,0.2595922074335463,104.48332192681107,25.91916684344638,1.2894501381937264,1.0283825090995022,150.76839166120723,97.73465753473764,11.072982753244341,5.771164563440005,12.893343387885874,7.469171941952214,0.13538631656006445,0.10797541975280389,14.250012991045455,12.078591754141488,0.7544997316208705,0.8226578096731236
soc_to_soh,stage1_soc,136,-1.7709238587863807,0.9867668202224114,0.15356931594134104,0.09086127111212416,226.19472840155063,6.499254637182844,1.0543942255198688,0.8438893132256167,184.62215202659897,104.42378874640103,1.8337241556130204,0.9196078431372549,0.5026376345797985,0.25967348481838903,96.11901039228495,25.50260308857778,1.2943222441237963,1.0314549479998794,160.69181909230346,99.25936525736358,11.1744668055216,5.772971494271446,12.839223931434946,7.1622643155686605,0.1358978652087672,0.10829801166485765,14.352671143105761,11.339183347531748,0.7688165527633153,0.8226578096731236
soc_to_soh,stage1_soc,137,-1.7743081240400609,0.9868108330154631,0.15319673969652944,0.09104642121714879,223.1218748862725,6.628460402931179,1.0553046537193458,0.8450881334656952,185.25742057904853,104.39150712144934,2.39272557146409,0.9,0.5439956291142143,0.27263222750385896,85.23955031253698,25.149561360984983,1.271943505376343,1.0213065850420617,165.5158990500145,99.64139010487548,12.093923498123079,6.061065799229604,12.783967798346604,7.163804598736101,0.13354820086849128,0.10723248036645616,14.141239716108577,11.86644204417833,0.7368013112657358,0.8226578096731236
soc_to_soh,stage1_soc,138,-1.7739948758720523,0.9872509609459816,0.1542395321104235,0.09147609786711809,226.45695662683445,6.539662617456182,1.056628413056018,0.846059306424883,184.16756923952678,104.96373433399586,1.8778604970258825,0.9156862745098039,0.49403294284928767,0.2661461580782106,99.81657122010154,28.948350540890193,1.282545155903785,1.0298976624539742,168.81686068921059,98.47293725141405,10.983170262049038,5.916869737277722,13.039463633205253,7.802344791978577,0.1346613252707873,0.10813450386595382,14.299630560727126,11.904819168733383,0.7674763916550176,0.8226578096731236
soc_to_soh,stage1_soc,139,-1.7923653847223815,0.9868401748774978,0.15494497381771527,0.09097956431686545,229.35590625885968,6.408612640086304,1.049907777503424,0.8425745484555528,184.60504040622854,104.65074335386137,1.7618880622527178,0.9647058823529412,0.5110223979833727,0.2509571484929206,73.75052192492349,22.56869004480854,1.261205535433378,1.0075216396547415,163.8180872958448,97.41976932376912,11.360873978163415,5.579192906609313,12.329346898929828,6.9381333210616845,0.13242076355637686,0.10578512468771295,13.984651736209837,11.075274143709567,0.8113991629579294,0.8226578096731236
soc_to_soh,stage1_soc,140,-1.7684393220305852,0.9872509609459816,0.1541507813789544,0.09157214281285432,222.98081011941755,6.530400663357485,1.0548051120096016,0.8454913002586504,185.90812271295653,104.56057572104652,1.8660450804467295,0.9176470588235294,0.48026990004993386,0.24482939388676017,83.3691353559239,26.138248904343044,1.2583255939134121,1.0171791668305648,167.54892179682358,97.69167026856819,10.677195033924857,5.442962776336306,12.262181226713366,7.476080720516134,0.13211838298131814,0.10679912049312268,14.033454285793336,11.8135736158422,0.7735660888085492,0.8226578096731236
soc_to_soh,stage1_soc,141,-1.7820541145047344,0.9864880725330829,0.15485168935625596,0.09190899074754873,227.29058429841695,6.565790680559248,1.0549165219013215,0.8446809860653627,185.60115241779326,104.31567061049452,1.984699632139767,0.907843137254902,0.5322104626648819,0.27605696219183945,98.9266550552789,23.91636060774749,1.2783800777677068,1.0216190334445998,168.17287720888098,96.46169112359618,11.831919735918312,6.137203321483681,13.481181690899987,7.1446261192490566,0.13422401127908978,0.10726528600746682,14.153529172809662,11.541342720898081,0.7481799984554374,0.8226578096731236
soc_to_soh,stage1_soc,142,-1.8109786302382067,0.9859892608784954,0.1542900406376461,0.09107477965697942,225.38538062973743,6.473603082521466,1.0549384035107094,0.8456036631548376,184.87884510851623,104.65262889719224,2.206408039261313,0.888235294117647,0.5417013590547191,0.3153208812479587,148.64498408126428,30.77848451853552,1.2745269582888679,1.0249559027800228,161.33063983763353,99.40152927479524,12.042918076206822,7.0101052491598415,16.4723817080687,8.643563334081419,0.13381945150740554,0.10761564189544089,14.145426376137419,11.981928220356622,0.7257248864012313,0.8226578096731236
soc_to_soh,stage1_soc,143,-1.7784532887363185,0.9877791144626038,0.15546856346588492,0.09117044033447419,231.52640420357406,6.499509424151487,1.0541428532167407,0.8456276576826517,186.65540451071314,104.66671029398773,2.026148189282885,0.9352941176470588,0.5025705689268641,0.2658551696067055,101.4916665824525,26.512273390895185,1.2610897631233664,1.0027050144477363,153.0429068184783,97.08889159731184,11.172975825020043,5.910400581782946,13.323120819050901,8.084421429470414,0.1324086079978579,0.10527940125901157,13.89471574214417,11.866873246478024,0.7845229469689996,0.8226578096731236
soc_to_soh,stage1_soc,144,-1.7153426416952604,0.9858425515683226,0.15557372398036914,0.09225297297476574,225.94745548558933,6.63101997771852,1.0551147489017778,0.8452094014082246,184.8886257172161,104.43612400268651,1.6771428365333407,0.9490196078431372,0.49007189825318986,0.24832652262320706,84.69137918610585,23.585117081736023,1.2422989016800554,1.003806318375556,164.5360268850219,99.33767195195563,10.895109682599413,5.520709738146539,12.18696081407236,7.102875410344625,0.1304356542244269,0.10539503309135949,13.842277912619133,11.52644017186625,0.8019980383671803,0.8226578096731236
soc_to_soh,stage1_soc,145,-1.7389615672612875,0.9872803028080162,0.1542231889550494,0.09162581377811076,230.0153450141046,6.503316962300102,1.0527359253750772,0.8438872007253546,184.79209501094763,104.72133135625518,1.5536403095020968,0.9549019607843138,0.47934446977866974,0.2385157968775899,74.58235076572123,23.11361107916951,1.2843157396985696,1.0277300907079787,159.08466030666133,97.97563487171206,10.656621186811893,5.3026010617555945,12.018410079576727,6.92917867625415,0.13484722840192556,0.10790691883115666,14.223292867139866,11.89198783940448,0.8110986198507129,0.8226578096731236
soc_to_soh,stage1_soc,146,-1.7880182132688487,0.9882339133241396,0.1513503749815482,0.08887680790486208,220.60025865262068,6.254713723606219,1.05455364921465,0.8453133793152728,185.78196724566877,104.48295260088584,2.2599977895325307,0.9,0.507542238869515,0.2739458576264773,92.80026814102362,31.688910406324812,1.2989777582475046,1.0412405709535175,164.9480249828498,98.23684447058501,11.283504279158992,6.090269971758793,13.940155739046448,8.143539447763747,0.13638667271689248,0.10932545693606026,14.433401505437399,12.153553312857365,0.7477373283391455,0.8226578096731236
soc_to_soh,stage1_soc,147,-1.781071352761402,0.9887180540477098,0.151520379242911,0.08941818473033496,224.52703535052316,6.3050918042813064,1.0512580436243861,0.8437452185596854,184.28684458708034,104.53548370945651,2.1049119439779544,0.9333333333333333,0.5485146050474075,0.28600713219858853,94.93322116763008,28.042013491935197,1.2826073798978632,1.0227184266454594,160.3255790345025,97.95000415270985,12.194387814931812,6.358412074669595,14.148237611836034,7.527393889146008,0.13466785850313995,0.10738071722229771,14.216454885240514,11.520491449069034,0.7687789518191112,0.8226578096731236
soc_to_soh,stage1_soc,148,-1.7568895391013042,0.9868841876705495,0.15164207249392891,0.08995474618473599,222.5269697751072,6.411925485741616,1.0513789395023632,0.8442274853176635,183.72521707333192,104.7571328374816,2.4708763318903304,0.907843137254902,0.5637271906290537,0.316910888663694,123.77429718422385,33.37647518928897,1.2542204782970594,1.015592066282589,165.2131613473249,100.83185919602893,12.53258877903267,7.045453746497333,16.86537685526369,8.488657095090264,0.13168736477759782,0.10663248225653148,14.01534773809825,11.898408971341393,0.7387249800661858,0.8226578096731236
soc_to_soh,stage1_soc,149,-1.7610312254718974,0.9874270121181891,0.1534063350656522,0.09048594499376543,225.81767823320996,6.4493499483294325,1.0484626013294023,0.8410257103242434,183.35637058457425,104.3694340343546,2.388154790915695,0.9333333333333333,0.5096411568460317,0.27810679165756,114.27805299179383,27.84701662398773,1.2631077534344382,1.0191199139637106,158.3940241812982,100.54139746284383,11.330166700837195,6.182774424293807,14.253323481719004,8.3263482057975,0.13262048767197435,0.10700288998986271,14.110859133235035,11.735796400593255,0.7804409862795239,0.8226578096731236
soc_to_soh,stage1_soc,150,-1.7892663487630853,0.9878231272556557,0.15409389694293293,0.09046710741932103,222.9314481326219,6.418488424305425,1.0499689494734616,0.8433155928424527,183.72899001252125,104.69805098459432,1.9126112722883037,0.9392156862745098,0.5154377350219255,0.26719433168935425,100.97029709844767,23.859156618069697,1.3015517048469574,1.0458159080432619,169.72268277707647,102.37991522467821,11.459034230755218,5.9401723720554385,13.065472938792697,7.74071941858849,0.13665692523678472,0.10980584622545832,14.483705290788205,11.924300344501784,0.7845843657679321,0.8226578096731236
soc_to_soh,stage1_soc,151,-1.8343087647821046,0.9882045714621049,0.14995304360842027,0.08789216481026473,219.91798479123744,6.106537724233536,1.0527947956267594,0.8454752406862281,184.69588291703144,104.75974553613999,1.8835859205208572,0.9392156862745098,0.4926294457990197,0.263520632925279,102.94079973793625,25.520819887300718,1.2580605553933883,1.0078475016844914,158.80718089142337,97.49715813890667,10.951968198930587,5.85849996619398,13.265349976232784,8.126145095594547,0.13209055515928012,0.10581933869770671,13.933385090217476,11.667263235202778,0.7914268525348039,0.8226578096731236
soc_to_soh,stage1_soc,152,-1.7714414814262092,0.9868695167395323,0.15460812211432523,0.0918418780864822,226.78982666626308,6.625244287726163,1.0507878965411297,0.8446560943720035,184.16298637238592,104.77792498259777,2.031832233129763,0.9509803921568627,0.48531093729648045,0.2598673783699233,95.56459189168397,24.417059908778615,1.2574448766807402,1.0132177992723883,161.0267627027282,100.02793120287019,10.789265638076943,5.777282068940682,13.121384722025855,7.2422337719015575,0.13202591173444275,0.10638319517243264,14.02553019138291,11.449484589333675,0.8053871109679186,0.8226578096731236
soc_to_soh,stage1_soc,153,-1.8521362770254675,0.9895102843226431,0.14662004773661674,0.08622308208196335,214.6911463709604,6.087439311590892,1.048201797439079,0.8431033497765926,184.35707400860775,104.89887209737972,1.9726375635932474,0.9470588235294117,0.4781241080518254,0.2473739044412094,90.74395622726426,26.533462722020275,1.2729193182416816,1.0163506572025225,157.05263739382508,100.8616744264479,10.62949052513999,5.499531458764478,12.418335313006619,7.466508128912225,0.13365065671814141,0.10671213080391118,14.089942588424995,11.796632735241506,0.8036215911138641,0.8226578096731236
soc_to_soh,stage1_soc,154,-1.8061220672033276,0.9875443795663272,0.1558511033088077,0.0908899687540117,228.0874412985812,6.338516152632378,1.0493440638185656,0.8423710321008512,185.15715016648718,104.44586624687923,1.6423618615842333,0.9333333333333333,0.4849354829626695,0.25012446421326373,87.13811697203059,23.91304961248066,1.2650427073739114,1.0162901560173314,154.58970302377716,98.91553385781515,10.780918666617737,5.560680956444092,12.45656915677454,7.410261168120283,0.1328236489101015,0.1067057784585448,14.062709825654249,12.190105720067953,0.7878526884445325,0.8226578096731236
soc_to_soh,stage1_soc,155,-1.812755359792817,0.9868401748774978,0.1561250328946939,0.0917361736079294,227.96718715027365,6.49826099874772,1.0522399676245664,0.8454296724644713,184.9010946360764,104.68348828783763,1.4408921793395397,0.9470588235294117,0.5021726356394864,0.2660181785988457,105.66156406485487,26.38621371941081,1.264790691504562,1.0173566095165762,155.29674038167477,99.8656678221504,11.164129109205915,5.914024541563027,13.544572525209952,7.625019408132553,0.13279718840631366,0.10681775115664974,14.043022121481158,12.083986976596417,0.7964070328375659,0.8226578096731236
soc_to_soh,stage1_soc,156,-1.8080817749863978,0.9867668202224114,0.1537424832852562,0.09064849678028886,227.45017985654172,6.403599610529503,1.0511241846320287,0.8428255029426159,184.79324929941654,104.2129035829352,2.2245494001051958,0.9137254901960784,0.495708159623647,0.2682292039122652,113.19220644692753,27.26299684858845,1.3125587038168391,1.044615237593797,158.60628432935763,99.62722405698948,11.020413104505076,5.963179294950381,13.819740545022427,8.073074005879837,0.13781260935575357,0.10967978136669358,14.528855147177492,11.894597970076134,0.7650130423089843,0.8226578096731236
soc_to_soh,stage1_soc,157,-1.8428470072501848,0.9873976702561544,0.15210711550709402,0.08882971977018349,224.21250698779858,6.125125078122984,1.048318812250033,0.8412953771473017,184.4799662147307,104.27058322421115,1.946443803170148,0.9333333333333333,0.49352601499049437,0.25680143664426663,88.7260452560745,26.956722178839055,1.2457942399249164,1.0045127370193894,159.87941597038093,98.89910414090436,10.971900416456167,5.709121108272356,13.025674112037795,7.9704970840736715,0.1308026486169097,0.10546920379040796,13.84736515936249,11.980306990091183,0.785275528836185,0.8226578096731236
soc_to_soh,stage1_soc,158,-1.8511517419875505,0.9879845074968457,0.15059058226124794,0.08825976110876546,217.2949283142598,6.1383779569636445,1.048804316870067,0.8423789572774586,184.3803486363879,104.39140389458859,2.075312427445954,0.9470588235294117,0.5549995839554093,0.3067975623953138,126.67445752238302,31.799535782218495,1.2593894864388078,1.011617846209921,159.74081276687397,98.88988537624846,12.338559632870902,6.82061775948673,16.279979569925253,8.620003436292583,0.13223008678898213,0.10621520748110563,13.991121260179273,11.798387351575244,0.7805589483427889,0.8226578096731236
soc_to_soh,stage1_soc,159,-1.8764855296275784,0.9889234470819518,0.14914264184518294,0.08730675790046612,215.08562811506465,6.072606975200239,1.0477028178153895,0.8414553922046667,184.08116356056163,104.16619402718408,2.0780695489808623,0.9254901960784314,0.5288368580351409,0.2720833017709939,91.2433461200261,24.553883077481945,1.2846083028366155,1.0271521148217075,164.97170660835562,98.26427565821596,11.756918919512055,6.048862271362604,13.101331430743876,7.40628763969312,0.1348779461818909,0.10784623402917401,14.248771041394887,11.869641531622149,0.7668391386678891,0.8226578096731236
soc_to_soh,stage1_soc,160,-1.8961579094421122,0.9888354214958481,0.14886958188145427,0.08703959083487599,221.22921167032854,6.017702662420952,1.04610386225036,0.8401563025719878,184.53623267054115,104.22110003344471,1.7561486618191589,0.9215686274509803,0.5400034715935669,0.2804644668219136,98.91258250240921,25.201891762838635,1.293055468540541,1.0419461934973357,177.75814716874092,98.89077571145928,12.005171226848802,6.235189446667325,13.842179212036449,7.3646488136715345,0.13576485961588297,0.10939954404827937,14.409373491019844,12.46130688192531,0.7595675859729103,0.8226578096731236
soc_to_soh,stage1_soc,161,-1.8721635440667643,0.9885126610134679,0.15138877485800012,0.08820938924731929,217.30887416209657,6.110262416639822,1.0470555208368293,0.8425657677829054,185.27096700178816,104.57015385914306,1.7658665208255544,0.9431372549019608,0.49633747446850346,0.2600195197753754,91.02145154807002,23.593677962839454,1.2792826054393605,1.0272261887186152,162.34120297767603,99.8392543716934,11.034403815427368,5.7806644242758365,12.744296795298235,7.750785812648613,0.13431877252145147,0.10785401144666269,14.196693277470457,11.811149394217574,0.7942360125614097,0.8226578096731236
soc_to_soh,stage1_soc,162,-1.906989159377254,0.9890261435990728,0.14524140231801333,0.08516084249126327,216.24588123334541,5.902923417040565,1.0460671766966154,0.8411952204297852,183.46842973301983,104.31686347074023,1.9489036059847065,0.9235294117647059,0.4809542264020318,0.23489036394246654,74.03607038051926,20.838459297271424,1.2680953149611944,1.021445104706229,180.9247322616759,98.8978379411572,10.69240874173258,5.22200168518275,11.345817702997513,6.4838734274435375,0.13314415862575787,0.10724702429223294,14.114581020808448,11.947859883986474,0.7792431438440964,0.8226578096731236
soc_to_soh,stage1_soc,163,-1.8728838053664945,0.9877351016695519,0.1515648430213118,0.08814522970477862,218.85179812813465,6.10595239754967,1.047489161367981,0.842617053402583,183.94077126760794,104.2805713876663,2.116929723702225,0.9274509803921569,0.5012725605373467,0.26241124624057727,82.4719289786907,26.743337274929257,1.252597449223826,1.0042721802259194,152.02317159687334,97.01564308889454,11.144118949481712,5.8338364634440305,12.470156421027612,7.793312598910706,0.13151695421158494,0.10544394643672925,13.838400736874462,11.726141418504147,0.7770692122309529,0.8226578096731236
soc_to_soh,stage1_soc,164,-1.8575248590836044,0.9877644435315865,0.15145365879740802,0.08951138233766943,224.97817756471423,6.292675623478596,1.0467138196939527,0.8429805818788355,184.62089181985164,104.57973576343726,1.7485735495885213,0.9254901960784314,0.4903122578556993,0.2472411703537492,84.13094676671895,25.050954303682797,1.2703337806484196,1.0186756401943664,168.63363199153113,99.74239911961271,10.900453274513051,5.496580560239889,12.104268718563068,7.058803399142086,0.13337918719736594,0.10695624329341888,14.057916214150435,11.962685975156855,0.7783965187217217,0.8226578096731236
soc_to_soh,stage1_soc,165,-1.9245054280826812,0.9889674598750037,0.1464577889723274,0.08564797986145169,214.541259022522,5.922907243207224,1.0467155100897265,0.8415304843161876,184.4456359099632,104.51078433185123,1.9740291918025297,0.9549019607843138,0.48266450099966685,0.23830923438072205,76.89093349422278,20.45885464980252,1.2690806468067863,1.0222384886195262,158.15222127005796,99.40146532204069,10.730430977643302,5.298008835456335,11.751423860648046,6.503741472457111,0.13324761392442563,0.10733032594342343,14.10067281540094,12.091447420344172,0.8101026104844138,0.8226578096731236
soc_to_soh,stage1_soc,166,-1.948727902806857,0.9895983099087468,0.14536403081210827,0.08515909094974641,208.95245220560977,5.906250758752975,1.0466031869915857,0.8411625627417049,182.66168759806087,104.2091172764638,1.6096277405233945,0.9666666666666667,0.47632111921363174,0.23567281116494068,79.12174899413506,21.245052577679246,1.2618996009522518,1.013034709278202,159.67048378869703,99.62970672422809,10.589407098159908,5.239396782392134,10.911256751312065,6.899351474978027,0.13249363723428684,0.10636397156759697,13.978583261595501,11.894092754151512,0.8237703309025771,0.8237703309025771
soc_to_soh,stage1_soc,167,-1.906375615915283,0.9887620668407617,0.14761725651722854,0.08596780855869642,212.6499117570529,5.929067407042007,1.0479006893185085,0.8420418901951924,182.65172843374137,104.5220338427599,1.883817097719978,0.9509803921568627,0.48240418975452687,0.24710788997803249,91.42397449814023,23.377538603023652,1.2705697475186941,1.015249629420977,161.9696230862562,97.97765834918313,10.724643827681176,5.493617516822897,12.570602205814591,7.4117018413715625,0.13340396263028145,0.10659652796564822,14.032446574150095,11.841620585434207,0.8062591352305046,0.8237703309025771
soc_to_soh,stage1_soc,168,-1.9530228802528269,0.9893635750124703,0.14618616352701497,0.08507839680848633,211.63108365870556,5.841154069231202,1.0456190599301194,0.8412344812668162,181.84295528460675,104.17898506974471,1.9915065026750751,0.9431372549019608,0.506206887693374,0.25781341324395995,96.98301628729044,23.33967638464554,1.2819768346312768,1.0177329872460927,161.95297753675268,98.65351734480598,11.253817211647666,5.73161902355618,12.589949090201452,7.642784885702525,0.13460165415871517,0.10685726908210116,14.113078357583946,11.733924515241375,0.7912751885939486,0.8237703309025771
soc_to_soh,stage1_soc,169,-1.9132231852247215,0.9886887121856753,0.14926555668227995,0.08664154467161962,213.70419569546024,5.942161470109278,1.0459342316346694,0.8421228321322223,182.7378438217049,104.14951126796495,2.082474998399323,0.9117647058823529,0.5245297009003588,0.27722163534193645,95.70668620019906,29.77946834164382,1.2680999005980096,1.0110941652829448,154.78010740508873,97.84637190122733,11.661163685288448,6.163095933894056,13.000062193434031,8.297622572905835,0.13314464009647095,0.10616022339939823,13.985431569261172,11.86426980818185,0.7544057956122453,0.8237703309025771
soc_to_soh,stage1_soc,170,-1.905666398825785,0.9879258237727766,0.152234361033375,0.08863703518690436,222.2833587098485,6.1192809682348965,1.045990483919754,0.84092034662752,181.60594520408745,104.11532353144077,1.9559003624261595,0.9450980392156862,0.5140894702204549,0.2661057897788637,101.70948569688767,24.325604070657448,1.2668375307667987,1.01775019714134,166.35650953623542,98.67581694189849,11.429060071972456,5.91597228314772,13.091729605556985,7.775003142409452,0.13301209708722855,0.10685907604171666,14.05236582787473,11.806263597154794,0.7908711981495498,0.8237703309025771
soc_to_soh,stage1_soc,171,-1.9621001096165085,0.9898037029429888,0.14902497909654072,0.08620043311478015,211.45199337488128,5.812667742128086,1.044973679158206,0.8413037643941008,183.25405559676904,104.28471120330398,2.246167003407198,0.9176470588235294,0.5263330992893915,0.28788953513710525,106.26711645813786,27.33292159100914,1.261807920602166,1.0136126631816083,166.99377727528423,99.36400245520262,11.701256217261754,6.40026100858131,14.191339440820292,8.193290738554108,0.1324840112204291,0.10642465406148023,13.998448995511287,11.989755680802602,0.7597471290367119,0.8237703309025771
soc_to_soh,stage1_soc,172,-1.951660438524278,0.9898037029429888,0.1467137581771503,0.0854874123168632,214.4640860717693,5.849802090371692,1.0450251776754171,0.8417145264318198,181.48095699789548,104.18322398689708,2.0241626991945156,0.9490196078431372,0.5020208643312878,0.268942777635347,91.58105034382125,29.191056981060736,1.2526707707099674,1.007322479148998,164.54642264029536,98.72156570551414,11.160754981745452,5.979043220238302,13.13968244013978,8.056023006466548,0.13152465262941387,0.10576421375329353,13.901574242440104,11.673746906449937,0.7984133485437509,0.8237703309025771
soc_to_soh,stage1_soc,173,-1.9162326429424765,0.9875150377042927,0.15122576609123883,0.0880583580157925,223.6505096993181,6.066375667186874,1.0455383565759901,0.8418992540386393,182.74057928656728,104.18859542728651,2.092055817678863,0.9,0.5052334138846255,0.2703035744007531,108.53845051445758,26.90275883364801,1.2846147154709893,1.034367081661727,169.30998196631896,98.4014533865136,11.232175277153447,6.009295985327815,14.131656386439115,7.725976557832507,0.13487861947892005,0.10860377226631868,14.273820070787727,12.515463381880625,0.7484299758346123,0.8237703309025771
soc_to_soh,stage1_soc,174,-1.9282892923750217,0.9888354214958481,0.1488633376547266,0.08719684465226249,222.94688908855565,6.047047945889068,1.0459568231532612,0.8430350057523925,182.59446277635197,104.45614620177781,1.8880486114352357,0.9411764705882353,0.5058902076107307,0.2677547380109044,99.07929504734304,25.592775433500115,1.2628910784364913,1.0215534929313934,158.84664892443035,100.36723251228862,11.246776889101136,5.952631132416671,13.26415367346253,7.615155076903081,0.1325977377966641,0.10725840455590414,14.081277563693947,12.392972142952372,0.789409408305016,0.8237703309025771
soc_to_soh,stage1_soc,175,-1.9113037895104865,0.9869868841876706,0.15102697971187184,0.08833451975115379,220.56677020996906,6.230875887044556,1.0422025415330924,0.8413165673219469,183.93975276078274,104.12462002425266,2.1334428843329936,0.9196078431372549,0.5512590788447363,0.28532324038518997,112.36580233239448,26.730566251166955,1.2470242626663637,1.0102496487325898,167.52128047660747,99.32316430364595,12.255402011317074,6.343208027376601,14.268766075652847,7.748620187958283,0.13093179533093688,0.1060715530571803,13.896171679016382,11.757687872901759,0.7542301194838339,0.8237703309025771
soc_to_soh,stage1_soc,176,-1.9115829798667447,0.9891581819782284,0.15004512410298163,0.0873456171088315,217.88041123757282,6.086115821933166,1.039541714835357,0.8387978205424046,182.01086995415847,103.99837029923869,1.951915286101547,0.9215686274509803,0.4945028430340978,0.2589520633421546,100.48323425007727,29.34376305811509,1.2609840247496413,1.0148602150289305,158.30176280682062,98.46120621006801,10.993616921144628,5.7569331004378625,12.974643661285576,8.02315509427524,0.13239750595636463,0.1065556412507664,13.981154709495389,12.075422270549192,0.773217774540751,0.8237703309025771
soc_to_soh,stage1_soc,177,-1.9394373747144051,0.9887620668407617,0.1512932276622401,0.08801849298950583,219.8669262095462,6.127341602270988,1.0394472218824162,0.8369459411647839,182.09600257707964,103.74041262991771,2.217205300985598,0.9058823529411765,0.5209374595683487,0.2750899449575181,98.66007827218094,25.5411184810167,1.2541144274117753,1.0116329111122326,159.4031006410215,98.12590254047579,11.581302213006278,6.115704927328766,13.602860812992857,7.293907099800383,0.1316762299238324,0.10621678922635727,13.987113157415198,11.86030113236414,0.7496011150706718,0.8237703309025771
soc_to_soh,stage1_soc,178,-1.921021166235617,0.9876030632903964,0.15171381874512244,0.08838501522628343,220.77194585899127,6.142819870577761,1.0354202445000955,0.8354956568700265,180.20446910587737,103.80224995496658,2.210276102552227,0.9196078431372549,0.49986337685728593,0.26599447500033707,102.21537669368,28.9092077255238,1.2703680981732521,1.018471076379658,166.4908066619282,98.21081276754839,11.112790463167935,5.913497571323467,13.407527502045498,8.000423611249067,0.13338279037917417,0.10693476503648244,14.095450723895587,11.820678901079825,0.769648830080069,0.8237703309025771
soc_to_soh,stage1_soc,179,-1.9239649519926365,0.9870895807047916,0.15138875036880317,0.08821690080101573,222.9184288729055,6.136400475988433,1.0355755615351165,0.8350007626509459,181.10935372170093,103.54958275649504,1.4819518051895442,0.9607843137254902,0.489888613352074,0.2516960860887433,84.58356803551452,24.033736648603686,1.2421567723136289,1.0050351772676496,161.62980944824307,99.3245410547138,10.891034955793122,5.5956207127817965,12.384057078391123,7.130883426291058,0.13042073129656365,0.10552405760657316,13.83041756094541,11.780961068133438,0.813817729719868,0.8237703309025771
soc_to_soh,stage1_soc,180,-1.9691471461941108,0.9880431912209149,0.14602424344324702,0.08494149046670736,209.83158646438986,5.873881018889415,1.0327373432790843,0.8330253256137721,180.10644248703295,103.24337887847628,2.3756017105252134,0.9019607843137255,0.554946552900468,0.29526416978196185,99.11472290356372,26.31103723299183,1.2497085695761965,1.008916832092127,175.4128200364927,99.51584219052727,12.33738066471903,6.564211346503565,15.122270871210318,7.362577332520842,0.13121363517435114,0.10593161345792212,13.860695291070012,11.695000023298991,0.7354768184435851,0.8237703309025771
soc_to_soh,stage1_soc,181,-1.9542089469597719,0.9893195622194184,0.14731272840337387,0.0862378104636089,217.53102989593705,6.000702388635647,1.0387886485313633,0.8363566927304183,181.778325256564,103.48113200960282,1.767207216281517,0.9549019607843138,0.4721494788211331,0.23385753717419563,76.0534162324007,21.786490950156654,1.2364845729139844,1.0067820002397925,158.71580329799178,98.37657055306475,10.496664625484698,5.199040236130998,11.662963551937471,6.853243093147656,0.129825176524211,0.10570746596093746,13.798075514495508,12.229084538929975,0.8132571171379739,0.8237703309025771
soc_to_soh,stage1_soc,182,-1.938912020928388,0.9874123411871717,0.1522134225586077,0.08809820954036124,216.31346442194467,6.011164304328024,1.0330102889798478,0.8325347157255821,178.44376504549766,103.43405765070577,2.1350030123018753,0.9176470588235294,0.5429767749256164,0.2869336570594825,100.65042987156463,28.494105860288414,1.2387017982067265,0.9976221104663815,154.81700241768615,98.20255599062767,12.07127268265107,6.37901025632228,13.713872415598871,7.663126303963587,0.13005797495237562,0.10474571978728897,13.69426222263335,12.258018727478538,0.7547540263458444,0.8237703309025771
soc_to_soh,stage1_soc,183,-1.9067222597747266,0.9868841876705495,0.1532005140307034,0.08900744077067448,222.61157772224263,6.2623314135181625,1.028825172324439,0.8299327772383627,178.30580916693427,102.96133805052277,1.9079428256726731,0.9411764705882353,0.503379228070502,0.25754248026174076,85.17707081402686,25.84324620943598,1.2447020367956105,1.0068916533854515,162.73346031780522,97.34532801117514,11.190953656634496,5.725595734792973,12.27351534076264,7.404007436115181,0.1306879723264257,0.1057189790354258,13.864791465067244,11.73507707825193,0.7901627021670847,0.8237703309025771
soc_to_soh,stage1_soc,184,-1.969566324770071,0.9887033831166926,0.14722358651081965,0.08589720961223986,211.3616523767443,5.993950161444625,1.027102367369809,0.8290066897680842,178.33806709977867,103.02361541996768,2.5586255484936284,0.8803921568627451,0.5135443319641523,0.2865391868276193,97.86559198995694,32.07648228430738,1.2343422166212552,0.99282152175392,159.9321920798691,98.26345174826953,11.416940745980154,6.370240529965822,13.911660602824163,8.59455293595827,0.12960023899569348,0.10424168011654188,13.607600769626583,12.024654410018034,0.7263288572734994,0.8237703309025771
soc_to_soh,stage1_soc,185,-1.9632521858622758,0.9881899005310877,0.15291063218522433,0.08815750082663898,220.57004877835504,6.076848956818221,1.026724730536417,0.8285910122679062,179.03314212006674,102.798836861402,2.193991365619734,0.8784313725490196,0.48814823456449724,0.25698364570956017,98.39896497003429,28.504875661435157,1.225656852972587,0.9952978381229675,153.97754958336182,97.57646931346387,10.852343453898188,5.7131719174671165,12.569820587217489,8.016369106429794,0.12868831587625823,0.10450168191258832,13.595713095617274,12.274326688763264,0.7319869021796704,0.8237703309025771
soc_to_soh,stage1_soc,186,-1.9647060534661722,0.9888794342889,0.1472508772015515,0.08560086421566108,214.63678746197473,5.924052404962447,1.0263059964202437,0.8281864346910794,178.88447833427958,103.11151274925794,1.9720044023850385,0.9333333333333333,0.5059618157281095,0.2566879043319062,92.96425871104866,22.732308391801638,1.2525857559366096,1.0084306343020324,165.98476732837847,98.53843502627066,11.248368856107994,5.7065970969995305,12.90130169365682,7.366238026908442,0.13151572647036577,0.10588056493268581,13.915350775755403,12.08869028133581,0.7815447886149005,0.8237703309025771
soc_to_soh,stage1_soc,187,-1.9718278101473388,0.9885566738065198,0.14841521934591245,0.0859941445137302,218.14677736132538,5.899496981560244,1.0287780298909968,0.8309603772237877,179.18428203512093,103.37050359379025,1.7607999278049844,0.9411764705882353,0.49696319755487367,0.26042297837854017,93.34844514956185,23.879347160506892,1.2491383267016802,1.0120847191771163,164.35500227336047,98.89978124450093,11.04831467561184,5.789633977007868,12.613681565688204,7.412951763609121,0.13115376230293208,0.1062642269890787,13.896612872235591,12.54512204769735,0.7920875113217731,0.8237703309025771
soc_to_soh,stage1_soc,188,-2.0035124851684154,0.9895689680467122,0.146043087873727,0.08428232865802798,208.77621190515623,5.7807660219009165,1.0275726184206317,0.8298758058196215,179.67905374699933,103.24328901675969,2.52037319950029,0.9156862745098039,0.5506145600720069,0.29344769603225823,98.7433607376072,31.519457263581817,1.261768210591369,1.0173822652493767,176.89809178383877,99.6217292800926,12.241073291905881,6.523828127614407,14.522778661308463,7.6872755032514455,0.132479841852469,0.10682044489024954,14.005052195824788,12.347936950077209,0.7505019064882018,0.8237703309025771
soc_to_soh,stage1_soc,189,-2.0016715496184734,0.989921070391127,0.1446189572503869,0.08397085841870623,213.02025978419584,5.705130292588518,1.0270322369401728,0.8284494222496653,179.25271279725462,103.17490372965712,1.7619897688136381,0.9745098039215686,0.4812143379646564,0.23629504101095247,74.36252345170988,22.472824620011732,1.2301592546193356,0.9991892304015803,161.32634095363895,98.06539909616912,10.698191452421783,5.2532299820598745,11.523890948029964,6.249037748468433,0.1291610472805769,0.10491026015170479,13.703993327892109,11.97268227006325,0.8301455025321717,0.8301455025321717
soc_to_soh,stage1_soc,190,-2.0099749720182984,0.9892902203573839,0.14761593251013963,0.08484700382219454,212.84619390401227,5.73187686371986,1.0273414950809336,0.8295678522101063,179.22984922267713,103.3322456641576,2.159387696958056,0.9137254901960784,0.4887144209406841,0.2556018966414473,88.94034952560345,25.274798178078186,1.24613284653867,1.0112526023541304,169.54520361927658,100.06496923807022,10.864930714443705,5.682453347998882,12.078400151767209,7.43667965537935,0.1308382007494359,0.1061768585610373,13.883858770497588,12.286456491267169,0.7671111639138732,0.8301455025321717
soc_to_soh,stage1_soc,191,-1.984473564980095,0.9893195622194184,0.14668246978398633,0.08539505360659731,214.01259108462068,5.8086742660049,1.0260563553695614,0.8297404348218592,178.25764507915545,103.22266729205512,1.991316294670105,0.9509803921568627,0.4797426733759959,0.2443509112020918,78.13851149090839,23.5753747762088,1.248835663471427,1.0061070041018811,164.6555786713251,96.2758044795484,10.665473912063716,5.432325314059304,11.496278651683209,7.702377973246352,0.1311219840598745,0.10563659448006571,13.81305289626832,12.066621377703527,0.807057590144064,0.8301455025321717
soc_to_soh,stage1_soc,192,-2.024688168690765,0.9894075878055222,0.1483674796628264,0.08525143530894518,215.79252659163757,5.731543652498194,1.0255520973808314,0.8279359864607927,179.10852052554355,103.08832771355137,2.5121912339154413,0.9352941176470588,0.5377167306841595,0.2963311252238996,144.80143639820935,24.92636912495526,1.2482154444982372,1.0024077810511431,157.7657962044701,99.3780733932917,11.954333190404588,6.587931532475853,15.823063514504632,7.9405282570372755,0.13105686392862345,0.10524819312344165,13.812760611367935,11.665387291061293,0.773979098441811,0.8301455025321717
soc_to_soh,stage1_soc,193,-2.0569087059186315,0.9901704762184208,0.14534670343839512,0.08354357707832773,210.54741314696284,5.5253111064474965,1.0233599617185007,0.8266548454618695,179.34251641193393,102.7851971057905,2.2777785642474306,0.8803921568627451,0.5060147404390087,0.25636791878690324,79.3238610117858,26.325124847917316,1.26911904377706,1.0147188308648765,164.60518347446003,97.37437658049808,11.249545460055746,5.699483288552076,11.832518164025617,7.267725691102187,0.13325164542918758,0.10654079656571482,14.021117719872384,12.090612213218128,0.7285877347310424,0.8301455025321717
soc_to_soh,stage1_soc,194,-1.9882373482418265,0.9886740412546581,0.14842528263336496,0.08585606575280447,211.55697002154088,5.893921192186034,1.0251714963772236,0.8281070580878569,177.52807476836531,102.92768358583065,1.6068045288908714,0.9509803921568627,0.47676787553581007,0.23700929063134918,75.82484877663448,23.416798212447492,1.2413903460556146,0.9995792004334576,158.22747306370496,97.22710450053343,10.599339230871204,5.26910893366415,11.248013671401342,6.8114311193782555,0.13034026007482816,0.10495120520620581,13.707784051934324,12.026786916626389,0.8079500294961197,0.8301455025321717
soc_to_soh,stage1_soc,195,-2.0268177095179665,0.9895249552536604,0.14466799656291676,0.08390729365977641,208.39096511000585,5.716433748043161,1.0237017376535344,0.8273011387527781,177.63223977169733,102.92809108519319,2.1753908278895357,0.9235294117647059,0.5196658016444962,0.25931843071080307,89.42031595004865,23.282172620801227,1.243946168746875,1.006125094117049,155.73826175661296,99.48895969075335,11.553031151946659,5.765078053616728,12.079096139733418,6.955527745575665,0.13060860966796176,0.10563849384821306,13.82368060832051,12.1992499972711,0.7676296712713571,0.8301455025321717
soc_to_soh,stage1_soc,196,-2.0450280333610458,0.9898037029429888,0.14488199216825137,0.0828465217775844,203.57083834363257,5.484361724275356,1.0230741385663227,0.8270863075341051,178.45265453753439,102.91556297012283,2.1491549973394357,0.9,0.4917034139761078,0.2624242238956047,90.58155933855896,25.133751551528334,1.2353243778345637,0.9920089303369761,154.65465695804565,97.32261875581219,10.93138097832854,5.834124978201663,12.986323959273498,8.233305813757411,0.1297033613925969,0.1041563617660685,13.682596556746143,11.819136300690491,0.7524889758071677,0.8301455025321717
soc_to_soh,stage1_soc,197,-2.069565365646847,0.9888647633578826,0.14447484902940733,0.08281115592866135,206.7232941086791,5.4959439966369175,1.023834114041928,0.8272378724431917,179.62967238059028,102.7387018801899,2.045620861707949,0.9215686274509803,0.4999937525061603,0.27324937106858865,105.26700233073403,27.020023313853326,1.2360212859557747,0.9959923568382567,158.25318234807622,98.84149484876298,11.11568892969803,6.074785922443375,14.009128035387214,8.374482851863124,0.12977653353063995,0.10457460317403142,13.7007079093395,11.811889934380131,0.7715705016991322,0.8301455025321717
soc_to_soh,stage1_soc,198,-2.0694585440077065,0.9900090959772307,0.14309782227230236,0.08203088966431117,206.13593776941926,5.495118995949969,1.0220121423328765,0.8252366903192268,178.18643730513648,102.63232268630097,2.078396696202895,0.8862745098039215,0.5082965782657326,0.27162358017967025,110.59567485777453,26.842360637249573,1.2440050741473405,1.0013485306709566,153.6607670031996,100.15422085991057,11.300274492854147,6.038641899252343,13.314462802786894,8.151230588542871,0.130614794463293,0.10513697671961143,13.748821254747243,12.192890002480995,0.7337855363242017,0.8301455025321717
soc_to_soh,stage1_soc,199,-2.06507326443533,0.9897890320119714,0.1431591677351052,0.08215225288408985,205.53976521705474,5.457201223142482,1.024144470667569,0.8277548355722787,178.75129022380975,102.97447669277676,2.3494158305373847,0.9333333333333333,0.5303957748606972,0.2815415843225577,98.45354093029248,23.69224836076476,1.2408855570800033,1.0021811469275432,167.41504977719512,97.54647601818505,11.79157622155493,6.259135552029404,13.973037454516735,7.933720706239578,0.13028725956086964,0.10522439758587711,13.767037966664647,12.361014044766199,0.7742146008751242,0.8301455025321717
