bin,left,right,mid,label,count,median,mean,q25,q75,ci_lo,ci_hi
"(-0.001, 10.0]",-0.001,10.0,4.9995,-0.0-10.0,70,16.770557688214495,32.423441632878415,6.261390053583677,45.43575604228216,10.908937444477866,25.195209311213574
"(10.0, 20.0]",10.0,20.0,15.0,10.0-20.0,60,3.1947109181761952,10.002179007586818,1.379358536959319,14.350905730620934,2.0026164859152926,7.962163061346228
"(20.0, 30.0]",20.0,30.0,25.0,20.0-30.0,170,5.1304713482656865,10.367432602903508,2.6284770917751095,11.85978736465712,4.3206509721101956,5.926772700774857
"(30.0, 40.0]",30.0,40.0,35.0,30.0-40.0,160,6.265034703336737,9.153361318757579,1.8830781480187344,12.06329320980756,4.690055396015949,7.450465357170336
"(40.0, 50.0]",40.0,50.0,45.0,40.0-50.0,290,3.7888393750344918,7.2225105773495155,1.5752476101782429,11.397850494351228,3.1997722705194094,4.468761992658386
"(50.0, 60.0]",50.0,60.0,55.0,50.0-60.0,210,3.6473090156116426,6.6202522495068425,1.4603840985638727,10.301491991072414,2.893532816173331,4.457694614720472
"(60.0, 70.0]",60.0,70.0,65.0,60.0-70.0,190,3.6229600346874964,5.196311968166292,1.2479798772121207,7.005727305103891,3.1780386620659975,4.2165998151258215
"(70.0, 80.0]",70.0,80.0,75.0,70.0-80.0,90,6.0048977509474035,15.213416984339387,4.3413369280184115,8.819481901031853,5.294430675056521,6.748504454737509
"(80.0, 90.0]",80.0,90.0,85.0,80.0-90.0,40,6.401160303560226,6.221351981303518,5.706453678021228,7.279783600625435,5.9204046843341445,6.68596606560383
