material_name,n,pearson_r,status
LFP_35Ah,90,-0.2555564273512021,saved
LFP_68Ah,220,0.19663195204511755,saved
LMO_10Ah,260,0.46885572965141803,saved
LMO_24Ah,151,0.581972976683221,saved
LMO_25Ah,150,0.5480349145214103,saved
LMO_26Ah,150,0.4947504910904602,saved
NMC_15Ah,135,0.8996990746187635,saved
NMC_21Ah,100,0.9556060800836774,saved
