channel_mode,input_channels,final_stage,test_cls_acc,test_soc_rmse,test_soc_mae,test_soc_mape,test_soh_rmse,test_soh_mae,test_soh_mape,test_soc_rmse_raw,test_soc_mae_raw,test_soc_mape_raw,test_soh_rmse_raw,test_soh_mae_raw,test_soh_mape_raw,n_test
ch1_only,1,finetune,0.86953125,0.38615821671158385,0.21232065790900378,113.15336417725901,0.5924939570041774,0.3945617518671497,537.8447466638374,8.592719787095083,4.724519228050836,11.163541080786402,0.06311512057982914,0.042030492098256066,5.257450873801641,1280
