stage,epoch,train_loss,train_cls_acc,train_soc_rmse,train_soc_mae,train_soc_mape,train_soc_medape,train_soh_rmse,train_soh_mae,train_soh_mape,train_soh_medape,val_loss,val_cls_acc,val_soc_rmse,val_soc_mae,val_soc_mape,val_soc_medape,val_soh_rmse,val_soh_mae,val_soh_mape,val_soh_medape,val_soc_rmse_raw,val_soc_mae_raw,val_soc_mape_raw,val_soc_medape_raw,val_soh_rmse_raw,val_soh_mae_raw,val_soh_mape_raw,val_soh_medape_raw,val_score,best_score_so_far
stage1_soc,0,2.3956229104279654,0.38784073237287636,0.7473317251842939,0.5747084341448062,905.149177044011,62.671265196782485,1.4111519083991493,1.1332009520487798,417.05181332330267,169.76809689305287,2.162949124504538,0.5764705882352941,0.6920906287330704,0.4818128040389103,140.4452406975047,68.18863653575737,1.8382898609108769,1.5166359334015378,526.9579972830787,185.34974164213858,15.386320532197358,10.711496344099007,36.69989353550972,15.33381867852206,0.1930119557682697,0.1592397770987097,21.71138264535916,16.55818267944884,0.36884339961537294,0.36884339961537294
stage1_soc,1,1.41285530988335,0.647618907895895,0.5888373198845025,0.42851910331620124,701.0413985408134,42.6751862098494,1.5242420825521894,1.2523796482369505,523.625117831832,200.639907016475,1.795055700750912,0.7235294117647059,0.7170642263570892,0.46574045626775307,146.30524434199904,54.89340174863182,1.8068133659181644,1.4644489069633624,520.8965261744264,183.02554656789803,15.941524954757858,10.354181443065503,28.642839751602505,13.319983311266704,0.18970706898819295,0.15376038004999207,21.089098774209276,15.143423187559238,0.5084101438575791,0.5084101438575791
stage1_soc,2,0.9639036319617573,0.7392828848918752,0.49197185885916,0.35399216422280055,638.6416264229695,34.072737513266745,1.5262747736850244,1.254085756078201,547.5760280570314,200.11855502208908,1.685539968808492,0.6607843137254902,0.7100205667085947,0.4623165082569946,169.97809635890266,58.432867673007436,1.7137174548174523,1.3347784555955406,392.05467104128064,163.44123909278474,15.784932738981386,10.278061409948528,25.82775549865025,13.808209219953548,0.1799324277536088,0.14014558079768252,19.34561799249261,12.32275763683578,0.4477781437129118,0.5084101438575791
stage1_soc,3,0.6856260190393152,0.7876089316628033,0.41805096421758714,0.30100694676332096,604.9973505760528,28.588460745779617,1.512000447236859,1.2372579413976155,553.9710275158384,194.96855401734865,1.5136543802186555,0.7392156862745098,0.6882669963911651,0.44648977828796443,185.16789945325155,46.28845761101489,1.7804813157993769,1.415838618313565,505.2485428337075,178.59550076729792,15.301314854664161,9.926206999311866,28.0490673868838,12.51191345372693,0.18694232518968396,0.14865652397034823,20.459856121689338,14.370276403469434,0.5327355873571603,0.5327355873571603
stage1_soc,4,0.5022280833206701,0.8144567354244301,0.37904257488280657,0.2733380825481764,588.8511420627655,26.19656267365817,1.5183687479140184,1.2392943462651835,567.6985446826199,193.61319489292487,1.645818052104875,0.7686274509803922,0.7024776257904749,0.48567007679455715,224.97034101211648,56.4150375654648,1.7498480159047467,1.375445543214971,484.4807915298752,167.85237236262398,15.61724067394928,10.79724990372622,34.457151588103926,14.270119258969169,0.183725970005432,0.1444154374093795,19.89186888573487,13.382927027193503,0.5578841632432497,0.5578841632432497
stage1_soc,5,0.37401964939493015,0.832692702678912,0.3505974433783995,0.25118126095883725,567.2203194426133,23.503988879344725,1.524017534453506,1.2423308486500422,578.960287137038,194.07746308206936,1.1985802884195365,0.8137254901960784,0.56909771839727,0.34951338108592467,123.23843167435844,34.882039132583984,1.8066724901602405,1.3953897978891345,523.5939794212827,182.22650216990783,12.651984503000365,7.770261131153381,19.853901550073104,10.944105268205206,0.18969227768343982,0.14650949215170037,20.326670558578986,13.276834839941875,0.6429961746768974,0.6429961746768974
stage1_soc,6,0.25925039583005793,0.8479504709368857,0.33088167534803,0.23628966165622348,536.0625209612024,22.03876310461898,1.5190604468020534,1.2408484561739346,582.9171058071685,192.90595599945928,1.5988147240059047,0.7568627450980392,0.6324259103364308,0.42184569762070095,186.02243766764448,48.771108421884215,1.8427348776583206,1.4568852126160088,532.1053726066846,188.58955045649256,14.059875058727355,9.3783282842627,25.86185668336401,13.067923913126736,0.19347866202286537,0.1529662270331807,21.116994142526,15.70029421380273,0.5671349719971099,0.6429961746768974
stage1_soc,7,0.17206477832774603,0.8570904609606526,0.3169695008892202,0.22388021519976792,529.1187800051687,20.52602749854612,1.5253367489570357,1.2462872940055976,591.6302030828887,193.53390171916035,1.5479793034347833,0.8137254901960784,0.6386070825340102,0.44426480781688704,217.21327820611825,50.93684886925129,1.781900685267593,1.4397611404020412,586.5405662089003,179.84038388514594,14.197292750498104,9.876742221981562,27.678906833581134,14.039066047608257,0.187091352436607,0.15116827844029812,20.703320798466983,15.212286401593678,0.6221433654358753,0.6429961746768974
stage1_soc,8,0.1281341357776241,0.8649247381238814,0.3119576236003477,0.21975644902717048,516.7523803692294,20.086587694830204,1.5219616902812567,1.2447486823141976,594.5448359895615,192.43336091250913,1.3234280160829133,0.8235294117647058,0.6004402191393824,0.39639536651107027,151.46931535520588,43.101756512598264,1.7901785761458806,1.4021256627113212,519.9971712342387,176.1158645210107,13.348780186510146,8.812525287016276,22.082893860149877,12.859356567306989,0.18796049279473473,0.14721672688696497,20.346894635312644,13.053716105323204,0.6433973460228911,0.6433973460228911
stage1_soc,9,0.05644980670403246,0.8720694815292979,0.30162626236240825,0.21107322405724924,497.9895435043789,19.230255349243656,1.529506160437239,1.2531148726155843,603.8188259694496,194.31958082049516,1.2632255016588698,0.7784313725490196,0.5610844646658435,0.34732007788786406,136.29935658687828,38.703320256771576,1.7802015922600072,1.4030775392318473,537.5704049263762,176.77881923505802,12.473836605458024,7.721500369731961,18.23697564363456,11.517094705978655,0.18691295550835338,0.1473166695308229,20.335386828993393,14.193394279638778,0.6101060331492666,0.6433973460228911
stage1_soc,10,-0.001099773457672866,0.8806373052433908,0.2923722098698357,0.20367372629023395,485.9195589576997,18.474428010797283,1.531770382632191,1.2550603533025804,607.3156945477245,194.6910678202172,0.9837518416199029,0.8490196078431372,0.5303144745541268,0.31543677308980156,94.6575794088891,36.659139333713874,1.7653561677228078,1.4085413089131609,537.4952465385599,181.55355885804835,11.789768781135534,7.012681716679602,15.77508879963452,9.603334701281238,0.18535425441063022,0.1478903401441913,20.333010311217635,15.074007656806426,0.6899252654768993,0.6899252654768993
stage1_soc,11,-0.03724853018441008,0.8845397728939879,0.2868441218341447,0.19840011234798452,467.09896370037546,17.852798324721526,1.5282066284674842,1.252917085975805,606.5800387722718,195.52534904485117,1.1660891163582896,0.8333333333333334,0.5614587663136562,0.3674229293623391,156.23077779252372,43.565186718671775,1.7576101074526125,1.380633947443144,497.7056495454115,169.0123872381339,12.48215795079905,8.168420041168122,20.576729011204193,11.806640982720864,0.18454095381313443,0.14496019592036855,19.981023133200086,13.089172268091017,0.6648957034392365,0.6899252654768993
stage1_soc,12,-0.08121732202187233,0.8900413720254687,0.28350061903794155,0.19567805360850474,465.16105734432733,17.608069267980056,1.5216980965246605,1.2478698910921933,606.7942295189499,194.44958142555242,1.6166174629155328,0.7372549019607844,0.5915076347091756,0.37645527122761396,153.1474557740026,40.60152550776645,1.8067229301552417,1.4465169334236314,547.7283177046638,185.65532252306562,13.150194045449878,8.36922395517272,19.559999510418326,11.594274070110082,0.18969757365024636,0.15187760554457572,20.89530432886327,16.101673548541285,0.5598026115480317,0.6899252654768993
stage1_soc,13,-0.1375959281908305,0.8940758780552214,0.274877272818799,0.18857686646096208,446.92875718022907,16.910652416580913,1.5272472000997943,1.2546751836038743,604.0290811998954,196.66048737457885,1.1457037537705665,0.8333333333333334,0.5730607516461022,0.3491228110430872,150.2774211815796,37.02886055012936,1.839483774982829,1.4651741605982476,575.4970225001584,187.2779391098336,12.740089293492774,7.761578112456288,18.7328935597245,10.404173210270153,0.19313731123856134,0.15383652833621927,21.19952909470679,15.417095612559795,0.6614151078395027,0.6899252654768993
stage1_soc,14,-0.1448942881046594,0.8955429711569496,0.2750463515612,0.1879532029885849,447.796060567207,16.66446745167009,1.5307814314923314,1.2597903291269097,614.1946599241197,198.1919962723661,1.3190536915087232,0.8176470588235294,0.5483246985915076,0.3320213069500146,105.2410997532618,34.882733996391536,1.7990496880528528,1.4320972941815853,581.1136555016717,187.51155754843393,12.190165879999736,7.3813833624704674,16.439613831863223,10.674115319920551,0.18889191862447602,0.15036360993878958,20.747028699140845,16.47953603120834,0.6531496492460771,0.6899252654768993
stage1_soc,15,-0.1360502375452064,0.9020862063906575,0.2698231978402099,0.18451250282462314,446.014140395448,16.344289374687257,1.5503747352995865,1.278275588143668,626.4829528770521,202.77991939041425,1.1124421269285913,0.8549019607843137,0.5898074045422627,0.36384278525251385,150.77841735948712,35.65472792879076,1.785642546764916,1.4082117955036022,558.6364052673634,182.64306277702127,13.112395113864107,8.08882751016381,19.579132255813956,10.171562712717012,0.18748423063344072,0.14785574275616067,20.420045593483213,14.963944823701953,0.6779597394216349,0.6899252654768993
stage1_soc,16,-0.21773353244129165,0.9046536193186819,0.2620134956761272,0.17714193282315918,426.5717964928786,15.494149513483613,1.5548736823748734,1.280990463100853,631.2684055579152,202.99533189879045,0.9675221704969219,0.8705882352941177,0.5210138264949727,0.3051188681165085,117.32290728119395,30.910238738659878,1.8943834210503336,1.5408653010194209,639.4202671027117,198.65535615006286,11.582999976221549,6.7832976063493495,16.42972059864163,8.153619583433084,0.19890152083563997,0.16178374893383624,22.200579217604407,17.87098110715184,0.7142840873456259,0.7142840873456259
stage1_soc,17,-0.26242978094570696,0.9111821836213726,0.2584817977350881,0.17515161998191436,418.53563684601954,15.346789720993534,1.5598621802050086,1.2895330787049608,633.2166147253681,204.3403886348265,1.1174980151887033,0.8176470588235294,0.5322488394859967,0.30812326176639865,103.17051131238513,30.236416411176425,1.8423096938324566,1.49023977656867,627.0801961945826,197.0525605525944,11.832772916190033,6.850090251391704,15.264814773930151,9.244698968740446,0.1934340196824292,0.15646830239093246,21.490428689435426,17.37493377116372,0.6579724069777304,0.7142840873456259
stage1_soc,18,-0.31777074927717885,0.914424459376192,0.2520470718137093,0.16958256523182028,410.1619423453223,14.63308084256542,1.5497728111543276,1.281208299799663,628.9902128023326,204.1355281525602,1.2202080735973284,0.8745098039215686,0.5898903537889817,0.38966909938254485,175.66567042453642,44.90167945230463,1.8776237542749368,1.5147477090797004,624.0359114186056,199.5611870220941,13.114239212953066,8.662989232447634,21.33862835176216,12.442539401734146,0.19714183313288508,0.15904152225488083,21.860199271844927,17.359292266063175,0.6975426977848741,0.7142840873456259
stage1_soc,19,-0.33896740550380094,0.9173439746486312,0.25039378052395594,0.168034018009239,405.77604346255794,14.561081038784812,1.553740977665064,1.284894555146845,630.1055112351611,205.96335372542114,1.6589806963415707,0.8156862745098039,0.660150800568794,0.40111796501841324,168.95479601393896,33.940092341656644,1.8389521611431396,1.4738786135818445,572.9964017101718,194.0232812140541,14.676245271131512,8.917516470774785,20.15522224381028,10.189694017905518,0.1930814942376118,0.1547504557477671,21.3046853526957,16.01890114327514,0.6176410343391657,0.7142840873456259
stage1_soc,20,-0.39823887979252187,0.9228455737801121,0.24429580855306457,0.16357518516226224,395.4129819815286,14.067983383708583,1.5511234082221697,1.2844146546054829,634.83387413955,205.29116517618792,1.274229110689724,0.8254901960784313,0.5268895133864803,0.2816614073317717,88.07238341517777,27.72427091655568,1.8104261204197227,1.4497823053057872,583.4883710612204,189.919749800379,11.713626223863507,6.2617994159084365,13.344824730700033,8.088699414676345,0.19008639154601353,0.15222045452975877,20.913536471800256,16.468756051216065,0.6674233420624872,0.7142840873456259
stage1_soc,21,-0.4192824006642028,0.9237845133652182,0.245114687206036,0.16260139073195778,388.827144085587,13.900504726400959,1.5528465456923353,1.2852156955157117,630.3729193065939,207.55819650408293,0.8900964199327955,0.8764705882352941,0.5098604687288029,0.2858719461250539,118.79603626038322,29.098588349354117,1.7950939291895653,1.4542566837268134,557.6345150017653,189.5771359611653,11.335042367093525,6.355406664434955,14.406019044515608,8.31384435454306,0.18847658219087768,0.1526902436246416,20.92554318451489,15.14224536876399,0.7235124476166532,0.7235124476166532
stage1_soc,22,-0.4554355092103351,0.9291834159795781,0.24176148989628815,0.1603783765231058,388.0852604816817,13.55968782888224,1.5500626094467431,1.2837536011386168,632.7193529129293,205.90807920983514,1.3938551556830312,0.803921568627451,0.5745131751942976,0.3372050221790286,129.42790301190433,33.298705642828274,1.7982368517441167,1.4570444048911917,595.8191573137448,193.09934847646252,12.772379073664997,7.4966259343966986,16.967433861171834,9.285076689972904,0.18880657456149408,0.1529829414877559,20.97531246246409,16.20722461651883,0.6315676160691618,0.7235124476166532
stage1_soc,23,-0.4770781211508002,0.9305918253572372,0.2387358575558727,0.15783021495433736,373.63151859345743,13.315721526492233,1.5475638020391542,1.282450688003929,632.7975564307609,207.30917083296748,0.942964191530265,0.8647058823529412,0.5148549151583495,0.2931070571874871,129.17129961130865,29.11921840624647,1.8361687166786997,1.4803273617198653,594.2975252319347,197.40480291773846,11.446077180245911,6.5162551621186005,15.696469989925468,8.046769992045109,0.1927892454082636,0.15542754455560057,21.35852563170081,16.646766492184526,0.7102494078054364,0.7235124476166532
stage1_soc,24,-0.4653325099252639,0.9300490009095977,0.23993070627428842,0.15843569814245462,382.4116197811789,13.325389506091748,1.556958688004575,1.291729712159013,637.3415634190336,209.44707385406323,1.2456047483519013,0.8862745098039215,0.5555002747796265,0.33431445421632744,140.14857280266736,34.913787390558014,1.850701781234508,1.4977501889800324,604.0223072763224,199.5812930573455,12.349690818858841,7.432363822835334,17.02836416421213,9.211088832861838,0.19431515014878864,0.15725686105024264,21.61012289738971,16.69780176507569,0.7196244273700336,0.7235124476166532
stage1_soc,25,-0.5072254266711539,0.9360200698336316,0.23344659622231526,0.15454280406465729,377.1932622120773,12.978556104996807,1.5543820319907993,1.289803753748425,636.2840037481683,209.00754144128825,1.0224984552346024,0.9019607843137255,0.4875727197953569,0.27182952208974054,93.76853222789138,24.947312999883234,1.834511472523927,1.479621794659133,579.6892527309994,194.40360808191124,10.839548807732818,6.043220328879622,13.441573416265982,7.368895004152849,0.19261524241651576,0.15535346326884952,21.343946884496418,16.830746515364996,0.7556889683751185,0.7556889683751185
stage1_soc,26,-0.5041686451442784,0.9358146767993897,0.23413401210428725,0.15370947744509925,364.79731207220766,12.876678489818929,1.5553801410799781,1.290831143711701,637.1444821966514,210.26337155030825,0.7405046334453658,0.8784313725490196,0.49683227958331166,0.27308020555396,82.7161918899787,28.073330027207298,1.8275496459794462,1.477274664535242,584.1953367764402,193.1985160068102,11.045404152350505,6.071025092975368,13.746597829761031,8.466465896988334,0.19188428274272204,0.1551070254326367,21.30281849851335,16.16271088176992,0.7293816886740261,0.7556889683751185
stage1_soc,27,-0.5390975711589191,0.9398051700360905,0.23281731667731972,0.15155985943355255,363.45789122150796,12.578733322145494,1.5568623594718511,1.2915901674884984,636.5475738442389,210.48173556381033,1.0899806630377675,0.8803921568627451,0.5300298083215419,0.31352193252019145,137.7259792890718,30.194661681466005,1.8349334710043868,1.481449649760536,606.2634925495422,191.55656814648574,11.783440179479328,6.970111640523521,16.73510586799369,9.19224922447128,0.19265955031037774,0.15554537962300274,21.37012417727762,16.817068682373883,0.7213832143662825,0.7556889683751185
stage1_soc,28,-0.5559213360144826,0.9415656817581644,0.23030604375173566,0.15075969804663242,366.87253077857576,12.486082654098201,1.5575711045359268,1.2921175590574285,636.4936887522077,211.33937058796005,0.7602915501477672,0.8941176470588236,0.5251840974225916,0.30189400000461175,124.40235219735672,32.33277698245269,1.8086862671653408,1.4482567199743261,592.9729358302714,190.76682933376281,11.67571200342514,6.711603448989443,15.675640299080785,8.532099207856774,0.18990371497986433,0.15206027510714543,20.9493064493906,15.53709773550423,0.7365624178320461,0.7556889683751185
stage1_soc,29,-0.596028643475218,0.9456588715119861,0.2229463581088703,0.14523297696298756,350.7691841745834,12.101217332223422,1.557546182779189,1.2944423161006786,640.1102402413482,211.16493445275364,0.749663593488581,0.8941176470588236,0.5170689867459733,0.29499590092649064,125.53577617415121,31.01599674803469,1.8125927430251922,1.4566765002614144,590.058701269249,192.270722209157,11.495299657352373,6.558247285688809,15.181656733608936,8.382131588194811,0.19031387692543364,0.15294431319869253,21.016200505959958,15.975598330996505,0.7389969510350316,0.7556889683751185
stage1_soc,30,-0.6225471395407515,0.946539127373023,0.22335136887583687,0.14487903836025548,347.0406814526229,12.040246231405193,1.559345305592654,1.2967445733776364,641.571299528077,213.26919725741766,0.7347616829124152,0.9411764705882353,0.5126188671299696,0.28374634671444987,116.02176194006155,26.018734031795432,1.846201562983221,1.4841103628716048,605.2460627797907,195.2601657773735,11.396366130476286,6.308151070302041,14.96334127210496,7.68156286300207,0.1938426479909219,0.15582474222637976,21.444840700333565,16.641991604060717,0.7873908104492444,0.7873908104492444
stage1_soc,31,-0.6315057474449449,0.9472433320618526,0.22016814915843871,0.14320423078814262,348.65514023673836,11.805043427071258,1.5657309587350203,1.3031185862852637,644.556565648175,214.57427925270505,0.8530933567121917,0.9235294117647059,0.5137324873480038,0.30228601245976544,135.86855150022964,26.981057236834893,1.849223559113631,1.4960423112353858,609.6790558864412,193.71639269987293,11.42112375168144,6.720318534900445,16.32420575134814,8.362426345532935,0.19415994364481057,0.15707754176511968,21.568289638907558,16.588311611365768,0.7694096655603048,0.7873908104492444
stage1_soc,32,-0.6340947913691903,0.9485930577154427,0.22145837257144144,0.1433722352156979,348.89581927942265,11.77278059016179,1.559928827554314,1.298047734596562,643.8406265622782,212.53157072509032,1.0253100437276503,0.884313725490196,0.5593108919982833,0.32827489551923733,133.01083157633343,36.01203973624551,1.842462048541983,1.4825332953357229,619.3611463722302,188.24933684259344,12.434407148653818,7.298094433641958,16.543501206984313,9.768982067898659,0.19345001622415067,0.15565915740977834,21.395321409229986,16.387440669007038,0.7165204578907111,0.7873908104492444
stage1_soc,33,-0.6568716268791132,0.9491212112320648,0.22173094620001133,0.1432750379552211,346.2945977937529,11.79350293281855,1.5601671248942457,1.2995882737695559,642.7156477617594,213.7638260735608,1.1883816363764743,0.884313725490196,0.5081524501096252,0.2968971288598636,117.88670455566155,28.998231690967323,1.818818906761466,1.484626127735657,626.8602054044024,192.86657576517237,11.297070285319009,6.6005147304036615,15.056100495457226,8.844937684860476,0.19096759539781652,0.1558788951579952,21.34308914215492,17.731988556943335,0.7318679904573084,0.7873908104492444
stage1_soc,34,-0.7146359298022217,0.95297966608961,0.21459942508098645,0.138207061846786,338.9104530677493,11.303416369865275,1.5676138906930333,1.3074284607699156,646.155181309185,215.66014295324072,1.325745790612464,0.8529411764705882,0.5862261358997521,0.3235370875117095,107.04655682922237,30.95549055060983,1.816367738143334,1.4650193752246161,602.2013352223336,186.9334927385262,13.032777582636378,7.1927651175128275,15.70947337359485,8.29072899947169,0.19071023399961515,0.1538202765859789,21.13600120940494,16.71352282331206,0.6770733357006625,0.7873908104492444
stage1_soc,35,-0.7212124593132472,0.9553856987764443,0.21222745854338507,0.13651768336068015,333.3304235213099,11.165764663800473,1.572400162874983,1.3109237046719167,649.4124642632312,215.51398882615075,0.7532420696581111,0.8862745098039215,0.4982282850008046,0.2729411120763889,111.55497239206305,26.193946586548577,1.8542651580489897,1.5128112467334551,605.9963487046367,196.9932874150861,11.076439664068891,6.067932814679727,13.647639646332967,7.6905091331889786,0.19468928827723467,0.15883820264100054,21.7570568155847,17.709954848848223,0.7368060243036801,0.7873908104492444
stage1_soc,36,-0.7069062493936734,0.9517032950911065,0.2154644647909875,0.1389447628465048,332.3805432883492,11.372588131720686,1.571760186191626,1.311115006110947,646.9075014222533,216.0055093173969,1.1241130094902188,0.903921568627451,0.5153348382516558,0.29867652529010585,133.35148382283427,31.900378719138068,1.8306926456130752,1.4908133284572294,624.3602072782244,195.63810574303574,11.456746665191737,6.640073659094367,16.166998516748915,8.735409392432608,0.19221428320628609,0.15652852269356232,21.461631535518023,17.421706540231902,0.7493211171519543,0.7873908104492444
stage1_soc,37,-0.7279174083912199,0.9523634869868842,0.2138421642452928,0.13744517483337898,340.58776384534235,11.122127419210921,1.5670294350871752,1.3064462691313483,642.8257713446708,215.42936508342984,1.230849820024827,0.8745098039215686,0.5332311817602552,0.29161187935730115,106.34776608846738,28.84433153104379,1.816423985864613,1.462184281610683,569.0105669559729,193.83164406636945,11.854612011355558,6.483014883471873,14.720059743606392,7.809662114806312,0.19071613975089105,0.15352260483418007,21.119922775663795,16.262390165144286,0.714540449393492,0.7873908104492444
stage1_soc,38,-0.755735649304513,0.9557818139139109,0.21319533757031078,0.13674779083970798,336.48976405022415,11.045119928568656,1.5640094100266475,1.3038139375766191,643.3633911525012,214.428213531859,1.1920979200624953,0.8568627450980392,0.5295253626720671,0.299126920493904,123.50559352007213,31.478433050877275,1.804521617616109,1.4547119186351112,601.9157391124047,186.5145338082371,11.772225517509261,6.650086690168763,15.822064604199257,7.962282631580769,0.18946644598780865,0.15273804119011422,20.986774186100934,16.666283425941174,0.698005136296419,0.7873908104492444
stage1_soc,39,-0.7816074204862525,0.9575276547049676,0.2087134841667892,0.13340895414751566,323.4452515586557,10.908430841511013,1.5735533095219105,1.3132186942392623,649.6312134093686,216.98685049328503,1.113344311947916,0.8901960784313725,0.5547347729933118,0.3340065009709375,160.4533921964413,36.24078012981375,1.8586262849561137,1.5168791765237555,600.997307979261,198.07112697851508,12.332672446750886,7.425517512329475,18.416190109331833,9.13091591721844,0.1951471864855621,0.15926531650451548,21.83378847160988,17.501155204470482,0.723775646533379,0.7873908104492444
stage1_soc,40,-0.7923160743756752,0.9573369326017429,0.20850137761615978,0.1337826079494622,320.0800388697247,10.915929584797588,1.573115473941109,1.3123387901747046,646.6419738327396,217.47192111566835,0.8553154167006998,0.9254901960784314,0.5103020005262054,0.2737328924001286,110.80284163604071,25.20218943152348,1.8325022642906685,1.4698734789940657,624.3886272722183,193.2955705889939,11.344858349969108,6.085535402182534,14.671246331148355,6.865447614597805,0.1924042848200599,0.15432993509085655,21.218000169413642,16.608264755421665,0.7723995959205698,0.7873908104492444
stage1_soc,41,-0.7789576983550481,0.9585986326692292,0.21163810193587226,0.13551943394787197,328.50570355059085,11.085284422454645,1.5755988728317196,1.3151219986235108,650.9253268815164,217.36583221267233,1.3375263551870982,0.8705882352941177,0.5692096745257582,0.3149601728299304,127.29432994308532,28.519946112049,1.821432004235312,1.465409680485141,598.6063627773414,200.14054242691745,12.654473473096113,7.002086103822467,15.98809048946754,8.509560037876227,0.19124195857892567,0.15386125683794155,21.166598911182952,16.53943955389051,0.6998253329363902,0.7873908104492444
stage1_soc,42,-0.844185539866441,0.9584079105660045,0.2076505597797944,0.13214864605036047,319.9904555805014,10.62284068889634,1.5712323371023473,1.3112256454997564,647.7442822016668,216.96345865083998,1.091548911262961,0.9450980392156862,0.5396033893676365,0.31525747775574964,144.18323082280966,28.89396024453893,1.8767927346669213,1.526224490306249,621.449513392205,201.06650777611947,11.996276736572767,7.008695684554444,17.4712816330381,8.145430193406094,0.19705457990735442,0.16024653134379732,21.979818096808213,17.76460285962257,0.7832170224053953,0.7873908104492444
stage1_soc,43,-0.8205969577726737,0.9579677826354861,0.20858657550071197,0.1331446193771661,324.31768440525775,10.750320259804184,1.5748767986062,1.3135095492865811,649.5793383966085,217.67858808262167,1.2790022660704221,0.8509803921568627,0.49912129139197275,0.2691497668605663,98.94218901409567,27.202088257592383,1.852843320909894,1.5020509914001998,652.9966614838489,200.55142017680038,11.096292674644928,5.9836449334153246,13.507101351260143,7.380247401543907,0.19454000193625204,0.15770842546570327,21.647926253551873,17.962547625211716,0.701244004739271,0.7873908104492444
stage1_soc,44,-0.8486922130013592,0.9618409084240486,0.20639248199537993,0.13097560762458887,315.5912662888377,10.552742054949931,1.5692010944375543,1.3092224804353538,648.7832702729585,215.87896304387507,1.0598813325751062,0.9294117647058824,0.5341705872742463,0.29382473961541467,119.5200448612901,24.09361251305006,1.8749753180184736,1.5285760617577562,629.7955909640282,200.66219815167608,11.875496551252365,6.532210430717791,15.226381538407473,7.183779163414447,0.1968637595426112,0.160493435498923,22.020745642775267,17.46101254399492,0.7691605885236085,0.7873908104492444
stage1_soc,45,-0.862013471493478,0.960872626976908,0.2054341484110929,0.13045698145634493,311.7808320061374,10.541600947877738,1.5779940567744055,1.3176767149852169,653.5078368411703,217.42130478960186,1.1029109945484237,0.9019607843137255,0.5342447530053201,0.28158007090746917,101.78508209711887,25.80434884798091,1.842333405928883,1.4683217633004282,604.2061538204497,192.6818138014237,11.877145378246157,6.259991172532056,13.973277071839144,8.00129946955006,0.1934365093431753,0.15416701210074826,21.27624405750755,17.141016123378638,0.7416873584121295,0.7873908104492444
stage1_soc,46,-0.9018157198410849,0.9643496376280039,0.20213255710310457,0.12806072136169497,313.8279819903978,10.231830645989291,1.5721320880618177,1.3127587240900958,650.7573623360091,216.12187541438732,1.3210562275905235,0.9235294117647059,0.5943771132735017,0.34378747956681194,140.52992192056848,34.77857654770289,1.8263929857696226,1.4805945339156132,612.9121550636357,190.4754833472537,13.213987304768835,7.64296486033096,18.82858842934699,8.809646360077334,0.19176283875611005,0.15545559640374743,21.322724045650105,16.716523968339235,0.7452162777826554,0.7873908104492444
stage1_soc,47,-0.8869341458989849,0.9624277456647399,0.20371083324414205,0.1287789130169781,309.13837714083024,10.399020483726282,1.5828967570143584,1.3236110299117743,655.0766980279858,220.29741559103525,1.2952502958914813,0.8764705882352941,0.588723141070014,0.31040857863959437,110.40268021609454,29.963486994339494,1.825988428949858,1.4710743765182355,586.8876049376719,190.77523066251828,13.088290141722076,6.9008966291532365,14.622045529678612,7.499602610733564,0.19172036215616653,0.15445602379141787,21.246525819117654,16.867849366870054,0.6998536459142899,0.7873908104492444
stage1_soc,48,-0.8948677698546132,0.9631759631466212,0.20256014016484816,0.12841709478098567,310.61824840763234,10.390258651126558,1.5743944280977697,1.3153655452762307,654.1515492583516,217.88782700017794,0.8599312763588102,0.9411764705882353,0.5472828338782876,0.3108154649444509,132.00530581575967,28.712453600231925,1.8329846606784526,1.4910937708820782,619.8235863965319,196.1742438805846,12.167003502468155,6.909942385368926,16.17203180364697,7.944864323385017,0.19245493421558865,0.15655796785455217,21.45367673236937,17.587041186138723,0.776991620424749,0.7873908104492444
stage1_soc,49,-0.8858986939802154,0.9640268771456236,0.20592206283211326,0.13035776278843308,315.56007652038573,10.525326964328336,1.574073618351966,1.3149180974396524,651.223713941159,218.38982432942086,0.7893796027875414,0.9019607843137255,0.5007703894962046,0.26721809597905066,89.59317197956143,28.818782425243146,1.848871566611439,1.497074382021731,598.9330264396685,193.92282674858953,11.13295485582082,5.940700691560585,12.847257316162791,7.958044596615083,0.1941229860557445,0.1571859044369701,21.572977293046762,17.102715520137124,0.7517296674648641,0.7873908104492444
stage1_soc,50,-0.9374451251738067,0.9652592353510754,0.19923157123724575,0.12549397667444087,304.6698858284863,10.048314509691672,1.5791065617735536,1.3202724893740292,652.5805515238366,219.2689086389535,1.0546945485414243,0.9098039215686274,0.489899909051675,0.2657858231196217,96.02017049110589,26.62493314867731,1.848036211730392,1.505377530905546,635.4220066948594,196.7454635553608,10.891286077896908,5.908858894562,14.657846448690034,7.996522650703483,0.1940352776465431,0.1580576967691685,21.655445093232853,17.910493398902062,0.7628339488531249,0.7873908104492444
stage1_soc,51,-0.9101840883579995,0.9637921422493472,0.20042140615669587,0.1274176567542986,310.45117875996624,10.234697685547104,1.5644284939211748,1.3069130688699016,648.3811338868521,216.12547553765805,1.1021004265429928,0.9156862745098039,0.4988082941024152,0.2689612514686351,98.29640962929376,29.023660513220296,1.8301825255610837,1.4854343307807165,627.9239883405186,191.1285286136994,11.089334226686084,5.97945392413838,14.917579885424376,7.758914479577425,0.19216072295389874,0.15596375274966331,21.411431808003677,17.333180406898414,0.7660437862790793,0.7873908104492444
stage1_soc,52,-0.9254223264644293,0.965758047005663,0.199233191101184,0.12598705487160358,306.1996896757593,10.08186864693438,1.5732688897310503,1.3155032170485765,649.5228281959161,219.15810559447144,0.9463776032129924,0.888235294117647,0.4978610993733438,0.2702015476356096,98.81585921453714,25.876370840087514,1.8563245757148337,1.5042125254139012,631.3148843414224,198.10234624374914,11.06827651964188,6.007027761418708,13.46171383738009,7.451241605521076,0.19490551763250688,0.15793537656646026,21.701672093402742,17.125443475551588,0.7388769643056439,0.7873908104492444
stage1_soc,53,-0.9570590417984838,0.9645697015932632,0.1973001658676806,0.12445735239307294,306.91118558629074,9.924589705056853,1.5740490095154658,1.3162015158325724,647.8307169164037,219.12296378169628,1.527840825623157,0.8745098039215686,0.5103931828005634,0.2689705827711698,90.19586149232704,25.878378308477885,1.813613453051713,1.4733273208871775,621.5958621649104,194.99253637190228,11.34688548289344,5.979661374443039,13.020782719873333,7.765169456289642,0.19042104676990712,0.15469257255781926,21.2218027476326,17.461107327621257,0.7213918490813996,0.7873908104492444
stage1_soc,54,-0.9607986153433054,0.9654206155922654,0.20196608858136852,0.12651182018511153,312.33294061345015,9.988993741544201,1.5725928422578748,1.3137717149869144,649.9171394510671,217.4457468039871,1.5338085969289144,0.8823529411764706,0.48853680341620875,0.2666303578179841,87.47273852866337,28.419077821600435,1.8620041301835693,1.5185993599979317,630.3947539800259,199.91149183504075,10.86098198280329,5.927634299155116,13.809636171451501,7.981836366175498,0.19550184465318682,0.1594459278344754,21.860446874596168,18.296805506534756,0.735791900151608,0.7873908104492444
stage1_soc,55,-0.9917602911335751,0.9665502772805963,0.19313366678482105,0.12210449179972956,297.02800776075884,9.791863901463891,1.5815806266671435,1.3225435692983147,654.9158505091766,219.77906187921099,1.4245384613672891,0.8725490196078431,0.5771147482147978,0.31204891377950417,110.49590449157756,27.90975318079274,1.8068037082067685,1.473060603395981,617.7163466612202,187.6461619479785,12.830216349188595,6.9373639951239054,15.231968973526048,7.649058443251293,0.18970605497304524,0.1546645684515528,21.193517075918876,17.009085633497893,0.6994145951434039,0.7873908104492444
stage1_soc,56,-1.0062762890366865,0.9707755054135735,0.19032333983384084,0.12057260818242833,291.1862426017449,9.790989626699211,1.5824990131314127,1.3224880257075897,654.5341267127518,220.58245459180813,1.0890853883004656,0.9137254901960784,0.47422885541283716,0.24655822117758147,92.69074319389797,23.423881838843055,1.8809298322311427,1.5402776339036577,656.3738703964392,202.59457379632914,10.542892609824948,5.4813974693332055,12.788731735113453,6.857305418352075,0.19748895606807526,0.16172204659746045,22.154418021483043,18.897444664985052,0.7714568335722273,0.7873908104492444
stage1_soc,57,-1.0019963662643456,0.9696605146562601,0.19340668011011625,0.12196998826586691,295.65940968632566,9.727379659903306,1.5785818322497158,1.3188419256143922,650.5697980633116,219.70591059041192,0.8714744247642218,0.9392156862745098,0.48125111428387884,0.25459389779899344,89.65608718799339,26.405396213706616,1.8464879425414185,1.4966651720597464,644.5182374534187,196.95542031736983,10.699009050886579,5.6600438648442415,12.923139115056268,7.968933787451621,0.19387271652352664,0.15714293927855735,21.57449667843972,17.90996242612829,0.7948403519893461,0.7948403519893461
stage1_soc,58,-0.9991891490318647,0.9679146738652035,0.1969233816437264,0.12280250370706275,301.93125446863934,9.715487584241348,1.5773483928341445,1.3188428131655163,648.3299299441683,219.73666071954995,1.2198178202498193,0.9196078431372549,0.5106315560608808,0.2889548931795848,110.60430108082228,29.01929830044133,1.838831171147699,1.4961394352801876,628.2263296270592,193.28945063780597,11.352184915131474,6.42394568171892,15.03652636716552,8.449791070403142,0.19306879084619083,0.15708773934181194,21.546393150527944,17.785101187588122,0.7664183763189906,0.7948403519893461
stage1_soc,59,-1.0405379112822248,0.968721575071154,0.1919786243879621,0.12021758800108245,290.754371358731,9.48558424720622,1.5735215991252403,1.3156416620708713,652.7761311727845,217.82373780759022,1.1913887711132274,0.9117647058823529,0.5240154878870978,0.29210534286046147,123.45356762531996,27.44606335960723,1.8365667624757307,1.4977523885082964,613.397831415917,195.23743752201491,11.649731878650142,6.493985394146847,15.756107388658833,7.926164890354687,0.192831038380854,0.15725709199056442,21.559871907725714,17.7468091136147,0.7545600595162236,0.7948403519893461
stage1_soc,60,-1.0453387196993507,0.9694257797599836,0.1909935070276841,0.11998084186178183,288.7023980193875,9.542605938441248,1.575405052501473,1.3166588248196345,652.3509503546348,217.4007240863869,1.209907932842479,0.907843137254902,0.5421693319291668,0.2851630050049839,109.35850500116693,23.32667818653405,1.817570870913949,1.4681168549639336,614.3893200496201,193.44821921293098,12.053321888002118,6.339645729581929,14.302026132803745,6.8506934648014965,0.19083655739074254,0.15414549767061353,21.171938416801773,17.37163484281803,0.7451923376761519,0.7948403519893461
stage1_soc,61,-1.0401604191797524,0.9686628913470848,0.1912617385634578,0.1199200978668682,290.6187368681975,9.593672854205765,1.5802748375463775,1.3210216884446884,654.2630872925499,220.06566105050734,1.120183419713787,0.9058823529411765,0.5121361318513837,0.27931697276585243,111.85376448979254,27.03034131023827,1.8270385459189948,1.4932474644160738,612.1867867659726,197.64705281389965,11.385634125995722,6.209678753959826,14.283436625912532,7.786557638183822,0.19183061959396697,0.15678409574110644,21.43934472733707,17.029804139013997,0.7522415133857614,0.7948403519893461
stage1_soc,62,-1.0437793593840268,0.9706581379654353,0.1917562783177298,0.11996295065246519,292.7699842126023,9.463930171313567,1.568156960147236,1.3110505130264616,645.7839013472832,217.56705647753853,1.339787500044879,0.8705882352941177,0.5210635919822723,0.28239008842730057,106.85750202644735,26.973195278165207,1.858232734554991,1.5153888198820984,644.8360833099184,200.09244059248505,11.584106345398132,6.277999203098277,14.99942803023681,7.7146445684273255,0.1951058655088058,0.1591088359318293,21.80178191138077,18.059662117448227,0.714269157699436,0.7948403519893461
stage1_soc,63,-1.0687686332265998,0.9705847833103489,0.1901609035645778,0.11885752609583965,292.80635943419196,9.313975048121527,1.5750708802372777,1.3172705628360204,648.739573293972,218.28586719680862,1.1437882853489296,0.8980392156862745,0.500865048619998,0.262388843977276,89.8317526901456,26.725110734823097,1.8374369700145206,1.5004960552661442,653.9935340225552,194.24466844318053,11.135059284864528,5.8333384240406785,13.532867530481807,6.668373835229215,0.19292240615835068,0.15754516434420632,21.56357820793491,18.471927434544828,0.7477797011002751,0.7948403519893461
stage1_soc,64,-1.0619008833892412,0.9697191983803292,0.1889891829617648,0.11836561058678577,282.0512756594155,9.406944726468401,1.575467940059059,1.317154519713294,648.4666827981763,218.44605208522398,0.8709353404886583,0.9411764705882353,0.4707318315818669,0.2469026806234729,89.93651791345397,25.406682874929825,1.8473970317817023,1.519201623823713,640.9240760954374,194.42920757661776,10.465147980237145,5.48905537311747,12.687107971498493,7.452592025071719,0.19396816670032746,0.15950916275807167,21.814101276178537,18.033529663006902,0.7999569211136752,0.7999569211136752
stage1_soc,65,-1.0985232988212146,0.9717144449986796,0.18939453597585143,0.11732534542388005,287.9486101547858,9.207584747414497,1.5761449703701924,1.3184981487795462,652.609726578771,217.74309655718167,0.9976013390456929,0.8941176470588236,0.49323057616868843,0.2534598574571896,92.33107445765467,24.805928151704578,1.8233099007419833,1.4794751540264663,648.8012652247064,193.15142953231575,10.96533232230601,5.634832270479239,12.584213989907372,6.852332101921865,0.191439129049802,0.15533806667884054,21.308262618941292,18.299745838662933,0.7461484742082171,0.7999569211136752
stage1_soc,66,-1.0982599679595662,0.9709808984478155,0.1885919490775459,0.11728578242460973,283.8479626926356,9.241761655967434,1.5702789715700647,1.3140856679157855,649.1632196391251,217.52419044296795,1.0031456916939978,0.9352941176470588,0.5298945621608193,0.2902582359719364,123.61751244954813,26.76621216152467,1.8456869436257513,1.5165286226745913,666.4837831930714,195.24050617762018,11.780433433407014,6.4529211498641255,15.289653509789414,7.691475965160316,0.19378861533221364,0.15922850996738117,21.754085221688396,18.45719565116989,0.776325748998813,0.7999569211136752
stage1_soc,67,-1.1336787656062834,0.9722132566532672,0.18918129889549884,0.11640260759545477,281.53178341617286,9.05515738613266,1.5754017653349597,1.3181830327130277,651.6614390566717,218.89994884655772,0.8811407272722207,0.9196078431372549,0.4973023916991477,0.2617049751186962,102.59846431536066,22.87470081583206,1.7985483925685959,1.4659360903150895,655.5717263999045,190.78641742363368,11.055855523023684,5.81813488707131,13.056576247107815,7.072910951348918,0.188839284910995,0.15391652744187326,21.081675127282338,17.99482530582676,0.7704171256275105,0.7999569211136752
stage1_soc,68,-1.1218651990467126,0.9727560811009066,0.18551410867979456,0.11553580609393213,282.984345866539,9.15445633122161,1.5802310190957267,1.3226661649241722,656.4300288738025,219.62101706587515,1.3547393702993207,0.907843137254902,0.49427277106815926,0.27327628410238697,92.99269233614412,27.52580032185451,1.8393077869163912,1.4968861407362948,643.3356614495962,192.56550392181478,10.988502040424622,6.075384243743105,13.374532204206405,8.004172277086422,0.19311883330337964,0.15716613997031498,21.52351390562491,17.904150063546364,0.7595613059344541,0.7999569211136752
stage1_soc,69,-1.088460807635056,0.9707314926205217,0.19014404295879178,0.11864812433746921,294.74856041514505,9.303958925861242,1.5727882029705973,1.3153361311349592,649.7803692898141,218.8294281888147,1.0751470406850179,0.9490196078431372,0.4909848587435064,0.26806967212252464,96.47506008672273,26.49300235372539,1.8302922904163161,1.4997035887749757,642.7703264446708,197.21328281928638,10.915406305836395,5.959632639136654,14.770843375030044,8.00865268346237,0.19217224775737698,0.15746195901810744,21.528487812868434,17.942482825127453,0.8017241502200854,0.8017241502200854
stage1_soc,70,-1.1508568762151894,0.9731081834453215,0.18682850038491652,0.11478426519521426,286.37707199634343,8.970341951508228,1.5717606660022674,1.3142438037978725,651.1200109264407,218.2715284501361,1.1152727282514758,0.9333333333333333,0.5108737371457099,0.2592879250426503,86.90129177550008,24.43441567622411,1.80954539889207,1.4741501679315288,652.1471433924427,191.49196811001167,11.3575690016128,5.764399862107177,12.49343354535399,6.936404177518182,0.18999391984818495,0.15477896770186342,21.209540238428712,17.630256763817687,0.7800712121896204,0.8017241502200854
stage1_soc,71,-1.1667588668818036,0.974956720753499,0.18147387450053024,0.11224697417753997,277.8889062554804,8.848459964957332,1.5696524143781316,1.3136592517159822,650.6417857639441,217.36523563286468,1.0201193571090699,0.9176470588235294,0.4790042203890751,0.244652036262457,85.5226635071302,23.10325791000882,1.8493620604394545,1.5204007477006491,651.8495609815947,194.69546745466477,10.64905687954946,5.439019822707021,12.917056860605006,6.617859208105567,0.1941744856451458,0.15963506523385493,21.806326287619413,18.953467014799816,0.7739457927068069,0.8017241502200854
stage1_soc,72,-1.1168327178076005,0.9730348287902351,0.1867444062951265,0.11573811970928352,291.04014081888835,9.081472811736443,1.5655937286301076,1.3114418547289612,648.9391752113486,217.39540892899606,1.4387012715433158,0.8705882352941177,0.5149898121799581,0.2753721485717916,97.0661072186989,27.083720253636013,1.8096060048104097,1.4833640143421352,613.5051266958504,194.75931879870535,11.449076164377672,6.12197878090269,12.944224059955065,7.346618278026207,0.19000028319004883,0.1557463790735273,21.293775956788387,17.11482983997922,0.7160912916401303,0.8017241502200854
stage1_soc,73,-1.1671110857072065,0.9746779730641707,0.18218002132577657,0.11277863769436704,281.70099283702865,8.856186284392418,1.5623555222404208,1.3078450938214359,646.1937310808006,217.23120541467517,1.2028082655925376,0.9,0.5017100821700315,0.2655881123489463,87.45931375921236,25.48242005682015,1.7784651820413337,1.4479507949860657,636.1692191334494,182.611041823641,11.153845779756212,5.904463456791302,13.567600721502176,7.400950620021474,0.18673064044507165,0.15202815439454287,20.80339129122482,17.092475694265296,0.7494869753489906,0.8017241502200854
stage1_soc,74,-1.1720886525859862,0.974956720753499,0.18264189468864145,0.11265434295779632,279.4472663300183,8.701776201541573,1.56768850886174,1.311822559951989,647.4042961940933,217.98863509039307,1.2610076247477064,0.8764705882352941,0.5404152134599067,0.2980864063343581,112.84050824424945,26.865462146742413,1.8254900857961793,1.4818381975240567,665.267162661963,194.95318863702911,12.014324930235345,6.626954337681386,15.34907928213143,8.239220098341642,0.1916680384237778,0.15558617534588692,21.31825460512444,17.925074357269924,0.7143460241973221,0.8017241502200854
stage1_soc,75,-1.1960202506518882,0.9768492708547284,0.17799267553104192,0.1102132754687843,268.7395920390004,8.60967998002477,1.5679115176975131,1.3125504927548006,650.0734948486348,217.46083158033784,1.4464123183605717,0.8705882352941177,0.4978429607451708,0.2585847991591721,87.89404615035447,24.9763216003549,1.844080692644312,1.5223457054180258,657.2866393067433,193.55900048354346,11.06787326790649,5.748768209591546,12.668727353159095,7.870690866787361,0.19361996638844553,0.1598392768225167,21.81503949658488,18.23889033079096,0.7212353470705664,0.8017241502200854
stage1_soc,76,-1.172190577637362,0.9746339602711188,0.18233761144528007,0.11264787663308234,270.5918299776591,8.819001917712374,1.5691241960260256,1.3127732922452084,650.6996150441531,217.2052637310419,1.0135095528527802,0.9274509803921569,0.5079366588544376,0.27363385417151687,111.3981720423386,25.028738153901653,1.8563415630562414,1.5244181255061253,687.9994269414287,199.17554585691585,11.292272888442767,6.0833336183884805,13.890987722204928,7.311694280855388,0.19490730122499583,0.16005687137214847,21.87748186041696,18.747107905809322,0.7750699827358256,0.8017241502200854
stage1_soc,77,-1.2078595301630715,0.9761303952348817,0.17728142443931963,0.1096547424466361,266.91116631501757,8.572478481587822,1.5664817931070616,1.3096136334726844,648.6296709105206,216.615203314538,1.1638492079342113,0.9352941176470588,0.49041472062570685,0.25737626052772006,101.76926732513107,25.84621163727241,1.8248073938714724,1.4778486101796815,641.7605568666805,191.97693934312795,10.902731191532153,5.721900394905044,13.048092520988408,7.015685940257252,0.19159635892079144,0.15516728707781766,21.30154241664137,18.213211429643145,0.7881697014593467,0.8017241502200854
stage1_soc,78,-1.1809030393175857,0.9753821777530002,0.18234277139907043,0.11195424908375101,280.8481739988652,8.598443558464556,1.5597048760081325,1.3027165452425986,644.2844948286009,214.42223074678253,1.1302635087686426,0.9509803921568627,0.4795046913526446,0.2439413166988422,100.51134382600613,21.154377359459158,1.8477571766683536,1.4950531398475755,647.5959401577472,194.7223682056997,10.660183177671188,5.423219350109524,12.035264697379095,7.151113409290927,0.19400598025215657,0.15697368333222994,21.544856075820025,17.56400172751463,0.8071289847510693,0.8071289847510693
stage1_soc,79,-1.1408728794544951,0.9751327719257064,0.18249511686810999,0.11295185383694696,280.5276682540421,8.921107833477508,1.5655356974368777,1.3089203276964247,645.4718173439895,216.55114381575467,1.416127969938166,0.9215686274509803,0.5243721681392004,0.2829369547868184,106.11495120459891,23.77177831264072,1.8547688814677028,1.5265936573784726,654.0837948310962,199.78651246558874,11.657661471189778,6.290156947686181,13.961588165233273,7.736535965280265,0.194742176912634,0.16028529218349424,21.89576539596841,18.33715643055327,0.7642569770092202,0.8071289847510693
stage1_soc,80,-1.2033593276832757,0.975323494028931,0.1782242739993618,0.10978591741993661,271.0152719039563,8.50948955225456,1.5622315783178793,1.3060368322846976,645.4674867483574,215.6763069256029,0.9363943992876539,0.9411764705882353,0.48256447353138304,0.23951286093569268,79.48574154114253,22.66902141550698,1.8568217626856587,1.5254213594776742,653.2067873055025,198.72392223824096,10.72820720141351,5.3247674465500054,11.916709151944517,6.813894754490185,0.19495771997102923,0.16016220631146313,21.877482526307222,18.244401828425715,0.7964071285288203,0.8071289847510693
stage1_soc,81,-1.1887758310571293,0.9772013731991432,0.17976461992756612,0.1111949396880128,273.3383994732638,8.747269308421508,1.565654644254084,1.308141500560476,646.7603936346011,215.65917960739847,1.3585564655416151,0.907843137254902,0.48860711736063456,0.26089675477066754,91.3085751484645,25.982429047857714,1.8371103855459847,1.503612272499823,641.3751189645695,195.7417093861375,10.862545178202712,5.8001668106097375,13.504497838379109,7.387293940282776,0.19288811629561683,0.1578723527793169,21.602952659889468,18.395997156802498,0.7612610020467117,0.8071289847510693
stage1_soc,82,-1.176708887009962,0.9766585487515038,0.1785642222799378,0.11036365342464483,275.44812210488607,8.680094232465269,1.5648719598035024,1.3073522727699858,643.5340160526919,215.8400085689605,1.564659300037459,0.8666666666666667,0.5684023822135553,0.3198342806349198,136.12832297878026,31.85486109458101,1.7729942919380106,1.4403356037887873,610.1749219581287,184.72055814515676,12.636526028407442,7.1104455901130645,16.515931978133377,8.97961643080908,0.18615622222023712,0.15122859444603304,20.71186528171659,17.76338448079616,0.6961459520026001,0.8071289847510693
stage1_soc,83,-1.2101858581673535,0.9759103312696223,0.17747876449819033,0.10904232190237963,272.672898490041,8.438780407487002,1.5628555934569355,1.3063187603626822,643.6883332794188,216.1201939123001,1.1932279472257576,0.9607843137254902,0.4790614461491612,0.24942707734766836,90.43343809623423,22.82735324584993,1.802706285461485,1.4679929282589286,634.5780172101588,189.73430446836625,10.650329102941642,5.545176891797766,13.070181134208514,7.038432410446383,0.1892758444853017,0.15413248593823467,21.11487029336767,18.019998460008818,0.8170658798807419,0.8170658798807419
stage1_soc,84,-1.2529119338785264,0.9776855139227135,0.17354162773438012,0.10644600091743693,260.6090244221544,8.264347633762753,1.562086874919711,1.3059351406694166,644.2670190085395,215.7675946650626,1.038482299038008,0.9470588235294117,0.4676997771732,0.22846060665689555,80.17285537662612,21.53862239949846,1.8302154180997152,1.4947188675257506,639.6792276188131,191.9038845271271,10.397740390730824,5.079057535337626,11.161276069191814,6.276236502978444,0.192164176518729,0.1569385862803631,21.478191137143952,17.980106044810736,0.8067488903774518,0.8170658798807419
stage1_soc,85,-1.2520472307845443,0.9768639417857458,0.1769534667581253,0.10816533831252458,267.34377640636853,8.292326438203634,1.5643595569317008,1.308171128531413,647.4190548541329,215.51458276445294,1.1080079466688866,0.9098039215686274,0.49551301311925455,0.2546539774383692,92.66528013590934,22.954589059346343,1.7974792513453248,1.4648972979509363,637.4453093727291,191.9426152676853,11.01607467461936,5.661379534698038,12.894099777291295,7.165226925128057,0.18872703001426516,0.15380745903535817,21.060291807501212,18.008033451408775,0.7611500176328511,0.8170658798807419
stage1_soc,86,-1.256713087596313,0.9787858337490097,0.17223983503307397,0.10648057830418606,261.4578927874328,8.329877816347613,1.563348663619562,1.3086288136844002,649.1247169216243,215.13538334576646,1.2399180702134676,0.903921568627451,0.5392669905477875,0.27824515934997035,117.78781280626238,23.95578899466588,1.8148284363566842,1.4686306134596758,639.441535363046,190.67245669716314,11.988798033850948,6.1858505671836825,13.745534268809761,6.871883168565763,0.190548614412478,0.15419943994281135,21.15651230368681,17.44078145278591,0.7421414714631147,0.8170658798807419
stage1_soc,87,-1.2448194344339438,0.9776121592676271,0.1734488403716453,0.10667155124598734,261.5596923593464,8.31195665439791,1.5643847286186263,1.3077096168900415,646.5766050748822,215.093153047753,1.4575838748146506,0.9274509803921569,0.498936599367575,0.26103003912915784,110.11694609902139,22.63966894425879,1.81398133329647,1.4743249163762027,652.6599518833118,188.79612528599498,11.092186665158387,5.803129942570381,13.043403183486834,7.137704176315926,0.19045967249865584,0.15479731548247797,21.210220425415375,17.815564886498947,0.7777700005818844,0.8170658798807419
stage1_soc,88,-1.2231554822257726,0.9763211173381062,0.1785227488102735,0.10919967816253373,275.4600968286171,8.427748770013338,1.5635158248603835,1.3069608585063055,645.317380929219,215.60504471058232,1.185905143326404,0.9215686274509803,0.4999946420927515,0.2527957778022278,80.4205256965092,23.121809784748297,1.775714013660053,1.4489413951687953,632.4883478620078,191.39562653911594,11.11570870668079,5.620068680270168,12.314765198814257,6.568013510771461,0.18644178045557264,0.15213216284430842,20.78714988002431,17.82307634340032,0.7715702348231549,0.8170658798807419
stage1_soc,89,-1.2801247823091815,0.9800622047475133,0.16987743099824157,0.10458097236381793,259.6768444120993,8.038054837128858,1.5618344678670397,1.3055972242786082,648.089938829473,214.96087260261544,1.0268786058706396,0.9294117647058824,0.49187302797060894,0.2528711563067547,90.93711973235385,22.85133493654351,1.778569348784393,1.4513145899509683,650.8813078356525,191.28670905429342,10.935151778246636,5.621744469225747,12.840377730479796,6.894884029704082,0.18674157747259454,0.15238133734941026,20.845991286901874,17.446205682339805,0.7818498563146997,0.8170658798807419
stage1_soc,90,-1.3179544779144925,0.9791966198174936,0.1691973030509139,0.10300675124405606,256.4962624565345,7.951565737614743,1.5615042994648076,1.3040156561100524,644.5201863020554,214.65005486394324,1.4229776733061847,0.9333333333333333,0.5058730246189297,0.2681486396812925,105.50616500276777,27.53397243271473,1.8311654508399136,1.4946996222962352,634.7652255545287,190.44810740568423,11.246394882744486,5.961388218710202,13.40752163006282,7.497598196800677,0.19226392557415745,0.15693656562003802,21.480942356262396,18.111793035043995,0.7815714259476545,0.8170658798807419
stage1_soc,91,-1.297891647150908,0.9794313547137702,0.17239210980234776,0.10526953621388016,261.58147527452803,8.143527891084265,1.5667159359646001,1.3088344774631544,648.3173802717286,215.16867221124636,1.141440363257539,0.9411764705882353,0.5058409397408419,0.2759673414532753,111.32216997857121,28.422094398413638,1.8025346486048954,1.468612039892697,641.0653645372964,193.2408638599301,11.245681582783469,6.135210904085392,14.287995837513604,7.837115721798449,0.1892578234070829,0.15419748980395434,21.095481177200572,17.83773218412252,0.7894241886659827,0.8170658798807419
stage1_soc,92,-1.276673886341611,0.9791526070244417,0.17296811679950375,0.10526341112433073,264.7342316188185,8.03413308182982,1.5662198044027598,1.3088949706130986,648.3113164146259,215.10659396628165,1.146290578211055,0.9313725490196079,0.5604176944080838,0.3018890703809174,117.02886139715352,24.80092573411281,1.7964145470088824,1.4816227860675724,646.9673782824776,189.56014205635898,12.459013198694073,6.711493855293016,15.374478235799485,6.849324002667675,0.18861524097018598,0.15556355813660178,21.20717746190108,17.913399108108273,0.7632472406971827,0.8170658798807419
stage1_soc,93,-1.2674755032453378,0.9790499105073208,0.17359799469832732,0.10672336291608113,264.44513656097587,8.293441882332127,1.5608404717991187,1.3044901452894502,646.7833725386154,214.2958290493013,0.9899784291491789,0.8980392156862745,0.47780077617407746,0.24127168992315146,89.64816681336588,23.60569545197294,1.8271847151411418,1.4977380755923542,664.0539550175016,196.24913704237767,10.62230232217528,5.363869126935274,11.99292543062644,7.1396831939774055,0.19184596668804588,0.15725558920041283,21.50007785414578,18.303723381099896,0.7546989828340513,0.8170658798807419
stage1_soc,94,-1.2737143754238556,0.9801502303336169,0.17059520409874784,0.10479735087232152,263.1511737128788,8.183559592735886,1.5574651230681136,1.3010281817088785,645.1830366628935,214.05346041550354,1.3562205366059845,0.9098039215686274,0.5118839163094031,0.2572349740265339,81.82341037852498,23.149120451126397,1.806974237948042,1.472794577815369,652.5178364645565,190.48147208797138,11.380026956918426,5.718759362063575,12.032789660515911,6.997712959207355,0.1897239598092627,0.15463663699270613,21.16137397567756,17.96793637996612,0.7562387466758065,0.8170658798807419
stage1_soc,95,-1.3225750631088558,0.9800768756785305,0.17062511320836124,0.10362764485178944,258.8185331384299,8.000971748361618,1.5599524004125316,1.3029343773006177,643.9705025964807,213.82804812342948,1.2974982532800412,0.8764705882352941,0.4863034723356321,0.25136345971521795,84.88166638979399,25.6764844398492,1.814781720659864,1.4931404520337488,673.1799207278194,188.15310117334386,10.811331335281627,5.588225877787582,12.400655755290659,7.28989564159991,0.19054370947980112,0.15677285993458692,21.38534746316096,18.524131985584464,0.7305795465346046,0.8170658798807419
stage1_soc,96,-1.3194666354401088,0.9823361990551921,0.16740964831381908,0.10214407622565314,252.19707648141375,7.888810797537037,1.5626894031022305,1.3061688509174425,645.5861223021595,215.08981317271187,1.7374410222558414,0.907843137254902,0.5487979022018684,0.31660382092254713,152.72292952920765,30.375092901627482,1.8201346111787582,1.480480967418236,649.5600569198518,197.51789297653875,12.200685979714617,7.038627122216879,17.706009549499313,8.611983603409413,0.19110573829257674,0.15544367244538013,21.293531122570325,18.170251917704388,0.7432037665943414,0.8170658798807419
stage1_soc,97,-1.2828746850612085,0.9793873419207183,0.173138560563345,0.10542826495566647,258.68181037823774,8.07487956721289,1.5570193249460667,1.3007044449402896,640.6569091569012,214.30613615565252,0.948147047734728,0.9352941176470588,0.500842455171565,0.25974175972937075,96.11445626164281,23.41682788900078,1.8299571804728831,1.5012895377097177,641.1105396017173,196.52566346174237,11.134556995099164,5.774489358581494,13.113674457712007,6.994431815195047,0.19213706275910508,0.15762847634062127,21.545060628455758,18.12011335070995,0.7850413810955893,0.8170658798807419
stage1_soc,98,-1.3441760446406814,0.9811185117807576,0.16843409241421375,0.10232728325906529,253.3995792108172,7.8423059283133885,1.5558730479034266,1.3003415597704053,644.8409716039841,214.3550346451707,1.005588286296994,0.9254901960784314,0.46665221428980286,0.23553045790131186,82.31359747324306,24.222138855248005,1.8062543715455968,1.4717870103524011,657.385946236798,192.8472802826493,10.374451333442062,5.236232033655386,11.40727795247586,7.066835090959961,0.18964837715759159,0.1545308470567819,21.16662060030345,18.241235762131687,0.7854945317914905,0.8170658798807419
stage1_soc,99,-1.330549463213919,0.9800768756785305,0.16768221624090607,0.10257387199089094,251.5275177048378,7.905101486618152,1.561176570472472,1.3034531356916461,646.9135850769675,214.0255935480666,1.2581534516577628,0.9254901960784314,0.5170052712545321,0.282292271562505,118.8670190033672,24.79778245657405,1.7583089053059717,1.4276898965093434,598.9208988708601,188.66316392719025,11.493883156487488,6.275824572244001,14.328655184169104,7.508828849992151,0.18461432436433614,0.14990085351356167,20.522909857333794,16.599313554473742,0.7703886147020718,0.8170658798807419
stage1_soc,100,-1.3132207146350188,0.9795487221619084,0.17121483714251517,0.1039286534171103,260.3506613706687,7.946887737921644,1.5521210401791128,1.2949119258452784,641.9947509577055,212.60954542630458,1.4039887956544466,0.9156862745098039,0.5043634267270705,0.2645087259182451,117.06430639276648,24.17320327300024,1.8007209200888974,1.470781213322691,602.191538204663,191.6710046730242,11.21283402225228,5.880466909357515,13.110055897367115,7.420159306791116,0.18906739027923436,0.15442524300818314,21.11745393143277,17.47603388985502,0.7643772464916827,0.8170658798807419
stage1_soc,101,-1.3238084604928955,0.9806930547812565,0.17000828306016347,0.1030414833894403,258.598649157675,7.813468296253724,1.5471284962534075,1.292400509499627,638.9777828690599,211.31066238980026,1.340259896773918,0.9450980392156862,0.4798689666221211,0.24327173936454688,83.58484584555048,22.89428308014449,1.8057620622761208,1.4808874416438973,642.9168188264653,194.6717562170318,10.668281620021691,5.408333537386673,12.10634161149438,7.305333868245278,0.18959668695521112,0.15548635036409825,21.242666803269913,17.75778313177064,0.8011373492290499,0.8170658798807419
stage1_soc,102,-1.3459993114997788,0.979739444265133,0.17071320227330972,0.10330717194274941,258.3165295939888,7.865885511979087,1.549236326637924,1.2930696317207901,638.0713728793938,212.3789200954057,1.984778917537016,0.8392156862745098,0.575769309043287,0.3140862179016147,117.44474425576081,29.393396453226785,1.8086573340632537,1.4855648872679938,644.9227157156087,190.74772205328213,12.800305008838075,6.982656638808073,16.295233512874592,7.579075315171284,0.18990067713760725,0.15597746057859907,21.30085240920909,18.217328095793544,0.6664848935615237,0.8170658798807419
stage1_soc,103,-1.3579871237325205,0.9806490419882046,0.16838844158968355,0.10134144821941862,246.66642298501188,7.757789941080775,1.552441506975104,1.2974303706352848,640.804414338413,213.32781550435328,1.2837816565644506,0.9215686274509803,0.482344368204357,0.2469925846886255,91.94942914079886,22.576528507828712,1.7729813364337246,1.4535431784888109,630.2157298926037,191.65791358711382,10.72331389557773,5.4910540893349085,12.339774720248462,7.15806426194277,0.186154861952048,0.15261532886589427,20.831647878229397,17.865873635099515,0.7768653169896732,0.8170658798807419
stage1_soc,104,-1.3523819821810121,0.9811478536427922,0.1651108811156909,0.10067259713946972,253.49493939111701,7.743098088932771,1.5512994570271597,1.2971867993181336,639.9944584601785,212.1470463222722,1.2102057910433002,0.9019607843137255,0.48580341428279084,0.24196957079876288,77.70508885532497,24.358233845387687,1.7918225225075397,1.460302761328571,640.0314971165154,189.32343009216203,10.800214216849021,5.379384174242164,11.987063869454158,7.051724510119728,0.18813309957954544,0.1533250538835981,20.976866995252827,17.83045553563467,0.7562197600288882,0.8170658798807419
stage1_soc,105,-1.3346084459353835,0.9828056688477451,0.1640073019769929,0.1002885807387237,247.16772682043452,7.772148562494405,1.5468822949261012,1.2938359095292378,640.3360454128504,212.2055604016815,1.197983773549398,0.9352941176470588,0.4903133597846953,0.2541967900789471,93.94074248400982,24.332648715656468,1.79441828163197,1.4709400554936307,613.4896368635754,192.95884757639595,10.900477772219032,5.651215502758732,12.504632734281099,7.34840305193808,0.1884056423139439,0.15444192070342772,21.094563193389146,17.889623075668855,0.7882001097116502,0.8170658798807419
stage1_soc,106,-1.3689484713604387,0.9808691059534638,0.16623137159127696,0.10056701888157638,255.12496989914064,7.717046776947143,1.5481376447892856,1.2939298202643765,640.3750860247513,212.60853366644284,1.3274144602756874,0.9313725490196079,0.4854552026529704,0.24870076870874447,88.6981653034041,23.898089619903594,1.8261770114795237,1.5023692516281324,659.5988161875192,193.20389925453915,10.792472895803735,5.529029848246194,11.985086106103289,7.124431223202357,0.19174016245189165,0.15774184132157168,21.529618708707666,18.214610440553077,0.7857359882237167,0.8170658798807419
stage1_soc,107,-1.3397873121718105,0.9816906780904316,0.16500357685045866,0.10086371053914413,248.78425521366773,7.856091341732843,1.5485066387486024,1.2945219470025264,638.4731324715813,212.76626844658847,1.0565749916375853,0.9176470588235294,0.5238460583374228,0.2792357264086604,122.37653784378597,27.780335296046736,1.7439574759317855,1.430562849759179,600.5558174698104,180.98551152298276,11.645965179245906,6.207872512924434,14.465106850140765,7.5736602943263645,0.1831074904800382,0.15020250035249205,20.48090757541136,17.127021124503916,0.7604932413223026,0.8170658798807419
stage1_soc,108,-1.3882741220351176,0.9822921862621402,0.1640812687412363,0.09938879978000974,244.18163835219045,7.600503401256294,1.5405681899116401,1.2860764305057206,634.1320953596339,211.0294412527525,1.8997013007893282,0.8529411764705882,0.49135967519079965,0.26187263157803053,88.73750425714962,26.025744117017325,1.791214674713541,1.4586237475129904,633.4585757949708,184.8309530564238,10.9237390960222,5.821862167741666,13.391618744308886,8.134854070943822,0.18806927836504395,0.1531487651778841,20.957148889255503,17.89916215514905,0.7055332739133483,0.8170658798807419
stage1_soc,109,-1.368037204973148,0.9811185117807576,0.16520807294170012,0.10018516311434479,250.17777286651346,7.661960303614245,1.548184125794521,1.2923550162993316,640.1235951651203,211.35135755395436,1.3049063205718994,0.9352941176470588,0.490381896528194,0.25678623210565715,87.3407944586511,24.563058509265318,1.7868340663132884,1.462594940191975,656.0498819134626,190.09095011151388,10.902001457499434,5.70878308620577,12.800978736639209,7.237989279066162,0.18760933468980184,0.15356572209093786,20.97006338267452,17.808132559563003,0.7881795486886006,0.8170658798807419
stage1_soc,110,-1.429445395261615,0.9841994072943869,0.1593689204565963,0.09631269305808302,241.1362180693675,7.322485243560638,1.5443829838749308,1.2900269802783595,636.8517782773989,210.9949401453523,1.3142423452115526,0.9176470588235294,0.47497966324267377,0.23918167154359468,81.85543700493264,23.459726755416444,1.7906829307048306,1.4688361319695034,658.5476812474453,190.26690169053362,10.559584310952438,5.317404558032049,11.870747333998036,6.821325994132803,0.1880134476969477,0.1542210184383315,21.06715211687023,17.824568485498443,0.7751531598507273,0.8170658798807419
stage1_soc,111,-1.3916811543847714,0.9821601478829847,0.16158826111934046,0.09849025638916163,246.5026203417078,7.641074244494308,1.54123104346,1.2880007975238736,635.6730609363966,211.66253535303582,1.2508451840456793,0.9254901960784314,0.5312424428881913,0.2772958234336008,116.53119669103671,24.002539582876203,1.7796247199202397,1.4499315974028673,623.1967452430054,191.39582490968496,11.810399053586675,6.164745258000796,13.93673081460458,7.2030064213348455,0.1868523865736632,0.15223612951130053,20.835630317146183,17.282678954323217,0.766117463211974,0.8170658798807419
stage1_soc,112,-1.383020816203004,0.98213080602095,0.16377401601158892,0.09896196412732716,249.26717737816324,7.522380904060511,1.54249541165349,1.2887518018324828,638.3021237476955,211.45547394648108,1.2347539651627635,0.9490196078431372,0.5145451330622051,0.2827602652997217,101.47562707668034,31.09315254263748,1.7796675252049523,1.4643994437128889,642.4387691930743,187.10643126532312,11.439190211359858,6.286228847853192,13.854078796285346,7.202441091876103,0.1868568809311066,0.15375518663685545,20.954326832341813,17.69130718536304,0.7946560679244757,0.8170658798807419
stage1_soc,113,-1.395719471617465,0.9795193802998738,0.16515635238817455,0.10007104509057323,253.95063668626062,7.693995940338045,1.5448257626482118,1.2906613467276606,638.2701556291547,212.80628651030196,2.080818030413459,0.9274509803921569,0.5600017502832563,0.31456489446938185,125.32849443786493,28.678619486471035,1.7877306219799827,1.4675190634148962,641.7115612304954,187.9041230231371,12.449766072143905,6.993298411427362,15.994722527139446,7.947343360744704,0.18770346889919037,0.1540827323154457,21.047168538645053,17.55838575468897,0.75945045530718,0.8170658798807419
stage1_soc,114,-1.391815162386043,0.9823361990551921,0.1640836765778993,0.09911759932573373,242.52417273124118,7.5652900974136035,1.5377038876077302,1.2837475430658851,632.3540936667362,210.5938489191306,1.7177023990481508,0.8686274509803922,0.4939237931121648,0.257819922913012,94.25736277472288,24.405111148812637,1.7931903189414988,1.476424747252581,660.9191672725003,193.3044312058103,10.980743682679726,5.731763744276898,12.348662448518711,7.25255982416792,0.1882767118957666,0.1550177880384391,21.141151152387664,17.95999756085906,0.7204503130467428,0.8170658798807419
stage1_soc,115,-1.4268323423569969,0.983583228191661,0.16158482090539145,0.09735999128920543,242.37867283637524,7.409472564103626,1.5412594675554832,1.2868553340843125,633.425252759011,210.8793228076394,0.9888885606737697,0.9392156862745098,0.4644055862872734,0.22689823015939956,77.72895930243293,21.028427364935773,1.807763573145411,1.4803084571133642,656.5987202478846,193.3543738959126,10.324505073330423,5.044323319059549,10.726129263857748,6.141176263151685,0.18980683636395657,0.15542555965912075,21.24789965913449,17.87662904570372,0.7998940103883277,0.8170658798807419
stage1_soc,116,-1.4226017802300501,0.983524544467592,0.1611360579202433,0.09731277348432951,243.42997041365592,7.38716621240067,1.5400431875346487,1.2860718677800607,635.7107686866378,210.74084263633563,1.4752894401550294,0.9254901960784314,0.494686652840365,0.2707158233112126,100.13908001279445,24.785959631742266,1.8008038470448915,1.4745756722694519,645.0514975360338,190.75101183990583,10.997703317461488,6.018460961144625,14.455377817447385,7.39833103320851,0.18907609722708993,0.1548236436945873,21.147755058094695,18.054538942550924,0.7770842002263219,0.8170658798807419
stage1_soc,117,-1.3567961714524541,0.981866729262639,0.16458803439852776,0.09988584160934387,255.27820631074508,7.648930248687656,1.5405445722596471,1.2865880919973975,634.9980841491865,210.0854739968383,1.633621125127755,0.9215686274509803,0.5116265641526406,0.2632972533778087,91.10163683824477,22.42693035504071,1.7934499870036356,1.4645580015492206,643.045121532293,187.10184944649043,11.374305592390131,5.853533869016783,13.046587904577486,7.304760239615995,0.18830397584449923,0.15377183447827777,21.033384951498746,17.818956450226846,0.7680806582051881,0.8170658798807419
stage1_soc,118,-1.4429760328190822,0.9832751386402981,0.15920806151132916,0.0961811020173531,245.08326417574224,7.287711757153319,1.5365971823410631,1.2829376575377573,632.8427718947546,209.55129506178878,1.4761842737010882,0.9137254901960784,0.47913514632848225,0.2547853027123447,90.75541796412054,25.985266455500135,1.778271142695776,1.4435611809549087,650.8098684381999,187.90111387400222,10.651967579949185,5.66429911296637,12.437361630762107,7.710694421859351,0.18671026720884892,0.1515672651695968,20.748235724194203,17.904197555401122,0.7699849462975337,0.8170658798807419
stage1_soc,119,-1.3716680543886721,0.9828056688477451,0.1637159500292935,0.09950537137110244,251.25589707857986,7.671150105188059,1.5370070771045712,1.2834106448821965,631.8617202986375,209.8750584202726,1.6692018639807609,0.9274509803921569,0.5253844936914013,0.2915796191075488,115.97329657003326,31.065558364578116,1.787813412181065,1.4617862161614148,645.8851033146514,196.7499999546839,11.680167144265585,6.4822976847084,14.756366928394238,7.947058083535621,0.187712161488411,0.1534808097981954,20.982218039101745,18.436985731277577,0.7698356322847365,0.8170658798807419
stage1_soc,120,-1.4521466710366628,0.983216454916229,0.16076478591105806,0.0966267100321153,241.22263344191603,7.333875821941821,1.5376491852830094,1.2835999826245994,634.0811164160766,209.59593475900417,1.5019540796092912,0.884313725490196,0.5089289912935617,0.272018175007885,104.0850841792651,25.433549328450532,1.7684832109127768,1.4432516603931493,634.8511954939627,184.75142870900223,11.314334081513406,6.047414395591981,13.998881272327674,7.529866749960387,0.18568257952121356,0.1515347669383624,20.70773205664702,17.665573447352017,0.7316350281021275,0.8170658798807419
stage1_soc,121,-1.4504847931388272,0.9839206596050586,0.15946733738411686,0.0958946172487623,240.7911390877125,7.3054179558140415,1.5375699185603722,1.2838557525936605,635.434934571376,210.06687967304947,1.552276025098913,0.9215686274509803,0.5123513060035348,0.2700578435853708,91.49852735646787,24.438514307079956,1.7668911580272355,1.4411763089398544,655.615454356055,183.50753285976694,11.39041780364976,6.003832982459201,13.794745313709619,7.625316209662539,0.185515421312022,0.1513168646089069,20.67064571435241,17.6193398552266,0.7678632356499199,0.8170658798807419
stage1_soc,122,-1.455500480015056,0.9846982189489745,0.15783204679776228,0.09514761416051455,235.13625090785433,7.284569112494639,1.5384387509681707,1.284497108683307,635.4594565034083,209.8982748961306,1.0602294594633812,0.9098039215686274,0.475065738640624,0.23734997476578928,83.94818829067606,20.980658267774427,1.7903395540489677,1.4666551916768737,640.6640737785427,187.8175423146124,10.56149790955906,5.27668290602428,11.544776615216568,7.087959256772831,0.1879773947320032,0.15399202976780396,21.031650255747543,17.113519711369097,0.7672841999764403,0.8170658798807419
stage1_soc,123,-1.5131766566480012,0.9841994072943869,0.15562707658190958,0.09254094491673631,231.74267641263668,6.943076323122518,1.5360225379315848,1.2816981095292985,633.3359431232011,209.36474116566993,1.4091887156168619,0.9490196078431372,0.501479446289963,0.2579021027676907,93.19811059507292,22.80162470330789,1.78077804453903,1.4532267491461015,631.4847476431712,188.74282555268317,11.148718362291456,5.733590738506963,12.44631086426334,7.060216573314748,0.18697348033860303,0.15258210524452887,20.872537114750315,17.725527055523173,0.7985757739561483,0.8170658798807419
stage1_soc,124,-1.473319582177882,0.9858132097062879,0.15664387597588106,0.09443793714429653,236.61136446829587,7.151940100821481,1.5306257442828182,1.2768902650208673,628.5796444100132,208.31813418926794,1.3754561022216198,0.9352941176470588,0.48444431194255405,0.24216731687752055,80.0665184904776,23.078831190943134,1.7734727602607485,1.4555059531740113,642.6873623075526,188.4063405890731,10.769999121636385,5.383780396969988,11.755003233926347,6.863902556512555,0.1862064591870553,0.15282141115399184,20.85218690657063,17.52548864387758,0.7899608240642926,0.8170658798807419
stage1_soc,125,-1.4830213575861808,0.9841260526393005,0.15620178752625294,0.09381848367156717,234.13809036453435,7.094961497610315,1.530967839704119,1.2773140760912851,629.1961400479192,208.03773255192982,1.628428462673636,0.9254901960784314,0.4857389489056032,0.255512045075496,94.86708876567867,30.12423577265363,1.7777209202448065,1.44675886235839,631.216119621655,189.7480382560227,10.798781044782448,5.68045579892561,12.592822801094952,7.70546007783548,0.1866524963895525,0.15190300696676035,20.776733584645534,17.708251384268163,0.7797685114067505,0.8170658798807419
stage1_soc,126,-1.4586471222343902,0.9846395352249053,0.15669124371451837,0.0939153206681886,235.569186302161,7.202709923370504,1.5314466823539088,1.27794765919282,630.4552033308596,207.35612288911568,1.4513594566607009,0.9058823529411765,0.4914219374301036,0.25826459559885895,89.01003320846843,24.331861151957177,1.77851451769907,1.4545770493208194,630.9012562139457,187.75698532450645,10.92512328868601,5.741649554302789,12.72953941915177,7.698637865951093,0.18673582046155937,0.15272388053423613,20.85576954535914,17.318537615983313,0.7584557717121454,0.8170658798807419
stage1_soc,127,-1.4774407360574098,0.9843314456735425,0.1585382175407897,0.09499810524823724,236.60458432078818,7.164931034220476,1.5296883943858313,1.27618529382891,628.9042538280798,207.37487723159148,1.288313357035319,0.9098039215686274,0.49455078201566605,0.257848599534847,93.89929348188322,24.359787539766444,1.7777806934011078,1.4607788887970587,633.7490181838945,193.51749460137268,10.994682684074762,5.732401273058557,13.502265492684476,7.050179004048868,0.18665877229524364,0.1533750450715179,20.92709362912685,17.523742591077262,0.7614386869639276,0.8170658798807419
stage1_soc,128,-1.507387562392166,0.9864147178779965,0.15457621981081457,0.09288317662677927,236.0118892328239,7.02021413699554,1.5307373989963038,1.2767745051055175,628.8288110380316,207.66803673278713,1.4977094975172305,0.8784313725490196,0.4928797350052984,0.25737383157270505,103.09449767509133,24.567755816094333,1.771777105178225,1.4488426146261832,635.4300813826466,190.57600462966857,10.957532542375901,5.721846395213577,12.690418088010208,7.3775935770045225,0.18602842322507482,0.15212179134298706,20.793032453191994,17.999059382266186,0.7305674520474301,0.8170658798807419
stage1_soc,129,-1.486691239385173,0.9834952026055573,0.1591995027958022,0.09522013374724754,237.7552554123044,7.186808556101549,1.5301779132195352,1.276368285867402,630.3185070386702,207.71375101638208,1.390721690421011,0.9352941176470588,0.49180500222885104,0.2499945889847974,90.9739534683273,23.1373352659354,1.783087281216449,1.4733395182764997,654.1706670929378,184.42460138137727,10.93363945338097,5.557793615088188,12.4933830092173,6.5223998732640025,0.18721593953773044,0.15469385322743417,21.05141868643798,17.90647540126314,0.7877526169784035,0.8170658798807419
stage1_soc,130,-1.5322744130689505,0.9855344620169596,0.15261125975963336,0.09133035470398956,230.7272215164673,6.867590068686631,1.5296198628936175,1.276444326614742,629.112790308769,207.27224278014967,1.2135353827009014,0.9568627450980393,0.47684740786002966,0.24086332246661185,85.04549334534642,22.877991971591822,1.7801714050658357,1.4497380857228064,643.165390022494,191.92156289117804,10.601107366115793,5.35479044226541,11.926931404472398,6.483764051575156,0.18690978599221228,0.15221581167752102,20.821161658215512,17.90461223852333,0.8138085227400303,0.8170658798807419
stage1_soc,131,-1.552482714199977,0.9858278806373052,0.15229662807286373,0.09129383210301013,229.74697472461608,6.846078352691367,1.528027154541458,1.2746815744371733,626.4384778125387,207.46047437895254,1.5822655640396417,0.9196078431372549,0.5145389680563003,0.2704151717051133,106.26286448300641,26.791434158332482,1.76598066515438,1.4422220095992089,622.040929203103,188.25207013895536,11.43905315307154,6.011776978169113,13.798709218827684,7.426880273650531,0.18541982376027583,0.15142665835455163,20.703291507605908,17.478062168382696,0.7652461527203648,0.8170658798807419
stage1_soc,132,-1.4975463660725028,0.9862093248437546,0.15664429499363172,0.09352639001504058,240.10252812266478,7.100248729258276,1.5231062568699352,1.269881782529275,622.9669804376875,206.35668119306524,1.2644237504285925,0.9411764705882353,0.46978408725622217,0.23274771486609883,80.0322283341139,22.532147174535275,1.7452080347016847,1.4286751519085146,646.6783747908139,179.21747937687118,10.44407805475118,5.174367048751739,11.438563991985626,6.708293586758179,0.18323879338232466,0.15000430078570787,20.465233668358966,17.543002086626316,0.8002412444113687,0.8170658798807419
stage1_soc,133,-1.512857828952873,0.9838619758809894,0.1588827503019764,0.09445814939914743,238.80029253120827,7.021207968279098,1.528145373951399,1.2741525667706262,627.3150949873436,206.96939990794914,1.4852253142525167,0.9450980392156862,0.49429142086570066,0.26065280468878793,107.34774434322402,25.85014735958121,1.7828955356860756,1.4669165703741942,642.7001535168971,192.5077217808561,10.988916656301386,5.794743396395148,13.011858594633246,7.547826444802756,0.18719580714152123,0.15401947332534008,21.00037269357474,18.10495213668655,0.796810612955976,0.8170658798807419
stage1_soc,134,-1.5258516482507143,0.9858865643613743,0.15225509809486634,0.09185748091623104,235.14106890121093,6.937783210185771,1.5279954867457812,1.2739701037681317,627.8273849711247,206.86210897809403,1.668053630286572,0.9215686274509803,0.48021776193333476,0.2549838529169267,94.65185590880604,22.035815364927483,1.815855274412828,1.490131081859855,660.2217807882661,194.70059627354658,10.676035917270717,5.668713212742617,12.46536576865776,7.687168477240333,0.19065642767179466,0.15645688994789173,21.357419569438157,17.90813845237555,0.7775032988709799,0.8170658798807419
stage1_soc,135,-1.527632386425369,0.9838179630879376,0.15601457485411166,0.0931745727154593,235.21045072056506,6.98491776545805,1.5295676415957313,1.2756405094866399,628.726048053742,207.9832327326556,1.1429869081459794,0.9647058823529412,0.4666961499509683,0.22985052116142185,71.68334374051429,22.66534779803855,1.7942921355414851,1.4785804493024068,665.3588836495818,193.615815815469,10.375428095931568,5.109957635976381,10.93685402449753,7.0214631440001005,0.18839239755632717,0.15524412680989072,21.160823672673345,18.139708679529658,0.8246970373676508,0.8246970373676508
stage1_soc,136,-1.5595929238764124,0.9867668202224114,0.1500955157547973,0.09007253730602326,229.46322685660886,6.792253735509982,1.5289491021987844,1.2766704496220262,629.718659519648,207.457348627672,0.9084407144901799,0.9764705882352941,0.4836700005060965,0.2377492534708889,79.01206031006014,20.664938092987168,1.7747141522090784,1.4477673784628802,627.8968323604748,188.08166546973467,10.752784896420115,5.285559532701901,12.020112624167801,6.510418842310303,0.18633679961536156,0.15200889650566854,20.771218136635923,16.868157510164433,0.8313695880834652,0.8313695880834652
stage1_soc,137,-1.5404394019367458,0.9845955224318536,0.1533078646550108,0.09169948486405367,231.3363224338349,6.899148533669669,1.5291107187526587,1.2753919249692127,628.3370903650522,206.77742996701573,1.5057576020558676,0.9215686274509803,0.49423457251099695,0.2635527224919083,91.47933335694009,28.22376273602104,1.7773523362989019,1.450553605070009,637.2671811680771,188.1222801275853,10.987652823255704,5.859213370389037,12.882201751536721,7.370626150668737,0.18661379677542925,0.15230143744716562,20.843701869772794,17.642976861700824,0.7732982556976813,0.8313695880834652
stage1_soc,138,-1.527290327193392,0.9858132097062879,0.15494273544064233,0.09208458904037653,234.62144134853156,6.893998212039297,1.5279806351385856,1.275479647318711,629.0035813704596,207.37280289365916,1.7128378409965366,0.8941176470588236,0.4890326017999254,0.25099435567709744,90.90990642099823,24.926197443457045,1.768507315299808,1.4409459704496697,642.6678120977667,182.22821151920175,10.872004401738762,5.580020083915402,11.811875405537108,7.363692743790734,0.1856851103706636,0.15129268012993835,20.696445275212348,17.524421623655783,0.7474078665188459,0.8313695880834652
stage1_soc,139,-1.5928327628296552,0.9877351016695519,0.1477776098742558,0.08801564631066225,223.25731240528947,6.555208417050421,1.525636688347039,1.2721574747516182,626.4117725548945,206.22642835517198,1.2273555970659442,0.9490196078431372,0.4724636357079504,0.23555474869824727,76.38870918172037,20.80227243026161,1.7811801057950085,1.4501898083762794,608.5372718097516,187.70355703588612,10.503648853210503,5.236772058288165,11.343586772379366,6.6751429495131465,0.1870156949158605,0.15226324047243833,20.819509768351164,17.672587812565872,0.8072805171307521,0.8313695880834652
stage1_soc,140,-1.5655571179596885,0.9865760981191867,0.15238746826615862,0.09067588843001727,234.72837439771985,6.709174934385125,1.5245265514490123,1.2714412195102558,623.7173131993497,205.9863835720239,1.2268246145809398,0.9215686274509803,0.4864224954824284,0.2462490724107506,91.85283329152492,23.11512903559751,1.7496521960001699,1.434234326844122,638.7256512302363,188.24049476449676,10.813977416894826,5.474524580406361,12.29575667601701,6.943315955230914,0.18370540981872566,0.15058798851069366,20.542468840401693,17.693987664403686,0.7756418788062518,0.8313695880834652
stage1_soc,141,-1.5376936063419215,0.9856371585340806,0.15274976011832458,0.09201577961541892,227.6065229578541,7.046167745892298,1.5213221550761284,1.2698616264933544,621.6491822977243,207.2775514609815,1.5067448966643389,0.9372549019607843,0.5231451953153771,0.2820949169606263,110.47249599088136,26.632157656137856,1.7535782602480667,1.445037076519985,624.9470661965228,185.6420462959986,11.63038383388641,6.271437052695341,14.60947551128125,7.465206493221159,0.18411762845468274,0.1517222273959477,20.66585773770116,16.941973333800796,0.7803113433661713,0.8313695880834652
stage1_soc,142,-1.5573674364988346,0.9846835480179572,0.15428030222872427,0.09142475809956961,232.97348668355065,6.786481568340978,1.522950780497085,1.2699690063631086,622.7502601085358,207.1294274678985,2.075010968657101,0.8549019607843137,0.5707835091128111,0.30502471838730805,121.60043772553915,27.17822159882426,1.7545853480907678,1.420914477168345,593.6217644086312,188.0061974159503,12.689462421675554,6.781204501990822,15.295071322503103,7.490706892584464,0.18422336803269132,0.1491894657362781,20.448692056484305,16.894695505747492,0.6836669080504704,0.8313695880834652
stage1_soc,143,-1.5469995685377989,0.9853290689827177,0.15260407289930852,0.0918599949510114,235.91778728336774,6.984765395581656,1.5186233822829727,1.2673758319321238,622.2536470757781,205.74246787852883,1.1771062060898425,0.9549019607843138,0.49135617410011495,0.2628037078598259,104.60589517056474,25.870017286295244,1.7873354722956527,1.4705986763040224,641.7188609968165,191.32740181319875,10.923661260979719,5.842561535016518,13.920688756645335,7.668815217476764,0.18766198000507442,0.15440607746322613,21.057621254234693,17.53203556510334,0.8074951085542793,0.8313695880834652
stage1_soc,144,-1.5821234889302027,0.9860626155335818,0.15299710042933645,0.09064383557983366,233.8133113109759,6.677440583515461,1.5239718728324403,1.271285407199906,625.2619742786694,207.4117549008031,1.7511820292940328,0.9254901960784314,0.5087178848615713,0.27811310118356464,111.9218789503347,28.543411411357646,1.78148062963578,1.461561567307103,650.3798587433008,189.06691999859876,11.309640836013234,6.182914695503217,13.897842108431636,7.685546984466482,0.187047248532891,0.15345722270474846,20.952339895376923,18.22369742732592,0.77287483061996,0.8313695880834652
stage1_soc,145,-1.5881232925887216,0.9862093248437546,0.1505252586532469,0.08915926329465675,224.26355124324348,6.649300624782895,1.5242398437207854,1.270620604756758,623.0022112706711,207.32685579998946,1.582402532708411,0.9156862745098039,0.46952542006872644,0.24537988970896193,87.6761069991582,26.669500676072623,1.7834046918745161,1.461871478151457,645.2446610732525,188.20314287760186,10.438327454912462,5.45520120988877,11.831821305621402,7.8710797185093,0.1872492661926818,0.153489761913855,20.94528312663443,17.68899281929677,0.774828648489186,0.8313695880834652
stage1_soc,146,-1.587246091530002,0.9864587306710484,0.15141348596573592,0.0902422377697483,228.7021478951333,6.803125830819131,1.5272706913546903,1.274730514477265,627.693990422403,207.79221611853072,1.1726483891992008,0.9568627450980393,0.47064482357019005,0.22629861584864558,76.95587194520421,19.926438917793398,1.7782636018031273,1.462952660082602,640.8477889951432,188.13980088331576,10.463213648083308,5.030992900183857,11.203696972958884,6.312803750643403,0.18670947544990532,0.15360328102937043,20.94146613549544,18.158124044491892,0.8156692980269822,0.8313695880834652
stage1_soc,147,-1.63364472318845,0.9871776062908952,0.14900839479366354,0.08796899938316362,223.44183480523117,6.4696497513894275,1.5220339873714508,1.2686748988192962,623.990390914228,206.09713914582312,1.2170745667289284,0.9254901960784314,0.48230919296401503,0.24262523556895116,81.70500219838672,25.242159796557395,1.7617640225496545,1.435498031053473,623.518275394149,188.10016909632958,10.722531891747263,5.393960687630669,11.972135424969185,6.96614319611053,0.18497709573722587,0.15072067162348557,20.600304863716964,17.278295685389992,0.7807974381892269,0.8313695880834652
stage1_soc,148,-1.589964564825069,0.986854845808515,0.1515115897830585,0.08973262305765378,231.6870358723316,6.666172890256042,1.5209080313720933,1.2680035097691926,624.7873651725872,205.9728508162588,1.2519761305229336,0.9549019607843138,0.47236866324541793,0.24174522862714878,92.16924897712883,25.478452019307653,1.7667893683544669,1.441060657382888,642.4994658977905,185.63004131180054,10.501537458127851,5.374396676336489,11.991536317791104,7.039123156214347,0.18550473386591468,0.1513047217289006,20.674975499541755,17.448733869008,0.8131913618106884,0.8313695880834652
stage1_soc,149,-1.574286593888162,0.9852850561896658,0.1530162977632507,0.09084007635945775,230.55991543518732,6.803373420967512,1.519281823789187,1.2662436730085145,620.6337274083958,205.47589491490945,1.3222241312849756,0.9333333333333333,0.4696208986154649,0.2308780450465194,71.92030201778131,21.924884911713715,1.7937207117996876,1.467123430134619,647.1216682146131,193.26694870694934,10.440450101084908,5.132801193155506,11.215290587673568,6.761235824690074,0.1883324006992907,0.154041192645986,21.053915811331066,18.01532027876773,0.7924470637486939,0.8313695880834652
stage1_soc,150,-1.6403847210200395,0.9882192423931223,0.1455124629845978,0.08590846770154424,220.56331713842084,6.3534020705617245,1.5211447261737443,1.2692795180141923,626.2714146358777,206.34635108829235,1.6848580837249756,0.9215686274509803,0.5602863955482252,0.28888150390201045,101.69760591941628,23.648883960630908,1.7746023069566923,1.4469594742883654,620.0419622719857,183.4578150886187,12.456094207655296,6.422314116571951,13.75705037583267,7.169732391864109,0.18632505637977861,0.151924070294029,20.753236942006737,17.260002631499802,0.7534827087865128,0.8313695880834652
stage1_soc,151,-1.5869906420914914,0.9856811713271324,0.15189059705114027,0.08958713682400984,225.15489052301692,6.606781254357695,1.5174314538332991,1.2650125253897657,620.2353712750231,204.77661506814462,1.7779646102119895,0.9235294117647059,0.48643251275506855,0.2527624134047359,92.80546565712254,25.128144242202627,1.7662350873713084,1.437429468107282,629.1075184032646,192.7028653409132,10.814200117450651,5.619326934474371,12.32595750205464,7.633891712139934,0.1854465369194595,0.1509234636048406,20.63465098462697,17.402162399283174,0.7775996579381854,0.8313695880834652
stage1_soc,152,-1.599273304351496,0.9861946539127373,0.15004841218870227,0.08903767838427311,227.48937118636832,6.618510631870658,1.5165316766124755,1.2646876291720517,622.6193878342502,205.44078162202487,1.5241174202339323,0.9254901960784314,0.4818749929308075,0.2515360828616894,91.27236986992074,24.125168167443263,1.785903438224197,1.4623621876771544,619.9228171317516,186.26756267571534,10.712878906128529,5.59206357613606,12.090210358237284,6.9452597092626,0.1875116230332302,0.15354128415051796,20.957989224214693,17.367071000706954,0.7809276981991892,0.8313695880834652
stage1_soc,153,-1.6293352555964202,0.9880285202898976,0.1476960337730373,0.08718375888825285,223.15820132986423,6.453545140271909,1.5164244460469671,1.264205554215942,619.4303821723305,204.98213349109557,1.349439714936649,0.9392156862745098,0.4805201142138429,0.2461207360065743,88.77919756911537,22.803201633714025,1.7707275682033128,1.4442607781174137,615.1688724343431,187.0009941999443,10.682757709054048,5.471671449662168,12.187081776875699,7.437619983494336,0.1859182266839926,0.15164071964457174,20.725705828753195,17.171443801894366,0.795059652010357,0.8313695880834652
stage1_soc,154,-1.6479264463583232,0.9872069481529298,0.14830515351331985,0.08723632246159548,216.31935586020592,6.446544050659712,1.5154155250203936,1.2621870331949963,618.2383982032616,204.83449669427725,1.4579083026624193,0.9431372549019608,0.505781698702837,0.2584098774154543,93.21975485905824,28.598552304509383,1.7619465604751265,1.4406566628127122,612.9145418888819,192.45784598785139,11.24436455642657,5.744879409620622,12.833408251416698,7.079647427635918,0.18499626137739308,0.1512623041625704,20.674653254007644,17.29396280633846,0.7914027452911097,0.8313695880834652
stage1_soc,155,-1.5922028826651469,0.9883659517032951,0.14685807945749813,0.0872671424629045,218.6153010627949,6.543595887657579,1.5093123910902948,1.2582728637074196,614.1889371589298,203.68830183601426,1.975088233573764,0.907843137254902,0.5280394233927564,0.2901528380281639,125.6940402260113,26.63022053566549,1.760890501738693,1.4387362012530074,631.0777468267372,185.49045263739464,11.73919062714424,6.4505779790726265,15.19912317388159,8.172588156920758,0.18488538008143454,0.15106066455746878,20.634604733678007,17.308995611144507,0.749431310237075,0.8313695880834652
stage1_soc,156,-1.6320872801520772,0.9861506411196854,0.14949946456271263,0.08822780632677928,227.3151796927006,6.509629243825742,1.516593367720372,1.2639923316140682,620.9183253764219,205.03524697550904,1.5161222686954574,0.9235294117647059,0.487214081556116,0.2500220503329354,81.79867568842951,26.497240738889293,1.7814158903086492,1.4598300254666339,626.3988618063306,190.56225663152043,10.831575685897366,5.558404126323503,12.098924073857964,7.342540598905248,0.18704045120217058,0.15327541879872142,20.933951000888623,18.106124783530017,0.7773651872978711,0.8313695880834652
stage1_soc,157,-1.626274238054309,0.9865614271881694,0.15020946537609625,0.08840375686487681,226.94539730852821,6.511551506833903,1.5154336862193059,1.262127894024566,617.4358392697989,204.55711113182034,1.9423373030681237,0.8901960784313725,0.5554149073824208,0.2881031749952658,96.16094504841777,27.32896868276929,1.7384376912066961,1.426808594693156,614.5212127510864,188.10071367403805,12.34779296028097,6.405010576339698,13.71376420877492,7.4353141413223165,0.1825279385454584,0.14980832088811363,20.423748039156752,17.398899369771613,0.7235716062166463,0.8313695880834652
stage1_soc,158,-1.671217505453562,0.987324315601068,0.1447910671473283,0.0861470340407956,217.98524382708158,6.34423394256949,1.5128661265344217,1.2600752078480142,616.7361329986654,204.26952146872492,1.7241715188119926,0.9176470588235294,0.5362286219948488,0.2914549999632964,122.5907393556942,29.543233737084474,1.7449832504612548,1.4218071914478845,613.4155212127466,190.55484197058436,11.921250070463493,6.479527194806773,14.554351006793048,7.530220233455502,0.1832151920739598,0.14928319661773487,20.400463470092653,17.12521392284031,0.7567784722250748,0.8313695880834652
stage1_soc,159,-1.659885968926514,0.989348904081453,0.1451038208961568,0.0863524308010691,214.23062027510898,6.4005707298625625,1.514348971914891,1.260649204468638,616.2924675016363,204.07457594474658,1.5721611214619058,0.9176470588235294,0.5316605426583145,0.26893366532509816,84.54699921331222,23.74012222561926,1.73741537095784,1.4224486868974624,621.8076553179442,186.49633764097706,11.819694103700748,5.978840638494732,12.80506333162276,6.973825917043333,0.18242059963506727,0.14935055068086295,20.390675353939507,17.17980530474993,0.758148896026035,0.8313695880834652
stage1_soc,160,-1.6168688822896515,0.9860039318095126,0.1522454056088612,0.08944503284621685,231.3974162596646,6.621821048000925,1.5133693463212499,1.2611204934701068,617.2086197278002,205.42491886163197,1.507280059889251,0.9235294117647059,0.47111693797471155,0.23497148614888097,78.6024051672808,22.192305250378162,1.761119679710013,1.4483156599542675,651.8779414097656,187.6516372557826,10.47370953294904,5.223805166140811,11.601832400145126,6.762182410693551,0.1849094427112755,0.15206646353316206,20.72758562465565,17.797618723036322,0.7821943303722925,0.8313695880834652
stage1_soc,161,-1.6870036636844585,0.9886153575305889,0.14435516733529424,0.08528146803883264,221.1623378035468,6.289404465078431,1.519309886639648,1.2659978191739925,620.5976498004138,206.10134251350928,1.7315233296039059,0.9156862745098039,0.5020815033547746,0.2654335451650196,112.2110294421362,27.71473113676085,1.7938690446866385,1.4849021173429255,680.4972754673659,193.7378344551205,11.162103087634181,5.901027172384435,13.263128065772353,7.6713281469700965,0.1883479749681935,0.15590787279367896,21.208433357876242,18.280672380663088,0.7650618235033715,0.8313695880834652
stage1_soc,162,-1.6599995765547242,0.9866787946363076,0.148586151868079,0.08686667209189132,219.8527918693781,6.4082521178080345,1.5115569932997877,1.259303468348807,615.9024533006179,204.61952985549755,1.4970149002823174,0.9647058823529412,0.49288780458623704,0.25554145410401274,83.61153467562013,24.520847510728032,1.7510757267394421,1.4302507345144655,616.539806381485,184.92202172464474,10.957711942520518,5.681109610320409,12.43772497048236,7.047627354538502,0.18385487397991457,0.15016972969151623,20.501929906243937,17.451969947702988,0.8168395409770701,0.8313695880834652
stage1_soc,163,-1.6621135059773742,0.9883952935653296,0.14504729169438837,0.08600794922796338,216.62707535392335,6.4028027307911035,1.5084943714952215,1.2573924758768318,616.1267723953015,204.35644867528765,1.4901347641851388,0.9411764705882353,0.4697004155921477,0.23527273451818118,76.79607245780755,22.261427490992663,1.7771620552858534,1.4641030422028374,634.98595714061,190.4868276993581,10.442217895128344,5.230502416150307,11.384243724820681,6.783925688221047,0.1865938181467837,0.1537240658455351,20.96443036901866,17.509649211207375,0.800266345910591,0.8313695880834652
stage1_soc,164,-1.6842749041992748,0.9893782459434876,0.1438434002027562,0.08462117717488896,217.5415803215485,6.231092134897224,1.516493498824172,1.2638217674449068,620.2260700030625,205.519668490642,2.0600368378209133,0.9156862745098039,0.5451059912836815,0.297560083265325,120.51574469657157,27.96792603982784,1.75750570748344,1.4338421727512396,613.0254619490456,189.58400853565186,12.11860868751442,6.615253304453329,15.28190096098557,7.329064140160901,0.18452999229794545,0.15054681413986173,20.569362973472984,17.55756030444419,0.7521544771246994,0.8313695880834652
stage1_soc,165,-1.6899851461324449,0.9874856958422582,0.14558791191637466,0.0853139581168834,216.00494614854586,6.29942553220751,1.511838064884396,1.2596089266515327,615.823579669258,204.6180106196913,1.900071404027004,0.9058823529411765,0.5439615844012176,0.29734444036513713,115.661642439273,27.1119504872247,1.7608389036922047,1.4461377632530297,631.8686685629518,189.5290633982047,12.093166627787248,6.610459205754352,14.94556736132458,7.612355228794366,0.1848799625245637,0.15183779442569123,20.7256304294033,17.89090038458236,0.7426938776208112,0.8313695880834652
stage1_soc,166,-1.70047601312858,0.9881899005310877,0.14290767512243402,0.08435074494072739,214.19428659730121,6.209520960196073,1.5072668076977713,1.255504615115114,615.1938929357754,203.72267528558814,1.5919370927062688,0.9176470588235294,0.49963575669989996,0.2580395740584708,95.50937861537085,23.808111192945468,1.7590625374284596,1.4419071466753295,634.7303288794201,190.84090989223358,11.107730090211376,5.736646952904475,13.495996379379935,6.833401070502976,0.18469345226085793,0.1513935991999378,20.667839747965267,17.269418145410036,0.7677563318135594,0.8313695880834652
stage1_soc,167,-1.6607409957701784,0.9872949737390335,0.14869913922136646,0.08709861098771039,221.31460993373653,6.4375828857857,1.5095093829170172,1.25699647896343,613.2669324447694,203.92176755447593,1.6083715644537233,0.9490196078431372,0.49997089459564137,0.2572938757291173,94.37170158730963,25.809476692234405,1.7627957477735605,1.4516038908677942,645.2439207477748,193.58353943498764,11.11518076050264,5.720068844432236,12.812708732091075,7.028401428281174,0.1850854221266141,0.1524117126111954,20.744755038819427,17.68329688646183,0.7990283394644448,0.8313695880834652
stage1_soc,168,-1.6916674540526346,0.9873389865320853,0.14736424609785503,0.08626424109778484,221.60015302479837,6.303168434689873,1.5097286587368528,1.2575788785474373,615.7062817997062,203.72050659841148,1.2364372431063184,0.9274509803921569,0.4907478307096271,0.24120786172136957,79.89455931295662,24.469201979459722,1.7449431579138597,1.430628382648323,627.0050995379796,190.81718251370964,10.910136780209298,5.362450120332906,11.809807307164492,6.4729040503239546,0.18321098254142149,0.15020938100356335,20.493399906803333,17.726380385557512,0.7802266311792687,0.8313695880834652
stage1_soc,169,-1.6885554350051013,0.9886593703236407,0.1445628944447483,0.08490535571652358,216.59423279617786,6.275868974428243,1.5081960198768767,1.2559074213764818,610.7978292126177,202.76493903220498,1.8021209922491335,0.9372549019607843,0.49306402893013973,0.2530953823570527,80.69468373285937,22.897370899977098,1.7350693729823654,1.4256537514683956,616.6518539310209,184.0914219593906,10.961629701450192,5.62672938556231,12.558981266391065,7.505845930726193,0.18217428066921582,0.149687067676552,20.41595673958537,17.282778849705466,0.7893356932817424,0.8313695880834652
stage1_soc,170,-1.6703653576886066,0.9885126610134679,0.148191093589702,0.08638236123060224,222.74871897058037,6.261964886524579,1.509469511925183,1.2572958295573273,614.999045299536,203.70825988681793,1.634066322738049,0.9215686274509803,0.5338543089910405,0.27317962316869226,98.57591464997365,24.148311727600987,1.756845181353681,1.440551196024114,631.6129986533135,185.38595934518668,11.868465161372564,6.073235311151011,13.021714265060094,7.336467300416004,0.1844606401011827,0.15125123063626272,20.64552031737973,17.95656435371481,0.7614123347536682,0.8313695880834652
stage1_soc,171,-1.7120183681658898,0.9885420028755025,0.14413629784315712,0.08470539742055258,215.97629591410868,6.241990132647961,1.5118854647314393,1.2600414957918122,616.8264387657831,205.03975246157796,1.534071393106498,0.9411764705882353,0.4847610492135667,0.24673259287853452,88.59350047761916,24.50014497237401,1.7694638504646638,1.4571658388802817,613.5645545130023,187.20533452591945,10.777040715575053,5.485274040942794,12.223531118482967,7.284079764469944,0.18578554215068682,0.15299569149646206,20.8503682122939,17.107491081391537,0.7957481558241652,0.8313695880834652
stage1_soc,172,-1.678215601271382,0.9885566738065198,0.1448144367249562,0.08484637530476344,213.7618780644198,6.265648589572159,1.5125124926741842,1.260515269106838,614.5590503837566,204.82736930191425,1.463868096295525,0.907843137254902,0.4692701447539943,0.23580320001232857,82.1459275397983,21.62056326194484,1.7742139325110702,1.4524942776443912,626.3285830268507,189.78010799172927,10.43265226202101,5.242295542347035,11.639331855078845,7.01837694695738,0.1862842788544743,0.15250519911557944,20.81966508435496,17.484071141350714,0.7670620938287036,0.8313695880834652
stage1_soc,173,-1.7350034508178087,0.9887914087027962,0.1438273285117755,0.08371170975329488,213.82994606002336,6.024952439618822,1.5122608302746106,1.2603161720083815,613.5250373452999,204.89531303010898,1.6672413180856143,0.9098039215686274,0.4709567196417087,0.24043166983288292,85.21804831121635,25.984442981935196,1.739195303419246,1.4262100585900686,624.0539206958165,187.79276769584155,10.47014761414192,5.345194089554671,11.60843756044064,7.129954139338474,0.18260748433307739,0.14974547735820506,20.42310890250754,17.259680433404277,0.7685169056761149,0.8313695880834652
stage1_soc,174,-1.6959020743182993,0.9874856958422582,0.14472884415836762,0.08467500772003185,218.68734387640066,6.19976557837033,1.5116171493519326,1.2598653803819506,616.5265542873063,204.12482485888404,1.7141988656100104,0.9254901960784314,0.48874177036146377,0.24965642065759383,81.16726461049059,23.798890987774666,1.7806538891058776,1.467441516544889,653.8179978776698,189.87985706418326,10.865538737348531,5.550275573288205,12.1492142632167,7.050410700540567,0.18696044459082378,0.15407459025180165,20.99653792799991,18.240011817807062,0.7788676649699923,0.8313695880834652
stage1_soc,175,-1.7061501795100877,0.9884393063583815,0.14277787648315213,0.08391606799917888,211.36286458114233,6.140800557329914,1.510382281497211,1.2584135793616076,615.3325776903431,204.0918371014046,1.5383704681022494,0.9215686274509803,0.4865186140475102,0.24532002571093686,83.97160697796528,24.086250966054116,1.7592638095369233,1.4452589515961853,646.6111740593893,184.18800766836912,10.816114291734689,5.453870334099224,11.89898874950827,7.66700561776161,0.18471458490382256,0.15174552325548774,20.68855056610786,17.517041988868748,0.7756130432367273,0.8313695880834652
stage1_soc,176,-1.7334289024778697,0.9892168657022975,0.1420404603916604,0.08329372342736398,214.18566542679537,6.113018076196764,1.5090211900187744,1.2570341820081683,613.041788429657,203.8272317769235,1.7776007194145054,0.9549019607843138,0.5087309083335609,0.269821981121512,100.23984079377392,25.645139831777406,1.7701793185359906,1.4582013072336422,646.3911139445773,185.47709066240833,11.309930369357792,5.998589369383427,12.97024706339482,8.215032385494656,0.18586066299787907,0.15310441089717677,20.873600904025917,16.902973565193253,0.8022826882842455,0.8313695880834652
stage1_soc,177,-1.68953671489592,0.9877204307385347,0.14731053604373326,0.08702744801257548,222.56689578469854,6.4224100359302305,1.5108297094577054,1.2584935593226014,611.9180781131281,203.9021218451834,1.7012272189645206,0.9294117647058824,0.5018924692595051,0.26241993394260316,95.3312887794493,25.4487833383867,1.7625306631284499,1.448604637983383,630.5221169147184,189.5174069477431,11.15790054672324,5.8340296054438046,12.82387007870017,7.577789502916119,0.18505758946165476,0.152096804893227,20.74065045469929,16.930708896076823,0.7788440239280309,0.8313695880834652
stage1_soc,178,-1.7399270379142104,0.988468648220416,0.14252566383070656,0.08363187428365537,210.81084014304486,6.136404119426345,1.5124918153537217,1.259538489362799,614.2618279561119,205.40221560387198,1.7290020732318654,0.9333333333333333,0.48285339097242636,0.2537302235744017,89.06161278019282,24.581245318371288,1.7468715754526098,1.4430165198065488,655.3548713320648,187.98601911313335,10.73463031447223,5.640842956894814,12.604690960109272,7.249510452805316,0.1834134574876237,0.1515100782614212,20.61551811651495,17.597967515624504,0.7884773160416054,0.8313695880834652
stage1_soc,179,-1.787402606221006,0.9901558052874035,0.1396212662459741,0.08115091616105244,206.08653685212008,5.96598769773065,1.5090634645163215,1.2565619772855294,613.036647125853,203.59245249305445,1.4776285377203249,0.9274509803921569,0.4808855286256171,0.24597284629320104,91.05378987269276,23.832390757740285,1.754537129570148,1.427653919934642,637.4722278737897,189.28897122995565,10.690881476423845,5.468383616481213,11.725453501895485,7.220881711356607,0.18421830531044767,0.14989707613917003,20.501846151853236,17.99368861595235,0.7831853218044718,0.8313695880834652
stage1_soc,180,-1.7553075403958844,0.9891141691851765,0.14022941706038303,0.0826939537874176,210.38894210247298,6.06744585289067,1.5080165904596718,1.2568448460309931,611.23153835598,203.6392820612263,1.4623103010888192,0.9313725490196079,0.4824572685609247,0.23712600316194926,84.54099051838162,22.236058036615034,1.7315042175350397,1.4308916452833835,641.0786105550288,184.90623832688436,10.72582385742699,5.27170364645375,11.53286149033637,6.481939699487202,0.18179995579252567,0.150237022365872,20.442183150643604,17.34845043277979,0.7866353684513305,0.8313695880834652
stage1_soc,181,-1.729317809700081,0.9893635750124703,0.1436510204969713,0.08396110253421107,210.92683904623888,6.095013012424295,1.506212905132234,1.2548892289025013,611.3820023558592,203.32296314023435,1.4603057980537415,0.9431372549019608,0.4796266752338146,0.2360880875667813,73.1353107224943,22.336774080475998,1.7465208316505614,1.4340466176835345,628.6295356588223,184.7509674077956,10.662895081311436,5.248629064354792,11.435941897011823,6.5244702142887245,0.18337663100631274,0.15056827991469313,20.532179889825965,17.681086583249872,0.7992492523318164,0.8313695880834652
stage1_soc,182,-1.729765843279656,0.9879698365658285,0.14601999588415965,0.08501761106195758,214.14955264794534,6.167986194800637,1.5057865669070878,1.2543148515867233,609.8081648135623,204.4210042583502,1.7950168918160831,0.8960784313725491,0.5034566919300414,0.2595716736042032,87.20028652877814,26.65511312332438,1.746143177904945,1.434478889011285,614.5950541693574,187.97262449896274,11.192675806484607,5.770708062417005,12.627182288822164,7.291438703274269,0.1833369791050568,0.1506136664101342,20.545028785638454,17.417880840236766,0.7450414237935367,0.8313695880834652
stage1_soc,183,-1.7682399249986978,0.9899063994601097,0.14101123495973752,0.08234819187770749,203.96166909524882,5.937538106324446,1.5052326717036224,1.2538154993281903,609.9116289991921,202.69201680505512,1.737316951564714,0.9137254901960784,0.5435953047476015,0.2933920446436341,125.42787505099058,28.63239523709241,1.7466950368846508,1.4277167258893741,618.1263935989197,186.48806750409983,12.085023624658778,6.522590905106424,14.929279307760526,7.560137247048994,0.1833949217523216,0.14990367047470685,20.470185878332593,17.418803353609043,0.7506468987717979,0.8313695880834652
stage1_soc,184,-1.6958944657672925,0.9879404947037939,0.1460338276825232,0.08551308423044708,211.83784908615584,6.219730403526284,1.5004098694693724,1.2485144460178894,606.0292972640916,202.0427866060503,1.4982014735539755,0.9372549019607843,0.46690261583090054,0.23280970551457036,78.90927938185615,25.710579931471404,1.7455319643546066,1.4349695076033766,641.5510904986708,186.7963602327159,10.380018174276385,5.175745203501686,11.484908233756528,6.430924676432018,0.1832728045016651,0.150665179099188,20.537829501704742,17.475471239907186,0.7971841172115142,0.8313695880834652
stage1_soc,185,-1.785738001140902,0.9895836389777295,0.1421217177739011,0.08201115174709295,207.36197791289064,5.938970721947747,1.5068996792675613,1.2542412117137158,610.6942243144774,203.59519025290334,2.1435678407257677,0.8980392156862745,0.5770512562236576,0.3157576308430483,119.62110645791772,29.800619333792653,1.76428177408288,1.45539938484629,649.3894760401771,187.6410200241003,12.828804817105436,7.0198149157603815,15.440999871538722,8.00950131030379,0.18524144803437972,0.15281022197115737,20.814121344637087,17.81006151277814,0.7249238388191772,0.8313695880834652
stage1_soc,186,-1.7618355050913441,0.9898037029429888,0.14065685725628124,0.08212973410558787,207.27318017806192,5.95204218448184,1.5059054121921176,1.253518128239657,611.9934133498869,203.66777438141074,1.9807303092058968,0.9235294117647059,0.5191325648222244,0.29443733279830686,132.1531752443532,29.618468259426756,1.7576612120498611,1.4475353860789362,657.2952486439746,182.8372370728145,11.54117641453739,6.545829391409504,14.943085447109405,8.148339073959296,0.18454631956011125,0.1519845383754843,20.701457653550868,17.690289807552467,0.7677896423180386,0.8313695880834652
stage1_soc,187,-1.7790415972031386,0.9892608784953493,0.14050155464111552,0.08207076208495025,207.31277726066122,6.0111389127340455,1.508370938563965,1.2560829237396378,612.0120231946534,203.7488108256128,1.8411728550406063,0.9156862745098039,0.4786969562438132,0.25048324304687625,82.58979216834497,30.557659226406447,1.7691388188079262,1.461269178519062,645.8769801571851,187.66853630612857,10.642225888880356,5.5686572039252,12.34715155969486,7.69742283320506,0.18575141532602904,0.15342652323072944,20.882526882671606,18.213453038095267,0.7720771876366599,0.8313695880834652
stage1_soc,188,-1.7680378789433864,0.9886593703236407,0.1411922083000762,0.08287840315424312,210.86074977032072,6.05694129902394,1.5050845212588848,1.252814305628175,608.553300279444,203.01546352018408,1.378230989446827,0.9647058823529412,0.48547707173526833,0.24627981451431327,85.23801467748928,25.800084170788896,1.7380633953041902,1.4197586629904952,616.9788104638968,185.1076845060362,10.792959081710626,5.475208028266526,12.547662108628312,6.80359821438192,0.18248863920224007,0.14906811057912084,20.367023067807352,16.98743521389572,0.8190627608323607,0.8313695880834652
stage1_soc,189,-1.7919089846241514,0.9900384378392653,0.13929799845381957,0.08170978332129865,205.69597261569396,5.952061341500664,1.504455286373032,1.2526491056080629,608.4216085701474,203.69479235998637,1.8426725485745599,0.9098039215686274,0.5078770793319348,0.2661015204884404,102.14469993674962,26.8245274403634,1.762542129395527,1.461153740202095,633.4407574994001,195.3566595117972,11.290948337015069,5.915877369753188,13.118943226866966,7.675855554594095,0.18505879336680647,0.1534144027399395,20.873941074471993,17.68514765045439,0.7574407977690469,0.8313695880834652
stage1_soc,190,-1.806696507671287,0.9886593703236407,0.1420987169620457,0.08198528559965641,212.42005873422184,5.913642165091233,1.5103318908147025,1.2576943853627536,614.1232335608803,204.8954785214841,1.8717321989583033,0.9176470588235294,0.5131891103559654,0.26749218465285557,100.79388367618604,27.4125618247678,1.7520741278697225,1.4441973741951526,642.490445904419,189.16209090951028,11.409043581509753,5.946794136572443,12.927940394170271,7.700840739814263,0.18395970149318888,0.15163406252520273,20.648455892322332,17.55461233319473,0.7636903257167398,0.8313695880834652
stage1_soc,191,-1.7927078145871311,0.9901411343563863,0.13928259036351923,0.08088261392307002,202.6504232795349,5.817825465251616,1.5025847595694213,1.2511850154030457,609.6170188541474,202.94694840292854,1.9290077957452512,0.9392156862745098,0.5005076390515768,0.25518555201626586,95.09504468235133,26.41541043070985,1.7461863257156667,1.4419425906357812,634.0895065169553,187.573101758859,11.12711347841564,5.673197317662761,12.531746602882512,6.945916560177964,0.18334150942615118,0.15139732065229003,20.602232405943415,17.50037120691565,0.7890633945590367,0.8313695880834652
stage1_soc,192,-1.7627079444173488,0.9886887121856753,0.14058629393076924,0.0816873527142195,208.77565967241745,5.921354666687083,1.5020908898991885,1.2508680817149467,608.0184822929155,202.57407804454857,1.5438391540564742,0.9647058823529412,0.46985359670414784,0.2387493156079276,88.08203056191778,23.323886754535526,1.7625601226836602,1.449847284587575,636.0337030497577,188.5269846270102,10.445623364861445,5.307792569754808,11.805672331472525,7.05098333245305,0.1850606825790614,0.15222727705461134,20.760307816489007,17.27938813286107,0.8237498033416968,0.8313695880834652
stage1_soc,193,-1.7860012689717886,0.9898037029429888,0.14093062457564545,0.08156222111078434,209.90596218571926,5.834705938330203,1.502287625258818,1.2516992666807867,606.5249133952045,202.42074063149227,1.9323619057150447,0.9137254901960784,0.47269406848851714,0.2388262406137644,79.05691019507253,25.973411770824995,1.7764269961812047,1.4561738390110286,638.150043044629,191.35294559010546,10.508771755437074,5.309502739994958,11.812737332898749,7.140414362223475,0.18651664033146179,0.15289153608606795,20.867263196422666,17.744202179886045,0.7719172696495232,0.8313695880834652
stage1_soc,194,-1.7921226629261287,0.9901558052874035,0.1400943023506391,0.08165079553435921,206.32039007717356,5.876032045431022,1.5037828105974147,1.252677397865064,607.8144931618551,202.9483952421425,1.7731231172879538,0.9411764705882353,0.4989946579243877,0.26692451328568745,106.22466337908583,24.902063858455584,1.7886517458859756,1.4740109662799274,653.6954232556676,189.01341783915217,11.093477403000614,5.934173862218796,13.211970202173152,7.139613686182105,0.18780018266037737,0.15476435217055193,21.108849030643487,18.101186298681338,0.791478073210919,0.8313695880834652
stage1_soc,195,-1.7992507706561254,0.9902585018045245,0.1409851447128063,0.08180847028739427,210.00212291005434,5.866319437527066,1.503673035222184,1.2524488183202267,606.3020950556268,203.44255115850257,1.7484703428605024,0.9313725490196079,0.48642676853425687,0.24447191680836328,86.73174759946183,21.306805759438507,1.7482225669132234,1.4322808093153963,614.7320162958921,186.23764383968157,10.814072413911626,5.435015469028886,12.179729032379514,6.745526982337627,0.18355530535916123,0.15038287818132476,20.52977943576391,17.599826412733087,0.7854445184593308,0.8313695880834652
stage1_soc,196,-1.798306097884556,0.9893048912884012,0.1387978873234061,0.08114815695318932,206.85954165992214,5.913864375494795,1.503918033330817,1.2527791422745924,609.5202628018611,203.40710831931148,1.5106576021979836,0.9470588235294117,0.46612352101137433,0.22996113720788236,71.43014146102243,20.76134268625048,1.768863957678954,1.4535624980926514,631.7320372173289,189.9134333243382,10.362697606534923,5.112416813829956,11.079445211778193,6.563658548501514,0.18572255617536101,0.15261735733518048,20.795853390381996,17.903897027312578,0.8072217672259995,0.8313695880834652
stage1_soc,197,-1.8075716981186574,0.9895396261846777,0.138752919117756,0.08117245901421918,205.9150298553689,5.887341263204618,1.5040648604655595,1.2524800837179286,607.0426073121207,203.03005191792607,2.004590023732653,0.888235294117647,0.5163630792507145,0.2752558250080648,104.24911394749347,26.225542338323905,1.7385746608661596,1.4261567364684216,614.1291431475667,187.18482907621456,11.479606165001499,6.119392715490672,13.53983777861231,7.3493723572989165,0.18254231972789117,0.1497398787813954,20.41998156312682,17.25769080696391,0.7333263703424326,0.8313695880834652
stage1_soc,198,-1.8425778996996545,0.9911387576655615,0.1347039272367615,0.07895306097403136,196.74284027885173,5.75383413441125,1.506462459145544,1.2535551859689609,609.0393714573892,203.06577041564358,2.327894432404462,0.884313725490196,0.5320412772482336,0.28536526987365646,105.82256318112246,26.684262414795334,1.7453257047227755,1.4352357337360873,620.2246522390667,186.0819384002047,11.828158463995457,6.344142412491068,13.999221867639905,7.455287188335516,0.18325114819175325,0.15069313161508,20.54559340295844,17.397634398204264,0.724701342315726,0.8313695880834652
stage1_soc,199,-1.8329923209868135,0.9904492239077491,0.13844393677140693,0.07991494110791492,205.37114096433925,5.68394289756814,1.5000360420629137,1.248730302850875,607.0017821381704,202.31526218519528,1.6749410451627245,0.9196078431372549,0.5160582062089164,0.25580348232030575,86.3865907749505,26.11344094853731,1.7449128276215586,1.4399983337915996,626.0972533730095,189.10577933499147,11.472828332521214,5.686934931393958,12.34264394060978,6.837486025672529,0.18320779800063688,0.15119318265208076,20.587559445596675,17.51856391464412,0.76479038127458,0.8313695880834652
