stage,epoch,train_loss,train_cls_acc,train_soc_rmse,train_soc_mae,train_soc_mape,train_soc_medape,train_soh_rmse,train_soh_mae,train_soh_mape,train_soh_medape,val_loss,val_cls_acc,val_soc_rmse,val_soc_mae,val_soc_mape,val_soc_medape,val_soh_rmse,val_soh_mae,val_soh_mape,val_soh_medape,val_soc_rmse_raw,val_soc_mae_raw,val_soc_mape_raw,val_soc_medape_raw,val_soh_rmse_raw,val_soh_mae_raw,val_soh_mape_raw,val_soh_medape_raw,val_score,best_score_so_far
stage2_soh,0,0.4397166961861036,0.9901558052874035,0.13652447716910304,0.0836588212221098,209.5931698717389,6.388755307349745,0.6626305431173025,0.45623264826219295,172.1743486770982,54.71594755561978,0.16517348534920637,0.9745098039215686,0.47615350876249524,0.22923481178780397,77.34550846964356,20.800575883177935,0.5894083276722232,0.4439198351264292,138.32578128879368,47.63571483170046,10.585680840327962,5.096269397205536,11.55350645176559,6.548132695182344,0.06188515559442363,0.046609534983576756,6.197391490207199,4.031616076967776,-0.5894083276722232,-0.5894083276722232
stage2_soh,1,0.05896929472781925,0.9905372494938529,0.1354983711879789,0.08320849739395464,209.45836007925217,6.388432338531969,0.4754952453847639,0.31917950720164884,144.85584911966117,34.97499473912112,0.1513949380201452,0.9745098039215686,0.4811944108141169,0.23487139161785736,79.39342491137896,20.878338173370935,0.5728172313847251,0.4073673267100079,130.04655541832014,43.99180893462853,10.697748438873031,5.221579898995279,11.747809402131061,6.505044730153732,0.06014316701531949,0.04277169020854557,5.56772229741654,3.4676030935745303,-0.5728172313847251,-0.5728172313847251
stage2_soh,2,-0.06218337450857569,0.9906546169419911,0.1355147192171379,0.08309292578864579,207.51278213659853,6.35642947843129,0.42447596845913266,0.2838358079914106,134.30384770998086,30.276332184466504,0.11335287029836692,0.9745098039215686,0.4774423042875518,0.23155644605045808,77.51895844534022,22.54673797483538,0.4992428702121505,0.3277132723498724,125.64226590040701,27.182430767143956,10.614332898636109,5.147883170663383,11.503687332569182,6.647932887689414,0.05241819847456763,0.034408381927389146,4.34978420953805,2.429017603263662,-0.4992428702121505,-0.4992428702121505
stage2_soh,3,-0.1365666252210776,0.9906692878730085,0.1358413615097066,0.08342420878306966,211.3391454316151,6.386777203476003,0.3956887766733538,0.26335983114509687,126.15025776635525,27.87262378756146,0.12517486454225055,0.9745098039215686,0.4738421843918273,0.22849301831778504,78.20990219222882,21.12900330200231,0.5205968195470106,0.34938347678375886,114.37920599662775,33.277091658336744,10.534296272838475,5.07977810022136,11.41547365707135,6.596049608447823,0.054660264653649766,0.03668365343305374,4.700605300373452,2.716142043391784,-0.5205968195470106,-0.4992428702121505
stage2_soh,4,-0.1684392449072712,0.99039054018368,0.13561394175260125,0.08311451028805233,210.72728383047524,6.373994772678973,0.3752595654199315,0.25276851906807646,123.70809306782219,26.78744379615148,0.1330297034745123,0.9745098039215686,0.4777609468383111,0.23419368436706126,78.33249108975615,21.34181284749555,0.544523949360652,0.37527550450142694,131.18948992748003,35.784725909951284,10.621416850098006,5.20651334476837,11.871680129221463,6.589562043792588,0.057172502913487556,0.03940219690917188,5.089241329341623,3.043551461667995,-0.544523949360652,-0.4992428702121505
stage2_soh,5,-0.2320852048790403,0.9905372494938529,0.13582696069276448,0.08329004406443516,210.6395913014588,6.365827355018841,0.35961262721185816,0.2395355693902372,117.90159162356234,24.702615506748863,0.1357734223791197,0.9745098039215686,0.4772061228302596,0.2306196878938114,80.1066537523015,21.410572777700793,0.5504711910910834,0.3674775699683118,119.45137669671963,32.17290653098412,10.60908219380817,5.127057485903425,12.090541464206238,6.409916991241427,0.057796935861863,0.03858344975335408,4.976856109115137,2.811479860421864,-0.5504711910910834,-0.4992428702121505
stage2_soh,6,-0.2498767345200185,0.99039054018368,0.13594521067786375,0.08333292239939175,209.69644038604562,6.354897350133822,0.3496714809073036,0.23327599794312703,116.11178657661324,24.24391931994809,0.13675523768453038,0.9745098039215686,0.4780439407338694,0.23345485547301817,76.24756447035914,21.622716953830896,0.5533235792478549,0.361039954224857,128.93944363267238,29.83972067995304,10.627708272933317,5.190087955216417,11.63292843408201,6.649206099500621,0.05809642346088391,0.03790752979559882,4.891539127885772,2.704400251893734,-0.5533235792478549,-0.4992428702121505
stage2_soh,7,-0.27669897982273256,0.990595933217922,0.1363269600859051,0.08331022170832189,213.45829404078742,6.392422076137951,0.34529187192128363,0.23036840474173323,114.77142982296557,23.767010785685954,0.12302269830423243,0.9745098039215686,0.4781019076763534,0.2295556473783126,73.2263220030603,20.679131733454874,0.5258669639586339,0.3381144243420339,116.85843230153073,30.043700835208963,10.628996974037337,5.103402103571954,11.293257201963028,6.240523125200127,0.05521360550685156,0.03550045490833644,4.577035256663518,2.4243865709745793,-0.5258669639586339,-0.4992428702121505
stage2_soh,8,-0.31569588492077627,0.9905812622869047,0.13616031716140922,0.08370891644609076,212.88520348263003,6.421387819873061,0.3364482467590975,0.22292373087881837,110.37997120312829,22.87268359059512,0.12695484751579808,0.9745098039215686,0.47495433411545923,0.23342002228851996,78.17515538858211,21.214148621262375,0.5372752181791142,0.34673945537823087,114.32115856372886,29.3665547871238,10.559021202518451,5.1893135558536825,11.983745138953978,6.691728551803139,0.05641141957623094,0.03640604338176333,4.658455751228595,2.6410404788508055,-0.5372752181791142,-0.4992428702121505
stage2_soh,9,-0.33182225428485124,0.9909040227692849,0.13632841450903,0.08333388807144095,210.05014744777156,6.383604418976101,0.3311309981708056,0.2193693720209447,110.12561944280495,22.30729887248344,0.11832671817026887,0.9745098039215686,0.47755335582302305,0.23084007046532398,76.45225471138929,21.393547042486304,0.5167491557991785,0.3296673541505109,105.41389781130542,26.655401006517586,10.616801758131405,5.131956955343157,11.473383992849467,6.578982816449651,0.05425627770855518,0.03461355150270604,4.445718238798265,2.334590929635038,-0.5167491557991785,-0.4992428702121505
stage2_soh,10,-0.357863563119391,0.9901264634253689,0.13656165818645385,0.08372885965408948,212.4833196318784,6.369660326001508,0.32725263845248304,0.21564724939985747,106.39426768922529,21.790072380871415,0.12154661171576556,0.9745098039215686,0.47243394719817544,0.22644654753088367,77.56280236611293,19.844428726285678,0.5256969199650751,0.3476401323196935,115.03682946818662,30.552348033320854,10.502988828484613,5.034281666402161,11.47920165185429,6.207825299612919,0.05519575167190348,0.036500610305992,4.579706332142048,2.8119744417180383,-0.5256969199650751,-0.4992428702121505
stage2_soh,11,-0.3800604280352939,0.990698629735043,0.1359814073244059,0.08302627161164558,209.5495303916546,6.353414122386658,0.32113135324172126,0.21202498275457843,106.80202637105137,21.42718620430615,0.11875341923213473,0.9745098039215686,0.4750771024098181,0.2288820452586401,75.36781610340601,21.94804557199495,0.5200631711453252,0.32891736321114734,117.02507595890452,29.264762276043655,10.561750544962596,5.0884268132065555,11.469022678510338,6.550049184335463,0.05460423403307566,0.03453480591361634,4.449489765538019,2.4720541237679514,-0.5200631711453252,-0.4992428702121505
stage2_soh,12,-0.4017447838148479,0.9906546169419911,0.1360109923647104,0.08342246690465303,210.0089014712215,6.380904826116112,0.31877823042095366,0.20935802971985,104.64435546284044,20.988969011816813,0.12547065294256396,0.9745098039215686,0.47787726950828563,0.23167774230424387,76.82314201368298,20.216546046319838,0.5337354237439548,0.3410505363206361,118.12313541152639,29.387328603014996,10.624002895640432,5.150579787208415,11.693479408628521,6.370874036983121,0.056039757488833455,0.03580873312244999,4.6312566917428954,2.609090939788988,-0.5337354237439548,-0.4992428702121505
stage2_soh,13,-0.41013698441850543,0.990493236700801,0.13638869060877581,0.08347275378630278,210.77241607375927,6.409168556713448,0.31630222168972905,0.20746263726346134,104.19146509288532,20.734532337743733,0.13393472999918696,0.9745098039215686,0.4816634181823436,0.23313252166890558,76.96103588148922,20.604867153999557,0.5506021537926691,0.35514572392966526,130.44369727690292,28.785156387026433,10.708175249177787,5.1829219410810765,11.594877662220755,6.27434434960413,0.05781068634142732,0.03728866280339343,4.8307424036789355,2.6067520208788455,-0.5506021537926691,-0.4992428702121505
stage2_soh,14,-0.4354700750229536,0.9904198820457146,0.1360212894999552,0.08330583000384405,209.8870433657109,6.37702644773458,0.3104040621100792,0.2038710285054222,101.70821379060287,20.403311668008932,0.1393132285744536,0.9745098039215686,0.47460243747525604,0.22945936525642288,77.5649438068282,20.398762891412904,0.5605727427776355,0.35972495632538315,125.90256820877705,29.27329976396843,10.551197957591292,5.1012615925934615,11.342138393129886,6.489594682596297,0.0588575521927117,0.03776946108195054,4.866038946024,2.4758515546661863,-0.5605727427776355,-0.4992428702121505
stage2_soh,15,-0.45451610699627853,0.9905225785628355,0.13549758612881216,0.08310943319971638,209.52921780579473,6.358553783643268,0.31072185937205327,0.20292473584694654,103.21015433330317,20.258962162380016,0.12739146094696194,0.9745098039215686,0.47562374176329897,0.23065827307565248,76.46666699649475,22.345755702066782,0.5335366370088741,0.34278231907599405,109.82630423206983,28.078690732504967,10.573903242830454,5.127915298379064,11.506350380310032,6.385473744041642,0.056018885798609544,0.035990562323429086,4.691416214056847,2.47226623202846,-0.5335366370088741,-0.4992428702121505
stage2_soh,16,-0.4612200682821739,0.9906692878730085,0.13656195549198533,0.0834379814455014,209.34654380883853,6.367248587141441,0.3068713372339218,0.20046508694341958,100.53915386244407,19.90303258635928,0.13516276341442968,0.9745098039215686,0.4742266354571392,0.22692989003205416,76.94694588530815,20.52628063610653,0.5509373063243265,0.3605881061258854,126.26207284961752,32.56105251640652,10.542843256534326,5.045027170446127,11.353036397258077,6.316721275578285,0.0578458758112663,0.037860087829482816,4.930652324644285,2.6325962988703973,-0.5509373063243265,-0.4992428702121505
stage2_soh,17,-0.4878200137266471,0.9904198820457146,0.13530235897935308,0.0830556474305788,208.54777672537705,6.3739603869257735,0.3052348241947818,0.19811170468875525,100.99372463774387,19.466107738428228,0.13367905657665402,0.9745098039215686,0.47623828923212924,0.22981032437790988,76.05236679800858,21.000312231249286,0.5470785545268114,0.3612534904322934,130.86652678836052,32.06448804938792,10.587565650534172,5.109063994927362,11.364042302299392,6.3191225735978716,0.05744072467210175,0.037929950112384,4.928542904766811,2.7600888491936435,-0.5470785545268114,-0.4992428702121505
stage2_soh,18,-0.49043902071746337,0.9904492239077491,0.13617510751310316,0.08373630841818246,211.96204434294955,6.4432801995272095,0.30394648574022604,0.1970321636814895,97.94466723736369,19.31877519156611,0.11324734506653804,0.9745098039215686,0.477741192312274,0.23196409776551175,79.06299586619771,21.484835428945217,0.5056458441645768,0.3281955852118485,119.47746233512213,29.21963519252558,10.620977674277745,5.156945943215004,11.798597863385963,6.52569917538335,0.05309048120405987,0.03445902255309334,4.472279649281005,2.5466436106396193,-0.5056458441645768,-0.4992428702121505
stage2_soh,19,-0.520054534846728,0.9905079076318183,0.13507145907397605,0.08314883604531899,208.48586972286597,6.415284521296419,0.2995359707847303,0.1937795554603,97.46630956392565,18.889807937083592,0.12490991669542649,0.9745098039215686,0.475637426220863,0.23094876773801504,79.00851756026242,21.68351137284052,0.5278903061397756,0.34274571088014866,128.18860311016164,28.410537937702873,10.574207470978688,5.13437347567903,11.803384846755634,6.6419286512218765,0.055426047102638355,0.0359867186317309,4.655327066827073,2.496303384077446,-0.5278903061397756,-0.4992428702121505
stage2_soh,20,-0.5147321541132857,0.9904785657697838,0.1355923679789414,0.08296522603549498,214.027858832155,6.314472115681534,0.2983847614761931,0.1933315434524933,96.81004676941157,18.933629118071117,0.12443425818985583,0.9745098039215686,0.47606508767600664,0.23140856976456503,75.65528793945016,20.701118582993967,0.5277676003833136,0.3443316738230779,125.3756329627279,29.076839396090094,10.583715093181508,5.144595635997546,11.488531246520797,6.556655574907408,0.05541316356422454,0.036153237425039744,4.621954972669873,2.4965169016301685,-0.5277676003833136,-0.4992428702121505
stage2_soh,21,-0.532538679024482,0.9906839588040257,0.13618090392990811,0.08342133186394488,210.5696641701841,6.396522091128569,0.2976834704478234,0.1918389341841134,97.54891829390583,18.676164723896854,0.12245710722956003,0.9745098039215686,0.4740328846070054,0.23015800237874776,76.74946260504093,20.28155855311206,0.5218957201210513,0.340026704654755,115.02238370911857,29.85381484154529,10.538535854353485,5.116793452516865,11.583064140743234,6.572215714170401,0.05479664322238098,0.035701235520243076,4.6778172711929935,2.391176745418393,-0.5218957201210513,-0.4992428702121505
stage2_soh,22,-0.5615460153970041,0.9904345529767319,0.13626941560334896,0.08350249532726754,209.71044792641428,6.380754123827357,0.29302594238934804,0.1881776485508958,94.68463448518513,18.06984096514948,0.13050596278672125,0.9745098039215686,0.4776788077483962,0.23194616147335254,74.69875348128062,21.2298209389488,0.5398553175917029,0.3494598542084443,127.07270941623743,27.50640532332394,10.619590762136136,5.156547189744197,11.882821820343649,6.750154201606155,0.056682318113120855,0.036691672710333426,4.766540680471751,2.5062916396069044,-0.5398553175917029,-0.4992428702121505
stage2_soh,23,-0.5697259956890525,0.9908159971831813,0.13551169344024952,0.08313778828637515,206.25985862862282,6.3850264718110665,0.2913849317040786,0.18798798420956178,95.78568841552251,18.124422599233053,0.12016832878192266,0.9745098039215686,0.47411100999413464,0.22753826498656587,73.35684767871719,21.6624702861372,0.5175539864535075,0.3400293239593214,118.61874615296297,29.161506688070848,10.54027271105717,5.05855235293706,11.291671372102247,6.228084096255334,0.05434078121475267,0.03570151053514028,4.636770535880028,2.6151390205982166,-0.5175539864535075,-0.4992428702121505
stage2_soh,24,-0.5609748826938868,0.9905665913558874,0.13610664692207827,0.08346235318632933,210.01662163717546,6.378366633725117,0.2927485804281033,0.18855640946776953,95.36557299139956,18.227927108704915,0.12436692028069028,0.9745098039215686,0.48011140215653003,0.23258264386369026,79.1321831887576,21.675027180931583,0.5263207783880309,0.34146666656266533,122.42733012437208,33.21037910903907,10.673671363338457,5.170697247069438,11.615897056352024,6.5702674113603114,0.05526125392859195,0.035852424878345654,4.6603807487409155,2.41378812402523,-0.5263207783880309,-0.4992428702121505
stage2_soh,25,-0.585103852231508,0.9906106041489393,0.13657545680595062,0.0834796879256801,209.85743171743187,6.391910490765127,0.2888456478739801,0.1859081009708736,93.39455826603822,17.92371811486057,0.1201865314560778,0.9745098039215686,0.479766987097734,0.23330092802461164,78.43618467670204,21.096519949509645,0.5189559404350695,0.3419673311304958,134.63445901669698,30.477690771893062,10.666014446352813,5.186665893189336,11.670133517419837,6.29659327751238,0.05448797991591089,0.03590499234851217,4.649057241971099,2.6216728114878376,-0.5189559404350695,-0.4992428702121505
stage2_soh,26,-0.5821652838318166,0.99039054018368,0.1361550157440963,0.08347461978862382,207.780584291291,6.329654209263257,0.2900211593002918,0.18636392824764927,93.52039056665178,17.957703841522623,0.12362197976486355,0.9745098039215686,0.48329994767653983,0.23977376417275154,78.98333239507322,22.841272912584916,0.5248490915753917,0.34516217359250373,123.20316338686233,29.104281843745717,10.744558009343448,5.330567757472614,12.162686006046039,6.5543505472775765,0.055106733601832866,0.03624043606991643,4.725442698086887,2.6476478224476927,-0.5248490915753917,-0.4992428702121505
stage2_soh,27,-0.6037551640348428,0.9906839588040257,0.13641521894284397,0.08355542347102801,209.0537467176688,6.432993979283214,0.28660735102937074,0.1838645248633843,92.153429564549,17.7096747757073,0.12015129205058603,0.9745098039215686,0.47499468943605305,0.2330510418542533,78.63452406215507,21.78834649587827,0.5173471684410837,0.33269797634589027,128.7269720063952,27.041152786348466,10.559918368109281,5.181110509899817,11.635000746424137,6.6745552390334,0.05431906627745425,0.03493175285362632,4.5280831752331805,2.3567386865368136,-0.5173471684410837,-0.4992428702121505
stage2_soh,28,-0.6216884641638805,0.9904052111146974,0.13672928323285236,0.08370360803717306,211.60495135366332,6.397660473350154,0.28550659571216086,0.1824208974175597,92.08496870586885,17.269501637150128,0.11221843160250608,0.9745098039215686,0.47339600461801823,0.2332395680632223,76.82063513709113,21.046413473102664,0.49988628637614535,0.32024874209481125,122.40013870507546,26.80848876998342,10.524376957751986,5.185301759657421,11.692006700404733,6.56493172150066,0.05248575420384963,0.03362464068284631,4.325310534911131,2.28026610264788,-0.49988628637614535,-0.4992428702121505
stage2_soh,29,-0.6223193118470868,0.9903611983216455,0.13642355997779124,0.08345654553724324,208.29322412197524,6.370851086327778,0.286156404785903,0.1821020520901438,90.31239516962441,17.40447225634104,0.1329273734314769,0.9745098039215686,0.48011654684111693,0.23405559930548656,78.92910394482026,21.204266459238273,0.5424577538822885,0.357217260335079,124.39995463231286,30.537614919723467,10.67378573819459,5.203443485229907,11.55263104649053,6.283593127023525,0.056955561919165315,0.03750616457041942,4.904663781966098,2.7840819102789864,-0.5424577538822885,-0.4992428702121505
stage2_soh,30,-0.6257049254361482,0.9904345529767319,0.13644000138436874,0.08362124761809003,208.40662858307536,6.450204383435029,0.2843947282483294,0.1811840077467477,89.82902416167592,17.215419106425806,0.1197286578077896,0.9745098039215686,0.47467756242085335,0.22901505047418907,71.44153956549306,20.47628069158399,0.5158215909673816,0.33659474565373626,122.34290116964281,31.394892799596985,10.55286810951206,5.091383739357452,11.653655461487798,6.492867664815496,0.05415888767986934,0.0353408956560092,4.598449856372939,2.566681711984822,-0.5158215909673816,-0.4992428702121505
stage2_soh,31,-0.6502129582281645,0.9902144890114727,0.13510693288562814,0.08294682550007801,210.85482683716577,6.330885482014859,0.2809034355481219,0.17881246735503825,89.8765758446623,17.064360515696713,0.12877979132474637,0.9745098039215686,0.47741048740982084,0.2317372575657917,78.48265020450422,20.980530605234215,0.5324247780334557,0.3539954367915497,135.50517241522536,27.001788861573907,10.613625556766738,5.151902910008689,11.6765207612008,6.583629442198083,0.05590214573495186,0.03716788795991323,4.8379857214761595,2.6400832180049782,-0.5324247780334557,-0.4992428702121505
stage2_soh,32,-0.6549044377590925,0.9902144890114727,0.13662310072085831,0.08339439316334071,207.95876390929072,6.345184844817922,0.28053492868853136,0.17833172750438023,89.03566828436257,16.963274750585022,0.11453257948160171,0.9745098039215686,0.47878077635153204,0.23176963033300696,77.90820976013907,21.71936758420471,0.5030179145906203,0.32290947584289253,113.47630221746982,26.475067401658514,10.644089348651175,5.152622610221651,11.817043815742649,6.617596674717413,0.052814560720856364,0.03390400545301445,4.434509956531653,2.3460895513628164,-0.5030179145906203,-0.4992428702121505
stage2_soh,33,-0.6563569291971829,0.9907719843901294,0.13626988557198808,0.08360725381975198,212.22343606527056,6.420038479395261,0.2804653168689051,0.17806093785403657,90.44565048516822,16.86694791070965,0.11698730728205513,0.9745098039215686,0.4753273429162235,0.22843783151577501,73.65370275663666,21.200734094503193,0.5096126072523695,0.3336064816616914,119.90156655560855,28.734877445549806,10.567313805729096,5.078551206242999,11.480683483088008,6.386293333004634,0.053506973030471215,0.03502714172104995,4.528416944233942,2.54959914682786,-0.5096126072523695,-0.4992428702121505
stage2_soh,34,-0.6755669613909523,0.9908159971831813,0.13638398281783254,0.08348281513349409,213.1696439929708,6.381991402584274,0.2777499223677472,0.17590513248998468,87.08827138022677,16.508304464477252,0.13969379190136405,0.9745098039215686,0.47921234863746787,0.2367708247867139,80.58699097582715,21.448681482534553,0.553989124816247,0.36861397203642365,135.7249437326574,31.354506077725368,10.653683915097448,5.263807443123443,11.841510322174322,6.591320620726389,0.05816630267554955,0.03870276672853267,5.031839198325776,2.7786894516159726,-0.553989124816247,-0.4992428702121505
stage2_soh,35,-0.6786408132798956,0.9903465273906282,0.13570459078063923,0.0832421537644188,210.40911695224221,6.351133175872289,0.2760695622277464,0.17550724241057022,87.56986476240907,16.55630161117952,0.13144718537143632,0.9745098039215686,0.48211502938748046,0.23659579133724465,78.26396612478416,20.83049957328483,0.5372057408344301,0.3541581925406468,139.64352044511472,30.417873070131318,10.718215313975207,5.2599161597487205,11.82380231248442,6.398139947965747,0.05640412477552283,0.03718497656281189,4.870009265104197,2.66714758595381,-0.5372057408344301,-0.4992428702121505
stage2_soh,36,-0.694095172249254,0.9902878436665591,0.1365476225330945,0.08342062801279303,210.19046299274535,6.400088782486124,0.2761731312564968,0.1745288160397826,87.71672024221587,16.335569126688863,0.1172535857149199,0.9745098039215686,0.47864382340469774,0.23105293602920046,78.18844503814067,20.898733150837963,0.5090234083301864,0.3324234790460882,121.60576448921492,27.23759592858136,10.64104465789777,5.136689309257653,11.532327754866916,6.577239467276949,0.05344510986148721,0.03490293190334286,4.538034206224339,2.4102919702627403,-0.5090234083301864,-0.4992428702121505
stage2_soh,37,-0.6960995050947248,0.9904052111146974,0.13568955563213275,0.08328649750761768,211.57420406575702,6.394219965017447,0.2767185585558771,0.17452884467129773,87.9126810923847,16.56976430214634,0.13026817739009858,0.9745098039215686,0.4742173810416513,0.23048793446163043,73.06439454868915,22.56794878731216,0.5344416093464052,0.3581716898025251,140.39054314023883,31.541057821797853,10.542637515556015,5.124128388969308,11.635875420633505,6.63769404913327,0.05611390371961167,0.03760637526192776,4.89275808316433,2.6074221576526613,-0.5344416093464052,-0.4992428702121505
stage2_soh,38,-0.7100966483969311,0.9907426425280949,0.13587399982350587,0.08331936883240267,207.89252097733944,6.378480416284694,0.27563373798445434,0.17343368960017894,86.93174036867552,16.208543735000504,0.10911078727712818,0.9745098039215686,0.47680101049719004,0.23029282090491524,77.76431654692757,20.758509437691263,0.4917017501961902,0.3207888643659067,135.17274347791044,26.109949734859327,10.600075875922368,5.119790691565006,11.566120221222604,6.35784630749151,0.05162641565842212,0.03368135102984592,4.3512121534895405,2.2839768182499083,-0.4917017501961902,-0.4917017501961902
stage2_soh,39,-0.7139512168815804,0.9903611983216455,0.1365600663750441,0.08342104672720815,211.2079510144735,6.342847715837127,0.2738667262079917,0.17275904510487006,86.6302733481566,16.19447064394472,0.12049899121709898,0.9745098039215686,0.4801905262425746,0.23497594501823188,82.22875710619748,21.168233142728567,0.5145307262196429,0.33693927102265697,130.4449369384926,27.59690610920325,10.67543042277252,5.223904294188779,11.809095272690989,6.423679679549204,0.05402335283583233,0.03537706923052601,4.618004321812525,2.4329628550924305,-0.5145307262196429,-0.4917017501961902
stage2_soh,40,-0.724339497921518,0.9906839588040257,0.1359966548719234,0.0831220263824792,209.8813708117568,6.355086179499395,0.2725737389091674,0.17140144857863393,84.860685926936,16.047759424996002,0.11933682283350065,0.9745098039215686,0.47313242293573576,0.22843706150009643,77.15738826078065,20.688445849347293,0.5106810810550935,0.33635286070662096,130.07090827175506,28.008252785262687,10.518517100557505,5.078534087519592,11.413482138782632,6.2266564518210545,0.05361915785112227,0.035315498852324226,4.6314035444613495,2.3480594484169988,-0.5106810810550935,-0.4917017501961902
stage2_soh,41,-0.7338218645591844,0.9906546169419911,0.1364198034815164,0.0834295916154203,207.5216401779095,6.370963611829808,0.27081801695446633,0.1701751056420794,84.40402616780355,15.830532728128553,0.12124665525614046,0.9745098039215686,0.4769719679417644,0.2280777357208232,70.86486140541096,21.248325162351314,0.515726981264553,0.3491922815914686,144.209701906097,30.537686435044353,10.603876542959865,5.0705456805309,11.39408923002501,6.315307544700108,0.054148954097486116,0.03666357881980469,4.778567408186165,2.8705545675703172,-0.515726981264553,-0.4917017501961902
stage2_soh,42,-0.7400932417016352,0.9906252750799566,0.1357368398714168,0.08316941544078363,212.02661635949616,6.374833650201254,0.2691435792263527,0.16942287283180144,84.30974499322555,15.953438686685992,0.12323549579755932,0.9745098039215686,0.47880013458964027,0.23615968519566105,79.33903308093467,21.917838931985955,0.5202125621160665,0.33977097307386644,140.7751217477447,27.7601295121437,10.644519714334665,5.250220798184949,12.07534109017135,6.8944618859526745,0.05461991939589576,0.035674384883883394,4.629657887057964,2.2992051074778184,-0.5202125621160665,-0.4917017501961902
stage2_soh,43,-0.7348612268843886,0.9908453390452158,0.1357778796185107,0.08302457355713314,208.57781440143327,6.350456729973139,0.2707387367700301,0.17035226180642107,86.7230274993485,15.874527060561881,0.12151190732039657,0.9745098039215686,0.4752527749549112,0.22988674048809152,76.47462242603267,20.021261767208525,0.5170859626528209,0.3423038629961072,141.40071752447304,27.44272043001471,10.565656036491152,5.110762851574546,11.488075149663295,6.521462707261258,0.054291640874571584,0.03594032664205378,4.679240636256578,2.473615964850532,-0.5170859626528209,-0.4917017501961902
stage2_soh,44,-0.7491812297885209,0.9908306681141985,0.13617065108271753,0.08332915497767064,209.97145878521985,6.349694600700369,0.2690166610413777,0.16858710128304777,83.6250174027841,15.624193038005156,0.12844841959429723,0.9745098039215686,0.47833495062898457,0.2345192089530767,79.3408806680465,22.116710312891914,0.5290414038908839,0.3488520166288842,135.01196202475626,26.728754349572803,10.634177904710414,5.21375029526821,12.000865649123508,6.598671865336689,0.055546907056743616,0.036627852568300874,4.81869841182237,2.37663744795348,-0.5290414038908839,-0.4917017501961902
stage2_soh,45,-0.7488251194711589,0.9905812622869047,0.1363144009512373,0.08343232558375097,209.79357904964453,6.423134680142228,0.26972402907286,0.1690551326873646,85.74229397404183,15.68564024701508,0.14131735066572826,0.9745098039215686,0.47943673493752553,0.2324652957638689,73.75346386948985,20.332108138225006,0.5547413135916834,0.36221019833659135,139.25082516275873,26.945964226544827,10.658672394051484,5.168088404523772,11.53671313330168,6.447734128759827,0.058245279027288765,0.03803040002925184,4.955395268672001,2.474030836454585,-0.5547413135916834,-0.4917017501961902
stage2_soh,46,-0.7571081084487464,0.9907426425280949,0.13658843720364292,0.08359705032182857,209.9930125331866,6.394546506509027,0.26722435187429194,0.16813581567007535,83.09990282570443,15.688580162428938,0.11518334018833497,0.9745098039215686,0.4750296445684244,0.22979889045670338,78.37444017908545,21.059267476043477,0.502458570729731,0.3312740572983874,131.88295491719197,27.086551237066026,10.560695478575141,5.108809799928442,11.765988634444453,6.732299362393196,0.05275583219559336,0.03478224792186433,4.53679849763983,2.3558504141618952,-0.502458570729731,-0.4917017501961902
stage2_soh,47,-0.7715046087053159,0.990595933217922,0.13605911050913055,0.08325781309242153,210.33296987510042,6.382455191746507,0.2663791092434402,0.16708780872377824,83.25505854760446,15.491907054689573,0.12533642579527463,0.9745098039215686,0.48170977736852083,0.23317970944404165,76.93357726634805,21.29918539625472,0.5236645479225344,0.3376026240487893,138.15720357542062,26.901040786213137,10.7092058906408,5.183971003448492,11.928152644026376,6.282763365455024,0.05498236198232254,0.035446718238368105,4.637335806751541,2.2303904754406636,-0.5236645479225344,-0.4917017501961902
stage2_soh,48,-0.7801145207664713,0.9907866553211466,0.13557608400201138,0.08322588691591148,212.89394081981925,6.370836796095193,0.2676490796337526,0.16673519996417732,83.68540585010469,15.421054713376158,0.13089947063548893,0.9745098039215686,0.4778470846962172,0.2340957464942453,80.07091395401565,21.599139272939603,0.5360295787532308,0.35260281153936307,138.2984470890768,29.490659377523453,10.623331837292856,5.204336023705452,11.74008632612174,6.89140453892769,0.056280633182374265,0.03702166873230804,4.817687884594134,2.635846613192388,-0.5360295787532308,-0.4917017501961902
stage2_soh,49,-0.7806441066519119,0.9901264634253689,0.13644479872845303,0.08349240660003011,211.24438667126026,6.394759244737941,0.26534069169548385,0.16562687670851087,82.53193566400665,15.339406422921236,0.11845608783118865,0.9745098039215686,0.4777649436759118,0.23283629538765288,75.90609866485403,21.916958270439963,0.5098166655594621,0.3300344267768749,122.29980820391071,24.923564319418436,10.62150570641521,5.176336340403664,11.548086626969424,6.6204915301193985,0.05352839821143979,0.03465209243524883,4.504626850962022,2.19750733374089,-0.5098166655594621,-0.4917017501961902
stage2_soh,50,-0.7919819111160289,0.9907279715970776,0.1361154867513629,0.08330270697596556,209.55693915870677,6.377848331998553,0.2627825389260157,0.16446731431771835,82.06578490004888,15.310202607722534,0.13874510573405846,0.9745098039215686,0.47846104736510187,0.23163945300175864,76.29868190831489,20.16094045469825,0.5481098719211359,0.3676338694807069,145.62042396858197,28.24936622409237,10.636981243925565,5.149728552620727,11.535613852633139,6.4708845212473385,0.05754900824126519,0.038599860481180234,5.038591005770391,2.5969495913452287,-0.5481098719211359,-0.4917017501961902
stage2_soh,51,-0.7981636495325914,0.9907279715970776,0.13557475004456462,0.0830494285758949,208.02922779216993,6.352965590138625,0.2630976282014222,0.16429070478697713,82.62709417885846,15.187802701634457,0.12050486627747031,0.9745098039215686,0.4732357924846462,0.23092402574405366,74.02662438318774,21.079768803443137,0.5123848682194116,0.33608748264720334,129.73046878342365,27.690746496170675,10.520815176772922,5.1338234201893425,11.652799545078068,6.413069902577488,0.05379804764417969,0.03528763538021607,4.619240332580419,2.3570555563005637,-0.5123848682194116,-0.4917017501961902
stage2_soh,52,-0.8068203205080269,0.9906839588040257,0.13549885316946725,0.08323258026527142,210.6559884907572,6.41366317512181,0.26262559790880063,0.16389883004970063,82.45013592666754,14.992066746552352,0.13205241292130712,0.9745098039215686,0.47466821845661666,0.23230902441576415,79.48083642150057,22.18436974069815,0.5368645038325169,0.3557947543504484,148.15561327174746,27.336684058430684,10.552660377716803,5.164614233725737,11.628236680565513,6.458406195076548,0.05636829646437329,0.03735680800374088,4.850633355234436,2.5717331381297246,-0.5368645038325169,-0.4917017501961902
stage2_soh,53,-0.8045467148224221,0.9907866553211466,0.13595075899787118,0.08347059834197887,209.66303348631902,6.382736177370162,0.2621510264013012,0.16363749874504593,81.14105751815356,14.910261449150068,0.11768550720869327,0.9745098039215686,0.4774380255451309,0.22667098250970535,75.85654565704226,20.958968410612346,0.5054419428655075,0.337889889090815,141.5667163052209,27.477183544463696,10.614237775108018,5.039271227565716,11.188428082537673,6.244285013839537,0.05306907250820948,0.03547687974269025,4.6094857130780635,2.5729305079557507,-0.5054419428655075,-0.4917017501961902
stage2_soh,54,-0.8108084409653359,0.9906839588040257,0.13585272878678245,0.08305941718932015,209.16628670899306,6.316024192174176,0.26117704432846917,0.16295755788382915,81.11932605315198,15.012554117076181,0.11083828824407914,0.9745098039215686,0.48174439938938396,0.2331285155122625,73.96600524428493,21.706180855948443,0.49373439484513604,0.324752025963629,128.115484205808,26.664828456907923,10.709975595486316,5.182832877586132,11.675438714049912,6.433540789219258,0.05183983397041811,0.03409746471641276,4.412661093409542,2.370602580592671,-0.49373439484513604,-0.4917017501961902
stage2_soh,55,-0.817949694178725,0.9907279715970776,0.13601286569407026,0.08325133357365283,207.2285395584593,6.383029769561965,0.26153617863181605,0.16285697706336527,81.47802581569773,14.815272582879956,0.121062987575344,0.9745098039215686,0.4784541599250812,0.23399193283060896,76.99897208029526,21.3721356877098,0.5138930320545883,0.34359276218741547,142.1109958853626,29.188203334627005,10.636828124730759,5.2020280740843825,11.901294875503936,6.438422905214189,0.053956397890044715,0.03607565511173227,4.699291081531378,2.6344843513933807,-0.5138930320545883,-0.4917017501961902
stage2_soh,56,-0.8241122855357604,0.9905225785628355,0.13673067681643286,0.08380582289960603,210.50258017705508,6.3637401282024815,0.2611360529294233,0.16225674075709512,82.14677150573131,14.885901035359568,0.11502516208326115,0.9745098039215686,0.47434893814008444,0.22749795976880136,73.66851529274643,21.45804906982733,0.5011971132927646,0.33239555042237046,128.70411690167725,29.405104318458474,10.54556224766586,5.057656301215075,11.338379973792344,6.773316887229799,0.05262338498353799,0.034899999526681096,4.5595203963475575,2.571665586455576,-0.5011971132927646,-0.4917017501961902
stage2_soh,57,-0.8280292139577039,0.9906839588040257,0.1357175158147814,0.08322982856410094,208.15253243280085,6.419015544906839,0.2595037441163094,0.16194265675608308,80.41444167178679,14.85981296238831,0.13638097182208417,0.9745098039215686,0.48308100165056556,0.2370221701925438,81.12962519376015,20.69157207589193,0.5448184350720613,0.36251287572633695,146.78243949357665,28.376451532877876,10.739690476689441,5.269395267633469,11.922548821675456,6.506078522579909,0.05720342255478763,0.038062179758990816,4.995078009107691,2.4739926925771165,-0.5448184350720613,-0.4917017501961902
stage2_soh,58,-0.84491894297685,0.9905079076318183,0.13634812214600345,0.0836382966396898,211.02763385026205,6.399425127592563,0.25712303095549327,0.15998196164560613,80.31523279053779,14.58062849249712,0.11631825060821047,0.9745098039215686,0.47980679627552464,0.23296723374731693,73.57022105837885,21.10647174585814,0.5039746551676231,0.3294023738224425,133.7443097516746,27.258718309878567,10.666899470284912,5.179247316926261,11.773953812026138,6.484449138216183,0.05291501406820751,0.034585729790554895,4.493265563682509,2.3623794837673033,-0.5039746551676231,-0.4917017501961902
stage2_soh,59,-0.8418964995894647,0.9905519204248702,0.13567704962118513,0.08335129834206773,209.5048417302929,6.4225389829309085,0.26057090460036986,0.16110053548508954,80.45987878678395,14.608001452261178,0.11884982726153205,0.9745098039215686,0.47753525180789164,0.23184249994582407,74.71046597657443,20.339905740528287,0.5094743452355712,0.33537919174368475,119.57382827115578,27.031086165285323,10.616399275901234,5.154242622360687,11.899316595840052,6.297766405144531,0.05349245615647972,0.03521326810253699,4.585534787992947,2.4236501964562978,-0.5094743452355712,-0.4917017501961902
stage2_soh,60,-0.8521027612258024,0.9906399460109738,0.13585427285026958,0.0834042429842885,207.76639986249592,6.402604349299222,0.258308930201629,0.15988435798528858,79.91041495093756,14.575797986725899,0.13146649829897225,0.9745098039215686,0.48116847465319784,0.23716584606479635,83.6679043508952,21.13726506682363,0.5338257694423441,0.3513442269015108,140.7383782524684,27.970630547169016,10.697171835074759,5.27258942014969,11.928369495281748,6.533044363822235,0.056049243370419465,0.03688952315090805,4.797796593965247,2.495359966993541,-0.5338257694423441,-0.4917017501961902
stage2_soh,61,-0.8384478087086783,0.9903465273906282,0.1361957096946497,0.08321624611190898,210.55388905552383,6.339929826412911,0.25909944656832246,0.1607441318521629,79.42085102520196,14.599169871022614,0.13370952056903465,0.9745098039215686,0.4793388404988513,0.2328057413802062,78.61818840983166,21.909618752264844,0.5387344008881281,0.3611016821536217,133.64505920087151,30.152971536471227,10.656496038601448,5.175657074231576,11.59867427157881,6.635076803963635,0.056564627029788046,0.03791401094338172,5.00275359347822,2.781914870903831,-0.5387344008881281,-0.4917017501961902
stage2_soh,62,-0.8612106812661013,0.9908893518382677,0.13613994750096522,0.08333547943647399,209.92715440721298,6.358561654737481,0.2557725137114865,0.1582915014395509,78.58063802751606,14.414175719801703,0.11513484628761515,0.9745098039215686,0.47620687539424217,0.230281534608837,75.19047290740502,20.68992103653569,0.5025604790775658,0.3263149500002756,140.8799668735215,25.65334766119082,10.586867268907822,5.119539778517103,11.794765856689198,6.300793186520616,0.052766532102035205,0.03426156453083535,4.4255377036981205,2.4374536622129384,-0.5025604790775658,-0.4917017501961902
stage2_soh,63,-0.8674316187636092,0.9905372494938529,0.13604564559738452,0.08339625051512307,208.95522130382508,6.389706646540604,0.2553379809247525,0.1578886828927169,78.63329759741376,14.397662914819929,0.11841216928818647,0.9745098039215686,0.48094866283737275,0.23808389457180074,80.801722901079,21.923410833561956,0.5075452099486801,0.33474946155340646,130.2664744134378,27.989985251061455,10.69228505447893,5.292999158421587,11.97754294064553,6.958110626197128,0.05328990585003352,0.035147149337364826,4.563644881900654,2.500483100341118,-0.5075452099486801,-0.4917017501961902
stage2_soh,64,-0.8677940119047728,0.9909480355623368,0.1359858133867213,0.08351844780478399,209.2444967161194,6.397348717860476,0.25499175589306916,0.15792521262414932,78.57869097540954,14.426593200799221,0.15091297410282434,0.9745098039215686,0.47926691064682037,0.23225565748106616,77.29710112960892,21.633036881545962,0.5724528224189159,0.3783774406557866,136.96197719019688,32.58054746786212,10.654896918900599,5.163427798410773,11.820358425375236,6.754840159222872,0.060104905754848066,0.039727885896829455,5.2465456512312425,2.722207081483594,-0.5724528224189159,-0.4917017501961902
stage2_soh,65,-0.8783735639909558,0.9907866553211466,0.13647729391013566,0.08368350220121562,212.8537505863458,6.388789456950056,0.253234431381121,0.15650843085481014,77.91454974698793,14.125822950924817,0.13558646095734017,0.9745098039215686,0.4789374405724911,0.23394355414544835,78.05688706930258,21.541454510384302,0.543321001195715,0.3564443958631041,142.32742065928446,28.89569041413516,10.64757225366322,5.200952535815398,11.854317279492435,6.785674328781359,0.05704619890510485,0.037425017365916115,4.8743229821767775,2.437645333217135,-0.543321001195715,-0.4917017501961902
stage2_soh,66,-0.8819364690993308,0.9908893518382677,0.1368216533317706,0.08362818991973187,213.09372998673743,6.386679635776142,0.25249102988874245,0.15677296706958221,77.84068838789874,14.269588440225945,0.1336584174749898,0.9745098039215686,0.47875193483047535,0.23384583168206555,77.29402032131254,21.21654498676499,0.537389128054889,0.3521475446209604,139.17591003216322,28.897410989488936,10.643448153886803,5.198780003660823,11.81937605770729,6.709302645914418,0.056423379587746056,0.03697386780592206,4.817149587694412,2.407699118320442,-0.537389128054889,-0.4917017501961902
stage2_soh,67,-0.8891793206272465,0.9907573134591121,0.13583358853461644,0.08374608657523676,212.7682738614309,6.4490730250705335,0.2530515013265158,0.15629094683299502,77.36747463242313,14.190157899202056,0.1251274741163441,0.9745098039215686,0.4792476247423468,0.23204274565967567,77.68370192565676,20.814617177059404,0.5190089102761427,0.35057519165725975,140.16667455929536,29.795893565550514,10.654468161313565,5.158694416115156,12.174744101862242,6.470888541901126,0.05449354150488533,0.03680877799765238,4.8059104512512185,2.581074975425518,-0.5190089102761427,-0.4917017501961902
stage2_soh,68,-0.8902319636126925,0.9907573134591121,0.1362231839924101,0.08318804506702811,209.99040081307004,6.346609115092171,0.25209859558377734,0.15592105740837792,76.89280274933955,14.048555777450055,0.125242476691218,0.9745098039215686,0.4754965510608383,0.23045737758351892,75.81673670126452,21.29880825993797,0.520305999020476,0.3512406042630912,140.7959342545518,29.447644543490885,10.571075582932277,5.123449058977587,11.55048686153985,6.600843441636811,0.054629729839854854,0.03687864325186247,4.807513366129361,2.476814326752531,-0.520305999020476,-0.4917017501961902
stage2_soh,69,-0.8963179109343543,0.9906252750799566,0.13638261072158306,0.0834111062628027,211.48993436873806,6.375378949840634,0.25291896381526474,0.15520712964491545,77.40354630709635,13.964062899781306,0.11427862322797962,0.9745098039215686,0.4825877389905376,0.23556847647562915,77.18435862980293,20.79976401316401,0.49944852336326656,0.32856529243746957,143.5926850270486,27.119755706019138,10.728724431089823,5.237077249507672,11.920520912442099,6.308038003074704,0.05243979110680198,0.03449784010640532,4.492794248090386,2.521583096175004,-0.49944852336326656,-0.4917017501961902
stage2_soh,70,-0.9039273784983372,0.9906399460109738,0.13600392591781124,0.08344378479887885,210.60925641477172,6.382971613679173,0.2524329235675683,0.15559847217117612,77.74673565382852,14.05574056606105,0.11087496631285723,0.9745098039215686,0.48195616947190384,0.23221418003314265,78.36414417848604,21.421927976767297,0.4904956952373392,0.32797113908272163,129.1805058015814,29.113773350557544,10.714683595036528,5.16250568607156,11.589810448626109,6.470009935628488,0.05149978545100938,0.03443545674485571,4.51008973815784,2.5728357591055184,-0.4904956952373392,-0.4904956952373392
stage2_soh,71,-0.9036754256581159,0.99039054018368,0.13624994315210207,0.08346297945361529,208.35804958426857,6.39288510343695,0.25068519345739365,0.15460530706358624,76.73905384370629,13.90479258230403,0.13575094789266587,0.9745098039215686,0.4755677270404829,0.23038403847273073,76.35278695399485,21.937476743384742,0.5449634162182618,0.35560861781750824,142.482950183571,26.280674487727296,10.572657942801833,5.121818609121332,11.70957902397433,6.507707389102086,0.0572186449063725,0.03733726452638911,4.8564646758230055,2.4354271274582224,-0.5449634162182618,-0.4904956952373392
stage2_soh,72,-0.918266011132296,0.9907573134591121,0.13566944767081565,0.08316851920164564,208.77287493235556,6.409530697750332,0.252267350065924,0.1546680558919418,75.81676807813434,13.875248110635416,0.11153441255583482,0.9745098039215686,0.47654367481004656,0.2326462559584601,77.7287392061889,21.80158602039839,0.49219886051852396,0.32844673146986786,133.82797303633004,26.60909304306902,10.59435487754097,5.1721114492551346,11.62985141900809,6.7183724237511875,0.05167860994920642,0.034485391751702836,4.477915772100422,2.580214066391315,-0.49219886051852396,-0.4904956952373392
stage2_soh,73,-0.9091394594680997,0.9903758692526627,0.1360832001272663,0.08328789241854838,206.6785189314504,6.373510311473378,0.2504090912395883,0.1538957680539526,77.40180981482092,13.887090790740285,0.1263636291027069,0.9745098039215686,0.47524753137105924,0.2294162824886906,75.08682148257462,19.901928819117064,0.523275003211084,0.3417248593168516,130.32099312003268,28.230686260943795,10.565539462940615,5.10030379133706,11.474966669830586,6.379734233064144,0.05494146158450445,0.03587953392654874,4.677129908517479,2.631676401421129,-0.523275003211084,-0.4904956952373392
stage2_soh,74,-0.9209040651781445,0.9902878436665591,0.13666157588988898,0.08326092303734045,210.01779155290038,6.345869667500221,0.24921529618929944,0.15332855191297642,75.5865421262218,13.740031086818314,0.12068205858562507,0.9745098039215686,0.4792773416475578,0.2343876908441969,80.31911188622769,20.859104756680324,0.5113760495915843,0.3370795720804702,145.62440493652406,27.975521294580613,10.655128817317014,5.210826429960688,11.680017923372928,6.625638892156735,0.05369212634171659,0.03539180019441844,4.6342902339970236,2.3541049508217347,-0.5113760495915843,-0.4904956952373392
stage2_soh,75,-0.9332704926694189,0.9906106041489393,0.13575752424193024,0.08344188909554417,209.74234096605963,6.375425811134227,0.24893732754586473,0.15264771388754325,75.90669383093372,13.555006877600398,0.1329695918688587,0.9745098039215686,0.47795722558689213,0.22985858942802045,75.4297295583418,20.326395222843274,0.5374226110003516,0.35608642661359674,134.95062383766816,28.272835101887782,10.625780451646628,5.110137006901044,11.406213687897623,6.212061968978467,0.05642689514257016,0.037387432245951376,4.894674865400941,2.532798948275957,-0.5374226110003516,-0.4904956952373392
stage2_soh,76,-0.9298574908116674,0.9904345529767319,0.13609162747777143,0.08335831811983635,213.6386006972405,6.371288513260238,0.25000217602018776,0.1535085144554939,76.10384508139792,13.76858549719369,0.12534656346428627,0.9745098039215686,0.47838479997271033,0.2309181589149304,81.94283683867428,21.43689572534801,0.5212156061777456,0.34738416451157306,132.41933398517637,29.27485581151148,10.635286138154187,5.133692990864554,11.783708590397342,6.384361197348406,0.054725234395550125,0.03647373486686263,4.761422800676965,2.5806320419981086,-0.5212156061777456,-0.4904956952373392
stage2_soh,77,-0.9375569966525589,0.9910360611484405,0.13585034216547906,0.08334286064311712,210.25553233767502,6.373927525423316,0.24834410987902117,0.15221548100420182,75.27547693293813,13.615456548598667,0.10592132476614971,0.9745098039215686,0.4818562717339148,0.2330648479617986,78.4682904955883,21.72401004637279,0.4787035501798394,0.31900220496908704,136.01961913779533,27.62022352178087,10.712462702925974,5.181417442528543,12.065356047734305,6.51946911976822,0.05026166461454707,0.033493760034647234,4.351475604955142,2.5775177937999296,-0.4787035501798394,-0.4787035501798394
stage2_soh,78,-0.9388178795709887,0.9907573134591121,0.13628532336322144,0.08342658725650318,210.83839559066487,6.366161342475749,0.24848498399636976,0.15161130452288912,73.80806273960754,13.56924202380813,0.11719436443903868,0.9745098039215686,0.47665902546696004,0.22801967813067284,76.79218321597003,20.340116891623254,0.5041030114974002,0.3271897034792631,125.62113888322364,28.0914073732769,10.596919313623742,5.069254964179177,11.445498742097252,6.173435705685082,0.052928490890754555,0.03435340961108338,4.4893282386691835,2.234246785295381,-0.5041030114974002,-0.4787035501798394
stage2_soh,79,-0.9536292070563294,0.9905079076318183,0.1364453629648689,0.08351144293610131,211.91131215157216,6.336354575056545,0.24654593168153136,0.15069728562673837,75.28378108813527,13.358501667111945,0.10782919233920528,0.9745098039215686,0.47476299982717135,0.22833108213255365,76.70876467346356,19.787879812379767,0.484915213239247,0.31959486819219357,134.73393283544974,24.021764695513365,10.55476752450841,5.076177990715048,11.446552492091646,6.378064211143086,0.05091386058274749,0.03355598693924815,4.362185194818166,2.355961764411849,-0.484915213239247,-0.4787035501798394
stage2_soh,80,-0.94139985153119,0.9909040227692849,0.13638839067813358,0.08346872892788379,208.99918199091994,6.400376844962185,0.24735959328610133,0.1517782708478432,74.516032259708,13.59950196489604,0.12746239371743856,0.9745098039215686,0.4761090235025345,0.2277919687513335,76.77895772172539,20.19529183117077,0.5258138661108787,0.3426682753689295,144.08610068340465,26.290303228430123,10.584691859347295,5.064192607670873,11.367774934268308,6.294686260551216,0.055208030477765964,0.035978588260245886,4.716928195666511,2.3213678981463377,-0.5258138661108787,-0.4787035501798394
stage2_soh,81,-0.9501391964435004,0.9902144890114727,0.13648079465098995,0.08350794017473748,211.31878133831816,6.385477101880349,0.24569702854355602,0.15073790396475034,74.98768180793179,13.54241875331963,0.12627559479545145,0.9745098039215686,0.4808547639892532,0.2345193522635336,80.58531409647705,24.289502127472762,0.5244199653622575,0.3429289947629121,128.62081177753723,26.570945819451225,10.690197527622198,5.213753481296938,11.847563325463208,6.599825318016743,0.05506167732891874,0.03600596259397275,4.71569688999534,2.461842359621983,-0.5244199653622575,-0.4787035501798394
stage2_soh,82,-0.9466213122426035,0.990801326252164,0.13618643225510632,0.0834815301570247,209.1552447811418,6.379450473970093,0.2464378388452874,0.1511002394040368,73.14936113639538,13.55238443842768,0.1339882294921314,0.9745098039215686,0.48023297799798476,0.23537475319542722,79.98961614241529,21.64653605008904,0.5385016111023183,0.35222926951908307,137.5465664689525,27.804317541401325,10.67637419558027,5.232770460252063,11.781004779203636,6.727301325505733,0.05654018517608618,0.036982448543245935,4.860198725733469,2.3307621018759925,-0.5385016111023183,-0.4787035501798394
stage2_soh,83,-0.9629825993164307,0.99039054018368,0.13612594267163144,0.08345457765586423,211.53975741947053,6.3990753500241215,0.24738518042226565,0.15073391547321605,74.4854251761879,13.235680137436677,0.13890895238694023,0.9745098039215686,0.4739379880693439,0.22742127451096095,73.50109482561842,21.176597635927397,0.5485787600527313,0.3661221884793657,141.16070936981276,30.978386741167224,10.536426147206422,5.055951460969822,11.298871170941739,6.342101789578949,0.057598239332204745,0.03844114094909184,5.046841145298466,2.5420671649639957,-0.5485787600527313,-0.4787035501798394
stage2_soh,84,-0.9685278144899498,0.9906692878730085,0.1356138340076431,0.08330307737155594,213.29570074392373,6.352689801733838,0.2452022700272611,0.14960307344914484,73.60856191669669,13.257835865001276,0.12427186071872712,0.9745098039215686,0.47904872041107677,0.23446785877550058,76.19138772763966,23.484578144849962,0.5184675103776458,0.34472782352902726,144.23723118708085,28.73924058693461,10.650046188714738,5.212608695803097,11.66580260781607,6.5904583975161355,0.05443669701290198,0.03619483131681284,4.743687680006088,2.4567282773348422,-0.5184675103776458,-0.4787035501798394
stage2_soh,85,-0.9592237445111251,0.9903465273906282,0.13628843098199853,0.0836021833024309,211.53815116045485,6.432208907481932,0.24495567039724567,0.14964549793419907,73.55900624146447,13.344432424397937,0.1285208051987723,0.9745098039215686,0.47716937493995887,0.23223087446873678,78.04157397517298,20.770022332545317,0.5277065305092897,0.3410249169148943,128.50880631069217,26.44832076702879,10.608265227365374,5.162876831014854,11.58012946248501,6.6821996540142345,0.05540675150915395,0.0358060432030238,4.695193175957129,2.331194223025495,-0.5277065305092897,-0.4787035501798394
stage2_soh,86,-0.9614802713926673,0.9902144890114727,0.13647263134785603,0.08376142982780135,211.1612245632134,6.409668153212622,0.24640675128031278,0.1506023533865319,73.65000767093558,13.349634759946468,0.11586663150319866,0.9745098039215686,0.4766270587789694,0.23290698257293188,77.20385249929642,21.34498203655954,0.5016554165557214,0.3276033298751595,134.76104948636066,26.164444518814246,10.596208641224264,5.177907833565207,11.610309057767305,6.819538269640621,0.05267150471209617,0.03439683847468478,4.489292455589371,2.196550411930309,-0.5016554165557214,-0.4787035501798394
stage2_soh,87,-0.969025463062582,0.990801326252164,0.1359591889950522,0.08319554676017839,210.1044632421086,6.367293501427516,0.24206430352562888,0.14852930767464212,72.9481578531545,13.310083229787303,0.12350595061685525,0.9745098039215686,0.4787002407817951,0.2337292569397273,79.09843280489164,21.8161226185594,0.5197901281413765,0.3362634751945734,145.00011219613168,26.754586397210268,10.642298909597718,5.196188354132411,11.781629857089868,6.422164781699443,0.054575565777148456,0.03530611378587496,4.595356145638376,2.4830501137235443,-0.5197901281413765,-0.4787035501798394
stage2_soh,88,-0.9763136666962975,0.9905519204248702,0.13611189091599565,0.08335867739212821,209.3998227517231,6.384755817235062,0.24359210930602485,0.14871113788222726,72.99059632904132,13.205884967761527,0.13901275668074103,0.9745098039215686,0.479499275854533,0.23625870465720986,79.28166095894721,21.174227563304605,0.5467138227449535,0.36328384298466,143.34837516678292,29.306557064264606,10.660062782182033,5.252422164756123,11.890499882336748,6.414389525122233,0.05740242951743427,0.03814312776481211,4.98897932706293,2.645275065580513,-0.5467138227449535,-0.4787035501798394
stage2_soh,89,-0.9734188994101832,0.9909040227692849,0.1361223140958523,0.08333632213355784,209.41256972720427,6.422231948618827,0.24364270705985255,0.1488075506249621,74.08351308152659,13.246477903585376,0.125823184643306,0.9745098039215686,0.4797275908194782,0.23644192275572934,79.27692863301371,22.097614254865626,0.5228946904422409,0.3450863620759371,147.59934582335518,28.534760476859734,10.665138601860988,5.256495406430094,11.78717440289502,6.753617255778893,0.054901530498075196,0.03623247621037881,4.721945084874899,2.588578856203081,-0.5228946904422409,-0.4787035501798394
stage2_soh,90,-0.9902893877890583,0.9905665913558874,0.13639348590871322,0.08348397687188946,212.15368777512847,6.3479436856006215,0.2439328228626943,0.14818852141652059,74.5871109338391,13.130239009159283,0.10878408077885122,0.9745098039215686,0.477456958463314,0.23283552618733808,76.53926178726704,22.073876772233806,0.4862027603782719,0.32396819384074677,138.02202482916442,30.257867476759714,10.614658685225393,5.176319239807144,11.565587152020445,6.6684217343873575,0.05104904709317295,0.03401516595915557,4.453368585921209,2.4560675493932087,-0.4862027603782719,-0.4787035501798394
stage2_soh,91,-0.9847566860511456,0.9905225785628355,0.1368151981726701,0.0837516341407263,212.43249365212023,6.36777287773052,0.24370760495911203,0.148273764456162,73.22508407874162,13.167830802662992,0.11421937577280344,0.9745098039215686,0.48080202803799993,0.23206933430742985,81.210766641605,20.25450051526214,0.4984617387485835,0.324953925525587,132.23771836922157,26.626118192139092,10.689025120113895,5.159285525776057,11.581607063987011,6.655481463358301,0.05233618327408096,0.03411866323910002,4.454901211905859,2.3982063529069864,-0.4984617387485835,-0.4787035501798394
stage2_soh,92,-0.9912107954639207,0.9906692878730085,0.13567115248894257,0.0830832089665141,210.51203389232552,6.36246685724079,0.24185089299464943,0.14741945743877521,74.29117754818397,12.995894716537407,0.12458472874234705,0.9745098039215686,0.4791801818964508,0.23102299647917057,76.45191204097412,19.947060204358777,0.5206192123995977,0.34180947626009583,135.5984890265322,29.272158827428076,10.652968795187977,5.136023703491262,11.495185097168584,6.26497431557817,0.05466261579987809,0.03588841831527001,4.674289114386645,2.299966648898942,-0.5206192123995977,-0.4787035501798394
stage2_soh,93,-1.0001136520278204,0.9906839588040257,0.13585971562578109,0.0831101905271264,207.0512310473878,6.336340736556291,0.24277288441853498,0.14732889611145322,72.13922799572032,13.060195990326156,0.12139116160425485,0.9745098039215686,0.47714869700386786,0.2313646153893833,72.96612858011288,20.053765514227408,0.511427688180052,0.3369603422799093,136.0686327835897,25.96278040465798,10.607805522610779,5.143618457464473,11.486355603268253,6.7850930379698475,0.05369754815530822,0.03537928161534043,4.625861093114053,2.317538301222646,-0.511427688180052,-0.4787035501798394
stage2_soh,94,-1.00235535252287,0.9910800739414923,0.13562902134641172,0.08333738475255766,209.93675735126715,6.403758998787406,0.2401650495638196,0.1465734040945535,72.4632660432644,12.906127620600929,0.12844220969606848,0.9745098039215686,0.4749876150796794,0.2321759608282032,76.54544392903898,21.640086692638068,0.5283285282667972,0.34308807751821246,137.76427930266465,24.65538673466472,10.559761093454481,5.161656009868371,11.633426168494132,6.720873978774505,0.0554720584045532,0.036022665549465475,4.7224969161282555,2.0832514772914026,-0.5283285282667972,-0.4787035501798394
stage2_soh,95,-1.002498813046735,0.990698629735043,0.13591506453431285,0.08337318178836753,208.35122933314634,6.3943610544964375,0.2404534638677758,0.1458670626193968,70.83718880780951,12.855773530565095,0.11828976191726386,0.9745098039215686,0.477173763257737,0.22901252370656414,76.63370924994224,20.753236059570252,0.5055079749393601,0.33292307175841984,134.49476383037052,26.270195036845184,10.608362786935071,5.091327565129721,11.625840466391356,6.357642831403214,0.05307600557137257,0.03495538683362622,4.578426741868634,2.373985263455699,-0.5055079749393601,-0.4787035501798394
stage2_soh,96,-1.004228036819757,0.9903758692526627,0.135311710662217,0.0831013368540416,212.66083150533944,6.38277461370677,0.2403749393788901,0.1461544938205253,71.04140670756139,12.931184665838487,0.11691342849357456,0.9745098039215686,0.47493355253706265,0.23159361874465556,78.6127027325302,21.34390955464858,0.5034470582403104,0.32846895191343684,135.7026299300783,26.866641277159275,10.558559193623806,5.148709581200129,11.474818445589804,6.521292842849211,0.05285961882452843,0.03448772479577956,4.5084001894503265,2.4244366266392685,-0.5034470582403104,-0.4787035501798394
stage2_soh,97,-1.0119055120959177,0.9904345529767319,0.13659774030975277,0.08363367735050962,212.54765697287888,6.387694135769918,0.24025203517894003,0.1459595568843794,71.36586412781348,12.823229312908596,0.12035271063739178,0.9745098039215686,0.47938405745144536,0.23135155481377653,77.5906580761509,19.058549358540766,0.5112220557443317,0.33080929951815335,132.7100226104183,27.512552361033382,10.657501286320777,5.1433280992450765,11.522322828992621,6.57497375725766,0.05367595769809485,0.03473345049876531,4.536764788399961,2.311068342903434,-0.5112220557443317,-0.4787035501798394
stage2_soh,98,-1.0236481337762628,0.9908306681141985,0.13543657126241973,0.08319856583955523,210.13577688729504,6.392349865121689,0.23869889618136111,0.14437961355577658,70.61091088939989,12.737073602242987,0.13479952969971826,0.9745098039215686,0.4771326225680202,0.23023589351488388,77.82655524616816,20.361756626651374,0.538714131711845,0.3538970524134735,145.55805237859198,27.5379974317816,10.607448161288346,5.1185251014331365,11.491210985355764,6.513592753578254,0.05656249885977558,0.03715755805404075,4.875518182639971,2.3483635230394246,-0.538714131711845,-0.4787035501798394
stage2_soh,99,-1.0176891590703077,0.9907133006660602,0.13652498625811593,0.08338429442512685,209.42195025156863,6.353580576789377,0.239275382303702,0.14577115553178563,71.29307407296669,12.809710344629618,0.11859744486271166,0.9745098039215686,0.47722334764166296,0.23191012750909318,80.79864013306077,21.930727222695495,0.5064143506046296,0.32680534508407993,129.30665118322716,27.270129464494087,10.609465129883818,5.155746095059307,11.707890698799787,6.571133407360541,0.053171170835313995,0.03431305375255,4.501395250630867,2.2338154347189247,-0.5064143506046296,-0.4787035501798394
stage2_soh,100,-1.0289272345699358,0.9906692878730085,0.13551721745199752,0.08314351775184517,211.72894560062136,6.364638710325291,0.23942473984202556,0.14526203908588328,71.40879536023365,12.770776814900838,0.1298426788227231,0.9745098039215686,0.4741204275483945,0.2290038911297041,74.41527607267078,21.507781723626803,0.5299417407424597,0.34829385328270934,143.32551706131363,28.182307523483225,10.540482078880482,5.091135648653651,11.663987526559396,6.577403202674343,0.05564143827310294,0.03656924799163743,4.77080669855758,2.398222994838667,-0.5299417407424597,-0.4787035501798394
stage2_soh,101,-1.0303789719894196,0.9905665913558874,0.13612792277074393,0.08363618719121291,209.10542442065432,6.3973393062679405,0.23893228856749263,0.14465617255986338,71.24898385123254,12.745973996163016,0.13112245131941402,0.9745098039215686,0.47532117966274146,0.2284801679407703,73.87432342158786,20.269674459360832,0.5324421628705365,0.3531034648034941,138.6911395393558,28.232034130337436,10.567176786400038,5.079492415064677,11.468289053924703,6.412422911790791,0.05590397106265289,0.037074235015638245,4.838998090868847,2.6024367512974873,-0.5324421628705365,-0.4787035501798394
stage2_soh,102,-1.0346942725328068,0.9905225785628355,0.1365044935443299,0.08371455520784764,210.22471201747365,6.407531958544414,0.23868379726669045,0.14424619149540857,69.46342071956042,12.57182248189646,0.12026807177884906,0.9745098039215686,0.4807549832416459,0.23330855541953854,76.08124771443579,20.901394848029042,0.512008395078497,0.3336049846263931,136.3415930169232,25.925193652269552,10.687979236401526,5.186835462806809,11.661068154744028,6.438836319422407,0.05375851970097157,0.03502698453924912,4.596702267542488,2.317556606728821,-0.512008395078497,-0.4787035501798394
stage2_soh,103,-1.0405247089207401,0.9906252750799566,0.13555279835212652,0.08323036586277992,210.44561901647108,6.380241451350296,0.2373460189567002,0.1437056683000958,70.5984101040228,12.575414497330174,0.11938940222356834,0.9745098039215686,0.4788500431667766,0.23528543675281838,78.77614220515913,22.130904899686797,0.5105687297358834,0.3309550062314991,142.01258949620737,27.80423829786953,10.645629264635227,5.230784807856666,11.903480430513229,6.957464403112421,0.053607361480857166,0.03474874903155355,4.535677570833822,2.357839321175323,-0.5105687297358834,-0.4787035501798394
stage2_soh,104,-1.0355639595499355,0.9904638948387665,0.13639059018336644,0.0834291891916422,210.5229780687534,6.381236448295932,0.23591481743668707,0.14377690004982374,70.61682590344034,12.646987824034264,0.13568882594505946,0.9745098039215686,0.4783832447625114,0.2325998576613618,75.69017155881144,21.99574670957734,0.5408194355021939,0.35798426202187933,157.28678610532302,30.308143840443513,10.635251563256592,5.171079938291591,11.679356786483387,6.480852440663135,0.05678354604645823,0.03758669620952314,4.911301711125362,2.459171011807691,-0.5408194355021939,-0.4787035501798394
stage2_soh,105,-1.0450689414833245,0.9904345529767319,0.1362720948162409,0.08319002723318983,209.61814660289295,6.363240087651143,0.23446353459017602,0.14263427014347801,69.23146549393459,12.459481724945725,0.11857791829342935,0.9745098039215686,0.4776412430366276,0.23363678191660667,78.16872986493377,20.268349109126422,0.50595264705558,0.33286763266203745,142.47332522877653,27.285399798072905,10.618755636399742,5.194132481262754,11.613554811210268,6.567195536935605,0.05312269409240084,0.03494956598423444,4.552226045209112,2.5023259722148015,-0.50595264705558,-0.4787035501798394
stage2_soh,106,-1.0356791661604936,0.9908746809072504,0.13652529016808868,0.08345965469154838,210.17538878779675,6.402067486657781,0.23727829336930925,0.14383762900937797,70.01800407240194,12.72363235775299,0.11605210800965628,0.9745098039215686,0.4753190326177131,0.22984273520517437,77.62400118898344,20.551855213159264,0.5037756706820085,0.3320575220236445,141.33774695392017,28.673591364891482,10.567129054034314,5.109784541278232,11.442368231370418,6.58308397019055,0.052894121615089704,0.03486450810406563,4.522729947279409,2.516672036784997,-0.5037756706820085,-0.4787035501798394
stage2_soh,107,-1.0522645151897416,0.9902731727355418,0.13644638916952073,0.08367556379464454,211.40641927700975,6.370876434686528,0.23521383913595315,0.1423937301106707,70.36519440515765,12.471183420489485,0.11938068352493586,0.9745098039215686,0.4817880299435611,0.23476459215413414,79.59306781350273,21.12266147833044,0.5075777602991991,0.33627055088679,138.39420638806692,27.145470402013004,10.710945574942325,5.219205570094857,11.744707400833757,6.751938624783656,0.05329332348669039,0.03530685670091909,4.591815036985897,2.3695384906958497,-0.5075777602991991,-0.4787035501798394
stage2_soh,108,-1.0543045125577495,0.9906839588040257,0.13543345324107856,0.08317262831584939,210.6008874411738,6.4170457637294085,0.23525943562824073,0.1418353290817351,68.8295883459577,12.366709040817183,0.12122847662836897,0.9745098039215686,0.47630503871497737,0.23137090714630104,78.03920603026118,20.980663526915627,0.5114486253370915,0.33327261119642676,139.05739947224188,24.85592458856826,10.589049602051245,5.143758333637662,11.605956855954974,6.500610031710669,0.05369974646021886,0.03499208686226829,4.583814239550209,2.300265910210765,-0.5114486253370915,-0.4787035501798394
stage2_soh,109,-1.0544454358748323,0.990698629735043,0.13609363026774424,0.08362731430363594,213.71385761563067,6.423824125009792,0.2343157695868288,0.1415256222157043,69.44077050386599,12.192928970289088,0.13259568188120338,0.9745098039215686,0.4762374780163202,0.23466907222481334,77.62843051562625,22.15748811708801,0.534792135670741,0.3605076110501792,143.20240502909596,30.63367233279688,10.587547615863654,5.217082003919091,11.78978116680596,6.630384489322694,0.05615070736676599,0.037851636217839775,4.957145137665318,2.6931230324661595,-0.534792135670741,-0.4787035501798394
stage2_soh,110,-1.0503533164267214,0.9904198820457146,0.13611881971112647,0.08331654218124715,209.17434263936656,6.407867285185859,0.23536996661496837,0.14238204170750218,70.26422596583907,12.461633191896158,0.11717404615060956,0.9745098039215686,0.4804514965394024,0.23636752284478907,78.2455716642106,20.809020110432186,0.5039604213667527,0.32729505227659555,129.8891344589038,26.532339638575476,10.68123222454482,5.2548413732301515,11.847853549859277,6.565064651004404,0.052913519584773513,0.03436447074885241,4.472222065667863,2.222816855405034,-0.5039604213667527,-0.4787035501798394
stage2_soh,111,-1.0624932995781624,0.9908746809072504,0.1356748671667971,0.08334204374426088,208.53776334338284,6.385825301270902,0.23607169403037137,0.1424134473317273,70.46435651076942,12.31119117648066,0.11768953645346211,0.9745098039215686,0.47408185596433905,0.231239238622434,75.80111578180275,20.2120531899453,0.5044841060809422,0.33839149314033634,138.92994044220325,29.91240036983931,10.539624568706131,5.140831124355942,11.564431389747709,6.504655166786155,0.052968504064120854,0.035529545854100675,4.641456781750817,2.518749267925778,-0.5044841060809422,-0.4787035501798394
stage2_soh,112,-1.0727584212078378,0.9905519204248702,0.13676098750521284,0.08356966795418368,209.6091590574665,6.37376247487944,0.23386299178789904,0.14081949550457243,68.71004962061097,12.331148389355395,0.13559752691025828,0.9745098039215686,0.4746120644199537,0.23236062159104381,77.72887074641008,21.431212033703673,0.5424188628995527,0.3598289800369564,140.91056472537912,29.870690503990403,10.551411980510712,5.165761324358741,11.628303868412852,6.625029516516258,0.056951478545373614,0.03778038309182719,4.973290471709828,2.566143501470918,-0.5424188628995527,-0.4787035501798394
stage2_soh,113,-1.0731411684371261,0.9905372494938529,0.1357794865916102,0.0831846531682953,210.36574589932007,6.3749833508045,0.234225737668297,0.14085357030850212,68.57969507581339,12.14938753793048,0.11751220144477545,0.9745098039215686,0.4795316244419053,0.23351245430279888,79.38520453565737,21.292068518455864,0.5057960866222727,0.32859786483915704,137.8987790662212,25.46696909572705,10.660781944837053,5.19136847256558,11.943467829702028,6.717490329125458,0.05310625596908247,0.03450126005833316,4.524286340367199,2.287847568067796,-0.5057960866222727,-0.4787035501798394
stage2_soh,114,-1.0792050885187376,0.9910507320794577,0.13558189521258318,0.08307883520512117,209.1659402631708,6.39029909368582,0.23446861364995156,0.1411669886367878,68.79597059785247,12.195241126126207,0.11444167304857104,0.9745098039215686,0.4754338435986461,0.2334827334747887,76.77931157568096,21.881726482329135,0.49754787430913305,0.32803525164285124,137.61349722629558,27.187297046129434,10.569681492226529,5.190707729351813,11.599549755187075,6.645686529196743,0.052240231723394606,0.03444218826793216,4.517557534079895,2.542783848998704,-0.49754787430913305,-0.4787035501798394
stage2_soh,115,-1.0752273284928284,0.9901117924943517,0.1362256239181909,0.08354570556187968,208.927097738954,6.4132893962039255,0.23576455416187217,0.14157123394446056,69.37808130700574,12.292217246365333,0.1380747766179197,0.9745098039215686,0.4778635636720747,0.23136397818578225,79.05304147895235,22.6670973473799,0.5464445944478387,0.3599380999931372,145.59342650658112,28.51988539774361,10.623698192209483,5.14360429137344,11.866139182742744,6.590521613231378,0.057374161788128215,0.03779184018387978,4.962415396913049,2.4204383374513605,-0.5464445944478387,-0.4787035501798394
stage2_soh,116,-1.083268834277605,0.9910213902174232,0.1359238222511877,0.0834552422491964,207.02784636224544,6.408713346273047,0.2331242445571169,0.14078450746276702,68.91353895837213,12.204715970623159,0.1414610430598259,0.9745098039215686,0.47905443795446806,0.23428377163614714,77.27588723517336,21.513159555479284,0.5513952260903744,0.36414806045884013,150.99283428528503,28.64301174359213,10.65017329917054,5.208516133912563,11.98699154949693,6.775238982977738,0.05789395527441805,0.03823386661315562,5.012223737215637,2.4133897344129114,-0.5513952260903744,-0.4787035501798394
stage2_soh,117,-1.079227729025016,0.990493236700801,0.13656090801643866,0.08357352676543023,210.74580592608135,6.4137407599738445,0.23277833171103673,0.14033518205423884,68.22817560784962,12.2244836972251,0.12634181035499947,0.9745098039215686,0.4798431466415025,0.2318583603254428,76.40035935962668,20.398124769345532,0.520739325099755,0.35152418816133457,138.248989677954,30.96065612501966,10.667707599103855,5.154595224858749,11.83505623160053,6.315610088169812,0.0546752270793411,0.03690841825306778,4.848980492900795,2.764890010716705,-0.520739325099755,-0.4787035501798394
stage2_soh,118,-1.0859174019279993,0.9906399460109738,0.13647857889075435,0.08335659474495213,207.85089243753745,6.374371394252211,0.23243138481246534,0.14023765430837964,68.17362061102132,12.177985597434564,0.13776049751277064,0.9745098039215686,0.4702545813060886,0.23409501872134997,82.18226703630015,22.71351435774655,0.5448054284041409,0.3595985894054905,142.94659689278336,30.151261739491176,10.454537916450203,5.204319844109056,11.869446690312307,6.525641878965757,0.05720205691465289,0.03775619313826466,4.946797181950199,2.4118789848139444,-0.5448054284041409,-0.4787035501798394
stage2_soh,119,-1.0984462329501932,0.9906399460109738,0.13606490028340043,0.08322447725542152,210.48597712393467,6.346260485536757,0.2321881656379407,0.1396400499130035,67.9732564428013,12.07549144973377,0.11615362076782713,0.9745098039215686,0.4761894383016777,0.22984102755127583,75.1941104966154,20.676846280200195,0.49993743106402794,0.33667762576803273,132.5597944577999,28.593749972260518,10.586479613470502,5.1097465773048,11.518457090074936,6.27857074153792,0.052491124160158095,0.03534959768570256,4.626021719271981,2.447533319167024,-0.49993743106402794,-0.4787035501798394
stage2_soh,120,-1.0948948002852155,0.9905519204248702,0.13603387236646453,0.08358187750274344,209.6907916129096,6.401289711893555,0.23009724537852547,0.13882377253781963,67.42893310662548,12.04982474341373,0.12268585337727678,0.9745098039215686,0.4787523033836631,0.23116066710311262,73.53272068343207,21.452636338682684,0.5136564756881135,0.3428959446557451,137.49433593771215,27.867671539508166,10.643456347434359,5.13908434939499,11.590648371464429,6.367288965587996,0.05393156056274743,0.0360024924851731,4.700568148524704,2.5358433263154825,-0.5136564756881135,-0.4787035501798394
stage2_soh,121,-1.1008539811703195,0.9903171855285936,0.13557514879886,0.08303634228097798,207.99699946274242,6.353609779897757,0.23203418555857924,0.13899680862185354,68.23355090921189,11.909776483539734,0.11785483488849566,0.9745098039215686,0.4804841479486064,0.23668224061747975,77.17093230135596,22.630846600699794,0.5042487164562147,0.32715067820002636,120.2963233160568,27.882651460593276,10.681958119430522,5.26183807037755,11.925641915939396,6.594128458337997,0.052943789239325106,0.034349312136778554,4.502418419379987,2.183004957470132,-0.5042487164562147,-0.4787035501798394
stage2_soh,122,-1.1033210700563043,0.9902585018045245,0.13634481105289825,0.08324498478387303,210.47322976203213,6.396670785190199,0.23070066249547116,0.13820567021383762,67.02704675206252,11.887746618267226,0.11715537128495235,0.9745098039215686,0.47893707793611395,0.2352914059461624,77.65116911994512,21.253785865909176,0.5026799583737824,0.32823282771049905,128.83009779726265,25.750036635210584,10.64756419165616,5.23091751290756,12.078794233581014,6.62997271269477,0.05277907687700619,0.03446293284366017,4.533057790168262,2.2308491431021293,-0.5026799583737824,-0.4787035501798394
stage2_soh,123,-1.1091352497124167,0.9903025145975763,0.13586613145494048,0.0832418460773159,209.4560906130539,6.336531391667108,0.23267164040622634,0.13926029088097389,67.70840754564739,12.006651720333608,0.13086185654004415,0.9745098039215686,0.47886876450144694,0.23462311829823781,79.45637086243288,22.02669087389414,0.5310036405844187,0.3480533485903459,141.84491967562852,29.312477268956616,10.646045470900805,5.216060372047989,11.824863058960414,6.612606521705311,0.05575293285819789,0.0365439961083346,4.798539530012377,2.338556480465665,-0.5310036405844187,-0.4787035501798394
stage2_soh,124,-1.1142545187894086,0.9903758692526627,0.13638135530669349,0.08370927985234174,211.0247451621128,6.383522867536383,0.22893028721082875,0.13759758933078253,66.76205387344207,11.80816205325418,0.11618800993059196,0.9745098039215686,0.4798052604873348,0.23314178515335215,80.77509201955206,22.235515085097504,0.5012725132865992,0.328340571059608,129.51205057337944,28.634525276611168,10.666865327170735,5.183127883677353,11.658582819105986,6.531639810534467,0.05263130163508701,0.034474245398320204,4.537522666309819,2.226490619412359,-0.5012725132865992,-0.4787035501798394
stage2_soh,125,-1.108731750360289,0.9906252750799566,0.13591172274319543,0.08333701655900026,209.04915634741977,6.365799344775411,0.23042766233365117,0.13821742077518434,66.54866354248573,11.8997868574655,0.12569556636553184,0.9745098039215686,0.47853705915058375,0.23154115327177385,79.92038968592628,20.925272539799504,0.5198932080194979,0.3519095723425933,147.21643182009905,30.176282899255547,10.638671111765257,5.1475431868738415,11.623648014614433,6.260905492219646,0.05458638868886636,0.036948881814407364,4.80005550206284,2.612977875305163,-0.5198932080194979,-0.4787035501798394
stage2_soh,126,-1.1160003196038515,0.9906692878730085,0.13552552855091657,0.08310831211039788,208.40200924878226,6.3970995928788135,0.23066789469914117,0.13788411927526278,66.84512842080376,11.794946580134933,0.12660387371684992,0.9745098039215686,0.4806146282556677,0.2350376079114629,77.07612975322388,22.450594524722327,0.5224806540548312,0.3433178355095579,123.4389056571368,29.90899520739527,10.684858912685389,5.225275162397083,11.657280649137988,6.637490472326054,0.054858058587256106,0.036046789078733606,4.728983824750816,2.5666404918358534,-0.5224806540548312,-0.4787035501798394
stage2_soh,127,-1.1147987259402843,0.990595933217922,0.13620270127660142,0.08358179537982774,211.50879335883306,6.409789245137845,0.2292998592327929,0.1375523411885142,66.70494514674257,11.866215444557708,0.11058631255930546,0.9745098039215686,0.4815130349109178,0.2337391045601929,80.55688065571118,21.601308714803334,0.48675560131695955,0.3255514377399403,137.42588581995315,30.05455501400518,10.704831980072882,5.196407283039511,12.331974146089033,6.506676902801206,0.051107092841601316,0.0341813992654145,4.452904571114025,2.368693141570926,-0.48675560131695955,-0.4787035501798394
stage2_soh,128,-1.1173467532415449,0.990698629735043,0.1360841421798695,0.08335608069479139,210.87176655955403,6.3572006986420835,0.23047627337629029,0.13804333595007234,68.25850717189836,11.78664344040731,0.1143243051627103,0.9745098039215686,0.477550281398884,0.2311989759734156,77.82030324069225,20.5596608717973,0.4966085115990043,0.3248848716929263,132.5803322258184,27.791209376194182,10.616733408592642,5.139936019007663,11.652279892826728,6.3760292944523345,0.052141602971904955,0.03411141290520081,4.459032031373364,2.4752143922188345,-0.4966085115990043,-0.4787035501798394
stage2_soh,129,-1.1265873807734619,0.9906106041489393,0.13686033889496607,0.08350473351910419,210.38303747279733,6.3245782342025425,0.2284586665990944,0.13668005593852425,67.23535704471327,11.695231820601506,0.1278749857170909,0.9745098039215686,0.47726477130128814,0.22925374129896656,77.28474483172782,20.972326458181865,0.5247856329036064,0.35007207642911986,143.84606121425375,29.524480820191734,10.610386046420103,5.096690231579205,11.493023161358828,6.217759606505203,0.05510007073401632,0.03675595321945773,4.822817381364144,2.3646017671239847,-0.5247856329036064,-0.4787035501798394
stage2_soh,130,-1.134890258712726,0.9905079076318183,0.13644385756385063,0.0834542701368959,209.1490523987519,6.352310996704558,0.22872098595051638,0.13669032218869548,66.05049339566195,11.665726383792705,0.1309047368811626,0.9745098039215686,0.47736835666531274,0.23099958389705302,77.4401653874607,19.923230487581073,0.531752853863726,0.3487223547454193,136.97161227924403,29.634135045342624,10.612688920562823,5.135503203027896,11.790558475102006,6.334560748056352,0.05583159679656884,0.03661423866863884,4.796429121207008,2.363898350035728,-0.531752853863726,-0.4787035501798394
stage2_soh,131,-1.1356910081303024,0.9905812622869047,0.13616530872632188,0.08328105361452384,210.6323222219008,6.418274524896953,0.22736858883704095,0.1363402479959736,66.34383439010357,11.619728665085185,0.12624241736005334,0.9745098039215686,0.4750379935250505,0.23218948315354246,79.31117040150703,20.902983937548207,0.5200194372377454,0.3425277240756972,129.82055886289305,27.990647801176475,10.560881089703837,5.161956633548815,11.703999281022147,6.7365233642664695,0.05459964217451468,0.03596383102278874,4.729925367910071,2.2924356513013775,-0.5200194372377454,-0.4787035501798394
stage2_soh,132,-1.1316765385059393,0.990801326252164,0.13623364620993475,0.08365424752795829,212.96803703604417,6.386061932683467,0.22920351602967176,0.13718338024556004,66.54443492139964,11.63632664502497,0.11124474824059244,0.9745098039215686,0.4843974394299595,0.23741907048240013,77.2416687317446,20.095856085951702,0.48893595326119854,0.3272638556218761,137.7398931816668,27.15903468844008,10.76895706807723,5.278219018202424,12.039587184079025,6.376006430804187,0.051336019738261775,0.034361195244010184,4.491860064957772,2.532346160340208,-0.48893595326119854,-0.4787035501798394
stage2_soh,133,-1.1393571479342703,0.9904492239077491,0.13617018033925676,0.08345074571636939,212.9847868648397,6.373193227153968,0.22764149641563258,0.1357022579426588,65.2134148284761,11.554383273599008,0.11967766454406813,0.9745098039215686,0.4811768655573078,0.23392978106607118,77.74559389152135,20.981554536329632,0.5068155276259073,0.34145967470956784,136.93023440153326,28.06401339908463,10.697358378765472,5.200646337457533,11.845594410211826,6.739897591555286,0.05321329257200667,0.03585169076602229,4.701467109006256,2.6087957125648233,-0.5068155276259073,-0.4787035501798394
stage2_soh,134,-1.1398280072228308,0.9905372494938529,0.13531206890917838,0.0833655190179536,207.64126628942122,6.392151290386616,0.2269450135878128,0.13547202044426282,65.20770191976216,11.645020568018332,0.12693209376405268,0.9745098039215686,0.4764230130614956,0.23025804435943856,76.57806638709715,22.913238280569242,0.5238975550482997,0.3443455304000892,144.9401513500558,29.161564810980877,10.591672367097823,5.119017551381493,11.577336779220868,6.389008086929829,0.05500682665571721,0.03615469230170858,4.721001246692837,2.5716366500184678,-0.5238975550482997,-0.4787035501798394
stage2_soh,135,-1.1440607332357102,0.9908746809072504,0.13586545679114725,0.08339255657568496,209.93677863410463,6.390562055522521,0.22700044538907654,0.1348779963108928,65.60897735433718,11.43281064618914,0.11666768047155118,0.9745098039215686,0.4789294364874281,0.23494602095554856,79.598528557893,21.70123553391045,0.5018843273565528,0.3244684159536572,122.78758806756751,24.419137966935992,10.647394309600356,5.223239032731745,11.787482770366934,6.8969823257868965,0.052695539290268205,0.03406768697359641,4.468921010404346,2.2664743260470597,-0.5018843273565528,-0.4787035501798394
stage2_soh,136,-1.1462837479028556,0.9906546169419911,0.13584951282698737,0.08338994013801353,210.12956420938542,6.409637628124339,0.2273628444296825,0.13601271576086718,66.56474641546207,11.676822675234277,0.11936307938075533,0.9745098039215686,0.4761388932924686,0.23096769844346188,79.61570110911838,21.62598106627818,0.507720202951511,0.33484971232200955,130.19574424714736,28.854188272826075,10.58535591423126,5.1347943366036155,11.670145190330945,6.5399830995374275,0.053308279308126476,0.03515767520563337,4.611091974194605,2.4912685516984405,-0.507720202951511,-0.4787035501798394
stage2_soh,137,-1.1476714413601385,0.9905519204248702,0.13651165078214963,0.08362197566088615,210.21917161150137,6.409621159023665,0.2265627739727717,0.13571607475944672,66.14750144712247,11.594278972410168,0.12607681277920219,0.9745098039215686,0.47441901525265795,0.2305165389443145,81.17083031325612,20.1944198926053,0.5212987131986833,0.345096849924063,132.86618391844945,28.19474607222284,10.547120177901096,5.124764313978204,11.429982459893658,6.476073310384534,0.05473396024939415,0.03623357738605388,4.75346335205776,2.509198768596742,-0.5212987131986833,-0.4787035501798394
stage2_soh,138,-1.1480810666167538,0.990331856459611,0.13598381985290114,0.08347655843519533,210.82060670446532,6.397038501708136,0.2278360207008123,0.135849771107218,65.04164072765849,11.535885391320782,0.11909101856689827,0.9745098039215686,0.47687483167319716,0.22768090562164492,73.38801471258097,20.319415309593186,0.5053463258997681,0.3366540163280625,122.14186645230278,27.941166440156596,10.60171704288657,5.061723490416928,11.538790474515439,6.191972447817427,0.05305903316786692,0.03534711880341085,4.654580968433051,2.4441714364668075,-0.5053463258997681,-0.4787035501798394
stage2_soh,139,-1.1551307932752206,0.9903611983216455,0.13556106252467556,0.08328453065286325,208.09683388071684,6.4626789453966,0.22593401735526084,0.13484673747998377,64.70329851020252,11.534081680669628,0.13557234654823938,0.9745098039215686,0.4786943501713692,0.2333573973125906,76.42927716593672,22.85334870503878,0.5398773695703096,0.35352609443167843,139.06908031327026,29.075678054373967,10.642167951575198,5.1879212989541275,11.652206795544789,6.558356230429313,0.05668463346915362,0.03711860917709996,4.859125199903282,2.4129357013866213,-0.5398773695703096,-0.4787035501798394
stage2_soh,140,-1.1564696949939521,0.9905079076318183,0.13559744844446203,0.0830805162462351,209.80852644309874,6.346465685633062,0.22519018018808373,0.13468418073531402,64.90018873963248,11.56633091776057,0.11662338162754096,0.9745098039215686,0.476905807422836,0.22944810873116642,77.23502178589926,20.338350599844386,0.5023504557524772,0.3229462023495751,126.78513519789236,25.319524009138515,10.602405685085845,5.1010113414002145,11.335758583340663,6.422195120559709,0.052744480621692354,0.033907861566804816,4.4209939610693,2.0897428532135263,-0.5023504557524772,-0.4787035501798394
stage2_soh,141,-1.1521037922355757,0.99039054018368,0.13621969119936203,0.0831191812373044,207.86315706455375,6.315247279316393,0.22883609172958405,0.13558081895659757,65.1739456274724,11.522801949713276,0.11663582088316188,0.9745098039215686,0.47673135447230414,0.2308732393179454,79.74007427657345,20.757370012392258,0.5005150755272384,0.33465187690202514,131.05410011799643,29.646552303856026,10.598527307163598,5.132694353852732,11.543035268423035,6.30140360144123,0.05255177416424815,0.03513690339910634,4.614468974439456,2.5471488519970364,-0.5005150755272384,-0.4787035501798394
stage2_soh,142,-1.1612411138160084,0.990595933217922,0.13574068873751746,0.08341763928396759,209.666820631158,6.399158916754676,0.22649401719096954,0.13464996208688632,64.38807155805208,11.374921712053185,0.1301739833226391,0.9745098039215686,0.4759835852930976,0.22933008029746513,77.90289813289661,20.588149512826856,0.5288394666425007,0.35226249378357155,143.42728993571828,29.2274461902302,10.581903160270537,5.098387373906007,11.551939918093721,6.441100719948778,0.05552570457715556,0.03698593693776099,4.869840906476671,2.4856105960195447,-0.5288394666425007,-0.4787035501798394
stage2_soh,143,-1.154496440906759,0.990698629735043,0.13633744533112918,0.08332585610992242,210.4991713310953,6.371165938428838,0.2256578183155931,0.1345548888757148,65.4776806485619,11.452864867385875,0.1277928250093086,0.9745098039215686,0.47997235040438047,0.2352746519360545,76.46245305053134,24.57158287566844,0.5245711339144336,0.35576456771323495,138.5317451841361,31.836374982393078,10.670580012668022,5.2305450435241925,11.70109734566496,6.694812377057427,0.05507754932958989,0.037353638546077796,4.906145508034018,2.645669178232269,-0.5245711339144336,-0.4787035501798394
stage2_soh,144,-1.1543160976597144,0.9905372494938529,0.13592783335840744,0.08316056745128811,210.45546130990357,6.383907691378058,0.22548445951275026,0.1342582770533553,63.54118468413108,11.340016799004914,0.121738236236806,0.9745098039215686,0.47933287470542896,0.23031655414504748,77.12118368705761,20.128295091451605,0.5118938731920708,0.33778802968342514,122.42487946729035,29.083916307365076,10.656363409136443,5.120318320786935,11.60137929655068,6.290012134621298,0.05374649543116113,0.03546618497476939,4.682895265571142,2.5309426537534074,-0.5118938731920708,-0.4787035501798394
stage2_soh,145,-1.16022564286389,0.9905812622869047,0.13513126452053062,0.08308664504386923,208.5587696852305,6.353041106601587,0.22613390770057082,0.1347576726238738,66.38946930973701,11.368646097006579,0.11809819098196778,0.9745098039215686,0.47853992830341124,0.23119495303059617,79.32359417346203,21.370175205328135,0.5049775564219426,0.33950738006581865,141.6288014182565,30.361497135627864,10.638734897782907,5.139846582328227,11.5986045916004,6.236809417318475,0.053020314073747854,0.03564670883393502,4.65887149283211,2.5528316347802025,-0.5049775564219426,-0.4787035501798394
stage2_soh,146,-1.161228111178441,0.9907719843901294,0.13551869697126487,0.08285466605788194,207.68689107267033,6.336386433707849,0.22572547400007642,0.13355375671428144,64.5440489149474,11.215823612194772,0.13173339101029377,0.9745098039215686,0.4781247947201452,0.2321341999824725,77.10766078452993,21.05653719719455,0.5330021939229717,0.35919535336833375,151.4855589871259,29.985831472669407,10.629505790913617,5.160727597126698,11.562760965139192,6.262431120838266,0.05596277173985835,0.037713855214402466,4.911654295292508,2.767602167535012,-0.5330021939229717,-0.4787035501798394
stage2_soh,147,-1.174575738761211,0.9904638948387665,0.13652738835677813,0.08344919844002638,208.59502497525685,6.374318336249743,0.2227871795174571,0.13293066176410948,64.68297942334759,11.323668878784767,0.11663003473305235,0.9745098039215686,0.4758063661919843,0.2295990659343992,76.05788271870591,21.11128918128707,0.5008904936567011,0.33335082575167513,147.10853220990407,26.806147664105694,10.577963286241108,5.104367369959417,11.64353683135083,6.359002051601697,0.05259119133612036,0.0350002990297828,4.57462831367504,2.3989344683543026,-0.5008904936567011,-0.4787035501798394
stage2_soh,148,-1.1687064406695575,0.9903025145975763,0.13585397430300777,0.08322845465377561,208.43448783731304,6.310989517774416,0.22545742765700968,0.13413545896276038,64.05131352401149,11.390744091220917,0.11750400516332364,0.9745098039215686,0.48092846094780295,0.2318240978846363,74.74283032776357,21.661704246546982,0.502084495220742,0.33166812216023017,139.32693274589295,27.165906761540615,10.691835933026661,5.153833514073228,11.642869167096206,6.287063504136079,0.052716555992677695,0.03482362291462317,4.55531467986288,2.4204722346354632,-0.502084495220742,-0.4787035501798394
stage2_soh,149,-1.1776012218543115,0.9905519204248702,0.13590435062381026,0.08317201118083832,210.24147559624976,6.357557367106974,0.22486446685962838,0.13345459527295617,64.24431775375383,11.241032416722401,0.12325900591471615,0.9745098039215686,0.47215928754090875,0.23253167926187754,77.3820166477131,21.09813228389894,0.5151469487544277,0.34280228740809593,141.64977442342874,28.28433533955067,10.496882689565055,5.169564219591921,11.899391915641418,6.588841575150192,0.05408805335948552,0.03599265890619025,4.712675880770142,2.482958693150411,-0.5151469487544277,-0.4787035501798394
stage2_soh,150,-1.1845170274726213,0.9906252750799566,0.13614444041344806,0.08351018628605422,210.28070487520148,6.416906707214985,0.2231681263881433,0.1327674524954142,63.846744316184804,11.242792434598378,0.1310453951358795,0.9745098039215686,0.47582850760143003,0.23287893911166227,77.1064868579803,21.753464615978597,0.5326498119005801,0.35444655326359414,142.53590620098245,30.08830719881268,10.57845552643137,5.177284380991204,11.672038574911554,6.827932878327174,0.05592577325296811,0.03721525310857668,4.879195684324979,2.701243199854464,-0.5326498119005801,-0.4787035501798394
stage2_soh,151,-1.1807477671524815,0.9904198820457146,0.1354708570408457,0.08292992783720253,209.56629162181562,6.397028827048163,0.22333891838982475,0.13259909805419656,63.52190892939204,11.221133818098021,0.1144681860126701,0.9745098039215686,0.47950728788438596,0.2329569415024975,78.13063880495439,20.164421654511294,0.49736221509793405,0.32427726675409313,129.8675463334834,27.80955966016331,10.660240902870731,5.179018503283635,11.73224926349107,6.262911646633221,0.052220738362623864,0.03404761718937146,4.453856160248757,2.4352666922447948,-0.49736221509793405,-0.4787035501798394
stage2_soh,152,-1.1887078913531146,0.9906692878730085,0.13621880483058474,0.08354390446671449,212.30914033259015,6.40885780811672,0.22153491602225525,0.13191776466065036,62.97442427232767,11.113110809667766,0.118243654627426,0.9745098039215686,0.47492948379927047,0.22736027714084175,75.22642455059241,20.406713426210523,0.5043191551808597,0.33762520953611125,128.65109472085513,29.297669444087703,10.558468738846306,5.054595388442163,11.333095790042002,6.390354844731965,0.052951184980494455,0.035449089610355,4.649686024655134,2.4749185428508755,-0.5043191551808597,-0.4787035501798394
stage2_soh,153,-1.1914454317509835,0.9902585018045245,0.13599938527018793,0.08311591050059232,209.2628337610532,6.3747477581019485,0.22210748800529972,0.13185045536047094,64.69749638018935,11.00749785647901,0.11951372199783138,0.9745098039215686,0.47368138163543133,0.23102124464040732,77.40907172409284,21.207348970163103,0.5074590862447236,0.33846638966899584,144.30514970438102,28.410741473581634,10.530721361331727,5.135984757215135,11.410420843858777,6.425781895265964,0.05328086325838783,0.03553740964412869,4.618688267396326,2.517179998328801,-0.5074590862447236,-0.4787035501798394
stage2_soh,154,-1.1868836967105831,0.9904785657697838,0.13596813085478232,0.08335849149536714,210.50630286345609,6.4237162834589565,0.22310155378534885,0.1324708050953423,63.28626626201662,11.252811704894178,0.10899812430143356,0.9745098039215686,0.4807170035903438,0.23402973240350974,78.90564958711198,22.72972172166725,0.48242293246890144,0.32296682041795816,130.2473357165714,29.005334625917488,10.687134885872311,5.202868421172591,11.743105195302673,6.5906523597639985,0.050652182598204996,0.03391002636887841,4.427230278225666,2.5288170818315936,-0.48242293246890144,-0.4787035501798394
stage2_soh,155,-1.1963163988505103,0.9905519204248702,0.13577293902661186,0.08321301627263283,209.10628993545035,6.363346643724501,0.22242464725388628,0.13193144317552358,63.69603851395043,11.058798865809678,0.11674455173459708,0.9745098039215686,0.47902291571564565,0.23394970267865003,79.65893168713121,22.58450662712901,0.50052794645024,0.33235543297749814,138.46268493734158,27.46060494629523,10.649472507611922,5.201089227888253,11.695129280821131,6.729074969708404,0.05255312555179258,0.03489578738002246,4.574727280306829,2.454428173597059,-0.50052794645024,-0.4787035501798394
stage2_soh,156,-1.1947434041523948,0.990493236700801,0.1358243314402179,0.08330640197833525,213.04383786093274,6.353366513719456,0.22278734438529968,0.13184453918156747,63.379196474289984,11.129986096492285,0.11848230750537386,0.9745098039215686,0.47529815024139155,0.22737099190845209,76.5027736233912,20.101920135602132,0.5034169111971085,0.3333786943580444,136.3175408827823,28.564377928278585,10.566664804234914,5.054833595465978,11.519808457225029,5.772127503093806,0.05285645352405392,0.03500322510489981,4.585842282464626,2.465645744227145,-0.5034169111971085,-0.4787035501798394
stage2_soh,157,-1.1953212274659573,0.9903025145975763,0.1361997472020378,0.08331404066580214,211.6516889653897,6.3323896343875665,0.22298712312007613,0.13207077242907858,63.22848358539411,11.167701756041025,0.11078635378211152,0.9745098039215686,0.47981580563842996,0.23349931563670728,76.6431664726884,20.82606641291852,0.48794397536045686,0.32011179622700986,129.8703961956418,27.311474482205643,10.667099763338593,5.191076378265415,11.806009906007821,6.47111909965308,0.05123186663446007,0.03361026199842836,4.3997771114585635,2.26134674385265,-0.48794397536045686,-0.4787035501798394
stage2_soh,158,-1.1972310487689772,0.9904785657697838,0.13594949643749876,0.08328669909558756,207.73169552783833,6.4219091468465015,0.22343401184532038,0.13204676553300163,64.54152266306633,11.004554208425244,0.11487953177854127,0.9745098039215686,0.474903074225338,0.23187669240960887,81.1916688367171,21.55914239865234,0.4960124760410318,0.3265133066321997,128.29009651082833,27.204276099260312,10.557881610292943,5.155002777441161,11.615961443973198,6.753020156817985,0.05207902198769895,0.03428239106221181,4.513067978455986,2.364962544199603,-0.4960124760410318,-0.4787035501798394
stage2_soh,159,-1.1982030359282292,0.9903758692526627,0.1354031881648045,0.08317349512457506,208.48448658083015,6.3849382156752466,0.22198323162679862,0.13132402890431583,63.985549821987014,10.978741248400848,0.1239220116944874,0.9745098039215686,0.4729423618124105,0.22978066443922182,78.63036470475222,21.18682157138828,0.5157423746415336,0.3402184814999939,128.36853287617828,27.335626872514123,10.514291727112491,5.108404605384037,11.52946910340937,6.274476795242399,0.0541505703310628,0.0357213712043687,4.721389748513038,2.1877041781947213,-0.5157423746415336,-0.4787035501798394
stage2_soh,160,-1.2062526146943942,0.9908306681141985,0.13590324770228288,0.08327244693024353,209.75871898500634,6.413517256842207,0.22135674322457718,0.13080036487726393,62.37530799147245,11.01213493869372,0.11264866973255194,0.9745098039215686,0.4761937806267083,0.23242924533528733,79.40370387582195,21.061080863264735,0.49126129744876523,0.32124400534210545,137.42099612092446,27.326007941846786,10.586576150545275,5.16728694380974,11.564583895510196,6.901767303840786,0.051580170151654274,0.033729138732881435,4.404946549935634,2.280213526902009,-0.49126129744876523,-0.4787035501798394
stage2_soh,161,-1.2036534243984922,0.990962706493354,0.13632085334734154,0.08329494523176488,209.4081966147105,6.353394413058621,0.22088834753276604,0.1309215041735733,62.14721835532328,11.064819576103185,0.11996851402754877,0.9745098039215686,0.4782546834806326,0.23661674060584867,75.5076068141535,21.881984786344088,0.5047602767217555,0.3362922823659199,131.29168275227647,29.281212622797923,10.632393433108755,5.260381896674311,11.80645059892476,6.784784550212855,0.05299750070749175,0.035309138405985194,4.674573767857132,2.499345963707247,-0.5047602767217555,-0.4787035501798394
stage2_soh,162,-1.2051439993727295,0.990801326252164,0.13548040402696768,0.08302462251666742,210.10453985199632,6.352225174354054,0.2200543712413069,0.13087393795226918,63.58503564277859,11.038077629690461,0.11767515326831855,0.9745098039215686,0.4781000077357925,0.23248154457804618,78.45567506176899,21.31445617617043,0.5012917779838687,0.34120518114125614,148.1168751562421,30.250269756753546,10.628954735213041,5.16844964256518,11.717855110194158,6.528881005923677,0.052633324339436495,0.03582497011527249,4.701903225702926,2.615095396102336,-0.5012917779838687,-0.4787035501798394
stage2_soh,163,-1.206307449127733,0.9908453390452158,0.1365347826609612,0.08370173059760087,212.57500308924074,6.388985970911443,0.2227328868499705,0.13096596821006218,63.098257571028135,10.985685283331069,0.11767920764053569,0.9745098039215686,0.4829237143587127,0.234337189484972,78.24065073196557,21.174704430835988,0.5024236299837793,0.3350029221352409,132.45089733969422,28.12337046112663,10.736193719779845,5.209703701132864,11.71672752102716,6.286541097984524,0.052752163578442424,0.03517376152929945,4.626542580934203,2.325269833878918,-0.5024236299837793,-0.4787035501798394
stage2_soh,164,-1.2093925425705574,0.9905225785628355,0.13565091784903965,0.08331989809598724,208.69755966091793,6.376726910553105,0.2201603722150909,0.13022421309760043,62.31595118075827,10.916679092780065,0.11320657771007687,0.9745098039215686,0.4776768206774187,0.23209309091828034,77.24138286576012,21.10720524617134,0.49343414222147614,0.3376913461962021,146.41308695283487,29.77135280990135,10.619546586258425,5.1598136745677445,11.62333089686044,6.913526197297454,0.051808308829933224,0.03545603365459066,4.651417253218371,2.793103725545945,-0.49343414222147614,-0.4787035501798394
stage2_soh,165,-1.211903911658126,0.990595933217922,0.13612830299871148,0.0832359838602787,207.53659230411125,6.403428137937208,0.22162029342564926,0.1309436543367775,63.56792891554362,10.794566132335648,0.12249816425290762,0.9745098039215686,0.4794076991777361,0.23244184416846608,75.19690253763454,21.924591354569834,0.5120007927774823,0.34215581374900306,144.2313155321995,29.00378227456757,10.658026881038493,5.167567036730483,11.702402528515009,6.409361015365528,0.053757721494432774,0.035924782154026495,4.713279117379311,2.41315791309804,-0.5120007927774823,-0.4787035501798394
stage2_soh,166,-1.2244332726826317,0.99039054018368,0.13607654974522737,0.08345338530507262,211.12268544620014,6.383844694449173,0.219865936336043,0.12947346947393307,63.11900411882204,10.659294634036165,0.13764670593481437,0.9745098039215686,0.48041704229837034,0.23301654790035065,81.77445569884647,21.606556131224586,0.5436997840930231,0.36421896517276764,145.0858329175953,29.38596494887047,10.68046624972273,5.180343652194865,11.735402098204165,6.607969187919646,0.05708596936207988,0.03824131128105015,5.034787315589458,2.6071239026955575,-0.5436997840930231,-0.4787035501798394
stage2_soh,167,-1.228022902113518,0.9904198820457146,0.13658220316919123,0.0834501383004852,210.1985565885947,6.386522118343798,0.21885201789841338,0.12941834663882476,61.38841378702914,10.877323858138173,0.12116104510484957,0.9745098039215686,0.4792085540400649,0.23289025577479133,75.42760100847839,21.145734524257875,0.5080370998706626,0.33725453199928296,145.14280453295834,26.71591228671361,10.653599554914678,5.177535969148925,11.677802525490105,6.602020709642797,0.053341552022861505,0.035410170178842106,4.654082738841635,2.5441366597957478,-0.5080370998706626,-0.4787035501798394
stage2_soh,168,-1.22705532087798,0.9904638948387665,0.1362606842822121,0.08356858998103074,209.7793229906674,6.3651971601658754,0.21871581927784292,0.12921780030926158,62.2739772328383,10.762760936255575,0.12344377312590094,0.9745098039215686,0.4797454365956184,0.23414155661913694,76.23440874641693,20.595370223283886,0.5152546408640694,0.3467901686316027,136.53647467091417,28.89785040224377,10.665535343010832,5.205354458627037,11.653343835776733,6.814228985922796,0.05409936053423786,0.03641136803943827,4.7687812671891106,2.692569333283475,-0.5152546408640694,-0.4787035501798394
stage2_soh,169,-1.2242740920681248,0.9908159971831813,0.1357228295311443,0.08320734639208964,210.88379325524306,6.355241835033085,0.2202543775191088,0.12936701397326675,61.81993481317604,10.79952217198894,0.11214151177920548,0.9745098039215686,0.4776255969919525,0.23337090747503966,79.97296705381379,20.550918790953382,0.4899897240908037,0.33035389142768345,138.15687410845223,29.22546457048775,10.61840779892234,5.188221652233385,11.795237273177529,6.485131988701618,0.05144666081455693,0.03468563474996348,4.51686199818291,2.4550457244127313,-0.4899897240908037,-0.4787035501798394
stage2_soh,170,-1.2246861997084006,0.99039054018368,0.1364831571268725,0.08335032254728254,210.1124378246142,6.37830694281643,0.2195358287050938,0.1297456665423311,60.79071084827154,10.87878962354972,0.12451977656752455,0.9745098039215686,0.4728233436824312,0.22830467883351388,76.43080579012651,20.867645296954535,0.5181110504575871,0.3379887064206688,141.7416559133277,27.222481012250665,10.511645757031438,5.075591001662939,11.411972095616022,6.172747704206737,0.054399270365567125,0.03548725510650226,4.6497704615578765,2.440465393702642,-0.5181110504575871,-0.4787035501798394
stage2_soh,171,-1.2263087762926832,0.9907719843901294,0.13656235729674468,0.08342843434146933,209.1865455802768,6.359068748808749,0.21946699520986204,0.12913364061474872,61.627577203868334,10.748000888071736,0.1208855820929303,0.9745098039215686,0.4764281694064821,0.2307044892462299,79.33421759464737,20.701953420980917,0.5071871871738741,0.3425503294330602,131.68900593337284,29.631934174819502,10.591787001183942,5.128942760368511,11.453354343877333,6.587236093714169,0.05325231511015932,0.035966204481038294,4.726963142817112,2.421870625216016,-0.5071871871738741,-0.4787035501798394
stage2_soh,172,-1.2300441389034054,0.9905519204248702,0.13576115559922364,0.08306646114499794,212.29946364384932,6.325131850765135,0.2183691910304654,0.12887789501861407,61.25776468138736,10.75594043050428,0.1268489113040999,0.9745098039215686,0.47221308518759775,0.22662424832290295,78.51219421924009,20.481677771794427,0.5211777099160706,0.35090916434887287,144.6336049267936,28.15695537362899,10.498078700320683,5.0382322492179386,11.189660669596462,6.308927316464008,0.054721255462881375,0.03684384358972907,4.826876613753432,2.593849057251782,-0.5211777099160706,-0.4787035501798394
stage2_soh,173,-1.242455657010263,0.9905372494938529,0.13617832154781317,0.08352148711487975,210.49154077908003,6.418223973918609,0.2194550841903601,0.1292345018745923,62.740700254636444,10.671123013376144,0.12325009265366722,0.9745098039215686,0.47595256674050407,0.23138728762483773,75.42046921525058,20.762537943017662,0.5137628401422094,0.345679712456231,145.1123100207945,26.797405947605352,10.581213566490712,5.144122498795768,11.642910874891992,6.586156820789323,0.05394272833979163,0.03629477526331468,4.744975448281575,2.494875115129073,-0.5137628401422094,-0.4787035501798394
stage2_soh,174,-1.2465491960951183,0.9902731727355418,0.1366166967601973,0.08350699934747233,210.3200594041043,6.409998799046033,0.21855980248659995,0.1284534188251027,61.04217667051908,10.719741615448356,0.11812868764003118,0.9745098039215686,0.47558442842230353,0.22951635535733372,79.73781522206716,21.19919209348265,0.502381903871597,0.34504983070507356,150.69500182365408,30.48028963088952,10.573029242171245,5.1025285768920075,11.663149140307366,6.338016952887998,0.05274778252913667,0.036228640584949325,4.717395572077658,2.750519912626201,-0.502381903871597,-0.4787035501798394
stage2_soh,175,-1.244409599976061,0.9906252750799566,0.1358318868359183,0.08328799646622559,211.14520064084908,6.372118048004077,0.21687078956734973,0.1281438745560079,61.06965266581507,10.673415274802112,0.12003973380607717,0.9745098039215686,0.47566315670064885,0.22949519953051326,80.01330086806824,20.5806090993046,0.5070209751192833,0.34223924933877936,147.44129252112072,27.42698899152422,10.574779502144834,5.102058247835278,11.613178706273137,6.606432755955432,0.05323486361112699,0.035933542506082966,4.7010113208677495,2.435198799646663,-0.5070209751192833,-0.4787035501798394
stage2_soh,176,-1.2417828618373072,0.9904638948387665,0.13622680537114323,0.0833472844819778,208.0759126290165,6.370067702769793,0.21655499532478933,0.12784130122284715,61.41637217082983,10.72483553620032,0.13977139060403787,0.9745098039215686,0.47593778403505893,0.23126937479474674,79.00733906641342,21.495475218344026,0.5462723882269424,0.3629815852178224,145.80469863775366,27.352394840766436,10.580884922473775,5.141501101361215,11.662576350439704,6.590142478265274,0.05735608092928357,0.038111392093542855,5.018843423893325,2.393209536861588,-0.5462723882269424,-0.4787035501798394
stage2_soh,177,-1.2528325079374514,0.9904052111146974,0.1354534359447484,0.08295655806490292,207.1163516579244,6.305034254191822,0.21728816693915112,0.12806449641614132,60.46032398645408,10.633408240692862,0.11957897710449555,0.9745098039215686,0.47322092097080354,0.22951365660273415,75.53105394211256,21.522287042907628,0.5064249384522516,0.3410050465451444,148.87949320936045,29.742819778784156,10.520484558398273,5.102468579109084,11.491506611780606,6.618219279810053,0.05317228251047488,0.0358039569058577,4.72061604452895,2.643233540380795,-0.5064249384522516,-0.4787035501798394
stage2_soh,178,-1.2496090999795064,0.9905372494938529,0.13604732610900533,0.08325085596905392,210.20510923579505,6.364287680735787,0.21745085918632528,0.12819519693107795,61.694659317502754,10.617723780785145,0.11936229721588247,0.9745098039215686,0.47960968427178147,0.2346786194891833,77.67568360758908,21.83709631538325,0.5044026606133588,0.3373109423080642,140.35886818617158,27.824520025839806,10.662517344094463,5.217294255412903,11.98244455374887,6.658527702783686,0.052959952665714655,0.03541609300105576,4.644172402781745,2.4507237550072882,-0.5044026606133588,-0.4787035501798394
stage2_soh,179,-1.262008364881758,0.9904052111146974,0.13647767063660718,0.08337351383053031,209.23362911529824,6.3492720056616605,0.21656393286515682,0.12714068481578614,60.54277347199228,10.552266139390944,0.11598566630307366,0.9745098039215686,0.4781366052197432,0.23130563991052994,78.12736326879936,20.71244914040565,0.49889836251120245,0.3299952066539988,132.3638351225925,27.5406380339396,10.62976835787366,5.142307334927185,11.486172679053986,6.5930818935791144,0.052382026755106434,0.03464797450326066,4.58776110648865,2.458291214318934,-0.49889836251120245,-0.4787035501798394
stage2_soh,180,-1.2576102300000993,0.9906106041489393,0.13623663304882677,0.08354652959856369,208.28282984030406,6.345092302231064,0.21735642906511496,0.12763248645219605,61.472145465743985,10.577366097179285,0.11213150024414062,0.9745098039215686,0.47784965068010266,0.23229023690390235,78.36229761864438,21.350130740988988,0.4906371786496793,0.3272598127286662,137.93630937080306,27.87987049946227,10.623388883362985,5.164196556231625,11.861082363457209,6.51831773653677,0.0515146405566732,0.034360770758872124,4.508261180767864,2.3820843551336623,-0.4906371786496793,-0.4787035501798394
stage2_soh,181,-1.2555606690466374,0.9906252750799566,0.13680855496108552,0.08332978835620061,211.59975997060718,6.36136947444056,0.21539549034670447,0.1268565399053018,60.72582227174601,10.465794332396714,0.11856069079801149,0.9745098039215686,0.48034525486889157,0.23258751084772394,71.96569550219917,20.2288549950314,0.5041639896642911,0.33720149961026274,148.71265818668192,28.401454202658638,10.678870296311016,5.170805448182498,11.51569564155291,6.335166693722402,0.052934893316999215,0.03540460202262174,4.646902126865082,2.4361749862414883,-0.5041639896642911,-0.4787035501798394
stage2_soh,182,-1.2616237132664925,0.9903465273906282,0.13595246131876196,0.08327761189955327,207.86319123457483,6.409932974819039,0.21707842624422155,0.12708807011496293,61.049146486504746,10.479667610176861,0.11952621340751649,0.9745098039215686,0.4762266164101058,0.22939353033936782,76.54109349441065,21.4881434903196,0.5059018213119083,0.3434612488940212,149.21585220240692,30.61430241581901,10.587306144374557,5.099797973388164,11.517696723538485,6.503075576789237,0.05311735762376332,0.03606184682256781,4.731435466536951,2.58786902934893,-0.5059018213119083,-0.4787035501798394
stage2_soh,183,-1.2696787188623346,0.9904345529767319,0.13580908250680693,0.0831459031648117,208.30563479040538,6.362029876657116,0.21573624958731857,0.12657514638108142,60.55003370383103,10.47604136405905,0.12360954652814304,0.9745098039215686,0.4802055552824652,0.23431923237501406,79.57129892319654,21.23410238490737,0.5143604677790762,0.3434436556390103,146.5056903431325,26.85811054962539,10.675764543212022,5.209304484847923,11.649083375389868,6.538300922103514,0.05400547648493763,0.03605999961194548,4.748035732588832,2.456967690619244,-0.5143604677790762,-0.4787035501798394
stage2_soh,184,-1.261753800801592,0.9903611983216455,0.13673324685068874,0.08379531839918841,211.37844204662215,6.437887933755169,0.21724587304829635,0.1271055078440738,61.88118844993527,10.37980308246453,0.13126552706839992,0.9745098039215686,0.47796570977424035,0.23295480065120786,75.62369344192442,22.165580355858697,0.5291321930891448,0.35478730198251557,159.68488566929588,30.376273364994994,10.625969069178169,5.178970908614979,11.604285650423986,6.474272548484278,0.0555564395037704,0.037251030152264435,4.903485578086189,2.5362169279873568,-0.5291321930891448,-0.4787035501798394
stage2_soh,185,-1.263712284360769,0.9904638948387665,0.13607672710308719,0.08336394321602418,211.35743121946257,6.389137269074224,0.21575901456370258,0.12669973848298652,61.26018341250459,10.43913049415318,0.1140375810510972,0.9745098039215686,0.4780451564481749,0.22885966702163513,73.15420308237684,20.348661439612123,0.49520182742902147,0.3296319707990715,131.05367643759834,28.470952363985365,10.627735300275116,5.08792930794755,11.223734517510543,6.335626027873756,0.051993907622781874,0.03460983641402052,4.5537184681876575,2.4312802164337044,-0.49520182742902147,-0.4787035501798394
stage2_soh,186,-1.2674212469460977,0.9907133006660602,0.13614673381308293,0.08340330967638876,211.47021621592086,6.374461986644214,0.2170466780633099,0.1272984932984226,60.43148062444502,10.473968010204553,0.11401926676432292,0.9745098039215686,0.47719791831642455,0.22691137503613443,77.92784056143444,19.72809279997011,0.49280632746844916,0.3353685000765265,140.12524875101127,29.847554757362428,10.608899793881866,5.044615551432597,11.380356257390607,6.120744560421082,0.05174239117683695,0.03521214552680369,4.626033202264317,2.626574390115867,-0.49280632746844916,-0.4787035501798394
stage2_soh,187,-1.276771770886792,0.9906106041489393,0.13653852841713976,0.0834036383980266,209.04487456385522,6.412046852988269,0.2161756963445252,0.12640183135696983,59.8934465839593,10.3841643125252,0.12038155794143676,0.9745098039215686,0.47574016947415665,0.22834335810815296,76.04874106287915,20.495850361661,0.5078782222862704,0.3367152465452604,142.35701492666624,25.527820092137375,10.576491623605623,5.076450905977262,11.344028792679547,6.4996654491785435,0.05332487060936774,0.03535354769377509,4.628589940648385,2.3912196593132844,-0.5078782222862704,-0.4787035501798394
stage2_soh,188,-1.2738983796301213,0.9905812622869047,0.1352806427912992,0.08316271278513211,210.49698138473084,6.359852403108377,0.2172301017345913,0.12664766774441108,60.012448710897885,10.35588786852027,0.11108329126647874,0.9745098039215686,0.47287805388666965,0.22707154541550315,73.60687365825503,21.268135549877183,0.4871589147057468,0.33227722320121295,150.02315395849064,26.231008093652992,10.512862055452263,5.048176404151036,11.560432747964951,6.447678110525312,0.0511494388870279,0.03488757571427704,4.525883437729834,2.658289036595123,-0.4871589147057468,-0.4787035501798394
stage2_soh,189,-1.2651349508315688,0.990493236700801,0.13634034613267748,0.08343596193491945,210.13826674053522,6.328495031785612,0.2172224210585967,0.12697042468985395,60.39799367408034,10.417968134360073,0.11136978157595093,0.9745098039215686,0.48034858570818156,0.2334097077275681,76.92410334768714,20.360970377031386,0.4881172569550817,0.3285603509668042,137.38464074022866,26.095771394594813,10.678944346383114,5.189084246086484,11.938136883977917,6.6012696010759875,0.05125006040258575,0.03449732127477937,4.523391669856288,2.571907013377582,-0.4881172569550817,-0.4787035501798394
stage2_soh,190,-1.2695943573782456,0.9903758692526627,0.13612498773398282,0.08349707646289403,209.46489760274935,6.38893930081753,0.21507719213704185,0.12674107072165405,60.11277118787143,10.422756605333888,0.11573411471703474,0.9745098039215686,0.4789535826373263,0.23171348356934007,78.7147421331052,20.338169035877815,0.4978013268329693,0.32756019947210363,132.54272874891865,26.227771137615335,10.647931118490012,5.151374374706303,11.491193008253662,6.347580658902349,0.052266843069276585,0.03439230998131499,4.5227292230263,2.3725031723056307,-0.4978013268329693,-0.4787035501798394
stage2_soh,191,-1.2862808030450754,0.9903171855285936,0.13672907375105692,0.08341735221597853,210.7310434828114,6.365569176701171,0.21514497775918764,0.1259826767865519,60.4304431041687,10.311033912112077,0.1226716276477365,0.9745098039215686,0.47682068224786445,0.233186859520627,78.18910486730742,20.905094027499118,0.5110342990853002,0.34884881602837614,150.87348593778836,28.434144756417627,10.600513211509272,5.184129961488963,11.61577216675501,6.652639743241634,0.05365624411497677,0.036627516520011186,4.782446637997434,2.4789822220306332,-0.5110342990853002,-0.4787035501798394
stage2_soh,192,-1.2873185343216438,0.9905079076318183,0.1363380466370104,0.08357325310351038,209.69499591983077,6.419669712506157,0.21573226284076338,0.12572484363022746,61.30664857187264,10.171392848320977,0.10995065239714641,0.9745098039215686,0.47821086932566104,0.2291691348321882,79.05032572786061,20.244782819421673,0.48443060716095554,0.3246890225027706,134.09825582957654,26.975408276302872,10.631419371903108,5.094809289744563,11.675053936030984,6.204799028136156,0.050862979179908285,0.03409084964364376,4.466432861220201,2.542779892466095,-0.48443060716095554,-0.4787035501798394
stage2_soh,193,-1.2850784440369523,0.990595933217922,0.13622192267657723,0.08344540379348186,211.04992833156982,6.365092628199487,0.21433451571327425,0.12582356912151121,60.634606310182875,10.317827219709503,0.11496951077498642,0.9745098039215686,0.4800065879547309,0.23467190086512882,80.09697486526886,20.73389405675739,0.49478352381842666,0.33814550338714733,145.37345766943787,30.126250741780826,10.671341170097493,5.217144889276525,11.716949108030077,6.669542654312043,0.05194998767321209,0.03550371806471254,4.633213172665154,2.6579486660664884,-0.49478352381842666,-0.4787035501798394
stage2_soh,194,-1.2812677313123615,0.9904492239077491,0.13636972577456216,0.08334533569158091,209.22643539395528,6.364873421039709,0.21394719902953369,0.1251211986823573,60.49003327949428,10.231948573356135,0.12703407535365985,0.9745098039215686,0.4749380352686304,0.23002371708588565,73.3962899936611,20.76706898924295,0.5211980852521666,0.34763293368376647,144.54543687407352,28.447721269916716,10.558658852168362,5.1138080681279465,11.509842463917604,6.559370857432012,0.0547233947791845,0.036499854482425376,4.801640238340896,2.5191250629996746,-0.5211980852521666,-0.4787035501798394
stage2_soh,195,-1.2842129780503877,0.9900824506323171,0.13610205881498294,0.08359250412000194,209.7308987476296,6.4046771691931,0.21352020011150433,0.12525062886614938,59.93872209288699,10.267938021139322,0.1169772501669678,0.9745098039215686,0.4808940164631414,0.2323887530139045,78.49511316652466,20.815796734961804,0.500422901617558,0.32832656980072167,119.79419775084321,29.123929941163198,10.691070175104842,5.166386732464543,11.589724041008102,6.382933839374438,0.052542096328909715,0.03447277533072187,4.538718914658602,2.315283655266016,-0.500422901617558,-0.4787035501798394
stage2_soh,196,-1.2956933924291432,0.9908306681141985,0.1372143872201472,0.08359045041435854,210.798256144811,6.3612397023098115,0.21337346437374916,0.12442402067271884,59.15396953081141,10.242612525193191,0.128480824740494,0.9745098039215686,0.4760245210343114,0.23025432240546626,77.72898312509653,21.04211529324264,0.525428123060561,0.3436347270640088,133.86450997603464,26.87416618079972,10.582813229572722,5.11893480618246,11.50440453014842,6.523690654098516,0.055167529236830576,0.03608006123019981,4.7215844744420155,2.304998103539855,-0.525428123060561,-0.4787035501798394
stage2_soh,197,-1.290338806544128,0.9905372494938529,0.13602372394866746,0.08338185988678688,210.88932756365074,6.364743460957727,0.21380149806510065,0.12478487670715786,59.8093441496189,10.19327759539295,0.12750979515851713,0.9745098039215686,0.4741845898654509,0.23040591155489284,76.26153084823066,21.17896617140511,0.5210189404691646,0.3464930014940453,152.66788826172876,28.74371100318463,10.54190851341858,5.122304883951826,11.492081079592745,6.505330392074119,0.05470458540332483,0.036380166860761474,4.76294872864112,2.5986482409415186,-0.5210189404691646,-0.4787035501798394
stage2_soh,198,-1.2868398404317976,0.9905225785628355,0.13586571319561283,0.08331680882126608,210.37586263384225,6.3571097724118735,0.21447549451886821,0.12522766668456925,60.38129126608982,10.204198342296635,0.10895165351091647,0.9745098039215686,0.47701730209956966,0.23232497782172526,77.67924285964237,21.444449746345068,0.48347157866756524,0.3259406000978368,144.09103627906651,28.207406292461457,10.604884396345087,5.164968904353406,11.702172979414275,6.575951214361747,0.050762285611890105,0.03422225951787316,4.463203634798883,2.651384055415527,-0.48347157866756524,-0.4787035501798394
stage2_soh,199,-1.29996351904581,0.990331856459611,0.13667159754347083,0.08342525032111667,207.2303394886385,6.363314276792293,0.21285614201188313,0.12439680482870515,59.56834635080105,10.083786086288157,0.11139752032125698,0.9745098039215686,0.4790413396158391,0.22925842329859733,75.39673695931704,21.482306248221516,0.48628654315101016,0.32395414418230456,126.58363788880642,26.30935131775492,10.64988210141664,5.09679432018272,11.619688780884596,6.425689569247522,0.05105784389783893,0.0340136908098271,4.456116586476532,2.390116991785677,-0.48628654315101016,-0.4787035501798394
