true_label,pred_label,soc_true,soc_pred,soh_true,soh_pred,ID,pulse_ms,true_material,pred_material,cls_correct,material_correct,soh_scaled_by,soc_ae,soh_ae
LMO_10Ah,LMO_10Ah,52.672695335349516,56.29537962165803,64.66599634874413,64.97181730778611,PIP15829A00218444,30.0,LMO,LMO,True,True,100.0,3.6226842863085125,0.3058209590419807
LMO_10Ah,LMO_10Ah,18.115401762916292,17.824593504384044,65.90499817480412,69.98239678486613,PIP15829A00217239,30.0,LMO,LMO,True,True,100.0,0.29080825853224823,4.077398610062005
LMO_10Ah,LMO_10Ah,35.37670148771982,32.58905415343331,57.502001663419044,58.35476237808187,PIP15828A00225770,30.0,LMO,LMO,True,True,100.0,2.787647334286511,0.8527607146628284
LMO_10Ah,LMO_10Ah,65.67439927569912,75.49049815660747,80.47299740603592,79.99687050239825,PIP15710A00246135,30.0,LMO,LMO,True,True,100.0,9.816098880908356,0.4761269036376632
LMO_10Ah,LMO_10Ah,24.387700702471207,24.867682825811105,88.19599417418095,89.87586683405087,PIP15N21A50200566,30.0,LMO,LMO,True,True,100.0,0.479982123339898,1.6798726598699147
LMO_10Ah,LMO_10Ah,37.94840027477962,37.82832034817455,89.06699683856765,87.94047280651485,PIP15D19A03261038,30.0,LMO,LMO,True,True,100.0,0.12007992660507227,1.1265240320527994
LMO_10Ah,LMO_10Ah,30.690801942620944,31.522851383865664,87.89499662822769,88.24076205003473,PIP15D25A03226076,30.0,LMO,LMO,True,True,100.0,0.8320494412447204,0.3457654218070445
LMO_10Ah,LMO_10Ah,50.564998357432486,52.346765171895115,86.37399968243484,88.46278419087305,PIP15D01A03250557,30.0,LMO,LMO,True,True,100.0,1.7817668144626282,2.0887845084382093
LMO_10Ah,LMO_10Ah,55.43259950844851,62.54835342212348,83.32999677321057,85.49763004608312,PIP15D01A03229494,30.0,LMO,LMO,True,True,100.0,7.115753913674972,2.16763327287255
LMO_10Ah,LMO_10Ah,47.63939991915674,48.46640750072138,88.51599952186417,89.51716856870584,PIP15D01A03214955,30.0,LMO,LMO,True,True,100.0,0.8270075815646436,1.0011690468416674
LMO_10Ah,LMO_10Ah,49.833402100745005,51.20384813957094,87.67699884679544,88.46480538245972,PIP15D01A03224640,30.0,LMO,LMO,True,True,100.0,1.370446038825932,0.7878065356642736
LMO_10Ah,LMO_10Ah,64.84549419866687,64.72510238906857,87.65499878349092,87.7299337026712,PIP15N15A03208989,30.0,LMO,LMO,True,True,100.0,0.12039180959830276,0.07493491918027928
LMO_10Ah,LMO_10Ah,63.63550358660503,64.68593479300613,89.95499876135536,90.72646975594346,PIP15D25A03236724,30.0,LMO,LMO,True,True,100.0,1.0504312064010932,0.7714709945880998
LMO_10Ah,LMO_10Ah,53.381097180470086,54.05740541997122,87.00699502164643,87.93782773961522,PIP15N15A03208683,30.0,LMO,LMO,True,True,100.0,0.6763082395011324,0.9308327179687836
LMO_10Ah,LMO_10Ah,24.077000908089857,25.333050055713723,90.00099541544847,89.13889206520683,PIP15N30A03228344,30.0,LMO,LMO,True,True,100.0,1.256049147623866,0.8621033502416395
LMO_10Ah,LMO_10Ah,16.92310209601447,16.22739178296941,69.437998064225,70.57502837156858,PIP15829A00218512,30.0,LMO,LMO,True,True,100.0,0.6957103130450619,1.1370303073435792
LMO_10Ah,LMO_10Ah,25.680200864041012,24.40172930230717,89.01899701665513,88.87844040667413,PIP15N15A03208672,30.0,LMO,LMO,True,True,100.0,1.2784715617338414,0.1405566099810045
LMO_10Ah,LMO_10Ah,40.14490277950498,39.32646945687875,90.61599607837498,88.34067443239128,PIP15D15A03236823,30.0,LMO,LMO,True,True,100.0,0.8184333226262339,2.275321645983695
LMO_10Ah,LMO_10Ah,74.34220101829476,74.34889431583375,89.38799760413491,88.88190508067524,PIP15512A50200153,30.0,LMO,LMO,True,True,100.0,0.006693297538987508,0.5060925234596709
LMO_10Ah,LMO_10Ah,25.66410166621489,25.51210571330232,61.937998617589926,63.996021930794356,PIP15829A00217327,30.0,LMO,LMO,True,True,100.0,0.1519959529125714,2.05802331320443
LMO_10Ah,LMO_10Ah,85.0000026247998,80.58087164250915,92.3849959512275,90.95371910549878,PIP15D26A03256484,30.0,LMO,LMO,True,True,100.0,4.419130982290653,1.4312768457287177
LMO_10Ah,LMO_10Ah,85.0000026247998,79.53431634086608,91.84699851382803,91.76282941787905,PIP15D28A03264309,30.0,LMO,LMO,True,True,100.0,5.465686283933721,0.08416909594897959
LMO_10Ah,LMO_10Ah,43.991100770491734,44.19258547447086,89.75499502379529,90.78509569538882,PIP15N08A03232188,30.0,LMO,LMO,True,True,100.0,0.20148470397912632,1.0301006715935301
LMO_10Ah,LMO_10Ah,56.435900402749404,56.09781459548858,88.25699956711344,88.94827839419209,PIP15N14A03236503,30.0,LMO,LMO,True,True,100.0,0.3380858072608248,0.6912788270786479
LMO_10Ah,LMO_10Ah,55.74399834520065,55.35870661784129,92.64899734329462,91.09301247073812,PIP16N1700C039158,30.0,LMO,LMO,True,True,100.0,0.385291727359359,1.5559848725565075
LMO_10Ah,LMO_10Ah,52.8222970349807,51.807193334199056,89.88499887613833,90.3552225216828,PIP15N12A03225967,30.0,LMO,LMO,True,True,100.0,1.0151037007816441,0.47022364554447904
NMC_15Ah,NMC_15Ah,5.0000046163318155,4.897209573509597,76.45000053354094,78.06573324600424,PJP17601529001A009420,30.0,NMC,NMC,True,True,100.0,0.10279504282221819,1.6157327124632985
NMC_15Ah,NMC_15Ah,35.356602693103284,35.513759223517916,75.6493310359627,77.16449934838303,PJP17601527001A008674,30.0,NMC,NMC,True,True,100.0,0.15715653041463185,1.5151683124203288
NMC_15Ah,NMC_15Ah,19.951500882936887,19.799536764970995,77.35932868370213,78.23032186189552,PJP17601529001A010983,30.0,NMC,NMC,True,True,100.0,0.1519641179658926,0.8709931781933875
NMC_15Ah,NMC_15Ah,69.99999653173852,70.05431756241953,77.14800032857558,78.72187679411658,PJP17601527001A011451,30.0,NMC,NMC,True,True,100.0,0.054321030681009574,1.5738764655410051
NMC_15Ah,NMC_15Ah,50.95099774912738,51.54641736848886,76.80933310901158,77.68955002916103,PJP17601529001A010816,30.0,NMC,NMC,True,True,100.0,0.5954196193614791,0.8802169201494507
NMC_15Ah,NMC_15Ah,64.9999971536303,66.5612864022803,75.51599563253126,77.27784607769689,PJP17601527001A007049,30.0,NMC,NMC,True,True,100.0,1.5612892486499987,1.761850445165635
NMC_15Ah,NMC_15Ah,41.95410025556707,41.90574894061618,77.15599971918252,77.78089448172526,PJP17601529001A003328,30.0,NMC,NMC,True,True,100.0,0.04835131495089229,0.6248947625427377
NMC_15Ah,NMC_15Ah,46.82410030246086,47.594493410727594,76.45666426813065,77.52906450808024,PJP17601529003A008872,30.0,NMC,NMC,True,True,100.0,0.770393108266731,1.0724002399495873
NMC_15Ah,NMC_15Ah,23.604701618548173,24.612045551077134,76.25332897948218,79.7748218002187,PJP17601527003A009249,30.0,NMC,NMC,True,True,100.0,1.0073439325289613,3.521492820736526
NMC_15Ah,NMC_15Ah,64.9999971536303,67.78686817947752,75.41066220690784,76.81066686779015,PJP17601527001A008438,30.0,NMC,NMC,True,True,100.0,2.786871025847219,1.4000046608823027
NMC_15Ah,NMC_15Ah,15.250300334977023,14.923217481161677,76.00799641583761,78.033755288376,PJP17530529002A009949,30.0,NMC,NMC,True,True,100.0,0.3270828538153463,2.0257588725383897
NMC_15Ah,NMC_15Ah,27.26530265280591,24.84177979086437,76.32466388830355,76.30982052543412,PJP17601529001A010435,30.0,NMC,NMC,True,True,100.0,2.4235228619415423,0.014843362869427779
NMC_15Ah,NMC_15Ah,47.527301113167965,45.67489852108007,80.00799780714402,79.58787011602581,PJP17930O01003A016716,30.0,NMC,NMC,True,True,100.0,1.8524025920878984,0.4201276911182106
NMC_15Ah,NMC_15Ah,41.72750142641355,42.74279265492797,75.98000012974555,77.23664501052546,PJP17601529003A008762,30.0,NMC,NMC,True,True,100.0,1.015291228514414,1.2566448807799162
NMC_15Ah,NMC_15Ah,29.79689918966566,30.009079109272385,75.26066715079567,76.4316460143232,PJP17601529003A008717,30.0,NMC,NMC,True,True,100.0,0.21217991960672578,1.1709788635275373
NMC_21Ah,NMC_21Ah,48.708301363683375,55.97192064593949,77.00523564899981,80.16293580238055,02LCC02100101A8BC0104122,30.0,NMC,NMC,True,True,100.0,7.263619282256116,3.1577001533807305
NMC_21Ah,NMC_21Ah,41.72750142641355,41.23784462961691,99.73428381794949,99.68067544234913,02LCC02100101A87Y0163477,30.0,NMC,NMC,True,True,100.0,0.48965679679664476,0.053608375600362024
NMC_21Ah,NMC_21Ah,41.64969946964553,40.95214065710549,100.02142962444005,100.0657149692611,02LCC02100101A87Y0013547,30.0,NMC,NMC,True,True,100.0,0.6975588125400449,0.04428534482104851
NMC_21Ah,NMC_21Ah,69.99999653173852,68.11249989030681,101.11618692476883,100.38696174344138,02LCC02100101A87Y0027455,30.0,NMC,NMC,True,True,100.0,1.88749664143171,0.7292251813274504
NMC_21Ah,NMC_21Ah,69.99999653173852,68.62918903362218,100.6080937631413,100.31545608314055,02LCC02100101A87Y0010456,30.0,NMC,NMC,True,True,100.0,1.370807498116335,0.29263768000075174
NMC_21Ah,NMC_21Ah,69.99999653173852,70.62876325774488,98.91618565361999,99.51097629791848,02LCC02100101A87Y0184257,30.0,NMC,NMC,True,True,100.0,0.6287667260063614,0.5947906442984845
NMC_21Ah,NMC_21Ah,55.92349703913051,54.55190427899613,100.59999887818844,100.8611208943813,02LCC02100101A87Y0173907,30.0,NMC,NMC,True,True,100.0,1.3715927601343765,0.26112201619285713
NMC_21Ah,NMC_21Ah,46.949499483880345,45.835255790091914,99.18856714885197,100.09663237047795,02LCC02100101A87Y0085499,30.0,NMC,NMC,True,True,100.0,1.1142436937884312,0.908065221625975
NMC_21Ah,NMC_21Ah,56.198899836382985,55.29193016427264,99.26904548319277,100.0867300494942,02LCC02100101A87Y0055909,30.0,NMC,NMC,True,True,100.0,0.9069696721103426,0.8176845663014234
NMC_21Ah,NMC_21Ah,20.500100580928294,20.305699152584946,83.75523416282624,85.70873278791224,02LCC02100101A87B0101984,30.0,NMC,NMC,True,True,100.0,0.1944014283433475,1.9534986250859987
LMO_24Ah,LMO_24Ah,41.643902856437975,42.83753096913553,76.34124575419918,77.4490149496768,A170530525010800528,30.0,LMO,LMO,True,True,100.0,1.193628112697553,1.1077691954776157
LMO_24Ah,LMO_24Ah,74.99999856275895,9.966306703381706,79.57207939865172,86.46534539982484,A170530525010800027,30.0,LMO,LMO,True,True,100.0,65.03369185937724,6.893266001173117
LMO_24Ah,LMO_24Ah,60.85579940312864,61.55771487786363,79.88583239632818,79.95580540399752,A170528511010802426,30.0,LMO,LMO,True,True,100.0,0.7019154747349887,0.06997300766933279
LMO_24Ah,LMO_24Ah,46.791699622251606,48.002962305724424,74.20832957727146,73.604325942036,A170526507010800030,30.0,LMO,LMO,True,True,100.0,1.2112626834728175,0.6040036352354576
LMO_24Ah,LMO_24Ah,65.67439927569912,65.95012174887447,81.9745813315415,81.45830427284729,A170530525010800523,30.0,LMO,LMO,True,True,100.0,0.2757224731753496,0.5162770586942145
LMO_24Ah,LMO_24Ah,37.1305022963682,43.833206067251005,78.98291722904705,80.50009756306719,A170528511010800172,30.0,LMO,LMO,True,True,100.0,6.702703770882806,1.5171803340201393
LMO_24Ah,LMO_24Ah,38.26200102867698,45.64717028252381,79.26375060630659,80.45834439944545,A170530525010800543,30.0,LMO,LMO,True,True,100.0,7.385169253846833,1.1945937931388642
LMO_24Ah,LMO_24Ah,44.114199213785696,43.34646929777697,78.65249920318031,77.69746910333131,A170527511010800648,30.0,LMO,LMO,True,True,100.0,0.7677299160087259,0.9550300998489973
LMO_24Ah,LMO_24Ah,23.095200540901402,25.062378727411215,79.1762448999661,82.62743206385474,A170530525010800530,30.0,LMO,LMO,True,True,100.0,1.9671781865098126,3.4511871638886475
LMO_24Ah,LMO_24Ah,21.101602001561332,19.81688681091033,80.67708368498764,80.08170015360764,A170526511010800410,30.0,LMO,LMO,True,True,100.0,1.2847151906510028,0.5953835313799942
LMO_24Ah,LMO_24Ah,69.99999653173852,74.93569462338226,75.8099955298905,75.67261141915684,A170523507010800997,30.0,LMO,LMO,True,True,100.0,4.935698091643744,0.13738411073366308
LMO_24Ah,LMO_24Ah,74.99999856275895,76.99151854537219,81.11541632967582,81.61592480544701,A170525507010800584,30.0,LMO,LMO,True,True,100.0,1.9915199826132408,0.5005084757711842
LMO_24Ah,LMO_24Ah,49.40099995812712,51.82068073994151,79.19208209968735,80.31609893084986,A170530525010800427,30.0,LMO,LMO,True,True,100.0,2.4196807818143853,1.124016831162507
LMO_24Ah,LMO_24Ah,69.99999653173852,75.64671223995484,73.4933305238358,77.76062817835029,A170528511010800479,30.0,LMO,LMO,True,True,100.0,5.64671570821632,4.267297654514493
LMO_24Ah,LMO_24Ah,57.006596206647345,64.06636306076517,72.01916470094038,76.32794421394811,A170530525010800449,30.0,LMO,LMO,True,True,100.0,7.059766854117825,4.308779513007735
LMO_24Ah,LMO_24Ah,31.863299609461187,29.9795137290016,75.95833366423889,76.20184424635617,A170529511010800365,30.0,LMO,LMO,True,True,100.0,1.8837858804595875,0.24351058211728116
LMO_25Ah,LMO_25Ah,38.062501366268805,28.390242225449985,92.11839660702083,91.02204309656541,515092905216,30.0,LMO,LMO,True,True,100.0,9.67225914081882,1.0963535104554154
LMO_25Ah,LMO_25Ah,22.88470256764415,23.064181364732338,87.47679874503397,86.21788033992551,515093005020,30.0,LMO,LMO,True,True,100.0,0.17947879708818704,1.25891840510846
LMO_25Ah,LMO_25Ah,41.55420093027903,46.62866224866632,83.84559477856742,83.4962545638653,515093000439,30.0,LMO,LMO,True,True,100.0,5.074461318387293,0.3493402147021101
LMO_25Ah,LMO_25Ah,50.48199868239127,42.130033103855,91.85159425827743,92.00956657054552,515092905212,30.0,LMO,LMO,True,True,100.0,8.351965578536273,0.15797231226808606
LMO_25Ah,LMO_25Ah,65.67439927569912,65.84410872352558,84.35679992543416,82.68721278923167,515093004482,30.0,LMO,LMO,True,True,100.0,0.16970944782646313,1.6695871362024945
LMO_25Ah,LMO_25Ah,6.929202384999056,9.631681620115968,52.694398896880614,55.42368042619531,515093001608,30.0,LMO,LMO,True,True,100.0,2.702479235116912,2.7292815293146973
LMO_25Ah,LMO_25Ah,47.2815008369574,50.535007184749894,88.47479497642186,89.62621236073693,515093003101,30.0,LMO,LMO,True,True,100.0,3.253506347792495,1.1514173843150672
LMO_25Ah,LMO_25Ah,24.077000908089857,21.05668554471135,92.00799692176012,90.71076314948334,515093004064,30.0,LMO,LMO,True,True,100.0,3.020315363378508,1.2972337722767833
LMO_25Ah,LMO_25Ah,29.79689918966566,28.809653056911156,70.58879600011731,67.05229380812854,515093000629,30.0,LMO,LMO,True,True,100.0,0.9872461327545032,3.536502191988774
LMO_25Ah,LMO_25Ah,74.99999856275895,71.0368766625038,81.8831956140364,84.49750035005823,515091901822,30.0,LMO,LMO,True,True,100.0,3.963121900255146,2.614304736021836
LMO_25Ah,LMO_25Ah,8.617300837915131,9.152507308548019,88.61359632443516,81.24984391016302,515100102065,30.0,LMO,LMO,True,True,100.0,0.5352064706328878,7.363752414272142
LMO_25Ah,LMO_25Ah,70.00830014699694,71.6769872411763,88.87799645282749,90.67292715128333,515093002646,30.0,LMO,LMO,True,True,100.0,1.6686870941793615,1.7949306984558433
LMO_25Ah,LMO_25Ah,74.99999856275895,71.80096048227584,79.54360026532048,86.10296759820037,515100101320,30.0,LMO,LMO,True,True,100.0,3.1990380804831062,6.559367332879887
LMO_25Ah,LMO_25Ah,21.692401574286222,22.584362395494164,83.6023959760034,86.50126487077098,515093000663,30.0,LMO,LMO,True,True,100.0,0.8919608212079417,2.8988688947675882
LMO_25Ah,LMO_25Ah,55.00000105032612,62.291644370851365,60.88039936884637,67.40032959219972,515092901155,30.0,LMO,LMO,True,True,100.0,7.291643320525246,6.519930223353356
LMO_26Ah,LMO_26Ah,8.376103364411708,10.022970255555746,83.8830741947137,90.56158517082109,H27734091053,30.0,LMO,LMO,True,True,100.0,1.6468668911440378,6.67851097610739
LMO_26Ah,LMO_26Ah,49.40099995812712,64.9736510823423,80.00807527772267,84.43782484237538,H27733591038,30.0,LMO,LMO,True,True,100.0,15.572651124215177,4.42974956465271
LMO_26Ah,LMO_26Ah,44.48969970535751,55.11142999597855,79.2303838699786,80.0053609616119,H27734091304,30.0,LMO,LMO,True,True,100.0,10.621730290621038,0.7749770916333034
LMO_26Ah,LMO_26Ah,72.82489440139221,68.52184955216171,98.36614833967889,98.42509807452237,H27735490851,30.0,LMO,LMO,True,True,100.0,4.303044849230503,0.05894973484348043
LMO_26Ah,LMO_26Ah,70.00830014699694,75.10049618359592,88.77884423076107,92.67829829717245,H27733490499,30.0,LMO,LMO,True,True,100.0,5.092196036598978,3.89945406641138
LMO_26Ah,LMO_26Ah,53.6027015707495,57.62610426899495,95.02961257288986,96.5504175813715,H27735376790,30.0,LMO,LMO,True,True,100.0,4.023402698245448,1.520805008481645
LMO_26Ah,LMO_26Ah,43.01369793692715,43.8498209248905,92.50730523597511,94.59038917465041,H27735376805,30.0,LMO,LMO,True,True,100.0,0.8361229879633498,2.0830839386753013
LMO_26Ah,LMO_26Ah,59.726499769245834,73.35483749417439,81.98538167882471,91.49702817873569,H27735290390,30.0,LMO,LMO,True,True,100.0,13.628337724928556,9.51164649991098
LMO_26Ah,LMO_26Ah,79.99999794086715,83.01978670116937,85.24307318712121,90.24336891919504,H27733690634,30.0,LMO,LMO,True,True,100.0,3.0197887603022195,5.000295732073823
LMO_26Ah,LMO_26Ah,41.55420093027903,51.17397900085061,84.84115317685355,86.41229117601668,H27733690394,30.0,LMO,LMO,True,True,100.0,9.619778070571577,1.5711379991631276
LMO_26Ah,LMO_26Ah,60.85579940312864,72.1458258067229,81.40538080040349,84.72552007732438,H27734091346,30.0,LMO,LMO,True,True,100.0,11.290026403594254,3.3201392769208837
LMO_26Ah,LMO_26Ah,89.99999404417134,84.69143709830198,99.84076697020134,97.9634075760614,H27734492478,30.0,LMO,LMO,True,True,100.0,5.30855694586937,1.877359394139944
LMO_26Ah,LMO_26Ah,46.428099431684736,44.180859602444585,98.93807346363708,98.61134746420433,H27735391963,30.0,LMO,LMO,True,True,100.0,2.2472398292401508,0.32672599943275316
LMO_26Ah,LMO_26Ah,89.99999404417134,84.78270789042688,99.155379385371,99.46829854665602,H27734490172,30.0,LMO,LMO,True,True,100.0,5.2172861537444675,0.3129191612850093
LMO_26Ah,LMO_26Ah,9.099602932994166,9.9371511980494,100.23307292118429,95.66597424589862,H27735076555,30.0,LMO,LMO,True,True,100.0,0.8375482650552328,4.5670986752856635
LFP_35Ah,LFP_35Ah,54.56280111595269,44.93000487348813,86.32713851992527,89.42403090940068,18号,30.0,LFP,LFP,True,True,100.0,9.632796242464558,3.096892389475414
LFP_35Ah,LFP_35Ah,52.87640052685941,45.71606309681847,81.82657110327499,81.96392122181597,24号,30.0,LFP,LFP,True,True,100.0,7.16033743004094,0.13735011854097934
LFP_35Ah,LFP_35Ah,25.55260241838855,26.668430564002254,84.09142816381119,89.64542632906802,33号,30.0,LFP,LFP,True,True,100.0,1.1158281456137047,5.553998165256829
LFP_35Ah,LFP_35Ah,38.830501216096245,41.8660696641087,88.2471408826189,90.92601878863779,35号,30.0,LFP,LFP,True,True,100.0,3.035568448012455,2.678877906018897
LFP_35Ah,LFP_35Ah,14.461799111103197,13.362639212987482,87.12485117105062,88.81607248017673,38号,30.0,LFP,LFP,True,True,100.0,1.0991598981157154,1.6912213091261066
LFP_35Ah,LFP_35Ah,5.0000046163318155,4.937568327160225,85.52485415604023,84.96845508466293,42号,30.0,LFP,LFP,True,True,100.0,0.06243628917159061,0.5563990713772995
LFP_35Ah,LFP_35Ah,38.75429971153034,39.54066940333637,90.39142373257008,90.87951114493204,44号,30.0,LFP,LFP,True,True,100.0,0.786369691806037,0.4880874123619634
LFP_35Ah,LFP_35Ah,34.639400806524534,32.10427357510981,88.95542276257589,86.61502646293866,46号,30.0,LFP,LFP,True,True,100.0,2.5351272314147266,2.3403962996372343
LFP_35Ah,LFP_35Ah,39.11150132652551,37.13806044329193,79.61485770356319,87.78907885309675,7号,30.0,LFP,LFP,True,True,100.0,1.973440883233586,8.174221149533565
LFP_68Ah,LFP_68Ah,59.840695702347006,65.22150471261358,84.28293786507221,83.58205805186898,02HCB68111211Y88D0001154,30.0,LFP,LFP,True,True,100.0,5.380809010266574,0.7008798132032297
LFP_68Ah,LFP_68Ah,49.40099995812712,45.96218702832026,83.80235165018405,83.74025574027965,02HCB68111211Y87Y0009119,30.0,LFP,LFP,True,True,100.0,3.438812929806865,0.06209590990440006
LFP_68Ah,LFP_68Ah,16.03880155885085,15.486719913566569,82.6247011469057,82.94994287329281,02HCB68111211Y87Y0008126,30.0,LFP,LFP,True,True,100.0,0.5520816452842805,0.32524172638710525
LFP_68Ah,LFP_68Ah,27.90890181105184,28.127760437180317,81.53514623308816,83.96166098210965,02HCB68111211Y87Y0015279,30.0,LFP,LFP,True,True,100.0,0.21885862612847617,2.426514749021493
LFP_68Ah,LFP_68Ah,69.99999653173852,67.64309094863223,75.09117543779192,84.1690459637351,02HCB68111211Y86L0002535,30.0,LFP,LFP,True,True,100.0,2.3569055831062826,9.077870525943183
LFP_68Ah,LFP_68Ah,8.13500139574832,9.65508561174851,78.54779186631498,79.73311005964106,02HCB68111211Y87Y0014641,30.0,LFP,LFP,True,True,100.0,1.520084216000189,1.1853181933260828
LFP_68Ah,LFP_68Ah,31.863299609461187,33.8948162232066,76.97308504265344,83.4468616944661,02HCB68111211Y86X0004792,30.0,LFP,LFP,True,True,100.0,2.03151661374541,6.473776651812656
LFP_68Ah,LFP_68Ah,44.46269869636442,36.65302352732486,85.23190928147962,84.41075968544483,02HCB68111211Y88G0002069,30.0,LFP,LFP,True,True,100.0,7.809675169039558,0.8211495960347861
LFP_68Ah,LFP_68Ah,44.38000045847457,40.91288153557136,82.54852638226058,83.62777201740164,02HCB68111211Y88E0004343,30.0,LFP,LFP,True,True,100.0,3.467118922903211,1.0792456351410635
LFP_68Ah,LFP_68Ah,34.24330144638213,35.897691001748896,68.25176350462574,77.24865200159695,02HCB68111211Y86R0006266,30.0,LFP,LFP,True,True,100.0,1.6543895553667696,8.99688849697121
LFP_68Ah,LFP_68Ah,65.67439927569912,67.55939156799218,85.60896823206804,83.99798731193401,02HCB68111211Y88D0003027,30.0,LFP,LFP,True,True,100.0,1.884992292293063,1.6109809201340255
LFP_68Ah,LFP_68Ah,52.43750140220706,47.02236370777305,83.1083807995489,84.21405573998851,02HCB68111211Y88E0004542,30.0,LFP,LFP,True,True,100.0,5.415137694434009,1.105674940439613
LFP_68Ah,LFP_68Ah,39.5792994530596,40.1944443038352,81.17617128710508,83.91415473869249,02HCB68111211Y87Y0012947,30.0,LFP,LFP,True,True,100.0,0.6151448507756001,2.737983451587411
LFP_68Ah,LFP_68Ah,44.48969970535751,44.63156584456004,80.56190991484341,84.26918679783594,02HCB68111211Y88E0004475,30.0,LFP,LFP,True,True,100.0,0.1418661392025342,3.707276882992531
LFP_68Ah,LFP_68Ah,62.82330124492969,67.87907544961718,83.82176486810033,84.28014978392707,02HCB68111211Y87Y0003936,30.0,LFP,LFP,True,True,100.0,5.055774204687488,0.45838491582674123
LFP_68Ah,LFP_68Ah,50.564998357432486,56.70934667723731,86.852201848961,83.418565565614,02HCB68111211Y88F0000101,30.0,LFP,LFP,True,True,100.0,6.144348319804827,3.433636283346999
LFP_68Ah,LFP_68Ah,64.9999971536303,69.31419219293464,70.91867773985592,84.03566543418566,02HCB68111211Y86P0008027,30.0,LFP,LFP,True,True,100.0,4.314195039304337,13.116987694329737
LFP_68Ah,LFP_68Ah,43.57689926379472,35.81177511294641,71.51896784661925,83.74623212111287,02HCB68111211Y86M0004689,30.0,LFP,LFP,True,True,100.0,7.765124150848315,12.22726427449362
LFP_68Ah,LFP_68Ah,41.643902856437975,33.16381355562905,77.89132389039165,83.84448509157987,02HCB68111211Y86H0009376,30.0,LFP,LFP,True,True,100.0,8.480089300808928,5.953161201188223
LFP_68Ah,LFP_68Ah,57.006596206647345,68.12110593755867,71.28293997378027,83.4789781505166,02HCB68111211Y86P0006552,30.0,LFP,LFP,True,True,100.0,11.114509730911323,12.196038176736323
LFP_68Ah,LFP_68Ah,24.41099990407093,26.846251290950974,80.76352851871029,83.02563818991803,02HCB68111211Y87Y0008148,30.0,LFP,LFP,True,True,100.0,2.4352513868800436,2.262109671207739
LFP_68Ah,LFP_68Ah,38.26200102867698,28.096651061995665,83.86073436758568,83.79277411274356,02HCB68111211Y87Y0007299,30.0,LFP,LFP,True,True,100.0,10.165349966681312,0.0679602548421201
LMO_10Ah,LMO_10Ah,52.672695335349516,54.58403767829891,64.66599634874413,66.35880374939069,PIP15829A00218444,50.0,LMO,LMO,True,True,100.0,1.9113423429493963,1.6928074006465579
LMO_10Ah,LMO_10Ah,18.115401762916292,16.66168943137073,65.90499817480412,69.42893938203244,PIP15829A00217239,50.0,LMO,LMO,True,True,100.0,1.4537123315455638,3.5239412072283187
LMO_10Ah,LMO_10Ah,35.37670148771982,31.183762775784494,57.502001663419044,60.85461463061994,PIP15828A00225770,50.0,LMO,LMO,True,True,100.0,4.1929387119353265,3.3526129672008977
LMO_10Ah,LMO_10Ah,65.67439927569912,80.9051689384902,80.47299740603592,78.43965748401531,PIP15710A00246135,50.0,LMO,LMO,True,True,100.0,15.23076966279109,2.033339922020602
LMO_10Ah,LMO_10Ah,24.387700702471207,24.65659723249643,88.19599417418095,89.48772342468979,PIP15N21A50200566,50.0,LMO,LMO,True,True,100.0,0.2688965300252235,1.291729250508837
LMO_10Ah,LMO_10Ah,37.94840027477962,38.5065512858094,89.06699683856765,87.91089517199899,PIP15D19A03261038,50.0,LMO,LMO,True,True,100.0,0.5581510110297785,1.1561016665686594
LMO_10Ah,LMO_10Ah,30.690801942620944,32.08629080960526,87.89499662822769,87.83355012730655,PIP15D25A03226076,50.0,LMO,LMO,True,True,100.0,1.3954888669843157,0.061446500921135794
LMO_10Ah,LMO_10Ah,50.564998357432486,52.293400516070555,86.37399968243484,89.00587065477376,PIP15D01A03250557,50.0,LMO,LMO,True,True,100.0,1.728402158638069,2.631870972338916
LMO_10Ah,LMO_10Ah,55.43259950844851,64.49551140654137,83.32999677321057,85.51950331060381,PIP15D01A03229494,50.0,LMO,LMO,True,True,100.0,9.062911898092857,2.1895065373932425
LMO_10Ah,LMO_10Ah,47.63939991915674,48.529804807345805,88.51599952186417,89.92705812759733,PIP15D01A03214955,50.0,LMO,LMO,True,True,100.0,0.8904048881890674,1.4110586057331602
LMO_10Ah,LMO_10Ah,49.833402100745005,51.95181684404352,87.67699884679544,88.57293091097897,PIP15D01A03224640,50.0,LMO,LMO,True,True,100.0,2.1184147432985156,0.8959320641835262
LMO_10Ah,LMO_10Ah,64.84549419866687,63.92777492622835,87.65499878349092,87.50501036771405,PIP15N15A03208989,50.0,LMO,LMO,True,True,100.0,0.9177192724385179,0.14998841577687472
LMO_10Ah,LMO_10Ah,63.63550358660503,64.62441906437596,89.95499876135536,90.91732690591967,PIP15D25A03236724,50.0,LMO,LMO,True,True,100.0,0.9889154777709237,0.9623281445643102
LMO_10Ah,LMO_10Ah,53.381097180470086,53.20998036270923,87.00699502164643,87.9246277016325,PIP15N15A03208683,50.0,LMO,LMO,True,True,100.0,0.1711168177608542,0.9176326799860703
LMO_10Ah,LMO_10Ah,24.077000908089857,25.579922108462437,90.00099541544847,89.21317243704914,PIP15N30A03228344,50.0,LMO,LMO,True,True,100.0,1.5029212003725796,0.7878229783993334
LMO_10Ah,LMO_10Ah,16.92310209601447,17.10799150758175,69.437998064225,71.39988070553062,PIP15829A00218512,50.0,LMO,LMO,True,True,100.0,0.1848894115672799,1.9618826413056212
LMO_10Ah,LMO_10Ah,25.680200864041012,25.223040418100673,89.01899701665513,88.6458120693089,PIP15N15A03208672,50.0,LMO,LMO,True,True,100.0,0.4571604459403389,0.37318494734623187
LMO_10Ah,LMO_10Ah,40.14490277950498,40.204766505496096,90.61599607837498,88.30333582692684,PIP15D15A03236823,50.0,LMO,LMO,True,True,100.0,0.059863725991114336,2.3126602514481363
LMO_10Ah,LMO_10Ah,74.34220101829476,73.33597263535565,89.38799760413491,88.99640311764978,PIP15512A50200153,50.0,LMO,LMO,True,True,100.0,1.0062283829391134,0.3915944864851326
LMO_10Ah,LMO_10Ah,25.66410166621489,25.191758603621523,61.937998617589926,63.904371390392846,PIP15829A00217327,50.0,LMO,LMO,True,True,100.0,0.47234306259336734,1.96637277280292
LMO_10Ah,LMO_10Ah,85.0000026247998,79.62899877810995,92.3849959512275,91.03505878619158,PIP15D26A03256484,50.0,LMO,LMO,True,True,100.0,5.3710038466898595,1.3499371650359109
LMO_10Ah,LMO_10Ah,85.0000026247998,77.97615487572718,91.84699851382803,92.4509047574789,PIP15D28A03264309,50.0,LMO,LMO,True,True,100.0,7.02384774907263,0.6039062436508686
LMO_10Ah,LMO_10Ah,43.991100770491734,44.287045730316024,89.75499502379529,91.11849807766902,PIP15N08A03232188,50.0,LMO,LMO,True,True,100.0,0.2959449598242898,1.3635030538737283
LMO_10Ah,LMO_10Ah,56.435900402749404,55.38210663010549,88.25699956711344,88.75873856025939,PIP15N14A03236503,50.0,LMO,LMO,True,True,100.0,1.053793772643914,0.501738993145949
LMO_10Ah,LMO_10Ah,55.74399834520065,54.094121725139466,92.64899734329462,90.44924650764902,PIP16N1700C039158,50.0,LMO,LMO,True,True,100.0,1.6498766200611854,2.1997508356456024
LMO_10Ah,LMO_10Ah,52.8222970349807,50.92489043993946,89.88499887613833,90.17261266816521,PIP15N12A03225967,50.0,LMO,LMO,True,True,100.0,1.8974065950412395,0.28761379202688886
NMC_15Ah,NMC_15Ah,5.0000046163318155,5.201591457431537,76.45000053354094,78.09695610264549,PJP17601529001A009420,50.0,NMC,NMC,True,True,100.0,0.20158684109972125,1.6469555691045485
NMC_15Ah,NMC_15Ah,35.356602693103284,35.460357758536254,75.6493310359627,77.12122206970378,PJP17601527001A008674,50.0,NMC,NMC,True,True,100.0,0.10375506543297064,1.4718910337410733
NMC_15Ah,NMC_15Ah,19.951500882936887,20.22459697301134,77.35932868370213,78.35639969503642,PJP17601529001A010983,50.0,NMC,NMC,True,True,100.0,0.27309609007445346,0.9970710113342847
NMC_15Ah,NMC_15Ah,69.99999653173852,69.84260190245185,77.14800032857558,78.88784533492716,PJP17601527001A011451,50.0,NMC,NMC,True,True,100.0,0.1573946292866708,1.7398450063515867
NMC_15Ah,NMC_15Ah,50.95099774912738,51.58350640782447,76.80933310901158,78.06805926060242,PJP17601529001A010816,50.0,NMC,NMC,True,True,100.0,0.6325086586970912,1.2587261515908494
NMC_15Ah,NMC_15Ah,64.9999971536303,67.00713748341339,75.51599563253126,77.25460174203731,PJP17601527001A007049,50.0,NMC,NMC,True,True,100.0,2.007140329783084,1.7386061095060512
NMC_15Ah,NMC_15Ah,41.95410025556707,41.753465478341425,77.15599971918252,77.82203294002088,PJP17601529001A003328,50.0,NMC,NMC,True,True,100.0,0.2006347772256447,0.6660332208383579
NMC_15Ah,NMC_15Ah,46.82410030246086,47.48290064774538,76.45666426813065,77.62839696781944,PJP17601529003A008872,50.0,NMC,NMC,True,True,100.0,0.6588003452845186,1.1717326996887891
NMC_15Ah,NMC_15Ah,23.604701618548173,25.310956602719415,76.25332897948218,80.16678688065558,PJP17601527003A009249,50.0,NMC,NMC,True,True,100.0,1.7062549841712418,3.913457901173402
NMC_15Ah,NMC_15Ah,64.9999971536303,67.35266338300401,75.41066220690784,76.77524731923114,PJP17601527001A008438,50.0,NMC,NMC,True,True,100.0,2.3526662293737104,1.3645851123232973
NMC_15Ah,NMC_15Ah,15.250300334977023,14.870631455074596,76.00799641583761,77.94218000510801,PJP17530529002A009949,50.0,NMC,NMC,True,True,100.0,0.37966887990242704,1.934183589270404
NMC_15Ah,NMC_15Ah,27.26530265280591,25.04734069447435,76.32466388830355,76.5120554156593,PJP17601529001A010435,50.0,NMC,NMC,True,True,100.0,2.2179619583315606,0.18739152735575715
NMC_15Ah,NMC_15Ah,47.527301113167965,45.33128304990414,80.00799780714402,79.85049411282516,PJP17930O01003A016716,50.0,NMC,NMC,True,True,100.0,2.1960180632638284,0.15750369431886213
NMC_15Ah,NMC_15Ah,41.72750142641355,42.44997912636906,75.98000012974555,77.38467642462369,PJP17601529003A008762,50.0,NMC,NMC,True,True,100.0,0.7224776999555047,1.4046762948781435
NMC_15Ah,NMC_15Ah,29.79689918966566,30.206288645203923,75.26066715079567,76.50524432886694,PJP17601529003A008717,50.0,NMC,NMC,True,True,100.0,0.409389455538264,1.2445771780712676
NMC_21Ah,NMC_21Ah,48.708301363683375,56.16538559626807,77.00523564899981,81.3880479442046,02LCC02100101A8BC0104122,50.0,NMC,NMC,True,True,100.0,7.457084232584691,4.382812295204786
NMC_21Ah,NMC_21Ah,41.72750142641355,41.426184568047915,99.73428381794949,100.00584317642844,02LCC02100101A87Y0163477,50.0,NMC,NMC,True,True,100.0,0.30131685836563804,0.2715593584789531
NMC_21Ah,NMC_21Ah,41.64969946964553,40.873010088734716,100.02142962444005,100.2547267384332,02LCC02100101A87Y0013547,50.0,NMC,NMC,True,True,100.0,0.7766893809108169,0.2332971139931601
NMC_21Ah,NMC_21Ah,69.99999653173852,67.93357157250493,101.11618692476883,100.57213856086706,02LCC02100101A87Y0027455,50.0,NMC,NMC,True,True,100.0,2.0664249592335864,0.5440483639017657
NMC_21Ah,NMC_21Ah,69.99999653173852,68.36191078005307,100.6080937631413,100.11749693644396,02LCC02100101A87Y0010456,50.0,NMC,NMC,True,True,100.0,1.638085751685452,0.4905968266973417
NMC_21Ah,NMC_21Ah,69.99999653173852,70.62125551615338,98.91618565361999,99.62068475589373,02LCC02100101A87Y0184257,50.0,NMC,NMC,True,True,100.0,0.6212589844148653,0.7044991022737435
NMC_21Ah,NMC_21Ah,55.92349703913051,53.84057759814955,100.59999887818844,100.62001474606018,02LCC02100101A87Y0173907,50.0,NMC,NMC,True,True,100.0,2.082919440980959,0.020015867871734372
NMC_21Ah,NMC_21Ah,46.949499483880345,45.8353115012486,99.18856714885197,100.01864068360862,02LCC02100101A87Y0085499,50.0,NMC,NMC,True,True,100.0,1.1141879826317478,0.8300735347566501
NMC_21Ah,NMC_21Ah,56.198899836382985,55.6584764138633,99.26904548319277,100.25573480457498,02LCC02100101A87Y0055909,50.0,NMC,NMC,True,True,100.0,0.5404234225196873,0.9866893213822152
NMC_21Ah,NMC_21Ah,20.500100580928294,20.76765606382472,83.75523416282624,85.83391006510213,02LCC02100101A87B0101984,50.0,NMC,NMC,True,True,100.0,0.2675554828964266,2.07867590227589
LMO_24Ah,LMO_24Ah,41.643902856437975,42.97505064327448,76.34124575419918,77.61471724466197,A170530525010800528,50.0,LMO,LMO,True,True,100.0,1.3311477868365031,1.2734714904627964
LMO_24Ah,LMO_24Ah,74.99999856275895,6.349050275481738,79.57207939865172,87.56583394194153,A170530525010800027,50.0,LMO,LMO,True,True,100.0,68.6509482872772,7.9937545432898105
LMO_24Ah,LMO_24Ah,60.85579940312864,60.9616598860247,79.88583239632818,80.1995268958126,A170528511010802426,50.0,LMO,LMO,True,True,100.0,0.10586048289605543,0.31369449948441286
LMO_24Ah,LMO_24Ah,46.791699622251606,47.74608811066641,74.20832957727146,74.37184435608071,A170526507010800030,50.0,LMO,LMO,True,True,100.0,0.9543884884148071,0.16351477880925813
LMO_24Ah,LMO_24Ah,65.67439927569912,64.61696703394117,81.9745813315415,81.47112423068495,A170530525010800523,50.0,LMO,LMO,True,True,100.0,1.057432241757951,0.5034571008565507
LMO_24Ah,LMO_24Ah,37.1305022963682,47.53195631089152,78.98291722904705,80.6689919620992,A170528511010800172,50.0,LMO,LMO,True,True,100.0,10.401454014523324,1.686074733052152
LMO_24Ah,LMO_24Ah,38.26200102867698,43.20955647730906,79.26375060630659,80.49659367946708,A170530525010800543,50.0,LMO,LMO,True,True,100.0,4.94755544863208,1.2328430731604954
LMO_24Ah,LMO_24Ah,44.114199213785696,43.457991758585266,78.65249920318031,78.3108292872291,A170527511010800648,50.0,LMO,LMO,True,True,100.0,0.6562074552004304,0.3416699159512149
LMO_24Ah,LMO_24Ah,23.095200540901402,25.356747194146923,79.1762448999661,82.27148226491637,A170530525010800530,50.0,LMO,LMO,True,True,100.0,2.261546653245521,3.095237364950279
LMO_24Ah,LMO_24Ah,21.101602001561332,20.438637910542592,80.67708368498764,79.57612114941219,A170526511010800410,50.0,LMO,LMO,True,True,100.0,0.6629640910187398,1.100962535575448
LMO_24Ah,LMO_24Ah,69.99999653173852,74.93915136800902,75.8099955298905,76.41742368090875,A170523507010800997,50.0,LMO,LMO,True,True,100.0,4.939154836270504,0.6074281510182544
LMO_24Ah,LMO_24Ah,74.99999856275895,73.80558585127139,81.11541632967582,82.22574948510032,A170525507010800584,50.0,LMO,LMO,True,True,100.0,1.1944127114875585,1.1103331554244988
LMO_24Ah,LMO_24Ah,49.40099995812712,56.48947994446405,79.19208209968735,80.62710441073901,A170530525010800427,50.0,LMO,LMO,True,True,100.0,7.088479986336928,1.4350223110516538
LMO_24Ah,LMO_24Ah,69.99999653173852,75.11882250123337,73.4933305238358,77.76781365357172,A170528511010800479,50.0,LMO,LMO,True,True,100.0,5.11882596949485,4.274483129735927
LMO_24Ah,LMO_24Ah,57.006596206647345,63.86112846535863,72.01916470094038,76.64377563657752,A170530525010800449,50.0,LMO,LMO,True,True,100.0,6.854532258711288,4.624610935637136
LMO_24Ah,LMO_24Ah,31.863299609461187,29.315232467064074,75.95833366423889,75.5840812039395,A170529511010800365,50.0,LMO,LMO,True,True,100.0,2.5480671423971124,0.3742524602993882
LMO_25Ah,LMO_25Ah,38.062501366268805,27.659468371551682,92.11839660702083,94.20962728850571,515092905216,50.0,LMO,LMO,True,True,100.0,10.403032994717123,2.0912306814848876
LMO_25Ah,LMO_25Ah,22.88470256764415,23.913582841600558,87.47679874503397,87.63342465026575,515093005020,50.0,LMO,LMO,True,True,100.0,1.028880273956407,0.15662590523177755
LMO_25Ah,LMO_25Ah,41.55420093027903,40.98311415344221,83.84559477856742,83.84953518516274,515093000439,50.0,LMO,LMO,True,True,100.0,0.5710867768368217,0.003940406595319246
LMO_25Ah,LMO_25Ah,50.48199868239127,43.01998766019419,91.85159425827743,91.71493299547355,515092905212,50.0,LMO,LMO,True,True,100.0,7.462011022197082,0.1366612628038837
LMO_25Ah,LMO_25Ah,65.67439927569912,66.04281184903876,84.35679992543416,83.26155562765663,515093004482,50.0,LMO,LMO,True,True,100.0,0.36841257333963995,1.0952442977775263
LMO_25Ah,LMO_25Ah,6.929202384999056,9.696460430780595,52.694398896880614,55.27223018803027,515093001608,50.0,LMO,LMO,True,True,100.0,2.7672580457815394,2.577831291149657
LMO_25Ah,LMO_25Ah,47.2815008369574,50.832829743200115,88.47479497642186,91.0669267039775,515093003101,50.0,LMO,LMO,True,True,100.0,3.5513289062427162,2.592131727555639
LMO_25Ah,LMO_25Ah,24.077000908089857,24.461937145211326,92.00799692176012,93.05111834228292,515093004064,50.0,LMO,LMO,True,True,100.0,0.38493623712146885,1.0431214205227946
LMO_25Ah,LMO_25Ah,29.79689918966566,28.869611526066336,70.58879600011731,67.51738668792126,515093000629,50.0,LMO,LMO,True,True,100.0,0.9272876635993228,3.071409312196053
LMO_25Ah,LMO_25Ah,74.99999856275895,70.76792972714634,81.8831956140364,84.80361117159435,515091901822,50.0,LMO,LMO,True,True,100.0,4.232068835612608,2.920415557557959
LMO_25Ah,LMO_25Ah,8.617300837915131,8.73154584989242,88.61359632443516,80.11391463365563,515100102065,50.0,LMO,LMO,True,True,100.0,0.11424501197728887,8.49968169077954
LMO_25Ah,LMO_25Ah,70.00830014699694,68.67729429096437,88.87799645282749,90.62325934038151,515093002646,50.0,LMO,LMO,True,True,100.0,1.3310058560325757,1.74526288755402
LMO_25Ah,LMO_25Ah,74.99999856275895,70.0378164483916,79.54360026532048,85.29759974718179,515100101320,50.0,LMO,LMO,True,True,100.0,4.9621821143673515,5.753999481861314
LMO_25Ah,LMO_25Ah,21.692401574286222,22.813085875724383,83.6023959760034,85.77484981610667,515093000663,50.0,LMO,LMO,True,True,100.0,1.1206843014381604,2.172453840103273
LMO_25Ah,LMO_25Ah,55.00000105032612,60.390842048164494,60.88039936884637,69.23838958471929,515092901155,50.0,LMO,LMO,True,True,100.0,5.3908409978383744,8.357990215872917
LMO_26Ah,LMO_26Ah,8.376103364411708,9.737248956211369,83.8830741947137,86.3825317227958,H27734091053,50.0,LMO,LMO,True,True,100.0,1.3611455917996604,2.499457528082104
LMO_26Ah,LMO_26Ah,49.40099995812712,69.84097036143461,80.00807527772267,88.12751207989258,H27733591038,50.0,LMO,LMO,True,True,100.0,20.43997040330749,8.119436802169915
LMO_26Ah,LMO_26Ah,44.48969970535751,54.76522893022714,79.2303838699786,80.24392006703087,H27734091304,50.0,LMO,LMO,True,True,100.0,10.27552922486963,1.0135361970522752
LMO_26Ah,LMO_26Ah,72.82489440139221,68.34990900515558,98.36614833967889,100.18716859937267,H27735490851,50.0,LMO,LMO,True,True,100.0,4.474985396236633,1.821020259693782
LMO_26Ah,LMO_26Ah,70.00830014699694,76.76558327588849,88.77884423076107,93.31124810265617,H27733490499,50.0,LMO,LMO,True,True,100.0,6.757283128891544,4.532403871895099
LMO_26Ah,LMO_26Ah,53.6027015707495,56.94167015935433,95.02961257288986,99.33328471942264,H27735376790,50.0,LMO,LMO,True,True,100.0,3.3389685886048284,4.303672146532776
LMO_26Ah,LMO_26Ah,43.01369793692715,43.569987432611356,92.50730523597511,93.38654065132401,H27735376805,50.0,LMO,LMO,True,True,100.0,0.5562894956842044,0.8792354153489015
LMO_26Ah,LMO_26Ah,59.726499769245834,73.41956324659455,81.98538167882471,92.7093706395466,H27735290390,50.0,LMO,LMO,True,True,100.0,13.693063477348716,10.723988960721897
LMO_26Ah,LMO_26Ah,79.99999794086715,82.73915368746897,85.24307318712121,90.65565469051515,H27733690634,50.0,LMO,LMO,True,True,100.0,2.739155746601824,5.4125815033939375
LMO_26Ah,LMO_26Ah,41.55420093027903,49.421664154661215,84.84115317685355,85.05068662562954,H27733690394,50.0,LMO,LMO,True,True,100.0,7.867463224382185,0.20953344877598568
LMO_26Ah,LMO_26Ah,60.85579940312864,73.53708195225519,81.40538080040349,84.37759370068264,H27734091346,50.0,LMO,LMO,True,True,100.0,12.68128254912655,2.972212900279146
LMO_26Ah,LMO_26Ah,89.99999404417134,84.76194619936858,99.84076697020134,99.11340614206462,H27734492478,50.0,LMO,LMO,True,True,100.0,5.2380478448027645,0.7273608281367245
LMO_26Ah,LMO_26Ah,46.428099431684736,43.867472076367164,98.93807346363708,99.76961799076875,H27735391963,50.0,LMO,LMO,True,True,100.0,2.560627355317571,0.831544527131669
LMO_26Ah,LMO_26Ah,89.99999404417134,85.11973385925455,99.155379385371,99.7913666699507,H27734490172,50.0,LMO,LMO,True,True,100.0,4.880260184916793,0.6359872845796986
LMO_26Ah,LMO_26Ah,9.099602932994166,9.524535801247803,100.23307292118429,95.31908565880435,H27735076555,50.0,LMO,LMO,True,True,100.0,0.4249328682536362,4.913987262379933
LFP_35Ah,LFP_35Ah,54.56280111595269,43.705751542086645,86.32713851992527,90.31605782400733,18号,50.0,LFP,LFP,True,True,100.0,10.857049573866043,3.98891930408206
LFP_35Ah,LFP_35Ah,52.87640052685941,53.22424507173306,81.82657110327499,82.52317010376505,24号,50.0,LFP,LFP,True,True,100.0,0.34784454487364513,0.6965990004900675
LFP_35Ah,LFP_35Ah,25.55260241838855,30.99281079655929,84.09142816381119,89.92779172654619,33号,50.0,LFP,LFP,True,True,100.0,5.440208378170741,5.836363562735002
LFP_35Ah,LFP_35Ah,38.830501216096245,47.679350787553055,88.2471408826189,91.65642721447671,35号,50.0,LFP,LFP,True,True,100.0,8.84884957145681,3.409286331857814
LFP_35Ah,LFP_35Ah,14.461799111103197,13.992196506836335,87.12485117105062,89.38277671954675,38号,50.0,LFP,LFP,True,True,100.0,0.4696026042668624,2.2579255484961323
LFP_35Ah,LFP_35Ah,5.0000046163318155,4.994282284666507,85.52485415604023,86.300438364045,42号,50.0,LFP,LFP,True,True,100.0,0.005722331665308111,0.7755842080047586
LFP_35Ah,LFP_35Ah,38.75429971153034,51.385753024887194,90.39142373257008,91.29209920961212,44号,50.0,LFP,LFP,True,True,100.0,12.631453313356857,0.9006754770420429
LFP_35Ah,LFP_35Ah,34.639400806524534,31.336018714094934,88.95542276257589,85.05118575750056,46号,50.0,LFP,LFP,True,True,100.0,3.303382092429601,3.9042370050753306
LFP_35Ah,LFP_35Ah,39.11150132652551,38.979258294798385,79.61485770356319,88.78474495920268,7号,50.0,LFP,LFP,True,True,100.0,0.13224303172712837,9.169887255639495
LFP_68Ah,LFP_68Ah,59.840695702347006,65.52033139834028,84.28293786507221,83.63254503508843,02HCB68111211Y88D0001154,50.0,LFP,LFP,True,True,100.0,5.6796356959932695,0.6503928299837867
LFP_68Ah,LFP_68Ah,49.40099995812712,40.670414602117404,83.80235165018405,83.49294522627956,02HCB68111211Y87Y0009119,50.0,LFP,LFP,True,True,100.0,8.730585356009719,0.30940642390449113
LFP_68Ah,LFP_68Ah,16.03880155885085,15.954566289941713,82.6247011469057,83.55163345839428,02HCB68111211Y87Y0008126,50.0,LFP,LFP,True,True,100.0,0.08423526890913635,0.9269323114885708
LFP_68Ah,LFP_68Ah,27.90890181105184,30.11552920191003,81.53514623308816,83.63283618217125,02HCB68111211Y87Y0015279,50.0,LFP,LFP,True,True,100.0,2.2066273908581877,2.0976899490830903
LFP_68Ah,LFP_68Ah,69.99999653173852,71.05333002411172,75.09117543779192,84.32173579291762,02HCB68111211Y86L0002535,50.0,LFP,LFP,True,True,100.0,1.0533334923731985,9.230560355125704
LFP_68Ah,LFP_68Ah,8.13500139574832,10.334939468435866,78.54779186631498,81.84396546162712,02HCB68111211Y87Y0014641,50.0,LFP,LFP,True,True,100.0,2.199938072687546,3.2961735953121405
LFP_68Ah,LFP_68Ah,31.863299609461187,34.93097708314538,76.97308504265344,83.66475524634942,02HCB68111211Y86X0004792,50.0,LFP,LFP,True,True,100.0,3.067677473684192,6.691670203695978
LFP_68Ah,LFP_68Ah,44.46269869636442,37.56749480616719,85.23190928147962,83.88958893677983,02HCB68111211Y88G0002069,50.0,LFP,LFP,True,True,100.0,6.89520389019723,1.342320344699786
LFP_68Ah,LFP_68Ah,44.38000045847457,45.94637699792646,82.54852638226058,83.7510578266983,02HCB68111211Y88E0004343,50.0,LFP,LFP,True,True,100.0,1.5663765394518876,1.2025314444377244
LFP_68Ah,LFP_68Ah,34.24330144638213,34.41673027714544,68.25176350462574,79.34505613670349,02HCB68111211Y86R0006266,50.0,LFP,LFP,True,True,100.0,0.1734288307633136,11.093292632077748
LFP_68Ah,LFP_68Ah,65.67439927569912,71.16495130590032,85.60896823206804,83.67357934288673,02HCB68111211Y88D0003027,50.0,LFP,LFP,True,True,100.0,5.490552030201201,1.9353888891813114
LFP_68Ah,LFP_68Ah,52.43750140220706,51.373846754829735,83.1083807995489,84.09016105542204,02HCB68111211Y88E0004542,50.0,LFP,LFP,True,True,100.0,1.0636546473773265,0.9817802558731472
LFP_68Ah,LFP_68Ah,39.5792994530596,37.594963390939604,81.17617128710508,83.41667061944989,02HCB68111211Y87Y0012947,50.0,LFP,LFP,True,True,100.0,1.9843360621199935,2.240499332344811
LFP_68Ah,LFP_68Ah,44.48969970535751,42.31834609864624,80.56190991484341,83.79538625464727,02HCB68111211Y88E0004475,50.0,LFP,LFP,True,True,100.0,2.1713536067112713,3.2334763398038575
LFP_68Ah,LFP_68Ah,62.82330124492969,67.99599194420318,83.82176486810033,84.21707721854438,02HCB68111211Y87Y0003936,50.0,LFP,LFP,True,True,100.0,5.172690699273495,0.3953123504440441
LFP_68Ah,LFP_68Ah,50.564998357432486,55.77375738806373,86.852201848961,83.73709687743516,02HCB68111211Y88F0000101,50.0,LFP,LFP,True,True,100.0,5.208759030631242,3.115104971525838
LFP_68Ah,LFP_68Ah,64.9999971536303,71.85953147833833,70.91867773985592,83.3101153721289,02HCB68111211Y86P0008027,50.0,LFP,LFP,True,True,100.0,6.859534324708022,12.391437632272982
LFP_68Ah,LFP_68Ah,43.57689926379472,38.06900000637342,71.51896784661925,83.65997622074019,02HCB68111211Y86M0004689,50.0,LFP,LFP,True,True,100.0,5.5078992574213,12.141008374120943
LFP_68Ah,LFP_68Ah,41.643902856437975,36.12831197744672,77.89132389039165,83.63561765262544,02HCB68111211Y86H0009376,50.0,LFP,LFP,True,True,100.0,5.515590878991254,5.744293762233795
LFP_68Ah,LFP_68Ah,57.006596206647345,70.29655497751442,71.28293997378027,83.3150243981122,02HCB68111211Y86P0006552,50.0,LFP,LFP,True,True,100.0,13.289958770867074,12.032084424331927
LFP_68Ah,LFP_68Ah,24.41099990407093,29.670159624345438,80.76352851871029,82.97775267663484,02HCB68111211Y87Y0008148,50.0,LFP,LFP,True,True,100.0,5.259159720274507,2.214224157924548
LFP_68Ah,LFP_68Ah,38.26200102867698,39.01238529263223,83.86073436758568,83.66057076790554,02HCB68111211Y87Y0007299,50.0,LFP,LFP,True,True,100.0,0.7503842639552545,0.2001635996801383
LMO_10Ah,LMO_10Ah,52.672695335349516,54.73918263802035,64.66599634874413,61.39873003028771,PIP15829A00218444,70.0,LMO,LMO,True,True,100.0,2.0664873026708364,3.2672663184564215
LMO_10Ah,LMO_10Ah,18.115401762916292,19.83101356849855,65.90499817480412,70.11016948454402,PIP15829A00217239,70.0,LMO,LMO,True,True,100.0,1.715611805582256,4.205171309739896
LMO_10Ah,LMO_10Ah,35.37670148771982,28.130661396696315,57.502001663419044,60.79631881070156,PIP15828A00225770,70.0,LMO,LMO,True,True,100.0,7.246040091023506,3.294317147282513
LMO_10Ah,LMO_10Ah,65.67439927569912,81.07273218032816,80.47299740603592,78.48018376663637,PIP15710A00246135,70.0,LMO,LMO,True,True,100.0,15.398332904629044,1.992813639399543
LMO_10Ah,LMO_10Ah,24.387700702471207,23.164877953986053,88.19599417418095,89.61431287985621,PIP15N21A50200566,70.0,LMO,LMO,True,True,100.0,1.2228227484851537,1.4183187056752615
LMO_10Ah,LMO_10Ah,37.94840027477962,38.90752669861795,89.06699683856765,87.95078208519135,PIP15D19A03261038,70.0,LMO,LMO,True,True,100.0,0.9591264238383275,1.1162147533762976
LMO_10Ah,LMO_10Ah,30.690801942620944,31.56056452080176,87.89499662822769,88.36479560851859,PIP15D25A03226076,70.0,LMO,LMO,True,True,100.0,0.8697625781808149,0.4697989802909035
LMO_10Ah,LMO_10Ah,50.564998357432486,51.35583480729073,86.37399968243484,89.1614584542516,PIP15D01A03250557,70.0,LMO,LMO,True,True,100.0,0.7908364498582401,2.787458771816759
LMO_10Ah,LMO_10Ah,55.43259950844851,59.973361210345665,83.32999677321057,85.38364165484384,PIP15D01A03229494,70.0,LMO,LMO,True,True,100.0,4.540761701897154,2.053644881633275
LMO_10Ah,LMO_10Ah,47.63939991915674,48.45764028905196,88.51599952186417,89.09220671347984,PIP15D01A03214955,70.0,LMO,LMO,True,True,100.0,0.8182403698952214,0.5762071916156657
LMO_10Ah,LMO_10Ah,49.833402100745005,49.96879148636878,87.67699884679544,88.44192341938435,PIP15D01A03224640,70.0,LMO,LMO,True,True,100.0,0.13538938562377467,0.7649245725889102
LMO_10Ah,LMO_10Ah,64.84549419866687,65.23435276651026,87.65499878349092,87.52145310277456,PIP15N15A03208989,70.0,LMO,LMO,True,True,100.0,0.38885856784338557,0.13354568071636663
LMO_10Ah,LMO_10Ah,63.63550358660503,65.59717034797129,89.95499876135536,90.85899693570538,PIP15D25A03236724,70.0,LMO,LMO,True,True,100.0,1.9616667613662528,0.903998174350022
LMO_10Ah,LMO_10Ah,53.381097180470086,53.62748242382585,87.00699502164643,87.48429030809271,PIP15N15A03208683,70.0,LMO,LMO,True,True,100.0,0.2463852433557676,0.47729528644627806
LMO_10Ah,LMO_10Ah,24.077000908089857,25.917767827167072,90.00099541544847,88.92156653867342,PIP15N30A03228344,70.0,LMO,LMO,True,True,100.0,1.8407669190772147,1.0794288767750544
LMO_10Ah,LMO_10Ah,16.92310209601447,19.149646225387887,69.437998064225,71.83108510836364,PIP15829A00218512,70.0,LMO,LMO,True,True,100.0,2.2265441293734156,2.393087044138639
LMO_10Ah,LMO_10Ah,25.680200864041012,24.98805739147996,89.01899701665513,89.06075270992841,PIP15N15A03208672,70.0,LMO,LMO,True,True,100.0,0.6921434725610531,0.041755693273273664
LMO_10Ah,LMO_10Ah,40.14490277950498,40.335883054733415,90.61599607837498,88.2692835550294,PIP15D15A03236823,70.0,LMO,LMO,True,True,100.0,0.19098027522843353,2.3467125233455732
LMO_10Ah,LMO_10Ah,74.34220101829476,75.10340908121694,89.38799760413491,88.59801873020399,PIP15512A50200153,70.0,LMO,LMO,True,True,100.0,0.7612080629221794,0.7899788739309201
LMO_10Ah,LMO_10Ah,25.66410166621489,25.873033094804377,61.937998617589926,64.38957373516457,PIP15829A00217327,70.0,LMO,LMO,True,True,100.0,0.2089314285894872,2.4515751175746487
LMO_10Ah,LMO_10Ah,85.0000026247998,78.01706278220799,92.3849959512275,91.34182899697686,PIP15D26A03256484,70.0,LMO,LMO,True,True,100.0,6.9829398425918185,1.043166954250637
LMO_10Ah,LMO_10Ah,85.0000026247998,78.92181727261203,91.84699851382803,92.01554603439156,PIP15D28A03264309,70.0,LMO,LMO,True,True,100.0,6.078185352187774,0.1685475205635356
LMO_10Ah,LMO_10Ah,43.991100770491734,43.390610109415704,89.75499502379529,91.12035167984065,PIP15N08A03232188,70.0,LMO,LMO,True,True,100.0,0.6004906610760301,1.365356656045364
LMO_10Ah,LMO_10Ah,56.435900402749404,55.38416396353454,88.25699956711344,89.02538248957458,PIP15N14A03236503,70.0,LMO,LMO,True,True,100.0,1.0517364392148636,0.7683829224611429
LMO_10Ah,LMO_10Ah,55.74399834520065,54.90817182017824,92.64899734329462,90.93208109857204,PIP16N1700C039158,70.0,LMO,LMO,True,True,100.0,0.8358265250224122,1.716916244722583
LMO_10Ah,LMO_10Ah,52.8222970349807,51.8403653486372,89.88499887613833,90.81517451711758,PIP15N12A03225967,70.0,LMO,LMO,True,True,100.0,0.9819316863435006,0.9301756409792574
NMC_15Ah,NMC_15Ah,5.0000046163318155,5.226191912476713,76.45000053354094,77.96348789250779,PJP17601529001A009420,70.0,NMC,NMC,True,True,100.0,0.2261872961448974,1.5134873589668416
NMC_15Ah,NMC_15Ah,35.356602693103284,35.58678626989831,75.6493310359627,77.18913056550369,PJP17601527001A008674,70.0,NMC,NMC,True,True,100.0,0.230183576795028,1.5397995295409856
NMC_15Ah,NMC_15Ah,19.951500882936887,20.0317673951602,77.35932868370213,78.1685313283639,PJP17601529001A010983,70.0,NMC,NMC,True,True,100.0,0.08026651222331438,0.8092026446617666
NMC_15Ah,NMC_15Ah,69.99999653173852,70.19227165093501,77.14800032857558,78.691953545958,PJP17601527001A011451,70.0,NMC,NMC,True,True,100.0,0.19227511919649487,1.5439532173824233
NMC_15Ah,NMC_15Ah,50.95099774912738,51.30704642505107,76.80933310901158,77.56571346729146,PJP17601529001A010816,70.0,NMC,NMC,True,True,100.0,0.35604867592368805,0.756380358279884
NMC_15Ah,NMC_15Ah,64.9999971536303,66.5013597680718,75.51599563253126,77.23828359231553,PJP17601527001A007049,70.0,NMC,NMC,True,True,100.0,1.50136261444149,1.7222879597842677
NMC_15Ah,NMC_15Ah,41.95410025556707,41.73872075801223,77.15599971918252,77.80938531469491,PJP17601529001A003328,70.0,NMC,NMC,True,True,100.0,0.2153794975548422,0.6533855955123897
NMC_15Ah,NMC_15Ah,46.82410030246086,47.264071866879426,76.45666426813065,77.44491122245343,PJP17601529003A008872,70.0,NMC,NMC,True,True,100.0,0.43997156441856333,0.9882469543227757
NMC_15Ah,NMC_15Ah,23.604701618548173,25.023101035491525,76.25332897948218,79.86169098298848,PJP17601527003A009249,70.0,NMC,NMC,True,True,100.0,1.4183994169433518,3.6083620035063007
NMC_15Ah,NMC_15Ah,64.9999971536303,67.4168426355062,75.41066220690784,76.78814917453765,PJP17601527001A008438,70.0,NMC,NMC,True,True,100.0,2.416845481875896,1.3774869676298067
NMC_15Ah,NMC_15Ah,15.250300334977023,15.06363347222024,76.00799641583761,77.90750923340717,PJP17530529002A009949,70.0,NMC,NMC,True,True,100.0,0.186666862756784,1.8995128175695584
NMC_15Ah,NMC_15Ah,27.26530265280591,25.059004223063386,76.32466388830355,76.98789804970428,PJP17601529001A010435,70.0,NMC,NMC,True,True,100.0,2.2062984297425245,0.6632341614007373
NMC_15Ah,NMC_15Ah,47.527301113167965,45.31487080843568,80.00799780714402,80.03996564616608,PJP17930O01003A016716,70.0,NMC,NMC,True,True,100.0,2.212430304732287,0.0319678390220588
NMC_15Ah,NMC_15Ah,41.72750142641355,42.71250302962027,75.98000012974555,77.23382761111412,PJP17601529003A008762,70.0,NMC,NMC,True,True,100.0,0.9850016032067188,1.2538274813685746
NMC_15Ah,NMC_15Ah,29.79689918966566,30.089901406606444,75.26066715079567,76.39659642730307,PJP17601529003A008717,70.0,NMC,NMC,True,True,100.0,0.2930022169407849,1.1359292765073974
NMC_21Ah,NMC_21Ah,48.708301363683375,55.94813198203459,77.00523564899981,81.50845493098828,02LCC02100101A8BC0104122,70.0,NMC,NMC,True,True,100.0,7.239830618351213,4.503219281988464
NMC_21Ah,NMC_21Ah,41.72750142641355,41.312753005281046,99.73428381794949,99.67715416739462,02LCC02100101A87Y0163477,70.0,NMC,NMC,True,True,100.0,0.41474842113250787,0.05712965055487018
NMC_21Ah,NMC_21Ah,41.64969946964553,40.81404505230359,100.02142962444005,100.33069217441277,02LCC02100101A87Y0013547,70.0,NMC,NMC,True,True,100.0,0.8356544173419422,0.30926254997272906
NMC_21Ah,NMC_21Ah,69.99999653173852,68.43414162115249,101.11618692476883,100.26709799932758,02LCC02100101A87Y0027455,70.0,NMC,NMC,True,True,100.0,1.565854910586026,0.8490889254412508
NMC_21Ah,NMC_21Ah,69.99999653173852,69.01629137357384,100.6080937631413,100.14830050334116,02LCC02100101A87Y0010456,70.0,NMC,NMC,True,True,100.0,0.9837051581646818,0.4597932598001364
NMC_21Ah,NMC_21Ah,69.99999653173852,70.40857419613648,98.91618565361999,99.76997087715966,02LCC02100101A87Y0184257,70.0,NMC,NMC,True,True,100.0,0.40857766439796706,0.8537852235396741
NMC_21Ah,NMC_21Ah,55.92349703913051,54.734284035600325,100.59999887818844,101.14482258028958,02LCC02100101A87Y0173907,70.0,NMC,NMC,True,True,100.0,1.1892130035301847,0.5448237021011408
NMC_21Ah,NMC_21Ah,46.949499483880345,46.37161893045409,99.18856714885197,100.40564574977321,02LCC02100101A87Y0085499,70.0,NMC,NMC,True,True,100.0,0.5778805534262546,1.2170786009212406
NMC_21Ah,NMC_21Ah,56.198899836382985,55.37184914499472,99.26904548319277,100.34684905884839,02LCC02100101A87Y0055909,70.0,NMC,NMC,True,True,100.0,0.8270506913882656,1.0778035756556221
NMC_21Ah,NMC_21Ah,20.500100580928294,20.60809002588342,83.75523416282624,85.74295296543116,02LCC02100101A87B0101984,70.0,NMC,NMC,True,True,100.0,0.10798944495512686,1.9877188026049168
LMO_24Ah,LMO_24Ah,41.643902856437975,42.754236986644564,76.34124575419918,77.86561377688588,A170530525010800528,70.0,LMO,LMO,True,True,100.0,1.1103341302065886,1.5243680226867014
LMO_24Ah,LMO_24Ah,74.99999856275895,5.142848022074553,79.57207939865172,88.82219139106434,A170530525010800027,70.0,LMO,LMO,True,True,100.0,69.85715054068439,9.250111992412613
LMO_24Ah,LMO_24Ah,60.85579940312864,60.83306394537633,79.88583239632818,79.98665798289346,A170528511010802426,70.0,LMO,LMO,True,True,100.0,0.02273545775231156,0.10082558656527851
LMO_24Ah,LMO_24Ah,46.791699622251606,48.221165662533785,74.20832957727146,74.57143765767714,A170526507010800030,70.0,LMO,LMO,True,True,100.0,1.429466040282179,0.36310808040568077
LMO_24Ah,LMO_24Ah,65.67439927569912,64.21780190211088,81.9745813315415,81.5517965576788,A170530525010800523,70.0,LMO,LMO,True,True,100.0,1.456597373588238,0.42278477386270197
LMO_24Ah,LMO_24Ah,37.1305022963682,50.53552582908951,78.98291722904705,80.69249716807465,A170528511010800172,70.0,LMO,LMO,True,True,100.0,13.405023532721309,1.7095799390276056
LMO_24Ah,LMO_24Ah,38.26200102867698,50.139573373961454,79.26375060630659,80.68138504123817,A170530525010800543,70.0,LMO,LMO,True,True,100.0,11.877572345284477,1.4176344349315855
LMO_24Ah,LMO_24Ah,44.114199213785696,43.64783283081704,78.65249920318031,77.72756879468535,A170527511010800648,70.0,LMO,LMO,True,True,100.0,0.4663663829686584,0.9249304084949586
LMO_24Ah,LMO_24Ah,23.095200540901402,24.97398103922398,79.1762448999661,82.61020434629832,A170530525010800530,70.0,LMO,LMO,True,True,100.0,1.8787804983225769,3.4339594463322243
LMO_24Ah,LMO_24Ah,21.101602001561332,19.883734893109004,80.67708368498764,79.56038134127552,A170526511010800410,70.0,LMO,LMO,True,True,100.0,1.217867108452328,1.1167023437121202
LMO_24Ah,LMO_24Ah,69.99999653173852,74.80857502838607,75.8099955298905,76.85071694350734,A170523507010800997,70.0,LMO,LMO,True,True,100.0,4.808578496647556,1.0407214136168363
LMO_24Ah,LMO_24Ah,74.99999856275895,73.87720652255949,81.11541632967582,81.80864694102681,A170525507010800584,70.0,LMO,LMO,True,True,100.0,1.1227920401994567,0.6932306113509838
LMO_24Ah,LMO_24Ah,49.40099995812712,52.600321236990034,79.19208209968735,80.55500428232443,A170530525010800427,70.0,LMO,LMO,True,True,100.0,3.199321278862911,1.362922182637078
LMO_24Ah,LMO_24Ah,69.99999653173852,74.7626159770324,73.4933305238358,78.07373516626274,A170528511010800479,70.0,LMO,LMO,True,True,100.0,4.762619445293879,4.580404642426942
LMO_24Ah,LMO_24Ah,57.006596206647345,62.93216349800623,72.01916470094038,75.88765519999417,A170530525010800449,70.0,LMO,LMO,True,True,100.0,5.925567291358888,3.8684904990537916
LMO_24Ah,LMO_24Ah,31.863299609461187,29.52151827893903,75.95833366423889,76.99034485516387,A170529511010800365,70.0,LMO,LMO,True,True,100.0,2.3417813305221564,1.032011190924976
LMO_25Ah,LMO_25Ah,38.062501366268805,27.46651808619439,92.11839660702083,90.21804394513741,515092905216,70.0,LMO,LMO,True,True,100.0,10.595983280074414,1.9003526618834172
LMO_25Ah,LMO_25Ah,22.88470256764415,24.979174114900776,87.47679874503397,90.32054352861442,515093005020,70.0,LMO,LMO,True,True,100.0,2.0944715472566244,2.8437447835804477
LMO_25Ah,LMO_25Ah,41.55420093027903,42.20519756845217,83.84559477856742,87.39488420102695,515093000439,70.0,LMO,LMO,True,True,100.0,0.6509966381731402,3.5492894224595375
LMO_25Ah,LMO_25Ah,50.48199868239127,44.40827751824698,91.85159425827743,92.04582912548281,515092905212,70.0,LMO,LMO,True,True,100.0,6.073721164144288,0.19423486720538108
LMO_25Ah,LMO_25Ah,65.67439927569912,65.87160881163065,84.35679992543416,85.599344488961,515093004482,70.0,LMO,LMO,True,True,100.0,0.19720953593153467,1.2425445635268346
LMO_25Ah,LMO_25Ah,6.929202384999056,9.343222515357313,52.694398896880614,54.662895312157886,515093001608,70.0,LMO,LMO,True,True,100.0,2.4140201303582574,1.9684964152772721
LMO_25Ah,LMO_25Ah,47.2815008369574,49.50693007996904,88.47479497642186,90.85906650112295,515093003101,70.0,LMO,LMO,True,True,100.0,2.2254292430116394,2.3842715247010915
LMO_25Ah,LMO_25Ah,24.077000908089857,24.45999521346399,92.00799692176012,92.55061603253738,515093004064,70.0,LMO,LMO,True,True,100.0,0.38299430537413315,0.5426191107772524
LMO_25Ah,LMO_25Ah,29.79689918966566,34.41366881643994,70.58879600011731,66.49695181489177,515093000629,70.0,LMO,LMO,True,True,100.0,4.616769626774278,4.09184418522554
LMO_25Ah,LMO_25Ah,74.99999856275895,68.688441828126,81.8831956140364,85.77217850407223,515091901822,70.0,LMO,LMO,True,True,100.0,6.311556734632944,3.888982890035834
LMO_25Ah,LMO_25Ah,8.617300837915131,5.462693731345175,88.61359632443516,81.08981973428327,515100102065,70.0,LMO,LMO,True,True,100.0,3.154607106569956,7.523776590151897
LMO_25Ah,LMO_25Ah,70.00830014699694,69.53667337070382,88.87799645282749,90.60636759217128,515093002646,70.0,LMO,LMO,True,True,100.0,0.471626776293121,1.7283711393437926
LMO_25Ah,LMO_25Ah,74.99999856275895,70.10837595479045,79.54360026532048,87.10702503279992,515100101320,70.0,LMO,LMO,True,True,100.0,4.8916226079685,7.563424767479447
LMO_25Ah,LMO_25Ah,21.692401574286222,24.635909822980388,83.6023959760034,87.8224054312064,515093000663,70.0,LMO,LMO,True,True,100.0,2.9435082486941653,4.220009455203012
LMO_25Ah,LMO_25Ah,55.00000105032612,60.52441883151181,60.88039936884637,68.47158010552083,515092901155,70.0,LMO,LMO,True,True,100.0,5.52441778118569,7.59118073667446
LMO_26Ah,LMO_26Ah,8.376103364411708,5.587746707719537,83.8830741947137,86.08288342973684,H27734091053,70.0,LMO,LMO,True,True,100.0,2.788356656692171,2.199809235023139
LMO_26Ah,LMO_26Ah,49.40099995812712,67.54351123542446,80.00807527772267,88.38325985137222,H27733591038,70.0,LMO,LMO,True,True,100.0,18.142511277297338,8.375184573649548
LMO_26Ah,LMO_26Ah,44.48969970535751,54.67159837267975,79.2303838699786,82.93802062554818,H27734091304,70.0,LMO,LMO,True,True,100.0,10.181898667322244,3.707636755569581
LMO_26Ah,LMO_26Ah,72.82489440139221,67.36865779079731,98.36614833967889,98.13522277401177,H27735490851,70.0,LMO,LMO,True,True,100.0,5.4562366105949,0.2309255656671212
LMO_26Ah,LMO_26Ah,70.00830014699694,73.6861358255123,88.77884423076107,92.85293911590168,H27733490499,70.0,LMO,LMO,True,True,100.0,3.6778356785153505,4.07409488514061
LMO_26Ah,LMO_26Ah,53.6027015707495,54.57075852616599,95.02961257288986,99.23396174587673,H27735376790,70.0,LMO,LMO,True,True,100.0,0.9680569554164862,4.204349172986866
LMO_26Ah,LMO_26Ah,43.01369793692715,41.482325413610496,92.50730523597511,95.0967444656646,H27735376805,70.0,LMO,LMO,True,True,100.0,1.531372523316655,2.5894392296894893
LMO_26Ah,LMO_26Ah,59.726499769245834,72.60394925980023,81.98538167882471,94.2438174264125,H27735290390,70.0,LMO,LMO,True,True,100.0,12.877449490554397,12.258435747587797
LMO_26Ah,LMO_26Ah,79.99999794086715,79.60985271059555,85.24307318712121,90.59750179590922,H27733690634,70.0,LMO,LMO,True,True,100.0,0.39014523027159953,5.354428608788012
LMO_26Ah,LMO_26Ah,41.55420093027903,49.47610655607643,84.84115317685355,88.90047683371964,H27733690394,70.0,LMO,LMO,True,True,100.0,7.9219056257974,4.059323656866084
LMO_26Ah,LMO_26Ah,60.85579940312864,71.93086298219411,81.40538080040349,81.0410986454732,H27734091346,70.0,LMO,LMO,True,True,100.0,11.075063579065471,0.3642821549302937
LMO_26Ah,LMO_26Ah,89.99999404417134,84.53765308255102,99.84076697020134,97.29423379282649,H27734492478,70.0,LMO,LMO,True,True,100.0,5.462340961620328,2.5465331773748545
LMO_26Ah,LMO_26Ah,46.428099431684736,42.059948137130064,98.93807346363708,99.91402188454747,H27735391963,70.0,LMO,LMO,True,True,100.0,4.368151294554671,0.9759484209103846
LMO_26Ah,LMO_26Ah,89.99999404417134,85.07826353538242,99.155379385371,100.1938266422464,H27734490172,70.0,LMO,LMO,True,True,100.0,4.921730508788926,1.0384472568754006
LMO_26Ah,LMO_26Ah,9.099602932994166,9.903337178853256,100.23307292118429,98.27755108869553,H27735076555,70.0,LMO,LMO,True,True,100.0,0.8037342458590899,1.9555218324887562
LFP_35Ah,LFP_35Ah,54.56280111595269,53.01221106229861,86.32713851992527,89.09711392127608,18号,70.0,LFP,LFP,True,True,100.0,1.5505900536540764,2.7699754013508056
LFP_35Ah,LFP_35Ah,52.87640052685941,56.35485393433248,81.82657110327499,81.68929798100298,24号,70.0,LFP,LFP,True,True,100.0,3.4784534074730686,0.13727312227200628
LFP_35Ah,LFP_35Ah,25.55260241838855,32.55269134881879,84.09142816381119,89.95008870770113,33号,70.0,LFP,LFP,True,True,100.0,7.000088930430241,5.85866054388994
LFP_35Ah,LFP_35Ah,38.830501216096245,49.586006761060275,88.2471408826189,91.1087108558307,35号,70.0,LFP,LFP,True,True,100.0,10.75550554496403,2.8615699732118003
LFP_35Ah,LFP_35Ah,14.461799111103197,14.528562300110732,87.12485117105062,87.82801588213293,38号,70.0,LFP,LFP,True,True,100.0,0.06676318900753486,0.7031647110823087
LFP_35Ah,LFP_35Ah,5.0000046163318155,5.191239793936847,85.52485415604023,84.23966090754013,42号,70.0,LFP,LFP,True,True,100.0,0.19123517760503184,1.2851932485001072
LFP_35Ah,LFP_35Ah,38.75429971153034,49.41947815498935,90.39142373257008,90.58634287051912,44号,70.0,LFP,LFP,True,True,100.0,10.665178443459013,0.19491913794904292
LFP_35Ah,LFP_35Ah,34.639400806524534,38.71336469560274,88.95542276257589,85.88197676467743,46号,70.0,LFP,LFP,True,True,100.0,4.0739638890782075,3.0734459978984603
LFP_35Ah,LFP_35Ah,39.11150132652551,43.523811174069415,79.61485770356319,88.38712484273077,7号,70.0,LFP,LFP,True,True,100.0,4.412309847543902,8.772267139167582
LFP_68Ah,LFP_68Ah,59.840695702347006,67.63645336224994,84.28293786507221,84.00054022441827,02HCB68111211Y88D0001154,70.0,LFP,LFP,True,True,100.0,7.795757659902932,0.28239764065394013
LFP_68Ah,LFP_68Ah,49.40099995812712,53.097985020297166,83.80235165018405,83.71222795212066,02HCB68111211Y87Y0009119,70.0,LFP,LFP,True,True,100.0,3.696985062170043,0.09012369806339393
LFP_68Ah,LFP_68Ah,16.03880155885085,17.99648364605794,82.6247011469057,83.33659426255038,02HCB68111211Y87Y0008126,70.0,LFP,LFP,True,True,100.0,1.9576820872070897,0.7118931156446706
LFP_68Ah,LFP_68Ah,27.90890181105184,36.128693996806845,81.53514623308816,83.6721548328589,02HCB68111211Y87Y0015279,70.0,LFP,LFP,True,True,100.0,8.219792185755004,2.1370085997707378
LFP_68Ah,LFP_68Ah,69.99999653173852,71.69167111033138,75.09117543779192,84.27126557852114,02HCB68111211Y86L0002535,70.0,LFP,LFP,True,True,100.0,1.6916745785928669,9.18009014072922
LFP_68Ah,LFP_68Ah,8.13500139574832,10.008880638738649,78.54779186631498,78.66897355888517,02HCB68111211Y87Y0014641,70.0,LFP,LFP,True,True,100.0,1.8738792429903288,0.12118169257018963
LFP_68Ah,LFP_68Ah,31.863299609461187,34.51239230222769,76.97308504265344,83.24380806670713,02HCB68111211Y86X0004792,70.0,LFP,LFP,True,True,100.0,2.6490926927665015,6.270723024053694
LFP_68Ah,LFP_68Ah,44.46269869636442,43.02001485254448,85.23190928147962,84.06999922863228,02HCB68111211Y88G0002069,70.0,LFP,LFP,True,True,100.0,1.4426838438199425,1.1619100528473325
LFP_68Ah,LFP_68Ah,44.38000045847457,53.426198014719574,82.54852638226058,83.72118959846088,02HCB68111211Y88E0004343,70.0,LFP,LFP,True,True,100.0,9.046197556245005,1.1726632162003057
LFP_68Ah,LFP_68Ah,34.24330144638213,38.006209719227044,68.25176350462574,77.9089220437966,02HCB68111211Y86R0006266,70.0,LFP,LFP,True,True,100.0,3.7629082728449177,9.657158539170851
LFP_68Ah,LFP_68Ah,65.67439927569912,68.89062292156372,85.60896823206804,84.14361152048897,02HCB68111211Y88D0003027,70.0,LFP,LFP,True,True,100.0,3.216223645864602,1.4653567115790622
LFP_68Ah,LFP_68Ah,52.43750140220706,56.71302891940303,83.1083807995489,83.97547325505562,02HCB68111211Y88E0004542,70.0,LFP,LFP,True,True,100.0,4.275527517195968,0.8670924555067216
LFP_68Ah,LFP_68Ah,39.5792994530596,45.65764729612104,81.17617128710508,83.73640648019166,02HCB68111211Y87Y0012947,70.0,LFP,LFP,True,True,100.0,6.078347843061444,2.5602351930865836
LFP_68Ah,LFP_68Ah,44.48969970535751,53.54171509810786,80.56190991484341,83.78760291209282,02HCB68111211Y88E0004475,70.0,LFP,LFP,True,True,100.0,9.052015392750349,3.2256929972494106
LFP_68Ah,LFP_68Ah,62.82330124492969,67.97448478481019,83.82176486810033,83.84539794005636,02HCB68111211Y87Y0003936,70.0,LFP,LFP,True,True,100.0,5.151183539880499,0.023633071956027152
LFP_68Ah,LFP_68Ah,50.564998357432486,53.544712888919996,86.852201848961,83.6148119405837,02HCB68111211Y88F0000101,70.0,LFP,LFP,True,True,100.0,2.9797145314875095,3.2373899083772955
LFP_68Ah,LFP_68Ah,64.9999971536303,72.04203592181699,70.91867773985592,83.81870683558553,02HCB68111211Y86P0008027,70.0,LFP,LFP,True,True,100.0,7.042038768186686,12.900029095729607
LFP_68Ah,LFP_68Ah,43.57689926379472,37.063927795742536,71.51896784661925,83.20417309099861,02HCB68111211Y86M0004689,70.0,LFP,LFP,True,True,100.0,6.512971468052186,11.685205244379361
LFP_68Ah,LFP_68Ah,41.643902856437975,40.45172771060363,77.89132389039165,83.51293405850038,02HCB68111211Y86H0009376,70.0,LFP,LFP,True,True,100.0,1.192175145834348,5.621610168108731
LFP_68Ah,LFP_68Ah,57.006596206647345,68.53540858653419,71.28293997378027,83.611291930455,02HCB68111211Y86P0006552,70.0,LFP,LFP,True,True,100.0,11.528812379886844,12.328351956674723
LFP_68Ah,LFP_68Ah,24.41099990407093,26.665926214863607,80.76352851871029,83.79452206243727,02HCB68111211Y87Y0008148,70.0,LFP,LFP,True,True,100.0,2.2549263107926762,3.0309935437269786
LFP_68Ah,LFP_68Ah,38.26200102867698,51.24972362418958,83.86073436758568,83.30380041324635,02HCB68111211Y87Y0007299,70.0,LFP,LFP,True,True,100.0,12.9877225955126,0.5569339543393284
LMO_10Ah,LMO_10Ah,52.672695335349516,53.55262519962552,64.66599634874413,62.598232612255025,PIP15829A00218444,100.0,LMO,LMO,True,True,100.0,0.8799298642760007,2.0677637364891055
LMO_10Ah,LMO_10Ah,18.115401762916292,19.329357152295596,65.90499817480412,67.59426279845802,PIP15829A00217239,100.0,LMO,LMO,True,True,100.0,1.2139553893793043,1.689264623653898
LMO_10Ah,LMO_10Ah,35.37670148771982,28.219004700182982,57.502001663419044,58.689546582520045,PIP15828A00225770,100.0,LMO,LMO,True,True,100.0,7.157696787536839,1.1875449191010006
LMO_10Ah,LMO_10Ah,65.67439927569912,80.48258389755406,80.47299740603592,78.82470523229482,PIP15710A00246135,100.0,LMO,LMO,True,True,100.0,14.808184621854949,1.6482921737410976
LMO_10Ah,LMO_10Ah,24.387700702471207,23.991794673307055,88.19599417418095,89.24769680516667,PIP15N21A50200566,100.0,LMO,LMO,True,True,100.0,0.3959060291641521,1.0517026309857158
LMO_10Ah,LMO_10Ah,37.94840027477962,38.53038819955536,89.06699683856765,88.12320028882942,PIP15D19A03261038,100.0,LMO,LMO,True,True,100.0,0.5819879247757385,0.9437965497382237
LMO_10Ah,LMO_10Ah,30.690801942620944,31.96714852166405,87.89499662822769,88.12888156999927,PIP15D25A03226076,100.0,LMO,LMO,True,True,100.0,1.276346579043107,0.23388494177157781
LMO_10Ah,LMO_10Ah,50.564998357432486,51.84187220277994,86.37399968243484,88.99338619197262,PIP15D01A03250557,100.0,LMO,LMO,True,True,100.0,1.2768738453474526,2.619386509537776
LMO_10Ah,LMO_10Ah,55.43259950844851,54.8938368089805,83.32999677321057,84.27097020217712,PIP15D01A03229494,100.0,LMO,LMO,True,True,100.0,0.538762699468009,0.9409734289665579
LMO_10Ah,LMO_10Ah,47.63939991915674,48.211310756852875,88.51599952186417,89.4650849405759,PIP15D01A03214955,100.0,LMO,LMO,True,True,100.0,0.5719108376961373,0.9490854187117321
LMO_10Ah,LMO_10Ah,49.833402100745005,50.150773969367556,87.67699884679544,88.44544659157751,PIP15D01A03224640,100.0,LMO,LMO,True,True,100.0,0.3173718686225513,0.7684477447820655
LMO_10Ah,LMO_10Ah,64.84549419866687,64.84629007233382,87.65499878349092,87.39963962973032,PIP15N15A03208989,100.0,LMO,LMO,True,True,100.0,0.0007958736669451127,0.25535915376060814
LMO_10Ah,LMO_10Ah,63.63550358660503,65.07471377348281,89.95499876135536,91.32266498926384,PIP15D25A03236724,100.0,LMO,LMO,True,True,100.0,1.43921018687778,1.3676662279084866
LMO_10Ah,LMO_10Ah,53.381097180470086,53.69976897608196,87.00699502164643,87.89806383072936,PIP15N15A03208683,100.0,LMO,LMO,True,True,100.0,0.318671795611877,0.891068809082924
LMO_10Ah,LMO_10Ah,24.077000908089857,25.364411457559573,90.00099541544847,88.94005323218452,PIP15N30A03228344,100.0,LMO,LMO,True,True,100.0,1.2874105494697154,1.060942183263947
LMO_10Ah,LMO_10Ah,16.92310209601447,18.928256720998537,69.437998064225,72.28300862219866,PIP15829A00218512,100.0,LMO,LMO,True,True,100.0,2.0051546249840655,2.8450105579736658
LMO_10Ah,LMO_10Ah,25.680200864041012,25.302971336927765,89.01899701665513,88.71881054022937,PIP15N15A03208672,100.0,LMO,LMO,True,True,100.0,0.3772295271132471,0.3001864764257647
LMO_10Ah,LMO_10Ah,40.14490277950498,40.65037354979348,90.61599607837498,88.56137704374098,PIP15D15A03236823,100.0,LMO,LMO,True,True,100.0,0.5054707702884969,2.054619034634001
LMO_10Ah,LMO_10Ah,74.34220101829476,74.5085120855634,89.38799760413491,88.54011753592705,PIP15512A50200153,100.0,LMO,LMO,True,True,100.0,0.1663110672686372,0.8478800682078571
LMO_10Ah,LMO_10Ah,25.66410166621489,25.255175143859564,61.937998617589926,64.10432769698639,PIP15829A00217327,100.0,LMO,LMO,True,True,100.0,0.4089265223553262,2.166329079396462
LMO_10Ah,LMO_10Ah,85.0000026247998,78.30778482109298,92.3849959512275,91.28518946640938,PIP15D26A03256484,100.0,LMO,LMO,True,True,100.0,6.692217803706825,1.0998064848181173
LMO_10Ah,LMO_10Ah,85.0000026247998,76.68951101788994,91.84699851382803,92.50141683958478,PIP15D28A03264309,100.0,LMO,LMO,True,True,100.0,8.310491606909864,0.6544183257567511
LMO_10Ah,LMO_10Ah,43.991100770491734,44.005181433730066,89.75499502379529,91.10403985424774,PIP15N08A03232188,100.0,LMO,LMO,True,True,100.0,0.014080663238331681,1.3490448304524563
LMO_10Ah,LMO_10Ah,56.435900402749404,56.03305833457786,88.25699956711344,88.8728378609087,PIP15N14A03236503,100.0,LMO,LMO,True,True,100.0,0.40284206817154455,0.6158382937952638
LMO_10Ah,LMO_10Ah,55.74399834520065,55.36941907739833,92.64899734329462,90.46956466888072,PIP16N1700C039158,100.0,LMO,LMO,True,True,100.0,0.374579267802325,2.1794326744139028
LMO_10Ah,LMO_10Ah,52.8222970349807,51.83847514867821,89.88499887613833,90.43017483221749,PIP15N12A03225967,100.0,LMO,LMO,True,True,100.0,0.9838218863024935,0.5451759560791629
NMC_15Ah,NMC_15Ah,5.0000046163318155,4.896312889178178,76.45000053354094,77.99937542660312,PJP17601529001A009420,100.0,NMC,NMC,True,True,100.0,0.10369172715363728,1.5493748930621791
NMC_15Ah,NMC_15Ah,35.356602693103284,35.493599743534276,75.6493310359627,77.16585144713532,PJP17601527001A008674,100.0,NMC,NMC,True,True,100.0,0.13699705043099186,1.5165204111726212
NMC_15Ah,NMC_15Ah,19.951500882936887,19.81338364031967,77.35932868370213,78.2311123780042,PJP17601529001A010983,100.0,NMC,NMC,True,True,100.0,0.13811724261721636,0.8717836943020671
NMC_15Ah,NMC_15Ah,69.99999653173852,69.44595173140911,77.14800032857558,78.54089730102153,PJP17601527001A011451,100.0,NMC,NMC,True,True,100.0,0.5540448003294074,1.3928969724459535
NMC_15Ah,NMC_15Ah,50.95099774912738,50.98140940839734,76.80933310901158,77.93990268630215,PJP17601529001A010816,100.0,NMC,NMC,True,True,100.0,0.03041165926995859,1.1305695772905722
NMC_15Ah,NMC_15Ah,64.9999971536303,66.1374014343548,75.51599563253126,77.11216971164008,PJP17601527001A007049,100.0,NMC,NMC,True,True,100.0,1.1374042807244962,1.5961740791088204
NMC_15Ah,NMC_15Ah,41.95410025556707,41.71409344223079,77.15599971918252,77.82722947671289,PJP17601529001A003328,100.0,NMC,NMC,True,True,100.0,0.24000681333627938,0.6712297575303694
NMC_15Ah,NMC_15Ah,46.82410030246086,47.0522010115467,76.45666426813065,77.5100794732142,PJP17601529003A008872,100.0,NMC,NMC,True,True,100.0,0.22810070908583668,1.053415205083553
NMC_15Ah,NMC_15Ah,23.604701618548173,25.039668472325033,76.25332897948218,80.17673821363806,PJP17601527003A009249,100.0,NMC,NMC,True,True,100.0,1.43496685377686,3.9234092341558835
NMC_15Ah,NMC_15Ah,64.9999971536303,67.363898466269,75.41066220690784,77.06663661619308,PJP17601527001A008438,100.0,NMC,NMC,True,True,100.0,2.3639013126387027,1.6559744092852355
NMC_15Ah,NMC_15Ah,15.250300334977023,15.011795567380087,76.00799641583761,77.80864602403007,PJP17530529002A009949,100.0,NMC,NMC,True,True,100.0,0.23850476759693606,1.8006496081924581
NMC_15Ah,NMC_15Ah,27.26530265280591,25.011948192505447,76.32466388830355,76.53134970042704,PJP17601529001A010435,100.0,NMC,NMC,True,True,100.0,2.2533544603004643,0.2066858121234958
NMC_15Ah,NMC_15Ah,47.527301113167965,45.20715361859746,80.00799780714402,79.76175520135513,PJP17930O01003A016716,100.0,NMC,NMC,True,True,100.0,2.320147494570506,0.24624260578889334
NMC_15Ah,NMC_15Ah,41.72750142641355,42.397969611269474,75.98000012974555,77.24856219896701,PJP17601529003A008762,100.0,NMC,NMC,True,True,100.0,0.6704681848559204,1.2685620692214599
NMC_15Ah,NMC_15Ah,29.79689918966566,30.072150107693364,75.26066715079567,76.33679483230088,PJP17601529003A008717,100.0,NMC,NMC,True,True,100.0,0.2752509180277052,1.0761276815052128
NMC_21Ah,NMC_21Ah,48.708301363683375,56.63079394631014,77.00523564899981,81.2387169216237,02LCC02100101A8BC0104122,100.0,NMC,NMC,True,True,100.0,7.9224925826267665,4.233481272623891
NMC_21Ah,NMC_21Ah,41.72750142641355,42.22880301560666,99.73428381794949,99.93033940185636,02LCC02100101A87Y0163477,100.0,NMC,NMC,True,True,100.0,0.5013015891931047,0.19605558390686895
NMC_21Ah,NMC_21Ah,41.64969946964553,41.14845665903887,100.02142962444005,100.16237042524988,02LCC02100101A87Y0013547,100.0,NMC,NMC,True,True,100.0,0.5012428106066622,0.14094080080982962
NMC_21Ah,NMC_21Ah,69.99999653173852,67.97964469908419,101.11618692476883,100.12448636367046,02LCC02100101A87Y0027455,100.0,NMC,NMC,True,True,100.0,2.0203518326543275,0.9917005610983693
NMC_21Ah,NMC_21Ah,69.99999653173852,69.18292079030925,100.6080937631413,100.0027317050247,02LCC02100101A87Y0010456,100.0,NMC,NMC,True,True,100.0,0.8170757414292638,0.6053620581165973
NMC_21Ah,NMC_21Ah,69.99999653173852,70.41064612058277,98.91618565361999,99.53441857881165,02LCC02100101A87Y0184257,100.0,NMC,NMC,True,True,100.0,0.41064958884425096,0.6182329251916627
NMC_21Ah,NMC_21Ah,55.92349703913051,53.21127763678635,100.59999887818844,101.0772227019785,02LCC02100101A87Y0173907,100.0,NMC,NMC,True,True,100.0,2.712219402344161,0.47722382379005523
NMC_21Ah,NMC_21Ah,46.949499483880345,46.43165035469541,99.18856714885197,100.5713240130687,02LCC02100101A87Y0085499,100.0,NMC,NMC,True,True,100.0,0.5178491291849383,1.3827568642167307
NMC_21Ah,NMC_21Ah,56.198899836382985,54.99319500401765,99.26904548319277,100.42141433269624,02LCC02100101A87Y0055909,100.0,NMC,NMC,True,True,100.0,1.2057048323653348,1.1523688495034747
NMC_21Ah,NMC_21Ah,20.500100580928294,20.903239775268837,83.75523416282624,85.49681873940078,02LCC02100101A87B0101984,100.0,NMC,NMC,True,True,100.0,0.4031391943405431,1.7415845765745388
LMO_24Ah,LMO_24Ah,41.643902856437975,42.69199353103019,76.34124575419918,77.89557560223056,A170530525010800528,100.0,LMO,LMO,True,True,100.0,1.048090674592217,1.5543298480313865
LMO_24Ah,LMO_24Ah,74.99999856275895,9.664254076391677,79.57207939865172,88.28509956891897,A170530525010800027,100.0,LMO,LMO,True,True,100.0,65.33574448636728,8.713020170267242
LMO_24Ah,LMO_24Ah,60.85579940312864,60.79955501108586,79.88583239632818,80.25655852236999,A170528511010802426,100.0,LMO,LMO,True,True,100.0,0.05624439204278531,0.3707261260418022
LMO_24Ah,LMO_24Ah,46.791699622251606,48.24770937578241,74.20832957727146,74.83954087972897,A170526507010800030,100.0,LMO,LMO,True,True,100.0,1.4560097535308003,0.6312113024575154
LMO_24Ah,LMO_24Ah,65.67439927569912,64.34130027192249,81.9745813315415,81.263137545253,A170530525010800523,100.0,LMO,LMO,True,True,100.0,1.3330990037766242,0.7114437862884984
LMO_24Ah,LMO_24Ah,37.1305022963682,42.752590854610105,78.98291722904705,80.55922785178988,A170528511010800172,100.0,LMO,LMO,True,True,100.0,5.622088558241906,1.576310622742838
LMO_24Ah,LMO_24Ah,38.26200102867698,50.101312410651275,79.26375060630659,80.60216647336819,A170530525010800543,100.0,LMO,LMO,True,True,100.0,11.839311381974298,1.3384158670615989
LMO_24Ah,LMO_24Ah,44.114199213785696,44.37834371479122,78.65249920318031,78.24803258479434,A170527511010800648,100.0,LMO,LMO,True,True,100.0,0.264144501005525,0.40446661838596754
LMO_24Ah,LMO_24Ah,23.095200540901402,24.801512562685442,79.1762448999661,82.52192456658422,A170530525010800530,100.0,LMO,LMO,True,True,100.0,1.70631202178404,3.3456796666181248
LMO_24Ah,LMO_24Ah,21.101602001561332,20.147762002748653,80.67708368498764,79.82734242565351,A170526511010800410,100.0,LMO,LMO,True,True,100.0,0.9538399988126791,0.8497412593341238
LMO_24Ah,LMO_24Ah,69.99999653173852,75.04683307514625,75.8099955298905,76.19772850328795,A170523507010800997,100.0,LMO,LMO,True,True,100.0,5.046836543407736,0.3877329733974477
LMO_24Ah,LMO_24Ah,74.99999856275895,74.00599479934404,81.11541632967582,82.06647440228515,A170525507010800584,100.0,LMO,LMO,True,True,100.0,0.9940037634149093,0.9510580726093281
LMO_24Ah,LMO_24Ah,49.40099995812712,57.26441417522874,79.19208209968735,80.66869757390035,A170530525010800427,100.0,LMO,LMO,True,True,100.0,7.863414217101614,1.4766154742129913
LMO_24Ah,LMO_24Ah,69.99999653173852,75.01061551747594,73.4933305238358,78.04075926109888,A170528511010800479,100.0,LMO,LMO,True,True,100.0,5.010618985737423,4.54742873726309
LMO_24Ah,LMO_24Ah,57.006596206647345,64.20192952827983,72.01916470094038,78.12290273857097,A170530525010800449,100.0,LMO,LMO,True,True,100.0,7.195333321632489,6.103738037630592
LMO_24Ah,LMO_24Ah,31.863299609461187,28.47210446437552,75.95833366423889,76.51942239337932,A170529511010800365,100.0,LMO,LMO,True,True,100.0,3.3911951450856677,0.5610887291404225
LMO_25Ah,LMO_25Ah,38.062501366268805,27.119892554487286,92.11839660702083,90.74898175747995,515092905216,100.0,LMO,LMO,True,True,100.0,10.942608811781518,1.369414849540874
LMO_25Ah,LMO_25Ah,22.88470256764415,20.344403815464442,87.47679874503397,78.51799446832091,515093005020,100.0,LMO,LMO,True,True,100.0,2.5402987521797087,8.958804276713067
LMO_25Ah,LMO_25Ah,41.55420093027903,40.81183981901811,83.84559477856742,83.9718470193248,515093000439,100.0,LMO,LMO,True,True,100.0,0.7423611112609194,0.12625224075738117
LMO_25Ah,LMO_25Ah,50.48199868239127,43.7265924888976,91.85159425827743,91.87317408321857,515092905212,100.0,LMO,LMO,True,True,100.0,6.75540619349367,0.02157982494114208
LMO_25Ah,LMO_25Ah,65.67439927569912,64.4327779912008,84.35679992543416,83.61697123533457,515093004482,100.0,LMO,LMO,True,True,100.0,1.241621284498322,0.7398286900995856
LMO_25Ah,LMO_25Ah,6.929202384999056,10.194016771142683,52.694398896880614,56.37255525141569,515093001608,100.0,LMO,LMO,True,True,100.0,3.2648143861436276,3.6781563545350764
LMO_25Ah,LMO_25Ah,47.2815008369574,49.67001785888655,88.47479497642186,91.8386645768039,515093003101,100.0,LMO,LMO,True,True,100.0,2.388517021929154,3.3638696003820314
LMO_25Ah,LMO_25Ah,24.077000908089857,24.401684202799377,92.00799692176012,93.24360648509456,515093004064,100.0,LMO,LMO,True,True,100.0,0.3246832947095193,1.2356095633344353
LMO_25Ah,LMO_25Ah,29.79689918966566,29.259565746657874,70.58879600011731,66.96309323525105,515093000629,100.0,LMO,LMO,True,True,100.0,0.5373334430077854,3.6257027648662614
LMO_25Ah,LMO_25Ah,74.99999856275895,69.00113263313081,81.8831956140364,85.11919441169144,515091901822,100.0,LMO,LMO,True,True,100.0,5.998865929628138,3.235998797655043
LMO_25Ah,LMO_25Ah,8.617300837915131,5.319903383846903,88.61359632443516,80.58529085168657,515100102065,100.0,LMO,LMO,True,True,100.0,3.2973974540682285,8.028305472748599
LMO_25Ah,LMO_25Ah,70.00830014699694,67.51930606430054,88.87799645282749,90.30453905568456,515093002646,100.0,LMO,LMO,True,True,100.0,2.488994082696408,1.4265426028570687
LMO_25Ah,LMO_25Ah,74.99999856275895,70.27519638120592,79.54360026532048,85.08212932480062,515100101320,100.0,LMO,LMO,True,True,100.0,4.724802181553031,5.53852905948014
LMO_25Ah,LMO_25Ah,21.692401574286222,21.06864222010104,83.6023959760034,88.29388220288638,515093000663,100.0,LMO,LMO,True,True,100.0,0.6237593541851822,4.691486226882986
LMO_25Ah,LMO_25Ah,55.00000105032612,59.277942717645146,60.88039936884637,69.61958530610441,515092901155,100.0,LMO,LMO,True,True,100.0,4.277941667319027,8.739185937258043
LMO_26Ah,LMO_26Ah,8.376103364411708,5.165373899761233,83.8830741947137,86.81620933432643,H27734091053,100.0,LMO,LMO,True,True,100.0,3.210729464650475,2.9331351396127303
LMO_26Ah,LMO_26Ah,49.40099995812712,62.69838356707871,80.00807527772267,92.63550544676458,H27733591038,100.0,LMO,LMO,True,True,100.0,13.297383608951584,12.627430169041915
LMO_26Ah,LMO_26Ah,44.48969970535751,50.13022451128711,79.2303838699786,81.84912547647491,H27734091304,100.0,LMO,LMO,True,True,100.0,5.640524805929601,2.6187416064963145
LMO_26Ah,LMO_26Ah,72.82489440139221,67.89845762631944,98.36614833967889,98.04194566766505,H27735490851,100.0,LMO,LMO,True,True,100.0,4.926436775072773,0.3242026720138398
LMO_26Ah,LMO_26Ah,70.00830014699694,75.3241366840066,88.77884423076107,92.19652805713817,H27733490499,100.0,LMO,LMO,True,True,100.0,5.315836537009659,3.4176838263771003
LMO_26Ah,LMO_26Ah,53.6027015707495,59.53527520328969,95.02961257288986,98.86101015888579,H27735376790,100.0,LMO,LMO,True,True,100.0,5.9325736325401905,3.83139758599593
LMO_26Ah,LMO_26Ah,43.01369793692715,44.4138904172831,92.50730523597511,93.95228267448657,H27735376805,100.0,LMO,LMO,True,True,100.0,1.4001924803559476,1.444977438511458
LMO_26Ah,LMO_26Ah,59.726499769245834,71.46064755520369,81.98538167882471,94.94362845195535,H27735290390,100.0,LMO,LMO,True,True,100.0,11.734147785957859,12.95824677313064
LMO_26Ah,LMO_26Ah,79.99999794086715,82.28469921199624,85.24307318712121,89.54204516202662,H27733690634,100.0,LMO,LMO,True,True,100.0,2.2847012711290944,4.298971974905413
LMO_26Ah,LMO_26Ah,41.55420093027903,46.72865581618091,84.84115317685355,88.78869469388809,H27733690394,100.0,LMO,LMO,True,True,100.0,5.174454885901881,3.947541517034537
LMO_26Ah,LMO_26Ah,60.85579940312864,74.93087958769726,81.40538080040349,87.00977510869741,H27734091346,100.0,LMO,LMO,True,True,100.0,14.07508018456862,5.604394308293919
LMO_26Ah,LMO_26Ah,89.99999404417134,84.95500923349535,99.84076697020134,98.62542750471921,H27734492478,100.0,LMO,LMO,True,True,100.0,5.044984810675999,1.2153394654821312
LMO_26Ah,LMO_26Ah,46.428099431684736,43.13097390111938,98.93807346363708,100.98686354869213,H27735391963,100.0,LMO,LMO,True,True,100.0,3.297125530565353,2.048790085055046
LMO_26Ah,LMO_26Ah,89.99999404417134,84.41558463242768,99.155379385371,98.90243193815476,H27734490172,100.0,LMO,LMO,True,True,100.0,5.584409411743664,0.2529474472162434
LMO_26Ah,LMO_26Ah,9.099602932994166,10.357743901905975,100.23307292118429,98.87665731853453,H27735076555,100.0,LMO,LMO,True,True,100.0,1.2581409689118086,1.3564156026497614
LFP_35Ah,LFP_35Ah,54.56280111595269,48.082539060769726,86.32713851992527,90.45725981133947,18号,100.0,LFP,LFP,True,True,100.0,6.480262055182962,4.1301212914141985
LFP_35Ah,LFP_35Ah,52.87640052685941,52.18917688001618,81.82657110327499,82.72875425263949,24号,100.0,LFP,LFP,True,True,100.0,0.6872236468432362,0.9021831493645038
LFP_35Ah,LFP_35Ah,25.55260241838855,33.104693406736374,84.09142816381119,90.25882256050036,33号,100.0,LFP,LFP,True,True,100.0,7.552090988347825,6.1673943966891756
LFP_35Ah,LFP_35Ah,38.830501216096245,61.01554981846945,88.2471408826189,91.52693182209477,35号,100.0,LFP,LFP,True,True,100.0,22.185048602373207,3.2797909394758733
LFP_35Ah,LFP_35Ah,14.461799111103197,16.849470517261228,87.12485117105062,87.91827195211873,38号,100.0,LFP,LFP,True,True,100.0,2.387671406158031,0.7934207810681073
LFP_35Ah,LFP_35Ah,5.0000046163318155,5.039347304600978,85.52485415604023,84.49120924499924,42号,100.0,LFP,LFP,True,True,100.0,0.039342688269162096,1.0336449110409944
LFP_35Ah,LFP_35Ah,38.75429971153034,55.80145777104164,90.39142373257008,91.0774272875523,44号,100.0,LFP,LFP,True,True,100.0,17.047158059511304,0.6860035549822214
LFP_35Ah,LFP_35Ah,34.639400806524534,31.7373380106504,88.95542276257589,86.8193347188137,46号,100.0,LFP,LFP,True,True,100.0,2.9020627958741336,2.136088043762186
LFP_35Ah,LFP_35Ah,39.11150132652551,39.96235309661884,79.61485770356319,88.14842091476069,7号,100.0,LFP,LFP,True,True,100.0,0.8508517700933282,8.533563211197503
LFP_68Ah,LFP_68Ah,59.840695702347006,61.04239331079929,84.28293786507221,84.30447666222733,02HCB68111211Y88D0001154,100.0,LFP,LFP,True,True,100.0,1.2016976084522852,0.02153879715511664
LFP_68Ah,LFP_68Ah,49.40099995812712,53.768854789740864,83.80235165018405,83.80179006754045,02HCB68111211Y87Y0009119,100.0,LFP,LFP,True,True,100.0,4.367854831613741,0.0005615826435985127
LFP_68Ah,LFP_68Ah,16.03880155885085,19.478848756069524,82.6247011469057,83.54039718100294,02HCB68111211Y87Y0008126,100.0,LFP,LFP,True,True,100.0,3.440047197218675,0.9156960340972375
LFP_68Ah,LFP_68Ah,27.90890181105184,33.15459203274141,81.53514623308816,83.74586342439979,02HCB68111211Y87Y0015279,100.0,LFP,LFP,True,True,100.0,5.245690221689571,2.2107171913116304
LFP_68Ah,LFP_68Ah,69.99999653173852,72.32826127448378,75.09117543779192,84.5357870017289,02HCB68111211Y86L0002535,100.0,LFP,LFP,True,True,100.0,2.3282647427452616,9.444611563936988
LFP_68Ah,LFP_68Ah,8.13500139574832,10.127996397557625,78.54779186631498,81.680954873992,02HCB68111211Y87Y0014641,100.0,LFP,LFP,True,True,100.0,1.9929950018093052,3.1331630076770125
LFP_68Ah,LFP_68Ah,31.863299609461187,32.48566220536089,76.97308504265344,83.46300189901181,02HCB68111211Y86X0004792,100.0,LFP,LFP,True,True,100.0,0.6223625958997019,6.489916856358377
LFP_68Ah,LFP_68Ah,44.46269869636442,36.57061976269178,85.23190928147962,84.16585794443321,02HCB68111211Y88G0002069,100.0,LFP,LFP,True,True,100.0,7.892078933672643,1.066051337046403
LFP_68Ah,LFP_68Ah,44.38000045847457,52.87760627546483,82.54852638226058,83.50913230843051,02HCB68111211Y88E0004343,100.0,LFP,LFP,True,True,100.0,8.497605816990259,0.9606059261699329
LFP_68Ah,LFP_68Ah,34.24330144638213,31.537561118914915,68.25176350462574,81.11578945327912,02HCB68111211Y86R0006266,100.0,LFP,LFP,True,True,100.0,2.705740327467211,12.864025948653378
LFP_68Ah,LFP_68Ah,65.67439927569912,67.73591900023212,85.60896823206804,84.2056556219439,02HCB68111211Y88D0003027,100.0,LFP,LFP,True,True,100.0,2.0615197245329995,1.4033126101241322
LFP_68Ah,LFP_68Ah,52.43750140220706,53.05556495384916,83.1083807995489,83.5709442649487,02HCB68111211Y88E0004542,100.0,LFP,LFP,True,True,100.0,0.6180635516420949,0.4625634653997963
LFP_68Ah,LFP_68Ah,39.5792994530596,39.29496695326403,81.17617128710508,83.87111785596187,02HCB68111211Y87Y0012947,100.0,LFP,LFP,True,True,100.0,0.28433249979556763,2.6949465688567926
LFP_68Ah,LFP_68Ah,44.48969970535751,44.311661771220514,80.56190991484341,83.48653959519932,02HCB68111211Y88E0004475,100.0,LFP,LFP,True,True,100.0,0.1780379341369951,2.924629680355906
LFP_68Ah,LFP_68Ah,62.82330124492969,67.23331416790938,83.82176486810033,83.8782704061874,02HCB68111211Y87Y0003936,100.0,LFP,LFP,True,True,100.0,4.410012922979696,0.05650553808706604
LFP_68Ah,LFP_68Ah,50.564998357432486,55.19374057706978,86.852201848961,83.60500329575883,02HCB68111211Y88F0000101,100.0,LFP,LFP,True,True,100.0,4.628742219637296,3.2471985532021677
LFP_68Ah,LFP_68Ah,64.9999971536303,73.23200235241856,70.91867773985592,83.48650410102604,02HCB68111211Y86P0008027,100.0,LFP,LFP,True,True,100.0,8.232005198788258,12.56782636117012
LFP_68Ah,LFP_68Ah,43.57689926379472,47.5407931615068,71.51896784661925,83.58903305217649,02HCB68111211Y86M0004689,100.0,LFP,LFP,True,True,100.0,3.963893897712076,12.070065205557242
LFP_68Ah,LFP_68Ah,41.643902856437975,44.611057838233094,77.89132389039165,83.63874912408674,02HCB68111211Y86H0009376,100.0,LFP,LFP,True,True,100.0,2.967154981795119,5.747425233695097
LFP_68Ah,LFP_68Ah,57.006596206647345,69.32373737111351,71.28293997378027,83.37066708786664,02HCB68111211Y86P0006552,100.0,LFP,LFP,True,True,100.0,12.317141164466165,12.087727114086363
LFP_68Ah,LFP_68Ah,24.41099990407093,28.872313517165605,80.76352851871029,83.03782723684935,02HCB68111211Y87Y0008148,100.0,LFP,LFP,True,True,100.0,4.461313613094674,2.2742987181390646
LFP_68Ah,LFP_68Ah,38.26200102867698,41.90223267127141,83.86073436758568,83.6216646085234,02HCB68111211Y87Y0007299,100.0,LFP,LFP,True,True,100.0,3.6402316425944363,0.239069759062275
LMO_10Ah,LMO_10Ah,52.672695335349516,51.21639906729861,64.66599634874413,65.11738104679948,PIP15829A00218444,300.0,LMO,LMO,True,True,100.0,1.456296268050906,0.45138469805534953
LMO_10Ah,LMO_10Ah,18.115401762916292,19.34536349819391,65.90499817480412,67.5727013134906,PIP15829A00217239,300.0,LMO,LMO,True,True,100.0,1.2299617352776195,1.667703138686477
LMO_10Ah,LMO_10Ah,35.37670148771982,30.037403589850786,57.502001663419044,57.61493036781462,PIP15828A00225770,300.0,LMO,LMO,True,True,100.0,5.339297897869034,0.11292870439557845
LMO_10Ah,LMO_10Ah,65.67439927569912,74.4529309215764,80.47299740603592,78.41174151435989,PIP15710A00246135,300.0,LMO,LMO,True,True,100.0,8.77853164587728,2.0612558916760264
LMO_10Ah,LMO_10Ah,24.387700702471207,24.60204672490812,88.19599417418095,89.55368788327523,PIP15N21A50200566,300.0,LMO,LMO,True,True,100.0,0.21434602243691359,1.3576937090942778
LMO_10Ah,LMO_10Ah,37.94840027477962,38.43312398129734,89.06699683856765,88.01205909945877,PIP15D19A03261038,300.0,LMO,LMO,True,True,100.0,0.4847237065177197,1.0549377391088797
LMO_10Ah,LMO_10Ah,30.690801942620944,31.995233576914323,87.89499662822769,87.95677166764358,PIP15D25A03226076,300.0,LMO,LMO,True,True,100.0,1.3044316342933797,0.0617750394158918
LMO_10Ah,LMO_10Ah,50.564998357432486,51.65747225351783,86.37399968243484,89.3193536121475,PIP15D01A03250557,300.0,LMO,LMO,True,True,100.0,1.0924738960853446,2.9453539297126525
LMO_10Ah,LMO_10Ah,55.43259950844851,54.33549429084962,83.32999677321057,84.25445355386046,PIP15D01A03229494,300.0,LMO,LMO,True,True,100.0,1.0971052175988945,0.9244567806498907
LMO_10Ah,LMO_10Ah,47.63939991915674,47.49844737660104,88.51599952186417,88.97407641308915,PIP15D01A03214955,300.0,LMO,LMO,True,True,100.0,0.140952542555695,0.45807689122497663
LMO_10Ah,LMO_10Ah,49.833402100745005,50.99745952734733,87.67699884679544,88.34602591024058,PIP15D01A03224640,300.0,LMO,LMO,True,True,100.0,1.1640574266023265,0.6690270634451423
LMO_10Ah,LMO_10Ah,64.84549419866687,64.04411573886193,87.65499878349092,87.3986284015241,PIP15N15A03208989,300.0,LMO,LMO,True,True,100.0,0.8013784598049369,0.2563703819668177
LMO_10Ah,LMO_10Ah,63.63550358660503,63.84731475141274,89.95499876135536,91.0360257454957,PIP15D25A03236724,300.0,LMO,LMO,True,True,100.0,0.21181116480770612,1.081026984140351
LMO_10Ah,LMO_10Ah,53.381097180470086,53.230268508935694,87.00699502164643,88.03595798245634,PIP15N15A03208683,300.0,LMO,LMO,True,True,100.0,0.1508286715343914,1.0289629608099062
LMO_10Ah,LMO_10Ah,24.077000908089857,24.73606256522836,90.00099541544847,89.52737318304955,PIP15N30A03228344,300.0,LMO,LMO,True,True,100.0,0.6590616571385013,0.47362223239892387
LMO_10Ah,LMO_10Ah,16.92310209601447,17.95547227600042,69.437998064225,76.26982799928963,PIP15829A00218512,300.0,LMO,LMO,True,True,100.0,1.03237017998595,6.831829935064633
LMO_10Ah,LMO_10Ah,25.680200864041012,25.32169824431091,89.01899701665513,89.11589563539893,PIP15N15A03208672,300.0,LMO,LMO,True,True,100.0,0.35850261973010333,0.09689861874379346
LMO_10Ah,LMO_10Ah,40.14490277950498,39.926824549995,90.61599607837498,88.28924566780576,PIP15D15A03236823,300.0,LMO,LMO,True,True,100.0,0.21807822950998457,2.3267504105692183
LMO_10Ah,LMO_10Ah,74.34220101829476,71.98933582050432,89.38799760413491,88.58310959639432,PIP15512A50200153,300.0,LMO,LMO,True,True,100.0,2.352865197790436,0.8048880077405869
LMO_10Ah,LMO_10Ah,25.66410166621489,25.77177408815935,61.937998617589926,61.49614185208926,PIP15829A00217327,300.0,LMO,LMO,True,True,100.0,0.1076724219444607,0.4418567655006669
LMO_10Ah,LMO_10Ah,85.0000026247998,80.7547143275793,92.3849959512275,91.43325313356485,PIP15D26A03256484,300.0,LMO,LMO,True,True,100.0,4.245288297220512,0.9517428176626481
LMO_10Ah,LMO_10Ah,85.0000026247998,77.41680955677595,91.84699851382803,92.76976417301097,PIP15D28A03264309,300.0,LMO,LMO,True,True,100.0,7.58319306802386,0.922765659182943
LMO_10Ah,LMO_10Ah,43.991100770491734,44.338201505100805,89.75499502379529,90.62657634597353,PIP15N08A03232188,300.0,LMO,LMO,True,True,100.0,0.34710073460907154,0.871581322178244
LMO_10Ah,LMO_10Ah,56.435900402749404,56.603789952790805,88.25699956711344,88.84667209391789,PIP15N14A03236503,300.0,LMO,LMO,True,True,100.0,0.1678895500414015,0.5896725268044491
LMO_10Ah,LMO_10Ah,55.74399834520065,55.67108039983544,92.64899734329462,90.61544208468601,PIP16N1700C039158,300.0,LMO,LMO,True,True,100.0,0.07291794536521223,2.033555258608615
LMO_10Ah,LMO_10Ah,52.8222970349807,51.759363979728064,89.88499887613833,90.18603752892925,PIP15N12A03225967,300.0,LMO,LMO,True,True,100.0,1.0629330552526355,0.3010386527909219
NMC_15Ah,NMC_15Ah,5.0000046163318155,4.93138969459253,76.45000053354094,77.8466116668719,PJP17601529001A009420,300.0,NMC,NMC,True,True,100.0,0.06861492173928507,1.3966111333309499
NMC_15Ah,NMC_15Ah,35.356602693103284,35.53361328698187,75.6493310359627,77.07094903966915,PJP17601527001A008674,300.0,NMC,NMC,True,True,100.0,0.17701059387858464,1.4216180037064419
NMC_15Ah,NMC_15Ah,19.951500882936887,20.131376290402432,77.35932868370213,78.19429962385527,PJP17601529001A010983,300.0,NMC,NMC,True,True,100.0,0.17987540746554487,0.8349709401531413
NMC_15Ah,NMC_15Ah,69.99999653173852,69.94926754420763,77.14800032857558,78.76340102427325,PJP17601527001A011451,300.0,NMC,NMC,True,True,100.0,0.0507289875308885,1.615400695697673
NMC_15Ah,NMC_15Ah,50.95099774912738,51.86098643534767,76.80933310901158,77.76550344929572,PJP17601529001A010816,300.0,NMC,NMC,True,True,100.0,0.909988686220288,0.9561703402841459
NMC_15Ah,NMC_15Ah,64.9999971536303,66.3028264289409,75.51599563253126,77.11020606962612,PJP17601527001A007049,300.0,NMC,NMC,True,True,100.0,1.3028292753106,1.5942104370948584
NMC_15Ah,NMC_15Ah,41.95410025556707,41.913128679192894,77.15599971918252,77.87029679431369,PJP17601529001A003328,300.0,NMC,NMC,True,True,100.0,0.04097157637417581,0.7142970751311708
NMC_15Ah,NMC_15Ah,46.82410030246086,47.31465826037831,76.45666426813065,77.6674358153304,PJP17601529003A008872,300.0,NMC,NMC,True,True,100.0,0.4905579579174457,1.210771547199755
NMC_15Ah,NMC_15Ah,23.604701618548173,25.194415495212997,76.25332897948218,80.55493440070043,PJP17601527003A009249,300.0,NMC,NMC,True,True,100.0,1.589713876664824,4.301605421218255
NMC_15Ah,NMC_15Ah,64.9999971536303,66.76673323066468,75.41066220690784,76.92249517376246,PJP17601527001A008438,300.0,NMC,NMC,True,True,100.0,1.7667360770343805,1.5118329668546124
NMC_15Ah,NMC_15Ah,15.250300334977023,14.951279986658045,76.00799641583761,77.7118451130773,PJP17530529002A009949,300.0,NMC,NMC,True,True,100.0,0.2990203483189777,1.7038486972396925
NMC_15Ah,NMC_15Ah,27.26530265280591,24.71785430218484,76.32466388830355,76.6666462162209,PJP17601529001A010435,300.0,NMC,NMC,True,True,100.0,2.547448350621071,0.34198232791734995
NMC_15Ah,NMC_15Ah,47.527301113167965,45.978586668455655,80.00799780714402,79.84806564733931,PJP17930O01003A016716,300.0,NMC,NMC,True,True,100.0,1.54871444471231,0.1599321598047112
NMC_15Ah,NMC_15Ah,41.72750142641355,42.5111486499541,75.98000012974555,77.00618173867868,PJP17601529003A008762,300.0,NMC,NMC,True,True,100.0,0.783647223540548,1.026181608933129
NMC_15Ah,NMC_15Ah,29.79689918966566,30.249048947644546,75.26066715079567,76.487858666192,PJP17601529003A008717,300.0,NMC,NMC,True,True,100.0,0.4521497579788871,1.2271915153963278
NMC_21Ah,NMC_21Ah,48.708301363683375,57.08981275726279,77.00523564899981,81.43445724770645,02LCC02100101A8BC0104122,300.0,NMC,NMC,True,True,100.0,8.381511393579416,4.429221598706633
NMC_21Ah,NMC_21Ah,41.72750142641355,41.55736088035082,99.73428381794949,99.83246085934424,02LCC02100101A87Y0163477,300.0,NMC,NMC,True,True,100.0,0.17014054606273277,0.0981770413947487
NMC_21Ah,NMC_21Ah,41.64969946964553,41.646481818732894,100.02142962444005,100.1461047657977,02LCC02100101A87Y0013547,300.0,NMC,NMC,True,True,100.0,0.003217650912638703,0.12467514135765612
NMC_21Ah,NMC_21Ah,69.99999653173852,68.67766835158784,101.11618692476883,100.35662489725475,02LCC02100101A87Y0027455,300.0,NMC,NMC,True,True,100.0,1.3223281801506772,0.7595620275140789
NMC_21Ah,NMC_21Ah,69.99999653173852,69.57401576315674,100.6080937631413,99.94499493809838,02LCC02100101A87Y0010456,300.0,NMC,NMC,True,True,100.0,0.42598076858178047,0.6630988250429226
NMC_21Ah,NMC_21Ah,69.99999653173852,71.34411838580228,98.91618565361999,99.32347473072038,02LCC02100101A87Y0184257,300.0,NMC,NMC,True,True,100.0,1.3441218540637578,0.407289077100387
NMC_21Ah,NMC_21Ah,55.92349703913051,49.53389295334892,100.59999887818844,101.18648847093293,02LCC02100101A87Y0173907,300.0,NMC,NMC,True,True,100.0,6.389604085781592,0.5864895927444849
NMC_21Ah,NMC_21Ah,46.949499483880345,44.83322763043007,99.18856714885197,100.26627080327147,02LCC02100101A87Y0085499,300.0,NMC,NMC,True,True,100.0,2.1162718534502716,1.0777036544194942
NMC_21Ah,NMC_21Ah,56.198899836382985,55.519893585150925,99.26904548319277,100.59705942308995,02LCC02100101A87Y0055909,300.0,NMC,NMC,True,True,100.0,0.6790062512320603,1.3280139398971755
NMC_21Ah,NMC_21Ah,20.500100580928294,21.798740907838557,83.75523416282624,85.48899373664742,02LCC02100101A87B0101984,300.0,NMC,NMC,True,True,100.0,1.298640326910263,1.7337595738211746
LMO_24Ah,LMO_24Ah,41.643902856437975,43.94060092825413,76.34124575419918,77.70830992503929,A170530525010800528,300.0,LMO,LMO,True,True,100.0,2.2966980718161523,1.3670641708401092
LMO_24Ah,LMO_24Ah,74.99999856275895,9.073689286398533,79.57207939865172,92.10853412804896,A170530525010800027,300.0,LMO,LMO,True,True,100.0,65.92630927636041,12.536454729397235
LMO_24Ah,LMO_24Ah,60.85579940312864,60.6531089505441,79.88583239632818,80.25834192671117,A170528511010802426,300.0,LMO,LMO,True,True,100.0,0.202690452584541,0.3725095303829846
LMO_24Ah,LMO_24Ah,46.791699622251606,48.27425043611881,74.20832957727146,74.1616277828094,A170526507010800030,300.0,LMO,LMO,True,True,100.0,1.4825508138672063,0.04670179446205225
LMO_24Ah,LMO_24Ah,65.67439927569912,64.52642048685317,81.9745813315415,81.22894234804312,A170530525010800523,300.0,LMO,LMO,True,True,100.0,1.147978788845947,0.745638983498381
LMO_24Ah,LMO_24Ah,37.1305022963682,54.07099628929036,78.98291722904705,80.59094557151516,A170528511010800172,300.0,LMO,LMO,True,True,100.0,16.940493992922164,1.608028342468117
LMO_24Ah,LMO_24Ah,38.26200102867698,49.020883399287044,79.26375060630659,80.65884015423156,A170530525010800543,300.0,LMO,LMO,True,True,100.0,10.758882370610067,1.395089547924968
LMO_24Ah,LMO_24Ah,44.114199213785696,42.457886297057144,78.65249920318031,78.58343212697153,A170527511010800648,300.0,LMO,LMO,True,True,100.0,1.6563129167285524,0.06906707620878194
LMO_24Ah,LMO_24Ah,23.095200540901402,24.784759421996313,79.1762448999661,81.7585914610253,A170530525010800530,300.0,LMO,LMO,True,True,100.0,1.6895588810949107,2.582346561059211
LMO_24Ah,LMO_24Ah,21.101602001561332,19.929747002707142,80.67708368498764,79.4726049622194,A170526511010800410,300.0,LMO,LMO,True,True,100.0,1.1718549988541902,1.2044787227682292
LMO_24Ah,LMO_24Ah,69.99999653173852,75.07833640779604,75.8099955298905,75.60191208528686,A170523507010800997,300.0,LMO,LMO,True,True,100.0,5.078339876057527,0.2080834446036448
LMO_24Ah,LMO_24Ah,74.99999856275895,71.88872147152954,81.11541632967582,82.2751644889506,A170525507010800584,300.0,LMO,LMO,True,True,100.0,3.111277091229411,1.1597481592747698
LMO_24Ah,LMO_24Ah,49.40099995812712,70.3943121400249,79.19208209968735,80.5882246150691,A170530525010800427,300.0,LMO,LMO,True,True,100.0,20.99331218189777,1.3961425153817402
LMO_24Ah,LMO_24Ah,69.99999653173852,74.9988020993463,73.4933305238358,77.62605261324754,A170528511010800479,300.0,LMO,LMO,True,True,100.0,4.998805567607789,4.132722089411743
LMO_24Ah,LMO_24Ah,57.006596206647345,63.87629781745054,72.01916470094038,77.48867039975255,A170530525010800449,300.0,LMO,LMO,True,True,100.0,6.869701610803197,5.469505698812171
LMO_24Ah,LMO_24Ah,31.863299609461187,28.01705838947702,75.95833366423889,77.81577015520148,A170529511010800365,300.0,LMO,LMO,True,True,100.0,3.846241219984165,1.8574364909625842
LMO_25Ah,LMO_25Ah,38.062501366268805,27.231775148129866,92.11839660702083,91.21003225409933,515092905216,300.0,LMO,LMO,True,True,100.0,10.830726218138938,0.9083643529214953
LMO_25Ah,LMO_25Ah,22.88470256764415,22.003370639258222,87.47679874503397,85.73790710110947,515093005020,300.0,LMO,LMO,True,True,100.0,0.8813319283859293,1.7388916439245037
LMO_25Ah,LMO_25Ah,41.55420093027903,40.7036562555014,83.84559477856742,79.38475522326843,515093000439,300.0,LMO,LMO,True,True,100.0,0.8505446747776304,4.460839555298989
LMO_25Ah,LMO_25Ah,50.48199868239127,39.91081200705953,91.85159425827743,92.56614429856337,515092905212,300.0,LMO,LMO,True,True,100.0,10.571186675331738,0.7145500402859426
LMO_25Ah,LMO_25Ah,65.67439927569912,65.65388961130202,84.35679992543416,82.57430621928712,515093004482,300.0,LMO,LMO,True,True,100.0,0.020509664397096117,1.7824937061470365
LMO_25Ah,LMO_25Ah,6.929202384999056,10.148025884842331,52.694398896880614,54.47750726882795,515093001608,300.0,LMO,LMO,True,True,100.0,3.2188234998432756,1.7831083719473355
LMO_25Ah,LMO_25Ah,47.2815008369574,51.643173056635106,88.47479497642186,90.80406555234555,515093003101,300.0,LMO,LMO,True,True,100.0,4.361672219677708,2.3292705759236867
LMO_25Ah,LMO_25Ah,24.077000908089857,24.900722194638085,92.00799692176012,93.19985046985987,515093004064,300.0,LMO,LMO,True,True,100.0,0.8237212865482277,1.1918535480997434
LMO_25Ah,LMO_25Ah,29.79689918966566,28.718054630126698,70.58879600011731,66.27819893247252,515093000629,300.0,LMO,LMO,True,True,100.0,1.078844559538961,4.3105970676447924
LMO_25Ah,LMO_25Ah,74.99999856275895,70.47515964002507,81.8831956140364,85.09092207737422,515091901822,300.0,LMO,LMO,True,True,100.0,4.524838922733878,3.2077264633378206
LMO_25Ah,LMO_25Ah,8.617300837915131,5.0818575700645745,88.61359632443516,80.75286603743642,515100102065,300.0,LMO,LMO,True,True,100.0,3.5354432678505567,7.860730286998745
LMO_25Ah,LMO_25Ah,70.00830014699694,67.7227101502731,88.87799645282749,88.37242978068332,515093002646,300.0,LMO,LMO,True,True,100.0,2.285589996723843,0.5055666721441696
LMO_25Ah,LMO_25Ah,74.99999856275895,70.4325936634048,79.54360026532048,84.97193896820548,515100101320,300.0,LMO,LMO,True,True,100.0,4.567404899354145,5.428338702885
LMO_25Ah,LMO_25Ah,21.692401574286222,20.545864643233568,83.6023959760034,87.63311951104781,515093000663,300.0,LMO,LMO,True,True,100.0,1.1465369310526548,4.030723535044416
LMO_25Ah,LMO_25Ah,55.00000105032612,57.42145994655805,60.88039936884637,71.2188031884381,515092901155,300.0,LMO,LMO,True,True,100.0,2.4214588962319326,10.338403819591733
LMO_26Ah,LMO_26Ah,8.376103364411708,9.616817352929719,83.8830741947137,89.29404318358627,H27734091053,300.0,LMO,LMO,True,True,100.0,1.24071398851801,5.410968988872568
LMO_26Ah,LMO_26Ah,49.40099995812712,58.92950789980185,80.00807527772267,94.17893249662507,H27733591038,300.0,LMO,LMO,True,True,100.0,9.528507941674725,14.170857218902398
LMO_26Ah,LMO_26Ah,44.48969970535751,51.24094646409932,79.2303838699786,80.02101318056374,H27734091304,300.0,LMO,LMO,True,True,100.0,6.751246758741814,0.7906293105851461
LMO_26Ah,LMO_26Ah,72.82489440139221,70.28162438752258,98.36614833967889,95.18158265444796,H27735490851,300.0,LMO,LMO,True,True,100.0,2.5432700138696305,3.184565685230922
LMO_26Ah,LMO_26Ah,70.00830014699694,76.37909110574815,88.77884423076107,93.52423717402382,H27733490499,300.0,LMO,LMO,True,True,100.0,6.370790958751201,4.7453929432627575
LMO_26Ah,LMO_26Ah,53.6027015707495,62.066494363385715,95.02961257288986,100.30494538095955,H27735376790,300.0,LMO,LMO,True,True,100.0,8.463792792636212,5.275332808069692
LMO_26Ah,LMO_26Ah,43.01369793692715,42.53228075388155,92.50730523597511,95.55976303118815,H27735376805,300.0,LMO,LMO,True,True,100.0,0.48141718304560044,3.0524577952130443
LMO_26Ah,LMO_26Ah,59.726499769245834,63.596073352232516,81.98538167882471,95.47457954496852,H27735290390,300.0,LMO,LMO,True,True,100.0,3.869573582986682,13.489197866143812
LMO_26Ah,LMO_26Ah,79.99999794086715,81.3570845769654,85.24307318712121,89.33007712126494,H27733690634,300.0,LMO,LMO,True,True,100.0,1.3570866360982592,4.087003934143723
LMO_26Ah,LMO_26Ah,41.55420093027903,43.294802174161184,84.84115317685355,89.3088081272577,H27733690394,300.0,LMO,LMO,True,True,100.0,1.7406012438821534,4.467654950404153
LMO_26Ah,LMO_26Ah,60.85579940312864,65.14830821146494,81.40538080040349,87.96682134082998,H27734091346,300.0,LMO,LMO,True,True,100.0,4.292508808336294,6.561440540426489
LMO_26Ah,LMO_26Ah,89.99999404417134,80.684494393945,99.84076697020134,99.07502373913029,H27734492478,300.0,LMO,LMO,True,True,100.0,9.315499650226343,0.7657432310710561
LMO_26Ah,LMO_26Ah,46.428099431684736,44.24097061405259,98.93807346363708,100.93292378873902,H27735391963,300.0,LMO,LMO,True,True,100.0,2.187128817632143,1.994850325101936
LMO_26Ah,LMO_26Ah,89.99999404417134,84.72929415572618,99.155379385371,99.16782400616026,H27734490172,300.0,LMO,LMO,True,True,100.0,5.270699888445165,0.012444620789253236
LMO_26Ah,LMO_26Ah,9.099602932994166,9.661895637425305,100.23307292118429,98.65377351513776,H27735076555,300.0,LMO,LMO,True,True,100.0,0.5622927044311385,1.5792994060465304
LFP_35Ah,LFP_35Ah,54.56280111595269,51.10454233955021,86.32713851992527,91.40825511696977,18号,300.0,LFP,LFP,True,True,100.0,3.458258776402481,5.081116597044499
LFP_35Ah,LFP_35Ah,52.87640052685941,62.87672028545484,81.82657110327499,81.41076516372291,24号,300.0,LFP,LFP,True,True,100.0,10.000319758595424,0.41580593955207235
LFP_35Ah,LFP_35Ah,25.55260241838855,28.348755984104525,84.09142816381119,90.70390969102753,33号,300.0,LFP,LFP,True,True,100.0,2.7961535657159757,6.612481527216346
LFP_35Ah,LFP_35Ah,38.830501216096245,47.975716897192775,88.2471408826189,92.74872253143663,35号,300.0,LFP,LFP,True,True,100.0,9.14521568109653,4.501581648817734
LFP_35Ah,LFP_35Ah,14.461799111103197,17.080905273783493,87.12485117105062,87.48999783439736,38号,300.0,LFP,LFP,True,True,100.0,2.6191061626802963,0.36514666334673507
LFP_35Ah,LFP_35Ah,5.0000046163318155,5.117674537989181,85.52485415604023,84.88265230812377,42号,300.0,LFP,LFP,True,True,100.0,0.11766992165736578,0.6422018479164677
LFP_35Ah,LFP_35Ah,38.75429971153034,46.616990761340624,90.39142373257008,92.8020924873786,44号,300.0,LFP,LFP,True,True,100.0,7.862691049810287,2.410668754808526
LFP_35Ah,LFP_35Ah,34.639400806524534,33.52998441814014,88.95542276257589,88.03571134143043,46号,300.0,LFP,LFP,True,True,100.0,1.1094163883843962,0.9197114211454647
LFP_35Ah,LFP_35Ah,39.11150132652551,40.78082669480506,79.61485770356319,89.65975806991192,7号,300.0,LFP,LFP,True,True,100.0,1.6693253682795444,10.044900366348728
LFP_68Ah,LFP_68Ah,59.840695702347006,35.65425513355721,84.28293786507221,84.70029755415443,02HCB68111211Y88D0001154,300.0,LFP,LFP,True,True,100.0,24.1864405687898,0.4173596890822182
LFP_68Ah,LFP_68Ah,49.40099995812712,56.87828943343129,83.80235165018405,84.76840956832652,02HCB68111211Y87Y0009119,300.0,LFP,LFP,True,True,100.0,7.477289475304168,0.966057918142468
LFP_68Ah,LFP_68Ah,16.03880155885085,18.630582725632806,82.6247011469057,83.91750713964326,02HCB68111211Y87Y0008126,300.0,LFP,LFP,True,True,100.0,2.5917811667819564,1.2928059927375557
LFP_68Ah,LFP_68Ah,27.90890181105184,29.608982142023727,81.53514623308816,83.75929279110562,02HCB68111211Y87Y0015279,300.0,LFP,LFP,True,True,100.0,1.7000803309718862,2.224146558017466
LFP_68Ah,LFP_68Ah,69.99999653173852,73.05448538391938,75.09117543779192,84.25970983874811,02HCB68111211Y86L0002535,300.0,LFP,LFP,True,True,100.0,3.0544888521808673,9.16853440095619
LFP_68Ah,LFP_68Ah,8.13500139574832,12.294446759252475,78.54779186631498,81.42364646561062,02HCB68111211Y87Y0014641,300.0,LFP,LFP,True,True,100.0,4.159445363504155,2.8758545992956357
LFP_68Ah,LFP_68Ah,31.863299609461187,27.45334239763817,76.97308504265344,83.85359964349841,02HCB68111211Y86X0004792,300.0,LFP,LFP,True,True,100.0,4.409957211823016,6.880514600844975
LFP_68Ah,LFP_68Ah,44.46269869636442,49.58138406151146,85.23190928147962,84.21035224365987,02HCB68111211Y88G0002069,300.0,LFP,LFP,True,True,100.0,5.118685365147037,1.021557037819747
LFP_68Ah,LFP_68Ah,44.38000045847457,49.60851340513334,82.54852638226058,84.17600684591898,02HCB68111211Y88E0004343,300.0,LFP,LFP,True,True,100.0,5.228512946658768,1.6274804636584008
LFP_68Ah,LFP_68Ah,34.24330144638213,29.339183621842636,68.25176350462574,82.78273195736583,02HCB68111211Y86R0006266,300.0,LFP,LFP,True,True,100.0,4.90411782453949,14.530968452740083
LFP_68Ah,LFP_68Ah,65.67439927569912,62.01755874451768,85.60896823206804,85.25797702447295,02HCB68111211Y88D0003027,300.0,LFP,LFP,True,True,100.0,3.6568405311814374,0.3509912075950865
LFP_68Ah,LFP_68Ah,52.43750140220706,59.430146924167225,83.1083807995489,84.88776837027591,02HCB68111211Y88E0004542,300.0,LFP,LFP,True,True,100.0,6.9926455219601635,1.7793875707270104
LFP_68Ah,LFP_68Ah,39.5792994530596,38.38671791423407,81.17617128710508,83.95691543485763,02HCB68111211Y87Y0012947,300.0,LFP,LFP,True,True,100.0,1.1925815388255288,2.780744147752557
LFP_68Ah,LFP_68Ah,44.48969970535751,55.404706789334426,80.56190991484341,83.92231922858872,02HCB68111211Y88E0004475,300.0,LFP,LFP,True,True,100.0,10.915007083976917,3.3604093137453077
LFP_68Ah,LFP_68Ah,62.82330124492969,64.53488062393276,83.82176486810033,85.04639633660453,02HCB68111211Y87Y0003936,300.0,LFP,LFP,True,True,100.0,1.7115793790030764,1.2246314685041995
LFP_68Ah,LFP_68Ah,50.564998357432486,35.986258144704394,86.852201848961,84.75350237128131,02HCB68111211Y88F0000101,300.0,LFP,LFP,True,True,100.0,14.578740212728093,2.0986994776796877
LFP_68Ah,LFP_68Ah,64.9999971536303,73.60344189860481,70.91867773985592,82.1442852190688,02HCB68111211Y86P0008027,300.0,LFP,LFP,True,True,100.0,8.60344474497451,11.225607479212883
LFP_68Ah,LFP_68Ah,43.57689926379472,51.13164117468152,71.51896784661925,83.49683393312137,02HCB68111211Y86M0004689,300.0,LFP,LFP,True,True,100.0,7.554741910886797,11.977866086502118
LFP_68Ah,LFP_68Ah,41.643902856437975,31.808141584973782,77.89132389039165,84.13150319019307,02HCB68111211Y86H0009376,300.0,LFP,LFP,True,True,100.0,9.835761271464193,6.240179299801426
LFP_68Ah,LFP_68Ah,57.006596206647345,60.26526246871384,71.28293997378027,84.51155282132383,02HCB68111211Y86P0006552,300.0,LFP,LFP,True,True,100.0,3.258666262066498,13.228612847543559
LFP_68Ah,LFP_68Ah,24.41099990407093,24.413216412233364,80.76352851871029,84.33290208987043,02HCB68111211Y87Y0008148,300.0,LFP,LFP,True,True,100.0,0.0022165081624336835,3.569373571160142
LFP_68Ah,LFP_68Ah,38.26200102867698,24.223160454111518,83.86073436758568,83.77262476622687,02HCB68111211Y87Y0007299,300.0,LFP,LFP,True,True,100.0,14.038840574565459,0.08810960135880919
LMO_10Ah,LMO_10Ah,52.672695335349516,51.11091529793824,64.66599634874413,62.461016723349296,PIP15829A00218444,500.0,LMO,LMO,True,True,100.0,1.5617800374112747,2.2049796253948344
LMO_10Ah,LMO_10Ah,18.115401762916292,19.661412890073223,65.90499817480412,66.76043526080448,PIP15829A00217239,500.0,LMO,LMO,True,True,100.0,1.5460111271569303,0.8554370860003644
LMO_10Ah,LMO_10Ah,35.37670148771982,31.867485241721248,57.502001663419044,57.64471954444117,PIP15828A00225770,500.0,LMO,LMO,True,True,100.0,3.509216245998573,0.14271788102212923
LMO_10Ah,LMO_10Ah,65.67439927569912,73.16398698884171,80.47299740603592,79.23673708984083,PIP15710A00246135,500.0,LMO,LMO,True,True,100.0,7.489587713142598,1.2362603161950858
LMO_10Ah,LMO_10Ah,24.387700702471207,24.499369736679828,88.19599417418095,89.63912054017233,PIP15N21A50200566,500.0,LMO,LMO,True,True,100.0,0.11166903420862084,1.4431263659913753
LMO_10Ah,LMO_10Ah,37.94840027477962,38.15436375781947,89.06699683856765,87.92635576984608,PIP15D19A03261038,500.0,LMO,LMO,True,True,100.0,0.20596348303984513,1.140641068721564
LMO_10Ah,LMO_10Ah,30.690801942620944,30.98199222051332,87.89499662822769,88.6491107349272,PIP15D25A03226076,500.0,LMO,LMO,True,True,100.0,0.29119027789237606,0.7541141066995181
LMO_10Ah,LMO_10Ah,50.564998357432486,51.69932459675009,86.37399968243484,89.60125924545683,PIP15D01A03250557,500.0,LMO,LMO,True,True,100.0,1.134326239317602,3.2272595630219882
LMO_10Ah,LMO_10Ah,55.43259950844851,56.06986616521781,83.32999677321057,82.98108209332976,PIP15D01A03229494,500.0,LMO,LMO,True,True,100.0,0.6372666567692988,0.3489146798808065
LMO_10Ah,LMO_10Ah,47.63939991915674,47.47412348765513,88.51599952186417,88.80279528782181,PIP15D01A03214955,500.0,LMO,LMO,True,True,100.0,0.16527643150160998,0.2867957659576348
LMO_10Ah,LMO_10Ah,49.833402100745005,51.22504623468994,87.67699884679544,88.44349939229862,PIP15D01A03224640,500.0,LMO,LMO,True,True,100.0,1.3916441339449364,0.7665005455031775
LMO_10Ah,LMO_10Ah,64.84549419866687,64.4661065274601,87.65499878349092,87.57406353083933,PIP15N15A03208989,500.0,LMO,LMO,True,True,100.0,0.3793876712067714,0.0809352526515994
LMO_10Ah,LMO_10Ah,63.63550358660503,64.38170943090536,89.95499876135536,91.34568861282587,PIP15D25A03236724,500.0,LMO,LMO,True,True,100.0,0.7462058443003272,1.390689851470512
LMO_10Ah,LMO_10Ah,53.381097180470086,52.822340808032386,87.00699502164643,88.01752156576974,PIP15N15A03208683,500.0,LMO,LMO,True,True,100.0,0.5587563724376992,1.0105265441233087
LMO_10Ah,LMO_10Ah,24.077000908089857,24.80666849759111,90.00099541544847,89.53494759219646,PIP15N30A03228344,500.0,LMO,LMO,True,True,100.0,0.7296675895012541,0.466047823252012
LMO_10Ah,LMO_10Ah,16.92310209601447,17.44017060577775,69.437998064225,74.79075907928176,PIP15829A00218512,500.0,LMO,LMO,True,True,100.0,0.5170685097632806,5.352761015056757
LMO_10Ah,LMO_10Ah,25.680200864041012,24.927434367812882,89.01899701665513,89.06747272926506,PIP15N15A03208672,500.0,LMO,LMO,True,True,100.0,0.75276649622813,0.04847571260992822
LMO_10Ah,LMO_10Ah,40.14490277950498,39.65492274711612,90.61599607837498,88.31857982336015,PIP15D15A03236823,500.0,LMO,LMO,True,True,100.0,0.4899800323888641,2.2974162550148236
LMO_10Ah,LMO_10Ah,74.34220101829476,71.15139492444007,89.38799760413491,88.85202989589607,PIP15512A50200153,500.0,LMO,LMO,True,True,100.0,3.1908060938546896,0.535967708238843
LMO_10Ah,LMO_10Ah,25.66410166621489,24.37845265046134,61.937998617589926,61.872005068011696,PIP15829A00217327,500.0,LMO,LMO,True,True,100.0,1.285649015753549,0.06599354957823067
LMO_10Ah,LMO_10Ah,85.0000026247998,79.96952128524772,92.3849959512275,91.59097248067815,PIP15D26A03256484,500.0,LMO,LMO,True,True,100.0,5.030481339552082,0.7940234705493481
LMO_10Ah,LMO_10Ah,85.0000026247998,76.92908490911282,91.84699851382803,92.7622017797089,PIP15D28A03264309,500.0,LMO,LMO,True,True,100.0,8.070917715686988,0.9152032658808764
LMO_10Ah,LMO_10Ah,43.991100770491734,44.69225883878701,89.75499502379529,91.03613009362206,PIP15N08A03232188,500.0,LMO,LMO,True,True,100.0,0.7011580682952783,1.2811350698267745
LMO_10Ah,LMO_10Ah,56.435900402749404,56.86739127001864,88.25699956711344,88.6725821068132,PIP15N14A03236503,500.0,LMO,LMO,True,True,100.0,0.4314908672692397,0.41558253969975567
LMO_10Ah,LMO_10Ah,55.74399834520065,55.99317577867129,92.64899734329462,90.03494650128398,PIP16N1700C039158,500.0,LMO,LMO,True,True,100.0,0.24917743347063492,2.6140508420106414
LMO_10Ah,LMO_10Ah,52.8222970349807,52.10309783711195,89.88499887613833,89.83909708397825,PIP15N12A03225967,500.0,LMO,LMO,True,True,100.0,0.7191991978687469,0.04590179216008039
NMC_15Ah,NMC_15Ah,5.0000046163318155,4.965787354477763,76.45000053354094,77.79378811566424,PJP17601529001A009420,500.0,NMC,NMC,True,True,100.0,0.03421726185405216,1.3437875821232979
NMC_15Ah,NMC_15Ah,35.356602693103284,35.44986648553582,75.6493310359627,77.06037825826391,PJP17601527001A008674,500.0,NMC,NMC,True,True,100.0,0.09326379243253768,1.4110472223012067
NMC_15Ah,NMC_15Ah,19.951500882936887,19.924890846882683,77.35932868370213,78.1104157461183,PJP17601529001A010983,500.0,NMC,NMC,True,True,100.0,0.026610036054204755,0.7510870624161754
NMC_15Ah,NMC_15Ah,69.99999653173852,70.50079473083728,77.14800032857558,78.68923543536994,PJP17601527001A011451,500.0,NMC,NMC,True,True,100.0,0.5007981990987673,1.5412351067943604
NMC_15Ah,NMC_15Ah,50.95099774912738,51.757857125585325,76.80933310901158,77.65740448211773,PJP17601529001A010816,500.0,NMC,NMC,True,True,100.0,0.8068593764579433,0.8480713731061513
NMC_15Ah,NMC_15Ah,64.9999971536303,66.75560691680084,75.51599563253126,77.03525565633011,PJP17601527001A007049,500.0,NMC,NMC,True,True,100.0,1.7556097631705398,1.51926002379885
NMC_15Ah,NMC_15Ah,41.95410025556707,41.94074317413759,77.15599971918252,78.0551428597995,PJP17601529001A003328,500.0,NMC,NMC,True,True,100.0,0.013357081429482776,0.8991431406169852
NMC_15Ah,NMC_15Ah,46.82410030246086,47.34145532674424,76.45666426813065,77.63065151976139,PJP17601529003A008872,500.0,NMC,NMC,True,True,100.0,0.5173550242833755,1.1739872516307344
NMC_15Ah,NMC_15Ah,23.604701618548173,25.01104354943735,76.25332897948218,80.57585208934894,PJP17601527003A009249,500.0,NMC,NMC,True,True,100.0,1.4063419308891767,4.322523109866765
NMC_15Ah,NMC_15Ah,64.9999971536303,66.76420235240381,75.41066220690784,76.69340170822879,PJP17601527001A008438,500.0,NMC,NMC,True,True,100.0,1.7642051987735101,1.2827395013209468
NMC_15Ah,NMC_15Ah,15.250300334977023,15.162730355403403,76.00799641583761,77.75041091574883,PJP17530529002A009949,500.0,NMC,NMC,True,True,100.0,0.08756997957362067,1.74241449991122
NMC_15Ah,NMC_15Ah,27.26530265280591,25.144743693203043,76.32466388830355,76.76497756636009,PJP17601529001A010435,500.0,NMC,NMC,True,True,100.0,2.1205589596028673,0.4403136780565404
NMC_15Ah,NMC_15Ah,47.527301113167965,48.19255533066333,80.00799780714402,80.52551550181919,PJP17930O01003A016716,500.0,NMC,NMC,True,True,100.0,0.6652542174953666,0.5175176946751634
NMC_15Ah,NMC_15Ah,41.72750142641355,42.93360419561237,75.98000012974555,77.15072792535697,PJP17601529003A008762,500.0,NMC,NMC,True,True,100.0,1.2061027691988144,1.1707277956114268
NMC_15Ah,NMC_15Ah,29.79689918966566,30.1110656770946,75.26066715079567,76.42015507216746,PJP17601529003A008717,500.0,NMC,NMC,True,True,100.0,0.3141664874289418,1.1594879213717917
NMC_21Ah,NMC_21Ah,48.708301363683375,56.743873003365366,77.00523564899981,80.91367630253465,02LCC02100101A8BC0104122,500.0,NMC,NMC,True,True,100.0,8.03557163968199,3.9084406535348393
NMC_21Ah,NMC_21Ah,41.72750142641355,41.92025639110841,99.73428381794949,99.73267875404242,02LCC02100101A87Y0163477,500.0,NMC,NMC,True,True,100.0,0.1927549646948563,0.0016050639070641637
NMC_21Ah,NMC_21Ah,41.64969946964553,41.98185286775437,100.02142962444005,100.22234719862173,02LCC02100101A87Y0013547,500.0,NMC,NMC,True,True,100.0,0.3321533981088365,0.20091757418168754
NMC_21Ah,NMC_21Ah,69.99999653173852,69.48236825749615,101.11618692476883,100.25306475736633,02LCC02100101A87Y0027455,500.0,NMC,NMC,True,True,100.0,0.5176282742423695,0.8631221674024943
NMC_21Ah,NMC_21Ah,69.99999653173852,71.15480126373458,100.6080937631413,99.50755241454856,02LCC02100101A87Y0010456,500.0,NMC,NMC,True,True,100.0,1.154804731996066,1.100541348592742
NMC_21Ah,NMC_21Ah,69.99999653173852,71.27914591254536,98.91618565361999,99.60795175482804,02LCC02100101A87Y0184257,500.0,NMC,NMC,True,True,100.0,1.2791493808068424,0.6917661012080458
NMC_21Ah,NMC_21Ah,55.92349703913051,48.581399307489484,100.59999887818844,101.18706649631157,02LCC02100101A87Y0173907,500.0,NMC,NMC,True,True,100.0,7.342097731641026,0.5870676181231289
NMC_21Ah,NMC_21Ah,46.949499483880345,46.74746297415881,99.18856714885197,100.44791243265914,02LCC02100101A87Y0085499,500.0,NMC,NMC,True,True,100.0,0.20203650972153753,1.2593452838071642
NMC_21Ah,NMC_21Ah,56.198899836382985,55.70260097641467,99.26904548319277,100.54793611968378,02LCC02100101A87Y0055909,500.0,NMC,NMC,True,True,100.0,0.4962988599683129,1.2788906364910133
NMC_21Ah,NMC_21Ah,20.500100580928294,21.365013635565212,83.75523416282624,85.53930494861008,02LCC02100101A87B0101984,500.0,NMC,NMC,True,True,100.0,0.8649130546369186,1.7840707857838396
LMO_24Ah,LMO_24Ah,41.643902856437975,44.11704446214501,76.34124575419918,77.6720954334814,A170530525010800528,500.0,LMO,LMO,True,True,100.0,2.473141605707035,1.330849679282224
LMO_24Ah,LMO_24Ah,74.99999856275895,7.365221773433195,79.57207939865172,93.84553137917064,A170530525010800027,500.0,LMO,LMO,True,True,100.0,67.63477678932576,14.273451980518914
LMO_24Ah,LMO_24Ah,60.85579940312864,61.57885858828206,79.88583239632818,80.12762028574144,A170528511010802426,500.0,LMO,LMO,True,True,100.0,0.7230591851534172,0.2417878894132599
LMO_24Ah,LMO_24Ah,46.791699622251606,48.47469188236619,74.20832957727146,74.29505868058678,A170526507010800030,500.0,LMO,LMO,True,True,100.0,1.682992260114581,0.0867291033153208
LMO_24Ah,LMO_24Ah,65.67439927569912,64.03715449718841,81.9745813315415,81.4337600124986,A170530525010800523,500.0,LMO,LMO,True,True,100.0,1.6372447785107056,0.5408213190429052
LMO_24Ah,LMO_24Ah,37.1305022963682,51.541786710203375,78.98291722904705,80.58739552177431,A170528511010800172,500.0,LMO,LMO,True,True,100.0,14.411284413835176,1.604478292727265
LMO_24Ah,LMO_24Ah,38.26200102867698,50.685888914528746,79.26375060630659,80.52971756924647,A170530525010800543,500.0,LMO,LMO,True,True,100.0,12.42388788585177,1.2659669629398849
LMO_24Ah,LMO_24Ah,44.114199213785696,41.99356282230731,78.65249920318031,78.63504334267492,A170527511010800648,500.0,LMO,LMO,True,True,100.0,2.120636391478385,0.01745586050539316
LMO_24Ah,LMO_24Ah,23.095200540901402,24.84789210062648,79.1762448999661,81.43235668830248,A170530525010800530,500.0,LMO,LMO,True,True,100.0,1.7526915597250792,2.2561117883363835
LMO_24Ah,LMO_24Ah,21.101602001561332,19.923145230639857,80.67708368498764,79.7378718124733,A170526511010800410,500.0,LMO,LMO,True,True,100.0,1.1784567709214748,0.9392118725143348
LMO_24Ah,LMO_24Ah,69.99999653173852,75.102018955212,75.8099955298905,75.52462237672204,A170523507010800997,500.0,LMO,LMO,True,True,100.0,5.1020224234734854,0.28537315316846446
LMO_24Ah,LMO_24Ah,74.99999856275895,72.84858756045706,81.11541632967582,81.84385573799123,A170525507010800584,500.0,LMO,LMO,True,True,100.0,2.1514110023018844,0.7284394083154098
LMO_24Ah,LMO_24Ah,49.40099995812712,68.92356147972622,79.19208209968735,80.74722364965912,A170530525010800427,500.0,LMO,LMO,True,True,100.0,19.522561521599094,1.555141549971765
LMO_24Ah,LMO_24Ah,69.99999653173852,74.84425404487507,73.4933305238358,77.76403561898513,A170528511010800479,500.0,LMO,LMO,True,True,100.0,4.844257513136554,4.270705095149339
LMO_24Ah,LMO_24Ah,57.006596206647345,63.977302144522156,72.01916470094038,76.92097042629203,A170530525010800449,500.0,LMO,LMO,True,True,100.0,6.970705937874811,4.90180572535165
LMO_24Ah,LMO_24Ah,31.863299609461187,27.961292848090512,75.95833366423889,76.86453137060971,A170529511010800365,500.0,LMO,LMO,True,True,100.0,3.902006761370675,0.9061977063708184
LMO_25Ah,LMO_25Ah,38.062501366268805,28.653470808510473,92.11839660702083,92.21166485958715,515092905216,500.0,LMO,LMO,True,True,100.0,9.409030557758332,0.09326825256631821
LMO_25Ah,LMO_25Ah,22.88470256764415,23.676994803084845,87.47679874503397,88.00197622459581,515093005020,500.0,LMO,LMO,True,True,100.0,0.7922922354406943,0.5251774795618331
LMO_25Ah,LMO_25Ah,41.55420093027903,39.39187543257363,83.84559477856742,80.57276654687355,515093000439,500.0,LMO,LMO,True,True,100.0,2.162325497705403,3.2728282316938646
LMO_25Ah,LMO_25Ah,50.48199868239127,39.30818326453868,91.85159425827743,92.58440838273827,515092905212,500.0,LMO,LMO,True,True,100.0,11.173815417852595,0.7328141244608446
LMO_25Ah,LMO_25Ah,65.67439927569912,64.90511044214526,84.35679992543416,83.1972620829701,515093004482,500.0,LMO,LMO,True,True,100.0,0.7692888335538584,1.1595378424640614
LMO_25Ah,LMO_25Ah,6.929202384999056,9.98937908098635,52.694398896880614,53.52193645596061,515093001608,500.0,LMO,LMO,True,True,100.0,3.060176695987294,0.8275375590799996
LMO_25Ah,LMO_25Ah,47.2815008369574,51.15858348799167,88.47479497642186,91.03079063161759,515093003101,500.0,LMO,LMO,True,True,100.0,3.8770826510342715,2.55599565519573
LMO_25Ah,LMO_25Ah,24.077000908089857,24.805936293817528,92.00799692176012,92.61873259217708,515093004064,500.0,LMO,LMO,True,True,100.0,0.7289353857276701,0.6107356704169575
LMO_25Ah,LMO_25Ah,29.79689918966566,28.07210764456329,70.58879600011731,66.1619007322153,515093000629,500.0,LMO,LMO,True,True,100.0,1.72479154510237,4.426895267902012
LMO_25Ah,LMO_25Ah,74.99999856275895,70.83631649843443,81.8831956140364,85.00099003994136,515091901822,500.0,LMO,LMO,True,True,100.0,4.163682064324519,3.117794425904961
LMO_25Ah,LMO_25Ah,8.617300837915131,4.94587990115532,88.61359632443516,80.50332887671303,515100102065,500.0,LMO,LMO,True,True,100.0,3.6714209367598114,8.110267447722137
LMO_25Ah,LMO_25Ah,70.00830014699694,68.48473531015999,88.87799645282749,89.15511788264713,515093002646,500.0,LMO,LMO,True,True,100.0,1.5235648368369539,0.27712142981964405
LMO_25Ah,LMO_25Ah,74.99999856275895,69.96183173649642,79.54360026532048,85.98488852325352,515100101320,500.0,LMO,LMO,True,True,100.0,5.038166826262525,6.441288257933039
LMO_25Ah,LMO_25Ah,21.692401574286222,21.350729029699718,83.6023959760034,88.54987092367594,515093000663,500.0,LMO,LMO,True,True,100.0,0.34167254458650476,4.947474947672546
LMO_25Ah,LMO_25Ah,55.00000105032612,56.861978002627325,60.88039936884637,69.92549100847324,515092901155,500.0,LMO,LMO,True,True,100.0,1.8619769523012053,9.045091639626875
LMO_26Ah,LMO_26Ah,8.376103364411708,9.9723712607238,83.8830741947137,88.74718153095695,H27734091053,500.0,LMO,LMO,True,True,100.0,1.5962678963120922,4.864107336243251
LMO_26Ah,LMO_26Ah,49.40099995812712,58.21583869746224,80.00807527772267,92.95143489339146,H27733591038,500.0,LMO,LMO,True,True,100.0,8.814838739335116,12.943359615668797
LMO_26Ah,LMO_26Ah,44.48969970535751,50.15056239961776,79.2303838699786,81.10462610099881,H27734091304,500.0,LMO,LMO,True,True,100.0,5.660862694260253,1.8742422310202187
LMO_26Ah,LMO_26Ah,72.82489440139221,71.95220300811704,98.36614833967889,94.14339342203044,H27735490851,500.0,LMO,LMO,True,True,100.0,0.8726913932751756,4.2227549176484445
LMO_26Ah,LMO_26Ah,70.00830014699694,79.26624486654225,88.77884423076107,92.79355617823065,H27733490499,500.0,LMO,LMO,True,True,100.0,9.257944719545307,4.0147119474695785
LMO_26Ah,LMO_26Ah,53.6027015707495,62.887798846898654,95.02961257288986,97.66688941058635,H27735376790,500.0,LMO,LMO,True,True,100.0,9.285097276149152,2.63727683769649
LMO_26Ah,LMO_26Ah,43.01369793692715,43.30690674940732,92.50730523597511,95.1580126261516,H27735376805,500.0,LMO,LMO,True,True,100.0,0.2932088124801666,2.6507073901764926
LMO_26Ah,LMO_26Ah,59.726499769245834,69.53982503042491,81.98538167882471,94.57286501355323,H27735290390,500.0,LMO,LMO,True,True,100.0,9.813325261179074,12.587483334728518
LMO_26Ah,LMO_26Ah,79.99999794086715,82.97108453857696,85.24307318712121,90.24693762511605,H27733690634,500.0,LMO,LMO,True,True,100.0,2.9710865977098138,5.003864437994835
LMO_26Ah,LMO_26Ah,41.55420093027903,45.38783517976481,84.84115317685355,87.302369152209,H27733690394,500.0,LMO,LMO,True,True,100.0,3.833634249485776,2.4612159753554437
LMO_26Ah,LMO_26Ah,60.85579940312864,72.0932371277236,81.40538080040349,88.05814334273673,H27734091346,500.0,LMO,LMO,True,True,100.0,11.237437724594955,6.652762542333235
LMO_26Ah,LMO_26Ah,89.99999404417134,81.26538136014814,99.84076697020134,99.64412956643848,H27734492478,500.0,LMO,LMO,True,True,100.0,8.734612684023205,0.19663740376286398
LMO_26Ah,LMO_26Ah,46.428099431684736,44.072784932684286,98.93807346363708,100.73443215039161,H27735391963,500.0,LMO,LMO,True,True,100.0,2.3553144990004498,1.7963586867545303
LMO_26Ah,LMO_26Ah,89.99999404417134,84.87957102151815,99.155379385371,98.35563510784635,H27734490172,500.0,LMO,LMO,True,True,100.0,5.120423022653199,0.7997442775246526
LMO_26Ah,LMO_26Ah,9.099602932994166,10.600915142103412,100.23307292118429,98.8509497346803,H27735076555,500.0,LMO,LMO,True,True,100.0,1.501312209109246,1.3821231865039891
LFP_35Ah,LFP_35Ah,54.56280111595269,49.99880189266499,86.32713851992527,91.87650436948122,18号,500.0,LFP,LFP,True,True,100.0,4.563999223287695,5.549365849555954
LFP_35Ah,LFP_35Ah,52.87640052685941,53.37962614064236,81.82657110327499,81.68369701626978,24号,500.0,LFP,LFP,True,True,100.0,0.503225613782945,0.14287408700521098
LFP_35Ah,LFP_35Ah,25.55260241838855,29.587709102134426,84.09142816381119,90.05495541261396,33号,500.0,LFP,LFP,True,True,100.0,4.035106683745877,5.963527248802777
LFP_35Ah,LFP_35Ah,38.830501216096245,49.316817084234394,88.2471408826189,93.06455079200158,35号,500.0,LFP,LFP,True,True,100.0,10.48631586813815,4.81740990938269
LFP_35Ah,LFP_35Ah,14.461799111103197,16.88629293891841,87.12485117105062,87.83729179815217,38号,500.0,LFP,LFP,True,True,100.0,2.424493827815212,0.7124406271015431
LFP_35Ah,LFP_35Ah,5.0000046163318155,4.814000981630818,85.52485415604023,84.42619929508922,42号,500.0,LFP,LFP,True,True,100.0,0.1860036347009979,1.0986548609510152
LFP_35Ah,LFP_35Ah,38.75429971153034,37.720622391949945,90.39142373257008,93.71179692320753,44号,500.0,LFP,LFP,True,True,100.0,1.0336773195803914,3.3203731906374543
LFP_35Ah,LFP_35Ah,34.639400806524534,35.44063103485902,88.95542276257589,87.59843261281833,46号,500.0,LFP,LFP,True,True,100.0,0.8012302283344823,1.3569901497575643
LFP_35Ah,LFP_35Ah,39.11150132652551,39.43456423073948,79.61485770356319,89.50399351103216,7号,500.0,LFP,LFP,True,True,100.0,0.32306290421396966,9.889135807468975
LFP_68Ah,LFP_68Ah,59.840695702347006,53.40525990499844,84.28293786507221,85.1354426007376,02HCB68111211Y88D0001154,500.0,LFP,LFP,True,True,100.0,6.435435797348568,0.8525047356653914
LFP_68Ah,LFP_68Ah,49.40099995812712,47.981815279165716,83.80235165018405,84.60979345973954,02HCB68111211Y87Y0009119,500.0,LFP,LFP,True,True,100.0,1.4191846789614075,0.8074418095554847
LFP_68Ah,LFP_68Ah,16.03880155885085,19.45765198740664,82.6247011469057,82.75428460278215,02HCB68111211Y87Y0008126,500.0,LFP,LFP,True,True,100.0,3.418850428555789,0.1295834558764426
LFP_68Ah,LFP_68Ah,27.90890181105184,25.232931801324654,81.53514623308816,84.34570588165367,02HCB68111211Y87Y0015279,500.0,LFP,LFP,True,True,100.0,2.6759700097271875,2.8105596485655155
LFP_68Ah,LFP_68Ah,69.99999653173852,72.40614016570626,75.09117543779192,84.64407494178268,02HCB68111211Y86L0002535,500.0,LFP,LFP,True,True,100.0,2.406143633967744,9.552899503990758
LFP_68Ah,LFP_68Ah,8.13500139574832,11.53478003833196,78.54779186631498,79.75163438171894,02HCB68111211Y87Y0014641,500.0,LFP,LFP,True,True,100.0,3.399778642583639,1.203842515403963
LFP_68Ah,LFP_68Ah,31.863299609461187,28.527994692636515,76.97308504265344,84.12210813845553,02HCB68111211Y86X0004792,500.0,LFP,LFP,True,True,100.0,3.335304916824672,7.149023095802093
LFP_68Ah,LFP_68Ah,44.46269869636442,39.6198992901085,85.23190928147962,84.69769189448282,02HCB68111211Y88G0002069,500.0,LFP,LFP,True,True,100.0,4.842799406255921,0.5342173869968008
LFP_68Ah,LFP_68Ah,44.38000045847457,35.466062514658084,82.54852638226058,84.21977135179074,02HCB68111211Y88E0004343,500.0,LFP,LFP,True,True,100.0,8.913937943816485,1.6712449695301643
LFP_68Ah,LFP_68Ah,34.24330144638213,30.476310673239816,68.25176350462574,80.79940055868988,02HCB68111211Y86R0006266,500.0,LFP,LFP,True,True,100.0,3.766990773142311,12.54763705406414
LFP_68Ah,LFP_68Ah,65.67439927569912,63.71255742212614,85.60896823206804,85.42195725916699,02HCB68111211Y88D0003027,500.0,LFP,LFP,True,True,100.0,1.9618418535729774,0.1870109729010494
LFP_68Ah,LFP_68Ah,52.43750140220706,55.75288958051651,83.1083807995489,84.99213246504684,02HCB68111211Y88E0004542,500.0,LFP,LFP,True,True,100.0,3.3153881783094477,1.8837516654979396
LFP_68Ah,LFP_68Ah,39.5792994530596,33.20350841799583,81.17617128710508,84.77285456135402,02HCB68111211Y87Y0012947,500.0,LFP,LFP,True,True,100.0,6.37579103506377,3.596683274248946
LFP_68Ah,LFP_68Ah,44.48969970535751,45.0630557169872,80.56190991484341,84.8739632712636,02HCB68111211Y88E0004475,500.0,LFP,LFP,True,True,100.0,0.5733560116296914,4.3120533564201935
LFP_68Ah,LFP_68Ah,62.82330124492969,64.20948236937912,83.82176486810033,85.1963353451246,02HCB68111211Y87Y0003936,500.0,LFP,LFP,True,True,100.0,1.386181124449429,1.374570477024264
LFP_68Ah,LFP_68Ah,50.564998357432486,53.573650855450005,86.852201848961,84.90238406450604,02HCB68111211Y88F0000101,500.0,LFP,LFP,True,True,100.0,3.0086524980175184,1.9498177844549645
LFP_68Ah,LFP_68Ah,64.9999971536303,74.01313113322429,70.91867773985592,79.61712901444665,02HCB68111211Y86P0008027,500.0,LFP,LFP,True,True,100.0,9.013133979593988,8.698451274590724
LFP_68Ah,LFP_68Ah,43.57689926379472,57.08617296169265,71.51896784661925,83.55591564462918,02HCB68111211Y86M0004689,500.0,LFP,LFP,True,True,100.0,13.509273697897925,12.036947798009933
LFP_68Ah,LFP_68Ah,41.643902856437975,42.561820599872185,77.89132389039165,83.96932928480736,02HCB68111211Y86H0009376,500.0,LFP,LFP,True,True,100.0,0.9179177434342094,6.078005394415712
LFP_68Ah,LFP_68Ah,57.006596206647345,65.39099662163777,71.28293997378027,84.57395363329135,02HCB68111211Y86P0006552,500.0,LFP,LFP,True,True,100.0,8.384400414990424,13.29101365951108
LFP_68Ah,LFP_68Ah,24.41099990407093,24.76403221879692,80.76352851871029,84.34428233012662,02HCB68111211Y87Y0008148,500.0,LFP,LFP,True,True,100.0,0.35303231472598995,3.5807538114163293
LFP_68Ah,LFP_68Ah,38.26200102867698,25.754853814000167,83.86073436758568,84.42075157190368,02HCB68111211Y87Y0007299,500.0,LFP,LFP,True,True,100.0,12.50714721467681,0.560017204318001
LMO_10Ah,LMO_10Ah,52.672695335349516,51.10525464648211,64.66599634874413,62.38287072773555,PIP15829A00218444,700.0,LMO,LMO,True,True,100.0,1.567440688867407,2.2831256210085797
LMO_10Ah,LMO_10Ah,18.115401762916292,19.61456909249313,65.90499817480412,66.83636148718506,PIP15829A00217239,700.0,LMO,LMO,True,True,100.0,1.4991673295768386,0.9313633123809382
LMO_10Ah,LMO_10Ah,35.37670148771982,32.099701944121286,57.502001663419044,57.357409310600005,PIP15828A00225770,700.0,LMO,LMO,True,True,100.0,3.276999543598535,0.14459235281903915
LMO_10Ah,LMO_10Ah,65.67439927569912,75.03847640164336,80.47299740603592,80.3898392220867,PIP15710A00246135,700.0,LMO,LMO,True,True,100.0,9.364077125944249,0.08315818394920882
LMO_10Ah,LMO_10Ah,24.387700702471207,24.614714380773613,88.19599417418095,89.72384299739737,PIP15N21A50200566,700.0,LMO,LMO,True,True,100.0,0.2270136783024057,1.5278488232164165
LMO_10Ah,LMO_10Ah,37.94840027477962,38.05439274005879,89.06699683856765,88.30467053432474,PIP15D19A03261038,700.0,LMO,LMO,True,True,100.0,0.10599246527916506,0.7623263042429045
LMO_10Ah,LMO_10Ah,30.690801942620944,31.68223039149523,87.89499662822769,88.25961807267181,PIP15D25A03226076,700.0,LMO,LMO,True,True,100.0,0.9914284488742879,0.3646214444441256
LMO_10Ah,LMO_10Ah,50.564998357432486,51.93569642291962,86.37399968243484,89.58560006996325,PIP15D01A03250557,700.0,LMO,LMO,True,True,100.0,1.370698065487133,3.2116003875284065
LMO_10Ah,LMO_10Ah,55.43259950844851,57.75060411317078,83.32999677321057,82.06154000073478,PIP15D01A03229494,700.0,LMO,LMO,True,True,100.0,2.318004604722269,1.268456772475787
LMO_10Ah,LMO_10Ah,47.63939991915674,46.61845317920363,88.51599952186417,88.67045498606797,PIP15D01A03214955,700.0,LMO,LMO,True,True,100.0,1.0209467399531107,0.1544554642037923
LMO_10Ah,LMO_10Ah,49.833402100745005,51.512230615125375,87.67699884679544,88.51666798228567,PIP15D01A03224640,700.0,LMO,LMO,True,True,100.0,1.6788285143803705,0.8396691354902259
LMO_10Ah,LMO_10Ah,64.84549419866687,64.53027782122562,87.65499878349092,87.44716672300984,PIP15N15A03208989,700.0,LMO,LMO,True,True,100.0,0.31521637744124575,0.20783206048108127
LMO_10Ah,LMO_10Ah,63.63550358660503,64.30250408357129,89.95499876135536,90.67610565845311,PIP15D25A03236724,700.0,LMO,LMO,True,True,100.0,0.66700049696626,0.721106897097755
LMO_10Ah,LMO_10Ah,53.381097180470086,53.32496686365289,87.00699502164643,88.17238240663407,PIP15N15A03208683,700.0,LMO,LMO,True,True,100.0,0.056130316817196046,1.165387384987639
LMO_10Ah,LMO_10Ah,24.077000908089857,25.1089346840151,90.00099541544847,89.7297313937877,PIP15N30A03228344,700.0,LMO,LMO,True,True,100.0,1.0319337759252427,0.27126402166076957
LMO_10Ah,LMO_10Ah,16.92310209601447,16.333715199048406,69.437998064225,76.45014978298225,PIP15829A00218512,700.0,LMO,LMO,True,True,100.0,0.5893868969660652,7.012151718757252
LMO_10Ah,LMO_10Ah,25.680200864041012,23.851838962519206,89.01899701665513,89.28631130363051,PIP15N15A03208672,700.0,LMO,LMO,True,True,100.0,1.8283619015218058,0.2673142869753775
LMO_10Ah,LMO_10Ah,40.14490277950498,39.354619011057444,90.61599607837498,88.35580744036292,PIP15D15A03236823,700.0,LMO,LMO,True,True,100.0,0.7902837684475372,2.2601886380120533
LMO_10Ah,LMO_10Ah,74.34220101829476,72.35176872969302,89.38799760413491,88.80933633431145,PIP15512A50200153,700.0,LMO,LMO,True,True,100.0,1.9904322886017383,0.5786612698234563
LMO_10Ah,LMO_10Ah,25.66410166621489,24.045651444349016,61.937998617589926,62.09705551795912,PIP15829A00217327,700.0,LMO,LMO,True,True,100.0,1.6184502218658743,0.15905690036919395
LMO_10Ah,LMO_10Ah,85.0000026247998,79.80522377835645,92.3849959512275,91.8623288346204,PIP15D26A03256484,700.0,LMO,LMO,True,True,100.0,5.194778846443356,0.5226671166070957
LMO_10Ah,LMO_10Ah,85.0000026247998,76.1634252594802,91.84699851382803,92.8553346959174,PIP15D28A03264309,700.0,LMO,LMO,True,True,100.0,8.836577365319599,1.00833618208938
LMO_10Ah,LMO_10Ah,43.991100770491734,44.25482047392752,89.75499502379529,90.68254172440352,PIP15N08A03232188,700.0,LMO,LMO,True,True,100.0,0.26371970343578965,0.9275467006082323
LMO_10Ah,LMO_10Ah,56.435900402749404,57.584531808002225,88.25699956711344,88.65893020982276,PIP15N14A03236503,700.0,LMO,LMO,True,True,100.0,1.1486314052528215,0.401930642709317
LMO_10Ah,LMO_10Ah,55.74399834520065,56.20846093203519,92.64899734329462,90.36871947751595,PIP16N1700C039158,700.0,LMO,LMO,True,True,100.0,0.4644625868345358,2.2802778657786718
LMO_10Ah,LMO_10Ah,52.8222970349807,51.93984690409271,89.88499887613833,89.89182387601421,PIP15N12A03225967,700.0,LMO,LMO,True,True,100.0,0.8824501308879888,0.006824999875888693
NMC_15Ah,NMC_15Ah,5.0000046163318155,5.176799992706299,76.45000053354094,77.93874600313193,PJP17601529001A009420,700.0,NMC,NMC,True,True,100.0,0.17679537637448384,1.488745469590981
NMC_15Ah,NMC_15Ah,35.356602693103284,35.41711064670269,75.6493310359627,77.00087452973146,PJP17601527001A008674,700.0,NMC,NMC,True,True,100.0,0.060507953599405084,1.3515434937687587
NMC_15Ah,NMC_15Ah,19.951500882936887,20.098699044093905,77.35932868370213,78.00737165514563,PJP17601529001A010983,700.0,NMC,NMC,True,True,100.0,0.1471981611570179,0.6480429714435019
NMC_15Ah,NMC_15Ah,69.99999653173852,70.54848878678487,77.14800032857558,78.69556146147801,PJP17601527001A011451,700.0,NMC,NMC,True,True,100.0,0.5484922550463551,1.5475611329024304
NMC_15Ah,NMC_15Ah,50.95099774912738,51.590630803599716,76.80933310901158,77.76585064397065,PJP17601529001A010816,700.0,NMC,NMC,True,True,100.0,0.6396330544723341,0.956517534959076
NMC_15Ah,NMC_15Ah,64.9999971536303,66.4353473532234,75.51599563253126,77.32007608063537,PJP17601527001A007049,700.0,NMC,NMC,True,True,100.0,1.4353501995931026,1.8040804481041164
NMC_15Ah,NMC_15Ah,41.95410025556707,41.810789274045,77.15599971918252,77.72706982091756,PJP17601529001A003328,700.0,NMC,NMC,True,True,100.0,0.14331098152207034,0.5710701017350459
NMC_15Ah,NMC_15Ah,46.82410030246086,47.40948395488221,76.45666426813065,77.56127203158644,PJP17601529003A008872,700.0,NMC,NMC,True,True,100.0,0.5853836524213492,1.104607763455789
NMC_15Ah,NMC_15Ah,23.604701618548173,25.243776906492847,76.25332897948218,80.63714649497075,PJP17601527003A009249,700.0,NMC,NMC,True,True,100.0,1.6390752879446744,4.383817515488573
NMC_15Ah,NMC_15Ah,64.9999971536303,67.03647338677688,75.41066220690784,76.59552506295533,PJP17601527001A008438,700.0,NMC,NMC,True,True,100.0,2.0364762331465727,1.1848628560474879
NMC_15Ah,NMC_15Ah,15.250300334977023,15.044911870661542,76.00799641583761,77.5899665015057,PJP17530529002A009949,700.0,NMC,NMC,True,True,100.0,0.2053884643154813,1.5819700856680896
NMC_15Ah,NMC_15Ah,27.26530265280591,24.967376614244476,76.32466388830355,76.61415278454022,PJP17601529001A010435,700.0,NMC,NMC,True,True,100.0,2.2979260385614353,0.2894888962366764
NMC_15Ah,NMC_15Ah,47.527301113167965,46.43735146306294,80.00799780714402,79.94655731414532,PJP17930O01003A016716,700.0,NMC,NMC,True,True,100.0,1.0899496501050265,0.061440492998698915
NMC_15Ah,NMC_15Ah,41.72750142641355,42.2602083563112,75.98000012974555,76.96853989123497,PJP17601529003A008762,700.0,NMC,NMC,True,True,100.0,0.5327069298976497,0.9885397614894202
NMC_15Ah,NMC_15Ah,29.79689918966566,29.919037941962905,75.26066715079567,76.27125914965278,PJP17601529003A008717,700.0,NMC,NMC,True,True,100.0,0.12213875229724636,1.0105919988571088
NMC_21Ah,NMC_21Ah,48.708301363683375,56.90908045914917,77.00523564899981,80.62134218071962,02LCC02100101A8BC0104122,700.0,NMC,NMC,True,True,100.0,8.200779095465798,3.616106531719808
NMC_21Ah,NMC_21Ah,41.72750142641355,42.305651416237474,99.73428381794949,99.64687550319358,02LCC02100101A87Y0163477,700.0,NMC,NMC,True,True,100.0,0.5781499898239204,0.08740831475590483
NMC_21Ah,NMC_21Ah,41.64969946964553,41.24067039565208,100.02142962444005,100.25048830726493,02LCC02100101A87Y0013547,700.0,NMC,NMC,True,True,100.0,0.4090290739934517,0.22905868282488484
NMC_21Ah,NMC_21Ah,69.99999653173852,68.98378258719148,101.11618692476883,100.06973458557052,02LCC02100101A87Y0027455,700.0,NMC,NMC,True,True,100.0,1.016213944547033,1.0464523391983107
NMC_21Ah,NMC_21Ah,69.99999653173852,70.0359594098354,100.6080937631413,99.50799257391787,02LCC02100101A87Y0010456,700.0,NMC,NMC,True,True,100.0,0.03596287809688192,1.1001011892234231
NMC_21Ah,NMC_21Ah,69.99999653173852,71.23726438727867,98.91618565361999,99.13921617680653,02LCC02100101A87Y0184257,700.0,NMC,NMC,True,True,100.0,1.2372678555401535,0.22303052318653727
NMC_21Ah,NMC_21Ah,55.92349703913051,51.21143679498523,100.59999887818844,100.91213764197097,02LCC02100101A87Y0173907,700.0,NMC,NMC,True,True,100.0,4.7120602441452775,0.3121387637825279
NMC_21Ah,NMC_21Ah,46.949499483880345,47.006330832752504,99.18856714885197,100.27088235804304,02LCC02100101A87Y0085499,700.0,NMC,NMC,True,True,100.0,0.05683134887215857,1.0823152091910657
NMC_21Ah,NMC_21Ah,56.198899836382985,55.27327753843174,99.26904548319277,100.51992275844377,02LCC02100101A87Y0055909,700.0,NMC,NMC,True,True,100.0,0.925622297951243,1.2508772752509998
NMC_21Ah,NMC_21Ah,20.500100580928294,21.310542715343598,83.75523416282624,85.33085225393208,02LCC02100101A87B0101984,700.0,NMC,NMC,True,True,100.0,0.8104421344153039,1.575618091105838
LMO_24Ah,LMO_24Ah,41.643902856437975,46.83289006388418,76.34124575419918,77.38095910167424,A170530525010800528,700.0,LMO,LMO,True,True,100.0,5.188987207446203,1.0397133474750575
LMO_24Ah,LMO_24Ah,74.99999856275895,6.24692641945197,79.57207939865172,96.2083935142036,A170530525010800027,700.0,LMO,LMO,True,True,100.0,68.75307214330698,16.636314115551883
LMO_24Ah,LMO_24Ah,60.85579940312864,60.094209320846346,79.88583239632818,79.74377570297935,A170528511010802426,700.0,LMO,LMO,True,True,100.0,0.7615900822822965,0.14205669334883453
LMO_24Ah,LMO_24Ah,46.791699622251606,48.4071029744292,74.20832957727146,73.55142523645613,A170526507010800030,700.0,LMO,LMO,True,True,100.0,1.6154033521775943,0.6569043408153306
LMO_24Ah,LMO_24Ah,65.67439927569912,64.61845266478612,81.9745813315415,81.36788598895599,A170530525010800523,700.0,LMO,LMO,True,True,100.0,1.0559466109129971,0.6066953425855104
LMO_24Ah,LMO_24Ah,37.1305022963682,49.49850642043251,78.98291722904705,80.68933541984637,A170528511010800172,700.0,LMO,LMO,True,True,100.0,12.368004124064313,1.7064181907993259
LMO_24Ah,LMO_24Ah,38.26200102867698,50.80753223546831,79.26375060630659,80.65503366106505,A170530525010800543,700.0,LMO,LMO,True,True,100.0,12.545531206791331,1.3912830547584605
LMO_24Ah,LMO_24Ah,44.114199213785696,41.77950895182897,78.65249920318031,78.14927625319515,A170527511010800648,700.0,LMO,LMO,True,True,100.0,2.334690261956723,0.5032229499851582
LMO_24Ah,LMO_24Ah,23.095200540901402,24.46153390255341,79.1762448999661,81.16081124290702,A170530525010800530,700.0,LMO,LMO,True,True,100.0,1.366333361652007,1.9845663429409228
LMO_24Ah,LMO_24Ah,21.101602001561332,20.011144981993624,80.67708368498764,79.55169704751202,A170526511010800410,700.0,LMO,LMO,True,True,100.0,1.0904570195677081,1.1253866374756143
LMO_24Ah,LMO_24Ah,69.99999653173852,74.5179935938489,75.8099955298905,74.90288019242072,A170523507010800997,700.0,LMO,LMO,True,True,100.0,4.517997062110382,0.9071153374697758
LMO_24Ah,LMO_24Ah,74.99999856275895,74.5416920587382,81.11541632967582,81.52220643300842,A170525507010800584,700.0,LMO,LMO,True,True,100.0,0.45830650402074014,0.4067901033325967
LMO_24Ah,LMO_24Ah,49.40099995812712,72.06558847653403,79.19208209968735,80.68895533970132,A170530525010800427,700.0,LMO,LMO,True,True,100.0,22.66458851840691,1.4968732400139686
LMO_24Ah,LMO_24Ah,69.99999653173852,74.85370637112612,73.4933305238358,77.67728627845743,A170528511010800479,700.0,LMO,LMO,True,True,100.0,4.853709839387605,4.1839557546216355
LMO_24Ah,LMO_24Ah,57.006596206647345,63.85976486847594,72.01916470094038,76.51755361329839,A170530525010800449,700.0,LMO,LMO,True,True,100.0,6.853168661828597,4.49838891235801
LMO_24Ah,LMO_24Ah,31.863299609461187,27.84532079025596,75.95833366423889,76.06228526770433,A170529511010800365,700.0,LMO,LMO,True,True,100.0,4.017978819205226,0.10395160346543264
LMO_25Ah,LMO_25Ah,38.062501366268805,31.14631095070238,92.11839660702083,93.18810276807203,515092905216,700.0,LMO,LMO,True,True,100.0,6.916190415566426,1.0697061610512009
LMO_25Ah,LMO_25Ah,22.88470256764415,22.00316901792926,87.47679874503397,88.0997105769697,515093005020,700.0,LMO,LMO,True,True,100.0,0.8815335497148915,0.6229118319357241
LMO_25Ah,LMO_25Ah,41.55420093027903,42.47329507447719,83.84559477856742,85.8879287185629,515093000439,700.0,LMO,LMO,True,True,100.0,0.9190941441981622,2.042333939995487
LMO_25Ah,LMO_25Ah,50.48199868239127,40.13772906132456,91.85159425827743,92.81248113387241,515092905212,700.0,LMO,LMO,True,True,100.0,10.344269621066708,0.96088687559498
LMO_25Ah,LMO_25Ah,65.67439927569912,63.72468918972256,84.35679992543416,83.10350742584211,515093004482,700.0,LMO,LMO,True,True,100.0,1.9497100859765553,1.2532924995920496
LMO_25Ah,LMO_25Ah,6.929202384999056,10.43998418082331,52.694398896880614,53.2699806321511,515093001608,700.0,LMO,LMO,True,True,100.0,3.5107817958242533,0.5755817352704895
LMO_25Ah,LMO_25Ah,47.2815008369574,50.87034125880726,88.47479497642186,92.64612239431058,515093003101,700.0,LMO,LMO,True,True,100.0,3.5888404218498593,4.171327417888719
LMO_25Ah,LMO_25Ah,24.077000908089857,25.035395957189664,92.00799692176012,92.8445539534337,515093004064,700.0,LMO,LMO,True,True,100.0,0.9583950490998063,0.8365570316735784
LMO_25Ah,LMO_25Ah,29.79689918966566,29.30006908402466,70.58879600011731,66.79242270462605,515093000629,700.0,LMO,LMO,True,True,100.0,0.49683010564099916,3.7963732954912643
LMO_25Ah,LMO_25Ah,74.99999856275895,71.98168482165279,81.8831956140364,85.11494001209775,515091901822,700.0,LMO,LMO,True,True,100.0,3.018313741106155,3.231744398061352
LMO_25Ah,LMO_25Ah,8.617300837915131,5.125391859646294,88.61359632443516,80.93623162435392,515100102065,700.0,LMO,LMO,True,True,100.0,3.491908978268837,7.677364700081242
LMO_25Ah,LMO_25Ah,70.00830014699694,68.90758033649402,88.87799645282749,88.93533985893814,515093002646,700.0,LMO,LMO,True,True,100.0,1.1007198105029232,0.05734340611064681
LMO_25Ah,LMO_25Ah,74.99999856275895,70.2208063748071,79.54360026532048,85.79681952359262,515100101320,700.0,LMO,LMO,True,True,100.0,4.77919218795185,6.253219258272139
LMO_25Ah,LMO_25Ah,21.692401574286222,20.49614376234748,83.6023959760034,86.76687116864194,515093000663,700.0,LMO,LMO,True,True,100.0,1.196257811938743,3.164475192638548
LMO_25Ah,LMO_25Ah,55.00000105032612,56.07221133962306,60.88039936884637,69.33156297535254,515092901155,700.0,LMO,LMO,True,True,100.0,1.0722102892969403,8.45116360650617
LMO_26Ah,LMO_26Ah,8.376103364411708,9.96223448311918,83.8830741947137,88.78746528323586,H27734091053,700.0,LMO,LMO,True,True,100.0,1.5861311187074723,4.904391088522161
LMO_26Ah,LMO_26Ah,49.40099995812712,57.63926138716561,80.00807527772267,92.55286679000201,H27733591038,700.0,LMO,LMO,True,True,100.0,8.238261429038488,12.544791512279346
LMO_26Ah,LMO_26Ah,44.48969970535751,53.752228988838446,79.2303838699786,80.21661975132089,H27734091304,700.0,LMO,LMO,True,True,100.0,9.262529283480937,0.9862358813422958
LMO_26Ah,LMO_26Ah,72.82489440139221,70.95136003699089,98.36614833967889,95.08112133770557,H27735490851,700.0,LMO,LMO,True,True,100.0,1.8735343644013227,3.2850270019733188
LMO_26Ah,LMO_26Ah,70.00830014699694,74.54328645898431,88.77884423076107,93.03911261603719,H27733490499,700.0,LMO,LMO,True,True,100.0,4.5349863119873675,4.26026838527612
LMO_26Ah,LMO_26Ah,53.6027015707495,60.73459712884617,95.02961257288986,98.86725333890568,H27735376790,700.0,LMO,LMO,True,True,100.0,7.131895558096666,3.8376407660158236
LMO_26Ah,LMO_26Ah,43.01369793692715,45.485531325294154,92.50730523597511,94.66975130024574,H27735376805,700.0,LMO,LMO,True,True,100.0,2.4718333883670027,2.1624460642706254
LMO_26Ah,LMO_26Ah,59.726499769245834,71.25325348924753,81.98538167882471,93.91879198523274,H27735290390,700.0,LMO,LMO,True,True,100.0,11.526753720001693,11.933410306408035
LMO_26Ah,LMO_26Ah,79.99999794086715,82.00311380280773,85.24307318712121,89.17336773753208,H27733690634,700.0,LMO,LMO,True,True,100.0,2.0031158619405858,3.9302945504108635
LMO_26Ah,LMO_26Ah,41.55420093027903,42.95405383787041,84.84115317685355,87.15851356040325,H27733690394,700.0,LMO,LMO,True,True,100.0,1.3998529075913808,2.3173603835496976
LMO_26Ah,LMO_26Ah,60.85579940312864,74.51587922280706,81.40538080040349,86.02006301181882,H27734091346,700.0,LMO,LMO,True,True,100.0,13.660079819678415,4.614682211415328
LMO_26Ah,LMO_26Ah,89.99999404417134,83.05429313045573,99.84076697020134,99.8116797718793,H27734492478,700.0,LMO,LMO,True,True,100.0,6.945700913715612,0.029087198322045538
LMO_26Ah,LMO_26Ah,46.428099431684736,43.2036255604202,98.93807346363708,101.02659805037875,H27735391963,700.0,LMO,LMO,True,True,100.0,3.2244738712645358,2.08852458674167
LMO_26Ah,LMO_26Ah,89.99999404417134,85.1394131621258,99.155379385371,98.46218023656115,H27734490172,700.0,LMO,LMO,True,True,100.0,4.860580882045539,0.6931991488098532
LMO_26Ah,LMO_26Ah,9.099602932994166,9.979244956293954,100.23307292118429,96.93784004004148,H27735076555,700.0,LMO,LMO,True,True,100.0,0.8796420232997875,3.295232881142809
LFP_35Ah,LFP_35Ah,54.56280111595269,52.716130140722875,86.32713851992527,91.28966758206182,18号,700.0,LFP,LFP,True,True,100.0,1.846670975229813,4.962529062136554
LFP_35Ah,LFP_35Ah,52.87640052685941,48.75899055753091,81.82657110327499,82.88681707900201,24号,700.0,LFP,LFP,True,True,100.0,4.117409969328506,1.0602459757270282
LFP_35Ah,LFP_35Ah,25.55260241838855,29.02799104901584,84.09142816381119,89.98514208919859,33号,700.0,LFP,LFP,True,True,100.0,3.4753886306272896,5.893713925387402
LFP_35Ah,LFP_35Ah,38.830501216096245,48.00646348663091,88.2471408826189,93.32645383810983,35号,700.0,LFP,LFP,True,True,100.0,9.175962270534669,5.079312955490934
LFP_35Ah,LFP_35Ah,14.461799111103197,17.601812547533658,87.12485117105062,86.46860865032147,38号,700.0,LFP,LFP,True,True,100.0,3.1400134364304613,0.6562425207291511
LFP_35Ah,LFP_35Ah,5.0000046163318155,5.394195537743707,85.52485415604023,85.35046859496249,42号,700.0,LFP,LFP,True,True,100.0,0.3941909214118917,0.1743855610777416
LFP_35Ah,LFP_35Ah,38.75429971153034,39.24515620497639,90.39142373257008,93.60790097207614,44号,700.0,LFP,LFP,True,True,100.0,0.49085649344605287,3.2164772395060623
LFP_35Ah,LFP_35Ah,34.639400806524534,35.34212939885592,88.95542276257589,86.97755398831414,46号,700.0,LFP,LFP,True,True,100.0,0.7027285923313826,1.9778687742617507
LFP_35Ah,LFP_35Ah,39.11150132652551,41.525463921849926,79.61485770356319,88.13286988187076,7号,700.0,LFP,LFP,True,True,100.0,2.4139625953244135,8.518012178307572
LFP_68Ah,LFP_68Ah,59.840695702347006,57.91677457609159,84.28293786507221,85.10299760619233,02HCB68111211Y88D0001154,700.0,LFP,LFP,True,True,100.0,1.923921126255415,0.8200597411201187
LFP_68Ah,LFP_68Ah,49.40099995812712,44.779556231629705,83.80235165018405,84.85663824117421,02HCB68111211Y87Y0009119,700.0,LFP,LFP,True,True,100.0,4.621443726497418,1.0542865909901593
LFP_68Ah,LFP_68Ah,16.03880155885085,19.819201476825018,82.6247011469057,83.16828231578722,02HCB68111211Y87Y0008126,700.0,LFP,LFP,True,True,100.0,3.7803999179741687,0.5435811688815164
LFP_68Ah,LFP_68Ah,27.90890181105184,25.412954445418578,81.53514623308816,84.43494566413015,02HCB68111211Y87Y0015279,700.0,LFP,LFP,True,True,100.0,2.4959473656332634,2.8997994310419983
LFP_68Ah,LFP_68Ah,69.99999653173852,74.38501106283957,75.09117543779192,83.52406468341378,02HCB68111211Y86L0002535,700.0,LFP,LFP,True,True,100.0,4.385014531101049,8.432889245621865
LFP_68Ah,LFP_68Ah,8.13500139574832,10.651163952521902,78.54779186631498,81.88456652707207,02HCB68111211Y87Y0014641,700.0,LFP,LFP,True,True,100.0,2.5161625567735815,3.3367746607570865
LFP_68Ah,LFP_68Ah,31.863299609461187,28.815620782957108,76.97308504265344,84.44720631205801,02HCB68111211Y86X0004792,700.0,LFP,LFP,True,True,100.0,3.047678826504079,7.474121269404577
LFP_68Ah,LFP_68Ah,44.46269869636442,36.89045220740129,85.23190928147962,84.92823734047909,02HCB68111211Y88G0002069,700.0,LFP,LFP,True,True,100.0,7.572246488963131,0.3036719410005304
LFP_68Ah,LFP_68Ah,44.38000045847457,42.76385528571657,82.54852638226058,83.82549183534631,02HCB68111211Y88E0004343,700.0,LFP,LFP,True,True,100.0,1.6161451727579959,1.2769654530857366
LFP_68Ah,LFP_68Ah,34.24330144638213,30.828027143503128,68.25176350462574,83.70057527036906,02HCB68111211Y86R0006266,700.0,LFP,LFP,True,True,100.0,3.4152743028789985,15.448811765743315
LFP_68Ah,LFP_68Ah,65.67439927569912,63.82158415576051,85.60896823206804,85.3790595072715,02HCB68111211Y88D0003027,700.0,LFP,LFP,True,True,100.0,1.8528151199386045,0.22990872479653035
LFP_68Ah,LFP_68Ah,52.43750140220706,50.468017834975335,83.1083807995489,84.4744949083667,02HCB68111211Y88E0004542,700.0,LFP,LFP,True,True,100.0,1.9694835672317268,1.366114108817797
LFP_68Ah,LFP_68Ah,39.5792994530596,32.85348848509921,81.17617128710508,84.5215171582963,02HCB68111211Y87Y0012947,700.0,LFP,LFP,True,True,100.0,6.725810967960385,3.3453458711912276
LFP_68Ah,LFP_68Ah,44.48969970535751,43.68593594584993,80.56190991484341,84.60474423572438,02HCB68111211Y88E0004475,700.0,LFP,LFP,True,True,100.0,0.8037637595075822,4.042834320880971
LFP_68Ah,LFP_68Ah,62.82330124492969,60.03386883233104,83.82176486810033,85.26328328480085,02HCB68111211Y87Y0003936,700.0,LFP,LFP,True,True,100.0,2.78943241259865,1.441518416700518
LFP_68Ah,LFP_68Ah,50.564998357432486,54.50827979039883,86.852201848961,84.64382774739549,02HCB68111211Y88F0000101,700.0,LFP,LFP,True,True,100.0,3.9432814329663444,2.2083741015655107
LFP_68Ah,LFP_68Ah,64.9999971536303,73.80901076095147,70.91867773985592,76.53468631081856,02HCB68111211Y86P0008027,700.0,LFP,LFP,True,True,100.0,8.809013607321162,5.616008570962634
LFP_68Ah,LFP_68Ah,43.57689926379472,55.16148779671697,71.51896784661925,82.78587757906548,02HCB68111211Y86M0004689,700.0,LFP,LFP,True,True,100.0,11.584588532922247,11.266909732446237
LFP_68Ah,LFP_68Ah,41.643902856437975,45.23217456023,77.89132389039165,83.75400807234169,02HCB68111211Y86H0009376,700.0,LFP,LFP,True,True,100.0,3.5882717037920244,5.862684181950044
LFP_68Ah,LFP_68Ah,57.006596206647345,65.44745589957061,71.28293997378027,83.22901276721711,02HCB68111211Y86P0006552,700.0,LFP,LFP,True,True,100.0,8.440859692923269,11.94607279343684
LFP_68Ah,LFP_68Ah,24.41099990407093,25.518236593449995,80.76352851871029,84.18054531392517,02HCB68111211Y87Y0008148,700.0,LFP,LFP,True,True,100.0,1.1072366893790644,3.4170167952148773
LFP_68Ah,LFP_68Ah,38.26200102867698,27.69392439550582,83.86073436758568,84.31609055928232,02HCB68111211Y87Y0007299,700.0,LFP,LFP,True,True,100.0,10.568076633171156,0.4553561916966373
LMO_10Ah,LMO_10Ah,52.672695335349516,51.60920649498614,64.66599634874413,62.78589734197795,PIP15829A00218444,1000.0,LMO,LMO,True,True,100.0,1.0634888403633767,1.88009900676618
LMO_10Ah,LMO_10Ah,18.115401762916292,18.926183470096156,65.90499817480412,66.85590557504312,PIP15829A00217239,1000.0,LMO,LMO,True,True,100.0,0.8107817071798635,0.9509074002390037
LMO_10Ah,LMO_10Ah,35.37670148771982,31.477168235383196,57.502001663419044,57.40797704503995,PIP15828A00225770,1000.0,LMO,LMO,True,True,100.0,3.8995332523366244,0.0940246183790947
LMO_10Ah,LMO_10Ah,65.67439927569912,75.19350198031476,80.47299740603592,79.36262045601899,PIP15710A00246135,1000.0,LMO,LMO,True,True,100.0,9.519102704615648,1.1103769500169278
LMO_10Ah,LMO_10Ah,24.387700702471207,25.435287986969087,88.19599417418095,89.88430701644002,PIP15N21A50200566,1000.0,LMO,LMO,True,True,100.0,1.0475872844978795,1.6883128422590659
LMO_10Ah,LMO_10Ah,37.94840027477962,38.2031280980421,89.06699683856765,88.50687095804759,PIP15D19A03261038,1000.0,LMO,LMO,True,True,100.0,0.25472782326247767,0.5601258805200615
LMO_10Ah,LMO_10Ah,30.690801942620944,31.911588580974836,87.89499662822769,88.4868867108202,PIP15D25A03226076,1000.0,LMO,LMO,True,True,100.0,1.2207866383538928,0.5918900825925135
LMO_10Ah,LMO_10Ah,50.564998357432486,51.658838503312744,86.37399968243484,89.3772408933409,PIP15D01A03250557,1000.0,LMO,LMO,True,True,100.0,1.0938401458802574,3.0032412109060544
LMO_10Ah,LMO_10Ah,55.43259950844851,58.7567515822871,83.32999677321057,82.35121039947002,PIP15D01A03229494,1000.0,LMO,LMO,True,True,100.0,3.32415207383859,0.9787863737405473
LMO_10Ah,LMO_10Ah,47.63939991915674,47.16393504210479,88.51599952186417,88.64585538959166,PIP15D01A03214955,1000.0,LMO,LMO,True,True,100.0,0.47546487705194806,0.12985586772748547
LMO_10Ah,LMO_10Ah,49.833402100745005,51.24751905413215,87.67699884679544,88.76690427545559,PIP15D01A03224640,1000.0,LMO,LMO,True,True,100.0,1.4141169533871434,1.0899054286601455
LMO_10Ah,LMO_10Ah,64.84549419866687,65.62823329719203,87.65499878349092,87.46985074085158,PIP15N15A03208989,1000.0,LMO,LMO,True,True,100.0,0.7827390985251554,0.18514804263934082
LMO_10Ah,LMO_10Ah,63.63550358660503,64.16260806330845,89.95499876135536,90.65173626026765,PIP15D25A03236724,1000.0,LMO,LMO,True,True,100.0,0.5271044767034212,0.6967374989122987
LMO_10Ah,LMO_10Ah,53.381097180470086,53.30059455905891,87.00699502164643,88.37592986980611,PIP15N15A03208683,1000.0,LMO,LMO,True,True,100.0,0.0805026214111777,1.3689348481596824
LMO_10Ah,LMO_10Ah,24.077000908089857,23.76681710513591,90.00099541544847,89.8255963336678,PIP15N30A03228344,1000.0,LMO,LMO,True,True,100.0,0.3101838029539472,0.1753990817806681
LMO_10Ah,LMO_10Ah,16.92310209601447,15.518578736454256,69.437998064225,75.59693815793105,PIP15829A00218512,1000.0,LMO,LMO,True,True,100.0,1.4045233595602156,6.15894009370605
LMO_10Ah,LMO_10Ah,25.680200864041012,25.1743409084205,89.01899701665513,89.28760427177785,PIP15N15A03208672,1000.0,LMO,LMO,True,True,100.0,0.5058599556205117,0.268607255122717
LMO_10Ah,LMO_10Ah,40.14490277950498,40.04180677622657,90.61599607837498,88.85843465740858,PIP15D15A03236823,1000.0,LMO,LMO,True,True,100.0,0.1030960032784094,1.7575614209663968
LMO_10Ah,LMO_10Ah,74.34220101829476,71.45284799326767,89.38799760413491,89.23945488421758,PIP15512A50200153,1000.0,LMO,LMO,True,True,100.0,2.8893530250270913,0.14854271991733015
LMO_10Ah,LMO_10Ah,25.66410166621489,24.198548060961343,61.937998617589926,62.34089874925493,PIP15829A00217327,1000.0,LMO,LMO,True,True,100.0,1.4655536052535467,0.4029001316650067
LMO_10Ah,LMO_10Ah,85.0000026247998,79.3550325328263,92.3849959512275,91.47746322125234,PIP15D26A03256484,1000.0,LMO,LMO,True,True,100.0,5.644970091973505,0.9075327299751592
LMO_10Ah,LMO_10Ah,85.0000026247998,77.02457913749696,91.84699851382803,92.69488079548097,PIP15D28A03264309,1000.0,LMO,LMO,True,True,100.0,7.975423487302848,0.847882281652943
LMO_10Ah,LMO_10Ah,43.991100770491734,43.97354346578496,89.75499502379529,90.46407089813184,PIP15N08A03232188,1000.0,LMO,LMO,True,True,100.0,0.017557304706777188,0.7090758743365484
LMO_10Ah,LMO_10Ah,56.435900402749404,57.28530718544207,88.25699956711344,88.25473173450085,PIP15N14A03236503,1000.0,LMO,LMO,True,True,100.0,0.8494067826926681,0.0022678326125884496
LMO_10Ah,LMO_10Ah,55.74399834520065,56.46757882760591,92.64899734329462,90.27543920910477,PIP16N1700C039158,1000.0,LMO,LMO,True,True,100.0,0.7235804824052607,2.3735581341898495
LMO_10Ah,LMO_10Ah,52.8222970349807,52.52631029178889,89.88499887613833,89.91593208767735,PIP15N12A03225967,1000.0,LMO,LMO,True,True,100.0,0.2959867431918113,0.030933211539021954
NMC_15Ah,NMC_15Ah,5.0000046163318155,4.965864288932231,76.45000053354094,77.9560380686996,PJP17601529001A009420,1000.0,NMC,NMC,True,True,100.0,0.034140327399584613,1.5060375351586544
NMC_15Ah,NMC_15Ah,35.356602693103284,35.17015303753477,75.6493310359627,77.04575371025335,PJP17601527001A008674,1000.0,NMC,NMC,True,True,100.0,0.18644965556851645,1.3964226742906476
NMC_15Ah,NMC_15Ah,19.951500882936887,19.893953910992536,77.35932868370213,77.89145732951079,PJP17601529001A010983,1000.0,NMC,NMC,True,True,100.0,0.0575469719443511,0.5321286458086547
NMC_15Ah,NMC_15Ah,69.99999653173852,70.51591367759696,77.14800032857558,78.47603324085937,PJP17601527001A011451,1000.0,NMC,NMC,True,True,100.0,0.5159171458584382,1.3280329122837884
NMC_15Ah,NMC_15Ah,50.95099774912738,51.018517681346566,76.80933310901158,77.52750371307526,PJP17601529001A010816,1000.0,NMC,NMC,True,True,100.0,0.0675199322191844,0.7181706040636868
NMC_15Ah,NMC_15Ah,64.9999971536303,66.6553321405906,75.51599563253126,76.99946045451625,PJP17601527001A007049,1000.0,NMC,NMC,True,True,100.0,1.6553349869602982,1.4834648219849953
NMC_15Ah,NMC_15Ah,41.95410025556707,41.9190614199589,77.15599971918252,77.69101722705874,PJP17601529001A003328,1000.0,NMC,NMC,True,True,100.0,0.03503883560816945,0.5350175078762192
NMC_15Ah,NMC_15Ah,46.82410030246086,47.54320001612125,76.45666426813065,77.29439252847085,PJP17601529003A008872,1000.0,NMC,NMC,True,True,100.0,0.719099713660384,0.8377282603401994
NMC_15Ah,NMC_15Ah,23.604701618548173,25.015731245335644,76.25332897948218,80.48698258461776,PJP17601527003A009249,1000.0,NMC,NMC,True,True,100.0,1.411029626787471,4.233653605135586
NMC_15Ah,NMC_15Ah,64.9999971536303,67.60997995117522,75.41066220690784,76.74374873057118,PJP17601527001A008438,1000.0,NMC,NMC,True,True,100.0,2.609982797544916,1.33308652366334
NMC_15Ah,NMC_15Ah,15.250300334977023,14.873249879438838,76.00799641583761,77.60445128626824,PJP17530529002A009949,1000.0,NMC,NMC,True,True,100.0,0.3770504555381855,1.5964548704306338
NMC_15Ah,NMC_15Ah,27.26530265280591,25.035076281266775,76.32466388830355,76.36818148387985,PJP17601529001A010435,1000.0,NMC,NMC,True,True,100.0,2.2302263715391355,0.0435175955763043
NMC_15Ah,NMC_15Ah,47.527301113167965,46.26926095492063,80.00799780714402,80.40585444603565,PJP17930O01003A016716,1000.0,NMC,NMC,True,True,100.0,1.2580401582473328,0.3978566388916249
NMC_15Ah,NMC_15Ah,41.72750142641355,43.17116087870356,75.98000012974555,76.98865125345263,PJP17601529003A008762,1000.0,NMC,NMC,True,True,100.0,1.4436594522900066,1.0086511237070823
NMC_15Ah,NMC_15Ah,29.79689918966566,30.061982158370128,75.26066715079567,76.4700442275797,PJP17601529003A008717,1000.0,NMC,NMC,True,True,100.0,0.2650829687044691,1.2093770767840368
NMC_21Ah,NMC_21Ah,48.708301363683375,56.169406084742235,77.00523564899981,80.736864726571,02LCC02100101A8BC0104122,1000.0,NMC,NMC,True,True,100.0,7.4611047210588595,3.731629077571185
NMC_21Ah,NMC_21Ah,41.72750142641355,41.89977905907904,99.73428381794949,99.67998484747658,02LCC02100101A87Y0163477,1000.0,NMC,NMC,True,True,100.0,0.1722776326654838,0.054298970472913766
NMC_21Ah,NMC_21Ah,41.64969946964553,41.47342315212821,100.02142962444005,100.06347369798978,02LCC02100101A87Y0013547,1000.0,NMC,NMC,True,True,100.0,0.17627631751732054,0.042044073549732275
NMC_21Ah,NMC_21Ah,69.99999653173852,68.85362275478758,101.11618692476883,100.03544515884046,02LCC02100101A87Y0027455,1000.0,NMC,NMC,True,True,100.0,1.146373776950938,1.0807417659283658
NMC_21Ah,NMC_21Ah,69.99999653173852,69.7070354349372,100.6080937631413,99.83317169142917,02LCC02100101A87Y0010456,1000.0,NMC,NMC,True,True,100.0,0.29296109680132076,0.7749220717121261
NMC_21Ah,NMC_21Ah,69.99999653173852,71.41758017817324,98.91618565361999,99.42745858724305,02LCC02100101A87Y0184257,1000.0,NMC,NMC,True,True,100.0,1.4175836464347213,0.5112729336230615
NMC_21Ah,NMC_21Ah,55.92349703913051,52.52596010737543,100.59999887818844,100.97508675591149,02LCC02100101A87Y0173907,1000.0,NMC,NMC,True,True,100.0,3.397536931755077,0.37508787772304686
NMC_21Ah,NMC_21Ah,46.949499483880345,46.843055360295196,99.18856714885197,100.20232247696958,02LCC02100101A87Y0085499,1000.0,NMC,NMC,True,True,100.0,0.10644412358514899,1.013755328117611
NMC_21Ah,NMC_21Ah,56.198899836382985,55.10884340656098,99.26904548319277,100.45360288381585,02LCC02100101A87Y0055909,1000.0,NMC,NMC,True,True,100.0,1.0900564298220061,1.1845574006230777
NMC_21Ah,NMC_21Ah,20.500100580928294,21.146174906278414,83.75523416282624,85.33901006396721,02LCC02100101A87B0101984,1000.0,NMC,NMC,True,True,100.0,0.6460743253501207,1.5837759011409673
LMO_24Ah,LMO_24Ah,41.643902856437975,47.337436164726185,76.34124575419918,77.60422930934492,A170530525010800528,1000.0,LMO,LMO,True,True,100.0,5.69353330828821,1.2629835551457376
LMO_24Ah,LMO_24Ah,74.99999856275895,7.959943676879999,79.57207939865172,97.06344862282026,A170530525010800027,1000.0,LMO,LMO,True,True,100.0,67.04005488587894,17.491369224168537
LMO_24Ah,LMO_24Ah,60.85579940312864,61.12781973729662,79.88583239632818,79.8292561070494,A170528511010802426,1000.0,LMO,LMO,True,True,100.0,0.27202033416797633,0.05657628927878022
LMO_24Ah,LMO_24Ah,46.791699622251606,48.462031522009305,74.20832957727146,74.80422820894786,A170526507010800030,1000.0,LMO,LMO,True,True,100.0,1.6703318997576986,0.5958986316764054
LMO_24Ah,LMO_24Ah,65.67439927569912,64.29827003566315,81.9745813315415,81.28939058522221,A170530525010800523,1000.0,LMO,LMO,True,True,100.0,1.376129240035965,0.685190746319293
LMO_24Ah,LMO_24Ah,37.1305022963682,37.99562410203568,78.98291722904705,80.60111318970499,A170528511010800172,1000.0,LMO,LMO,True,True,100.0,0.8651218056674779,1.6181959606579426
LMO_24Ah,LMO_24Ah,38.26200102867698,41.11547474234222,79.26375060630659,80.57446836995231,A170530525010800543,1000.0,LMO,LMO,True,True,100.0,2.8534737136652453,1.3107177636457266
LMO_24Ah,LMO_24Ah,44.114199213785696,41.30640748795382,78.65249920318031,79.03899770662247,A170527511010800648,1000.0,LMO,LMO,True,True,100.0,2.8077917258318763,0.3864985034421551
LMO_24Ah,LMO_24Ah,23.095200540901402,21.828530459192194,79.1762448999661,81.68769022934114,A170530525010800530,1000.0,LMO,LMO,True,True,100.0,1.2666700817092078,2.51144532937505
LMO_24Ah,LMO_24Ah,21.101602001561332,19.934339193765396,80.67708368498764,79.72196251768293,A170526511010800410,1000.0,LMO,LMO,True,True,100.0,1.167262807795936,0.9551211673047106
LMO_24Ah,LMO_24Ah,69.99999653173852,74.93731555275059,75.8099955298905,74.58895170016814,A170523507010800997,1000.0,LMO,LMO,True,True,100.0,4.9373190210120725,1.2210438297223618
LMO_24Ah,LMO_24Ah,74.99999856275895,74.26087334118219,81.11541632967582,81.5809496850443,A170525507010800584,1000.0,LMO,LMO,True,True,100.0,0.7391252215767565,0.4655333553684784
LMO_24Ah,LMO_24Ah,49.40099995812712,64.14762176215994,79.19208209968735,80.51101806879892,A170530525010800427,1000.0,LMO,LMO,True,True,100.0,14.74662180403282,1.318935969111564
LMO_24Ah,LMO_24Ah,69.99999653173852,75.00569701821425,73.4933305238358,77.51409213298187,A170528511010800479,1000.0,LMO,LMO,True,True,100.0,5.005700486475732,4.020761609146078
LMO_24Ah,LMO_24Ah,57.006596206647345,64.43815809718932,72.01916470094038,76.10147652672104,A170530525010800449,1000.0,LMO,LMO,True,True,100.0,7.431561890541971,4.082311825780664
LMO_24Ah,LMO_24Ah,31.863299609461187,29.132159637141587,75.95833366423889,76.57953323828322,A170529511010800365,1000.0,LMO,LMO,True,True,100.0,2.7311399723195997,0.6211995740443257
LMO_25Ah,LMO_25Ah,38.062501366268805,29.585749926457634,92.11839660702083,91.86259255079425,515092905216,1000.0,LMO,LMO,True,True,100.0,8.47675143981117,0.2558040562265802
LMO_25Ah,LMO_25Ah,22.88470256764415,23.526167458006565,87.47679874503397,88.87657447245121,515093005020,1000.0,LMO,LMO,True,True,100.0,0.641464890362414,1.3997757274172358
LMO_25Ah,LMO_25Ah,41.55420093027903,39.275162383193745,83.84559477856742,82.12679014896442,515093000439,1000.0,LMO,LMO,True,True,100.0,2.2790385470852854,1.7188046296029995
LMO_25Ah,LMO_25Ah,50.48199868239127,41.01040673406932,91.85159425827743,92.51701024413813,515092905212,1000.0,LMO,LMO,True,True,100.0,9.47159194832195,0.6654159858607045
LMO_25Ah,LMO_25Ah,65.67439927569912,64.08770043377588,84.35679992543416,83.20045758623621,515093004482,1000.0,LMO,LMO,True,True,100.0,1.586698841923237,1.1563423391979484
LMO_25Ah,LMO_25Ah,6.929202384999056,9.83905446277436,52.694398896880614,52.719670115842845,515093001608,1000.0,LMO,LMO,True,True,100.0,2.9098520777753043,0.0252712189622315
LMO_25Ah,LMO_25Ah,47.2815008369574,51.269344562991925,88.47479497642186,91.45912324753101,515093003101,1000.0,LMO,LMO,True,True,100.0,3.9878437260345265,2.984328271109149
LMO_25Ah,LMO_25Ah,24.077000908089857,24.836653037993152,92.00799692176012,92.73665609355375,515093004064,1000.0,LMO,LMO,True,True,100.0,0.7596521299032943,0.7286591717936233
LMO_25Ah,LMO_25Ah,29.79689918966566,31.099323895862234,70.58879600011731,66.51446079807967,515093000629,1000.0,LMO,LMO,True,True,100.0,1.3024247061965752,4.074335202037645
LMO_25Ah,LMO_25Ah,74.99999856275895,73.69207834889212,81.8831956140364,85.32273926616033,515091901822,1000.0,LMO,LMO,True,True,100.0,1.3079202138668222,3.4395436521239304
LMO_25Ah,LMO_25Ah,8.617300837915131,5.322099995167662,88.61359632443516,81.30570652149889,515100102065,1000.0,LMO,LMO,True,True,100.0,3.2952008427474695,7.307889802936273
LMO_25Ah,LMO_25Ah,70.00830014699694,67.08314076569413,88.87799645282749,89.10119646266773,515093002646,1000.0,LMO,LMO,True,True,100.0,2.9251593813028194,0.2232000098402409
LMO_25Ah,LMO_25Ah,74.99999856275895,69.32615947997323,79.54360026532048,85.85239027638116,515100101320,1000.0,LMO,LMO,True,True,100.0,5.673839082785719,6.30879001106068
LMO_25Ah,LMO_25Ah,21.692401574286222,20.367935146883692,83.6023959760034,87.1843463620091,515093000663,1000.0,LMO,LMO,True,True,100.0,1.3244664274025304,3.581950386005701
LMO_25Ah,LMO_25Ah,55.00000105032612,56.01385920881899,60.88039936884637,68.94379774889785,515092901155,1000.0,LMO,LMO,True,True,100.0,1.013858158492873,8.063398380051481
LMO_26Ah,LMO_26Ah,8.376103364411708,10.162404669091746,83.8830741947137,88.81832165660913,H27734091053,1000.0,LMO,LMO,True,True,100.0,1.7863013046800376,4.935247461895429
LMO_26Ah,LMO_26Ah,49.40099995812712,58.74993492432975,80.00807527772267,91.1404978247671,H27733591038,1000.0,LMO,LMO,True,True,100.0,9.348934966202627,11.132422547044428
LMO_26Ah,LMO_26Ah,44.48969970535751,54.59953333859428,79.2303838699786,79.82276691841649,H27734091304,1000.0,LMO,LMO,True,True,100.0,10.109833633236768,0.5923830484378954
LMO_26Ah,LMO_26Ah,72.82489440139221,74.37339396021446,98.36614833967889,93.10193651222608,H27735490851,1000.0,LMO,LMO,True,True,100.0,1.5484995588222432,5.264211827452812
LMO_26Ah,LMO_26Ah,70.00830014699694,74.1052057577528,88.77884423076107,91.8478857891084,H27733490499,1000.0,LMO,LMO,True,True,100.0,4.096905610755854,3.0690415583473367
LMO_26Ah,LMO_26Ah,53.6027015707495,60.85782490161101,95.02961257288986,96.25524772017143,H27735376790,1000.0,LMO,LMO,True,True,100.0,7.255123330861508,1.2256351472815652
LMO_26Ah,LMO_26Ah,43.01369793692715,45.29437706151192,92.50730523597511,95.03238254133466,H27735376805,1000.0,LMO,LMO,True,True,100.0,2.280679124584772,2.525077305359545
LMO_26Ah,LMO_26Ah,59.726499769245834,69.642261930097,81.98538167882471,93.85870074512833,H27735290390,1000.0,LMO,LMO,True,True,100.0,9.915762160851173,11.873319066303623
LMO_26Ah,LMO_26Ah,79.99999794086715,80.87638749378137,85.24307318712121,88.75927421397462,H27733690634,1000.0,LMO,LMO,True,True,100.0,0.8763895529142189,3.516201026853409
LMO_26Ah,LMO_26Ah,41.55420093027903,43.83197146822516,84.84115317685355,86.03934923332226,H27733690394,1000.0,LMO,LMO,True,True,100.0,2.2777705379461324,1.1981960564687029
LMO_26Ah,LMO_26Ah,60.85579940312864,73.10369690565864,81.40538080040349,85.12402343744452,H27734091346,1000.0,LMO,LMO,True,True,100.0,12.247897502529995,3.718642637041029
LMO_26Ah,LMO_26Ah,89.99999404417134,84.3414118595809,99.84076697020134,99.27922353619522,H27734492478,1000.0,LMO,LMO,True,True,100.0,5.658582184590443,0.5615434340061256
LMO_26Ah,LMO_26Ah,46.428099431684736,44.520413796620915,98.93807346363708,99.49723902518829,H27735391963,1000.0,LMO,LMO,True,True,100.0,1.907685635063821,0.559165561551211
LMO_26Ah,LMO_26Ah,89.99999404417134,84.65499139018048,99.155379385371,97.23215487901842,H27734490172,1000.0,LMO,LMO,True,True,100.0,5.345002653990861,1.9232245063525824
LMO_26Ah,LMO_26Ah,9.099602932994166,9.904066729714621,100.23307292118429,97.65566155219156,H27735076555,1000.0,LMO,LMO,True,True,100.0,0.8044637967204551,2.5774113689927276
LFP_35Ah,LFP_35Ah,54.56280111595269,50.895063747814696,86.32713851992527,91.3207481458035,18号,1000.0,LFP,LFP,True,True,100.0,3.667737368137992,4.993609625878236
LFP_35Ah,LFP_35Ah,52.87640052685941,49.534505776072464,81.82657110327499,83.35626712548255,24号,1000.0,LFP,LFP,True,True,100.0,3.341894750786949,1.5296960222075597
LFP_35Ah,LFP_35Ah,25.55260241838855,30.338402347460168,84.09142816381119,87.31034830560354,33号,1000.0,LFP,LFP,True,True,100.0,4.785799929071619,3.2189201417923528
LFP_35Ah,LFP_35Ah,38.830501216096245,43.73913711595875,88.2471408826189,92.71536022199885,35号,1000.0,LFP,LFP,True,True,100.0,4.908635899862503,4.4682193393799565
LFP_35Ah,LFP_35Ah,14.461799111103197,17.632421848764245,87.12485117105062,85.29749184173296,38号,1000.0,LFP,LFP,True,True,100.0,3.1706227376610485,1.8273593293176589
LFP_35Ah,LFP_35Ah,5.0000046163318155,5.121364738891571,85.52485415604023,85.74944563233495,42号,1000.0,LFP,LFP,True,True,100.0,0.12136012255975537,0.22459147629471943
LFP_35Ah,LFP_35Ah,38.75429971153034,35.04356634628141,90.39142373257008,93.4960593854332,44号,1000.0,LFP,LFP,True,True,100.0,3.7107333652489274,3.1046356528631236
LFP_35Ah,LFP_35Ah,34.639400806524534,34.42884148467213,88.95542276257589,86.77758013226298,46号,1000.0,LFP,LFP,True,True,100.0,0.21055932185240778,2.1778426303129095
LFP_35Ah,LFP_35Ah,39.11150132652551,43.83740363761607,79.61485770356319,84.83736945055097,7号,1000.0,LFP,LFP,True,True,100.0,4.725902311090557,5.222511746987777
LFP_68Ah,LFP_68Ah,59.840695702347006,59.307264029991394,84.28293786507221,85.25491962437104,02HCB68111211Y88D0001154,1000.0,LFP,LFP,True,True,100.0,0.5334316723556114,0.9719817592988278
LFP_68Ah,LFP_68Ah,49.40099995812712,44.841579661336574,83.80235165018405,84.4872199252197,02HCB68111211Y87Y0009119,1000.0,LFP,LFP,True,True,100.0,4.559420296790549,0.6848682750356545
LFP_68Ah,LFP_68Ah,16.03880155885085,18.257742441792743,82.6247011469057,82.93583611333345,02HCB68111211Y87Y0008126,1000.0,LFP,LFP,True,True,100.0,2.2189408829418937,0.3111349664277441
LFP_68Ah,LFP_68Ah,27.90890181105184,27.426760217162304,81.53514623308816,83.81627504993202,02HCB68111211Y87Y0015279,1000.0,LFP,LFP,True,True,100.0,0.48214159388953703,2.281128816843861
LFP_68Ah,LFP_68Ah,69.99999653173852,74.43259104356159,75.09117543779192,80.75786589372059,02HCB68111211Y86L0002535,1000.0,LFP,LFP,True,True,100.0,4.432594511823069,5.6666904559286735
LFP_68Ah,LFP_68Ah,8.13500139574832,10.067454287713351,78.54779186631498,81.78025065378375,02HCB68111211Y87Y0014641,1000.0,LFP,LFP,True,True,100.0,1.9324528919650312,3.2324587874687722
LFP_68Ah,LFP_68Ah,31.863299609461187,29.394718359865728,76.97308504265344,84.23569333683501,02HCB68111211Y86X0004792,1000.0,LFP,LFP,True,True,100.0,2.4685812495954593,7.262608294181575
LFP_68Ah,LFP_68Ah,44.46269869636442,36.943769442419864,85.23190928147962,85.3017830003257,02HCB68111211Y88G0002069,1000.0,LFP,LFP,True,True,100.0,7.518929253944556,0.06987371884608251
LFP_68Ah,LFP_68Ah,44.38000045847457,40.706468674071964,82.54852638226058,84.17035062596254,02HCB68111211Y88E0004343,1000.0,LFP,LFP,True,True,100.0,3.6735317844026056,1.6218242437019654
LFP_68Ah,LFP_68Ah,34.24330144638213,34.230593996833285,68.25176350462574,78.43214252167976,02HCB68111211Y86R0006266,1000.0,LFP,LFP,True,True,100.0,0.01270744954884151,10.180379017054022
LFP_68Ah,LFP_68Ah,65.67439927569912,59.378066277858665,85.60896823206804,85.55980382182423,02HCB68111211Y88D0003027,1000.0,LFP,LFP,True,True,100.0,6.296332997840452,0.04916441024380447
LFP_68Ah,LFP_68Ah,52.43750140220706,48.121050724284984,83.1083807995489,84.49894369413236,02HCB68111211Y88E0004542,1000.0,LFP,LFP,True,True,100.0,4.316450677922077,1.3905628945834678
LFP_68Ah,LFP_68Ah,39.5792994530596,35.13753216561099,81.17617128710508,84.4568265966571,02HCB68111211Y87Y0012947,1000.0,LFP,LFP,True,True,100.0,4.441767287448606,3.2806553095520172
LFP_68Ah,LFP_68Ah,44.48969970535751,41.58795476152911,80.56190991484341,83.98864655383096,02HCB68111211Y88E0004475,1000.0,LFP,LFP,True,True,100.0,2.9017449438283975,3.426736638987549
LFP_68Ah,LFP_68Ah,62.82330124492969,53.57704525663952,83.82176486810033,85.47023178542726,02HCB68111211Y87Y0003936,1000.0,LFP,LFP,True,True,100.0,9.246255988290166,1.6484669173269282
LFP_68Ah,LFP_68Ah,50.564998357432486,42.00428075349581,86.852201848961,84.88840521005305,02HCB68111211Y88F0000101,1000.0,LFP,LFP,True,True,100.0,8.560717603936673,1.9637966389079509
LFP_68Ah,LFP_68Ah,64.9999971536303,74.34287220508722,70.91867773985592,75.77896239711532,02HCB68111211Y86P0008027,1000.0,LFP,LFP,True,True,100.0,9.342875051456915,4.860284657259399
LFP_68Ah,LFP_68Ah,43.57689926379472,48.38884961187789,71.51896784661925,82.58224932514713,02HCB68111211Y86M0004689,1000.0,LFP,LFP,True,True,100.0,4.811950348083165,11.063281478527884
LFP_68Ah,LFP_68Ah,41.643902856437975,39.21220786420006,77.89132389039165,83.56748429451841,02HCB68111211Y86H0009376,1000.0,LFP,LFP,True,True,100.0,2.431694992237915,5.676160404126762
LFP_68Ah,LFP_68Ah,57.006596206647345,67.08845189596484,71.28293997378027,81.73730175549603,02HCB68111211Y86P0006552,1000.0,LFP,LFP,True,True,100.0,10.081855689317493,10.454361781715761
LFP_68Ah,LFP_68Ah,24.41099990407093,24.320214594882867,80.76352851871029,83.86861316496024,02HCB68111211Y87Y0008148,1000.0,LFP,LFP,True,True,100.0,0.09078530918806393,3.1050846462499493
LFP_68Ah,LFP_68Ah,38.26200102867698,25.629440041563456,83.86073436758568,84.24325403546817,02HCB68111211Y87Y0007299,1000.0,LFP,LFP,True,True,100.0,12.632560987113521,0.3825196678824909
LMO_10Ah,LMO_10Ah,52.672695335349516,52.91040688219173,64.66599634874413,62.34767568575141,PIP15829A00218444,3000.0,LMO,LMO,True,True,100.0,0.2377115468422133,2.3183206629927184
LMO_10Ah,LMO_10Ah,18.115401762916292,18.630152953852658,65.90499817480412,67.29878558459488,PIP15829A00217239,3000.0,LMO,LMO,True,True,100.0,0.5147511909363658,1.393787409790761
LMO_10Ah,LMO_10Ah,35.37670148771982,32.537486845639926,57.502001663419044,57.07408580759813,PIP15828A00225770,3000.0,LMO,LMO,True,True,100.0,2.839214642079895,0.4279158558209133
LMO_10Ah,LMO_10Ah,65.67439927569912,74.29870121657194,80.47299740603592,78.93702840135116,PIP15710A00246135,3000.0,LMO,LMO,True,True,100.0,8.624301940872826,1.535969004684759
LMO_10Ah,LMO_10Ah,24.387700702471207,24.48941866293083,88.19599417418095,90.04643997309128,PIP15N21A50200566,3000.0,LMO,LMO,True,True,100.0,0.10171796045962367,1.8504457989103287
LMO_10Ah,LMO_10Ah,37.94840027477962,37.939587466181365,89.06699683856765,88.78637247376724,PIP15D19A03261038,3000.0,LMO,LMO,True,True,100.0,0.008812808598257504,0.28062436480040276
LMO_10Ah,LMO_10Ah,30.690801942620944,30.969591182326255,87.89499662822769,88.9989258126558,PIP15D25A03226076,3000.0,LMO,LMO,True,True,100.0,0.27878923970531133,1.103929184428111
LMO_10Ah,LMO_10Ah,50.564998357432486,51.29701974330372,86.37399968243484,88.41434231235257,PIP15D01A03250557,3000.0,LMO,LMO,True,True,100.0,0.732021385871235,2.040342629917731
LMO_10Ah,LMO_10Ah,55.43259950844851,58.458326812762216,83.32999677321057,82.18797498905359,PIP15D01A03229494,3000.0,LMO,LMO,True,True,100.0,3.0257273043137047,1.1420217841569809
LMO_10Ah,LMO_10Ah,47.63939991915674,46.769079566181006,88.51599952186417,88.23412234713473,PIP15D01A03214955,3000.0,LMO,LMO,True,True,100.0,0.8703203529757317,0.28187717472944485
LMO_10Ah,LMO_10Ah,49.833402100745005,51.30008916274589,87.67699884679544,88.03072792788133,PIP15D01A03224640,3000.0,LMO,LMO,True,True,100.0,1.4666870620008865,0.35372908108588774
LMO_10Ah,LMO_10Ah,64.84549419866687,65.94801268365707,87.65499878349092,87.18153686775885,PIP15N15A03208989,3000.0,LMO,LMO,True,True,100.0,1.102518484990199,0.47346191573207363
LMO_10Ah,LMO_10Ah,63.63550358660503,64.34110660933018,89.95499876135536,90.33975496729397,PIP15D25A03236724,3000.0,LMO,LMO,True,True,100.0,0.7056030227251497,0.3847562059386149
LMO_10Ah,LMO_10Ah,53.381097180470086,53.77478272210347,87.00699502164643,88.60422965716666,PIP15N15A03208683,3000.0,LMO,LMO,True,True,100.0,0.3936855416333813,1.5972346355202234
LMO_10Ah,LMO_10Ah,24.077000908089857,21.147343514112706,90.00099541544847,90.22340237952847,PIP15N30A03228344,3000.0,LMO,LMO,True,True,100.0,2.929657393977152,0.22240696407999394
LMO_10Ah,LMO_10Ah,16.92310209601447,15.819673662131725,69.437998064225,75.52465715943082,PIP15829A00218512,3000.0,LMO,LMO,True,True,100.0,1.1034284338827458,6.0866590952058175
LMO_10Ah,LMO_10Ah,25.680200864041012,21.171778162143937,89.01899701665513,90.07105411506397,PIP15N15A03208672,3000.0,LMO,LMO,True,True,100.0,4.508422701897075,1.052057098408838
LMO_10Ah,LMO_10Ah,40.14490277950498,39.213530672557326,90.61599607837498,89.89599527141648,PIP15D15A03236823,3000.0,LMO,LMO,True,True,100.0,0.9313721069476557,0.7200008069584953
LMO_10Ah,LMO_10Ah,74.34220101829476,74.23315836718704,89.38799760413491,88.94617593754946,PIP15512A50200153,3000.0,LMO,LMO,True,True,100.0,0.10904265110771405,0.4418216665854544
LMO_10Ah,LMO_10Ah,25.66410166621489,22.999232767685427,61.937998617589926,60.91928264278715,PIP15829A00217327,3000.0,LMO,LMO,True,True,100.0,2.6648688985294626,1.0187159748027739
LMO_10Ah,LMO_10Ah,85.0000026247998,81.51531222069013,92.3849959512275,90.99234498739457,PIP15D26A03256484,3000.0,LMO,LMO,True,True,100.0,3.4846904041096707,1.3926509638329208
LMO_10Ah,LMO_10Ah,85.0000026247998,79.21787697088998,91.84699851382803,92.52915699845764,PIP15D28A03264309,3000.0,LMO,LMO,True,True,100.0,5.78212565390983,0.6821584846296105
LMO_10Ah,LMO_10Ah,43.991100770491734,44.286519127239735,89.75499502379529,89.66372709319039,PIP15N08A03232188,3000.0,LMO,LMO,True,True,100.0,0.29541835674800154,0.09126793060490002
LMO_10Ah,LMO_10Ah,56.435900402749404,57.1510578888462,88.25699956711344,88.50312138204092,PIP15N14A03236503,3000.0,LMO,LMO,True,True,100.0,0.7151574860967997,0.2461218149274771
LMO_10Ah,LMO_10Ah,55.74399834520065,55.95800214196078,92.64899734329462,90.21562559825774,PIP16N1700C039158,3000.0,LMO,LMO,True,True,100.0,0.2140037967601316,2.4333717450368795
LMO_10Ah,LMO_10Ah,52.8222970349807,52.24941257849868,89.88499887613833,89.29750785758738,PIP15N12A03225967,3000.0,LMO,LMO,True,True,100.0,0.5728844564820221,0.5874910185509492
NMC_15Ah,NMC_15Ah,5.0000046163318155,5.095042543813577,76.45000053354094,78.02693787745476,PJP17601529001A009420,3000.0,NMC,NMC,True,True,100.0,0.09503792748176121,1.5769373439138121
NMC_15Ah,NMC_15Ah,35.356602693103284,35.49549425447563,75.6493310359627,77.1963799144267,PJP17601527001A008674,3000.0,NMC,NMC,True,True,100.0,0.13889156137234693,1.5470488784639969
NMC_15Ah,NMC_15Ah,19.951500882936887,19.930566752584088,77.35932868370213,77.72727472269293,PJP17601529001A010983,3000.0,NMC,NMC,True,True,100.0,0.02093413035279923,0.3679460389907945
NMC_15Ah,NMC_15Ah,69.99999653173852,70.54163896742473,77.14800032857558,78.24602530629119,PJP17601527001A011451,3000.0,NMC,NMC,True,True,100.0,0.5416424356862137,1.0980249777156104
NMC_15Ah,NMC_15Ah,50.95099774912738,51.86833632866187,76.80933310901158,77.46403222609014,PJP17601529001A010816,3000.0,NMC,NMC,True,True,100.0,0.917338579534487,0.6546991170785645
NMC_15Ah,NMC_15Ah,64.9999971536303,66.38094408226347,75.51599563253126,76.9638404310721,PJP17601527001A007049,3000.0,NMC,NMC,True,True,100.0,1.3809469286331648,1.4478447985408422
NMC_15Ah,NMC_15Ah,41.95410025556707,42.17800356009485,77.15599971918252,77.15682501799999,PJP17601529001A003328,3000.0,NMC,NMC,True,True,100.0,0.22390330452778073,0.0008252988174746179
NMC_15Ah,NMC_15Ah,46.82410030246086,48.4300380638263,76.45666426813065,77.21005457828106,PJP17601529003A008872,3000.0,NMC,NMC,True,True,100.0,1.605937761365439,0.753390310150408
NMC_15Ah,NMC_15Ah,23.604701618548173,24.877965513587995,76.25332897948218,79.22600567556229,PJP17601527003A009249,3000.0,NMC,NMC,True,True,100.0,1.2732638950398218,2.9726766960801143
NMC_15Ah,NMC_15Ah,64.9999971536303,67.89075356922345,75.41066220690784,76.4309876725079,PJP17601527001A008438,3000.0,NMC,NMC,True,True,100.0,2.8907564155931453,1.0203254656000524
NMC_15Ah,NMC_15Ah,15.250300334977023,15.16045680962817,76.00799641583761,77.74639446150387,PJP17530529002A009949,3000.0,NMC,NMC,True,True,100.0,0.08984352534885254,1.7383980456662584
NMC_15Ah,NMC_15Ah,27.26530265280591,25.3352373818417,76.32466388830355,76.61344448210686,PJP17601529001A010435,3000.0,NMC,NMC,True,True,100.0,1.93006527096421,0.28878059380330967
NMC_15Ah,NMC_15Ah,47.527301113167965,46.22351214686064,80.00799780714402,79.35262580275374,PJP17930O01003A016716,3000.0,NMC,NMC,True,True,100.0,1.303788966307323,0.6553720043902871
NMC_15Ah,NMC_15Ah,41.72750142641355,42.821431771309406,75.98000012974555,77.11671928994875,PJP17601529003A008762,3000.0,NMC,NMC,True,True,100.0,1.0939303448958526,1.1367191602031994
NMC_15Ah,NMC_15Ah,29.79689918966566,29.85552722334094,75.26066715079567,75.99148854224975,PJP17601529003A008717,3000.0,NMC,NMC,True,True,100.0,0.05862803367528002,0.7308213914540858
NMC_21Ah,NMC_21Ah,48.708301363683375,56.58887925964065,77.00523564899981,80.14480737076988,02LCC02100101A8BC0104122,3000.0,NMC,NMC,True,True,100.0,7.880577895957273,3.139571721770068
NMC_21Ah,NMC_21Ah,41.72750142641355,41.72729715217237,99.73428381794949,99.70422776308465,02LCC02100101A87Y0163477,3000.0,NMC,NMC,True,True,100.0,0.0002042742411845211,0.030056054864843418
NMC_21Ah,NMC_21Ah,41.64969946964553,40.87709963583019,100.02142962444005,100.11935496550579,02LCC02100101A87Y0013547,3000.0,NMC,NMC,True,True,100.0,0.7725998338153417,0.09792534106574635
NMC_21Ah,NMC_21Ah,69.99999653173852,68.73367663444276,101.11618692476883,100.1920103524351,02LCC02100101A87Y0027455,3000.0,NMC,NMC,True,True,100.0,1.2663198972957588,0.924176572333721
NMC_21Ah,NMC_21Ah,69.99999653173852,69.1893912432215,100.6080937631413,100.02961431202286,02LCC02100101A87Y0010456,3000.0,NMC,NMC,True,True,100.0,0.8106052885170243,0.5784794511184401
NMC_21Ah,NMC_21Ah,69.99999653173852,69.93813327160711,98.91618565361999,99.79209900407379,02LCC02100101A87Y0184257,3000.0,NMC,NMC,True,True,100.0,0.06186326013140331,0.8759133504537999
NMC_21Ah,NMC_21Ah,55.92349703913051,54.397345612876016,100.59999887818844,100.97852328753913,02LCC02100101A87Y0173907,3000.0,NMC,NMC,True,True,100.0,1.5261514262544935,0.378524409350689
NMC_21Ah,NMC_21Ah,46.949499483880345,46.17037298857504,99.18856714885197,100.11246925399277,02LCC02100101A87Y0085499,3000.0,NMC,NMC,True,True,100.0,0.7791264953053059,0.9239021051407974
NMC_21Ah,NMC_21Ah,56.198899836382985,55.372162188637056,99.26904548319277,100.52644040565659,02LCC02100101A87Y0055909,3000.0,NMC,NMC,True,True,100.0,0.8267376477459294,1.257394922463817
NMC_21Ah,NMC_21Ah,20.500100580928294,20.685085497335606,83.75523416282624,85.39618192808226,02LCC02100101A87B0101984,3000.0,NMC,NMC,True,True,100.0,0.18498491640731274,1.6409477652560156
LMO_24Ah,LMO_24Ah,41.643902856437975,44.015811984622225,76.34124575419918,77.06150711526709,A170530525010800528,3000.0,LMO,LMO,True,True,100.0,2.3719091281842495,0.7202613610679123
LMO_24Ah,LMO_24Ah,74.99999856275895,5.545899670311733,79.57207939865172,98.48252495913408,A170530525010800027,3000.0,LMO,LMO,True,True,100.0,69.45409889244722,18.91044556048236
LMO_24Ah,LMO_24Ah,60.85579940312864,59.691230627695305,79.88583239632818,79.66695524477664,A170528511010802426,3000.0,LMO,LMO,True,True,100.0,1.164568775433338,0.21887715155153842
LMO_24Ah,LMO_24Ah,46.791699622251606,48.547666202116154,74.20832957727146,75.1251859704388,A170526507010800030,3000.0,LMO,LMO,True,True,100.0,1.7559665798645483,0.9168563931673503
LMO_24Ah,LMO_24Ah,65.67439927569912,64.24494649997806,81.9745813315415,81.19952819225853,A170530525010800523,3000.0,LMO,LMO,True,True,100.0,1.4294527757210602,0.7750531392829743
LMO_24Ah,LMO_24Ah,37.1305022963682,36.09525536469029,78.98291722904705,80.74828136021253,A170528511010800172,3000.0,LMO,LMO,True,True,100.0,1.0352469316779107,1.7653641311654837
LMO_24Ah,LMO_24Ah,38.26200102867698,37.89340092760456,79.26375060630659,80.60869455539365,A170530525010800543,3000.0,LMO,LMO,True,True,100.0,0.3686001010724169,1.3449439490870674
LMO_24Ah,LMO_24Ah,44.114199213785696,41.890057296430335,78.65249920318031,78.18844031845774,A170527511010800648,3000.0,LMO,LMO,True,True,100.0,2.224141917355361,0.4640588847225757
LMO_24Ah,LMO_24Ah,23.095200540901402,22.523161036962442,79.1762448999661,81.7006330333821,A170530525010800530,3000.0,LMO,LMO,True,True,100.0,0.5720395039389601,2.5243881334160108
LMO_24Ah,LMO_24Ah,21.101602001561332,19.966167508162513,80.67708368498764,80.22514657427554,A170526511010800410,3000.0,LMO,LMO,True,True,100.0,1.1354344933988187,0.45193711071209464
LMO_24Ah,LMO_24Ah,69.99999653173852,74.61799777301238,75.8099955298905,74.62941663873917,A170523507010800997,3000.0,LMO,LMO,True,True,100.0,4.618001241273859,1.1805788911513275
LMO_24Ah,LMO_24Ah,74.99999856275895,75.12848440755005,81.11541632967582,81.31901217243373,A170525507010800584,3000.0,LMO,LMO,True,True,100.0,0.1284858447911006,0.2035958427579061
LMO_24Ah,LMO_24Ah,49.40099995812712,53.659761733300904,79.19208209968735,80.29597650140667,A170530525010800427,3000.0,LMO,LMO,True,True,100.0,4.258761775173781,1.103894401719316
LMO_24Ah,LMO_24Ah,69.99999653173852,75.00386120295583,73.4933305238358,76.70814704710075,A170528511010800479,3000.0,LMO,LMO,True,True,100.0,5.003864671217315,3.2148165232649575
LMO_24Ah,LMO_24Ah,57.006596206647345,64.53038393771455,72.01916470094038,75.31489971791544,A170530525010800449,3000.0,LMO,LMO,True,True,100.0,7.523787731067202,3.2957350169750583
LMO_24Ah,LMO_24Ah,31.863299609461187,29.240347387285393,75.95833366423889,76.08437861190967,A170529511010800365,3000.0,LMO,LMO,True,True,100.0,2.622952222175794,0.12604494767077767
LMO_25Ah,LMO_25Ah,38.062501366268805,39.650770939486904,92.11839660702083,94.3309114319636,515092905216,3000.0,LMO,LMO,True,True,100.0,1.5882695732180991,2.2125148249427724
LMO_25Ah,LMO_25Ah,22.88470256764415,20.960298611364124,87.47679874503397,88.88480659100053,515093005020,3000.0,LMO,LMO,True,True,100.0,1.9244039562800275,1.4080078459665515
LMO_25Ah,LMO_25Ah,41.55420093027903,44.53030120047655,83.84559477856742,80.27083461087983,515093000439,3000.0,LMO,LMO,True,True,100.0,2.97610027019752,3.574760167687586
LMO_25Ah,LMO_25Ah,50.48199868239127,45.99236722099875,91.85159425827743,92.23107993521627,515092905212,3000.0,LMO,LMO,True,True,100.0,4.48963146139252,0.3794856769388417
LMO_25Ah,LMO_25Ah,65.67439927569912,65.85751919481355,84.35679992543416,83.04485974720377,515093004482,3000.0,LMO,LMO,True,True,100.0,0.18311991911443215,1.3119401782303868
LMO_25Ah,LMO_25Ah,6.929202384999056,9.459059274668485,52.694398896880614,52.67381006293331,515093001608,3000.0,LMO,LMO,True,True,100.0,2.5298568896694293,0.0205888339473006
LMO_25Ah,LMO_25Ah,47.2815008369574,52.79833062595686,88.47479497642186,90.62207419863138,515093003101,3000.0,LMO,LMO,True,True,100.0,5.516829788999459,2.1472792222095194
LMO_25Ah,LMO_25Ah,24.077000908089857,24.76550060571243,92.00799692176012,93.65310078593171,515093004064,3000.0,LMO,LMO,True,True,100.0,0.6884996976225715,1.6451038641715883
LMO_25Ah,LMO_25Ah,29.79689918966566,30.05652113855879,70.58879600011731,66.87431005487893,515093000629,3000.0,LMO,LMO,True,True,100.0,0.2596219488931304,3.71448594523838
LMO_25Ah,LMO_25Ah,74.99999856275895,72.26915704306445,81.8831956140364,85.20312232117566,515091901822,3000.0,LMO,LMO,True,True,100.0,2.7308415196944935,3.3199267071392597
LMO_25Ah,LMO_25Ah,8.617300837915131,5.107505925437889,88.61359632443516,78.66615742429961,515100102065,3000.0,LMO,LMO,True,True,100.0,3.5097949124772425,9.947438900135552
LMO_25Ah,LMO_25Ah,70.00830014699694,69.58989874863668,88.87799645282749,87.16298313848172,515093002646,3000.0,LMO,LMO,True,True,100.0,0.4184013983602597,1.715013314345768
LMO_25Ah,LMO_25Ah,74.99999856275895,69.22885861836514,79.54360026532048,86.31660979397702,515100101320,3000.0,LMO,LMO,True,True,100.0,5.771139944393809,6.773009528656544
LMO_25Ah,LMO_25Ah,21.692401574286222,20.459765703487676,83.6023959760034,85.06784588449095,515093000663,3000.0,LMO,LMO,True,True,100.0,1.2326358707985463,1.4654499084875567
LMO_25Ah,LMO_25Ah,55.00000105032612,56.45904308252796,60.88039936884637,66.66949428766212,515092901155,3000.0,LMO,LMO,True,True,100.0,1.4590420322018431,5.789094918815749
LMO_26Ah,LMO_26Ah,8.376103364411708,9.941284435293046,83.8830741947137,84.83854174641434,H27734091053,3000.0,LMO,LMO,True,True,100.0,1.5651810708813372,0.9554675517006359
LMO_26Ah,LMO_26Ah,49.40099995812712,61.00132622958508,80.00807527772267,85.50384579519404,H27733591038,3000.0,LMO,LMO,True,True,100.0,11.60032627145796,5.495770517471371
LMO_26Ah,LMO_26Ah,44.48969970535751,55.930040447128896,79.2303838699786,79.79383908814195,H27734091304,3000.0,LMO,LMO,True,True,100.0,11.440340741771386,0.5634552181633552
LMO_26Ah,LMO_26Ah,72.82489440139221,77.49908167063995,98.36614833967889,95.32542749523462,H27735490851,3000.0,LMO,LMO,True,True,100.0,4.674187269247739,3.040720844444266
LMO_26Ah,LMO_26Ah,70.00830014699694,74.11349345553788,88.77884423076107,88.81397002353408,H27733490499,3000.0,LMO,LMO,True,True,100.0,4.105193308540933,0.035125792773015974
LMO_26Ah,LMO_26Ah,53.6027015707495,61.43835505112013,95.02961257288986,94.97848957993517,H27735376790,3000.0,LMO,LMO,True,True,100.0,7.835653480370631,0.051122992954688584
LMO_26Ah,LMO_26Ah,43.01369793692715,46.69623125976164,92.50730523597511,95.35068353628758,H27735376805,3000.0,LMO,LMO,True,True,100.0,3.6825333228344874,2.843378300312466
LMO_26Ah,LMO_26Ah,59.726499769245834,73.8885689456112,81.98538167882471,91.25010256702892,H27735290390,3000.0,LMO,LMO,True,True,100.0,14.162069176365364,9.26472088820421
LMO_26Ah,LMO_26Ah,79.99999794086715,80.44767422560977,85.24307318712121,88.942710314929,H27733690634,3000.0,LMO,LMO,True,True,100.0,0.4476762847426272,3.69963712780779
LMO_26Ah,LMO_26Ah,41.55420093027903,45.393037209020356,84.84115317685355,83.37611919841657,H27733690394,3000.0,LMO,LMO,True,True,100.0,3.8388362787413257,1.4650339784369777
LMO_26Ah,LMO_26Ah,60.85579940312864,68.41453394691128,81.40538080040349,83.13343620761347,H27734091346,3000.0,LMO,LMO,True,True,100.0,7.558734543782634,1.728055407209979
LMO_26Ah,LMO_26Ah,89.99999404417134,84.54014151421632,99.84076697020134,97.56955727280854,H27734492478,3000.0,LMO,LMO,True,True,100.0,5.459852529955029,2.2712096973928055
LMO_26Ah,LMO_26Ah,46.428099431684736,46.095540967040826,98.93807346363708,98.72448612967837,H27735391963,3000.0,LMO,LMO,True,True,100.0,0.3325584646439097,0.21358733395871354
LMO_26Ah,LMO_26Ah,89.99999404417134,84.052260344732,99.155379385371,94.80631770111658,H27734490172,3000.0,LMO,LMO,True,True,100.0,5.94773369943934,4.349061684254423
LMO_26Ah,LMO_26Ah,9.099602932994166,9.997905540871521,100.23307292118429,97.07541260981544,H27735076555,3000.0,LMO,LMO,True,True,100.0,0.8983026078773548,3.1576603113688435
LFP_35Ah,LFP_35Ah,54.56280111595269,48.648284530459286,86.32713851992527,91.74358193166495,18号,3000.0,LFP,LFP,True,True,100.0,5.914516585493402,5.416443411739678
LFP_35Ah,LFP_35Ah,52.87640052685941,48.700909687001655,81.82657110327499,83.43000077638409,24号,3000.0,LFP,LFP,True,True,100.0,4.175490839857758,1.6034296731091047
LFP_35Ah,LFP_35Ah,25.55260241838855,29.567265097314856,84.09142816381119,87.32219434759531,33号,3000.0,LFP,LFP,True,True,100.0,4.014662678926307,3.2307661837841266
LFP_35Ah,LFP_35Ah,38.830501216096245,41.95891197511178,88.2471408826189,89.2892128139558,35号,3000.0,LFP,LFP,True,True,100.0,3.1284107590155372,1.0420719313369062
LFP_35Ah,LFP_35Ah,14.461799111103197,18.429091389373117,87.12485117105062,84.39534509563525,38号,3000.0,LFP,LFP,True,True,100.0,3.9672922782699196,2.7295060754153724
LFP_35Ah,LFP_35Ah,5.0000046163318155,4.919292414855015,85.52485415604023,85.91504547643245,42号,3000.0,LFP,LFP,True,True,100.0,0.0807122014768007,0.39019132039221915
LFP_35Ah,LFP_35Ah,38.75429971153034,38.37962568501953,90.39142373257008,90.99524333565545,44号,3000.0,LFP,LFP,True,True,100.0,0.37467402651080306,0.6038196030853697
LFP_35Ah,LFP_35Ah,34.639400806524534,35.7913151906535,88.95542276257589,85.32253183473341,46号,3000.0,LFP,LFP,True,True,100.0,1.1519143841289647,3.6328909278424817
LFP_35Ah,LFP_35Ah,39.11150132652551,41.13070212688902,79.61485770356319,85.30326632475203,7号,3000.0,LFP,LFP,True,True,100.0,2.0192008003635067,5.688408621188842
LFP_68Ah,LFP_68Ah,59.840695702347006,63.47639782893446,84.28293786507221,84.97989100689752,02HCB68111211Y88D0001154,3000.0,LFP,LFP,True,True,100.0,3.6357021265874536,0.6969531418253041
LFP_68Ah,LFP_68Ah,49.40099995812712,46.42079928047471,83.80235165018405,85.05547754850619,02HCB68111211Y87Y0009119,3000.0,LFP,LFP,True,True,100.0,2.9802006776524124,1.2531258983221392
LFP_68Ah,LFP_68Ah,16.03880155885085,20.985953599017996,82.6247011469057,84.00256275988232,02HCB68111211Y87Y0008126,3000.0,LFP,LFP,True,True,100.0,4.947152040167147,1.3778616129766164
LFP_68Ah,LFP_68Ah,27.90890181105184,31.397217419714433,81.53514623308816,81.29676230603886,02HCB68111211Y87Y0015279,3000.0,LFP,LFP,True,True,100.0,3.4883156086625924,0.23838392704929845
LFP_68Ah,LFP_68Ah,69.99999653173852,74.52583560238051,75.09117543779192,78.5029854132751,02HCB68111211Y86L0002535,3000.0,LFP,LFP,True,True,100.0,4.525839070641993,3.4118099754831803
LFP_68Ah,LFP_68Ah,8.13500139574832,10.158037975572459,78.54779186631498,83.84490750386253,02HCB68111211Y87Y0014641,3000.0,LFP,LFP,True,True,100.0,2.0230365798241383,5.297115637547549
LFP_68Ah,LFP_68Ah,31.863299609461187,34.58780166378447,76.97308504265344,83.37690370660282,02HCB68111211Y86X0004792,3000.0,LFP,LFP,True,True,100.0,2.724502054323281,6.40381866394938
LFP_68Ah,LFP_68Ah,44.46269869636442,43.79500844222016,85.23190928147962,84.88063791497562,02HCB68111211Y88G0002069,3000.0,LFP,LFP,True,True,100.0,0.6676902541442615,0.35127136650399393
LFP_68Ah,LFP_68Ah,44.38000045847457,44.539494536171816,82.54852638226058,84.38119902726238,02HCB68111211Y88E0004343,3000.0,LFP,LFP,True,True,100.0,0.15949407769724644,1.8326726450018072
LFP_68Ah,LFP_68Ah,34.24330144638213,38.33253350853255,68.25176350462574,80.44303589689767,02HCB68111211Y86R0006266,3000.0,LFP,LFP,True,True,100.0,4.089232062150423,12.191272392271927
LFP_68Ah,LFP_68Ah,65.67439927569912,51.59469241221334,85.60896823206804,85.28683030907844,02HCB68111211Y88D0003027,3000.0,LFP,LFP,True,True,100.0,14.079706863485775,0.3221379229895973
LFP_68Ah,LFP_68Ah,52.43750140220706,51.312124099046166,83.1083807995489,84.3551214818693,02HCB68111211Y88E0004542,3000.0,LFP,LFP,True,True,100.0,1.1253773031608958,1.2467406823204072
LFP_68Ah,LFP_68Ah,39.5792994530596,40.29978158269875,81.17617128710508,85.07306945683388,02HCB68111211Y87Y0012947,3000.0,LFP,LFP,True,True,100.0,0.7204821296391515,3.8968981697288
LFP_68Ah,LFP_68Ah,44.48969970535751,45.96126912069106,80.56190991484341,84.01895160150713,02HCB68111211Y88E0004475,3000.0,LFP,LFP,True,True,100.0,1.4715694153335477,3.4570416866637146
LFP_68Ah,LFP_68Ah,62.82330124492969,52.61038903887686,83.82176486810033,85.70121513782195,02HCB68111211Y87Y0003936,3000.0,LFP,LFP,True,True,100.0,10.212912206052827,1.879450269721616
LFP_68Ah,LFP_68Ah,50.564998357432486,46.14442684380468,86.852201848961,85.22048007863197,02HCB68111211Y88F0000101,3000.0,LFP,LFP,True,True,100.0,4.420571513627806,1.6317217703290368
LFP_68Ah,LFP_68Ah,64.9999971536303,74.37490612018163,70.91867773985592,73.74397092884047,02HCB68111211Y86P0008027,3000.0,LFP,LFP,True,True,100.0,9.374908966551331,2.8252931889845456
LFP_68Ah,LFP_68Ah,43.57689926379472,47.70641845096575,71.51896784661925,82.6674498865147,02HCB68111211Y86M0004689,3000.0,LFP,LFP,True,True,100.0,4.129519187171027,11.148482039895455
LFP_68Ah,LFP_68Ah,41.643902856437975,45.15110023623474,77.89132389039165,83.379789801864,02HCB68111211Y86H0009376,3000.0,LFP,LFP,True,True,100.0,3.5071973797967644,5.48846591147236
LFP_68Ah,LFP_68Ah,57.006596206647345,67.88013926741867,71.28293997378027,79.29975861505689,02HCB68111211Y86P0006552,3000.0,LFP,LFP,True,True,100.0,10.873543060771325,8.016818641276615
LFP_68Ah,LFP_68Ah,24.41099990407093,29.156095537674865,80.76352851871029,83.20195403322994,02HCB68111211Y87Y0008148,3000.0,LFP,LFP,True,True,100.0,4.745095633603935,2.4384255145196505
LFP_68Ah,LFP_68Ah,38.26200102867698,37.75530971668854,83.86073436758568,83.61946246779945,02HCB68111211Y87Y0007299,3000.0,LFP,LFP,True,True,100.0,0.5066913119884404,0.2412718997862271
LMO_10Ah,LMO_10Ah,52.672695335349516,52.41302696049248,64.66599634874413,63.71200024396529,PIP15829A00218444,5000.0,LMO,LMO,True,True,100.0,0.25966837485703564,0.9539961047788381
LMO_10Ah,LMO_10Ah,18.115401762916292,16.778544908975586,65.90499817480412,66.68954810030708,PIP15829A00217239,5000.0,LMO,LMO,True,True,100.0,1.3368568539407057,0.784549925502958
LMO_10Ah,LMO_10Ah,35.37670148771982,33.396826131696024,57.502001663419044,57.50488799583504,PIP15828A00225770,5000.0,LMO,LMO,True,True,100.0,1.979875356023797,0.002886332415997117
LMO_10Ah,LMO_10Ah,65.67439927569912,72.432067076863,80.47299740603592,82.43855910931131,PIP15710A00246135,5000.0,LMO,LMO,True,True,100.0,6.75766780116389,1.965561703275398
LMO_10Ah,LMO_10Ah,24.387700702471207,20.473953478057027,88.19599417418095,90.50167037391213,PIP15N21A50200566,5000.0,LMO,LMO,True,True,100.0,3.9137472244141804,2.305676199731181
LMO_10Ah,LMO_10Ah,37.94840027477962,38.4615762990835,89.06699683856765,88.4609261618112,PIP15D19A03261038,5000.0,LMO,LMO,True,True,100.0,0.5131760243038741,0.6060706767564454
LMO_10Ah,LMO_10Ah,30.690801942620944,30.93321047055423,87.89499662822769,88.86125616750368,PIP15D25A03226076,5000.0,LMO,LMO,True,True,100.0,0.2424085279332857,0.9662595392759954
LMO_10Ah,LMO_10Ah,50.564998357432486,51.54065126377188,86.37399968243484,88.3414159365012,PIP15D01A03250557,5000.0,LMO,LMO,True,True,100.0,0.9756529063393913,1.9674162540663644
LMO_10Ah,LMO_10Ah,55.43259950844851,58.17885046879112,83.32999677321057,81.68622698402399,PIP15D01A03229494,5000.0,LMO,LMO,True,True,100.0,2.746250960342607,1.6437697891865781
LMO_10Ah,LMO_10Ah,47.63939991915674,46.324468058284175,88.51599952186417,88.52298958150355,PIP15D01A03214955,5000.0,LMO,LMO,True,True,100.0,1.3149318608725622,0.006990059639377932
LMO_10Ah,LMO_10Ah,49.833402100745005,50.90240501916418,87.67699884679544,88.02595257817202,PIP15D01A03224640,5000.0,LMO,LMO,True,True,100.0,1.069002918419173,0.34895373137658225
LMO_10Ah,LMO_10Ah,64.84549419866687,65.54426862532966,87.65499878349092,87.33289287640372,PIP15N15A03208989,5000.0,LMO,LMO,True,True,100.0,0.6987744266627942,0.3221059070872059
LMO_10Ah,LMO_10Ah,63.63550358660503,64.61369864608226,89.95499876135536,89.50905344654059,PIP15D25A03236724,5000.0,LMO,LMO,True,True,100.0,0.9781950594772226,0.4459453148147645
LMO_10Ah,LMO_10Ah,53.381097180470086,53.63999488432629,87.00699502164643,88.39476881729524,PIP15N15A03208683,5000.0,LMO,LMO,True,True,100.0,0.25889770385620636,1.3877737956488119
LMO_10Ah,LMO_10Ah,24.077000908089857,20.693241875965647,90.00099541544847,90.33661756696185,PIP15N30A03228344,5000.0,LMO,LMO,True,True,100.0,3.3837590321242104,0.3356221515133768
LMO_10Ah,LMO_10Ah,16.92310209601447,15.022126007576997,69.437998064225,74.74469855148706,PIP15829A00218512,5000.0,LMO,LMO,True,True,100.0,1.9009760884374742,5.306700487262063
LMO_10Ah,LMO_10Ah,25.680200864041012,20.791321367311237,89.01899701665513,89.38099900692156,PIP15N15A03208672,5000.0,LMO,LMO,True,True,100.0,4.888879496729775,0.3620019902664211
LMO_10Ah,LMO_10Ah,40.14490277950498,39.80997539378254,90.61599607837498,89.37328894521039,PIP15D15A03236823,5000.0,LMO,LMO,True,True,100.0,0.3349273857224446,1.2427071331645863
LMO_10Ah,LMO_10Ah,74.34220101829476,72.87362309310683,89.38799760413491,89.63238724016504,PIP15512A50200153,5000.0,LMO,LMO,True,True,100.0,1.4685779251879296,0.2443896360301352
LMO_10Ah,LMO_10Ah,25.66410166621489,23.984923630649124,61.937998617589926,60.96387534027126,PIP15829A00217327,5000.0,LMO,LMO,True,True,100.0,1.6791780355657657,0.9741232773186681
LMO_10Ah,LMO_10Ah,85.0000026247998,82.48174426736993,92.3849959512275,90.8761947717529,PIP15D26A03256484,5000.0,LMO,LMO,True,True,100.0,2.518258357429872,1.5088011794745881
LMO_10Ah,LMO_10Ah,85.0000026247998,82.8063280778711,91.84699851382803,91.49847513942102,PIP15D28A03264309,5000.0,LMO,LMO,True,True,100.0,2.1936745469287047,0.34852337440700865
LMO_10Ah,LMO_10Ah,43.991100770491734,43.584297572757,89.75499502379529,89.53351264735599,PIP15N08A03232188,5000.0,LMO,LMO,True,True,100.0,0.4068031977347317,0.22148237643929747
LMO_10Ah,LMO_10Ah,56.435900402749404,56.7467089665319,88.25699956711344,88.28120738380628,PIP15N14A03236503,5000.0,LMO,LMO,True,True,100.0,0.3108085637824942,0.02420781669283656
LMO_10Ah,LMO_10Ah,55.74399834520065,55.275295078177436,92.64899734329462,90.14558017931286,PIP16N1700C039158,5000.0,LMO,LMO,True,True,100.0,0.46870326702321563,2.5034171639817657
LMO_10Ah,LMO_10Ah,52.8222970349807,51.756257419514775,89.88499887613833,89.39396600075543,PIP15N12A03225967,5000.0,LMO,LMO,True,True,100.0,1.0660396154659253,0.4910328753828992
NMC_15Ah,NMC_15Ah,5.0000046163318155,5.269922517562947,76.45000053354094,77.87253363869479,PJP17601529001A009420,5000.0,NMC,NMC,True,True,100.0,0.2699179012311319,1.4225331051538461
NMC_15Ah,NMC_15Ah,35.356602693103284,35.59638981214608,75.6493310359627,77.15093662160967,PJP17601527001A008674,5000.0,NMC,NMC,True,True,100.0,0.23978711904279493,1.5016055856469706
NMC_15Ah,NMC_15Ah,19.951500882936887,19.96608924725193,77.35932868370213,77.71546947133237,PJP17601529001A010983,5000.0,NMC,NMC,True,True,100.0,0.014588364315041957,0.35614078763023826
NMC_15Ah,NMC_15Ah,69.99999653173852,70.62963606586628,77.14800032857558,78.16254617280187,PJP17601527001A011451,5000.0,NMC,NMC,True,True,100.0,0.6296395341277616,1.0145458442262907
NMC_15Ah,NMC_15Ah,50.95099774912738,51.43949041487911,76.80933310901158,78.25596304239662,PJP17601529001A010816,5000.0,NMC,NMC,True,True,100.0,0.48849266575172834,1.44662993338504
NMC_15Ah,NMC_15Ah,64.9999971536303,66.69227659621004,75.51599563253126,77.05596907561613,PJP17601527001A007049,5000.0,NMC,NMC,True,True,100.0,1.692279442579732,1.5399734430848753
NMC_15Ah,NMC_15Ah,41.95410025556707,42.35151197822486,77.15599971918252,77.73688170685847,PJP17601529001A003328,5000.0,NMC,NMC,True,True,100.0,0.3974117226577931,0.5808819876759515
NMC_15Ah,NMC_15Ah,46.82410030246086,47.77986764200365,76.45666426813065,77.62068026577296,PJP17601529003A008872,5000.0,NMC,NMC,True,True,100.0,0.9557673395427884,1.1640159976423092
NMC_15Ah,NMC_15Ah,23.604701618548173,24.94006488290725,76.25332897948218,79.11401294223938,PJP17601527003A009249,5000.0,NMC,NMC,True,True,100.0,1.3353632643590778,2.860683962757207
NMC_15Ah,NMC_15Ah,64.9999971536303,67.50379979235628,75.41066220690784,76.5384137523742,PJP17601527001A008438,5000.0,NMC,NMC,True,True,100.0,2.503802638725972,1.127751545466353
NMC_15Ah,NMC_15Ah,15.250300334977023,14.945337463278213,76.00799641583761,77.78650335161956,PJP17530529002A009949,5000.0,NMC,NMC,True,True,100.0,0.30496287169881064,1.778506935781948
NMC_15Ah,NMC_15Ah,27.26530265280591,24.991671984383988,76.32466388830355,76.28491041423032,PJP17601529001A010435,5000.0,NMC,NMC,True,True,100.0,2.273630668421923,0.039753474073222606
NMC_15Ah,NMC_15Ah,47.527301113167965,46.53724090377276,80.00799780714402,79.01571479377677,PJP17930O01003A016716,5000.0,NMC,NMC,True,True,100.0,0.9900602093952031,0.9922830133672562
NMC_15Ah,NMC_15Ah,41.72750142641355,42.85834555263126,75.98000012974555,77.35952789376152,PJP17601529003A008762,5000.0,NMC,NMC,True,True,100.0,1.1308441262177098,1.3795277640159753
NMC_15Ah,NMC_15Ah,29.79689918966566,30.309650748013837,75.26066715079567,76.57002301328937,PJP17601529003A008717,5000.0,NMC,NMC,True,True,100.0,0.5127515583481781,1.3093558624937032
NMC_21Ah,NMC_21Ah,48.708301363683375,54.614662897002844,77.00523564899981,81.1113660413414,02LCC02100101A8BC0104122,5000.0,NMC,NMC,True,True,100.0,5.906361533319469,4.1061303923415835
NMC_21Ah,NMC_21Ah,41.72750142641355,41.144237285051474,99.73428381794949,99.98331662939556,02LCC02100101A87Y0163477,5000.0,NMC,NMC,True,True,100.0,0.5832641413620792,0.24903281144607092
NMC_21Ah,NMC_21Ah,41.64969946964553,40.683052661430914,100.02142962444005,100.36504737208305,02LCC02100101A87Y0013547,5000.0,NMC,NMC,True,True,100.0,0.9666468082146196,0.3436177476430089
NMC_21Ah,NMC_21Ah,69.99999653173852,68.80246134256433,101.11618692476883,100.33090087066545,02LCC02100101A87Y0027455,5000.0,NMC,NMC,True,True,100.0,1.1975351891741894,0.7852860541033806
NMC_21Ah,NMC_21Ah,69.99999653173852,69.11775730737226,100.6080937631413,99.98693909041197,02LCC02100101A87Y0010456,5000.0,NMC,NMC,True,True,100.0,0.8822392243662591,0.6211546727293324
NMC_21Ah,NMC_21Ah,69.99999653173852,70.62084962058324,98.91618565361999,99.06336204549507,02LCC02100101A87Y0184257,5000.0,NMC,NMC,True,True,100.0,0.6208530888447257,0.14717639187507814
NMC_21Ah,NMC_21Ah,55.92349703913051,54.19781345229311,100.59999887818844,100.79393081962098,02LCC02100101A87Y0173907,5000.0,NMC,NMC,True,True,100.0,1.7256835868373983,0.19393194143253822
NMC_21Ah,NMC_21Ah,46.949499483880345,45.696026977253204,99.18856714885197,100.3180350628935,02LCC02100101A87Y0085499,5000.0,NMC,NMC,True,True,100.0,1.2534725066271406,1.129467914041527
NMC_21Ah,NMC_21Ah,56.198899836382985,54.45381815536998,99.26904548319277,99.9735357316861,02LCC02100101A87Y0055909,5000.0,NMC,NMC,True,True,100.0,1.745081681013005,0.7044902484933289
NMC_21Ah,NMC_21Ah,20.500100580928294,20.43798396767959,83.75523416282624,85.53642430791007,02LCC02100101A87B0101984,5000.0,NMC,NMC,True,True,100.0,0.062116613248704766,1.7811901450838263
LMO_24Ah,LMO_24Ah,41.643902856437975,41.666718233171004,76.34124575419918,76.31935541453055,A170530525010800528,5000.0,LMO,LMO,True,True,100.0,0.02281537673302836,0.021890339668630077
LMO_24Ah,LMO_24Ah,74.99999856275895,9.325259646694434,79.57207939865172,98.40979241783259,A170530525010800027,5000.0,LMO,LMO,True,True,100.0,65.67473891606451,18.837713019180867
LMO_24Ah,LMO_24Ah,60.85579940312864,61.16517937367898,79.88583239632818,79.67789377427566,A170528511010802426,5000.0,LMO,LMO,True,True,100.0,0.3093799705503386,0.20793862205252367
LMO_24Ah,LMO_24Ah,46.791699622251606,47.67548947381227,74.20832957727146,74.02410770330505,A170526507010800030,5000.0,LMO,LMO,True,True,100.0,0.8837898515606639,0.18422187396640766
LMO_24Ah,LMO_24Ah,65.67439927569912,64.89138427430274,81.9745813315415,82.22965479278042,A170530525010800523,5000.0,LMO,LMO,True,True,100.0,0.7830150013963788,0.25507346123892205
LMO_24Ah,LMO_24Ah,37.1305022963682,35.874327798641794,78.98291722904705,80.48640202958755,A170528511010800172,5000.0,LMO,LMO,True,True,100.0,1.2561744977264055,1.5034848005405053
LMO_24Ah,LMO_24Ah,38.26200102867698,37.10767100216184,79.26375060630659,80.25022712075236,A170530525010800543,5000.0,LMO,LMO,True,True,100.0,1.1543300265151402,0.9864765144457692
LMO_24Ah,LMO_24Ah,44.114199213785696,43.22930276621395,78.65249920318031,78.02984002019294,A170527511010800648,5000.0,LMO,LMO,True,True,100.0,0.884896447571748,0.6226591829873769
LMO_24Ah,LMO_24Ah,23.095200540901402,24.97799489541759,79.1762448999661,81.32731923191015,A170530525010800530,5000.0,LMO,LMO,True,True,100.0,1.8827943545161894,2.1510743319440593
LMO_24Ah,LMO_24Ah,21.101602001561332,20.184051189048986,80.67708368498764,80.36612026055549,A170526511010800410,5000.0,LMO,LMO,True,True,100.0,0.9175508125123457,0.31096342443214553
LMO_24Ah,LMO_24Ah,69.99999653173852,74.83599552912445,75.8099955298905,75.21952047113251,A170523507010800997,5000.0,LMO,LMO,True,True,100.0,4.8359989973859285,0.5904750587579883
LMO_24Ah,LMO_24Ah,74.99999856275895,75.36143662986395,81.11541632967582,81.40368530145359,A170525507010800584,5000.0,LMO,LMO,True,True,100.0,0.3614380671049986,0.288268971777768
LMO_24Ah,LMO_24Ah,49.40099995812712,51.42634523481345,79.19208209968735,80.22266435369428,A170530525010800427,5000.0,LMO,LMO,True,True,100.0,2.0253452766863305,1.03058225400693
LMO_24Ah,LMO_24Ah,69.99999653173852,74.02617019680102,73.4933305238358,76.3873733177599,A170528511010800479,5000.0,LMO,LMO,True,True,100.0,4.026173665062501,2.8940427939241005
LMO_24Ah,LMO_24Ah,57.006596206647345,65.71315567036694,72.01916470094038,75.03920058467854,A170530525010800449,5000.0,LMO,LMO,True,True,100.0,8.7065594637196,3.02003588373816
LMO_24Ah,LMO_24Ah,31.863299609461187,29.913969553160598,75.95833366423889,75.94788493852083,A170529511010800365,5000.0,LMO,LMO,True,True,100.0,1.9493300563005889,0.010448725718063656
LMO_25Ah,LMO_25Ah,38.062501366268805,37.195327532996735,92.11839660702083,93.328416215298,515092905216,5000.0,LMO,LMO,True,True,100.0,0.8671738332720693,1.2100196082771788
LMO_25Ah,LMO_25Ah,22.88470256764415,18.78444765520658,87.47679874503397,87.07391885058135,515093005020,5000.0,LMO,LMO,True,True,100.0,4.1002549124375705,0.4028798944526244
LMO_25Ah,LMO_25Ah,41.55420093027903,47.02305611786329,83.84559477856742,80.08952910894156,515093000439,5000.0,LMO,LMO,True,True,100.0,5.468855187584261,3.7560656696258548
LMO_25Ah,LMO_25Ah,50.48199868239127,49.18558680174845,91.85159425827743,92.1429196815378,515092905212,5000.0,LMO,LMO,True,True,100.0,1.2964118806428218,0.2913254232603748
LMO_25Ah,LMO_25Ah,65.67439927569912,65.6080976934184,84.35679992543416,82.5048511577722,515093004482,5000.0,LMO,LMO,True,True,100.0,0.06630158228071537,1.8519487676619661
LMO_25Ah,LMO_25Ah,6.929202384999056,10.334499085006826,52.694398896880614,53.05616183507578,515093001608,5000.0,LMO,LMO,True,True,100.0,3.40529670000777,0.36176293819516303
LMO_25Ah,LMO_25Ah,47.2815008369574,51.80017505491274,88.47479497642186,87.9425746307446,515093003101,5000.0,LMO,LMO,True,True,100.0,4.518674217955343,0.5322203456772598
LMO_25Ah,LMO_25Ah,24.077000908089857,23.853410813011415,92.00799692176012,92.85368915758559,515093004064,5000.0,LMO,LMO,True,True,100.0,0.22359009507844263,0.8456922358254673
LMO_25Ah,LMO_25Ah,29.79689918966566,28.35392916293965,70.58879600011731,67.32008651545289,515093000629,5000.0,LMO,LMO,True,True,100.0,1.4429700267260088,3.268709484664427
LMO_25Ah,LMO_25Ah,74.99999856275895,72.77902554905413,81.8831956140364,85.01120398237515,515091901822,5000.0,LMO,LMO,True,True,100.0,2.220973013704821,3.1280083683387545
LMO_25Ah,LMO_25Ah,8.617300837915131,5.1017278826158865,88.61359632443516,80.00152158297527,515100102065,5000.0,LMO,LMO,True,True,100.0,3.5155729552992447,8.612074741459892
LMO_25Ah,LMO_25Ah,70.00830014699694,72.50831442706827,88.87799645282749,86.41543316134222,515093002646,5000.0,LMO,LMO,True,True,100.0,2.5000142800713263,2.4625632914852673
LMO_25Ah,LMO_25Ah,74.99999856275895,68.53080843673926,79.54360026532048,86.41645814452875,515100101320,5000.0,LMO,LMO,True,True,100.0,6.469190126019683,6.872857879208269
LMO_25Ah,LMO_25Ah,21.692401574286222,20.360250986629367,83.6023959760034,84.8906036353513,515093000663,5000.0,LMO,LMO,True,True,100.0,1.3321505876568551,1.2882076593479042
LMO_25Ah,LMO_25Ah,55.00000105032612,52.1581338276371,60.88039936884637,66.93866818473155,515092901155,5000.0,LMO,LMO,True,True,100.0,2.841867222689018,6.058268815885185
LMO_26Ah,LMO_26Ah,8.376103364411708,9.701676056211289,83.8830741947137,83.21075769492585,H27734091053,5000.0,LMO,LMO,True,True,100.0,1.3255726917995805,0.6723164997878541
LMO_26Ah,LMO_26Ah,49.40099995812712,57.7268976895448,80.00807527772267,82.96455793511007,H27733591038,5000.0,LMO,LMO,True,True,100.0,8.325897731417676,2.9564826573873972
LMO_26Ah,LMO_26Ah,44.48969970535751,56.49666005139598,79.2303838699786,77.63925233502381,H27734091304,5000.0,LMO,LMO,True,True,100.0,12.006960346038468,1.5911315349547834
LMO_26Ah,LMO_26Ah,72.82489440139221,77.75816507835178,98.36614833967889,95.50287369753033,H27735490851,5000.0,LMO,LMO,True,True,100.0,4.933270676959566,2.8632746421485535
LMO_26Ah,LMO_26Ah,70.00830014699694,71.30950584002697,88.77884423076107,88.33433449319968,H27733490499,5000.0,LMO,LMO,True,True,100.0,1.3012056930300275,0.4445097375613898
LMO_26Ah,LMO_26Ah,53.6027015707495,58.369980856363334,95.02961257288986,96.41225686761268,H27735376790,5000.0,LMO,LMO,True,True,100.0,4.7672792856138315,1.382644294722823
LMO_26Ah,LMO_26Ah,43.01369793692715,46.07830764923931,92.50730523597511,95.45227687209758,H27735376805,5000.0,LMO,LMO,True,True,100.0,3.064609712312162,2.9449716361224745
LMO_26Ah,LMO_26Ah,59.726499769245834,74.01157122083708,81.98538167882471,84.15780710728495,H27735290390,5000.0,LMO,LMO,True,True,100.0,14.28507145159125,2.172425428460244
LMO_26Ah,LMO_26Ah,79.99999794086715,78.85746558081533,85.24307318712121,88.10061555981092,H27733690634,5000.0,LMO,LMO,True,True,100.0,1.142532360051817,2.857542372689707
LMO_26Ah,LMO_26Ah,41.55420093027903,42.33910215226606,84.84115317685355,82.75976936164739,H27733690394,5000.0,LMO,LMO,True,True,100.0,0.7849012219870275,2.0813838152061663
LMO_26Ah,LMO_26Ah,60.85579940312864,68.00534080687753,81.40538080040349,81.54976335024728,H27734091346,5000.0,LMO,LMO,True,True,100.0,7.149541403748884,0.14438254984378318
LMO_26Ah,LMO_26Ah,89.99999404417134,84.76835563529968,99.84076697020134,96.4555214980342,H27734492478,5000.0,LMO,LMO,True,True,100.0,5.23163840887166,3.385245472167142
LMO_26Ah,LMO_26Ah,46.428099431684736,47.190137192904686,98.93807346363708,100.19922618347512,H27735391963,5000.0,LMO,LMO,True,True,100.0,0.7620377612199505,1.2611527198380372
LMO_26Ah,LMO_26Ah,89.99999404417134,84.36824871963019,99.155379385371,95.01648874066002,H27734490172,5000.0,LMO,LMO,True,True,100.0,5.631745324541157,4.138890644710983
LMO_26Ah,LMO_26Ah,9.099602932994166,9.83195792257746,100.23307292118429,94.07897141847624,H27735076555,5000.0,LMO,LMO,True,True,100.0,0.7323549895832944,6.154101502708045
LFP_35Ah,LFP_35Ah,54.56280111595269,49.94925743044175,86.32713851992527,90.19961290396036,18号,5000.0,LFP,LFP,True,True,100.0,4.61354368551094,3.872474384035087
LFP_35Ah,LFP_35Ah,52.87640052685941,47.99177895424778,81.82657110327499,84.17675463092644,24号,5000.0,LFP,LFP,True,True,100.0,4.8846215726116355,2.3501835276514527
LFP_35Ah,LFP_35Ah,25.55260241838855,30.20539991960917,84.09142816381119,87.45119930378344,33号,5000.0,LFP,LFP,True,True,100.0,4.652797501220622,3.3597711399722527
LFP_35Ah,LFP_35Ah,38.830501216096245,42.86568848205089,88.2471408826189,88.2299243903912,35号,5000.0,LFP,LFP,True,True,100.0,4.035187265954647,0.017216492227689173
LFP_35Ah,LFP_35Ah,14.461799111103197,18.944801608078148,87.12485117105062,84.27172566877785,38号,5000.0,LFP,LFP,True,True,100.0,4.483002496974951,2.853125502272775
LFP_35Ah,LFP_35Ah,5.0000046163318155,4.896978770146182,85.52485415604023,86.51544167045758,42号,5000.0,LFP,LFP,True,True,100.0,0.10302584618563326,0.9905875144173422
LFP_35Ah,LFP_35Ah,38.75429971153034,40.50032433703165,90.39142373257008,89.92408009531272,44号,5000.0,LFP,LFP,True,True,100.0,1.7460246255013132,0.4673436372573576
LFP_35Ah,LFP_35Ah,34.639400806524534,34.02792012495013,88.95542276257589,84.97161398703321,46号,5000.0,LFP,LFP,True,True,100.0,0.611480681574406,3.983808775542684
LFP_35Ah,LFP_35Ah,39.11150132652551,40.78320635706921,79.61485770356319,85.1702365348482,7号,5000.0,LFP,LFP,True,True,100.0,1.6717050305436985,5.555378831285012
LFP_68Ah,LFP_68Ah,59.840695702347006,66.10082042770993,84.28293786507221,84.96730164260876,02HCB68111211Y88D0001154,5000.0,LFP,LFP,True,True,100.0,6.260124725362928,0.6843637775365465
LFP_68Ah,LFP_68Ah,49.40099995812712,49.040417455214076,83.80235165018405,85.18207064004672,02HCB68111211Y87Y0009119,5000.0,LFP,LFP,True,True,100.0,0.36058250291304716,1.379718989862667
LFP_68Ah,LFP_68Ah,16.03880155885085,21.06576778970727,82.6247011469057,83.56779409778142,02HCB68111211Y87Y0008126,5000.0,LFP,LFP,True,True,100.0,5.02696623085642,0.9430929508757089
LFP_68Ah,LFP_68Ah,27.90890181105184,35.35235405417792,81.53514623308816,80.89372019768074,02HCB68111211Y87Y0015279,5000.0,LFP,LFP,True,True,100.0,7.443452243126082,0.6414260354074202
LFP_68Ah,LFP_68Ah,69.99999653173852,73.94536249048417,75.09117543779192,78.55682335475342,02HCB68111211Y86L0002535,5000.0,LFP,LFP,True,True,100.0,3.945365958745654,3.465647916961501
LFP_68Ah,LFP_68Ah,8.13500139574832,10.311291408878798,78.54779186631498,83.64794847862085,02HCB68111211Y87Y0014641,5000.0,LFP,LFP,True,True,100.0,2.176290013130478,5.100156612305867
LFP_68Ah,LFP_68Ah,31.863299609461187,36.503804178667835,76.97308504265344,82.85754790387175,02HCB68111211Y86X0004792,5000.0,LFP,LFP,True,True,100.0,4.640504569206648,5.88446286121831
LFP_68Ah,LFP_68Ah,44.46269869636442,44.660166228009665,85.23190928147962,84.8466206629418,02HCB68111211Y88G0002069,5000.0,LFP,LFP,True,True,100.0,0.19746753164524478,0.38528861853781393
LFP_68Ah,LFP_68Ah,44.38000045847457,46.72001926043848,82.54852638226058,84.80282539858234,02HCB68111211Y88E0004343,5000.0,LFP,LFP,True,True,100.0,2.3400188019639074,2.2542990163217667
LFP_68Ah,LFP_68Ah,34.24330144638213,38.7028959723562,68.25176350462574,81.30944945717026,02HCB68111211Y86R0006266,5000.0,LFP,LFP,True,True,100.0,4.459594525974076,13.057685952544517
LFP_68Ah,LFP_68Ah,65.67439927569912,63.32733069111624,85.60896823206804,86.1172210779495,02HCB68111211Y88D0003027,5000.0,LFP,LFP,True,True,100.0,2.3470685845828783,0.5082528458814579
LFP_68Ah,LFP_68Ah,52.43750140220706,57.64318637079974,83.1083807995489,84.96888069853584,02HCB68111211Y88E0004542,5000.0,LFP,LFP,True,True,100.0,5.205684968592678,1.8604998989869443
LFP_68Ah,LFP_68Ah,39.5792994530596,41.381884664579296,81.17617128710508,84.52029470418584,02HCB68111211Y87Y0012947,5000.0,LFP,LFP,True,True,100.0,1.8025852115196983,3.344123417080766
LFP_68Ah,LFP_68Ah,44.48969970535751,46.79286690362978,80.56190991484341,84.53753091979046,02HCB68111211Y88E0004475,5000.0,LFP,LFP,True,True,100.0,2.30316719827227,3.975621004947044
LFP_68Ah,LFP_68Ah,62.82330124492969,60.37482509061729,83.82176486810033,85.7281581402508,02HCB68111211Y87Y0003936,5000.0,LFP,LFP,True,True,100.0,2.448476154312395,1.906393272150467
LFP_68Ah,LFP_68Ah,50.564998357432486,48.73983122545539,86.852201848961,85.10346480121257,02HCB68111211Y88F0000101,5000.0,LFP,LFP,True,True,100.0,1.8251671319770963,1.7487370477484347
LFP_68Ah,LFP_68Ah,64.9999971536303,72.97460619688066,70.91867773985592,73.28956076753398,02HCB68111211Y86P0008027,5000.0,LFP,LFP,True,True,100.0,7.974609043250354,2.3708830276780617
LFP_68Ah,LFP_68Ah,43.57689926379472,50.51391852226009,71.51896784661925,81.31339571358478,02HCB68111211Y86M0004689,5000.0,LFP,LFP,True,True,100.0,6.937019258465369,9.794427866965535
LFP_68Ah,LFP_68Ah,41.643902856437975,46.429868260909515,77.89132389039165,83.35945203583282,02HCB68111211Y86H0009376,5000.0,LFP,LFP,True,True,100.0,4.78596540447154,5.46812814544117
LFP_68Ah,LFP_68Ah,57.006596206647345,66.87331397922934,71.28293997378027,77.11033381702927,02HCB68111211Y86P0006552,5000.0,LFP,LFP,True,True,100.0,9.866717772581993,5.8273938432489985
LFP_68Ah,LFP_68Ah,24.41099990407093,31.188104266637662,80.76352851871029,82.55702585335786,02HCB68111211Y87Y0008148,5000.0,LFP,LFP,True,True,100.0,6.777104362566732,1.7934973346475687
LFP_68Ah,LFP_68Ah,38.26200102867698,40.47366057950493,83.86073436758568,84.07191249500721,02HCB68111211Y87Y0007299,5000.0,LFP,LFP,True,True,100.0,2.211659550827953,0.2111781274215332
