true_label,pred_label,true_material,pred_material,material_correct,soc_true,soc_pred,soh_true,soh_pred,ID,pulse_ms,cls_correct,soh_scaled_by,soc_ae,soh_ae
LMO_10Ah,LMO_10Ah,LMO,LMO,True,52.672695335349516,56.071477809393365,64.66599634874413,66.11023133452632,PIP15829A00218444,30.0,True,100.0,3.3987824740438484,1.4442349857821881
LMO_10Ah,LMO_10Ah,LMO,LMO,True,18.115401762916292,17.534020028583544,65.90499817480412,69.73963877408428,PIP15829A00217239,30.0,True,100.0,0.5813817343327479,3.8346405992801635
LMO_10Ah,LMO_10Ah,LMO,LMO,True,35.37670148771982,31.849935564137123,57.502001663419044,56.06136004766047,PIP15828A00225770,30.0,True,100.0,3.5267659235826976,1.4406416157585724
LMO_10Ah,LMO_26Ah,LMO,LMO,True,65.67439927569912,78.92673046604928,80.47299740603592,88.69166263602514,PIP15710A00246135,30.0,False,100.0,13.252331190350162,8.218665229989227
LMO_10Ah,LMO_10Ah,LMO,LMO,True,24.387700702471207,24.918179683522457,88.19599417418095,89.86136623896617,PIP15N21A50200566,30.0,True,100.0,0.5304789810512496,1.6653720647852168
LMO_10Ah,LMO_10Ah,LMO,LMO,True,37.94840027477962,37.784304057603286,89.06699683856765,87.78051440157533,PIP15D19A03261038,30.0,True,100.0,0.16409621717633627,1.2864824369923156
LMO_10Ah,LMO_10Ah,LMO,LMO,True,30.690801942620944,31.2170508551324,87.89499662822769,88.3474488392362,PIP15D25A03226076,30.0,True,100.0,0.5262489125114556,0.45245221100850586
LMO_10Ah,LMO_10Ah,LMO,LMO,True,50.564998357432486,52.415767418818994,86.37399968243484,90.14163834978855,PIP15D01A03250557,30.0,True,100.0,1.850769061386508,3.767638667353708
LMO_10Ah,LMO_26Ah,LMO,LMO,True,55.43259950844851,65.88139275190959,83.32999677321057,95.5933251830982,PIP15D01A03229494,30.0,False,100.0,10.448793243461076,12.263328409887635
LMO_10Ah,LMO_10Ah,LMO,LMO,True,47.63939991915674,48.50588615074198,88.51599952186417,90.60148979157428,PIP15D01A03214955,30.0,True,100.0,0.8664862315852417,2.0854902697101068
LMO_10Ah,LMO_10Ah,LMO,LMO,True,49.833402100745005,51.24302369437004,87.67699884679544,90.04935666132586,PIP15D01A03224640,30.0,True,100.0,1.4096215936250331,2.3723578145304174
LMO_10Ah,LMO_10Ah,LMO,LMO,True,64.84549419866687,64.60965295494196,87.65499878349092,87.64197866697455,PIP15N15A03208989,30.0,True,100.0,0.23584124372490578,0.013020116516372582
LMO_10Ah,LMO_10Ah,LMO,LMO,True,63.63550358660503,64.30523393024889,89.95499876135536,93.0698333368462,PIP15D25A03236724,30.0,True,100.0,0.669730343643856,3.114834575490846
LMO_10Ah,LMO_10Ah,LMO,LMO,True,53.381097180470086,54.073719503687414,87.00699502164643,88.42247166380777,PIP15N15A03208683,30.0,True,100.0,0.6926223232173285,1.4154766421613374
LMO_10Ah,LMO_10Ah,LMO,LMO,True,24.077000908089857,25.74115152236765,90.00099541544847,89.5947510844373,PIP15N30A03228344,30.0,True,100.0,1.6641506142777942,0.4062443310111661
LMO_10Ah,LMO_10Ah,LMO,LMO,True,16.92310209601447,16.474019767793596,69.437998064225,70.60894088021799,PIP15829A00218512,30.0,True,100.0,0.4490823282208751,1.170942815992987
LMO_10Ah,LMO_10Ah,LMO,LMO,True,25.680200864041012,25.104574622776365,89.01899701665513,88.90416253602474,PIP15N15A03208672,30.0,True,100.0,0.5756262412646471,0.11483448063039248
LMO_10Ah,LMO_10Ah,LMO,LMO,True,40.14490277950498,39.38843311315709,90.61599607837498,88.2977513049287,PIP15D15A03236823,30.0,True,100.0,0.7564696663478898,2.318244773446281
LMO_10Ah,LMO_10Ah,LMO,LMO,True,74.34220101829476,74.2600244092708,89.38799760413491,88.81198993878506,PIP15512A50200153,30.0,True,100.0,0.08217660902396062,0.5760076653498487
LMO_10Ah,LMO_10Ah,LMO,LMO,True,25.66410166621489,25.27462762273574,61.937998617589926,63.49870255510881,PIP15829A00217327,30.0,True,100.0,0.3894740434791508,1.5607039375188805
LMO_10Ah,LMO_26Ah,LMO,LMO,True,85.0000026247998,84.65711371995899,92.3849959512275,94.01123620380736,PIP15D26A03256484,30.0,False,100.0,0.34288890484081946,1.626240252579862
LMO_10Ah,LMO_10Ah,LMO,LMO,True,85.0000026247998,79.5267634997668,91.84699851382803,90.23337679558134,PIP15D28A03264309,30.0,True,100.0,5.473239125033004,1.6136217182466908
LMO_10Ah,LMO_10Ah,LMO,LMO,True,43.991100770491734,43.87557274384052,89.75499502379529,90.76414765092173,PIP15N08A03232188,30.0,True,100.0,0.1155280266512122,1.00915262712644
LMO_10Ah,LMO_10Ah,LMO,LMO,True,56.435900402749404,56.285395386506245,88.25699956711344,88.88204041703305,PIP15N14A03236503,30.0,True,100.0,0.1505050162431587,0.6250408499196141
LMO_10Ah,LMO_10Ah,LMO,LMO,True,55.74399834520065,55.06596438629837,92.64899734329462,89.96521096465369,PIP16N1700C039158,30.0,True,100.0,0.678033958902283,2.6837863786409315
LMO_10Ah,LMO_10Ah,LMO,LMO,True,52.8222970349807,51.63452986861212,89.88499887613833,89.18692666982813,PIP15N12A03225967,30.0,True,100.0,1.1877671663685803,0.6980722063102007
NMC_15Ah,NMC_15Ah,NMC,NMC,True,5.0000046163318155,4.775382538398571,76.45000053354094,77.95032421826608,PJP17601529001A009420,30.0,True,100.0,0.22462207793324485,1.5003236847251316
NMC_15Ah,NMC_15Ah,NMC,NMC,True,35.356602693103284,35.47847847547641,75.6493310359627,77.4134695509533,PJP17601527001A008674,30.0,True,100.0,0.1218757823731238,1.7641385149905915
NMC_15Ah,NMC_15Ah,NMC,NMC,True,19.951500882936887,19.74931183076251,77.35932868370213,78.27501384820287,PJP17601529001A010983,30.0,True,100.0,0.20218905217437566,0.9156851645007436
NMC_15Ah,NMC_15Ah,NMC,NMC,True,69.99999653173852,70.75691748850808,77.14800032857558,79.35463150022468,PJP17601527001A011451,30.0,True,100.0,0.7569209567695623,2.206631171649107
NMC_15Ah,NMC_15Ah,NMC,NMC,True,50.95099774912738,51.29221531926761,76.80933310901158,77.92686106774761,PJP17601529001A010816,30.0,True,100.0,0.34121757014023046,1.1175279587360336
NMC_15Ah,NMC_15Ah,NMC,NMC,True,64.9999971536303,67.17509335626038,75.51599563253126,78.62504615975813,PJP17601527001A007049,30.0,True,100.0,2.1750962026300726,3.10905052722687
NMC_15Ah,NMC_15Ah,NMC,NMC,True,41.95410025556707,41.703499534688724,77.15599971918252,77.71972244799706,PJP17601529001A003328,30.0,True,100.0,0.25060072087834584,0.5637227288145397
NMC_15Ah,NMC_15Ah,NMC,NMC,True,46.82410030246086,47.54676287723692,76.45666426813065,77.78570967344643,PJP17601529003A008872,30.0,True,100.0,0.7226625747760593,1.3290454053157816
NMC_15Ah,NMC_15Ah,NMC,NMC,True,23.604701618548173,24.663730913464455,76.25332897948218,80.01169331184886,PJP17601527003A009249,30.0,True,100.0,1.0590292949162823,3.758364332366682
NMC_15Ah,NMC_15Ah,NMC,NMC,True,64.9999971536303,67.3932025346858,75.41066220690784,78.13431399670297,PJP17601527001A008438,30.0,True,100.0,2.3932053810554947,2.7236517897951273
NMC_15Ah,NMC_15Ah,NMC,NMC,True,15.250300334977023,15.123281550645313,76.00799641583761,77.95454177980909,PJP17530529002A009949,30.0,True,100.0,0.12701878433171032,1.946545363971481
NMC_15Ah,LMO_25Ah,NMC,LMO,False,27.26530265280591,21.155705493440045,76.32466388830355,85.43238211129858,PJP17601529001A010435,30.0,False,100.0,6.109597159365865,9.107718222995032
NMC_15Ah,NMC_15Ah,NMC,NMC,True,47.527301113167965,45.60836082961149,80.00799780714402,77.76455230031377,PJP17930O01003A016716,30.0,True,100.0,1.9189402835564735,2.2434455068302555
NMC_15Ah,NMC_15Ah,NMC,NMC,True,41.72750142641355,42.60112813705439,75.98000012974555,77.68625389319428,PJP17601529003A008762,30.0,True,100.0,0.8736267106408349,1.7062537634487285
NMC_15Ah,NMC_15Ah,NMC,NMC,True,29.79689918966566,29.638298811773588,75.26066715079567,76.26105896219929,PJP17601529003A008717,30.0,True,100.0,0.15860037789207126,1.0003918114036168
NMC_21Ah,NMC_21Ah,NMC,NMC,True,48.708301363683375,55.557612691139525,77.00523564899981,82.82178313692809,02LCC02100101A8BC0104122,30.0,True,100.0,6.8493113274561495,5.8165474879282755
NMC_21Ah,NMC_21Ah,NMC,NMC,True,41.72750142641355,41.26122938763583,99.73428381794949,99.46598391548982,02LCC02100101A87Y0163477,30.0,True,100.0,0.46627203877772416,0.26829990245967394
NMC_21Ah,NMC_21Ah,NMC,NMC,True,41.64969946964553,40.8017352079742,100.02142962444005,99.6348533342128,02LCC02100101A87Y0013547,30.0,True,100.0,0.8479642616713363,0.3865762902272394
NMC_21Ah,NMC_21Ah,NMC,NMC,True,69.99999653173852,68.32813655454028,101.11618692476883,99.4641347402084,02LCC02100101A87Y0027455,30.0,True,100.0,1.6718599771982383,1.6520521845604321
NMC_21Ah,NMC_21Ah,NMC,NMC,True,69.99999653173852,68.691972854295,100.6080937631413,99.59071217952997,02LCC02100101A87Y0010456,30.0,True,100.0,1.308023677443515,1.017381583611325
NMC_21Ah,NMC_21Ah,NMC,NMC,True,69.99999653173852,70.51835170393002,98.91618565361999,99.69961241383574,02LCC02100101A87Y0184257,30.0,True,100.0,0.5183551721915052,0.7834267602157468
NMC_21Ah,NMC_21Ah,NMC,NMC,True,55.92349703913051,54.19149686828981,100.59999887818844,100.18736970667072,02LCC02100101A87Y0173907,30.0,True,100.0,1.7320001708406991,0.4126291715177217
NMC_21Ah,NMC_21Ah,NMC,NMC,True,46.949499483880345,45.79837964696222,99.18856714885197,99.54890209874843,02LCC02100101A87Y0085499,30.0,True,100.0,1.1511198369181272,0.36033494989645476
NMC_21Ah,NMC_21Ah,NMC,NMC,True,56.198899836382985,55.532073105167356,99.26904548319277,99.77680979011906,02LCC02100101A87Y0055909,30.0,True,100.0,0.6668267312156289,0.5077643069262905
NMC_21Ah,NMC_21Ah,NMC,NMC,True,20.500100580928294,19.882558326538042,83.75523416282624,85.36408112425072,02LCC02100101A87B0101984,30.0,True,100.0,0.6175422543902513,1.6088469614244758
LMO_24Ah,LMO_24Ah,LMO,LMO,True,41.643902856437975,42.90631070304668,76.34124575419918,78.90125343674968,A170530525010800528,30.0,True,100.0,1.2624078466087028,2.5600076825505056
LMO_24Ah,LMO_24Ah,LMO,LMO,True,74.99999856275895,10.185638874342008,79.57207939865172,81.05490074052427,A170530525010800027,30.0,True,100.0,64.81435968841694,1.482821341872551
LMO_24Ah,LMO_24Ah,LMO,LMO,True,60.85579940312864,61.672718622736745,79.88583239632818,80.56577553861484,A170528511010802426,30.0,True,100.0,0.8169192196081028,0.6799431422866604
LMO_24Ah,LMO_24Ah,LMO,LMO,True,46.791699622251606,48.143666800987255,74.20832957727146,75.51776196172449,A170526507010800030,30.0,True,100.0,1.3519671787356486,1.3094323844530322
LMO_24Ah,LMO_24Ah,LMO,LMO,True,65.67439927569912,66.04155967446943,81.9745813315415,81.46004973241526,A170530525010800523,30.0,True,100.0,0.36716039877030937,0.5145315991262436
LMO_24Ah,LMO_24Ah,LMO,LMO,True,37.1305022963682,44.22387790059891,78.98291722904705,85.39663908354791,A170528511010800172,30.0,True,100.0,7.093375604230708,6.413721854500864
LMO_24Ah,LMO_24Ah,LMO,LMO,True,38.26200102867698,45.560196544972335,79.26375060630659,84.51771011176852,A170530525010800543,30.0,True,100.0,7.298195516295358,5.2539595054619355
LMO_24Ah,LMO_24Ah,LMO,LMO,True,44.114199213785696,43.8772964735575,78.65249920318031,77.39203012167306,A170527511010800648,30.0,True,100.0,0.2369027402281958,1.260469081507253
LMO_24Ah,LMO_24Ah,LMO,LMO,True,23.095200540901402,25.066209532661432,79.1762448999661,82.6009015527314,A170530525010800530,30.0,True,100.0,1.97100899176003,3.4246566527653073
LMO_24Ah,LMO_24Ah,LMO,LMO,True,21.101602001561332,19.96651106029541,80.67708368498764,80.08412324358397,A170526511010800410,30.0,True,100.0,1.135090941265922,0.5929604414036618
LMO_24Ah,LMO_24Ah,LMO,LMO,True,69.99999653173852,74.85700128810726,75.8099955298905,78.72247126223031,A170523507010800997,30.0,True,100.0,4.857004756368738,2.9124757323398143
LMO_24Ah,LMO_24Ah,LMO,LMO,True,74.99999856275895,76.45862541419788,81.11541632967582,82.17394680639542,A170525507010800584,30.0,True,100.0,1.458626851438936,1.0585304767195964
LMO_24Ah,LMO_24Ah,LMO,LMO,True,49.40099995812712,52.652206894250206,79.19208209968735,82.3142370124478,A170530525010800427,30.0,True,100.0,3.251206936123083,3.1221549127604504
LMO_24Ah,LMO_24Ah,LMO,LMO,True,69.99999653173852,75.40221454364583,73.4933305238358,80.22805978423924,A170528511010800479,30.0,True,100.0,5.402218011907308,6.734729260403441
LMO_24Ah,LMO_24Ah,LMO,LMO,True,57.006596206647345,64.1257193188457,72.01916470094038,80.80067234100554,A170530525010800449,30.0,True,100.0,7.119123112198352,8.781507640065158
LMO_24Ah,LMO_24Ah,LMO,LMO,True,31.863299609461187,29.752528569505593,75.95833366423889,72.65978757198138,A170529511010800365,30.0,True,100.0,2.110771039955594,3.29854609225751
LMO_25Ah,LMO_24Ah,LMO,LMO,True,38.062501366268805,31.578232252979817,92.11839660702083,76.4360292680426,515092905216,30.0,False,100.0,6.484269113288988,15.682367338978224
LMO_25Ah,LMO_25Ah,LMO,LMO,True,22.88470256764415,22.79727319241836,87.47679874503397,84.36642564483148,515093005020,30.0,True,100.0,0.08742937522579197,3.1103731002024944
LMO_25Ah,LMO_24Ah,LMO,LMO,True,41.55420093027903,38.88246214974074,83.84559477856742,76.79653560183141,515093000439,30.0,False,100.0,2.6717387805382913,7.049059176736009
LMO_25Ah,LMO_24Ah,LMO,LMO,True,50.48199868239127,40.7150423060526,91.85159425827743,79.31479075317307,515092905212,30.0,False,100.0,9.766956376338669,12.53680350510436
LMO_25Ah,LMO_25Ah,LMO,LMO,True,65.67439927569912,65.83697238964534,84.35679992543416,82.87234098991668,515093004482,30.0,True,100.0,0.1625731139462232,1.4844589355174804
LMO_25Ah,LMO_25Ah,LMO,LMO,True,6.929202384999056,9.59797106449653,52.694398896880614,60.3598805588162,515093001608,30.0,True,100.0,2.6687686794974743,7.665481661935587
LMO_25Ah,LMO_25Ah,LMO,LMO,True,47.2815008369574,50.354373044388524,88.47479497642186,93.37435405499264,515093003101,30.0,True,100.0,3.072872207431125,4.899559078570775
LMO_25Ah,LMO_25Ah,LMO,LMO,True,24.077000908089857,19.74593865287079,92.00799692176012,89.21637687314727,515093004064,30.0,True,100.0,4.3310622552190665,2.791620048612856
LMO_25Ah,LMO_25Ah,LMO,LMO,True,29.79689918966566,29.33842289926265,70.58879600011731,66.85709198161904,515093000629,30.0,True,100.0,0.4584762904030093,3.7317040184982773
LMO_25Ah,LMO_25Ah,LMO,LMO,True,74.99999856275895,71.17841748834496,81.8831956140364,81.67664039517405,515091901822,30.0,True,100.0,3.8215810744139844,0.2065552188623485
LMO_25Ah,LMO_24Ah,LMO,LMO,True,8.617300837915131,19.872649699384613,88.61359632443516,70.3714268370947,515100102065,30.0,False,100.0,11.255348861469482,18.242169487340462
LMO_25Ah,LMO_25Ah,LMO,LMO,True,70.00830014699694,71.14370413190518,88.87799645282749,91.44317632417386,515093002646,30.0,True,100.0,1.135403984908237,2.5651798713463734
LMO_25Ah,LMO_25Ah,LMO,LMO,True,74.99999856275895,71.61332000073317,79.54360026532048,83.7650252977193,515100101320,30.0,True,100.0,3.3866785620257787,4.221425032398827
LMO_25Ah,LMO_25Ah,LMO,LMO,True,21.692401574286222,22.745923423427264,83.6023959760034,88.1936093451843,515093000663,30.0,True,100.0,1.0535218491410419,4.591213369180906
LMO_25Ah,LMO_25Ah,LMO,LMO,True,55.00000105032612,62.30200797245106,60.88039936884637,73.80751198124315,515092901155,30.0,True,100.0,7.302006922124939,12.927112612396783
LMO_26Ah,LMO_26Ah,LMO,LMO,True,8.376103364411708,9.987856309370269,83.8830741947137,91.90578192408223,H27734091053,30.0,True,100.0,1.6117529449585604,8.022707729368534
LMO_26Ah,LMO_26Ah,LMO,LMO,True,49.40099995812712,65.1891524480524,80.00807527772267,95.46354646974291,H27733591038,30.0,True,100.0,15.788152489925274,15.45547119202024
LMO_26Ah,LMO_25Ah,LMO,LMO,True,44.48969970535751,56.37233264651464,79.2303838699786,90.22618436381813,H27734091304,30.0,False,100.0,11.882632941157134,10.995800493839539
LMO_26Ah,LMO_25Ah,LMO,LMO,True,72.82489440139221,68.17949653558998,98.36614833967889,91.81477897447695,H27735490851,30.0,False,100.0,4.645397865802238,6.551369365201936
LMO_26Ah,LMO_26Ah,LMO,LMO,True,70.00830014699694,75.22916507933041,88.77884423076107,95.12679293157478,H27733490499,30.0,True,100.0,5.22086493233347,6.347948700813717
LMO_26Ah,LMO_26Ah,LMO,LMO,True,53.6027015707495,57.06202615463762,95.02961257288986,100.8637707043776,H27735376790,30.0,True,100.0,3.459324583888119,5.83415813148774
LMO_26Ah,LMO_25Ah,LMO,LMO,True,43.01369793692715,47.049139550841204,92.50730523597511,93.01324060483238,H27735376805,30.0,False,100.0,4.0354416139140525,0.5059353688572656
LMO_26Ah,LMO_26Ah,LMO,LMO,True,59.726499769245834,73.65709970123004,81.98538167882471,95.13867596972044,H27735290390,30.0,True,100.0,13.930599931984204,13.15329429089573
LMO_26Ah,LMO_26Ah,LMO,LMO,True,79.99999794086715,83.50597796556751,85.24307318712121,93.20830330050674,H27733690634,30.0,True,100.0,3.5059800247003636,7.96523011338553
LMO_26Ah,LMO_26Ah,LMO,LMO,True,41.55420093027903,50.969162239119214,84.84115317685355,95.90384749954171,H27733690394,30.0,True,100.0,9.414961308840184,11.06269432268816
LMO_26Ah,LMO_26Ah,LMO,LMO,True,60.85579940312864,72.44255403888108,81.40538080040349,93.43720957182586,H27734091346,30.0,True,100.0,11.586754635752442,12.031828771422369
LMO_26Ah,LMO_26Ah,LMO,LMO,True,89.99999404417134,84.96854969748226,99.84076697020134,95.40175214173397,H27734492478,30.0,True,100.0,5.031444346689085,4.4390148284673785
LMO_26Ah,LMO_25Ah,LMO,LMO,True,46.428099431684736,46.1935547988089,98.93807346363708,94.12239162246796,H27735391963,30.0,False,100.0,0.2345446328758385,4.815681841169123
LMO_26Ah,LMO_26Ah,LMO,LMO,True,89.99999404417134,84.61165341610327,99.155379385371,96.61393966138758,H27734490172,30.0,True,100.0,5.388340628068079,2.54143972398343
LMO_26Ah,LMO_26Ah,LMO,LMO,True,9.099602932994166,9.818711931847323,100.23307292118429,96.0296103910649,H27735076555,30.0,True,100.0,0.7191089988531569,4.203462530119381
LFP_35Ah,LFP_35Ah,LFP,LFP,True,54.56280111595269,45.03524092716966,86.32713851992527,90.58212720621476,18号,30.0,True,100.0,9.527560188783028,4.254988686289494
LFP_35Ah,LFP_35Ah,LFP,LFP,True,52.87640052685941,45.876927735292995,81.82657110327499,82.56005100040255,24号,30.0,True,100.0,6.9994727915664186,0.733479897127566
LFP_35Ah,LFP_35Ah,LFP,LFP,True,25.55260241838855,26.75072788053238,84.09142816381119,89.87169923312592,33号,30.0,True,100.0,1.1981254621438318,5.780271069314736
LFP_35Ah,LFP_35Ah,LFP,LFP,True,38.830501216096245,42.02511888158753,88.2471408826189,91.0547261945626,35号,30.0,True,100.0,3.194617665491286,2.8075853119437113
LFP_35Ah,LFP_35Ah,LFP,LFP,True,14.461799111103197,13.209338027261131,87.12485117105062,88.29899146659999,38号,30.0,True,100.0,1.252461083842066,1.174140295549364
LFP_35Ah,LFP_68Ah,LFP,LFP,True,5.0000046163318155,5.048192113952926,85.52485415604023,67.20484444471685,42号,30.0,False,100.0,0.048187497621110964,18.32000971132338
LFP_35Ah,LFP_35Ah,LFP,LFP,True,38.75429971153034,38.27530654412512,90.39142373257008,90.5758094014742,44号,30.0,True,100.0,0.47899316740521414,0.18438566890412744
LFP_35Ah,LFP_35Ah,LFP,LFP,True,34.639400806524534,32.01465952666826,88.95542276257589,86.63979949864921,46号,30.0,True,100.0,2.6247412798562735,2.315623263926682
LFP_35Ah,LFP_35Ah,LFP,LFP,True,39.11150132652551,36.53995441869048,79.61485770356319,87.82263215122639,7号,30.0,True,100.0,2.5715469078350353,8.207774447663198
LFP_68Ah,LFP_68Ah,LFP,LFP,True,59.840695702347006,64.7011333271325,84.28293786507221,83.72888436368534,02HCB68111211Y88D0001154,30.0,True,100.0,4.86043762478549,0.5540535013868748
LFP_68Ah,LFP_68Ah,LFP,LFP,True,49.40099995812712,46.384206998952884,83.80235165018405,83.85763240213812,02HCB68111211Y87Y0009119,30.0,True,100.0,3.0167929591742393,0.055280751954072116
LFP_68Ah,LFP_68Ah,LFP,LFP,True,16.03880155885085,15.229376816273119,82.6247011469057,82.63741549179124,02HCB68111211Y87Y0008126,30.0,True,100.0,0.8094247425777308,0.012714344885537798
LFP_68Ah,LFP_68Ah,LFP,LFP,True,27.90890181105184,27.648245226391687,81.53514623308816,83.95029638419096,02HCB68111211Y87Y0015279,30.0,True,100.0,0.26065658466015407,2.4151501511028073
LFP_68Ah,LFP_68Ah,LFP,LFP,True,69.99999653173852,67.41840785371785,75.09117543779192,83.98490278811768,02HCB68111211Y86L0002535,30.0,True,100.0,2.5815886780206654,8.893727350325761
LFP_68Ah,LFP_68Ah,LFP,LFP,True,8.13500139574832,9.997133543414588,78.54779186631498,79.86292450432447,02HCB68111211Y87Y0014641,30.0,True,100.0,1.8621321476662676,1.3151326380094872
LFP_68Ah,LFP_68Ah,LFP,LFP,True,31.863299609461187,33.841343461208936,76.97308504265344,83.54528755080605,02HCB68111211Y86X0004792,30.0,True,100.0,1.9780438517477492,6.572202508152614
LFP_68Ah,LFP_68Ah,LFP,LFP,True,44.46269869636442,36.439076768177536,85.23190928147962,84.6209076814437,02HCB68111211Y88G0002069,30.0,True,100.0,8.023621928186884,0.6110016000359195
LFP_68Ah,LFP_68Ah,LFP,LFP,True,44.38000045847457,41.59960568878508,82.54852638226058,84.03450065810678,02HCB68111211Y88E0004343,30.0,True,100.0,2.7803947696894866,1.4859742758462033
LFP_68Ah,LFP_68Ah,LFP,LFP,True,34.24330144638213,36.66689660018175,68.25176350462574,77.80044932060241,02HCB68111211Y86R0006266,30.0,True,100.0,2.4235951537996243,9.548685815976668
LFP_68Ah,LFP_68Ah,LFP,LFP,True,65.67439927569912,67.51469530285672,85.60896823206804,84.15126262699097,02HCB68111211Y88D0003027,30.0,True,100.0,1.8402960271576063,1.4577056050770665
LFP_68Ah,LFP_68Ah,LFP,LFP,True,52.43750140220706,46.49507618012624,83.1083807995489,84.25820688481865,02HCB68111211Y88E0004542,30.0,True,100.0,5.942425222080821,1.1498260852697513
LFP_68Ah,LFP_68Ah,LFP,LFP,True,39.5792994530596,40.69981628941367,81.17617128710508,83.95483574507892,02HCB68111211Y87Y0012947,30.0,True,100.0,1.1205168363540707,2.7786644579738464
LFP_68Ah,LFP_68Ah,LFP,LFP,True,44.48969970535751,44.68973857217503,80.56190991484341,84.32540868886176,02HCB68111211Y88E0004475,30.0,True,100.0,0.20003886681752192,3.7634987740183448
LFP_68Ah,LFP_68Ah,LFP,LFP,True,62.82330124492969,67.80740437299684,83.82176486810033,84.28131825566877,02HCB68111211Y87Y0003936,30.0,True,100.0,4.984103128067154,0.4595533875684339
LFP_68Ah,LFP_68Ah,LFP,LFP,True,50.564998357432486,57.46615621169351,86.852201848961,83.78321673346383,02HCB68111211Y88F0000101,30.0,True,100.0,6.901157854261022,3.0689851154971706
LFP_68Ah,LFP_68Ah,LFP,LFP,True,64.9999971536303,69.05169183427941,70.91867773985592,84.3513905620428,02HCB68111211Y86P0008027,30.0,True,100.0,4.051694680649106,13.432712822186872
LFP_68Ah,LFP_68Ah,LFP,LFP,True,43.57689926379472,34.887981997973014,71.51896784661925,83.8417067436643,02HCB68111211Y86M0004689,30.0,True,100.0,8.688917265821708,12.322738897045056
LFP_68Ah,LFP_68Ah,LFP,LFP,True,41.643902856437975,32.9652961339715,77.89132389039165,83.88431959355422,02HCB68111211Y86H0009376,30.0,True,100.0,8.678606722466476,5.992995703162578
LFP_68Ah,LFP_68Ah,LFP,LFP,True,57.006596206647345,68.657898849701,71.28293997378027,83.89990432219328,02HCB68111211Y86P0006552,30.0,True,100.0,11.651302643053654,12.616964348413006
LFP_68Ah,LFP_68Ah,LFP,LFP,True,24.41099990407093,27.007256533773326,80.76352851871029,83.09610155472957,02HCB68111211Y87Y0008148,30.0,True,100.0,2.5962566297023955,2.3325730360192836
LFP_68Ah,LFP_68Ah,LFP,LFP,True,38.26200102867698,26.72837311568409,83.86073436758568,83.5075304856395,02HCB68111211Y87Y0007299,30.0,True,100.0,11.533627912992888,0.3532038819461718
LMO_10Ah,LMO_10Ah,LMO,LMO,True,52.672695335349516,54.58569309552615,64.66599634874413,66.76780413576314,PIP15829A00218444,50.0,True,100.0,1.912997760176637,2.1018077870190126
LMO_10Ah,LMO_10Ah,LMO,LMO,True,18.115401762916292,16.35900275835937,65.90499817480412,68.18731177766585,PIP15829A00217239,50.0,True,100.0,1.756399004556922,2.282313602861734
LMO_10Ah,LMO_10Ah,LMO,LMO,True,35.37670148771982,30.527427649183323,57.502001663419044,55.02830094858182,PIP15828A00225770,50.0,True,100.0,4.849273838536497,2.4737007148372214
LMO_10Ah,LMO_25Ah,LMO,LMO,True,65.67439927569912,85.08316081134635,80.47299740603592,90.72986960762366,PIP15710A00246135,50.0,False,100.0,19.40876153564723,10.25687220158774
LMO_10Ah,LMO_10Ah,LMO,LMO,True,24.387700702471207,23.869685103044265,88.19599417418095,89.32572011268034,PIP15N21A50200566,50.0,True,100.0,0.518015599426942,1.1297259384993907
LMO_10Ah,LMO_10Ah,LMO,LMO,True,37.94840027477962,38.504007972022485,89.06699683856765,88.2076552354033,PIP15D19A03261038,50.0,True,100.0,0.5556076972428627,0.8593416031643528
LMO_10Ah,LMO_10Ah,LMO,LMO,True,30.690801942620944,32.07510745812861,87.89499662822769,88.06101007035323,PIP15D25A03226076,50.0,True,100.0,1.3843055155076698,0.16601344212554636
LMO_10Ah,LMO_10Ah,LMO,LMO,True,50.564998357432486,52.40135282025455,86.37399968243484,90.60850388290336,PIP15D01A03250557,50.0,True,100.0,1.8363544628220652,4.234504200468521
LMO_10Ah,LMO_26Ah,LMO,LMO,True,55.43259950844851,68.58267287070164,83.32999677321057,94.90263797827527,PIP15D01A03229494,50.0,False,100.0,13.150073362253131,11.572641205064699
LMO_10Ah,LMO_10Ah,LMO,LMO,True,47.63939991915674,48.26608477229598,88.51599952186417,90.89736163107888,PIP15D01A03214955,50.0,True,100.0,0.6266848531392455,2.381362109214706
LMO_10Ah,LMO_10Ah,LMO,LMO,True,49.833402100745005,51.60925292095004,87.67699884679544,90.34143592074746,PIP15D01A03224640,50.0,True,100.0,1.7758508202050365,2.6644370739520156
LMO_10Ah,LMO_10Ah,LMO,LMO,True,64.84549419866687,64.17480615371045,87.65499878349092,87.27752038505524,PIP15N15A03208989,50.0,True,100.0,0.670688044956421,0.3774783984356844
LMO_10Ah,LMO_25Ah,LMO,LMO,True,63.63550358660503,58.496816589751646,89.95499876135536,80.519472480478,PIP15D25A03236724,50.0,False,100.0,5.138686996853387,9.435526280877355
LMO_10Ah,LMO_10Ah,LMO,LMO,True,53.381097180470086,53.15287642710616,87.00699502164643,87.78287203681785,PIP15N15A03208683,50.0,True,100.0,0.228220753363928,0.7758770151714174
LMO_10Ah,LMO_10Ah,LMO,LMO,True,24.077000908089857,25.405231817937025,90.00099541544847,89.47895059312212,PIP15N30A03228344,50.0,True,100.0,1.3282309098471679,0.5220448223263503
LMO_10Ah,LMO_10Ah,LMO,LMO,True,16.92310209601447,16.40013350946693,69.437998064225,71.04077643111218,PIP15829A00218512,50.0,True,100.0,0.5229685865475417,1.6027783668871791
LMO_10Ah,LMO_10Ah,LMO,LMO,True,25.680200864041012,25.334229275196908,89.01899701665513,88.81113207070392,PIP15N15A03208672,50.0,True,100.0,0.3459715888441046,0.20786494595121496
LMO_10Ah,LMO_10Ah,LMO,LMO,True,40.14490277950498,40.14700230045614,90.61599607837498,88.3691643167416,PIP15D15A03236823,50.0,True,100.0,0.002099520951155398,2.2468317616333735
LMO_10Ah,LMO_10Ah,LMO,LMO,True,74.34220101829476,73.27136095816107,89.38799760413491,88.75879263156122,PIP15512A50200153,50.0,True,100.0,1.0708400601336905,0.6292049725736888
LMO_10Ah,LMO_10Ah,LMO,LMO,True,25.66410166621489,24.655146089510374,61.937998617589926,61.82913506323162,PIP15829A00217327,50.0,True,100.0,1.0089555767045155,0.10886355435830808
LMO_10Ah,LMO_26Ah,LMO,LMO,True,85.0000026247998,85.18358415064107,92.3849959512275,95.67802297622066,PIP15D26A03256484,50.0,False,100.0,0.1835815258412623,3.2930270249931652
LMO_10Ah,LMO_10Ah,LMO,LMO,True,85.0000026247998,78.09220121510398,91.84699851382803,90.87536314880657,PIP15D28A03264309,50.0,True,100.0,6.907801409695821,0.9716353650214558
LMO_10Ah,LMO_10Ah,LMO,LMO,True,43.991100770491734,44.32794799935837,89.75499502379529,91.67627359569475,PIP15N08A03232188,50.0,True,100.0,0.3368472288666382,1.9212785718994638
LMO_10Ah,LMO_10Ah,LMO,LMO,True,56.435900402749404,56.01936665459423,88.25699956711344,88.655133519056,PIP15N14A03236503,50.0,True,100.0,0.4165337481551745,0.39813395194255463
LMO_10Ah,LMO_10Ah,LMO,LMO,True,55.74399834520065,54.350428860209774,92.64899734329462,89.40046815385253,PIP16N1700C039158,50.0,True,100.0,1.393569484990877,3.2485291894420953
LMO_10Ah,LMO_10Ah,LMO,LMO,True,52.8222970349807,51.36169774330387,89.88499887613833,88.90010940183232,PIP15N12A03225967,50.0,True,100.0,1.4605992916768287,0.9848894743060015
NMC_15Ah,NMC_15Ah,NMC,NMC,True,5.0000046163318155,5.120078076463347,76.45000053354094,77.99481130279806,PJP17601529001A009420,50.0,True,100.0,0.12007346013153164,1.5448107692571114
NMC_15Ah,NMC_15Ah,NMC,NMC,True,35.356602693103284,35.451368033854116,75.6493310359627,77.17222490420993,PJP17601527001A008674,50.0,True,100.0,0.09476534075083265,1.5228938682472233
NMC_15Ah,NMC_15Ah,NMC,NMC,True,19.951500882936887,20.055739110008496,77.35932868370213,78.3723206894652,PJP17601529001A010983,50.0,True,100.0,0.10423822707160824,1.012992005763067
NMC_15Ah,NMC_15Ah,NMC,NMC,True,69.99999653173852,69.35576598038347,77.14800032857558,78.47577078951129,PJP17601527001A011451,50.0,True,100.0,0.6442305513550508,1.3277704609357102
NMC_15Ah,NMC_15Ah,NMC,NMC,True,50.95099774912738,51.32553191742192,76.80933310901158,78.37807691156216,PJP17601529001A010816,50.0,True,100.0,0.374534168294538,1.5687438025505855
NMC_15Ah,NMC_15Ah,NMC,NMC,True,64.9999971536303,67.10563480843412,75.51599563253126,78.55819632313097,PJP17601527001A007049,50.0,True,100.0,2.1056376548038145,3.0422006905997137
NMC_15Ah,NMC_15Ah,NMC,NMC,True,41.95410025556707,41.56334767420338,77.15599971918252,77.6644868740386,PJP17601529001A003328,50.0,True,100.0,0.3907525813636923,0.5084871548560841
NMC_15Ah,NMC_15Ah,NMC,NMC,True,46.82410030246086,46.9251086089008,76.45666426813065,77.6116500421603,PJP17601529003A008872,50.0,True,100.0,0.10100830643993675,1.1549857740296545
NMC_15Ah,NMC_15Ah,NMC,NMC,True,23.604701618548173,24.941504087788303,76.25332897948218,80.0656906213747,PJP17601527003A009249,50.0,True,100.0,1.33680246924013,3.8123616418925224
NMC_15Ah,NMC_15Ah,NMC,NMC,True,64.9999971536303,67.6108713296822,75.41066220690784,78.41374183632128,PJP17601527001A008438,50.0,True,100.0,2.610874176051894,3.0030796294134348
NMC_15Ah,NMC_15Ah,NMC,NMC,True,15.250300334977023,15.151240592564982,76.00799641583761,77.88108892022936,PJP17530529002A009949,50.0,True,100.0,0.09905974241204163,1.8730925043917495
NMC_15Ah,LMO_25Ah,NMC,LMO,False,27.26530265280591,12.387699276808062,76.32466388830355,77.26753774763972,PJP17601529001A010435,50.0,False,100.0,14.877603375997849,0.9428738593361743
NMC_15Ah,NMC_15Ah,NMC,NMC,True,47.527301113167965,45.3169682671621,80.00799780714402,77.3823896196245,PJP17930O01003A016716,50.0,True,100.0,2.210332846005862,2.625608187519518
NMC_15Ah,NMC_15Ah,NMC,NMC,True,41.72750142641355,42.37262385369661,75.98000012974555,78.15206645885235,PJP17601529003A008762,50.0,True,100.0,0.6451224272830558,2.172066329106798
NMC_15Ah,NMC_15Ah,NMC,NMC,True,29.79689918966566,30.050944717065754,75.26066715079567,76.55357585133865,PJP17601529003A008717,50.0,True,100.0,0.2540455274000948,1.2929087005429807
NMC_21Ah,NMC_21Ah,NMC,NMC,True,48.708301363683375,56.08612055840898,77.00523564899981,84.06512658615291,02LCC02100101A8BC0104122,50.0,True,100.0,7.377819194725603,7.059890937153099
NMC_21Ah,NMC_21Ah,NMC,NMC,True,41.72750142641355,41.229246706908725,99.73428381794949,99.5731639867431,02LCC02100101A87Y0163477,50.0,True,100.0,0.49825471950482836,0.16111983120639195
NMC_21Ah,NMC_21Ah,NMC,NMC,True,41.64969946964553,40.749931003409635,100.02142962444005,99.81963679082281,02LCC02100101A87Y0013547,50.0,True,100.0,0.8997684662358978,0.2017928336172332
NMC_21Ah,NMC_21Ah,NMC,NMC,True,69.99999653173852,68.04631503616392,101.11618692476883,99.49115394839014,02LCC02100101A87Y0027455,50.0,True,100.0,1.9536814955745996,1.6250329763786908
NMC_21Ah,NMC_21Ah,NMC,NMC,True,69.99999653173852,68.48931954248158,100.6080937631413,99.36079341517886,02LCC02100101A87Y0010456,50.0,True,100.0,1.510676989256936,1.2473003479624367
NMC_21Ah,NMC_21Ah,NMC,NMC,True,69.99999653173852,70.68002282772036,98.91618565361999,99.92415693347361,02LCC02100101A87Y0184257,50.0,True,100.0,0.6800262959818468,1.0079712798536207
NMC_21Ah,NMC_21Ah,NMC,NMC,True,55.92349703913051,54.0133219775593,100.59999887818844,100.10665864438755,02LCC02100101A87Y0173907,50.0,True,100.0,1.9101750615712092,0.4933402338008932
NMC_21Ah,NMC_21Ah,NMC,NMC,True,46.949499483880345,46.32835457469107,99.18856714885197,99.87661213263326,02LCC02100101A87Y0085499,50.0,True,100.0,0.621144909189276,0.6880449837812819
NMC_21Ah,NMC_21Ah,NMC,NMC,True,56.198899836382985,55.270656461155276,99.26904548319277,99.66641706140011,02LCC02100101A87Y0055909,50.0,True,100.0,0.9282433752277086,0.39737157820734126
NMC_21Ah,NMC_21Ah,NMC,NMC,True,20.500100580928294,20.848413364809318,83.75523416282624,86.16139163983156,02LCC02100101A87B0101984,50.0,True,100.0,0.34831278388102405,2.4061574770053227
LMO_24Ah,LMO_24Ah,LMO,LMO,True,41.643902856437975,43.45522908211889,76.34124575419918,79.55339223025545,A170530525010800528,50.0,True,100.0,1.811326225680915,3.212146476056276
LMO_24Ah,LMO_24Ah,LMO,LMO,True,74.99999856275895,6.124868580977533,79.57207939865172,80.34249363130574,A170530525010800027,50.0,True,100.0,68.87512998178141,0.7704142326540193
LMO_24Ah,LMO_24Ah,LMO,LMO,True,60.85579940312864,61.025857708912454,79.88583239632818,80.44935338543179,A170528511010802426,50.0,True,100.0,0.17005830578381165,0.5635209891036084
LMO_24Ah,LMO_24Ah,LMO,LMO,True,46.791699622251606,47.78206557978052,74.20832957727146,75.76077104042243,A170526507010800030,50.0,True,100.0,0.9903659575289154,1.55244146315097
LMO_24Ah,LMO_24Ah,LMO,LMO,True,65.67439927569912,64.83949065830589,81.9745813315415,81.08862953323003,A170530525010800523,50.0,True,100.0,0.834908617393225,0.8859517983114671
LMO_24Ah,LMO_24Ah,LMO,LMO,True,37.1305022963682,46.814995507711046,78.98291722904705,91.1571252243906,A170528511010800172,50.0,True,100.0,9.684493211342847,12.17420799534355
LMO_24Ah,LMO_24Ah,LMO,LMO,True,38.26200102867698,43.665091351284666,79.26375060630659,83.71460293919176,A170530525010800543,50.0,True,100.0,5.403090322607689,4.450852332885177
LMO_24Ah,LMO_24Ah,LMO,LMO,True,44.114199213785696,43.51838895309935,78.65249920318031,77.26936289123144,A170527511010800648,50.0,True,100.0,0.5958102606863491,1.3831363119488742
LMO_24Ah,LMO_24Ah,LMO,LMO,True,23.095200540901402,24.923827733645524,79.1762448999661,82.48435054542263,A170530525010800530,50.0,True,100.0,1.828627192744122,3.3081056454565356
LMO_24Ah,LMO_24Ah,LMO,LMO,True,21.101602001561332,19.83097510127131,80.67708368498764,79.19139403446637,A170526511010800410,50.0,True,100.0,1.2706269002900221,1.485689650521266
LMO_24Ah,LMO_24Ah,LMO,LMO,True,69.99999653173852,75.06763455988789,75.8099955298905,79.07681315140364,A170523507010800997,50.0,True,100.0,5.067638028149375,3.266817621513141
LMO_24Ah,LMO_24Ah,LMO,LMO,True,74.99999856275895,73.90693770984423,81.11541632967582,81.74916993193885,A170525507010800584,50.0,True,100.0,1.0930608529147179,0.6337536022630275
LMO_24Ah,LMO_24Ah,LMO,LMO,True,49.40099995812712,56.030490315545855,79.19208209968735,85.1536026529926,A170530525010800427,50.0,True,100.0,6.629490357418732,5.961520553305249
LMO_24Ah,LMO_24Ah,LMO,LMO,True,69.99999653173852,75.30442289327645,73.4933305238358,80.15238494198124,A170528511010800479,50.0,True,100.0,5.304426361537935,6.659054418145445
LMO_24Ah,LMO_24Ah,LMO,LMO,True,57.006596206647345,63.79017632795077,72.01916470094038,81.17236289669991,A170530525010800449,50.0,True,100.0,6.783580121303423,9.15319819575953
LMO_24Ah,LMO_24Ah,LMO,LMO,True,31.863299609461187,28.991314537530933,75.95833366423889,69.08018770657324,A170529511010800365,50.0,True,100.0,2.871985071930254,6.878145957665652
LMO_25Ah,LMO_25Ah,LMO,LMO,True,38.062501366268805,27.97398703307824,92.11839660702083,78.44249448822613,515092905216,50.0,True,100.0,10.088514333190563,13.675902118794696
LMO_25Ah,LMO_25Ah,LMO,LMO,True,22.88470256764415,23.21977864598782,87.47679874503397,87.49208479692427,515093005020,50.0,True,100.0,0.33507607834366837,0.015286051890299746
LMO_25Ah,LMO_24Ah,LMO,LMO,True,41.55420093027903,38.63897073619937,83.84559477856742,77.51573071477193,515093000439,50.0,False,100.0,2.915230194079662,6.329864063795483
LMO_25Ah,NMC_15Ah,LMO,NMC,False,50.48199868239127,42.16465012641968,91.85159425827743,77.30291302729664,515092905212,50.0,False,100.0,8.317348555971591,14.54868123098079
LMO_25Ah,LMO_25Ah,LMO,LMO,True,65.67439927569912,65.7828423686444,84.35679992543416,83.23836899967299,515093004482,50.0,True,100.0,0.10844309294527932,1.1184309257611744
LMO_25Ah,LMO_25Ah,LMO,LMO,True,6.929202384999056,10.21154190928874,52.694398896880614,61.292477076326676,515093001608,50.0,True,100.0,3.282339524289685,8.598078179446063
LMO_25Ah,LMO_25Ah,LMO,LMO,True,47.2815008369574,50.52574918431919,88.47479497642186,94.59947378577134,515093003101,50.0,True,100.0,3.24424834736179,6.124678809349476
LMO_25Ah,LMO_25Ah,LMO,LMO,True,24.077000908089857,24.421541250789577,92.00799692176012,93.54781985057792,515093004064,50.0,True,100.0,0.34454034269971956,1.5398229288177987
LMO_25Ah,LMO_25Ah,LMO,LMO,True,29.79689918966566,28.80829078648457,70.58879600011731,66.50396021450487,515093000629,50.0,True,100.0,0.9886084031810896,4.084835785612441
LMO_25Ah,LMO_25Ah,LMO,LMO,True,74.99999856275895,70.51018869301942,81.8831956140364,81.58552535038456,515091901822,50.0,True,100.0,4.489809869739531,0.29767026365183824
LMO_25Ah,LMO_24Ah,LMO,LMO,True,8.617300837915131,19.447747339621547,88.61359632443516,71.68735916119971,515100102065,50.0,False,100.0,10.830446501706415,16.926237163235456
LMO_25Ah,LMO_25Ah,LMO,LMO,True,70.00830014699694,61.866787110596086,88.87799645282749,78.0667912727641,515093002646,50.0,True,100.0,8.141513036400859,10.811205180063382
LMO_25Ah,LMO_25Ah,LMO,LMO,True,74.99999856275895,70.06983975183712,79.54360026532048,82.8887932111705,515100101320,50.0,True,100.0,4.930158810921824,3.345192945850016
LMO_25Ah,LMO_25Ah,LMO,LMO,True,21.692401574286222,22.848348384994356,83.6023959760034,88.08205930088224,515093000663,50.0,True,100.0,1.1559468107081337,4.4796633248788424
LMO_25Ah,LMO_25Ah,LMO,LMO,True,55.00000105032612,61.65602649902875,60.88039936884637,77.24424598101362,515092901155,50.0,True,100.0,6.6560254487026285,16.36384661216725
LMO_26Ah,LMO_26Ah,LMO,LMO,True,8.376103364411708,9.28047583545561,83.8830741947137,86.58097181949292,H27734091053,50.0,True,100.0,0.9043724710439012,2.697897624779216
LMO_26Ah,LMO_26Ah,LMO,LMO,True,49.40099995812712,69.55835296939132,80.00807527772267,98.57767400762616,H27733591038,50.0,True,100.0,20.1573530112642,18.56959872990349
LMO_26Ah,LMO_25Ah,LMO,LMO,True,44.48969970535751,58.75066447519111,79.2303838699786,91.528452142675,H27734091304,50.0,False,100.0,14.260964769833599,12.298068272696398
LMO_26Ah,LMO_25Ah,LMO,LMO,True,72.82489440139221,67.53648367094536,98.36614833967889,91.85548106788059,H27735490851,50.0,False,100.0,5.288410730446856,6.510667271798297
LMO_26Ah,LMO_26Ah,LMO,LMO,True,70.00830014699694,76.54812936678216,88.77884423076107,96.46190760336656,H27733490499,50.0,True,100.0,6.539829219785219,7.683063372605488
LMO_26Ah,LMO_26Ah,LMO,LMO,True,53.6027015707495,56.39020001033749,95.02961257288986,101.48390972201051,H27735376790,50.0,True,100.0,2.787498439587985,6.454297149120649
LMO_26Ah,LMO_25Ah,LMO,LMO,True,43.01369793692715,48.50691083808817,92.50730523597511,94.59093178490741,H27735376805,50.0,False,100.0,5.493212901161016,2.083626548932301
LMO_26Ah,LMO_26Ah,LMO,LMO,True,59.726499769245834,73.92306211033647,81.98538167882471,96.19468786211779,H27735290390,50.0,True,100.0,14.19656234109064,14.20930618329308
LMO_26Ah,LMO_26Ah,LMO,LMO,True,79.99999794086715,82.26944496671318,85.24307318712121,92.52561801594231,H27733690634,50.0,True,100.0,2.269447025846034,7.282544828821102
LMO_26Ah,LMO_26Ah,LMO,LMO,True,41.55420093027903,49.487493518566204,84.84115317685355,93.27902413641489,H27733690394,50.0,True,100.0,7.933292588287173,8.437870959561337
LMO_26Ah,LMO_26Ah,LMO,LMO,True,60.85579940312864,73.16728190582285,81.40538080040349,94.79416272542953,H27734091346,50.0,True,100.0,12.311482502694204,13.388781925026038
LMO_26Ah,LMO_26Ah,LMO,LMO,True,89.99999404417134,85.03837965301975,99.84076697020134,97.42422879138911,H27734492478,50.0,True,100.0,4.961614391151599,2.4165381788122318
LMO_26Ah,LMO_25Ah,LMO,LMO,True,46.428099431684736,44.92561131923259,98.93807346363708,93.20598677210188,H27735391963,50.0,False,100.0,1.5024881124521485,5.732086691535201
LMO_26Ah,LMO_26Ah,LMO,LMO,True,89.99999404417134,85.11463496196168,99.155379385371,98.62715399190056,H27734490172,50.0,True,100.0,4.885359082209661,0.5282253934704499
LMO_26Ah,LMO_26Ah,LMO,LMO,True,9.099602932994166,9.944560781888628,100.23307292118429,95.58878951787304,H27735076555,50.0,True,100.0,0.8449578488944613,4.644283403311249
LFP_35Ah,LFP_35Ah,LFP,LFP,True,54.56280111595269,43.66813158869239,86.32713851992527,90.53118318610709,18号,50.0,True,100.0,10.894669527260298,4.204044666181815
LFP_35Ah,LFP_35Ah,LFP,LFP,True,52.87640052685941,53.572084310782245,81.82657110327499,82.6992950374367,24号,50.0,True,100.0,0.6956837839228314,0.8727239341617121
LFP_35Ah,LFP_35Ah,LFP,LFP,True,25.55260241838855,30.90293808917598,84.09142816381119,90.44902136866126,33号,50.0,True,100.0,5.35033567078743,6.357593204850076
LFP_35Ah,LFP_35Ah,LFP,LFP,True,38.830501216096245,47.335473672909124,88.2471408826189,91.73127454447216,35号,50.0,True,100.0,8.50497245681288,3.4841336618532637
LFP_35Ah,LFP_35Ah,LFP,LFP,True,14.461799111103197,13.87239629666379,87.12485117105062,88.46336948899992,38号,50.0,True,100.0,0.5894028144394063,1.338518317949294
LFP_35Ah,LFP_35Ah,LFP,LFP,True,5.0000046163318155,5.00616733142617,85.52485415604023,86.07735361145342,42号,50.0,True,100.0,0.006162715094354176,0.5524994554131837
LFP_35Ah,LFP_35Ah,LFP,LFP,True,38.75429971153034,50.96312288444324,90.39142373257008,91.12256891942228,44号,50.0,True,100.0,12.2088231729129,0.7311451868522028
LFP_35Ah,LFP_35Ah,LFP,LFP,True,34.639400806524534,31.42281934912384,88.95542276257589,84.9081658202733,46号,50.0,True,100.0,3.216581457400693,4.047256942302596
LFP_35Ah,LFP_35Ah,LFP,LFP,True,39.11150132652551,38.2894316436432,79.61485770356319,88.64804891369002,7号,50.0,True,100.0,0.8220696828823151,9.03319121012683
LFP_68Ah,LFP_68Ah,LFP,LFP,True,59.840695702347006,65.10869757906124,84.28293786507221,83.86879356073624,02HCB68111211Y88D0001154,50.0,True,100.0,5.268001876714237,0.41414430433597715
LFP_68Ah,LFP_68Ah,LFP,LFP,True,49.40099995812712,39.8180532420656,83.80235165018405,83.44731039140937,02HCB68111211Y87Y0009119,50.0,True,100.0,9.582946716061521,0.3550412587746763
LFP_68Ah,LFP_68Ah,LFP,LFP,True,16.03880155885085,16.064802751549838,82.6247011469057,83.51746577114498,02HCB68111211Y87Y0008126,50.0,True,100.0,0.026001192698988262,0.8927646242392768
LFP_68Ah,LFP_68Ah,LFP,LFP,True,27.90890181105184,27.479899375447907,81.53514623308816,83.04757690917252,02HCB68111211Y87Y0015279,50.0,True,100.0,0.4290024356039339,1.5124306760843638
LFP_68Ah,LFP_68Ah,LFP,LFP,True,69.99999653173852,70.23296201861353,75.09117543779192,84.4475305027142,02HCB68111211Y86L0002535,50.0,True,100.0,0.23296548687501684,9.356355064922283
LFP_68Ah,LFP_68Ah,LFP,LFP,True,8.13500139574832,10.562447914867883,78.54779186631498,82.22290331090264,02HCB68111211Y87Y0014641,50.0,True,100.0,2.427446519119563,3.6751114445876567
LFP_68Ah,LFP_68Ah,LFP,LFP,True,31.863299609461187,34.720476456975916,76.97308504265344,83.36649245134831,02HCB68111211Y86X0004792,50.0,True,100.0,2.8571768475147294,6.39340740869487
LFP_68Ah,LFP_68Ah,LFP,LFP,True,44.46269869636442,38.028392210587846,85.23190928147962,84.15862609926609,02HCB68111211Y88G0002069,50.0,True,100.0,6.434306485776574,1.0732831822135296
LFP_68Ah,LFP_68Ah,LFP,LFP,True,44.38000045847457,46.01320783619568,82.54852638226058,83.82096696066604,02HCB68111211Y88E0004343,50.0,True,100.0,1.6332073777211136,1.2724405784054653
LFP_68Ah,LFP_68Ah,LFP,LFP,True,34.24330144638213,34.07862855241128,68.25176350462574,78.64956227773335,02HCB68111211Y86R0006266,50.0,True,100.0,0.16467289397084528,10.39779877310761
LFP_68Ah,LFP_68Ah,LFP,LFP,True,65.67439927569912,71.0399381232093,85.60896823206804,84.01492332904633,02HCB68111211Y88D0003027,50.0,True,100.0,5.36553884751018,1.594044903021711
LFP_68Ah,LFP_68Ah,LFP,LFP,True,52.43750140220706,51.587997788218246,83.1083807995489,83.98119572211473,02HCB68111211Y88E0004542,50.0,True,100.0,0.8495036139888157,0.872814922565837
LFP_68Ah,LFP_68Ah,LFP,LFP,True,39.5792994530596,38.6244772134963,81.17617128710508,83.74104799552377,02HCB68111211Y87Y0012947,50.0,True,100.0,0.954822239563299,2.5648767084186943
LFP_68Ah,LFP_68Ah,LFP,LFP,True,44.48969970535751,43.0063749043492,80.56190991484341,83.75384115486534,02HCB68111211Y88E0004475,50.0,True,100.0,1.4833248010083082,3.1919312400219297
LFP_68Ah,LFP_68Ah,LFP,LFP,True,62.82330124492969,67.97214491622937,83.82176486810033,84.4337800086021,02HCB68111211Y87Y0003936,50.0,True,100.0,5.14884367129968,0.612015140501768
LFP_68Ah,LFP_68Ah,LFP,LFP,True,50.564998357432486,55.761579194503405,86.852201848961,83.9782306345314,02HCB68111211Y88F0000101,50.0,True,100.0,5.196580837070918,2.873971214429602
LFP_68Ah,LFP_68Ah,LFP,LFP,True,64.9999971536303,71.99437370081607,70.91867773985592,84.48707245443963,02HCB68111211Y86P0008027,50.0,True,100.0,6.994376547185766,13.568394714583704
LFP_68Ah,LFP_68Ah,LFP,LFP,True,43.57689926379472,38.43365207663676,71.51896784661925,84.11131095323677,02HCB68111211Y86M0004689,50.0,True,100.0,5.143247187157961,12.59234310661752
LFP_68Ah,LFP_68Ah,LFP,LFP,True,41.643902856437975,36.141485013090715,77.89132389039165,83.68087007532804,02HCB68111211Y86H0009376,50.0,True,100.0,5.50241784334726,5.789546184936398
LFP_68Ah,LFP_68Ah,LFP,LFP,True,57.006596206647345,70.43477701016444,71.28293997378027,84.30236968976142,02HCB68111211Y86P0006552,50.0,True,100.0,13.428180803517094,13.019429715981147
LFP_68Ah,LFP_68Ah,LFP,LFP,True,24.41099990407093,29.3694467180281,80.76352851871029,83.17491640602287,02HCB68111211Y87Y0008148,50.0,True,100.0,4.9584468139571705,2.4113878873125856
LFP_68Ah,NMC_15Ah,LFP,NMC,False,38.26200102867698,19.934949363576717,83.86073436758568,80.96730459914096,02HCB68111211Y87Y0007299,50.0,False,100.0,18.32705166510026,2.8934297684447188
LMO_10Ah,LMO_10Ah,LMO,LMO,True,52.672695335349516,54.35510594445918,64.66599634874413,63.510971365115495,PIP15829A00218444,70.0,True,100.0,1.6824106091096667,1.1550249836286355
LMO_10Ah,LMO_10Ah,LMO,LMO,True,18.115401762916292,19.77685701837537,65.90499817480412,71.33992037489381,PIP15829A00217239,70.0,True,100.0,1.661455255459078,5.434922200089687
LMO_10Ah,LMO_10Ah,LMO,LMO,True,35.37670148771982,28.17016458615498,57.502001663419044,54.703642939289374,PIP15828A00225770,70.0,True,100.0,7.206536901564842,2.7983587241296703
LMO_10Ah,LMO_25Ah,LMO,LMO,True,65.67439927569912,84.22825188870289,80.47299740603592,90.00174103024217,PIP15710A00246135,70.0,False,100.0,18.55385261300377,9.528743624206257
LMO_10Ah,LMO_10Ah,LMO,LMO,True,24.387700702471207,23.08296398327217,88.19599417418095,89.27990464487932,PIP15N21A50200566,70.0,True,100.0,1.3047367191990382,1.0839104706983704
LMO_10Ah,LMO_10Ah,LMO,LMO,True,37.94840027477962,39.0206845969083,89.06699683856765,88.05232040108021,PIP15D19A03261038,70.0,True,100.0,1.0722843221286809,1.014676437487438
LMO_10Ah,LMO_10Ah,LMO,LMO,True,30.690801942620944,31.586925183106988,87.89499662822769,88.42850551516209,PIP15D25A03226076,70.0,True,100.0,0.8961232404860446,0.5335088869343991
LMO_10Ah,LMO_10Ah,LMO,LMO,True,50.564998357432486,51.02620117837283,86.37399968243484,89.5578257607945,PIP15D01A03250557,70.0,True,100.0,0.46120282094034337,3.183826078359658
LMO_10Ah,LMO_26Ah,LMO,LMO,True,55.43259950844851,66.61757589383089,83.32999677321057,94.96416416322016,PIP15D01A03229494,70.0,False,100.0,11.184976385382377,11.634167390009594
LMO_10Ah,LMO_10Ah,LMO,LMO,True,47.63939991915674,48.629309575783275,88.51599952186417,90.05533549275901,PIP15D01A03214955,70.0,True,100.0,0.9899096566265371,1.5393359708948395
LMO_10Ah,LMO_10Ah,LMO,LMO,True,49.833402100745005,49.9237264664343,87.67699884679544,88.3359408219325,PIP15D01A03224640,70.0,True,100.0,0.09032436568929825,0.6589419751370542
LMO_10Ah,LMO_10Ah,LMO,LMO,True,64.84549419866687,64.90261935756774,87.65499878349092,87.69106623905259,PIP15N15A03208989,70.0,True,100.0,0.057125158900873885,0.03606745556166402
LMO_10Ah,LMO_10Ah,LMO,LMO,True,63.63550358660503,65.76500683976822,89.95499876135536,91.74182508866502,PIP15D25A03236724,70.0,True,100.0,2.129503253163186,1.7868263273096687
LMO_10Ah,LMO_10Ah,LMO,LMO,True,53.381097180470086,53.70667052723046,87.00699502164643,87.82938821809759,PIP15N15A03208683,70.0,True,100.0,0.32557334676037186,0.8223931964511593
LMO_10Ah,LMO_10Ah,LMO,LMO,True,24.077000908089857,26.075785890826165,90.00099541544847,89.13278105948031,PIP15N30A03228344,70.0,True,100.0,1.9987849827363071,0.8682143559681634
LMO_10Ah,LMO_10Ah,LMO,LMO,True,16.92310209601447,19.16133097727471,69.437998064225,73.35204695524125,PIP15829A00218512,70.0,True,100.0,2.2382288812602376,3.9140488910162503
LMO_10Ah,LMO_10Ah,LMO,LMO,True,25.680200864041012,24.943385002554507,89.01899701665513,88.79127398984748,PIP15N15A03208672,70.0,True,100.0,0.7368158614865052,0.22772302680765222
LMO_10Ah,LMO_10Ah,LMO,LMO,True,40.14490277950498,40.13450661755292,90.61599607837498,88.31770804219549,PIP15D15A03236823,70.0,True,100.0,0.010396161952058947,2.2982880361794855
LMO_10Ah,LMO_10Ah,LMO,LMO,True,74.34220101829476,75.36106522215272,89.38799760413491,88.76125935802675,PIP15512A50200153,70.0,True,100.0,1.0188642038579587,0.626738246108161
LMO_10Ah,LMO_10Ah,LMO,LMO,True,25.66410166621489,25.747477391563724,61.937998617589926,64.02442485837273,PIP15829A00217327,70.0,True,100.0,0.08337572534883364,2.0864262407827994
LMO_10Ah,LMO_26Ah,LMO,LMO,True,85.0000026247998,84.05717884399371,92.3849959512275,94.3016522173363,PIP15D26A03256484,70.0,False,100.0,0.9428237808060942,1.9166562661088022
LMO_10Ah,LMO_10Ah,LMO,LMO,True,85.0000026247998,79.14868636719828,91.84699851382803,90.58364373231765,PIP15D28A03264309,70.0,True,100.0,5.851316257601525,1.2633547815103725
LMO_10Ah,LMO_10Ah,LMO,LMO,True,43.991100770491734,44.110161812996104,89.75499502379529,91.72020352447333,PIP15N08A03232188,70.0,True,100.0,0.11906104250437011,1.9652085006780453
LMO_10Ah,LMO_10Ah,LMO,LMO,True,56.435900402749404,56.02239097452861,88.25699956711344,88.95424773943195,PIP15N14A03236503,70.0,True,100.0,0.4135094282207916,0.6972481723185098
LMO_10Ah,LMO_10Ah,LMO,LMO,True,55.74399834520065,54.93902518933336,92.64899734329462,89.96356163184456,PIP16N1700C039158,70.0,True,100.0,0.8049731558672946,2.6854357114500687
LMO_10Ah,LMO_10Ah,LMO,LMO,True,52.8222970349807,51.79260496988402,89.88499887613833,89.54896565624844,PIP15N12A03225967,70.0,True,100.0,1.0296920650966825,0.33603321988988455
NMC_15Ah,NMC_15Ah,NMC,NMC,True,5.0000046163318155,4.957908205175038,76.45000053354094,77.64892129565227,PJP17601529001A009420,70.0,True,100.0,0.04209641115677787,1.198920762111328
NMC_15Ah,NMC_15Ah,NMC,NMC,True,35.356602693103284,35.54834789308322,75.6493310359627,77.38090534657884,PJP17601527001A008674,70.0,True,100.0,0.191745199979934,1.7315743106161392
NMC_15Ah,NMC_15Ah,NMC,NMC,True,19.951500882936887,20.00850268141938,77.35932868370213,78.25568351590059,PJP17601529001A010983,70.0,True,100.0,0.057001798482492205,0.8963548321984547
NMC_15Ah,LMO_25Ah,NMC,LMO,False,69.99999653173852,72.95179380467387,77.14800032857558,84.47117968143593,PJP17601527001A011451,70.0,False,100.0,2.9517972729353517,7.32317935286035
NMC_15Ah,NMC_15Ah,NMC,NMC,True,50.95099774912738,51.5178057101623,76.80933310901158,78.10596608904576,PJP17601529001A010816,70.0,True,100.0,0.5668079610349182,1.2966329800341896
NMC_15Ah,NMC_15Ah,NMC,NMC,True,64.9999971536303,67.0493055232002,75.51599563253126,78.47791277195935,PJP17601527001A007049,70.0,True,100.0,2.0493083695699,2.9619171394280954
NMC_15Ah,NMC_15Ah,NMC,NMC,True,41.95410025556707,41.711949391733455,77.15599971918252,77.52399698361717,PJP17601529001A003328,70.0,True,100.0,0.24215086383361495,0.3679972644346492
NMC_15Ah,NMC_15Ah,NMC,NMC,True,46.82410030246086,47.052268660808394,76.45666426813065,77.64507622529968,PJP17601529003A008872,70.0,True,100.0,0.22816835834753135,1.1884119571690235
NMC_15Ah,NMC_15Ah,NMC,NMC,True,23.604701618548173,24.863056146893946,76.25332897948218,79.81142459328917,PJP17601527003A009249,70.0,True,100.0,1.258354528345773,3.558095613806998
NMC_15Ah,NMC_15Ah,NMC,NMC,True,64.9999971536303,67.47362556873028,75.41066220690784,78.22267788733103,PJP17601527001A008438,70.0,True,100.0,2.4736284150999808,2.812015680423187
NMC_15Ah,NMC_15Ah,NMC,NMC,True,15.250300334977023,15.143735503885722,76.00799641583761,77.75503005947508,PJP17530529002A009949,70.0,True,100.0,0.10656483109130122,1.7470336436374652
NMC_15Ah,LMO_25Ah,NMC,LMO,False,27.26530265280591,11.217239709783245,76.32466388830355,76.95925796729331,PJP17601529001A010435,70.0,False,100.0,16.048062943022664,0.6345940789897639
NMC_15Ah,NMC_15Ah,NMC,NMC,True,47.527301113167965,45.0577591777337,80.00799780714402,77.45956802352121,PJP17930O01003A016716,70.0,True,100.0,2.4695419354342647,2.548429783622808
NMC_15Ah,NMC_15Ah,NMC,NMC,True,41.72750142641355,42.50582740545553,75.98000012974555,77.96285547962084,PJP17601529003A008762,70.0,True,100.0,0.7783259790419734,1.9828553498752939
NMC_15Ah,NMC_15Ah,NMC,NMC,True,29.79689918966566,30.1233101934605,75.26066715079567,76.62321652603589,PJP17601529003A008717,70.0,True,100.0,0.326411003794842,1.3625493752402207
NMC_21Ah,NMC_21Ah,NMC,NMC,True,48.708301363683375,55.37754362108169,77.00523564899981,84.70028522210315,02LCC02100101A8BC0104122,70.0,True,100.0,6.6692422573983166,7.695049573103333
NMC_21Ah,NMC_21Ah,NMC,NMC,True,41.72750142641355,41.901056436314484,99.73428381794949,99.77945960011535,02LCC02100101A87Y0163477,70.0,True,100.0,0.1735550099009302,0.04517578216585605
NMC_21Ah,NMC_21Ah,NMC,NMC,True,41.64969946964553,40.188965781020954,100.02142962444005,99.66541152490987,02LCC02100101A87Y0013547,70.0,True,100.0,1.460733688624579,0.35601809953017494
NMC_21Ah,NMC_21Ah,NMC,NMC,True,69.99999653173852,68.37476944559863,101.11618692476883,99.55012265562021,02LCC02100101A87Y0027455,70.0,True,100.0,1.625227086139887,1.5660642691486117
NMC_21Ah,NMC_21Ah,NMC,NMC,True,69.99999653173852,68.33389602697672,100.6080937631413,99.20979345498932,02LCC02100101A87Y0010456,70.0,True,100.0,1.6661005047618005,1.398300308151974
NMC_21Ah,NMC_21Ah,NMC,NMC,True,69.99999653173852,70.26161347062344,98.91618565361999,99.57677000502444,02LCC02100101A87Y0184257,70.0,True,100.0,0.2616169388849272,0.6605843514044523
NMC_21Ah,LMO_24Ah,NMC,LMO,False,55.92349703913051,39.46651225780067,100.59999887818844,82.78432453111837,02LCC02100101A87Y0173907,70.0,False,100.0,16.456984781329837,17.815674347070072
NMC_21Ah,NMC_21Ah,NMC,NMC,True,46.949499483880345,45.239952898868246,99.18856714885197,99.89306498629996,02LCC02100101A87Y0085499,70.0,True,100.0,1.7095465850120988,0.7044978374479882
NMC_21Ah,NMC_21Ah,NMC,NMC,True,56.198899836382985,55.51846764483099,99.26904548319277,99.8158410486754,02LCC02100101A87Y0055909,70.0,True,100.0,0.6804321915519935,0.5467955654826255
NMC_21Ah,NMC_21Ah,NMC,NMC,True,20.500100580928294,20.577834888434623,83.75523416282624,85.53087235517559,02LCC02100101A87B0101984,70.0,True,100.0,0.07773430750632926,1.7756381923493478
LMO_24Ah,LMO_24Ah,LMO,LMO,True,41.643902856437975,42.866949610198965,76.34124575419918,79.25908118575585,A170530525010800528,70.0,True,100.0,1.2230467537609897,2.917835431556668
LMO_24Ah,LMO_24Ah,LMO,LMO,True,74.99999856275895,5.044432937332738,79.57207939865172,80.46568671306285,A170530525010800027,70.0,True,100.0,69.9555656254262,0.8936073144111276
LMO_24Ah,LMO_24Ah,LMO,LMO,True,60.85579940312864,60.95279517983108,79.88583239632818,80.4132574712902,A170528511010802426,70.0,True,100.0,0.09699577670243542,0.5274250749620109
LMO_24Ah,LMO_24Ah,LMO,LMO,True,46.791699622251606,48.1781977697117,74.20832957727146,76.3450326425662,A170526507010800030,70.0,True,100.0,1.3864981474600953,2.136703065294739
LMO_24Ah,LMO_24Ah,LMO,LMO,True,65.67439927569912,64.198876026311,81.9745813315415,80.96342601090534,A170530525010800523,70.0,True,100.0,1.475523249388118,1.0111553206361634
LMO_24Ah,LMO_24Ah,LMO,LMO,True,37.1305022963682,50.21850281842431,78.98291722904705,103.8748490919851,A170528511010800172,70.0,True,100.0,13.088000522056113,24.89193186293805
LMO_24Ah,LMO_24Ah,LMO,LMO,True,38.26200102867698,50.43592621904006,79.26375060630659,98.55827031542898,A170530525010800543,70.0,True,100.0,12.173925190363086,19.294519709122397
LMO_24Ah,LMO_24Ah,LMO,LMO,True,44.114199213785696,43.69485835288441,78.65249920318031,77.39425242055778,A170527511010800648,70.0,True,100.0,0.4193408609012863,1.2582467826225354
LMO_24Ah,LMO_24Ah,LMO,LMO,True,23.095200540901402,24.862698003743823,79.1762448999661,82.42096301124825,A170530525010800530,70.0,True,100.0,1.767497462842421,3.244718111282154
LMO_24Ah,LMO_24Ah,LMO,LMO,True,21.101602001561332,20.1268782777281,80.67708368498764,79.40241313969119,A170526511010800410,70.0,True,100.0,0.9747237238332325,1.2746705452964449
LMO_24Ah,LMO_24Ah,LMO,LMO,True,69.99999653173852,74.62381826242994,75.8099955298905,78.8635492966366,A170523507010800997,70.0,True,100.0,4.623821730691418,3.0535537667461057
LMO_24Ah,LMO_24Ah,LMO,LMO,True,74.99999856275895,73.46133069663566,81.11541632967582,81.21285186696065,A170525507010800584,70.0,True,100.0,1.5386678661232907,0.09743553728482368
LMO_24Ah,LMO_24Ah,LMO,LMO,True,49.40099995812712,52.095591421976586,79.19208209968735,81.43532902887111,A170530525010800427,70.0,True,100.0,2.694591463849463,2.243246929183755
LMO_24Ah,LMO_24Ah,LMO,LMO,True,69.99999653173852,74.46589305069867,73.4933305238358,79.83911384292462,A170528511010800479,70.0,True,100.0,4.46589651896015,6.345783319088824
LMO_24Ah,LMO_24Ah,LMO,LMO,True,57.006596206647345,63.539189608343946,72.01916470094038,80.90067990150153,A170530525010800449,70.0,True,100.0,6.532593401696602,8.881515200561154
LMO_24Ah,LMO_24Ah,LMO,LMO,True,31.863299609461187,29.373117685316867,75.95833366423889,72.4248297417471,A170529511010800365,70.0,True,100.0,2.49018192414432,3.5335039224917892
LMO_25Ah,LMO_25Ah,LMO,LMO,True,38.062501366268805,28.774552375286795,92.11839660702083,76.07931235227237,515092905216,70.0,True,100.0,9.28794899098201,16.03908425474846
LMO_25Ah,LMO_25Ah,LMO,LMO,True,22.88470256764415,24.456570303783913,87.47679874503397,91.68450318459253,515093005020,70.0,True,100.0,1.5718677361397617,4.2077044395585546
LMO_25Ah,LMO_24Ah,LMO,LMO,True,41.55420093027903,38.78364034039371,83.84559477856742,77.36220363268617,515093000439,70.0,False,100.0,2.7705605898853207,6.483391145881242
LMO_25Ah,LMO_24Ah,LMO,LMO,True,50.48199868239127,41.532081611390545,91.85159425827743,80.73446313863283,515092905212,70.0,False,100.0,8.949917071000726,11.117131119644597
LMO_25Ah,LMO_25Ah,LMO,LMO,True,65.67439927569912,65.80848011236881,84.35679992543416,85.69742287394538,515093004482,70.0,True,100.0,0.13408083666969617,1.3406229485112249
LMO_25Ah,LMO_25Ah,LMO,LMO,True,6.929202384999056,10.042575276884747,52.694398896880614,61.226637835492845,515093001608,70.0,True,100.0,3.1133728918856916,8.532238938612231
LMO_25Ah,LMO_25Ah,LMO,LMO,True,47.2815008369574,49.216324105993806,88.47479497642186,92.73872787817137,515093003101,70.0,True,100.0,1.9348232690364071,4.263932901749513
LMO_25Ah,LMO_25Ah,LMO,LMO,True,24.077000908089857,23.93908130743327,92.00799692176012,92.4615261319151,515093004064,70.0,True,100.0,0.1379196006565877,0.4535292101549686
LMO_25Ah,LMO_25Ah,LMO,LMO,True,29.79689918966566,34.824647034785826,70.58879600011731,74.44437831973572,515093000629,70.0,True,100.0,5.027747845120167,3.8555823196184065
LMO_25Ah,LMO_25Ah,LMO,LMO,True,74.99999856275895,68.45457435109512,81.8831956140364,81.51809574924329,515091901822,70.0,True,100.0,6.545424211663828,0.36509986479310896
LMO_25Ah,LMO_24Ah,LMO,LMO,True,8.617300837915131,19.924285982895807,88.61359632443516,70.64595094718766,515100102065,70.0,False,100.0,11.306985144980676,17.967645377247507
LMO_25Ah,LMO_25Ah,LMO,LMO,True,70.00830014699694,69.00748901081745,88.87799645282749,90.47826603779217,515093002646,70.0,True,100.0,1.0008111361794931,1.6002695849646784
LMO_25Ah,LMO_25Ah,LMO,LMO,True,74.99999856275895,70.30237281401976,79.54360026532048,84.0314767660064,515100101320,70.0,True,100.0,4.697625748739185,4.487876500685928
LMO_25Ah,LMO_25Ah,LMO,LMO,True,21.692401574286222,24.375159059936312,83.6023959760034,89.74928117336177,515093000663,70.0,True,100.0,2.6827574856500895,6.1468851973583725
LMO_25Ah,LMO_25Ah,LMO,LMO,True,55.00000105032612,61.304936116050094,60.88039936884637,75.90568465898802,515092901155,70.0,True,100.0,6.304935065723974,15.025285290141653
LMO_26Ah,LMO_26Ah,LMO,LMO,True,8.376103364411708,5.022978836184206,83.8830741947137,82.04297820819335,H27734091053,70.0,True,100.0,3.353124528227503,1.8400959865203532
LMO_26Ah,LMO_26Ah,LMO,LMO,True,49.40099995812712,67.28041662443124,80.00807527772267,98.43032433462007,H27733591038,70.0,True,100.0,17.879416666304117,18.4222490568974
LMO_26Ah,LMO_26Ah,LMO,LMO,True,44.48969970535751,54.08465215495897,79.2303838699786,92.25586988797154,H27734091304,70.0,True,100.0,9.594952449601458,13.025486017992947
LMO_26Ah,LMO_25Ah,LMO,LMO,True,72.82489440139221,68.36837592714087,98.36614833967889,92.42096506658525,H27735490851,70.0,False,100.0,4.4565184742513395,5.945183273093633
LMO_26Ah,LMO_26Ah,LMO,LMO,True,70.00830014699694,73.79991923076277,88.77884423076107,94.19783911229311,H27733490499,70.0,True,100.0,3.7916190837658235,5.4189948815320435
LMO_26Ah,LMO_26Ah,LMO,LMO,True,53.6027015707495,54.68933707025978,95.02961257288986,100.28381393675525,H27735376790,70.0,True,100.0,1.0866354995102796,5.254201363865391
LMO_26Ah,LMO_26Ah,LMO,LMO,True,43.01369793692715,41.705922472583524,92.50730523597511,92.72115249163035,H27735376805,70.0,True,100.0,1.307775464343628,0.21384725565523865
LMO_26Ah,LMO_26Ah,LMO,LMO,True,59.726499769245834,72.74165397456676,81.98538167882471,95.8910714943997,H27735290390,70.0,True,100.0,13.015154205320925,13.905689815574988
LMO_26Ah,LMO_26Ah,LMO,LMO,True,79.99999794086715,80.18586627704477,85.24307318712121,91.30077844407252,H27733690634,70.0,True,100.0,0.1858683361776201,6.057705256951309
LMO_26Ah,LMO_26Ah,LMO,LMO,True,41.55420093027903,49.50013000271307,84.84115317685355,94.50191967107023,H27733690394,70.0,True,100.0,7.945929072434041,9.660766494216674
LMO_26Ah,LMO_26Ah,LMO,LMO,True,60.85579940312864,71.32828580565457,81.40538080040349,90.56463909265213,H27734091346,70.0,True,100.0,10.47248640252593,9.159258292248637
LMO_26Ah,LMO_26Ah,LMO,LMO,True,89.99999404417134,84.64024650404427,99.84076697020134,96.27307417462856,H27734492478,70.0,True,100.0,5.359747540127074,3.567692795572782
LMO_26Ah,LMO_25Ah,LMO,LMO,True,46.428099431684736,44.90308743123007,98.93807346363708,93.12143822842074,H27735391963,70.0,False,100.0,1.525012000454666,5.816635235216339
LMO_26Ah,LMO_26Ah,LMO,LMO,True,89.99999404417134,84.58876674235424,99.155379385371,98.56732014384114,H27734490172,70.0,True,100.0,5.411227301817107,0.5880592415298622
LMO_26Ah,LMO_26Ah,LMO,LMO,True,9.099602932994166,9.706915557851993,100.23307292118429,98.29712932684951,H27735076555,70.0,True,100.0,0.6073126248578262,1.9359435943347734
LFP_35Ah,LFP_35Ah,LFP,LFP,True,54.56280111595269,53.52329858145482,86.32713851992527,89.00154400200773,18号,70.0,True,100.0,1.0395025344978706,2.674405482082463
LFP_35Ah,LFP_35Ah,LFP,LFP,True,52.87640052685941,56.084585848687894,81.82657110327499,81.99893412888866,24号,70.0,True,100.0,3.2081853218284806,0.17236302561367722
LFP_35Ah,LFP_35Ah,LFP,LFP,True,25.55260241838855,32.43171059270695,84.09142816381119,90.67518486528971,33号,70.0,True,100.0,6.8791081743184,6.583756701478521
LFP_35Ah,LFP_35Ah,LFP,LFP,True,38.830501216096245,49.55665825636374,88.2471408826189,91.52097069822244,35号,70.0,True,100.0,10.726157040267495,3.2738298156035484
LFP_35Ah,LFP_35Ah,LFP,LFP,True,14.461799111103197,14.891870670333057,87.12485117105062,88.30200554641917,38号,70.0,True,100.0,0.4300715592298605,1.177154375368545
LFP_35Ah,LFP_35Ah,LFP,LFP,True,5.0000046163318155,5.2200955201879395,85.52485415604023,84.23614814545597,42号,70.0,True,100.0,0.22009090385612406,1.2887060105842636
LFP_35Ah,LFP_35Ah,LFP,LFP,True,38.75429971153034,49.182449069816535,90.39142373257008,90.29412827473972,44号,70.0,True,100.0,10.428149358286198,0.09729545783035576
LFP_35Ah,LFP_35Ah,LFP,LFP,True,34.639400806524534,39.344909849741796,88.95542276257589,86.31614544481478,46号,70.0,True,100.0,4.705509043217262,2.6392773177611133
LFP_35Ah,LFP_35Ah,LFP,LFP,True,39.11150132652551,43.83848270966283,79.61485770356319,88.73420410231044,7号,70.0,True,100.0,4.726981383137314,9.119346398747254
LFP_68Ah,LFP_68Ah,LFP,LFP,True,59.840695702347006,68.08397843099583,84.28293786507221,84.33647484718651,02HCB68111211Y88D0001154,70.0,True,100.0,8.243282728648822,0.05353698211429503
LFP_68Ah,LFP_68Ah,LFP,LFP,True,49.40099995812712,53.23325966746728,83.80235165018405,83.91328732512933,02HCB68111211Y87Y0009119,70.0,True,100.0,3.832259709340157,0.11093567494528145
LFP_68Ah,LFP_68Ah,LFP,LFP,True,16.03880155885085,18.327661269889703,82.6247011469057,83.67461144071822,02HCB68111211Y87Y0008126,70.0,True,100.0,2.288859711038853,1.0499102938125162
LFP_68Ah,LFP_68Ah,LFP,LFP,True,27.90890181105184,36.695766917450065,81.53514623308816,83.60811951025926,02HCB68111211Y87Y0015279,70.0,True,100.0,8.786865106398224,2.0729732771711014
LFP_68Ah,LFP_68Ah,LFP,LFP,True,69.99999653173852,71.82198215873201,75.09117543779192,84.33907575388002,02HCB68111211Y86L0002535,70.0,True,100.0,1.821985626993495,9.247900316088106
LFP_68Ah,LFP_68Ah,LFP,LFP,True,8.13500139574832,10.453691778280271,78.54779186631498,78.77109559186867,02HCB68111211Y87Y0014641,70.0,True,100.0,2.318690382531951,0.22330372555369138
LFP_68Ah,LFP_68Ah,LFP,LFP,True,31.863299609461187,35.02802094388186,76.97308504265344,83.44838454469784,02HCB68111211Y86X0004792,70.0,True,100.0,3.164721334420676,6.4752995020444075
LFP_68Ah,LFP_68Ah,LFP,LFP,True,44.46269869636442,43.02687992614991,85.23190928147962,84.03328744315334,02HCB68111211Y88G0002069,70.0,True,100.0,1.4358187702145102,1.1986218383262752
LFP_68Ah,LFP_68Ah,LFP,LFP,True,44.38000045847457,53.5071874455237,82.54852638226058,84.00007953139304,02HCB68111211Y88E0004343,70.0,True,100.0,9.127186987049129,1.4515531491324651
LFP_68Ah,LFP_68Ah,LFP,LFP,True,34.24330144638213,37.51767692817795,68.25176350462574,77.9605085953974,02HCB68111211Y86R0006266,70.0,True,100.0,3.274375481795822,9.708745090771657
LFP_68Ah,LFP_68Ah,LFP,LFP,True,65.67439927569912,68.52789288620603,85.60896823206804,84.48515574931963,02HCB68111211Y88D0003027,70.0,True,100.0,2.8534936105069164,1.1238124827484057
LFP_68Ah,LFP_68Ah,LFP,LFP,True,52.43750140220706,56.57454822781125,83.1083807995489,83.93816350342917,02HCB68111211Y88E0004542,70.0,True,100.0,4.1370468256041875,0.8297827038802694
LFP_68Ah,LFP_68Ah,LFP,LFP,True,39.5792994530596,44.97035931615639,81.17617128710508,83.7763696386627,02HCB68111211Y87Y0012947,70.0,True,100.0,5.3910598630967925,2.600198351557623
LFP_68Ah,LFP_68Ah,LFP,LFP,True,44.48969970535751,53.560420782193205,80.56190991484341,83.99621123962973,02HCB68111211Y88E0004475,70.0,True,100.0,9.070721076835696,3.4343013247863183
LFP_68Ah,LFP_68Ah,LFP,LFP,True,62.82330124492969,68.07387083542567,83.82176486810033,84.25028362585371,02HCB68111211Y87Y0003936,70.0,True,100.0,5.250569590495978,0.42851875775338044
LFP_68Ah,LFP_68Ah,LFP,LFP,True,50.564998357432486,53.74170488604925,86.852201848961,83.90386824664283,02HCB68111211Y88F0000101,70.0,True,100.0,3.176706528616762,2.948333602318172
LFP_68Ah,LFP_68Ah,LFP,LFP,True,64.9999971536303,72.04535736792037,70.91867773985592,84.23420367839837,02HCB68111211Y86P0008027,70.0,True,100.0,7.045360214290071,13.31552593854245
LFP_68Ah,LFP_68Ah,LFP,LFP,True,43.57689926379472,37.9626787457856,71.51896784661925,83.36453750501155,02HCB68111211Y86M0004689,70.0,True,100.0,5.61422051800912,11.845569658392307
LFP_68Ah,LFP_68Ah,LFP,LFP,True,41.643902856437975,40.62394652323092,77.89132389039165,83.4088890950825,02HCB68111211Y86H0009376,70.0,True,100.0,1.0199563332070554,5.517565204690854
LFP_68Ah,LFP_68Ah,LFP,LFP,True,57.006596206647345,67.99324618005222,71.28293997378027,84.37446173514877,02HCB68111211Y86P0006552,70.0,True,100.0,10.98664997340488,13.091521761368497
LFP_68Ah,LFP_68Ah,LFP,LFP,True,24.41099990407093,26.881097293001915,80.76352851871029,83.9520124958484,02HCB68111211Y87Y0008148,70.0,True,100.0,2.4700973889309843,3.1884839771381053
LFP_68Ah,LMO_24Ah,LFP,LMO,False,38.26200102867698,17.57346618042941,83.86073436758568,83.00682532946048,02HCB68111211Y87Y0007299,70.0,False,100.0,20.688534848247567,0.8539090381251953
LMO_10Ah,LMO_10Ah,LMO,LMO,True,52.672695335349516,53.37695598448976,64.66599634874413,62.83662697411694,PIP15829A00218444,100.0,True,100.0,0.7042606491402452,1.8293693746271913
LMO_10Ah,LMO_10Ah,LMO,LMO,True,18.115401762916292,19.62360093215681,65.90499817480412,68.60058727515406,PIP15829A00217239,100.0,True,100.0,1.5081991692405161,2.6955891003499346
LMO_10Ah,LMO_10Ah,LMO,LMO,True,35.37670148771982,28.13457709513767,57.502001663419044,53.99600580427061,PIP15828A00225770,100.0,True,100.0,7.242124392582152,3.5059958591484346
LMO_10Ah,LMO_25Ah,LMO,LMO,True,65.67439927569912,84.47456417697252,80.47299740603592,91.8241488038099,PIP15710A00246135,100.0,False,100.0,18.800164901273405,11.35115139777399
LMO_10Ah,LMO_10Ah,LMO,LMO,True,24.387700702471207,24.61014076010092,88.19599417418095,89.45983117051762,PIP15N21A50200566,100.0,True,100.0,0.22244005762971142,1.2638369963366642
LMO_10Ah,LMO_10Ah,LMO,LMO,True,37.94840027477962,38.73383299114985,89.06699683856765,88.36966898222538,PIP15D19A03261038,100.0,True,100.0,0.7854327163702308,0.6973278563422696
LMO_10Ah,LMO_10Ah,LMO,LMO,True,30.690801942620944,31.879488343074847,87.89499662822769,88.57306435009812,PIP15D25A03226076,100.0,True,100.0,1.1886864004539035,0.6780677218704341
LMO_10Ah,LMO_10Ah,LMO,LMO,True,50.564998357432486,51.4616276409251,86.37399968243484,89.96126470823917,PIP15D01A03250557,100.0,True,100.0,0.8966292834926151,3.587265025804328
LMO_10Ah,LMO_26Ah,LMO,LMO,True,55.43259950844851,64.77628237167737,83.32999677321057,95.30068244379433,PIP15D01A03229494,100.0,False,100.0,9.343682863228857,11.970685670583762
LMO_10Ah,LMO_10Ah,LMO,LMO,True,47.63939991915674,48.04745297016259,88.51599952186417,90.03378222915912,PIP15D01A03214955,100.0,True,100.0,0.4080530510058509,1.5177827072949412
LMO_10Ah,LMO_10Ah,LMO,LMO,True,49.833402100745005,50.16852991087703,87.67699884679544,88.47144350432751,PIP15D01A03224640,100.0,True,100.0,0.33512781013202186,0.7944446575320683
LMO_10Ah,LMO_10Ah,LMO,LMO,True,64.84549419866687,65.06462740121044,87.65499878349092,87.49862868927192,PIP15N15A03208989,100.0,True,100.0,0.21913320254357416,0.1563700942189996
LMO_10Ah,LMO_10Ah,LMO,LMO,True,63.63550358660503,64.40490914829671,89.95499876135536,91.21075383720334,PIP15D25A03236724,100.0,True,100.0,0.7694055616916771,1.2557550758479863
LMO_10Ah,LMO_10Ah,LMO,LMO,True,53.381097180470086,53.457096483382486,87.00699502164643,87.99528972314215,PIP15N15A03208683,100.0,True,100.0,0.07599930291240042,0.9882947014957182
LMO_10Ah,LMO_10Ah,LMO,LMO,True,24.077000908089857,25.72816286412316,90.00099541544847,89.50776585390278,PIP15N30A03228344,100.0,True,100.0,1.6511619560333024,0.4932295615456894
LMO_10Ah,LMO_10Ah,LMO,LMO,True,16.92310209601447,19.0521742509414,69.437998064225,73.86072003948608,PIP15829A00218512,100.0,True,100.0,2.129072154926927,4.422721975261084
LMO_10Ah,LMO_10Ah,LMO,LMO,True,25.680200864041012,25.684684285698122,89.01899701665513,88.73385184833242,PIP15N15A03208672,100.0,True,100.0,0.004483421657109687,0.28514516832271397
LMO_10Ah,LMO_10Ah,LMO,LMO,True,40.14490277950498,40.316838046594015,90.61599607837498,88.43556735366414,PIP15D15A03236823,100.0,True,100.0,0.17193526708903306,2.1804287247108363
LMO_10Ah,LMO_10Ah,LMO,LMO,True,74.34220101829476,74.32427529040302,89.38799760413491,88.33750383038257,PIP15512A50200153,100.0,True,100.0,0.017925727891736187,1.0504937737523363
LMO_10Ah,LMO_10Ah,LMO,LMO,True,25.66410166621489,24.914687124580695,61.937998617589926,62.75167874549125,PIP15829A00217327,100.0,True,100.0,0.7494145416341951,0.8136801279013213
LMO_10Ah,LMO_26Ah,LMO,LMO,True,85.0000026247998,84.15768707647959,92.3849959512275,95.21628694403182,PIP15D26A03256484,100.0,False,100.0,0.8423155483202152,2.831290992804327
LMO_10Ah,LMO_10Ah,LMO,LMO,True,85.0000026247998,76.67091145029352,91.84699851382803,90.04884567171322,PIP15D28A03264309,100.0,True,100.0,8.329091174506289,1.7981528421148028
LMO_10Ah,LMO_10Ah,LMO,LMO,True,43.991100770491734,44.058877040354474,89.75499502379529,91.36868377780799,PIP15N08A03232188,100.0,True,100.0,0.06777626986274043,1.6136887540126992
LMO_10Ah,LMO_10Ah,LMO,LMO,True,56.435900402749404,56.32750240931191,88.25699956711344,88.87075374423978,PIP15N14A03236503,100.0,True,100.0,0.10839799343749235,0.6137541771263386
LMO_10Ah,LMO_10Ah,LMO,LMO,True,55.74399834520065,55.02167269027694,92.64899734329462,89.79798518702388,PIP16N1700C039158,100.0,True,100.0,0.7223256549237149,2.851012156270741
LMO_10Ah,LMO_10Ah,LMO,LMO,True,52.8222970349807,51.903451601303466,89.88499887613833,89.40592872292483,PIP15N12A03225967,100.0,True,100.0,0.9188454336772338,0.4790701532134989
NMC_15Ah,NMC_15Ah,NMC,NMC,True,5.0000046163318155,5.301070359974835,76.45000053354094,78.28460059515604,PJP17601529001A009420,100.0,True,100.0,0.3010657436430195,1.8346000616150917
NMC_15Ah,NMC_15Ah,NMC,NMC,True,35.356602693103284,35.37376206097658,75.6493310359627,77.27484085165813,PJP17601527001A008674,100.0,True,100.0,0.017159367873297526,1.6255098156954233
NMC_15Ah,NMC_15Ah,NMC,NMC,True,19.951500882936887,19.93122732772765,77.35932868370213,78.30920904541276,PJP17601529001A010983,100.0,True,100.0,0.02027355520923635,0.9498803617106262
NMC_15Ah,NMC_15Ah,NMC,NMC,True,69.99999653173852,69.97914464166463,77.14800032857558,78.66715726907387,PJP17601527001A011451,100.0,True,100.0,0.020851890073885215,1.5191569404982914
NMC_15Ah,NMC_15Ah,NMC,NMC,True,50.95099774912738,50.992550313278414,76.80933310901158,77.94625717099014,PJP17601529001A010816,100.0,True,100.0,0.04155256415103281,1.1369240619785614
NMC_15Ah,NMC_15Ah,NMC,NMC,True,64.9999971536303,66.30818796454388,75.51599563253126,78.15189064806978,PJP17601527001A007049,100.0,True,100.0,1.3081908109135725,2.635895015538523
NMC_15Ah,NMC_15Ah,NMC,NMC,True,41.95410025556707,41.83170980822265,77.15599971918252,77.83241526238581,PJP17601529001A003328,100.0,True,100.0,0.12239044734442217,0.6764155432032908
NMC_15Ah,NMC_15Ah,NMC,NMC,True,46.82410030246086,47.05970278408569,76.45666426813065,77.67906082901818,PJP17601529003A008872,100.0,True,100.0,0.23560248162482367,1.2223965608875318
NMC_15Ah,NMC_15Ah,NMC,NMC,True,23.604701618548173,25.134600283317866,76.25332897948218,80.27284188938299,PJP17601527003A009249,100.0,True,100.0,1.5298986647696928,4.019512909900811
NMC_15Ah,NMC_15Ah,NMC,NMC,True,64.9999971536303,66.7356782401806,75.41066220690784,77.85135223387243,PJP17601527001A008438,100.0,True,100.0,1.7356810865503007,2.440690026964589
NMC_15Ah,NMC_15Ah,NMC,NMC,True,15.250300334977023,15.357658386823042,76.00799641583761,77.84216517186381,PJP17530529002A009949,100.0,True,100.0,0.10735805184601865,1.8341687560262017
NMC_15Ah,LMO_25Ah,NMC,LMO,False,27.26530265280591,21.512439947173426,76.32466388830355,88.9570158106381,PJP17601529001A010435,100.0,False,100.0,5.752862705632484,12.63235192233455
NMC_15Ah,NMC_15Ah,NMC,NMC,True,47.527301113167965,45.70088910213016,80.00799780714402,77.70024096901479,PJP17930O01003A016716,100.0,True,100.0,1.826412011037803,2.3077568381292366
NMC_15Ah,NMC_15Ah,NMC,NMC,True,41.72750142641355,42.45012603138341,75.98000012974555,77.88689636777015,PJP17601529003A008762,100.0,True,100.0,0.7226246049698588,1.9068962380246006
NMC_15Ah,NMC_15Ah,NMC,NMC,True,29.79689918966566,29.995323759395404,75.26066715079567,76.39592037792693,PJP17601529003A008717,100.0,True,100.0,0.19842456972974531,1.1352532271312583
NMC_21Ah,NMC_21Ah,NMC,NMC,True,48.708301363683375,56.61866217871373,77.00523564899981,84.71663617824343,02LCC02100101A8BC0104122,100.0,True,100.0,7.9103608150303515,7.711400529243619
NMC_21Ah,NMC_21Ah,NMC,NMC,True,41.72750142641355,41.37345951277964,99.73428381794949,99.55739160934274,02LCC02100101A87Y0163477,100.0,True,100.0,0.3540419136339139,0.17689220860674482
NMC_21Ah,NMC_21Ah,NMC,NMC,True,41.64969946964553,40.97107706165075,100.02142962444005,99.83839795152686,02LCC02100101A87Y0013547,100.0,True,100.0,0.67862240799478,0.183031672913188
NMC_21Ah,NMC_21Ah,NMC,NMC,True,69.99999653173852,68.56761759383532,101.11618692476883,99.62154736707153,02LCC02100101A87Y0027455,100.0,True,100.0,1.432378937903195,1.4946395576972975
NMC_21Ah,NMC_21Ah,NMC,NMC,True,69.99999653173852,68.91528439359001,100.6080937631413,99.37144071854343,02LCC02100101A87Y0010456,100.0,True,100.0,1.0847121381485039,1.2366530445978725
NMC_21Ah,NMC_21Ah,NMC,NMC,True,69.99999653173852,70.57676087234688,98.91618565361999,99.837955262506,02LCC02100101A87Y0184257,100.0,True,100.0,0.5767643406083636,0.9217696088860095
NMC_21Ah,LMO_24Ah,NMC,LMO,False,55.92349703913051,37.458579494846184,100.59999887818844,80.49746704166394,02LCC02100101A87Y0173907,100.0,False,100.0,18.464917544284326,20.102531836524506
NMC_21Ah,NMC_21Ah,NMC,NMC,True,46.949499483880345,44.952304590407785,99.18856714885197,99.48422649762657,02LCC02100101A87Y0085499,100.0,True,100.0,1.9971948934725603,0.295659348774592
NMC_21Ah,NMC_21Ah,NMC,NMC,True,56.198899836382985,54.2015275294055,99.26904548319277,99.83764285053985,02LCC02100101A87Y0055909,100.0,True,100.0,1.997372306977482,0.5685973673470812
NMC_21Ah,NMC_21Ah,NMC,NMC,True,20.500100580928294,20.562628395571586,83.75523416282624,85.5713662266362,02LCC02100101A87B0101984,100.0,True,100.0,0.0625278146432926,1.8161320638099596
LMO_24Ah,LMO_24Ah,LMO,LMO,True,41.643902856437975,42.55272177417487,76.34124575419918,78.6926555242625,A170530525010800528,100.0,True,100.0,0.9088189177368946,2.351409770063327
LMO_24Ah,LMO_24Ah,LMO,LMO,True,74.99999856275895,9.64624080239656,79.57207939865172,81.2074339857582,A170530525010800027,100.0,True,100.0,65.35375776036238,1.6353545871064767
LMO_24Ah,LMO_24Ah,LMO,LMO,True,60.85579940312864,61.112626508994694,79.88583239632818,80.49380473863566,A170528511010802426,100.0,True,100.0,0.2568271058660514,0.6079723423074768
LMO_24Ah,LMO_24Ah,LMO,LMO,True,46.791699622251606,48.01674816409197,74.20832957727146,76.40003928305958,A170526507010800030,100.0,True,100.0,1.2250485418403656,2.191709705788128
LMO_24Ah,LMO_24Ah,LMO,LMO,True,65.67439927569912,64.65163263796093,81.9745813315415,80.90616829674087,A170530525010800523,100.0,True,100.0,1.0227666377381865,1.0684130348006278
LMO_24Ah,LMO_24Ah,LMO,LMO,True,37.1305022963682,42.79363289896521,78.98291722904705,84.28624970266517,A170528511010800172,100.0,True,100.0,5.663130602597008,5.303332473618127
LMO_24Ah,LMO_24Ah,LMO,LMO,True,38.26200102867698,50.61431732211676,79.26375060630659,98.90366893776161,A170530525010800543,100.0,True,100.0,12.352316293439785,19.63991833145502
LMO_24Ah,LMO_24Ah,LMO,LMO,True,44.114199213785696,43.987380061098776,78.65249920318031,78.08044886147051,A170527511010800648,100.0,True,100.0,0.12681915268692023,0.5720503417097973
LMO_24Ah,LMO_24Ah,LMO,LMO,True,23.095200540901402,24.844873086516547,79.1762448999661,82.98318281083696,A170530525010800530,100.0,True,100.0,1.7496725456151445,3.8069379108708716
LMO_24Ah,LMO_24Ah,LMO,LMO,True,21.101602001561332,19.946774719811362,80.67708368498764,79.50251777556535,A170526511010800410,100.0,True,100.0,1.15482728174997,1.1745659094222844
LMO_24Ah,LMO_24Ah,LMO,LMO,True,69.99999653173852,74.99542228917402,75.8099955298905,78.54428576926978,A170523507010800997,100.0,True,100.0,4.995425757435498,2.734290239379277
LMO_24Ah,LMO_24Ah,LMO,LMO,True,74.99999856275895,73.70784195332203,81.11541632967582,81.3561955205344,A170525507010800584,100.0,True,100.0,1.2921566094369155,0.24077919085857502
LMO_24Ah,LMO_24Ah,LMO,LMO,True,49.40099995812712,57.40150076144725,79.19208209968735,88.68375368046102,A170530525010800427,100.0,True,100.0,8.00050080332013,9.49167158077367
LMO_24Ah,LMO_24Ah,LMO,LMO,True,69.99999653173852,74.9281444351952,73.4933305238358,80.08310284539088,A170528511010800479,100.0,True,100.0,4.928147903456676,6.589772321555088
LMO_24Ah,LMO_24Ah,LMO,LMO,True,57.006596206647345,64.06805296585132,72.01916470094038,80.70087821985885,A170530525010800449,100.0,True,100.0,7.061456759203978,8.681713518918471
LMO_24Ah,LMO_24Ah,LMO,LMO,True,31.863299609461187,28.577845566221537,75.95833366423889,69.90107987103725,A170529511010800365,100.0,True,100.0,3.2854540432396497,6.057253793201639
LMO_25Ah,NMC_15Ah,LMO,NMC,False,38.062501366268805,33.58187538122475,92.11839660702083,76.24541369978921,515092905216,100.0,False,100.0,4.480625985044057,15.872982907231616
LMO_25Ah,LMO_24Ah,LMO,LMO,True,22.88470256764415,29.248325357568433,87.47679874503397,80.86831522339291,515093005020,100.0,False,100.0,6.363622789924282,6.6084835216410625
LMO_25Ah,LMO_24Ah,LMO,LMO,True,41.55420093027903,39.01263980639864,83.84559477856742,77.65956670177818,515093000439,100.0,False,100.0,2.541561123880392,6.186028076789242
LMO_25Ah,NMC_15Ah,LMO,NMC,False,50.48199868239127,43.351059499151056,91.85159425827743,78.16967979016658,515092905212,100.0,False,100.0,7.130939183240216,13.681914468110847
LMO_25Ah,LMO_25Ah,LMO,LMO,True,65.67439927569912,64.32027328964189,84.35679992543416,82.84540344204896,515093004482,100.0,True,100.0,1.3541259860572268,1.511396483385198
LMO_25Ah,LMO_25Ah,LMO,LMO,True,6.929202384999056,10.1268927860728,52.694398896880614,61.598114635631454,515093001608,100.0,True,100.0,3.1976904010737437,8.90371573875084
LMO_25Ah,LMO_25Ah,LMO,LMO,True,47.2815008369574,49.36945417888177,88.47479497642186,94.19333570012519,515093003101,100.0,True,100.0,2.0879533419243685,5.7185407237033274
LMO_25Ah,LMO_25Ah,LMO,LMO,True,24.077000908089857,24.768465235121788,92.00799692176012,94.30369997026422,515093004064,100.0,True,100.0,0.6914643270319303,2.2957030485040946
LMO_25Ah,LMO_25Ah,LMO,LMO,True,29.79689918966566,29.01679509620613,70.58879600011731,66.18819393040283,515093000629,100.0,True,100.0,0.7801040934595278,4.4006020697144805
LMO_25Ah,LMO_25Ah,LMO,LMO,True,74.99999856275895,69.00632703526372,81.8831956140364,81.46072040628185,515091901822,100.0,True,100.0,5.9936715274952235,0.4224752077545446
LMO_25Ah,LMO_24Ah,LMO,LMO,True,8.617300837915131,19.573830972394596,88.61359632443516,71.30305702771392,515100102065,100.0,False,100.0,10.956530134479465,17.310539296721245
LMO_25Ah,LMO_24Ah,LMO,LMO,True,70.00830014699694,63.28849736199391,88.87799645282749,78.01079237645109,515093002646,100.0,False,100.0,6.719802785003033,10.867204076376396
LMO_25Ah,LMO_25Ah,LMO,LMO,True,74.99999856275895,70.29782837538153,79.54360026532048,82.73033291330853,515100101320,100.0,True,100.0,4.702170187377419,3.186732647988052
LMO_25Ah,LMO_25Ah,LMO,LMO,True,21.692401574286222,21.06715526279997,83.6023959760034,87.64081850553345,515093000663,100.0,True,100.0,0.6252463114862508,4.038422529530052
LMO_25Ah,LMO_25Ah,LMO,LMO,True,55.00000105032612,60.00440558918084,60.88039936884637,75.42767031908927,515092901155,100.0,True,100.0,5.004404538854722,14.547270950242904
LMO_26Ah,LFP_68Ah,LMO,LFP,False,8.376103364411708,6.057158302306337,83.8830741947137,76.06753998638193,H27734091053,100.0,False,100.0,2.3189450621053718,7.815534208331769
LMO_26Ah,LMO_26Ah,LMO,LMO,True,49.40099995812712,62.83427634279681,80.00807527772267,96.34199706069913,H27733591038,100.0,True,100.0,13.43327638466969,16.33392178297646
LMO_26Ah,LMO_26Ah,LMO,LMO,True,44.48969970535751,50.15645451766535,79.2303838699786,86.02946888868632,H27734091304,100.0,True,100.0,5.666754812307843,6.7990850187077285
LMO_26Ah,LMO_25Ah,LMO,LMO,True,72.82489440139221,67.79433347447343,98.36614833967889,91.68107677157109,H27735490851,100.0,False,100.0,5.030560926918781,6.6850715681078015
LMO_26Ah,LMO_26Ah,LMO,LMO,True,70.00830014699694,74.82107820369373,88.77884423076107,93.56793247762137,H27733490499,100.0,True,100.0,4.812778056696786,4.789088246860302
LMO_26Ah,LMO_26Ah,LMO,LMO,True,53.6027015707495,59.51195875776052,95.02961257288986,101.81378640244603,H27735376790,100.0,True,100.0,5.909257187011015,6.784173829556167
LMO_26Ah,LMO_25Ah,LMO,LMO,True,43.01369793692715,48.05559807391568,92.50730523597511,92.72395534554528,H27735376805,100.0,False,100.0,5.041900136988531,0.21665010957016761
LMO_26Ah,LMO_26Ah,LMO,LMO,True,59.726499769245834,71.35530041082282,81.98538167882471,95.74863313987359,H27735290390,100.0,True,100.0,11.628800641576987,13.763251461048881
LMO_26Ah,LMO_26Ah,LMO,LMO,True,79.99999794086715,82.34290941199637,85.24307318712121,90.8112162448582,H27733690634,100.0,True,100.0,2.342911471129227,5.5681430577369895
LMO_26Ah,LMO_26Ah,LMO,LMO,True,41.55420093027903,46.53002896189415,84.84115317685355,93.23561152137782,H27733690394,100.0,True,100.0,4.975828031615123,8.394458344524267
LMO_26Ah,LMO_26Ah,LMO,LMO,True,60.85579940312864,74.53271990959955,81.40538080040349,96.43777472760083,H27734091346,100.0,True,100.0,13.676920506470907,15.032393927197333
LMO_26Ah,LMO_26Ah,LMO,LMO,True,89.99999404417134,84.29426960937572,99.84076697020134,97.39181636610752,H27734492478,100.0,True,100.0,5.705724434795627,2.448950604093824
LMO_26Ah,LMO_25Ah,LMO,LMO,True,46.428099431684736,44.141722183258686,98.93807346363708,92.47371589031093,H27735391963,100.0,False,100.0,2.2863772484260494,6.464357573326154
LMO_26Ah,LMO_26Ah,LMO,LMO,True,89.99999404417134,84.6969763790239,99.155379385371,97.78625734299679,H27734490172,100.0,True,100.0,5.3030176651474505,1.3691220423742152
LMO_26Ah,LMO_26Ah,LMO,LMO,True,9.099602932994166,10.266043338000925,100.23307292118429,98.92559342772614,H27735076555,100.0,True,100.0,1.1664404050067585,1.3074794934581462
LFP_35Ah,LFP_35Ah,LFP,LFP,True,54.56280111595269,48.7208184667802,86.32713851992527,90.69652374092094,18号,100.0,True,100.0,5.841982649172486,4.369385220995667
LFP_35Ah,LFP_35Ah,LFP,LFP,True,52.87640052685941,52.540309709590396,81.82657110327499,83.36454667499841,24号,100.0,True,100.0,0.33609081726901735,1.5379755717234218
LFP_35Ah,LFP_35Ah,LFP,LFP,True,25.55260241838855,33.33673369047357,84.09142816381119,90.78052018815178,33号,100.0,True,100.0,7.784131272085023,6.689092024340596
LFP_35Ah,LFP_35Ah,LFP,LFP,True,38.830501216096245,60.98739976686971,88.2471408826189,91.16978739521296,35号,100.0,True,100.0,22.156898550773462,2.9226465125940706
LFP_35Ah,LFP_35Ah,LFP,LFP,True,14.461799111103197,16.85098533014064,87.12485117105062,89.03936924918867,38号,100.0,True,100.0,2.3891862190374447,1.9145180781380446
LFP_35Ah,LFP_35Ah,LFP,LFP,True,5.0000046163318155,5.002060623304749,85.52485415604023,82.06164087059025,42号,100.0,True,100.0,0.0020560069729338437,3.4632132854499815
LFP_35Ah,LFP_35Ah,LFP,LFP,True,38.75429971153034,56.85827586361994,90.39142373257008,91.01747834034745,44号,100.0,True,100.0,18.1039761520896,0.6260546077773768
LFP_35Ah,LFP_35Ah,LFP,LFP,True,34.639400806524534,31.938025514506478,88.95542276257589,86.13706967261264,46号,100.0,True,100.0,2.7013752920180565,2.818353089963253
LFP_35Ah,LFP_35Ah,LFP,LFP,True,39.11150132652551,39.49548160330807,79.61485770356319,87.75787022574546,7号,100.0,True,100.0,0.38398027678255886,8.143012522182275
LFP_68Ah,LFP_68Ah,LFP,LFP,True,59.840695702347006,61.07566348298968,84.28293786507221,84.18358247666032,02HCB68111211Y88D0001154,100.0,True,100.0,1.2349677806426769,0.09935538841189384
LFP_68Ah,LFP_68Ah,LFP,LFP,True,49.40099995812712,53.943173672555034,83.80235165018405,83.78207518867708,02HCB68111211Y87Y0009119,100.0,True,100.0,4.542173714427911,0.020276461506966825
LFP_68Ah,LFP_68Ah,LFP,LFP,True,16.03880155885085,19.475827089047367,82.6247011469057,83.50685135325054,02HCB68111211Y87Y0008126,100.0,True,100.0,3.437025530196518,0.8821502063448321
LFP_68Ah,LFP_68Ah,LFP,LFP,True,27.90890181105184,32.82709930398759,81.53514623308816,83.3832391398526,02HCB68111211Y87Y0015279,100.0,True,100.0,4.918197492935747,1.8480929067644496
LFP_68Ah,LFP_68Ah,LFP,LFP,True,69.99999653173852,72.2316289467559,75.09117543779192,84.64187295916196,02HCB68111211Y86L0002535,100.0,True,100.0,2.231632415017387,9.55069752137004
LFP_68Ah,LFP_68Ah,LFP,LFP,True,8.13500139574832,10.353552300593416,78.54779186631498,81.81229343373292,02HCB68111211Y87Y0014641,100.0,True,100.0,2.2185509048450953,3.2645015674179376
LFP_68Ah,LFP_68Ah,LFP,LFP,True,31.863299609461187,32.977514121215165,76.97308504265344,82.91168118216828,02HCB68111211Y86X0004792,100.0,True,100.0,1.1142145117539783,5.938596139514843
LFP_68Ah,LFP_68Ah,LFP,LFP,True,44.46269869636442,36.13867856357267,85.23190928147962,84.17873371911566,02HCB68111211Y88G0002069,100.0,True,100.0,8.324020132791752,1.0531755623639611
LFP_68Ah,LFP_68Ah,LFP,LFP,True,44.38000045847457,52.15931039420807,82.54852638226058,83.47142658728522,02HCB68111211Y88E0004343,100.0,True,100.0,7.779309935733501,0.9229002050246464
LFP_68Ah,LFP_68Ah,LFP,LFP,True,34.24330144638213,31.098455730337214,68.25176350462574,80.95036858202863,02HCB68111211Y86R0006266,100.0,True,100.0,3.1448457160449124,12.698605077402888
LFP_68Ah,LFP_68Ah,LFP,LFP,True,65.67439927569912,67.9459633254992,85.60896823206804,84.31329184569552,02HCB68111211Y88D0003027,100.0,True,100.0,2.271564049800091,1.29567638637252
LFP_68Ah,LFP_68Ah,LFP,LFP,True,52.43750140220706,53.2773431098792,83.1083807995489,83.55276974624888,02HCB68111211Y88E0004542,100.0,True,100.0,0.8398417076721358,0.44438894669998774
LFP_68Ah,LFP_68Ah,LFP,LFP,True,39.5792994530596,39.37996136958652,81.17617128710508,83.59714343124509,02HCB68111211Y87Y0012947,100.0,True,100.0,0.19933808347308002,2.420972144140009
LFP_68Ah,LFP_68Ah,LFP,LFP,True,44.48969970535751,44.1113078710765,80.56190991484341,83.43012117198745,02HCB68111211Y88E0004475,100.0,True,100.0,0.3783918342810111,2.86821125714404
LFP_68Ah,LFP_68Ah,LFP,LFP,True,62.82330124492969,67.28755030539926,83.82176486810033,84.28403804610357,02HCB68111211Y87Y0003936,100.0,True,100.0,4.464249060469577,0.46227317800324386
LFP_68Ah,LFP_68Ah,LFP,LFP,True,50.564998357432486,55.306472102623786,86.852201848961,83.89008016348978,02HCB68111211Y88F0000101,100.0,True,100.0,4.7414737451913,2.9621216854712173
LFP_68Ah,LFP_68Ah,LFP,LFP,True,64.9999971536303,73.29182817596259,70.91867773985592,84.12633976624456,02HCB68111211Y86P0008027,100.0,True,100.0,8.291831022332289,13.207662026388633
LFP_68Ah,LFP_68Ah,LFP,LFP,True,43.57689926379472,46.444671511114635,71.51896784661925,83.75299878089993,02HCB68111211Y86M0004689,100.0,True,100.0,2.8677722473199125,12.234030934280682
LFP_68Ah,LFP_68Ah,LFP,LFP,True,41.643902856437975,44.3523945854946,77.89132389039165,83.80506482004645,02HCB68111211Y86H0009376,100.0,True,100.0,2.7084917290566253,5.913740929654807
LFP_68Ah,LFP_68Ah,LFP,LFP,True,57.006596206647345,69.07952088350015,71.28293997378027,84.15959582784697,02HCB68111211Y86P0006552,100.0,True,100.0,12.072924676852807,12.876655854066698
LFP_68Ah,LFP_68Ah,LFP,LFP,True,24.41099990407093,28.850643203670888,80.76352851871029,83.28418067299668,02HCB68111211Y87Y0008148,100.0,True,100.0,4.4396432995999575,2.5206521542863953
LFP_68Ah,NMC_15Ah,LFP,NMC,False,38.26200102867698,16.067243430795127,83.86073436758568,80.25939015107126,02HCB68111211Y87Y0007299,100.0,False,100.0,22.19475759788185,3.60134421651442
LMO_10Ah,LMO_10Ah,LMO,LMO,True,52.672695335349516,51.19916044367265,64.66599634874413,64.08872101176242,PIP15829A00218444,300.0,True,100.0,1.473534891676863,0.5772753369817138
LMO_10Ah,LMO_10Ah,LMO,LMO,True,18.115401762916292,19.529856299383834,65.90499817480412,68.66500991112113,PIP15829A00217239,300.0,True,100.0,1.4144545364675416,2.7600117363170114
LMO_10Ah,LMO_10Ah,LMO,LMO,True,35.37670148771982,30.15525788890766,57.502001663419044,54.066216282978985,PIP15828A00225770,300.0,True,100.0,5.2214435988121615,3.435785380440059
LMO_10Ah,LMO_25Ah,LMO,LMO,True,65.67439927569912,78.54739320017474,80.47299740603592,93.85370405090859,PIP15710A00246135,300.0,False,100.0,12.872993924475622,13.380706644872674
LMO_10Ah,LMO_10Ah,LMO,LMO,True,24.387700702471207,24.924173938690643,88.19599417418095,89.74541080649368,PIP15N21A50200566,300.0,True,100.0,0.536473236219436,1.5494166323127274
LMO_10Ah,LMO_10Ah,LMO,LMO,True,37.94840027477962,38.308212272498864,89.06699683856765,88.14495244628226,PIP15D19A03261038,300.0,True,100.0,0.3598119977192411,0.922044392285386
LMO_10Ah,LMO_10Ah,LMO,LMO,True,30.690801942620944,31.80341807476048,87.89499662822769,88.31988227770081,PIP15D25A03226076,300.0,True,100.0,1.1126161321395358,0.4248856494731257
LMO_10Ah,LMO_10Ah,LMO,LMO,True,50.564998357432486,51.60409168021992,86.37399968243484,90.15718369096248,PIP15D01A03250557,300.0,True,100.0,1.039093322787437,3.783184008527641
LMO_10Ah,LMO_26Ah,LMO,LMO,True,55.43259950844851,56.70397850935379,83.32999677321057,96.77850361317626,PIP15D01A03229494,300.0,False,100.0,1.2713790009052772,13.448506839965688
LMO_10Ah,LMO_10Ah,LMO,LMO,True,47.63939991915674,47.72198441343502,88.51599952186417,88.85631164734711,PIP15D01A03214955,300.0,True,100.0,0.08258449427827941,0.34031212548293865
LMO_10Ah,LMO_10Ah,LMO,LMO,True,49.833402100745005,50.9903649768346,87.67699884679544,89.24495150082446,PIP15D01A03224640,300.0,True,100.0,1.1569628760895938,1.567952654029014
LMO_10Ah,LMO_10Ah,LMO,LMO,True,64.84549419866687,64.4667246560081,87.65499878349092,87.38154439979623,PIP15N15A03208989,300.0,True,100.0,0.37876954265877316,0.2734543836946983
LMO_10Ah,LMO_10Ah,LMO,LMO,True,63.63550358660503,64.52945807134867,89.95499876135536,91.59478972486372,PIP15D25A03236724,300.0,True,100.0,0.893954484743638,1.6397909635083607
LMO_10Ah,LMO_10Ah,LMO,LMO,True,53.381097180470086,53.339561860248494,87.00699502164643,87.93571231850838,PIP15N15A03208683,300.0,True,100.0,0.04153532022159112,0.9287172968619473
LMO_10Ah,LMO_10Ah,LMO,LMO,True,24.077000908089857,24.499393612889836,90.00099541544847,89.65717845774608,PIP15N30A03228344,300.0,True,100.0,0.4223927047999787,0.34381695770238707
LMO_10Ah,LMO_10Ah,LMO,LMO,True,16.92310209601447,18.020786974934122,69.437998064225,77.09500982036576,PIP15829A00218512,300.0,True,100.0,1.097684878919651,7.657011756140761
LMO_10Ah,LMO_10Ah,LMO,LMO,True,25.680200864041012,25.451307597428514,89.01899701665513,88.80099860281,PIP15N15A03208672,300.0,True,100.0,0.22889326661249854,0.2179984138451374
LMO_10Ah,LMO_10Ah,LMO,LMO,True,40.14490277950498,40.08084862774712,90.61599607837498,88.19751354614183,PIP15D15A03236823,300.0,True,100.0,0.06405415175785834,2.418482532233142
LMO_10Ah,LMO_10Ah,LMO,LMO,True,74.34220101829476,71.87794268916691,89.38799760413491,88.26050945863597,PIP15512A50200153,300.0,True,100.0,2.464258329127844,1.127488145498944
LMO_10Ah,LMO_10Ah,LMO,LMO,True,25.66410166621489,25.794743002187293,61.937998617589926,61.64833580780934,PIP15829A00217327,300.0,True,100.0,0.13064133597240257,0.28966280978058734
LMO_10Ah,LMO_26Ah,LMO,LMO,True,85.0000026247998,84.55821315228033,92.3849959512275,98.38552926501214,PIP15D26A03256484,300.0,False,100.0,0.4417894725194742,6.0005333137846435
LMO_10Ah,LMO_10Ah,LMO,LMO,True,85.0000026247998,77.38928559246087,91.84699851382803,90.84533239045723,PIP15D28A03264309,300.0,True,100.0,7.61071703233894,1.0016661233707964
LMO_10Ah,LMO_10Ah,LMO,LMO,True,43.991100770491734,44.53337891026942,89.75499502379529,91.60353220061282,PIP15N08A03232188,300.0,True,100.0,0.5422781397776859,1.8485371768175298
LMO_10Ah,LMO_10Ah,LMO,LMO,True,56.435900402749404,56.35383919540713,88.25699956711344,88.73891431349239,PIP15N14A03236503,300.0,True,100.0,0.08206120734227085,0.4819147463789477
LMO_10Ah,LMO_10Ah,LMO,LMO,True,55.74399834520065,55.41459286673395,92.64899734329462,90.2564326722006,PIP16N1700C039158,300.0,True,100.0,0.329405478466704,2.3925646710940214
LMO_10Ah,LMO_10Ah,LMO,LMO,True,52.8222970349807,51.737604793673874,89.88499887613833,88.94671001023248,PIP15N12A03225967,300.0,True,100.0,1.0846922413068256,0.9382888659058466
NMC_15Ah,NMC_15Ah,NMC,NMC,True,5.0000046163318155,5.106452719285298,76.45000053354094,77.9311627402046,PJP17601529001A009420,300.0,True,100.0,0.1064481029534825,1.4811622066636545
NMC_15Ah,NMC_15Ah,NMC,NMC,True,35.356602693103284,35.538863068657434,75.6493310359627,77.3594033084228,PJP17601527001A008674,300.0,True,100.0,0.18226037555415076,1.7100722724600956
NMC_15Ah,NMC_15Ah,NMC,NMC,True,19.951500882936887,19.610584418333975,77.35932868370213,78.21782854531396,PJP17601529001A010983,300.0,True,100.0,0.3409164646029126,0.8584998616118327
NMC_15Ah,NMC_15Ah,NMC,NMC,True,69.99999653173852,70.09084020499549,77.14800032857558,79.10230761211497,PJP17601527001A011451,300.0,True,100.0,0.09084367325696974,1.9543072835393929
NMC_15Ah,NMC_15Ah,NMC,NMC,True,50.95099774912738,51.52917078612623,76.80933310901158,78.18308314889245,PJP17601529001A010816,300.0,True,100.0,0.578173036998848,1.3737500398808749
NMC_15Ah,NMC_15Ah,NMC,NMC,True,64.9999971536303,66.33767773681629,75.51599563253126,77.99785067913271,PJP17601527001A007049,300.0,True,100.0,1.3376805831859855,2.481855046601453
NMC_15Ah,NMC_15Ah,NMC,NMC,True,41.95410025556707,41.88869253889854,77.15599971918252,77.72515044780569,PJP17601529001A003328,300.0,True,100.0,0.06540771666853118,0.5691507286231712
NMC_15Ah,NMC_15Ah,NMC,NMC,True,46.82410030246086,47.14805537276513,76.45666426813065,78.10250552572842,PJP17601529003A008872,300.0,True,100.0,0.3239550703042653,1.6458412575977661
NMC_15Ah,NMC_15Ah,NMC,NMC,True,23.604701618548173,25.697711411169845,76.25332897948218,80.55256443340662,PJP17601527003A009249,300.0,True,100.0,2.0930097926216717,4.299235453924439
NMC_15Ah,NMC_15Ah,NMC,NMC,True,64.9999971536303,66.63662910941747,75.41066220690784,78.12901500912328,PJP17601527001A008438,300.0,True,100.0,1.6366319557871662,2.718352802215435
NMC_15Ah,NMC_15Ah,NMC,NMC,True,15.250300334977023,15.136498359340997,76.00799641583761,77.8694190052266,PJP17530529002A009949,300.0,True,100.0,0.11380197563602579,1.8614225893889937
NMC_15Ah,LMO_25Ah,NMC,LMO,False,27.26530265280591,17.406956144744044,76.32466388830355,79.55260013311457,PJP17601529001A010435,300.0,False,100.0,9.858346508061867,3.227936244811019
NMC_15Ah,NMC_15Ah,NMC,NMC,True,47.527301113167965,46.58319133316171,80.00799780714402,78.6537399972645,PJP17930O01003A016716,300.0,True,100.0,0.9441097800062579,1.3542578098795275
NMC_15Ah,NMC_15Ah,NMC,NMC,True,41.72750142641355,42.849540868576696,75.98000012974555,78.30582184199028,PJP17601529003A008762,300.0,True,100.0,1.1220394421631426,2.325821712244732
NMC_15Ah,NMC_15Ah,NMC,NMC,True,29.79689918966566,30.038343384005838,75.26066715079567,76.38852114714969,PJP17601529003A008717,300.0,True,100.0,0.24144419434017905,1.1278539963540197
NMC_21Ah,NMC_21Ah,NMC,NMC,True,48.708301363683375,56.606210735194416,77.00523564899981,85.21732323160357,02LCC02100101A8BC0104122,300.0,True,100.0,7.897909371511041,8.212087582603758
NMC_21Ah,NMC_21Ah,NMC,NMC,True,41.72750142641355,41.573694363487654,99.73428381794949,99.79455782537822,02LCC02100101A87Y0163477,300.0,True,100.0,0.15380706292589963,0.060274007428731124
NMC_21Ah,NMC_21Ah,NMC,NMC,True,41.64969946964553,41.9209672057772,100.02142962444005,100.33030640255171,02LCC02100101A87Y0013547,300.0,True,100.0,0.2712677361316693,0.30887677811166725
NMC_21Ah,NMC_21Ah,NMC,NMC,True,69.99999653173852,68.36811859465521,101.11618692476883,99.35882787592625,02LCC02100101A87Y0027455,300.0,True,100.0,1.6318779370833028,1.7573590488425737
NMC_21Ah,NMC_21Ah,NMC,NMC,True,69.99999653173852,69.70548082837442,100.6080937631413,99.85158123056806,02LCC02100101A87Y0010456,300.0,True,100.0,0.29451570336409816,0.7565125325732396
NMC_21Ah,NMC_21Ah,NMC,NMC,True,69.99999653173852,71.06970645126516,98.91618565361999,99.85799263241589,02LCC02100101A87Y0184257,300.0,True,100.0,1.0697099195266446,0.9418069787958956
NMC_21Ah,LMO_24Ah,NMC,LMO,False,55.92349703913051,37.63895613691489,100.59999887818844,80.15946417183767,02LCC02100101A87Y0173907,300.0,False,100.0,18.284540902215618,20.440534706350775
NMC_21Ah,LMO_24Ah,NMC,LMO,False,46.949499483880345,37.036231392132954,99.18856714885197,82.95761111670183,02LCC02100101A87Y0085499,300.0,False,100.0,9.91326809174739,16.230956032150146
NMC_21Ah,NMC_21Ah,NMC,NMC,True,56.198899836382985,54.773846915584,99.26904548319277,100.1335463106888,02LCC02100101A87Y0055909,300.0,True,100.0,1.4250529207989828,0.8645008274960304
NMC_21Ah,NMC_21Ah,NMC,NMC,True,20.500100580928294,21.140077187533528,83.75523416282624,85.20502058750743,02LCC02100101A87B0101984,300.0,True,100.0,0.6399766066052344,1.449786424681193
LMO_24Ah,LMO_24Ah,LMO,LMO,True,41.643902856437975,44.03105362857222,76.34124575419918,80.08440245387355,A170530525010800528,300.0,True,100.0,2.387150772134241,3.7431566996743726
LMO_24Ah,LMO_24Ah,LMO,LMO,True,74.99999856275895,8.939494374503232,79.57207939865172,81.26473691744408,A170530525010800027,300.0,True,100.0,66.06050418825572,1.692657518792359
LMO_24Ah,LMO_24Ah,LMO,LMO,True,60.85579940312864,60.67888862507246,79.88583239632818,80.05234923911175,A170528511010802426,300.0,True,100.0,0.1769107780561825,0.16651684278356527
LMO_24Ah,LMO_24Ah,LMO,LMO,True,46.791699622251606,48.369791090466855,74.20832957727146,76.42979367697735,A170526507010800030,300.0,True,100.0,1.5780914682152485,2.221464099705898
LMO_24Ah,LMO_24Ah,LMO,LMO,True,65.67439927569912,65.69861505847193,81.9745813315415,81.28776971099298,A170530525010800523,300.0,True,100.0,0.024215782772813554,0.6868116205485251
LMO_24Ah,LMO_24Ah,LMO,LMO,True,37.1305022963682,52.63977402111646,78.98291722904705,105.96849116380791,A170528511010800172,300.0,True,100.0,15.50927172474826,26.985573934760865
LMO_24Ah,LMO_24Ah,LMO,LMO,True,38.26200102867698,49.56474433281986,79.26375060630659,97.52796600688586,A170530525010800543,300.0,True,100.0,11.302743304142886,18.264215400579275
LMO_24Ah,LMO_24Ah,LMO,LMO,True,44.114199213785696,42.59696439132018,78.65249920318031,77.21191893147177,A170527511010800648,300.0,True,100.0,1.517234822465518,1.4405802717085407
LMO_24Ah,NMC_15Ah,LMO,NMC,False,23.095200540901402,24.669048676015738,79.1762448999661,80.20811569523018,A170530525010800530,300.0,False,100.0,1.5738481351143356,1.0318707952640835
LMO_24Ah,LMO_24Ah,LMO,LMO,True,21.101602001561332,19.9667617605005,80.67708368498764,79.4809161323796,A170526511010800410,300.0,True,100.0,1.1348402410608323,1.1961675526080313
LMO_24Ah,LMO_24Ah,LMO,LMO,True,69.99999653173852,75.09389043216031,75.8099955298905,78.71878176544789,A170523507010800997,300.0,True,100.0,5.09389390042179,2.908786235557386
LMO_24Ah,LMO_24Ah,LMO,LMO,True,74.99999856275895,71.92375317743608,81.11541632967582,80.83871608683889,A170525507010800584,300.0,True,100.0,3.0762453853228635,0.27670024283693806
LMO_24Ah,LMO_24Ah,LMO,LMO,True,49.40099995812712,69.84151155552813,79.19208209968735,105.87642449572678,A170530525010800427,300.0,True,100.0,20.440511597401006,26.684342396039426
LMO_24Ah,LMO_24Ah,LMO,LMO,True,69.99999653173852,75.09856486349747,73.4933305238358,79.759381439584,A170528511010800479,300.0,True,100.0,5.098568331758955,6.26605091574821
LMO_24Ah,LMO_24Ah,LMO,LMO,True,57.006596206647345,64.3092239102325,72.01916470094038,80.61314895556283,A170530525010800449,300.0,True,100.0,7.302627703585159,8.593984254622455
LMO_24Ah,LMO_24Ah,LMO,LMO,True,31.863299609461187,27.05073245928614,75.95833366423889,66.54818737734031,A170529511010800365,300.0,True,100.0,4.812567150175045,9.41014628689858
LMO_25Ah,NMC_15Ah,LMO,NMC,False,38.062501366268805,36.30442721344999,92.11839660702083,78.15467516201097,515092905216,300.0,False,100.0,1.7580741528188142,13.963721445009853
LMO_25Ah,LMO_25Ah,LMO,LMO,True,22.88470256764415,21.68111873860121,87.47679874503397,82.01198365260429,515093005020,300.0,True,100.0,1.203583829042941,5.4648150924296885
LMO_25Ah,LMO_25Ah,LMO,LMO,True,41.55420093027903,42.5683359864852,83.84559477856742,79.58046266388105,515093000439,300.0,True,100.0,1.0141350562061717,4.2651321146863665
LMO_25Ah,NMC_15Ah,LMO,NMC,False,50.48199868239127,44.435501703480845,91.85159425827743,79.23251668243981,515092905212,300.0,False,100.0,6.046496978910426,12.619077575837622
LMO_25Ah,LMO_25Ah,LMO,LMO,True,65.67439927569912,65.11840989071015,84.35679992543416,81.5528104736398,515093004482,300.0,True,100.0,0.5559893849889619,2.803989451794365
LMO_25Ah,LMO_25Ah,LMO,LMO,True,6.929202384999056,10.29957084267697,52.694398896880614,62.24333767801207,515093001608,300.0,True,100.0,3.3703684576779134,9.548938781131454
LMO_25Ah,LMO_25Ah,LMO,LMO,True,47.2815008369574,51.40772311746312,88.47479497642186,94.94412805813603,515093003101,300.0,True,100.0,4.126222280505722,6.4693330817141685
LMO_25Ah,LMO_25Ah,LMO,LMO,True,24.077000908089857,24.723428070765657,92.00799692176012,93.53779863597143,515093004064,300.0,True,100.0,0.6464271626757991,1.5298017142113025
LMO_25Ah,LMO_25Ah,LMO,LMO,True,29.79689918966566,28.70131873336702,70.58879600011731,65.4341465432629,515093000629,300.0,True,100.0,1.095580456298638,5.154649456854415
LMO_25Ah,LMO_25Ah,LMO,LMO,True,74.99999856275895,70.38987116496335,81.8831956140364,82.12813687220716,515091901822,300.0,True,100.0,4.610127397795594,0.24494125817076906
LMO_25Ah,LMO_25Ah,LMO,LMO,True,8.617300837915131,7.599038845131839,88.61359632443516,77.34990446686092,515100102065,300.0,True,100.0,1.0182619927832919,11.263691857574244
LMO_25Ah,LMO_24Ah,LMO,LMO,True,70.00830014699694,68.56752208899529,88.87799645282749,78.94592898032198,515093002646,300.0,False,100.0,1.440778058001655,9.932067472505508
LMO_25Ah,LMO_25Ah,LMO,LMO,True,74.99999856275895,70.4484607314114,79.54360026532048,82.68182810970579,515100101320,300.0,True,100.0,4.551537831347545,3.1382278443853124
LMO_25Ah,LMO_25Ah,LMO,LMO,True,21.692401574286222,20.830270098115264,83.6023959760034,86.2788160093372,515093000663,300.0,True,100.0,0.8621314761709584,2.6764200333338124
LMO_25Ah,LMO_25Ah,LMO,LMO,True,55.00000105032612,57.23164009762407,60.88039936884637,74.95498026328572,515092901155,300.0,True,100.0,2.2316390472979535,14.07458089443935
LMO_26Ah,LMO_26Ah,LMO,LMO,True,8.376103364411708,9.47578323332316,83.8830741947137,89.18888082564878,H27734091053,300.0,True,100.0,1.0996798689114513,5.305806630935081
LMO_26Ah,LMO_26Ah,LMO,LMO,True,49.40099995812712,58.46776985382049,80.00807527772267,96.39841334951751,H27733591038,300.0,True,100.0,9.066769895693369,16.390338071794844
LMO_26Ah,LMO_25Ah,LMO,LMO,True,44.48969970535751,54.13845454130035,79.2303838699786,85.76243254717477,H27734091304,300.0,False,100.0,9.648754835942839,6.5320486771961725
LMO_26Ah,LMO_25Ah,LMO,LMO,True,72.82489440139221,70.00970353756297,98.36614833967889,90.61040238638996,H27735490851,300.0,False,100.0,2.815190863829244,7.755745953288923
LMO_26Ah,LMO_26Ah,LMO,LMO,True,70.00830014699694,76.80292566834139,88.77884423076107,95.06729932164855,H27733490499,300.0,True,100.0,6.794625521344443,6.2884550908874814
LMO_26Ah,LMO_26Ah,LMO,LMO,True,53.6027015707495,62.09272768590424,95.02961257288986,101.74294604050225,H27735376790,300.0,True,100.0,8.490026115154734,6.713333467612387
LMO_26Ah,LMO_26Ah,LMO,LMO,True,43.01369793692715,42.3304985921194,92.50730523597511,95.01447260837644,H27735376805,300.0,True,100.0,0.683199344807754,2.5071673724013266
LMO_26Ah,LMO_26Ah,LMO,LMO,True,59.726499769245834,63.43934725682608,81.98538167882471,95.85325193893475,H27735290390,300.0,True,100.0,3.712847487580248,13.867870260110038
LMO_26Ah,LMO_26Ah,LMO,LMO,True,79.99999794086715,80.80717566679188,85.24307318712121,89.79473458478499,H27733690634,300.0,True,100.0,0.8071777259247312,4.5516613976637785
LMO_26Ah,LMO_26Ah,LMO,LMO,True,41.55420093027903,43.78667033910283,84.84115317685355,90.7798801863102,H27733690394,300.0,True,100.0,2.232469408823796,5.938727009456642
LMO_26Ah,LMO_26Ah,LMO,LMO,True,60.85579940312864,63.108826228769544,81.40538080040349,88.75750914960717,H27734091346,300.0,True,100.0,2.2530268256409016,7.3521283492036815
LMO_26Ah,LMO_26Ah,LMO,LMO,True,89.99999404417134,80.40558577318964,99.84076697020134,98.20830440722686,H27734492478,300.0,True,100.0,9.594408270981702,1.6324625629744816
LMO_26Ah,LMO_25Ah,LMO,LMO,True,46.428099431684736,42.684942421955114,98.93807346363708,90.31425734451821,H27735391963,300.0,False,100.0,3.7431570097296216,8.623816119118871
LMO_26Ah,LMO_26Ah,LMO,LMO,True,89.99999404417134,84.3867899231577,99.155379385371,97.73723016634943,H27734490172,300.0,True,100.0,5.613204121013638,1.418149219021572
LMO_26Ah,LMO_26Ah,LMO,LMO,True,9.099602932994166,9.895062745629286,100.23307292118429,98.94789989507439,H27735076555,300.0,True,100.0,0.7954598126351193,1.2851730261099021
LFP_35Ah,LFP_35Ah,LFP,LFP,True,54.56280111595269,52.016549228744246,86.32713851992527,91.92070497097542,18号,300.0,True,100.0,2.5462518872084416,5.593566451050151
LFP_35Ah,LFP_35Ah,LFP,LFP,True,52.87640052685941,62.385493793657155,81.82657110327499,82.08489358572058,24号,300.0,True,100.0,9.509093266797741,0.2583224824455925
LFP_35Ah,LFP_35Ah,LFP,LFP,True,25.55260241838855,28.71911977438429,84.09142816381119,91.80688013751904,33号,300.0,True,100.0,3.1665173559957402,7.715451973707857
LFP_35Ah,LFP_35Ah,LFP,LFP,True,38.830501216096245,48.177521940322855,88.2471408826189,92.93829208877501,35号,300.0,True,100.0,9.34702072422661,4.691151206156121
LFP_35Ah,LFP_35Ah,LFP,LFP,True,14.461799111103197,17.21364904269274,87.12485117105062,88.74454468542484,38号,300.0,True,100.0,2.7518499315895433,1.6196935143742195
LFP_35Ah,LFP_35Ah,LFP,LFP,True,5.0000046163318155,5.197710246849086,85.52485415604023,84.64999373351738,42号,300.0,True,100.0,0.19770563051727041,0.8748604225228576
LFP_35Ah,LFP_35Ah,LFP,LFP,True,38.75429971153034,46.94356093986885,90.39142373257008,93.11733576602313,44号,300.0,True,100.0,8.189261228338516,2.7259120334530564
LFP_35Ah,LFP_35Ah,LFP,LFP,True,34.639400806524534,33.395592527512264,88.95542276257589,87.31135004761647,46号,300.0,True,100.0,1.2438082790122706,1.644072714959421
LFP_35Ah,LFP_35Ah,LFP,LFP,True,39.11150132652551,40.345319069719466,79.61485770356319,89.5183233546374,7号,300.0,True,100.0,1.2338177431939528,9.903465651074214
LFP_68Ah,LFP_68Ah,LFP,LFP,True,59.840695702347006,35.08555896224746,84.28293786507221,82.75471970284836,02HCB68111211Y88D0001154,300.0,True,100.0,24.755136740099545,1.528218162223851
LFP_68Ah,LFP_68Ah,LFP,LFP,True,49.40099995812712,56.76828244873048,83.80235165018405,85.08975978153963,02HCB68111211Y87Y0009119,300.0,True,100.0,7.367282490603358,1.2874081313555763
LFP_68Ah,LFP_68Ah,LFP,LFP,True,16.03880155885085,18.682115545567296,82.6247011469057,84.2925694046444,02HCB68111211Y87Y0008126,300.0,True,100.0,2.6433139867164464,1.6678682577386894
LFP_68Ah,LFP_68Ah,LFP,LFP,True,27.90890181105184,29.08898747007832,81.53514623308816,83.46723266217386,02HCB68111211Y87Y0015279,300.0,True,100.0,1.1800856590264779,1.9320864290857003
LFP_68Ah,LFP_68Ah,LFP,LFP,True,69.99999653173852,72.84088615627329,75.09117543779192,84.85770994386273,02HCB68111211Y86L0002535,300.0,True,100.0,2.8408896245347677,9.766534506070812
LFP_68Ah,LFP_68Ah,LFP,LFP,True,8.13500139574832,12.0989987570371,78.54779186631498,82.90427270235257,02HCB68111211Y87Y0014641,300.0,True,100.0,3.9639973612887793,4.356480836037591
LFP_68Ah,LFP_68Ah,LFP,LFP,True,31.863299609461187,28.244901102849163,76.97308504265344,83.5604496102447,02HCB68111211Y86X0004792,300.0,True,100.0,3.6183985066120243,6.5873645675912655
LFP_68Ah,LFP_68Ah,LFP,LFP,True,44.46269869636442,50.163413106426646,85.23190928147962,84.91236701813287,02HCB68111211Y88G0002069,300.0,True,100.0,5.700714410062226,0.3195422633467473
LFP_68Ah,LFP_68Ah,LFP,LFP,True,44.38000045847457,49.19446477250319,82.54852638226058,84.46161164995164,02HCB68111211Y88E0004343,300.0,True,100.0,4.814464314028619,1.9130852676910592
LFP_68Ah,LFP_68Ah,LFP,LFP,True,34.24330144638213,29.88031603515396,68.25176350462574,82.22115026238004,02HCB68111211Y86R0006266,300.0,True,100.0,4.362985411228166,13.969386757754293
LFP_68Ah,LFP_68Ah,LFP,LFP,True,65.67439927569912,61.814634835657486,85.60896823206804,85.06381401518186,02HCB68111211Y88D0003027,300.0,True,100.0,3.85976444004163,0.5451542168861749
LFP_68Ah,LFP_68Ah,LFP,LFP,True,52.43750140220706,59.5508902446351,83.1083807995489,85.17961015865846,02HCB68111211Y88E0004542,300.0,True,100.0,7.113388842428037,2.071229359109566
LFP_68Ah,LFP_68Ah,LFP,LFP,True,39.5792994530596,38.78707901205594,81.17617128710508,84.15403833902937,02HCB68111211Y87Y0012947,300.0,True,100.0,0.7922204410036571,2.9778670519242922
LFP_68Ah,LFP_68Ah,LFP,LFP,True,44.48969970535751,55.67570309938426,80.56190991484341,85.19995764803778,02HCB68111211Y88E0004475,300.0,True,100.0,11.186003394026748,4.6380477331943695
LFP_68Ah,LFP_68Ah,LFP,LFP,True,62.82330124492969,64.3833330131859,83.82176486810033,85.25159684801142,02HCB68111211Y87Y0003936,300.0,True,100.0,1.5600317682562164,1.4298319799110857
LFP_68Ah,LFP_68Ah,LFP,LFP,True,50.564998357432486,35.586902666422105,86.852201848961,83.57261786660237,02HCB68111211Y88F0000101,300.0,True,100.0,14.978095691010381,3.2795839823586306
LFP_68Ah,LFP_68Ah,LFP,LFP,True,64.9999971536303,74.20416468950035,70.91867773985592,84.76114176085237,02HCB68111211Y86P0008027,300.0,True,100.0,9.204167535870042,13.842464020996445
LFP_68Ah,LFP_68Ah,LFP,LFP,True,43.57689926379472,51.28476328883281,71.51896784661925,84.55902070494682,02HCB68111211Y86M0004689,300.0,True,100.0,7.707864025038091,13.04005285832757
LFP_68Ah,LFP_68Ah,LFP,LFP,True,41.643902856437975,30.83819442959831,77.89132389039165,83.56099435489519,02HCB68111211Y86H0009376,300.0,True,100.0,10.805708426839665,5.66967046450354
LFP_68Ah,LFP_68Ah,LFP,LFP,True,57.006596206647345,60.59094325841926,71.28293997378027,84.84821465962334,02HCB68111211Y86P0006552,300.0,True,100.0,3.584347051771914,13.565274685843065
LFP_68Ah,LFP_68Ah,LFP,LFP,True,24.41099990407093,24.18134259873817,80.76352851871029,84.19522239034156,02HCB68111211Y87Y0008148,300.0,True,100.0,0.2296573053327613,3.4316938716312677
LFP_68Ah,NMC_15Ah,LFP,NMC,False,38.26200102867698,11.804865073033149,83.86073436758568,78.06541767197366,02HCB68111211Y87Y0007299,300.0,False,100.0,26.457135955643828,5.795316695612016
LMO_10Ah,LMO_10Ah,LMO,LMO,True,52.672695335349516,51.39679179264767,64.66599634874413,61.59621739697062,PIP15829A00218444,500.0,True,100.0,1.2759035427018475,3.0697789517735075
LMO_10Ah,LMO_10Ah,LMO,LMO,True,18.115401762916292,19.772855100286765,65.90499817480412,67.76949555564943,PIP15829A00217239,500.0,True,100.0,1.6574533373704732,1.8644973808453074
LMO_10Ah,LMO_10Ah,LMO,LMO,True,35.37670148771982,32.09362014284974,57.502001663419044,55.42699426972288,PIP15828A00225770,500.0,True,100.0,3.2830813448700837,2.0750073936961613
LMO_10Ah,LMO_25Ah,LMO,LMO,True,65.67439927569912,74.70340562912415,80.47299740603592,92.90080834455303,PIP15710A00246135,500.0,False,100.0,9.029006353425032,12.427810938517112
LMO_10Ah,LMO_10Ah,LMO,LMO,True,24.387700702471207,24.381405341765696,88.19599417418095,89.43948107243513,PIP15N21A50200566,500.0,True,100.0,0.006295360705511399,1.2434868982541758
LMO_10Ah,LMO_10Ah,LMO,LMO,True,37.94840027477962,38.61701291334247,89.06699683856765,88.17058129473206,PIP15D19A03261038,500.0,True,100.0,0.6686126385628484,0.8964155438355874
LMO_10Ah,LMO_10Ah,LMO,LMO,True,30.690801942620944,31.064389684479877,87.89499662822769,88.84266828793066,PIP15D25A03226076,500.0,True,100.0,0.37358774185893395,0.9476716597029764
LMO_10Ah,LMO_10Ah,LMO,LMO,True,50.564998357432486,51.676786780958395,86.37399968243484,90.59421388131001,PIP15D01A03250557,500.0,True,100.0,1.1117884235259083,4.220214198875169
LMO_10Ah,LMO_26Ah,LMO,LMO,True,55.43259950844851,54.86977622157274,83.32999677321057,96.8501838194339,PIP15D01A03229494,500.0,False,100.0,0.5628232868757692,13.520187046223327
LMO_10Ah,LMO_10Ah,LMO,LMO,True,47.63939991915674,47.64635452854969,88.51599952186417,88.80135243782024,PIP15D01A03214955,500.0,True,100.0,0.0069546093929560016,0.28535291595606793
LMO_10Ah,LMO_10Ah,LMO,LMO,True,49.833402100745005,51.42550956746316,87.67699884679544,89.95049471677454,PIP15D01A03224640,500.0,True,100.0,1.5921074667181543,2.273495869979101
LMO_10Ah,LMO_10Ah,LMO,LMO,True,64.84549419866687,64.69753863107015,87.65499878349092,87.6250897646223,PIP15N15A03208989,500.0,True,100.0,0.1479555675967248,0.029909018868622184
LMO_10Ah,LMO_10Ah,LMO,LMO,True,63.63550358660503,63.99781711474368,89.95499876135536,91.38561789768166,PIP15D25A03236724,500.0,True,100.0,0.3623135281386496,1.4306191363262997
LMO_10Ah,LMO_10Ah,LMO,LMO,True,53.381097180470086,53.2653161323156,87.00699502164643,88.17245165584518,PIP15N15A03208683,500.0,True,100.0,0.11578104815448853,1.1654566341987476
LMO_10Ah,LMO_10Ah,LMO,LMO,True,24.077000908089857,24.67879547552355,90.00099541544847,89.67314055901252,PIP15N30A03228344,500.0,True,100.0,0.6017945674336929,0.32785485643594825
LMO_10Ah,LMO_10Ah,LMO,LMO,True,16.92310209601447,16.53320358657962,69.437998064225,73.99751221175757,PIP15829A00218512,500.0,True,100.0,0.3898985094348504,4.559514147532568
LMO_10Ah,LMO_10Ah,LMO,LMO,True,25.680200864041012,25.200765240619084,89.01899701665513,89.21816660161733,PIP15N15A03208672,500.0,True,100.0,0.4794356234219279,0.19916958496219195
LMO_10Ah,LMO_10Ah,LMO,LMO,True,40.14490277950498,39.802823059525444,90.61599607837498,88.25065203896719,PIP15D15A03236823,500.0,True,100.0,0.34207971997953734,2.3653440394077876
LMO_10Ah,LMO_10Ah,LMO,LMO,True,74.34220101829476,71.42926625651617,89.38799760413491,88.54422126315043,PIP15512A50200153,500.0,True,100.0,2.912934761778587,0.8437763409844763
LMO_10Ah,LMO_10Ah,LMO,LMO,True,25.66410166621489,24.35794431252036,61.937998617589926,59.74232178576202,PIP15829A00217327,500.0,True,100.0,1.3061573536945303,2.195676831827903
LMO_10Ah,LMO_26Ah,LMO,LMO,True,85.0000026247998,82.97438476138255,92.3849959512275,97.55305509093665,PIP15D26A03256484,500.0,False,100.0,2.025617863417253,5.1680591397091575
LMO_10Ah,LMO_10Ah,LMO,LMO,True,85.0000026247998,76.97547373224663,91.84699851382803,89.85593950398331,PIP15D28A03264309,500.0,True,100.0,8.024528892553178,1.9910590098447187
LMO_10Ah,LMO_10Ah,LMO,LMO,True,43.991100770491734,44.5224419480155,89.75499502379529,91.64190069046364,PIP15N08A03232188,500.0,True,100.0,0.531341177523764,1.8869056666683548
LMO_10Ah,LMO_10Ah,LMO,LMO,True,56.435900402749404,56.78151915426783,88.25699956711344,88.73036282643515,PIP15N14A03236503,500.0,True,100.0,0.3456187515184297,0.4733632593217152
LMO_10Ah,LMO_10Ah,LMO,LMO,True,55.74399834520065,56.104854098072686,92.64899734329462,90.30716420157826,PIP16N1700C039158,500.0,True,100.0,0.360855752872034,2.3418331417163643
LMO_10Ah,LMO_10Ah,LMO,LMO,True,52.8222970349807,51.99600507648825,89.88499887613833,88.8801087118699,PIP15N12A03225967,500.0,True,100.0,0.8262919584924475,1.0048901642684314
NMC_15Ah,NMC_15Ah,NMC,NMC,True,5.0000046163318155,5.1119203713771935,76.45000053354094,77.97232775984148,PJP17601529001A009420,500.0,True,100.0,0.11191575504537798,1.5223272263005327
NMC_15Ah,NMC_15Ah,NMC,NMC,True,35.356602693103284,35.43892056970315,75.6493310359627,77.06141415057272,PJP17601527001A008674,500.0,True,100.0,0.08231787659986622,1.412083114610013
NMC_15Ah,NMC_15Ah,NMC,NMC,True,19.951500882936887,19.81923596468392,77.35932868370213,77.96330259553191,PJP17601529001A010983,500.0,True,100.0,0.13226491825296804,0.6039739118297831
NMC_15Ah,NMC_15Ah,NMC,NMC,True,69.99999653173852,71.02272337579333,77.14800032857558,79.6914606117328,PJP17601527001A011451,500.0,True,100.0,1.0227268440548158,2.5434602831572164
NMC_15Ah,NMC_15Ah,NMC,NMC,True,50.95099774912738,51.705443538792764,76.80933310901158,78.28541261330287,PJP17601529001A010816,500.0,True,100.0,0.7544457896653824,1.4760795042912918
NMC_15Ah,NMC_15Ah,NMC,NMC,True,64.9999971536303,66.73824360630039,75.51599563253126,78.02293786594483,PJP17601527001A007049,500.0,True,100.0,1.738246452670083,2.506942233413568
NMC_15Ah,NMC_15Ah,NMC,NMC,True,41.95410025556707,41.94866443842185,77.15599971918252,77.93215879050153,PJP17601529001A003328,500.0,True,100.0,0.005435817145219346,0.7761590713190145
NMC_15Ah,NMC_15Ah,NMC,NMC,True,46.82410030246086,47.27907673841351,76.45666426813065,78.04057143447146,PJP17601529003A008872,500.0,True,100.0,0.4549764359526449,1.5839071663408077
NMC_15Ah,NMC_15Ah,NMC,NMC,True,23.604701618548173,25.00282482737007,76.25332897948218,80.72551291525038,PJP17601527003A009249,500.0,True,100.0,1.3981232088218967,4.4721839357682
NMC_15Ah,NMC_15Ah,NMC,NMC,True,64.9999971536303,66.88823926339671,75.41066220690784,77.93570915644882,PJP17601527001A008438,500.0,True,100.0,1.8882421097664093,2.525046949540979
NMC_15Ah,NMC_15Ah,NMC,NMC,True,15.250300334977023,15.162183855485434,76.00799641583761,77.6026413205858,PJP17530529002A009949,500.0,True,100.0,0.08811647949158896,1.5946449047481934
NMC_15Ah,NMC_15Ah,NMC,NMC,True,27.26530265280591,24.32889492367698,76.32466388830355,77.36430197864506,PJP17601529001A010435,500.0,True,100.0,2.9364077291289306,1.0396380903415121
NMC_15Ah,NMC_15Ah,NMC,NMC,True,47.527301113167965,48.80016906105848,80.00799780714402,82.47591795198814,PJP17930O01003A016716,500.0,True,100.0,1.2728679478905178,2.467920144844115
NMC_15Ah,NMC_15Ah,NMC,NMC,True,41.72750142641355,42.81288044037214,75.98000012974555,78.21332956003626,PJP17601529003A008762,500.0,True,100.0,1.0853790139585868,2.233329430290709
NMC_15Ah,NMC_15Ah,NMC,NMC,True,29.79689918966566,30.027145441511966,75.26066715079567,76.46679678740526,PJP17601529003A008717,500.0,True,100.0,0.23024625184630665,1.2061296366095888
NMC_21Ah,NMC_21Ah,NMC,NMC,True,48.708301363683375,56.363497122355476,77.00523564899981,84.10944113560345,02LCC02100101A8BC0104122,500.0,True,100.0,7.6551957586721,7.104205486603632
NMC_21Ah,NMC_21Ah,NMC,NMC,True,41.72750142641355,41.56979043734428,99.73428381794949,99.65299599511341,02LCC02100101A87Y0163477,500.0,True,100.0,0.1577109890692725,0.0812878228360745
NMC_21Ah,NMC_21Ah,NMC,NMC,True,41.64969946964553,42.00187854147776,100.02142962444005,100.09716233247721,02LCC02100101A87Y0013547,500.0,True,100.0,0.3521790718322251,0.07573270803716525
NMC_21Ah,NMC_21Ah,NMC,NMC,True,69.99999653173852,69.12769776947236,101.11618692476883,99.74922267516484,02LCC02100101A87Y0027455,500.0,True,100.0,0.8722987622661549,1.3669642496039813
NMC_21Ah,NMC_21Ah,NMC,NMC,True,69.99999653173852,70.77798426447204,100.6080937631413,99.96041569393358,02LCC02100101A87Y0010456,500.0,True,100.0,0.7779877327335214,0.6476780692077142
NMC_21Ah,NMC_21Ah,NMC,NMC,True,69.99999653173852,71.09240742115857,98.91618565361999,100.09620991866947,02LCC02100101A87Y0184257,500.0,True,100.0,1.0924108894200515,1.1800242650494823
NMC_21Ah,LMO_24Ah,NMC,LMO,False,55.92349703913051,37.89010584481641,100.59999887818844,79.77577516264577,02LCC02100101A87Y0173907,500.0,False,100.0,18.0333911943141,20.824223715542672
NMC_21Ah,LMO_24Ah,NMC,LMO,False,46.949499483880345,44.55829240895693,99.18856714885197,98.62202512338746,02LCC02100101A87Y0085499,500.0,False,100.0,2.3912070749234147,0.5665420254645142
NMC_21Ah,NMC_21Ah,NMC,NMC,True,56.198899836382985,55.84124084273985,99.26904548319277,100.45931736666228,02LCC02100101A87Y0055909,500.0,True,100.0,0.3576589936431347,1.1902718834695065
NMC_21Ah,NMC_21Ah,NMC,NMC,True,20.500100580928294,21.290789130930097,83.75523416282624,85.67177062621877,02LCC02100101A87B0101984,500.0,True,100.0,0.7906885500018035,1.9165364633925321
LMO_24Ah,LMO_24Ah,LMO,LMO,True,41.643902856437975,44.867215415376826,76.34124575419918,80.57908403540766,A170530525010800528,500.0,True,100.0,3.2233125589388507,4.237838281208482
LMO_24Ah,LMO_24Ah,LMO,LMO,True,74.99999856275895,7.387973148658839,79.57207939865172,81.28670725734291,A170530525010800027,500.0,True,100.0,67.6120254141001,1.7146278586911876
LMO_24Ah,LMO_24Ah,LMO,LMO,True,60.85579940312864,63.0090422413206,79.88583239632818,81.73450143123266,A170528511010802426,500.0,True,100.0,2.1532428381919573,1.848669034904475
LMO_24Ah,LMO_24Ah,LMO,LMO,True,46.791699622251606,48.22015357652065,74.20832957727146,75.9185643798435,A170526507010800030,500.0,True,100.0,1.4284539542690453,1.710234802572046
LMO_24Ah,LMO_24Ah,LMO,LMO,True,65.67439927569912,64.1979926065407,81.9745813315415,80.80642065794139,A170530525010800523,500.0,True,100.0,1.476406669158422,1.1681606736001129
LMO_24Ah,LMO_24Ah,LMO,LMO,True,37.1305022963682,51.56472909510909,78.98291722904705,105.50751276225763,A170528511010800172,500.0,True,100.0,14.434226798740887,26.524595533210586
LMO_24Ah,LMO_24Ah,LMO,LMO,True,38.26200102867698,51.75268659966243,79.26375060630659,103.24581834916175,A170530525010800543,500.0,True,100.0,13.490685570985455,23.982067742855165
LMO_24Ah,LMO_24Ah,LMO,LMO,True,44.114199213785696,42.24097142655316,78.65249920318031,76.69892140790603,A170527511010800648,500.0,True,100.0,1.873227787232537,1.9535777952742848
LMO_24Ah,NMC_15Ah,LMO,NMC,False,23.095200540901402,25.100433426796048,79.1762448999661,80.82017595443884,A170530525010800530,500.0,False,100.0,2.005232885894646,1.6439310544727448
LMO_24Ah,LMO_24Ah,LMO,LMO,True,21.101602001561332,19.933114874774414,80.67708368498764,79.5508837645394,A170526511010800410,500.0,True,100.0,1.1684871267869177,1.1261999204482294
LMO_24Ah,LMO_24Ah,LMO,LMO,True,69.99999653173852,74.84223252576105,75.8099955298905,78.5189051428781,A170523507010800997,500.0,True,100.0,4.842235994022531,2.708909612987597
LMO_24Ah,LMO_24Ah,LMO,LMO,True,74.99999856275895,72.79308863674898,81.11541632967582,81.07721005373051,A170525507010800584,500.0,True,100.0,2.2069099260099705,0.03820627594531345
LMO_24Ah,LMO_24Ah,LMO,LMO,True,49.40099995812712,68.00721376290706,79.19208209968735,105.0779753997946,A170530525010800427,500.0,True,100.0,18.606213804779934,25.88589330010724
LMO_24Ah,LMO_24Ah,LMO,LMO,True,69.99999653173852,74.78835453142129,73.4933305238358,79.6510054755615,A170528511010800479,500.0,True,100.0,4.788357999682773,6.15767495172571
LMO_24Ah,LMO_24Ah,LMO,LMO,True,57.006596206647345,63.86610002286479,72.01916470094038,80.71053579705536,A170530525010800449,500.0,True,100.0,6.8595038162174475,8.691371096114977
LMO_24Ah,LMO_24Ah,LMO,LMO,True,31.863299609461187,27.95534899825457,75.95833366423889,67.3629742277938,A170529511010800365,500.0,True,100.0,3.9079506112066156,8.595359436445094
LMO_25Ah,LMO_25Ah,LMO,LMO,True,38.062501366268805,28.89782922692776,92.11839660702083,77.62600202021659,515092905216,500.0,True,100.0,9.164672139341043,14.492394586804238
LMO_25Ah,LMO_25Ah,LMO,LMO,True,22.88470256764415,23.14059982777599,87.47679874503397,88.17548945114761,515093005020,500.0,True,100.0,0.2558972601318388,0.6986907061136378
LMO_25Ah,LMO_25Ah,LMO,LMO,True,41.55420093027903,39.96620889727641,83.84559477856742,77.95310557014284,515093000439,500.0,True,100.0,1.587992033002621,5.892489208424578
LMO_25Ah,NMC_15Ah,LMO,NMC,False,50.48199868239127,44.53276608754588,91.85159425827743,78.82001146384792,515092905212,500.0,False,100.0,5.949232594845391,13.03158279442951
LMO_25Ah,LMO_25Ah,LMO,LMO,True,65.67439927569912,64.63733078816598,84.35679992543416,82.39222063605281,515093004482,500.0,True,100.0,1.0370684875331335,1.9645792893813478
LMO_25Ah,LMO_25Ah,LMO,LMO,True,6.929202384999056,10.535796758674227,52.694398896880614,62.64707512433938,515093001608,500.0,True,100.0,3.606594373675171,9.952676227458767
LMO_25Ah,LMO_25Ah,LMO,LMO,True,47.2815008369574,51.38122715663451,88.47479497642186,94.96748559570237,515093003101,500.0,True,100.0,4.09972631967711,6.492690619280509
LMO_25Ah,LMO_25Ah,LMO,LMO,True,24.077000908089857,24.838966377451726,92.00799692176012,93.6693696074483,515093004064,500.0,True,100.0,0.7619654693618685,1.6613726856881783
LMO_25Ah,LMO_25Ah,LMO,LMO,True,29.79689918966566,28.337584570732883,70.58879600011731,65.10019459418392,515093000629,500.0,True,100.0,1.4593146189327761,5.4886014059333945
LMO_25Ah,LMO_25Ah,LMO,LMO,True,74.99999856275895,71.1216372080331,81.8831956140364,82.01479330495775,515091901822,500.0,True,100.0,3.8783613547258398,0.1315976909213532
LMO_25Ah,LMO_25Ah,LMO,LMO,True,8.617300837915131,6.002603815349689,88.61359632443516,77.65717618106554,515100102065,500.0,True,100.0,2.6146970225654425,10.956420143369627
LMO_25Ah,LMO_24Ah,LMO,LMO,True,70.00830014699694,65.56684490834857,88.87799645282749,77.80498561824045,515093002646,500.0,False,100.0,4.441455238648373,11.073010834587038
LMO_25Ah,LMO_25Ah,LMO,LMO,True,74.99999856275895,70.35919554092719,79.54360026532048,83.11890130412964,515100101320,500.0,True,100.0,4.640803021831758,3.575301038809158
LMO_25Ah,LMO_25Ah,LMO,LMO,True,21.692401574286222,20.86337976911616,83.6023959760034,87.72714760769779,515093000663,500.0,True,100.0,0.8290218051700613,4.124751631694394
LMO_25Ah,LMO_25Ah,LMO,LMO,True,55.00000105032612,56.95360826435846,60.88039936884637,72.78019898565528,515092901155,500.0,True,100.0,1.9536072140323384,11.899799616808906
LMO_26Ah,LMO_26Ah,LMO,LMO,True,8.376103364411708,9.931757827499755,83.8830741947137,89.44543776941725,H27734091053,500.0,True,100.0,1.5556544630880467,5.562363574703554
LMO_26Ah,LMO_26Ah,LMO,LMO,True,49.40099995812712,58.1025275105875,80.00807527772267,94.12903828190973,H27733591038,500.0,True,100.0,8.701527552460377,14.120963004187061
LMO_26Ah,LMO_25Ah,LMO,LMO,True,44.48969970535751,52.01636219843251,79.2303838699786,83.80808953230728,H27734091304,500.0,False,100.0,7.526662493075001,4.5777056623286825
LMO_26Ah,LMO_25Ah,LMO,LMO,True,72.82489440139221,72.95229255217183,98.36614833967889,90.37103916798526,H27735490851,500.0,False,100.0,0.12739815077961225,7.995109171693628
LMO_26Ah,LMO_26Ah,LMO,LMO,True,70.00830014699694,78.61656788639311,88.77884423076107,94.40254357484181,H27733490499,500.0,True,100.0,8.608267739396169,5.623699344080748
LMO_26Ah,LMO_26Ah,LMO,LMO,True,53.6027015707495,62.9106749089988,95.02961257288986,101.47949421523388,H27735376790,500.0,True,100.0,9.307973338249298,6.449881642344025
LMO_26Ah,LMO_26Ah,LMO,LMO,True,43.01369793692715,43.26345370526242,92.50730523597511,95.11252696167114,H27735376805,500.0,True,100.0,0.24975576833526958,2.605221725696026
LMO_26Ah,LMO_26Ah,LMO,LMO,True,59.726499769245834,69.16709882181044,81.98538167882471,95.49486482073009,H27735290390,500.0,True,100.0,9.440599052564608,13.509483141905378
LMO_26Ah,LMO_26Ah,LMO,LMO,True,79.99999794086715,82.67285741101271,85.24307318712121,91.80242921562073,H27733690634,500.0,True,100.0,2.6728594701455677,6.559356028499522
LMO_26Ah,LMO_26Ah,LMO,LMO,True,41.55420093027903,45.41853169548473,84.84115317685355,88.89713579643794,H27733690394,500.0,True,100.0,3.8643307652057004,4.055982619584384
LMO_26Ah,LMO_26Ah,LMO,LMO,True,60.85579940312864,71.62044572296452,81.40538080040349,92.09913584013609,H27734091346,500.0,True,100.0,10.764646319835876,10.693755039732594
LMO_26Ah,LMO_26Ah,LMO,LMO,True,89.99999404417134,81.48272384694108,99.84076697020134,98.39758431946304,H27734492478,500.0,True,100.0,8.51727019723026,1.4431826507383079
LMO_26Ah,LMO_25Ah,LMO,LMO,True,46.428099431684736,45.19363603597847,98.93807346363708,91.85440786321143,H27735391963,500.0,False,100.0,1.234463395706264,7.083665600425647
LMO_26Ah,LMO_26Ah,LMO,LMO,True,89.99999404417134,85.13352900281488,99.155379385371,95.76896394936301,H27734490172,500.0,True,100.0,4.866465041356463,3.3864154360079937
LMO_26Ah,LMO_26Ah,LMO,LMO,True,9.099602932994166,10.404148642513139,100.23307292118429,99.15730445019886,H27735076555,500.0,True,100.0,1.3045457095189725,1.0757684709854232
LFP_35Ah,LFP_35Ah,LFP,LFP,True,54.56280111595269,50.27961729408072,86.32713851992527,91.64278606850536,18号,500.0,True,100.0,4.283183821871965,5.315647548580088
LFP_35Ah,LFP_35Ah,LFP,LFP,True,52.87640052685941,53.03042197825435,81.82657110327499,81.48674071830867,24号,500.0,True,100.0,0.1540214513949394,0.33983038496631934
LFP_35Ah,LFP_35Ah,LFP,LFP,True,25.55260241838855,29.918084883246742,84.09142816381119,91.73347091442851,33号,500.0,True,100.0,4.365482464858193,7.642042750617321
LFP_35Ah,LFP_35Ah,LFP,LFP,True,38.830501216096245,50.27364691512255,88.2471408826189,93.34181072024344,35号,500.0,True,100.0,11.443145699026303,5.094669837624551
LFP_35Ah,LFP_35Ah,LFP,LFP,True,14.461799111103197,16.47727489109139,87.12485117105062,88.53519673125376,38号,500.0,True,100.0,2.0154757799881935,1.4103455602031403
LFP_35Ah,LFP_35Ah,LFP,LFP,True,5.0000046163318155,5.479324838072042,85.52485415604023,84.89267945160107,42号,500.0,True,100.0,0.4793202217402266,0.6321747044391657
LFP_35Ah,LFP_35Ah,LFP,LFP,True,38.75429971153034,37.09333333805188,90.39142373257008,93.45369214889826,44号,500.0,True,100.0,1.660966373478459,3.0622684163281804
LFP_35Ah,LFP_35Ah,LFP,LFP,True,34.639400806524534,35.19768297090235,88.95542276257589,87.61322506645037,46号,500.0,True,100.0,0.5582821643778146,1.342197696125524
LFP_35Ah,LFP_35Ah,LFP,LFP,True,39.11150132652551,39.635675081353924,79.61485770356319,89.95086404590053,7号,500.0,True,100.0,0.5241737548284107,10.336006342337342
LFP_68Ah,LFP_68Ah,LFP,LFP,True,59.840695702347006,52.90113097460352,84.28293786507221,84.6843695636581,02HCB68111211Y88D0001154,500.0,True,100.0,6.9395647277434875,0.40143169858588124
LFP_68Ah,LFP_68Ah,LFP,LFP,True,49.40099995812712,48.498495800516366,83.80235165018405,84.7329375294979,02HCB68111211Y87Y0009119,500.0,True,100.0,0.9025041576107569,0.9305858793138526
LFP_68Ah,LFP_68Ah,LFP,LFP,True,16.03880155885085,19.69278490356796,82.6247011469057,83.50338201520438,02HCB68111211Y87Y0008126,500.0,True,100.0,3.653983344717112,0.8786808682986731
LFP_68Ah,LFP_68Ah,LFP,LFP,True,27.90890181105184,24.73780154919063,81.53514623308816,84.16217513986372,02HCB68111211Y87Y0015279,500.0,True,100.0,3.1711002618612127,2.627028906775564
LFP_68Ah,LFP_68Ah,LFP,LFP,True,69.99999653173852,72.66031037998084,75.09117543779192,85.21823098125117,02HCB68111211Y86L0002535,500.0,True,100.0,2.6603138482423248,10.12705554345925
LFP_68Ah,LFP_68Ah,LFP,LFP,True,8.13500139574832,11.523083348340135,78.54779186631498,81.60753806194681,02HCB68111211Y87Y0014641,500.0,True,100.0,3.388081952591815,3.0597461956318313
LFP_68Ah,LFP_68Ah,LFP,LFP,True,31.863299609461187,28.657415688986276,76.97308504265344,84.09031723176076,02HCB68111211Y86X0004792,500.0,True,100.0,3.2058839204749106,7.117232189107327
LFP_68Ah,LFP_68Ah,LFP,LFP,True,44.46269869636442,39.870586396441105,85.23190928147962,84.22903109434446,02HCB68111211Y88G0002069,500.0,True,100.0,4.592112299923315,1.0028781871351526
LFP_68Ah,LFP_68Ah,LFP,LFP,True,44.38000045847457,35.638271669026814,82.54852638226058,83.26090329376376,02HCB68111211Y88E0004343,500.0,True,100.0,8.741728789447755,0.7123769115031848
LFP_68Ah,LFP_68Ah,LFP,LFP,True,34.24330144638213,30.01080151253326,68.25176350462574,77.68492392889303,02HCB68111211Y86R0006266,500.0,True,100.0,4.232499933848867,9.433160424267285
LFP_68Ah,LFP_68Ah,LFP,LFP,True,65.67439927569912,62.563915405224414,85.60896823206804,85.34763973306758,02HCB68111211Y88D0003027,500.0,True,100.0,3.1104838704747024,0.26132849900045585
LFP_68Ah,LFP_68Ah,LFP,LFP,True,52.43750140220706,55.67438194909713,83.1083807995489,85.03912358840468,02HCB68111211Y88E0004542,500.0,True,100.0,3.2368805468900703,1.930742788855781
LFP_68Ah,LFP_68Ah,LFP,LFP,True,39.5792994530596,33.13403196301208,81.17617128710508,84.29435237420171,02HCB68111211Y87Y0012947,500.0,True,100.0,6.44526749004752,3.11818108709663
LFP_68Ah,LFP_68Ah,LFP,LFP,True,44.48969970535751,44.26980975960229,80.56190991484341,84.85509720907196,02HCB68111211Y88E0004475,500.0,True,100.0,0.21988994575522014,4.293187294228545
LFP_68Ah,LFP_68Ah,LFP,LFP,True,62.82330124492969,65.05815694829819,83.82176486810033,85.45667941441492,02HCB68111211Y87Y0003936,500.0,True,100.0,2.2348557033685026,1.6349145463145902
LFP_68Ah,LFP_68Ah,LFP,LFP,True,50.564998357432486,52.91967350458716,86.852201848961,84.89969923464614,02HCB68111211Y88F0000101,500.0,True,100.0,2.3546751471546727,1.9525026143148665
LFP_68Ah,LFP_68Ah,LFP,LFP,True,64.9999971536303,74.8038316213311,70.91867773985592,84.9067605197869,02HCB68111211Y86P0008027,500.0,True,100.0,9.803834467700796,13.988082779930977
LFP_68Ah,LFP_68Ah,LFP,LFP,True,43.57689926379472,57.18009533958457,71.51896784661925,84.79536296604222,02HCB68111211Y86M0004689,500.0,True,100.0,13.603196075789846,13.276395119422972
LFP_68Ah,LFP_68Ah,LFP,LFP,True,41.643902856437975,42.45139578149622,77.89132389039165,83.98302363251283,02HCB68111211Y86H0009376,500.0,True,100.0,0.8074929250582414,6.091699742121179
LFP_68Ah,LFP_68Ah,LFP,LFP,True,57.006596206647345,65.33001147545222,71.28293997378027,85.2541229422367,02HCB68111211Y86P0006552,500.0,True,100.0,8.32341526880488,13.971182968456432
LFP_68Ah,LFP_68Ah,LFP,LFP,True,24.41099990407093,24.926060159281292,80.76352851871029,84.47480801203444,02HCB68111211Y87Y0008148,500.0,True,100.0,0.5150602552103614,3.711279493324156
LFP_68Ah,LFP_68Ah,LFP,LFP,True,38.26200102867698,18.232125921366105,83.86073436758568,81.41919301406077,02HCB68111211Y87Y0007299,500.0,True,100.0,20.029875107310872,2.4415413535249115
LMO_10Ah,LMO_10Ah,LMO,LMO,True,52.672695335349516,51.54471154592939,64.66599634874413,61.46899363167858,PIP15829A00218444,700.0,True,100.0,1.127983789420128,3.1970027170655513
LMO_10Ah,LMO_10Ah,LMO,LMO,True,18.115401762916292,19.406129779121038,65.90499817480412,67.65917998130269,PIP15829A00217239,700.0,True,100.0,1.2907280162047456,1.7541818064985648
LMO_10Ah,LMO_10Ah,LMO,LMO,True,35.37670148771982,32.268230846008464,57.502001663419044,55.57984340519384,PIP15828A00225770,700.0,True,100.0,3.1084706417113566,1.9221582582252026
LMO_10Ah,LMO_25Ah,LMO,LMO,True,65.67439927569912,70.24532724248557,80.47299740603592,90.78188556757469,PIP15710A00246135,700.0,False,100.0,4.570927966786456,10.308888161538775
LMO_10Ah,LMO_10Ah,LMO,LMO,True,24.387700702471207,24.395018760838738,88.19599417418095,89.65192247424271,PIP15N21A50200566,700.0,True,100.0,0.007318058367530966,1.4559283000617569
LMO_10Ah,LMO_10Ah,LMO,LMO,True,37.94840027477962,38.2392587728371,89.06699683856765,88.46094292075271,PIP15D19A03261038,700.0,True,100.0,0.29085849805747443,0.6060539178149327
LMO_10Ah,LMO_10Ah,LMO,LMO,True,30.690801942620944,31.937410038870713,87.89499662822769,88.84708980262972,PIP15D25A03226076,700.0,True,100.0,1.2466080962497692,0.9520931744020373
LMO_10Ah,LMO_10Ah,LMO,LMO,True,50.564998357432486,51.949650741213325,86.37399968243484,90.6264327882482,PIP15D01A03250557,700.0,True,100.0,1.384652383780839,4.252433105813353
LMO_10Ah,LMO_26Ah,LMO,LMO,True,55.43259950844851,56.77192887658118,83.32999677321057,96.66091655545546,PIP15D01A03229494,700.0,False,100.0,1.3393293681326668,13.33091978224489
LMO_10Ah,LMO_10Ah,LMO,LMO,True,47.63939991915674,47.03184919542689,88.51599952186417,88.31973366067238,PIP15D01A03214955,700.0,True,100.0,0.607550723729851,0.19626586119179024
LMO_10Ah,LMO_10Ah,LMO,LMO,True,49.833402100745005,51.68450542907163,87.67699884679544,90.02296670396663,PIP15D01A03224640,700.0,True,100.0,1.851103328326623,2.345967857171189
LMO_10Ah,LMO_10Ah,LMO,LMO,True,64.84549419866687,64.36522158143853,87.65499878349092,87.1426728824111,PIP15N15A03208989,700.0,True,100.0,0.48027261722833714,0.5123259010798193
LMO_10Ah,LMO_10Ah,LMO,LMO,True,63.63550358660503,64.13569957462916,89.95499876135536,91.1837928110072,PIP15D25A03236724,700.0,True,100.0,0.5001959880241245,1.2287940496518388
LMO_10Ah,LMO_10Ah,LMO,LMO,True,53.381097180470086,53.662756871200834,87.00699502164643,88.29922672419393,PIP15N15A03208683,700.0,True,100.0,0.2816596907307485,1.2922317025474968
LMO_10Ah,LMO_10Ah,LMO,LMO,True,24.077000908089857,24.769815567443366,90.00099541544847,89.78204522020849,PIP15N30A03228344,700.0,True,100.0,0.6928146593535089,0.2189501952399837
LMO_10Ah,LMO_10Ah,LMO,LMO,True,16.92310209601447,16.51632841192823,69.437998064225,76.85666035981882,PIP15829A00218512,700.0,True,100.0,0.4067736840862395,7.418662295593819
LMO_10Ah,LMO_10Ah,LMO,LMO,True,25.680200864041012,24.534101663505176,89.01899701665513,88.98920815623504,PIP15N15A03208672,700.0,True,100.0,1.1460992005358364,0.029788860420097762
LMO_10Ah,LMO_10Ah,LMO,LMO,True,40.14490277950498,39.67321349914907,90.61599607837498,88.22995379759044,PIP15D15A03236823,700.0,True,100.0,0.4716892803559105,2.3860422807845367
LMO_10Ah,LMO_10Ah,LMO,LMO,True,74.34220101829476,72.55971990721605,89.38799760413491,88.66938557587613,PIP15512A50200153,700.0,True,100.0,1.7824811110787095,0.7186120282587751
LMO_10Ah,LMO_10Ah,LMO,LMO,True,25.66410166621489,24.7239838558764,61.937998617589926,60.80482096955362,PIP15829A00217327,700.0,True,100.0,0.9401178103384886,1.133177648036309
LMO_10Ah,LMO_26Ah,LMO,LMO,True,85.0000026247998,81.9050064558838,92.3849959512275,96.89505857306557,PIP15D26A03256484,700.0,False,100.0,3.094996168916012,4.510062621838074
LMO_10Ah,LMO_10Ah,LMO,LMO,True,85.0000026247998,76.31207854299163,91.84699851382803,89.2405148082161,PIP15D28A03264309,700.0,True,100.0,8.687924081808177,2.6064837056119217
LMO_10Ah,LMO_10Ah,LMO,LMO,True,43.991100770491734,44.576842234449174,89.75499502379529,91.11117853091555,PIP15N08A03232188,700.0,True,100.0,0.5857414639574401,1.3561835071202637
LMO_10Ah,LMO_10Ah,LMO,LMO,True,56.435900402749404,57.235867513251634,88.25699956711344,88.85870691115642,PIP15N14A03236503,700.0,True,100.0,0.7999671105022301,0.6017073440429783
LMO_10Ah,LMO_10Ah,LMO,LMO,True,55.74399834520065,56.59345022740112,92.64899734329462,91.34764972518828,PIP16N1700C039158,700.0,True,100.0,0.8494518822004693,1.3013476181063481
LMO_10Ah,LMO_10Ah,LMO,LMO,True,52.8222970349807,52.180836123986616,89.88499887613833,89.21882747308418,PIP15N12A03225967,700.0,True,100.0,0.6414609109940841,0.6661714030541503
NMC_15Ah,NMC_15Ah,NMC,NMC,True,5.0000046163318155,4.977834228883038,76.45000053354094,78.05859456933644,PJP17601529001A009420,700.0,True,100.0,0.022170387448777085,1.608594035795491
NMC_15Ah,NMC_15Ah,NMC,NMC,True,35.356602693103284,35.44104488916582,75.6493310359627,77.05795169001671,PJP17601527001A008674,700.0,True,100.0,0.08444219606253967,1.4086206540540047
NMC_15Ah,NMC_15Ah,NMC,NMC,True,19.951500882936887,19.928509419155045,77.35932868370213,77.88907060327547,PJP17601529001A010983,700.0,True,100.0,0.02299146378184247,0.5297419195733397
NMC_15Ah,NMC_15Ah,NMC,NMC,True,69.99999653173852,70.43949123518496,77.14800032857558,78.87914934152526,PJP17601527001A011451,700.0,True,100.0,0.43949470344644226,1.731149012949686
NMC_15Ah,NMC_15Ah,NMC,NMC,True,50.95099774912738,51.071299359710096,76.80933310901158,77.79544630225381,PJP17601529001A010816,700.0,True,100.0,0.1203016105827146,0.9861131932422325
NMC_15Ah,NMC_15Ah,NMC,NMC,True,64.9999971536303,66.32831030375638,75.51599563253126,77.87813997893754,PJP17601527001A007049,700.0,True,100.0,1.3283131501260783,2.362144346406282
NMC_15Ah,NMC_15Ah,NMC,NMC,True,41.95410025556707,42.157015542462524,77.15599971918252,78.09879895379804,PJP17601529001A003328,700.0,True,100.0,0.20291528689545402,0.9427992346155207
NMC_15Ah,NMC_15Ah,NMC,NMC,True,46.82410030246086,47.365143179984656,76.45666426813065,78.0348006668781,PJP17601529003A008872,700.0,True,100.0,0.5410428775237932,1.5781363987474464
NMC_15Ah,NMC_15Ah,NMC,NMC,True,23.604701618548173,25.219067682046525,76.25332897948218,80.7216855524586,PJP17601527003A009249,700.0,True,100.0,1.6143660634983519,4.468356572976418
NMC_15Ah,NMC_15Ah,NMC,NMC,True,64.9999971536303,67.3406377318965,75.41066220690784,77.99755913679182,PJP17601527001A008438,700.0,True,100.0,2.3406405782662034,2.5868969298839772
NMC_15Ah,NMC_15Ah,NMC,NMC,True,15.250300334977023,14.94109280372119,76.00799641583761,77.64003589459072,PJP17530529002A009949,700.0,True,100.0,0.3092075312558329,1.6320394787531143
NMC_15Ah,NMC_15Ah,NMC,NMC,True,27.26530265280591,24.783053599436833,76.32466388830355,76.60348840602771,PJP17601529001A010435,700.0,True,100.0,2.4822490533690775,0.2788245177241606
NMC_15Ah,NMC_15Ah,NMC,NMC,True,47.527301113167965,46.376694614765015,80.00799780714402,78.29099175979148,PJP17930O01003A016716,700.0,True,100.0,1.1506064984029507,1.717006047352541
NMC_15Ah,NMC_15Ah,NMC,NMC,True,41.72750142641355,42.540100212659254,75.98000012974555,77.95570984641128,PJP17601529003A008762,700.0,True,100.0,0.8125987862457009,1.9757097166657331
NMC_15Ah,NMC_15Ah,NMC,NMC,True,29.79689918966566,30.200412444629666,75.26066715079567,76.66472621069614,PJP17601529003A008717,700.0,True,100.0,0.4035132549640075,1.4040590599004759
NMC_21Ah,NMC_21Ah,NMC,NMC,True,48.708301363683375,56.72467520406261,77.00523564899981,83.73534035064168,02LCC02100101A8BC0104122,700.0,True,100.0,8.016373840379238,6.730104701641864
NMC_21Ah,NMC_21Ah,NMC,NMC,True,41.72750142641355,42.73011587967671,99.73428381794949,100.26538416040395,02LCC02100101A87Y0163477,700.0,True,100.0,1.0026144532631562,0.5311003424544651
NMC_21Ah,NMC_21Ah,NMC,NMC,True,41.64969946964553,41.37738010252791,100.02142962444005,100.09593418665077,02LCC02100101A87Y0013547,700.0,True,100.0,0.2723193671176247,0.07450456221071988
NMC_21Ah,NMC_21Ah,NMC,NMC,True,69.99999653173852,69.18540391615011,101.11618692476883,99.77108898314377,02LCC02100101A87Y0027455,700.0,True,100.0,0.8145926155884098,1.3450979416250561
NMC_21Ah,NMC_21Ah,NMC,NMC,True,69.99999653173852,70.39588001114876,100.6080937631413,99.89920698025794,02LCC02100101A87Y0010456,700.0,True,100.0,0.3958834794102444,0.7088867828833543
NMC_21Ah,NMC_21Ah,NMC,NMC,True,69.99999653173852,71.15971976299629,98.91618565361999,99.8006707283434,02LCC02100101A87Y0184257,700.0,True,100.0,1.1597232312577717,0.8844850747234148
NMC_21Ah,LMO_24Ah,NMC,LMO,False,55.92349703913051,39.181095504489164,100.59999887818844,80.91141858852828,02LCC02100101A87Y0173907,700.0,False,100.0,16.742401534641346,19.688580289660166
NMC_21Ah,NMC_21Ah,NMC,NMC,True,46.949499483880345,46.973263608347175,99.18856714885197,100.36723678549764,02LCC02100101A87Y0085499,700.0,True,100.0,0.023764124466829628,1.1786696366456653
NMC_21Ah,NMC_21Ah,NMC,NMC,True,56.198899836382985,54.15108372993862,99.26904548319277,99.88596425440537,02LCC02100101A87Y0055909,700.0,True,100.0,2.0478161064443654,0.6169187712125961
NMC_21Ah,NMC_21Ah,NMC,NMC,True,20.500100580928294,21.23035313757475,83.75523416282624,85.25423835758858,02LCC02100101A87B0101984,700.0,True,100.0,0.7302525566464553,1.4990041947623354
LMO_24Ah,LMO_24Ah,LMO,LMO,True,41.643902856437975,51.31092763563353,76.34124575419918,85.01097939674868,A170530525010800528,700.0,True,100.0,9.667024779195557,8.669733642549502
LMO_24Ah,LMO_24Ah,LMO,LMO,True,74.99999856275895,5.967983310837716,79.57207939865172,81.0372937333389,A170530525010800027,700.0,True,100.0,69.03201525192124,1.4652143346871753
LMO_24Ah,LMO_24Ah,LMO,LMO,True,60.85579940312864,60.802364445130166,79.88583239632818,80.01128003002724,A170528511010802426,700.0,True,100.0,0.05343495799847631,0.12544763369905354
LMO_24Ah,LMO_24Ah,LMO,LMO,True,46.791699622251606,48.56316252563957,74.20832957727146,75.82635352162416,A170526507010800030,700.0,True,100.0,1.7714629033879632,1.6180239443527
LMO_24Ah,LMO_24Ah,LMO,LMO,True,65.67439927569912,64.78976977741982,81.9745813315415,81.17119735974927,A170530525010800523,700.0,True,100.0,0.8846294982792955,0.8033839717922291
LMO_24Ah,LMO_24Ah,LMO,LMO,True,37.1305022963682,48.56686798078724,78.98291722904705,101.58504772054195,A170528511010800172,700.0,True,100.0,11.436365684419037,22.602130491494904
LMO_24Ah,LMO_24Ah,LMO,LMO,True,38.26200102867698,50.43317514906467,79.26375060630659,100.19232782370435,A170530525010800543,700.0,True,100.0,12.17117412038769,20.92857721739776
LMO_24Ah,LMO_24Ah,LMO,LMO,True,44.114199213785696,42.35312561208458,78.65249920318031,76.32495859270885,A170527511010800648,700.0,True,100.0,1.7610736017011135,2.327540610471459
LMO_24Ah,NMC_15Ah,LMO,NMC,False,23.095200540901402,24.087672247507438,79.1762448999661,80.59261925222046,A170530525010800530,700.0,False,100.0,0.992471706606036,1.4163743522543655
LMO_24Ah,LMO_24Ah,LMO,LMO,True,21.101602001561332,19.989246518047718,80.67708368498764,79.3275639124571,A170526511010800410,700.0,True,100.0,1.112355483513614,1.3495197725305417
LMO_24Ah,LMO_24Ah,LMO,LMO,True,69.99999653173852,74.73477631616277,75.8099955298905,78.58283512920625,A170523507010800997,700.0,True,100.0,4.734779784424248,2.772839599315745
LMO_24Ah,LMO_24Ah,LMO,LMO,True,74.99999856275895,74.40836464913987,81.11541632967582,81.3907239993357,A170525507010800584,700.0,True,100.0,0.5916339136190771,0.27530766965988107
LMO_24Ah,LMO_24Ah,LMO,LMO,True,49.40099995812712,72.0852226798975,79.19208209968735,107.1217213596634,A170530525010800427,700.0,True,100.0,22.684222721770375,27.929639259976042
LMO_24Ah,LMO_24Ah,LMO,LMO,True,69.99999653173852,75.0685763437271,73.4933305238358,79.71153940468679,A170528511010800479,700.0,True,100.0,5.0685798119885845,6.2182088808509945
LMO_24Ah,LMO_24Ah,LMO,LMO,True,57.006596206647345,64.25455004222582,72.01916470094038,80.79981510533727,A170530525010800449,700.0,True,100.0,7.247953835578471,8.780650404396894
LMO_24Ah,LMO_24Ah,LMO,LMO,True,31.863299609461187,27.979188067491705,75.95833366423889,67.00251785462305,A170529511010800365,700.0,True,100.0,3.8841115419694816,8.955815809615842
LMO_25Ah,LMO_25Ah,LMO,LMO,True,38.062501366268805,31.566410212885454,92.11839660702083,87.68674401317679,515092905216,700.0,True,100.0,6.49609115338335,4.431652593844035
LMO_25Ah,LMO_25Ah,LMO,LMO,True,22.88470256764415,22.07363699885641,87.47679874503397,87.05798141341752,515093005020,700.0,True,100.0,0.8110655687877397,0.4188173316164523
LMO_25Ah,LMO_25Ah,LMO,LMO,True,41.55420093027903,42.436459056644864,83.84559477856742,87.94850887706923,515093000439,700.0,True,100.0,0.8822581263658336,4.102914098501813
LMO_25Ah,NMC_15Ah,LMO,NMC,False,50.48199868239127,45.691876496080106,91.85159425827743,81.84351534175484,515092905212,700.0,False,100.0,4.790122186311166,10.008078916522592
LMO_25Ah,LMO_25Ah,LMO,LMO,True,65.67439927569912,63.15871159021347,84.35679992543416,81.99694392553346,515093004482,700.0,True,100.0,2.515687685485645,2.3598559999007023
LMO_25Ah,LMO_25Ah,LMO,LMO,True,6.929202384999056,10.044084783939716,52.694398896880614,61.33240762600825,515093001608,700.0,True,100.0,3.1148823989406607,8.638008729127634
LMO_25Ah,LMO_25Ah,LMO,LMO,True,47.2815008369574,50.47756301315419,88.47479497642186,95.01257536971562,515093003101,700.0,True,100.0,3.19606217619679,6.537780393293758
LMO_25Ah,LMO_25Ah,LMO,LMO,True,24.077000908089857,24.903096551077798,92.00799692176012,93.69805459117426,515093004064,700.0,True,100.0,0.8260956429879407,1.6900576694141307
LMO_25Ah,LMO_25Ah,LMO,LMO,True,29.79689918966566,29.79431127379199,70.58879600011731,66.84010916595308,515093000629,700.0,True,100.0,0.002587915873668578,3.748686834164232
LMO_25Ah,LMO_25Ah,LMO,LMO,True,74.99999856275895,72.41774930959473,81.8831956140364,82.5432624935961,515091901822,700.0,True,100.0,2.582249253164221,0.6600668795597073
LMO_25Ah,LMO_25Ah,LMO,LMO,True,8.617300837915131,6.191252403537161,88.61359632443516,77.63762766631726,515100102065,700.0,True,100.0,2.42604843437797,10.975968658117907
LMO_25Ah,LMO_24Ah,LMO,LMO,True,70.00830014699694,64.12221482179893,88.87799645282749,76.23986617394495,515093002646,700.0,False,100.0,5.88608532519801,12.638130278882542
LMO_25Ah,LMO_25Ah,LMO,LMO,True,74.99999856275895,70.26351030286298,79.54360026532048,82.04341836756267,515100101320,700.0,True,100.0,4.736488259895964,2.4998181022421875
LMO_25Ah,LMO_25Ah,LMO,LMO,True,21.692401574286222,20.584984486875985,83.6023959760034,84.48039866053243,515093000663,700.0,True,100.0,1.1074170874102371,0.8780026845290365
LMO_25Ah,LMO_25Ah,LMO,LMO,True,55.00000105032612,56.39375225980427,60.88039936884637,71.65174546188442,515092901155,700.0,True,100.0,1.393751209478154,10.771346093038048
LMO_26Ah,LMO_26Ah,LMO,LMO,True,8.376103364411708,10.11228319845997,83.8830741947137,89.65953040127262,H27734091053,700.0,True,100.0,1.7361798340482615,5.776456206558919
LMO_26Ah,LMO_26Ah,LMO,LMO,True,49.40099995812712,57.61334774056998,80.00807527772267,93.73324330902952,H27733591038,700.0,True,100.0,8.212347782442855,13.72516803130685
LMO_26Ah,LMO_25Ah,LMO,LMO,True,44.48969970535751,54.78542157161357,79.2303838699786,86.15909898501319,H27734091304,700.0,False,100.0,10.29572186625606,6.928715115034592
LMO_26Ah,LMO_25Ah,LMO,LMO,True,72.82489440139221,71.74182706882206,98.36614833967889,90.32604172625351,H27735490851,700.0,False,100.0,1.0830673325701525,8.04010661342538
LMO_26Ah,LMO_26Ah,LMO,LMO,True,70.00830014699694,74.51794584142888,88.77884423076107,94.103132120409,H27733490499,700.0,True,100.0,4.5096456944319385,5.324287889647934
LMO_26Ah,LMO_26Ah,LMO,LMO,True,53.6027015707495,60.852290926713536,95.02961257288986,101.63688534005885,H27735376790,700.0,True,100.0,7.249589355964034,6.607272767168993
LMO_26Ah,LMO_26Ah,LMO,LMO,True,43.01369793692715,45.081691098898645,92.50730523597511,95.19812657557038,H27735376805,700.0,True,100.0,2.0679931619714935,2.6908213395952743
LMO_26Ah,LMO_26Ah,LMO,LMO,True,59.726499769245834,71.22393085044516,81.98538167882471,94.95063052743959,H27735290390,700.0,True,100.0,11.497431081199323,12.965248848614877
LMO_26Ah,LMO_26Ah,LMO,LMO,True,79.99999794086715,82.35009615120885,85.24307318712121,91.23411390442122,H27733690634,700.0,True,100.0,2.3500982103416987,5.9910407173000095
LMO_26Ah,LMO_26Ah,LMO,LMO,True,41.55420093027903,42.626114922442056,84.84115317685355,87.42110941482913,H27733690394,700.0,True,100.0,1.0719139921630259,2.57995623797558
LMO_26Ah,LMO_26Ah,LMO,LMO,True,60.85579940312864,74.61713822945208,81.40538080040349,91.79638334842156,H27734091346,700.0,True,100.0,13.761338826323438,10.391002548018065
LMO_26Ah,LMO_26Ah,LMO,LMO,True,89.99999404417134,83.57508102315586,99.84076697020134,99.01806736970646,H27734492478,700.0,True,100.0,6.424913021015485,0.8226996004948859
LMO_26Ah,LMO_26Ah,LMO,LMO,True,46.428099431684736,44.37159039511319,98.93807346363708,97.88606095033676,H27735391963,700.0,True,100.0,2.0565090365715477,1.0520125133003262
LMO_26Ah,LMO_25Ah,LMO,LMO,True,89.99999404417134,85.0531404566293,99.155379385371,93.29887431211024,H27734490172,700.0,False,100.0,4.946853587542051,5.856505073260763
LMO_26Ah,LMO_26Ah,LMO,LMO,True,9.099602932994166,9.877747187548852,100.23307292118429,97.35246637145617,H27735076555,700.0,True,100.0,0.7781442545546859,2.880606549728114
LFP_35Ah,LFP_35Ah,LFP,LFP,True,54.56280111595269,52.73030067136277,86.32713851992527,91.3082579912864,18号,700.0,True,100.0,1.8325004445899182,4.981119471361126
LFP_35Ah,LFP_35Ah,LFP,LFP,True,52.87640052685941,48.38965012814122,81.82657110327499,82.46191506584545,24号,700.0,True,100.0,4.486750398718193,0.6353439625704596
LFP_35Ah,LFP_35Ah,LFP,LFP,True,25.55260241838855,29.119576874467235,84.09142816381119,92.17345700260961,33号,700.0,True,100.0,3.566974456078686,8.082028838798422
LFP_35Ah,LFP_35Ah,LFP,LFP,True,38.830501216096245,47.33658192699034,88.2471408826189,93.33264705751165,35号,700.0,True,100.0,8.506080710894096,5.085506174892757
LFP_35Ah,LFP_35Ah,LFP,LFP,True,14.461799111103197,17.321659710945653,87.12485117105062,88.43717621204851,38号,700.0,True,100.0,2.859860599842456,1.3123250409978908
LFP_35Ah,LFP_35Ah,LFP,LFP,True,5.0000046163318155,4.980327966372789,85.52485415604023,85.37559720481872,42号,700.0,True,100.0,0.019676649959026626,0.14925695122151694
LFP_35Ah,LFP_35Ah,LFP,LFP,True,38.75429971153034,38.66786327160756,90.39142373257008,93.7919407111311,44号,700.0,True,100.0,0.08643643992277816,3.400516978561029
LFP_35Ah,LFP_35Ah,LFP,LFP,True,34.639400806524534,34.239092601140115,88.95542276257589,86.30512691508557,46号,700.0,True,100.0,0.4003082053844196,2.6502958474903267
LFP_35Ah,LFP_35Ah,LFP,LFP,True,39.11150132652551,41.112988631975114,79.61485770356319,89.50488015389966,7号,700.0,True,100.0,2.0014873054496007,9.890022450336474
LFP_68Ah,LFP_68Ah,LFP,LFP,True,59.840695702347006,57.95811490726477,84.28293786507221,84.90638541989334,02HCB68111211Y88D0001154,700.0,True,100.0,1.8825807950822337,0.6234475548211265
LFP_68Ah,LFP_68Ah,LFP,LFP,True,49.40099995812712,44.923636557696476,83.80235165018405,84.0777492805771,02HCB68111211Y87Y0009119,700.0,True,100.0,4.477363400430647,0.2753976303930443
LFP_68Ah,LFP_68Ah,LFP,LFP,True,16.03880155885085,19.91182658063983,82.6247011469057,83.77531761982527,02HCB68111211Y87Y0008126,700.0,True,100.0,3.8730250217889797,1.150616472919566
LFP_68Ah,LFP_68Ah,LFP,LFP,True,27.90890181105184,25.10141500431861,81.53514623308816,84.27894906900958,02HCB68111211Y87Y0015279,700.0,True,100.0,2.8074868067332304,2.7438028359214286
LFP_68Ah,LFP_68Ah,LFP,LFP,True,69.99999653173852,74.04841221287982,75.09117543779192,84.91135492035893,02HCB68111211Y86L0002535,700.0,True,100.0,4.048415681141307,9.820179482567013
LFP_68Ah,LFP_68Ah,LFP,LFP,True,8.13500139574832,10.081047809944721,78.54779186631498,82.5897448407864,02HCB68111211Y87Y0014641,700.0,True,100.0,1.9460464141964007,4.041952974471414
LFP_68Ah,LFP_68Ah,LFP,LFP,True,31.863299609461187,29.299216172744924,76.97308504265344,84.38254414971001,02HCB68111211Y86X0004792,700.0,True,100.0,2.5640834367162633,7.409459107056577
LFP_68Ah,LFP_68Ah,LFP,LFP,True,44.46269869636442,37.243243438729,85.23190928147962,83.74862157462877,02HCB68111211Y88G0002069,700.0,True,100.0,7.219455257635417,1.4832877068508452
LFP_68Ah,LFP_68Ah,LFP,LFP,True,44.38000045847457,42.98345838533766,82.54852638226058,83.89075803105295,02HCB68111211Y88E0004343,700.0,True,100.0,1.3965420731369065,1.342231648792378
LFP_68Ah,LFP_68Ah,LFP,LFP,True,34.24330144638213,30.82421092927014,68.25176350462574,81.83264005354452,02HCB68111211Y86R0006266,700.0,True,100.0,3.419090517111986,13.58087654891878
LFP_68Ah,LFP_68Ah,LFP,LFP,True,65.67439927569912,63.775001670034406,85.60896823206804,85.24852166129706,02HCB68111211Y88D0003027,700.0,True,100.0,1.89939760566471,0.36044657077097497
LFP_68Ah,LFP_68Ah,LFP,LFP,True,52.43750140220706,50.43879932297772,83.1083807995489,84.26777780168675,02HCB68111211Y88E0004542,700.0,True,100.0,1.9987020792293393,1.159397002137851
LFP_68Ah,LFP_68Ah,LFP,LFP,True,39.5792994530596,33.20934681457091,81.17617128710508,83.58236935711258,02HCB68111211Y87Y0012947,700.0,True,100.0,6.369952638488691,2.4061980700075054
LFP_68Ah,LFP_68Ah,LFP,LFP,True,44.48969970535751,42.96438659936551,80.56190991484341,83.99191201777269,02HCB68111211Y88E0004475,700.0,True,100.0,1.525313105991998,3.4300021029292793
LFP_68Ah,LFP_68Ah,LFP,LFP,True,62.82330124492969,60.225232676178884,83.82176486810033,85.16816372255963,02HCB68111211Y87Y0003936,700.0,True,100.0,2.5980685687508043,1.346398854459295
LFP_68Ah,LFP_68Ah,LFP,LFP,True,50.564998357432486,54.0160849856397,86.852201848961,85.00506736392671,02HCB68111211Y88F0000101,700.0,True,100.0,3.4510866282072143,1.8471344850342888
LFP_68Ah,LFP_68Ah,LFP,LFP,True,64.9999971536303,74.31597698096904,70.91867773985592,84.49863254699198,02HCB68111211Y86P0008027,700.0,True,100.0,9.315979827338737,13.579954807136062
LFP_68Ah,LFP_68Ah,LFP,LFP,True,43.57689926379472,55.095501910990805,71.51896784661925,84.90215196897653,02HCB68111211Y86M0004689,700.0,True,100.0,11.518602647196083,13.383184122357278
LFP_68Ah,LFP_68Ah,LFP,LFP,True,41.643902856437975,45.74114173929186,77.89132389039165,84.50566444469642,02HCB68111211Y86H0009376,700.0,True,100.0,4.097238882853887,6.614340554304775
LFP_68Ah,LFP_68Ah,LFP,LFP,True,57.006596206647345,66.45902724772715,71.28293997378027,85.27442062910119,02HCB68111211Y86P0006552,700.0,True,100.0,9.452431041079805,13.991480655320913
LFP_68Ah,LFP_68Ah,LFP,LFP,True,24.41099990407093,25.64868028746178,80.76352851871029,84.22050923928947,02HCB68111211Y87Y0008148,700.0,True,100.0,1.237680383390849,3.456980720579182
LFP_68Ah,LFP_68Ah,LFP,LFP,True,38.26200102867698,28.02382729501437,83.86073436758568,83.5196931688586,02HCB68111211Y87Y0007299,700.0,True,100.0,10.238173733662606,0.3410411987270834
LMO_10Ah,LMO_10Ah,LMO,LMO,True,52.672695335349516,51.632270913854114,64.66599634874413,61.38975482659621,PIP15829A00218444,1000.0,True,100.0,1.040424421495402,3.27624152214792
LMO_10Ah,LMO_10Ah,LMO,LMO,True,18.115401762916292,19.404949233181743,65.90499817480412,67.66350821510092,PIP15829A00217239,1000.0,True,100.0,1.2895474702654504,1.7585100402967981
LMO_10Ah,LMO_10Ah,LMO,LMO,True,35.37670148771982,31.61716572953856,57.502001663419044,55.2994239421688,PIP15828A00225770,1000.0,True,100.0,3.7595357581812614,2.2025777212502433
LMO_10Ah,LMO_25Ah,LMO,LMO,True,65.67439927569912,71.194242109756,80.47299740603592,91.00285126268535,PIP15710A00246135,1000.0,False,100.0,5.519842834056888,10.529853856649439
LMO_10Ah,LMO_10Ah,LMO,LMO,True,24.387700702471207,25.065708132251263,88.19599417418095,90.01024698357155,PIP15N21A50200566,1000.0,True,100.0,0.678007429780056,1.8142528093905952
LMO_10Ah,LMO_10Ah,LMO,LMO,True,37.94840027477962,38.0593507013898,89.06699683856765,88.4220049430972,PIP15D19A03261038,1000.0,True,100.0,0.11095042661018084,0.6449918954704401
LMO_10Ah,LMO_10Ah,LMO,LMO,True,30.690801942620944,32.11860062757088,87.89499662822769,89.03177333800359,PIP15D25A03226076,1000.0,True,100.0,1.4277986849499342,1.1367767097759014
LMO_10Ah,LMO_10Ah,LMO,LMO,True,50.564998357432486,51.76801247357551,86.37399968243484,90.27439825749288,PIP15D01A03250557,1000.0,True,100.0,1.2030141161430237,3.900398575058034
LMO_10Ah,LMO_26Ah,LMO,LMO,True,55.43259950844851,56.01513393314222,83.32999677321057,96.72615879852403,PIP15D01A03229494,1000.0,False,100.0,0.582534424693705,13.396162025313458
LMO_10Ah,LMO_10Ah,LMO,LMO,True,47.63939991915674,47.16584646536156,88.51599952186417,88.30281092423068,PIP15D01A03214955,1000.0,True,100.0,0.47355345379517644,0.21318859763348996
LMO_10Ah,LMO_10Ah,LMO,LMO,True,49.833402100745005,50.83941559779406,87.67699884679544,89.23639969756077,PIP15D01A03224640,1000.0,True,100.0,1.0060134970490537,1.5594008507653285
LMO_10Ah,LMO_10Ah,LMO,LMO,True,64.84549419866687,65.27003708882371,87.65499878349092,87.7632830476448,PIP15N15A03208989,1000.0,True,100.0,0.4245428901568431,0.10828426415388037
LMO_10Ah,LMO_10Ah,LMO,LMO,True,63.63550358660503,64.53672705084008,89.95499876135536,91.17233854879889,PIP15D25A03236724,1000.0,True,100.0,0.9012234642350521,1.2173397874435352
LMO_10Ah,LMO_10Ah,LMO,LMO,True,53.381097180470086,53.38346490462923,87.00699502164643,88.44473639190548,PIP15N15A03208683,1000.0,True,100.0,0.002367724159142881,1.4377413702590474
LMO_10Ah,LMO_10Ah,LMO,LMO,True,24.077000908089857,23.61941732264993,90.00099541544847,89.39604727156636,PIP15N30A03228344,1000.0,True,100.0,0.4575835854399273,0.6049481438821118
LMO_10Ah,LMO_10Ah,LMO,LMO,True,16.92310209601447,15.670033495273303,69.437998064225,73.46109517416255,PIP15829A00218512,1000.0,True,100.0,1.2530686007411678,4.023097109937552
LMO_10Ah,LMO_10Ah,LMO,LMO,True,25.680200864041012,25.273354224868633,89.01899701665513,89.28376236348969,PIP15N15A03208672,1000.0,True,100.0,0.40684663917237884,0.264765346834551
LMO_10Ah,LMO_10Ah,LMO,LMO,True,40.14490277950498,40.10567608230964,90.61599607837498,88.703695556025,PIP15D15A03236823,1000.0,True,100.0,0.039226697195339,1.9123005223499803
LMO_10Ah,LMO_10Ah,LMO,LMO,True,74.34220101829476,71.56268917095454,89.38799760413491,88.60392515036159,PIP15512A50200153,1000.0,True,100.0,2.779511847340217,0.7840724537733195
LMO_10Ah,LMO_10Ah,LMO,LMO,True,25.66410166621489,24.382843220190637,61.937998617589926,60.52979725327998,PIP15829A00217327,1000.0,True,100.0,1.2812584460242533,1.4082013643099458
LMO_10Ah,LMO_10Ah,LMO,LMO,True,85.0000026247998,78.78356075210309,92.3849959512275,90.01190959705131,PIP15D26A03256484,1000.0,True,100.0,6.21644187269672,2.3730863541761806
LMO_10Ah,LMO_10Ah,LMO,LMO,True,85.0000026247998,77.25702465357624,91.84699851382803,89.46772146990156,PIP15D28A03264309,1000.0,True,100.0,7.742977971223567,2.3792770439264643
LMO_10Ah,LMO_10Ah,LMO,LMO,True,43.991100770491734,43.906148883668315,89.75499502379529,90.30717495259735,PIP15N08A03232188,1000.0,True,100.0,0.08495188682341848,0.5521799288020617
LMO_10Ah,LMO_10Ah,LMO,LMO,True,56.435900402749404,57.7896669192004,88.25699956711344,89.2328888574189,PIP15N14A03236503,1000.0,True,100.0,1.353766516450996,0.9758892903054601
LMO_10Ah,LMO_10Ah,LMO,LMO,True,55.74399834520065,56.49306668178973,92.64899734329462,90.82072457261339,PIP16N1700C039158,1000.0,True,100.0,0.749068336589076,1.828272770681238
LMO_10Ah,LMO_10Ah,LMO,LMO,True,52.8222970349807,52.53083881295378,89.88499887613833,89.51087226600343,PIP15N12A03225967,1000.0,True,100.0,0.2914582220269182,0.3741266101348941
NMC_15Ah,NMC_15Ah,NMC,NMC,True,5.0000046163318155,5.002551412066031,76.45000053354094,78.05424293626139,PJP17601529001A009420,1000.0,True,100.0,0.0025467957342151237,1.6042424027204447
NMC_15Ah,NMC_15Ah,NMC,NMC,True,35.356602693103284,35.30179120527502,75.6493310359627,76.93621157686734,PJP17601527001A008674,1000.0,True,100.0,0.0548114878282604,1.286880540904633
NMC_15Ah,NMC_15Ah,NMC,NMC,True,19.951500882936887,20.213101904348477,77.35932868370213,78.1895805588929,PJP17601529001A010983,1000.0,True,100.0,0.2616010214115896,0.8302518751907684
NMC_15Ah,NMC_15Ah,NMC,NMC,True,69.99999653173852,70.43498924314228,77.14800032857558,78.89363981800378,PJP17601527001A011451,1000.0,True,100.0,0.4349927114037655,1.7456394894282
NMC_15Ah,NMC_15Ah,NMC,NMC,True,50.95099774912738,51.82545465548705,76.80933310901158,78.43527612753456,PJP17601529001A010816,1000.0,True,100.0,0.8744569063596686,1.6259430185229888
NMC_15Ah,NMC_15Ah,NMC,NMC,True,64.9999971536303,66.72260999456942,75.51599563253126,78.11566414066704,PJP17601527001A007049,1000.0,True,100.0,1.7226128409391208,2.599668508135778
NMC_15Ah,NMC_15Ah,NMC,NMC,True,41.95410025556707,42.10003463566379,77.15599971918252,77.90298937850419,PJP17601529001A003328,1000.0,True,100.0,0.145934380096719,0.7469896593216703
NMC_15Ah,NMC_15Ah,NMC,NMC,True,46.82410030246086,47.697448954739315,76.45666426813065,78.05565195217349,PJP17601529003A008872,1000.0,True,100.0,0.8733486522784517,1.5989876840428394
NMC_15Ah,NMC_15Ah,NMC,NMC,True,23.604701618548173,25.09911095005282,76.25332897948218,80.70046493803724,PJP17601527003A009249,1000.0,True,100.0,1.4944093315046452,4.447135958555066
NMC_15Ah,NMC_15Ah,NMC,NMC,True,64.9999971536303,66.91871326610392,75.41066220690784,78.13995069276429,PJP17601527001A008438,1000.0,True,100.0,1.9187161124736178,2.7292884858564435
NMC_15Ah,NMC_15Ah,NMC,NMC,True,15.250300334977023,14.956946607166671,76.00799641583761,77.62543727550855,PJP17530529002A009949,1000.0,True,100.0,0.2933537278103522,1.6174408596709355
NMC_15Ah,NMC_15Ah,NMC,NMC,True,27.26530265280591,25.112606314531927,76.32466388830355,75.84179388225886,PJP17601529001A010435,1000.0,True,100.0,2.1526963382739837,0.482870006044692
NMC_15Ah,NMC_15Ah,NMC,NMC,True,47.527301113167965,45.81775320169975,80.00799780714402,78.0108062895346,PJP17930O01003A016716,1000.0,True,100.0,1.7095479114682135,1.9971915176094228
NMC_15Ah,NMC_15Ah,NMC,NMC,True,41.72750142641355,42.851202586470464,75.98000012974555,78.14063433109509,PJP17601529003A008762,1000.0,True,100.0,1.1237011600569105,2.160634201349538
NMC_15Ah,NMC_15Ah,NMC,NMC,True,29.79689918966566,29.928900143152426,75.26066715079567,76.38581758205801,PJP17601529003A008717,1000.0,True,100.0,0.13200095348676655,1.125150431262341
NMC_21Ah,NMC_21Ah,NMC,NMC,True,48.708301363683375,56.29390327600585,77.00523564899981,83.33542232241926,02LCC02100101A8BC0104122,1000.0,True,100.0,7.585601912322474,6.330186673419448
NMC_21Ah,NMC_21Ah,NMC,NMC,True,41.72750142641355,41.74901472066606,99.73428381794949,99.50731968660617,02LCC02100101A87Y0163477,1000.0,True,100.0,0.021513294252507364,0.2269641313433226
NMC_21Ah,NMC_21Ah,NMC,NMC,True,41.64969946964553,41.50819876910173,100.02142962444005,99.8988755959052,02LCC02100101A87Y0013547,1000.0,True,100.0,0.14150070054380137,0.12255402853485009
NMC_21Ah,NMC_21Ah,NMC,NMC,True,69.99999653173852,69.12078162730664,101.11618692476883,99.60350336258128,02LCC02100101A87Y0027455,1000.0,True,100.0,0.8792149044318762,1.5126835621875472
NMC_21Ah,NMC_21Ah,NMC,NMC,True,69.99999653173852,69.69195097603642,100.6080937631413,99.75638791317391,02LCC02100101A87Y0010456,1000.0,True,100.0,0.308045555702094,0.851705849967388
NMC_21Ah,NMC_21Ah,NMC,NMC,True,69.99999653173852,70.82273624076419,98.91618565361999,99.65863458841339,02LCC02100101A87Y0184257,1000.0,True,100.0,0.8227397090256687,0.7424489347934013
NMC_21Ah,LMO_24Ah,NMC,LMO,False,55.92349703913051,41.09834895038925,100.59999887818844,82.95284414646326,02LCC02100101A87Y0173907,1000.0,False,100.0,14.825148088741258,17.64715473172518
NMC_21Ah,NMC_21Ah,NMC,NMC,True,46.949499483880345,46.97528313777705,99.18856714885197,99.98478509211904,02LCC02100101A87Y0085499,1000.0,True,100.0,0.025783653896702674,0.7962179432670666
NMC_21Ah,NMC_21Ah,NMC,NMC,True,56.198899836382985,54.51610190208876,99.26904548319277,99.8571350805412,02LCC02100101A87Y0055909,1000.0,True,100.0,1.6827979342942285,0.5880895973484286
NMC_21Ah,NMC_21Ah,NMC,NMC,True,20.500100580928294,21.270990447008806,83.75523416282624,85.73127340613188,02LCC02100101A87B0101984,1000.0,True,100.0,0.7708898660805126,1.9760392433056353
LMO_24Ah,LMO_24Ah,LMO,LMO,True,41.643902856437975,52.26475304342898,76.34124575419918,86.995071509076,A170530525010800528,1000.0,True,100.0,10.620850186991007,10.65382575487682
LMO_24Ah,LMO_24Ah,LMO,LMO,True,74.99999856275895,7.751950052761392,79.57207939865172,81.0550695947651,A170530525010800027,1000.0,True,100.0,67.24804850999756,1.4829901961133771
LMO_24Ah,LMO_24Ah,LMO,LMO,True,60.85579940312864,61.64192627056275,79.88583239632818,80.41046600080723,A170528511010802426,1000.0,True,100.0,0.7861268674341062,0.5246336044790496
LMO_24Ah,LMO_24Ah,LMO,LMO,True,46.791699622251606,47.963450494301036,74.20832957727146,76.02491915227931,A170526507010800030,1000.0,True,100.0,1.1717508720494294,1.8165895750078533
LMO_24Ah,LMO_24Ah,LMO,LMO,True,65.67439927569912,64.2530352293464,81.9745813315415,80.83732161642318,A170530525010800523,1000.0,True,100.0,1.4213640463527213,1.1372597151183186
LMO_24Ah,LMO_24Ah,LMO,LMO,True,37.1305022963682,37.595825919026154,78.98291722904705,81.05613868875047,A170528511010800172,1000.0,True,100.0,0.4653236226579551,2.0732214597034186
LMO_24Ah,LMO_24Ah,LMO,LMO,True,38.26200102867698,41.49174292038861,79.26375060630659,82.69368379599409,A170530525010800543,1000.0,True,100.0,3.229741891711633,3.429933189687503
LMO_24Ah,LMO_24Ah,LMO,LMO,True,44.114199213785696,41.191314704714216,78.65249920318031,75.40105838480673,A170527511010800648,1000.0,True,100.0,2.92288450907148,3.251440818373581
LMO_24Ah,LMO_24Ah,LMO,LMO,True,23.095200540901402,22.174195636674522,79.1762448999661,81.47998370281813,A170530525010800530,1000.0,True,100.0,0.92100490422688,2.3037388028520382
LMO_24Ah,LMO_24Ah,LMO,LMO,True,21.101602001561332,20.23363942432391,80.67708368498764,79.66533911364407,A170526511010800410,1000.0,True,100.0,0.8679625772374209,1.01174457134357
LMO_24Ah,LMO_24Ah,LMO,LMO,True,69.99999653173852,74.7019120395425,75.8099955298905,78.33210934846183,A170523507010800997,1000.0,True,100.0,4.701915507803989,2.522113818571327
LMO_24Ah,LMO_24Ah,LMO,LMO,True,74.99999856275895,74.44522421156819,81.11541632967582,81.5665058490162,A170525507010800584,1000.0,True,100.0,0.5547743511907584,0.4510895193403712
LMO_24Ah,LMO_24Ah,LMO,LMO,True,49.40099995812712,63.29788071252715,79.19208209968735,100.55412111771807,A170530525010800427,1000.0,True,100.0,13.89688075440003,21.362039018030714
LMO_24Ah,LMO_24Ah,LMO,LMO,True,69.99999653173852,74.89324537489979,73.4933305238358,79.46392098466235,A170528511010800479,1000.0,True,100.0,4.893248843161274,5.970590460826557
LMO_24Ah,LMO_24Ah,LMO,LMO,True,57.006596206647345,64.38880331819003,72.01916470094038,80.87026273887827,A170530525010800449,1000.0,True,100.0,7.382207111542684,8.851098037937888
LMO_24Ah,LMO_24Ah,LMO,LMO,True,31.863299609461187,29.223728881891592,75.95833366423889,71.42423113132946,A170529511010800365,1000.0,True,100.0,2.6395707275695948,4.534102532909429
LMO_25Ah,LMO_25Ah,LMO,LMO,True,38.062501366268805,29.050794156029834,92.11839660702083,76.94136384465726,515092905216,1000.0,True,100.0,9.01170721023897,15.177032762363567
LMO_25Ah,LMO_25Ah,LMO,LMO,True,22.88470256764415,23.349456974823227,87.47679874503397,89.19688464314592,515093005020,1000.0,True,100.0,0.46475440717907546,1.7200858981119467
LMO_25Ah,LMO_25Ah,LMO,LMO,True,41.55420093027903,40.17696198535049,83.84559477856742,78.96338262738226,515093000439,1000.0,True,100.0,1.3772389449285427,4.882212151185158
LMO_25Ah,NMC_15Ah,LMO,NMC,False,50.48199868239127,43.72056872008094,91.85159425827743,77.80812934270143,515092905212,1000.0,False,100.0,6.761429962310331,14.043464915575996
LMO_25Ah,LMO_25Ah,LMO,LMO,True,65.67439927569912,63.72572382548958,84.35679992543416,82.39717590722844,515093004482,1000.0,True,100.0,1.9486754502095351,1.9596240182057159
LMO_25Ah,LMO_25Ah,LMO,LMO,True,6.929202384999056,10.11706905211051,52.694398896880614,60.76356994176412,515093001608,1000.0,True,100.0,3.1878666671114546,8.069171044883504
LMO_25Ah,LMO_25Ah,LMO,LMO,True,47.2815008369574,51.52842664424764,88.47479497642186,94.86999156022551,515093003101,1000.0,True,100.0,4.246925807290239,6.395196583803653
LMO_25Ah,LMO_25Ah,LMO,LMO,True,24.077000908089857,25.118735868223492,92.00799692176012,94.51172586529515,515093004064,1000.0,True,100.0,1.0417349601336348,2.503728943535023
LMO_25Ah,LMO_25Ah,LMO,LMO,True,29.79689918966566,31.457500207388893,70.58879600011731,68.32792878307757,515093000629,1000.0,True,100.0,1.6606010177232342,2.2608672170397455
LMO_25Ah,LMO_25Ah,LMO,LMO,True,74.99999856275895,73.56491365438815,81.8831956140364,83.68195640256458,515091901822,1000.0,True,100.0,1.435084908370797,1.7987607885281847
LMO_25Ah,LMO_25Ah,LMO,LMO,True,8.617300837915131,6.4224351333982295,88.61359632443516,78.8860780571146,515100102065,1000.0,True,100.0,2.1948657045169018,9.727518267320562
LMO_25Ah,LMO_24Ah,LMO,LMO,True,70.00830014699694,62.970405227702784,88.87799645282749,76.34855707958512,515093002646,1000.0,False,100.0,7.0378949192941604,12.529439373242369
LMO_25Ah,LMO_25Ah,LMO,LMO,True,74.99999856275895,69.31221577332842,79.54360026532048,83.2844529267445,515100101320,1000.0,True,100.0,5.687782789430528,3.7408526614240287
LMO_25Ah,LMO_25Ah,LMO,LMO,True,21.692401574286222,20.169986774898007,83.6023959760034,83.9533712744618,515093000663,1000.0,True,100.0,1.5224147993882156,0.35097529845840825
LMO_25Ah,LMO_25Ah,LMO,LMO,True,55.00000105032612,56.85917918023191,60.88039936884637,72.24436819480647,515092901155,1000.0,True,100.0,1.8591781299057928,11.3639688259601
LMO_26Ah,LMO_26Ah,LMO,LMO,True,8.376103364411708,10.299544313554737,83.8830741947137,88.55764201323069,H27734091053,1000.0,True,100.0,1.9234409491430284,4.674567818516991
LMO_26Ah,LMO_26Ah,LMO,LMO,True,49.40099995812712,58.85748265939972,80.00807527772267,93.3036464997551,H27733591038,1000.0,True,100.0,9.456482701272598,13.295571222032436
LMO_26Ah,LMO_26Ah,LMO,LMO,True,44.48969970535751,54.07836077362179,79.2303838699786,83.08646168509391,H27734091304,1000.0,True,100.0,9.58866106826428,3.856077815115313
LMO_26Ah,LMO_25Ah,LMO,LMO,True,72.82489440139221,75.44540395463855,98.36614833967889,89.79053283356414,H27735490851,1000.0,False,100.0,2.620509553246336,8.575615506114744
LMO_26Ah,LMO_26Ah,LMO,LMO,True,70.00830014699694,74.42970202215058,88.77884423076107,93.24229359594126,H27733490499,1000.0,True,100.0,4.421401875153634,4.463449365180196
LMO_26Ah,LMO_26Ah,LMO,LMO,True,53.6027015707495,60.915373200011466,95.02961257288986,101.34201271291563,H27735376790,1000.0,True,100.0,7.312671629261963,6.3124001400257725
LMO_26Ah,LMO_26Ah,LMO,LMO,True,43.01369793692715,44.98122962399071,92.50730523597511,95.55947591573748,H27735376805,1000.0,True,100.0,1.9675316870635555,3.0521706797623693
LMO_26Ah,LMO_26Ah,LMO,LMO,True,59.726499769245834,69.56839158924369,81.98538167882471,94.55864268013877,H27735290390,1000.0,True,100.0,9.841891819997855,12.573261001314066
LMO_26Ah,LMO_26Ah,LMO,LMO,True,79.99999794086715,80.32280960600325,85.24307318712121,88.96040427888634,H27733690634,1000.0,True,100.0,0.3228116651361006,3.717331091765132
LMO_26Ah,LMO_26Ah,LMO,LMO,True,41.55420093027903,43.77070975594036,84.84115317685355,86.73291170333566,H27733690394,1000.0,True,100.0,2.216508825661329,1.891758526482107
LMO_26Ah,LMO_26Ah,LMO,LMO,True,60.85579940312864,73.06452400377175,81.40538080040349,90.24925794799825,H27734091346,1000.0,True,100.0,12.208724600643109,8.843877147594753
LMO_26Ah,LMO_26Ah,LMO,LMO,True,89.99999404417134,84.22204142118851,99.84076697020134,97.45571283455267,H27734492478,1000.0,True,100.0,5.777952622982838,2.385054135648673
LMO_26Ah,LMO_25Ah,LMO,LMO,True,46.428099431684736,45.22177481270126,98.93807346363708,89.63306518677985,H27735391963,1000.0,False,100.0,1.2063246189834729,9.305008276857237
LMO_26Ah,LMO_26Ah,LMO,LMO,True,89.99999404417134,84.9725555949392,99.155379385371,93.52905426298366,H27734490172,1000.0,True,100.0,5.02743844923215,5.6263251223873425
LMO_26Ah,LMO_26Ah,LMO,LMO,True,9.099602932994166,10.410791534719877,100.23307292118429,98.35934610666693,H27735076555,1000.0,True,100.0,1.3111886017257106,1.8737268145173545
LFP_35Ah,LFP_35Ah,LFP,LFP,True,54.56280111595269,50.16912482644307,86.32713851992527,90.43550227837709,18号,1000.0,True,100.0,4.393676289509621,4.108363758451816
LFP_35Ah,LFP_35Ah,LFP,LFP,True,52.87640052685941,49.10820400511169,81.82657110327499,81.3766860142778,24号,1000.0,True,100.0,3.7681965217477256,0.44988508899719193
LFP_35Ah,LFP_35Ah,LFP,LFP,True,25.55260241838855,30.388878645101798,84.09142816381119,91.23912514413736,33号,1000.0,True,100.0,4.836276226713249,7.147696980326174
LFP_35Ah,LFP_35Ah,LFP,LFP,True,38.830501216096245,43.59791463958435,88.2471408826189,93.51714086901944,35号,1000.0,True,100.0,4.767413423488108,5.269999986400549
LFP_35Ah,LFP_35Ah,LFP,LFP,True,14.461799111103197,17.823927623416036,87.12485117105062,87.9348161894476,38号,1000.0,True,100.0,3.3621285123128395,0.80996501839698
LFP_35Ah,LFP_35Ah,LFP,LFP,True,5.0000046163318155,4.9957015927058865,85.52485415604023,85.74406332435741,42号,1000.0,True,100.0,0.004303023625928937,0.21920916831717818
LFP_35Ah,LFP_35Ah,LFP,LFP,True,38.75429971153034,35.448779786366416,90.39142373257008,93.01267459529855,44号,1000.0,True,100.0,3.305519925163921,2.6212508627284734
LFP_35Ah,LFP_35Ah,LFP,LFP,True,34.639400806524534,34.16721990319081,88.95542276257589,86.20920458373598,46号,1000.0,True,100.0,0.4721809033337223,2.7462181788399107
LFP_35Ah,LFP_35Ah,LFP,LFP,True,39.11150132652551,43.605133213743514,79.61485770356319,88.32768182583548,7号,1000.0,True,100.0,4.493631887218001,8.712824122272295
LFP_68Ah,LFP_68Ah,LFP,LFP,True,59.840695702347006,59.210967295659756,84.28293786507221,84.82959227402218,02HCB68111211Y88D0001154,1000.0,True,100.0,0.6297284066872493,0.5466544089499621
LFP_68Ah,LFP_68Ah,LFP,LFP,True,49.40099995812712,45.10268525139049,83.80235165018405,83.71583116406981,02HCB68111211Y87Y0009119,1000.0,True,100.0,4.298314706736633,0.08652048611423879
LFP_68Ah,LFP_68Ah,LFP,LFP,True,16.03880155885085,18.308497958445855,82.6247011469057,83.56162376382092,02HCB68111211Y87Y0008126,1000.0,True,100.0,2.2696963995950057,0.9369226169152114
LFP_68Ah,LFP_68Ah,LFP,LFP,True,27.90890181105184,28.022033926351526,81.53514623308816,83.86883583358515,02HCB68111211Y87Y0015279,1000.0,True,100.0,0.1131321152996847,2.333689600496996
LFP_68Ah,LFP_68Ah,LFP,LFP,True,69.99999653173852,74.13906752936896,75.09117543779192,83.9470728966546,02HCB68111211Y86L0002535,1000.0,True,100.0,4.139070997630441,8.855897458862685
LFP_68Ah,LFP_68Ah,LFP,LFP,True,8.13500139574832,10.726010565073347,78.54779186631498,83.43047919673306,02HCB68111211Y87Y0014641,1000.0,True,100.0,2.5910091693250266,4.882687330418079
LFP_68Ah,LFP_68Ah,LFP,LFP,True,31.863299609461187,29.69353708685575,76.97308504265344,83.73583549040636,02HCB68111211Y86X0004792,1000.0,True,100.0,2.1697625226054384,6.7627504477529214
LFP_68Ah,LFP_68Ah,LFP,LFP,True,44.46269869636442,36.75619594691082,85.23190928147962,84.69650295825537,02HCB68111211Y88G0002069,1000.0,True,100.0,7.706502749453598,0.535406323224251
LFP_68Ah,LFP_68Ah,LFP,LFP,True,44.38000045847457,40.38009255192768,82.54852638226058,83.34095720000579,02HCB68111211Y88E0004343,1000.0,True,100.0,3.9999079065468877,0.7924308177452133
LFP_68Ah,LFP_68Ah,LFP,LFP,True,34.24330144638213,34.03044304447433,68.25176350462574,77.74889944894905,02HCB68111211Y86R0006266,1000.0,True,100.0,0.21285840190779481,9.497135944323304
LFP_68Ah,LFP_68Ah,LFP,LFP,True,65.67439927569912,58.524331268873944,85.60896823206804,85.053029241066,02HCB68111211Y88D0003027,1000.0,True,100.0,7.1500680068251725,0.5559389910020371
LFP_68Ah,LFP_68Ah,LFP,LFP,True,52.43750140220706,48.48153705912995,83.1083807995489,84.21140327435216,02HCB68111211Y88E0004542,1000.0,True,100.0,3.955964343077113,1.103022474803268
LFP_68Ah,LFP_68Ah,LFP,LFP,True,39.5792994530596,35.488279328070774,81.17617128710508,83.34978987364288,02HCB68111211Y87Y0012947,1000.0,True,100.0,4.091020124988823,2.173618586537799
LFP_68Ah,LFP_68Ah,LFP,LFP,True,44.48969970535751,41.47764086804547,80.56190991484341,83.24401573528888,02HCB68111211Y88E0004475,1000.0,True,100.0,3.01205883731204,2.6821058204454715
LFP_68Ah,LFP_68Ah,LFP,LFP,True,62.82330124492969,53.38524500873096,83.82176486810033,84.61581695533283,02HCB68111211Y87Y0003936,1000.0,True,100.0,9.438056236198726,0.794052087232501
LFP_68Ah,LFP_68Ah,LFP,LFP,True,50.564998357432486,42.401625158505944,86.852201848961,83.49626302238768,02HCB68111211Y88F0000101,1000.0,True,100.0,8.163373198926543,3.355938826573322
LFP_68Ah,LFP_68Ah,LFP,LFP,True,64.9999971536303,73.86567166021328,70.91867773985592,84.3028966181551,02HCB68111211Y86P0008027,1000.0,True,100.0,8.865674506582977,13.38421887829918
LFP_68Ah,LFP_68Ah,LFP,LFP,True,43.57689926379472,48.68127681009431,71.51896784661925,83.6049963787429,02HCB68111211Y86M0004689,1000.0,True,100.0,5.104377546299588,12.086028532123649
LFP_68Ah,LFP_68Ah,LFP,LFP,True,41.643902856437975,39.67698573307161,77.89132389039165,83.72549822745961,02HCB68111211Y86H0009376,1000.0,True,100.0,1.9669171233663647,5.834174337067964
LFP_68Ah,LFP_68Ah,LFP,LFP,True,57.006596206647345,66.78152852213314,71.28293997378027,85.37691752482343,02HCB68111211Y86P0006552,1000.0,True,100.0,9.774932315485799,14.093977551043153
LFP_68Ah,LFP_68Ah,LFP,LFP,True,24.41099990407093,24.33143906649897,80.76352851871029,83.7591740951119,02HCB68111211Y87Y0008148,1000.0,True,100.0,0.07956083757196097,2.995645576401614
LFP_68Ah,LFP_68Ah,LFP,LFP,True,38.26200102867698,25.72845070509937,83.86073436758568,84.02546953528204,02HCB68111211Y87Y0007299,1000.0,True,100.0,12.533550323577607,0.16473516769636376
LMO_10Ah,LMO_10Ah,LMO,LMO,True,52.672695335349516,53.098975883012514,64.66599634874413,62.92811688164517,PIP15829A00218444,3000.0,True,100.0,0.42628054766299783,1.7378794670989635
LMO_10Ah,LMO_10Ah,LMO,LMO,True,18.115401762916292,18.462262077355145,65.90499817480412,67.25336695588042,PIP15829A00217239,3000.0,True,100.0,0.3468603144388531,1.348368781076303
LMO_10Ah,LMO_10Ah,LMO,LMO,True,35.37670148771982,33.11220181155592,57.502001663419044,56.373989563843274,PIP15828A00225770,3000.0,True,100.0,2.2644996761639007,1.1280120995757699
LMO_10Ah,LMO_25Ah,LMO,LMO,True,65.67439927569912,70.84571046061656,80.47299740603592,89.98615015534037,PIP15710A00246135,3000.0,False,100.0,5.1713111849174425,9.513152749304453
LMO_10Ah,LMO_10Ah,LMO,LMO,True,24.387700702471207,24.406084057721454,88.19599417418095,90.0620542472699,PIP15N21A50200566,3000.0,True,100.0,0.018383355250247035,1.8660600730889456
LMO_10Ah,LMO_10Ah,LMO,LMO,True,37.94840027477962,38.366826709998996,89.06699683856765,89.24292809579268,PIP15D19A03261038,3000.0,True,100.0,0.4184264352193736,0.1759312572250309
LMO_10Ah,LMO_10Ah,LMO,LMO,True,30.690801942620944,30.829437166349727,87.89499662822769,89.06144868031049,PIP15D25A03226076,3000.0,True,100.0,0.13863522372878379,1.1664520520828034
LMO_10Ah,LMO_10Ah,LMO,LMO,True,50.564998357432486,51.53172421414101,86.37399968243484,88.96111700820992,PIP15D01A03250557,3000.0,True,100.0,0.9667258567085213,2.5871173257750826
LMO_10Ah,LMO_26Ah,LMO,LMO,True,55.43259950844851,55.615195477398885,83.32999677321057,97.40379932548932,PIP15D01A03229494,3000.0,False,100.0,0.18259596895037333,14.07380255227875
LMO_10Ah,LMO_10Ah,LMO,LMO,True,47.63939991915674,46.93188149380648,88.51599952186417,87.53039700202815,PIP15D01A03214955,3000.0,True,100.0,0.7075184253502584,0.9856025198360214
LMO_10Ah,LMO_10Ah,LMO,LMO,True,49.833402100745005,50.851599097178834,87.67699884679544,88.54450742998176,PIP15D01A03224640,3000.0,True,100.0,1.0181969964338293,0.8675085831863214
LMO_10Ah,LMO_10Ah,LMO,LMO,True,64.84549419866687,66.19672585748866,87.65499878349092,88.20046596570452,PIP15N15A03208989,3000.0,True,100.0,1.3512316588217885,0.5454671822135992
LMO_10Ah,LMO_10Ah,LMO,LMO,True,63.63550358660503,63.98200841080599,89.95499876135536,90.46934142713162,PIP15D25A03236724,3000.0,True,100.0,0.34650482420095585,0.5143426657762689
LMO_10Ah,LMO_10Ah,LMO,LMO,True,53.381097180470086,53.70355335536827,87.00699502164643,88.70959154136997,PIP15N15A03208683,3000.0,True,100.0,0.32245617489818557,1.7025965197235422
LMO_10Ah,LMO_10Ah,LMO,LMO,True,24.077000908089857,21.454408818748355,90.00099541544847,89.68963135745244,PIP15N30A03228344,3000.0,True,100.0,2.6225920893415022,0.3113640579960304
LMO_10Ah,LMO_10Ah,LMO,LMO,True,16.92310209601447,16.050848433256128,69.437998064225,74.40011763901725,PIP15829A00218512,3000.0,True,100.0,0.872253662758343,4.962119574792254
LMO_10Ah,LMO_10Ah,LMO,LMO,True,25.680200864041012,21.652412901890724,89.01899701665513,88.97479926101892,PIP15N15A03208672,3000.0,True,100.0,4.027787962150288,0.04419775563621897
LMO_10Ah,LMO_10Ah,LMO,LMO,True,40.14490277950498,39.02237922749434,90.61599607837498,89.33102732162756,PIP15D15A03236823,3000.0,True,100.0,1.122523552010641,1.2849687567474177
LMO_10Ah,LMO_10Ah,LMO,LMO,True,74.34220101829476,74.26886125988607,89.38799760413491,88.98824815347265,PIP15512A50200153,3000.0,True,100.0,0.073339758408693,0.39974945066225587
LMO_10Ah,LMO_10Ah,LMO,LMO,True,25.66410166621489,23.693330110098827,61.937998617589926,59.233553207171255,PIP15829A00217327,3000.0,True,100.0,1.9707715561160626,2.7044454104186713
LMO_10Ah,LMO_10Ah,LMO,LMO,True,85.0000026247998,81.30955765448786,92.3849959512275,87.89412389844371,PIP15D26A03256484,3000.0,True,100.0,3.690444970311944,4.490872052783786
LMO_10Ah,LMO_10Ah,LMO,LMO,True,85.0000026247998,79.59170148516482,91.84699851382803,89.79594755270215,PIP15D28A03264309,3000.0,True,100.0,5.408301139634986,2.051050961125881
LMO_10Ah,LMO_10Ah,LMO,LMO,True,43.991100770491734,43.79336131534362,89.75499502379529,89.23759843618797,PIP15N08A03232188,3000.0,True,100.0,0.19773945514811686,0.5173965876073225
LMO_10Ah,LMO_10Ah,LMO,LMO,True,56.435900402749404,57.176889295162916,88.25699956711344,89.08990662781004,PIP15N14A03236503,3000.0,True,100.0,0.7409888924135117,0.8329070606965985
LMO_10Ah,LMO_10Ah,LMO,LMO,True,55.74399834520065,56.32339702764661,92.64899734329462,90.73214060230066,PIP16N1700C039158,3000.0,True,100.0,0.5793986824459552,1.916856740993964
LMO_10Ah,LMO_10Ah,LMO,LMO,True,52.8222970349807,52.47896111443029,89.88499887613833,89.04427424353979,PIP15N12A03225967,3000.0,True,100.0,0.34333592055040896,0.8407246325985369
NMC_15Ah,NMC_15Ah,NMC,NMC,True,5.0000046163318155,5.407743960467282,76.45000053354094,78.16164941132818,PJP17601529001A009420,3000.0,True,100.0,0.4077393441354662,1.7116488777872405
NMC_15Ah,NMC_15Ah,NMC,NMC,True,35.356602693103284,35.46551535151207,75.6493310359627,77.23567109467957,PJP17601527001A008674,3000.0,True,100.0,0.10891265840878361,1.5863400587168712
NMC_15Ah,NMC_15Ah,NMC,NMC,True,19.951500882936887,20.255086893191883,77.35932868370213,77.77669273050441,PJP17601529001A010983,3000.0,True,100.0,0.3035860102549961,0.4173640468022768
NMC_15Ah,NMC_15Ah,NMC,NMC,True,69.99999653173852,70.34341867193618,77.14800032857558,78.58343655386173,PJP17601527001A011451,3000.0,True,100.0,0.34342214019766004,1.4354362252861534
NMC_15Ah,NMC_15Ah,NMC,NMC,True,50.95099774912738,52.164616218654345,76.80933310901158,78.62746260939913,PJP17601529001A010816,3000.0,True,100.0,1.2136184695269634,1.8181295003875562
NMC_15Ah,NMC_15Ah,NMC,NMC,True,64.9999971536303,65.9723664178655,75.51599563253126,77.73682542211154,PJP17601527001A007049,3000.0,True,100.0,0.9723692642351978,2.2208297895802787
NMC_15Ah,NMC_15Ah,NMC,NMC,True,41.95410025556707,42.67022920495857,77.15599971918252,78.04055562414929,PJP17601529001A003328,3000.0,True,100.0,0.7161289493914964,0.8845559049667742
NMC_15Ah,NMC_15Ah,NMC,NMC,True,46.82410030246086,48.065466244157705,76.45666426813065,78.19141392385215,PJP17601529003A008872,3000.0,True,100.0,1.2413659416968414,1.734749655721501
NMC_15Ah,NMC_15Ah,NMC,NMC,True,23.604701618548173,24.84976903602435,76.25332897948218,79.61603494015223,PJP17601527003A009249,3000.0,True,100.0,1.2450674174761787,3.3627059606700556
NMC_15Ah,NMC_15Ah,NMC,NMC,True,64.9999971536303,67.62666676905877,75.41066220690784,77.99573209596144,PJP17601527001A008438,3000.0,True,100.0,2.6266696154284688,2.5850698890535995
NMC_15Ah,NMC_15Ah,NMC,NMC,True,15.250300334977023,14.954779177880367,76.00799641583761,77.75060063961492,PJP17530529002A009949,3000.0,True,100.0,0.2955211570966565,1.742604223777306
NMC_15Ah,NMC_15Ah,NMC,NMC,True,27.26530265280591,25.112716410389186,76.32466388830355,75.71146307245328,PJP17601529001A010435,3000.0,True,100.0,2.1525862424167244,0.6132008158502629
NMC_15Ah,NMC_15Ah,NMC,NMC,True,47.527301113167965,46.62463579113966,80.00799780714402,78.27058759040716,PJP17930O01003A016716,3000.0,True,100.0,0.9026653220283052,1.737410216736862
NMC_15Ah,NMC_15Ah,NMC,NMC,True,41.72750142641355,42.99808985947634,75.98000012974555,78.3492660776717,PJP17601529003A008762,3000.0,True,100.0,1.270588433062784,2.369265947926152
NMC_15Ah,NMC_15Ah,NMC,NMC,True,29.79689918966566,30.13580275711927,75.26066715079567,76.31148503615255,PJP17601529003A008717,3000.0,True,100.0,0.3389035674536096,1.050817885356878
NMC_21Ah,NMC_21Ah,NMC,NMC,True,48.708301363683375,56.69336022818068,77.00523564899981,82.80997140333545,02LCC02100101A8BC0104122,3000.0,True,100.0,7.985058864497304,5.804735754335638
NMC_21Ah,NMC_21Ah,NMC,NMC,True,41.72750142641355,41.7719454990808,99.73428381794949,99.75329541415677,02LCC02100101A87Y0163477,3000.0,True,100.0,0.044444072667246814,0.019011596207278103
NMC_21Ah,NMC_21Ah,NMC,NMC,True,41.64969946964553,40.99860019693076,100.02142962444005,99.75992563086346,02LCC02100101A87Y0013547,3000.0,True,100.0,0.6510992727147737,0.26150399357658216
NMC_21Ah,NMC_21Ah,NMC,NMC,True,69.99999653173852,68.80072368505816,101.11618692476883,99.67299415542432,02LCC02100101A87Y0027455,3000.0,True,100.0,1.1992728466803584,1.4431927693445061
NMC_21Ah,NMC_21Ah,NMC,NMC,True,69.99999653173852,68.95361632230217,100.6080937631413,99.31372292400371,02LCC02100101A87Y0010456,3000.0,True,100.0,1.0463802094363501,1.294370839137585
NMC_21Ah,NMC_21Ah,NMC,NMC,True,69.99999653173852,70.03252388850643,98.91618565361999,99.84128934324596,02LCC02100101A87Y0184257,3000.0,True,100.0,0.03252735676791474,0.9251036896259706
NMC_21Ah,NMC_21Ah,NMC,NMC,True,55.92349703913051,54.44033074962754,100.59999887818844,100.69253732628323,02LCC02100101A87Y0173907,3000.0,True,100.0,1.483166289502968,0.09253844809478551
NMC_21Ah,NMC_21Ah,NMC,NMC,True,46.949499483880345,46.14740606423127,99.18856714885197,99.69565983329234,02LCC02100101A87Y0085499,3000.0,True,100.0,0.8020934196490757,0.5070926844403658
NMC_21Ah,NMC_21Ah,NMC,NMC,True,56.198899836382985,55.32755612251719,99.26904548319277,100.21968221071616,02LCC02100101A87Y0055909,3000.0,True,100.0,0.871343713865798,0.9506367275233885
NMC_21Ah,NMC_21Ah,NMC,NMC,True,20.500100580928294,20.234853131665997,83.75523416282624,85.4152995324997,02LCC02100101A87B0101984,3000.0,True,100.0,0.26524744926229715,1.660065369673461
LMO_24Ah,LMO_24Ah,LMO,LMO,True,41.643902856437975,44.83462737324181,76.34124575419918,79.43863585261661,A170530525010800528,3000.0,True,100.0,3.190724516803833,3.097390098417435
LMO_24Ah,LMO_24Ah,LMO,LMO,True,74.99999856275895,6.355977029296356,79.57207939865172,80.62190629301477,A170530525010800027,3000.0,True,100.0,68.64402153346259,1.0498268943630507
LMO_24Ah,LMO_24Ah,LMO,LMO,True,60.85579940312864,59.97850653360244,79.88583239632818,79.20807076229505,A170528511010802426,3000.0,True,100.0,0.877292869526201,0.677761634033132
LMO_24Ah,LMO_24Ah,LMO,LMO,True,46.791699622251606,48.0588273313193,74.20832957727146,76.13448468494214,A170526507010800030,3000.0,True,100.0,1.2671277090676938,1.9261551076706809
LMO_24Ah,LMO_24Ah,LMO,LMO,True,65.67439927569912,63.88704211195426,81.9745813315415,80.48582273938311,A170530525010800523,3000.0,True,100.0,1.7873571637448578,1.4887585921583906
LMO_24Ah,LMO_24Ah,LMO,LMO,True,37.1305022963682,36.06000015092893,78.98291722904705,80.15021481715969,A170528511010800172,3000.0,True,100.0,1.0705021454392707,1.1672975881126462
LMO_24Ah,LMO_24Ah,LMO,LMO,True,38.26200102867698,37.920971649497574,79.26375060630659,80.37734527309227,A170530525010800543,3000.0,True,100.0,0.34102937917940324,1.113594666785687
LMO_24Ah,LMO_24Ah,LMO,LMO,True,44.114199213785696,41.77483302822868,78.65249920318031,74.87751727358987,A170527511010800648,3000.0,True,100.0,2.3393661855570187,3.7749819295904388
LMO_24Ah,LMO_24Ah,LMO,LMO,True,23.095200540901402,22.606897558373625,79.1762448999661,81.66445079488145,A170530525010800530,3000.0,True,100.0,0.4883029825277774,2.488205894915353
LMO_24Ah,LMO_24Ah,LMO,LMO,True,21.101602001561332,20.15318057596442,80.67708368498764,80.1192265856995,A170526511010800410,3000.0,True,100.0,0.9484214255969121,0.5578570992881424
LMO_24Ah,LMO_24Ah,LMO,LMO,True,69.99999653173852,74.66172307227417,75.8099955298905,78.34289451783576,A170523507010800997,3000.0,True,100.0,4.661726540535653,2.5328989879452593
LMO_24Ah,LMO_24Ah,LMO,LMO,True,74.99999856275895,75.0122364468443,81.11541632967582,81.3840137823988,A170525507010800584,3000.0,True,100.0,0.012237884085351425,0.26859745272297175
LMO_24Ah,LMO_24Ah,LMO,LMO,True,49.40099995812712,54.417014304098366,79.19208209968735,83.0239641930063,A170530525010800427,3000.0,True,100.0,5.016014345971243,3.8318820933189386
LMO_24Ah,LMO_24Ah,LMO,LMO,True,69.99999653173852,74.70612221124064,73.4933305238358,78.97665064975033,A170528511010800479,3000.0,True,100.0,4.706125679502122,5.483320125914531
LMO_24Ah,LMO_24Ah,LMO,LMO,True,57.006596206647345,64.70188144837941,72.01916470094038,80.55156553725168,A170530525010800449,3000.0,True,100.0,7.695285241732066,8.532400836311297
LMO_24Ah,LMO_24Ah,LMO,LMO,True,31.863299609461187,29.32543026164982,75.95833366423889,70.81158241192949,A170529511010800365,3000.0,True,100.0,2.537869347811366,5.1467512523094
LMO_25Ah,LMO_25Ah,LMO,LMO,True,38.062501366268805,39.47012884038887,92.11839660702083,95.04516613543133,515092905216,3000.0,True,100.0,1.407627474120062,2.926769528410503
LMO_25Ah,LMO_25Ah,LMO,LMO,True,22.88470256764415,21.47223506243174,87.47679874503397,86.80633578812905,515093005020,3000.0,True,100.0,1.4124675052124118,0.6704629569049274
LMO_25Ah,LMO_25Ah,LMO,LMO,True,41.55420093027903,44.072298454905365,83.84559477856742,87.39470396335417,515093000439,3000.0,True,100.0,2.5180975246263344,3.549109184786758
LMO_25Ah,LMO_25Ah,LMO,LMO,True,50.48199868239127,47.37420486491085,91.85159425827743,91.32971892260478,515092905212,3000.0,True,100.0,3.1077938174804203,0.5218753356726467
LMO_25Ah,LMO_25Ah,LMO,LMO,True,65.67439927569912,65.89342370884152,84.35679992543416,83.29299129123433,515093004482,3000.0,True,100.0,0.21902443314240827,1.0638086341998303
LMO_25Ah,LMO_25Ah,LMO,LMO,True,6.929202384999056,9.598575928483404,52.694398896880614,58.891427953941445,515093001608,3000.0,True,100.0,2.6693735434843484,6.197029057060831
LMO_25Ah,LMO_25Ah,LMO,LMO,True,47.2815008369574,52.413802937317755,88.47479497642186,94.72735589287868,515093003101,3000.0,True,100.0,5.132302100360356,6.252560916456815
LMO_25Ah,LMO_25Ah,LMO,LMO,True,24.077000908089857,24.744392709609016,92.00799692176012,94.34432617412142,515093004064,3000.0,True,100.0,0.6673918015191589,2.3363292523612955
LMO_25Ah,LMO_25Ah,LMO,LMO,True,29.79689918966566,29.700486390424263,70.58879600011731,66.61367752626056,515093000629,3000.0,True,100.0,0.09641279924139567,3.975118473856753
LMO_25Ah,LMO_25Ah,LMO,LMO,True,74.99999856275895,73.01751705208994,81.8831956140364,83.05793385597036,515091901822,3000.0,True,100.0,1.982481510669004,1.1747382419339658
LMO_25Ah,NMC_21Ah,LMO,NMC,False,8.617300837915131,10.153329056376387,88.61359632443516,82.21507862435573,515100102065,3000.0,False,100.0,1.5360282184612561,6.398517700079438
LMO_25Ah,LMO_24Ah,LMO,LMO,True,70.00830014699694,59.124193189753086,88.87799645282749,70.91505274918796,515093002646,3000.0,False,100.0,10.884106957243858,17.962943703639525
LMO_25Ah,LMO_25Ah,LMO,LMO,True,74.99999856275895,69.25203976537094,79.54360026532048,81.20348962658235,515100101320,3000.0,True,100.0,5.747958797388009,1.6598893612618753
LMO_25Ah,LMO_25Ah,LMO,LMO,True,21.692401574286222,20.083516427440877,83.6023959760034,83.0700378433684,515093000663,3000.0,True,100.0,1.6088851468453456,0.5323581326349967
LMO_25Ah,LMO_25Ah,LMO,LMO,True,55.00000105032612,56.65258629376713,60.88039936884637,67.99584118718933,515092901155,3000.0,True,100.0,1.6525852434410098,7.115441818342958
LMO_26Ah,LMO_26Ah,LMO,LMO,True,8.376103364411708,9.744202239148219,83.8830741947137,83.23572472328947,H27734091053,3000.0,True,100.0,1.3680988747365106,0.6473494714242349
LMO_26Ah,LMO_26Ah,LMO,LMO,True,49.40099995812712,60.8266730798308,80.00807527772267,92.06779472228499,H27733591038,3000.0,True,100.0,11.425673121703674,12.059719444562319
LMO_26Ah,LMO_26Ah,LMO,LMO,True,44.48969970535751,55.954995065955856,79.2303838699786,81.49216618846575,H27734091304,3000.0,True,100.0,11.465295360598347,2.2617823184871497
LMO_26Ah,LMO_26Ah,LMO,LMO,True,72.82489440139221,77.65993039164114,98.36614833967889,95.85539581862147,H27735490851,3000.0,True,100.0,4.835035990248926,2.5107525210574124
LMO_26Ah,LMO_26Ah,LMO,LMO,True,70.00830014699694,73.77624198917124,88.77884423076107,90.9437016853696,H27733490499,3000.0,True,100.0,3.767941842174295,2.164857454608537
LMO_26Ah,LMO_26Ah,LMO,LMO,True,53.6027015707495,61.661291203335566,95.02961257288986,100.46320164661387,H27735376790,3000.0,True,100.0,8.058589632586063,5.433589073724008
LMO_26Ah,LMO_26Ah,LMO,LMO,True,43.01369793692715,46.94752903332661,92.50730523597511,98.26384670143548,H27735376805,3000.0,True,100.0,3.9338310963994587,5.756541465460373
LMO_26Ah,LMO_26Ah,LMO,LMO,True,59.726499769245834,73.50119335570055,81.98538167882471,94.85520448210302,H27735290390,3000.0,True,100.0,13.774693586454717,12.86982280327831
LMO_26Ah,LMO_26Ah,LMO,LMO,True,79.99999794086715,79.5678279280688,85.24307318712121,88.5652717585052,H27733690634,3000.0,True,100.0,0.4321700127983519,3.3221985713839928
LMO_26Ah,LMO_26Ah,LMO,LMO,True,41.55420093027903,45.80445813209349,84.84115317685355,86.09828964007565,H27733690394,3000.0,True,100.0,4.250257201814456,1.2571364632220963
LMO_26Ah,LMO_26Ah,LMO,LMO,True,60.85579940312864,68.76555933354045,81.40538080040349,86.50551674071312,H27734091346,3000.0,True,100.0,7.909759930411809,5.100135940309627
LMO_26Ah,LMO_26Ah,LMO,LMO,True,89.99999404417134,84.71142944481555,99.84076697020134,95.75222524507141,H27734492478,3000.0,True,100.0,5.288564599355794,4.088541725129929
LMO_26Ah,LMO_26Ah,LMO,LMO,True,46.428099431684736,46.46578736595471,98.93807346363708,98.86934283108414,H27735391963,3000.0,True,100.0,0.03768793426997519,0.06873063255294198
LMO_26Ah,LMO_26Ah,LMO,LMO,True,89.99999404417134,84.43815826253437,99.155379385371,92.7341643867792,H27734490172,3000.0,True,100.0,5.561835781636972,6.421214998591807
LMO_26Ah,LMO_26Ah,LMO,LMO,True,9.099602932994166,10.334623771881313,100.23307292118429,97.60678868428863,H27735076555,3000.0,True,100.0,1.2350208388871469,2.626284236895657
LFP_35Ah,LFP_35Ah,LFP,LFP,True,54.56280111595269,48.73330439815841,86.32713851992527,89.3889955516705,18号,3000.0,True,100.0,5.829496717794278,3.061857031745234
LFP_35Ah,LFP_35Ah,LFP,LFP,True,52.87640052685941,48.17517941882982,81.82657110327499,80.23747166902918,24号,3000.0,True,100.0,4.701221108029593,1.58909943424581
LFP_35Ah,LFP_35Ah,LFP,LFP,True,25.55260241838855,29.377313929225824,84.09142816381119,90.41501905738191,33号,3000.0,True,100.0,3.8247115108372753,6.323590893570724
LFP_35Ah,LFP_35Ah,LFP,LFP,True,38.830501216096245,41.52257025784253,88.2471408826189,90.05711699986153,35号,3000.0,True,100.0,2.6920690417462865,1.8099761172426412
LFP_35Ah,LFP_35Ah,LFP,LFP,True,14.461799111103197,18.501957602949986,87.12485117105062,90.04206367591364,38号,3000.0,True,100.0,4.040158491846789,2.9172125048630164
LFP_35Ah,LFP_35Ah,LFP,LFP,True,5.0000046163318155,5.204212534708002,85.52485415604023,87.12394429097074,42号,3000.0,True,100.0,0.2042079183761869,1.5990901349305062
LFP_35Ah,LFP_35Ah,LFP,LFP,True,38.75429971153034,38.09769589466306,90.39142373257008,90.78517980630278,44号,3000.0,True,100.0,0.6566038168672748,0.39375607373270327
LFP_35Ah,LFP_35Ah,LFP,LFP,True,34.639400806524534,35.510949126245556,88.95542276257589,85.6948276095606,46号,3000.0,True,100.0,0.8715483197210219,3.260595153015288
LFP_35Ah,LFP_35Ah,LFP,LFP,True,39.11150132652551,41.072312357892784,79.61485770356319,86.71748082889427,7号,3000.0,True,100.0,1.960811031367271,7.102623125331078
LFP_68Ah,LFP_68Ah,LFP,LFP,True,59.840695702347006,63.56515896609627,84.28293786507221,85.49482458346502,02HCB68111211Y88D0001154,3000.0,True,100.0,3.7244632637492643,1.2118867183928046
LFP_68Ah,LFP_68Ah,LFP,LFP,True,49.40099995812712,45.96403809782396,83.80235165018405,84.48355481585924,02HCB68111211Y87Y0009119,3000.0,True,100.0,3.436961860303164,0.6812031656751856
LFP_68Ah,LFP_68Ah,LFP,LFP,True,16.03880155885085,20.88902414512114,82.6247011469057,84.92907275790273,02HCB68111211Y87Y0008126,3000.0,True,100.0,4.8502225862702915,2.3043716109970234
LFP_68Ah,LFP_68Ah,LFP,LFP,True,27.90890181105184,31.666712181445977,81.53514623308816,83.19088238081824,02HCB68111211Y87Y0015279,3000.0,True,100.0,3.757810370394136,1.6557361477300816
LFP_68Ah,LFP_68Ah,LFP,LFP,True,69.99999653173852,74.98889347219288,75.09117543779192,83.68956816359763,02HCB68111211Y86L0002535,3000.0,True,100.0,4.988896940454367,8.59839272580571
LFP_68Ah,LFP_68Ah,LFP,LFP,True,8.13500139574832,10.305956402398063,78.54779186631498,84.28633439658476,02HCB68111211Y87Y0014641,3000.0,True,100.0,2.170955006649743,5.738542530269783
LFP_68Ah,LFP_68Ah,LFP,LFP,True,31.863299609461187,34.54856575523229,76.97308504265344,83.87730453384292,02HCB68111211Y86X0004792,3000.0,True,100.0,2.6852661457711022,6.90421949118948
LFP_68Ah,LFP_68Ah,LFP,LFP,True,44.46269869636442,43.807413128161535,85.23190928147962,84.88670338697429,02HCB68111211Y88G0002069,3000.0,True,100.0,0.6552855682028849,0.3452058945053267
LFP_68Ah,LFP_68Ah,LFP,LFP,True,44.38000045847457,44.79589419155591,82.54852638226058,84.66071079992854,02HCB68111211Y88E0004343,3000.0,True,100.0,0.41589373308134014,2.1121844176679616
LFP_68Ah,LFP_68Ah,LFP,LFP,True,34.24330144638213,38.138073716120296,68.25176350462574,83.4968909293328,02HCB68111211Y86R0006266,3000.0,True,100.0,3.8947722697381693,15.245127424707064
LFP_68Ah,LFP_68Ah,LFP,LFP,True,65.67439927569912,51.73605416647945,85.60896823206804,84.78232952932942,02HCB68111211Y88D0003027,3000.0,True,100.0,13.938345109219668,0.8266387027386202
LFP_68Ah,LFP_68Ah,LFP,LFP,True,52.43750140220706,52.00052033309204,83.1083807995489,84.49269069194982,02HCB68111211Y88E0004542,3000.0,True,100.0,0.43698106911502066,1.3843098924009212
LFP_68Ah,LFP_68Ah,LFP,LFP,True,39.5792994530596,39.59596844668914,81.17617128710508,84.81385930384985,02HCB68111211Y87Y0012947,3000.0,True,100.0,0.016668993629544104,3.637688016744775
LFP_68Ah,LFP_68Ah,LFP,LFP,True,44.48969970535751,45.92283372840221,80.56190991484341,84.44045483018024,02HCB68111211Y88E0004475,3000.0,True,100.0,1.4331340230447012,3.878544915336832
LFP_68Ah,LFP_68Ah,LFP,LFP,True,62.82330124492969,52.62281527973004,83.82176486810033,84.62425132742858,02HCB68111211Y87Y0003936,3000.0,True,100.0,10.200485965199647,0.8024864593282501
LFP_68Ah,LFP_68Ah,LFP,LFP,True,50.564998357432486,46.24549019817324,86.852201848961,84.91034234827532,02HCB68111211Y88F0000101,3000.0,True,100.0,4.319508159259243,1.9418595006856805
LFP_68Ah,LFP_68Ah,LFP,LFP,True,64.9999971536303,73.89967403617727,70.91867773985592,83.62193322589714,02HCB68111211Y86P0008027,3000.0,True,100.0,8.89967688254697,12.703255486041215
LFP_68Ah,LFP_68Ah,LFP,LFP,True,43.57689926379472,47.43234741564929,71.51896784661925,84.09958095406903,02HCB68111211Y86M0004689,3000.0,True,100.0,3.855448151854567,12.580613107449778
LFP_68Ah,LFP_68Ah,LFP,LFP,True,41.643902856437975,44.908350477466755,77.89132389039165,84.28425187082951,02HCB68111211Y86H0009376,3000.0,True,100.0,3.264447621028779,6.392927980437861
LFP_68Ah,LFP_68Ah,LFP,LFP,True,57.006596206647345,67.8698141330462,71.28293997378027,85.18119387863058,02HCB68111211Y86P0006552,3000.0,True,100.0,10.86321792639886,13.898253904850307
LFP_68Ah,LFP_68Ah,LFP,LFP,True,24.41099990407093,28.80728931212034,80.76352851871029,84.20009434976562,02HCB68111211Y87Y0008148,3000.0,True,100.0,4.396289408049409,3.436565831055333
LFP_68Ah,LFP_68Ah,LFP,LFP,True,38.26200102867698,38.11634553597771,83.86073436758568,83.71172822736254,02HCB68111211Y87Y0007299,3000.0,True,100.0,0.14565549269926947,0.14900614022313619
LMO_10Ah,LMO_10Ah,LMO,LMO,True,52.672695335349516,52.49057291123097,64.66599634874413,63.30181092136539,PIP15829A00218444,5000.0,True,100.0,0.18212242411854618,1.364185427378743
LMO_10Ah,LMO_10Ah,LMO,LMO,True,18.115401762916292,16.536010367711704,65.90499817480412,65.64611237057947,PIP15829A00217239,5000.0,True,100.0,1.5793913952045884,0.25888580422464713
LMO_10Ah,LMO_10Ah,LMO,LMO,True,35.37670148771982,33.326608187745904,57.502001663419044,56.488304517287034,PIP15828A00225770,5000.0,True,100.0,2.0500932999739163,1.0136971461320101
LMO_10Ah,LMO_25Ah,LMO,LMO,True,65.67439927569912,70.14499675511865,80.47299740603592,92.43715546890388,PIP15710A00246135,5000.0,False,100.0,4.4705974794195384,11.964158062867966
LMO_10Ah,LMO_10Ah,LMO,LMO,True,24.387700702471207,20.38946087666225,88.19599417418095,89.53495771080266,PIP15N21A50200566,5000.0,True,100.0,3.998239825808959,1.338963536621705
LMO_10Ah,LMO_10Ah,LMO,LMO,True,37.94840027477962,38.51121809002394,89.06699683856765,88.86385190619814,PIP15D19A03261038,5000.0,True,100.0,0.5628178152443155,0.20314493236951137
LMO_10Ah,LMO_10Ah,LMO,LMO,True,30.690801942620944,30.439395399654824,87.89499662822769,88.78875003001569,PIP15D25A03226076,5000.0,True,100.0,0.2514065429661194,0.893753401788004
LMO_10Ah,LMO_10Ah,LMO,LMO,True,50.564998357432486,51.698541987644255,86.37399968243484,89.17688300456415,PIP15D01A03250557,5000.0,True,100.0,1.1335436302117685,2.802883322129304
LMO_10Ah,LMO_26Ah,LMO,LMO,True,55.43259950844851,57.340906919814636,83.32999677321057,98.4417039721077,PIP15D01A03229494,5000.0,False,100.0,1.908307411366124,15.111707198897136
LMO_10Ah,LMO_10Ah,LMO,LMO,True,47.63939991915674,46.532048491324026,88.51599952186417,87.7905201220661,PIP15D01A03214955,5000.0,True,100.0,1.107351427832711,0.7254793997980755
LMO_10Ah,LMO_10Ah,LMO,LMO,True,49.833402100745005,51.44542630597838,87.67699884679544,89.32705956317488,PIP15D01A03224640,5000.0,True,100.0,1.612024205233375,1.6500607163794427
LMO_10Ah,LMO_10Ah,LMO,LMO,True,64.84549419866687,65.59795560998933,87.65499878349092,87.95318999725839,PIP15N15A03208989,5000.0,True,100.0,0.7524614113224573,0.29819121376746693
LMO_10Ah,LMO_10Ah,LMO,LMO,True,63.63550358660503,64.44528381942067,89.95499876135536,90.20768502204929,PIP15D25A03236724,5000.0,True,100.0,0.8097802328156334,0.25268626069393463
LMO_10Ah,LMO_10Ah,LMO,LMO,True,53.381097180470086,53.74887305487617,87.00699502164643,88.49233937473142,PIP15N15A03208683,5000.0,True,100.0,0.3677758744060853,1.485344353084983
LMO_10Ah,LMO_10Ah,LMO,LMO,True,24.077000908089857,20.797977524079094,90.00099541544847,89.4982183165486,PIP15N30A03228344,5000.0,True,100.0,3.279023384010763,0.5027770988998697
LMO_10Ah,LMO_10Ah,LMO,LMO,True,16.92310209601447,14.631211432760683,69.437998064225,72.2402056531846,PIP15829A00218512,5000.0,True,100.0,2.2918906632537883,2.802207588959604
LMO_10Ah,LMO_10Ah,LMO,LMO,True,25.680200864041012,21.026756715466,89.01899701665513,88.1212878722593,PIP15N15A03208672,5000.0,True,100.0,4.653444148575012,0.8977091443958329
LMO_10Ah,LMO_10Ah,LMO,LMO,True,40.14490277950498,39.80896542180884,90.61599607837498,89.26037952940786,PIP15D15A03236823,5000.0,True,100.0,0.33593735769613886,1.3556165489671201
LMO_10Ah,LMO_10Ah,LMO,LMO,True,74.34220101829476,72.59752390639579,89.38799760413491,88.92874632217888,PIP15512A50200153,5000.0,True,100.0,1.744677111898966,0.4592512819560284
LMO_10Ah,LMO_10Ah,LMO,LMO,True,25.66410166621489,23.65044180464344,61.937998617589926,59.2773642423271,PIP15829A00217327,5000.0,True,100.0,2.013659861571451,2.6606343752628234
LMO_10Ah,LMO_10Ah,LMO,LMO,True,85.0000026247998,82.36761333061824,92.3849959512275,88.86340226063551,PIP15D26A03256484,5000.0,True,100.0,2.6323892941815643,3.5215936905919847
LMO_10Ah,LMO_10Ah,LMO,LMO,True,85.0000026247998,82.59281109050391,91.84699851382803,89.96044952802791,PIP15D28A03264309,5000.0,True,100.0,2.4071915342958903,1.8865489858001183
LMO_10Ah,LMO_10Ah,LMO,LMO,True,43.991100770491734,43.30730435462676,89.75499502379529,88.89237183016058,PIP15N08A03232188,5000.0,True,100.0,0.6837964158649754,0.862623193634704
LMO_10Ah,LMO_10Ah,LMO,LMO,True,56.435900402749404,56.31963254520197,88.25699956711344,88.24601993077678,PIP15N14A03236503,5000.0,True,100.0,0.11626785754743452,0.010979636336656995
LMO_10Ah,LMO_10Ah,LMO,LMO,True,55.74399834520065,55.20670535910427,92.64899734329462,89.75085018973427,PIP16N1700C039158,5000.0,True,100.0,0.5372929860963822,2.898147153560359
LMO_10Ah,LMO_10Ah,LMO,LMO,True,52.8222970349807,51.87373765794818,89.88499887613833,88.49337842910468,PIP15N12A03225967,5000.0,True,100.0,0.9485593770325167,1.3916204470336453
NMC_15Ah,NMC_15Ah,NMC,NMC,True,5.0000046163318155,4.788286303451928,76.45000053354094,77.9514518104435,PJP17601529001A009420,5000.0,True,100.0,0.21171831287988763,1.5014512769025572
NMC_15Ah,NMC_15Ah,NMC,NMC,True,35.356602693103284,35.72282230287648,75.6493310359627,77.50722096696524,PJP17601527001A008674,5000.0,True,100.0,0.36621960977319645,1.857889931002532
NMC_15Ah,NMC_15Ah,NMC,NMC,True,19.951500882936887,19.865502753855477,77.35932868370213,77.71597919611925,PJP17601529001A010983,5000.0,True,100.0,0.08599812908141047,0.35665051241711865
NMC_15Ah,NMC_15Ah,NMC,NMC,True,69.99999653173852,70.71624834412735,77.14800032857558,78.4719826363185,PJP17601527001A011451,5000.0,True,100.0,0.7162518123888333,1.3239823077429236
NMC_15Ah,NMC_15Ah,NMC,NMC,True,50.95099774912738,51.164240823307516,76.80933310901158,78.26635042406464,PJP17601529001A010816,5000.0,True,100.0,0.21324307418013433,1.457017315053065
NMC_15Ah,NMC_15Ah,NMC,NMC,True,64.9999971536303,66.59488288267414,75.51599563253126,78.02131762412849,PJP17601527001A007049,5000.0,True,100.0,1.5948857290438383,2.505321991597228
NMC_15Ah,NMC_15Ah,NMC,NMC,True,41.95410025556707,42.6386487720473,77.15599971918252,78.42387182594433,PJP17601529001A003328,5000.0,True,100.0,0.684548516480227,1.2678721067618142
NMC_15Ah,NMC_15Ah,NMC,NMC,True,46.82410030246086,47.96243840828791,76.45666426813065,78.79969709709354,PJP17601529003A008872,5000.0,True,100.0,1.1383381058270459,2.3430328289628903
NMC_15Ah,NMC_15Ah,NMC,NMC,True,23.604701618548173,25.224983676304124,76.25332897948218,79.6027830443128,PJP17601527003A009249,5000.0,True,100.0,1.6202820577559507,3.349454064830624
NMC_15Ah,NMC_15Ah,NMC,NMC,True,64.9999971536303,67.75863854051109,75.41066220690784,78.27989164879986,PJP17601527001A008438,5000.0,True,100.0,2.7586413868807824,2.869229441892017
NMC_15Ah,NMC_15Ah,NMC,NMC,True,15.250300334977023,15.052995294205452,76.00799641583761,77.88726569689612,PJP17530529002A009949,5000.0,True,100.0,0.19730504077157107,1.8792692810585123
NMC_15Ah,NMC_15Ah,NMC,NMC,True,27.26530265280591,25.723380989840948,76.32466388830355,75.85129082658209,PJP17601529001A010435,5000.0,True,100.0,1.5419216629649632,0.47337306172146043
NMC_15Ah,NMC_15Ah,NMC,NMC,True,47.527301113167965,46.73675913656649,80.00799780714402,78.05055786636918,PJP17930O01003A016716,5000.0,True,100.0,0.7905419766014745,1.9574399407748473
NMC_15Ah,NMC_15Ah,NMC,NMC,True,41.72750142641355,42.56196319390418,75.98000012974555,78.01794559861531,PJP17601529003A008762,5000.0,True,100.0,0.8344617674906232,2.037945468869765
NMC_15Ah,NMC_15Ah,NMC,NMC,True,29.79689918966566,29.982990370470024,75.26066715079567,76.48679937460636,PJP17601529003A008717,5000.0,True,100.0,0.1860911808043646,1.2261322238106942
NMC_21Ah,NMC_21Ah,NMC,NMC,True,48.708301363683375,54.39216712821644,77.00523564899981,81.77923816075176,02LCC02100101A8BC0104122,5000.0,True,100.0,5.683865764533067,4.774002511751945
NMC_21Ah,NMC_21Ah,NMC,NMC,True,41.72750142641355,41.09392928152901,99.73428381794949,99.72288394324946,02LCC02100101A87Y0163477,5000.0,True,100.0,0.6335721448845462,0.011399874700032342
NMC_21Ah,NMC_21Ah,NMC,NMC,True,41.64969946964553,40.45444437562363,100.02142962444005,99.83027903488428,02LCC02100101A87Y0013547,5000.0,True,100.0,1.1952550940219027,0.19115058955576103
NMC_21Ah,NMC_21Ah,NMC,NMC,True,69.99999653173852,68.65275750581254,101.11618692476883,99.66771224299258,02LCC02100101A87Y0027455,5000.0,True,100.0,1.3472390259259726,1.448474681776247
NMC_21Ah,NMC_21Ah,NMC,NMC,True,69.99999653173852,68.85432577652671,100.6080937631413,99.45226561514625,02LCC02100101A87Y0010456,5000.0,True,100.0,1.1456707552118104,1.1558281479950523
NMC_21Ah,NMC_21Ah,NMC,NMC,True,69.99999653173852,71.07082067439887,98.91618565361999,99.63129790896241,02LCC02100101A87Y0184257,5000.0,True,100.0,1.0708241426603564,0.7151122553424187
NMC_21Ah,NMC_21Ah,NMC,NMC,True,55.92349703913051,53.91078957304717,100.59999887818844,100.27703952991031,02LCC02100101A87Y0173907,5000.0,True,100.0,2.0127074660833415,0.32295934827813255
NMC_21Ah,NMC_21Ah,NMC,NMC,True,46.949499483880345,45.72242212741733,99.18856714885197,99.85108288921316,02LCC02100101A87Y0085499,5000.0,True,100.0,1.2270773564630133,0.6625157403611865
NMC_21Ah,NMC_21Ah,NMC,NMC,True,56.198899836382985,55.20555399519943,99.26904548319277,99.97752499217694,02LCC02100101A87Y0055909,5000.0,True,100.0,0.9933458411835545,0.7084795089841691
NMC_21Ah,NMC_21Ah,NMC,NMC,True,20.500100580928294,20.43791764487401,83.75523416282624,85.81826179873086,02LCC02100101A87B0101984,5000.0,True,100.0,0.06218293605428471,2.063027635904618
LMO_24Ah,NMC_21Ah,LMO,NMC,False,41.643902856437975,46.009885063636204,76.34124575419918,79.5288511319712,A170530525010800528,5000.0,False,100.0,4.365982207198229,3.187605377772016
LMO_24Ah,LMO_24Ah,LMO,LMO,True,74.99999856275895,9.800995784021193,79.57207939865172,80.75101338388413,A170530525010800027,5000.0,True,100.0,65.19900277873775,1.1789339852324048
LMO_24Ah,LMO_24Ah,LMO,LMO,True,60.85579940312864,61.069681165926504,79.88583239632818,79.52042897334934,A170528511010802426,5000.0,True,100.0,0.21388176279786109,0.36540342297884365
LMO_24Ah,LMO_24Ah,LMO,LMO,True,46.791699622251606,47.365541780046186,74.20832957727146,74.43222460887444,A170526507010800030,5000.0,True,100.0,0.57384215779458,0.22389503160297863
LMO_24Ah,LMO_24Ah,LMO,LMO,True,65.67439927569912,65.43828478201523,81.9745813315415,82.2480793517254,A170530525010800523,5000.0,True,100.0,0.23611449368388548,0.2734980201838937
LMO_24Ah,LMO_24Ah,LMO,LMO,True,37.1305022963682,36.03425529587349,78.98291722904705,79.57677000503418,A170528511010800172,5000.0,True,100.0,1.0962470004947065,0.5938527759871306
LMO_24Ah,LMO_24Ah,LMO,LMO,True,38.26200102867698,37.17026447638265,79.26375060630659,79.62388571373074,A170530525010800543,5000.0,True,100.0,1.0917365522943285,0.36013510742415633
LMO_24Ah,LMO_24Ah,LMO,LMO,True,44.114199213785696,43.105030077647214,78.65249920318031,77.05869983446195,A170527511010800648,5000.0,True,100.0,1.0091691361384818,1.593799368718365
LMO_24Ah,LMO_24Ah,LMO,LMO,True,23.095200540901402,25.130648770561496,79.1762448999661,81.78302220326078,A170530525010800530,5000.0,True,100.0,2.035448229660094,2.6067773032946917
LMO_24Ah,LMO_24Ah,LMO,LMO,True,21.101602001561332,19.971282322928726,80.67708368498764,79.97759013071403,A170526511010800410,5000.0,True,100.0,1.1303196786326062,0.6994935542736016
LMO_24Ah,LMO_24Ah,LMO,LMO,True,69.99999653173852,74.14619855742475,75.8099955298905,78.44327931261883,A170523507010800997,5000.0,True,100.0,4.146202025686236,2.633283782728327
LMO_24Ah,LMO_24Ah,LMO,LMO,True,74.99999856275895,75.19476211362075,81.11541632967582,81.34510900641986,A170525507010800584,5000.0,True,100.0,0.19476355086180774,0.22969267674403682
LMO_24Ah,LMO_24Ah,LMO,LMO,True,49.40099995812712,51.48657960683983,79.19208209968735,81.41563411053949,A170530525010800427,5000.0,True,100.0,2.0855796487127094,2.2235520108521314
LMO_24Ah,LMO_24Ah,LMO,LMO,True,69.99999653173852,74.4719629138652,73.4933305238358,79.0522736341516,A170528511010800479,5000.0,True,100.0,4.471966382126681,5.558943110315809
LMO_24Ah,LMO_24Ah,LMO,LMO,True,57.006596206647345,67.36095638661355,72.01916470094038,83.3074464316428,A170530525010800449,5000.0,True,100.0,10.354360179966207,11.288281730702423
LMO_24Ah,LMO_24Ah,LMO,LMO,True,31.863299609461187,29.55687629304904,75.95833366423889,71.25916630853433,A170529511010800365,5000.0,True,100.0,2.306423316412147,4.69916735570456
LMO_25Ah,LMO_25Ah,LMO,LMO,True,38.062501366268805,36.71910989210147,92.11839660702083,92.2207817237653,515092905216,5000.0,True,100.0,1.3433914741673334,0.10238511674447182
LMO_25Ah,NMC_21Ah,LMO,NMC,False,22.88470256764415,29.551503482569125,87.47679874503397,98.94374494240718,515093005020,5000.0,False,100.0,6.666800914924973,11.466946197373204
LMO_25Ah,LMO_25Ah,LMO,LMO,True,41.55420093027903,47.53743722754453,83.84559477856742,90.20990036439225,515093000439,5000.0,True,100.0,5.983236297265499,6.364305585824837
LMO_25Ah,LMO_25Ah,LMO,LMO,True,50.48199868239127,49.336573984788174,91.85159425827743,91.83258898619904,515092905212,5000.0,True,100.0,1.1454246976030973,0.019005272078388202
LMO_25Ah,LMO_25Ah,LMO,LMO,True,65.67439927569912,65.63773602877532,84.35679992543416,82.24639602672357,515093004482,5000.0,True,100.0,0.03666324692379419,2.1104038987105866
LMO_25Ah,LMO_25Ah,LMO,LMO,True,6.929202384999056,10.092296157770836,52.694398896880614,60.28568587892009,515093001608,5000.0,True,100.0,3.16309377277178,7.5912869820394775
LMO_25Ah,LMO_25Ah,LMO,LMO,True,47.2815008369574,51.85928724506874,88.47479497642186,91.98671559570161,515093003101,5000.0,True,100.0,4.5777864081113435,3.511920619279749
LMO_25Ah,LMO_25Ah,LMO,LMO,True,24.077000908089857,23.646904146193883,92.00799692176012,92.45974968411568,515093004064,5000.0,True,100.0,0.43009676189597457,0.4517527623555537
LMO_25Ah,LMO_25Ah,LMO,LMO,True,29.79689918966566,28.486658340831667,70.58879600011731,66.57384816264091,515093000629,5000.0,True,100.0,1.3102408488339918,4.014947837476399
LMO_25Ah,LMO_25Ah,LMO,LMO,True,74.99999856275895,72.77332178777436,81.8831956140364,82.59218832607831,515091901822,5000.0,True,100.0,2.2266767749845826,0.708992712041919
LMO_25Ah,LMO_25Ah,LMO,LMO,True,8.617300837915131,5.226380269244557,88.61359632443516,74.54195456888787,515100102065,5000.0,True,100.0,3.390920568670574,14.07164175554729
LMO_25Ah,LMO_25Ah,LMO,LMO,True,70.00830014699694,72.24867921361403,88.87799645282749,88.71347424028934,515093002646,5000.0,True,100.0,2.2403790666170806,0.16452221253814514
LMO_25Ah,LMO_25Ah,LMO,LMO,True,74.99999856275895,68.51139973091477,79.54360026532048,79.54643505608621,515100101320,5000.0,True,100.0,6.488598831844172,0.0028347907657320093
LMO_25Ah,LMO_25Ah,LMO,LMO,True,21.692401574286222,19.934999768908956,83.6023959760034,82.21940875539262,515093000663,5000.0,True,100.0,1.7574018053772669,1.3829872206107723
LMO_25Ah,LMO_25Ah,LMO,LMO,True,55.00000105032612,52.910158834898866,60.88039936884637,65.43893264399128,515092901155,5000.0,True,100.0,2.089842215427254,4.55853327514491
LMO_26Ah,LMO_26Ah,LMO,LMO,True,8.376103364411708,9.721862065317161,83.8830741947137,83.6980006384547,H27734091053,5000.0,True,100.0,1.3457587009054528,0.1850735562589989
LMO_26Ah,LMO_26Ah,LMO,LMO,True,49.40099995812712,57.76526941194029,80.00807527772267,87.12689892397854,H27733591038,5000.0,True,100.0,8.364269453813165,7.118823646255876
LMO_26Ah,LMO_26Ah,LMO,LMO,True,44.48969970535751,56.60302458761443,79.2303838699786,81.72678172522497,H27734091304,5000.0,True,100.0,12.113324882256919,2.4963978552463715
LMO_26Ah,LMO_26Ah,LMO,LMO,True,72.82489440139221,77.94070400968936,98.36614833967889,96.30998432036209,H27735490851,5000.0,True,100.0,5.115809608297141,2.056164019316796
LMO_26Ah,LMO_26Ah,LMO,LMO,True,70.00830014699694,71.3816093413397,88.77884423076107,87.52567224534981,H27733490499,5000.0,True,100.0,1.3733091943427524,1.2531719854112566
LMO_26Ah,LMO_26Ah,LMO,LMO,True,53.6027015707495,58.38852205989086,95.02961257288986,99.05000927980015,H27735376790,5000.0,True,100.0,4.785820489141358,4.02039670691029
LMO_26Ah,LMO_26Ah,LMO,LMO,True,43.01369793692715,46.495633291693096,92.50730523597511,97.55250489172502,H27735376805,5000.0,True,100.0,3.4819353547659446,5.0451996557499115
LMO_26Ah,LMO_26Ah,LMO,LMO,True,59.726499769245834,73.5803960501224,81.98538167882471,93.37011688865012,H27735290390,5000.0,True,100.0,13.853896280876569,11.384735209825408
LMO_26Ah,LMO_26Ah,LMO,LMO,True,79.99999794086715,78.90600060993766,85.24307318712121,86.94719405905713,H27733690634,5000.0,True,100.0,1.0939973309294828,1.7041208719359133
LMO_26Ah,LMO_26Ah,LMO,LMO,True,41.55420093027903,42.27951890438344,84.84115317685355,83.21127073988038,H27733690394,5000.0,True,100.0,0.7253179741044065,1.6298824369731761
LMO_26Ah,LMO_26Ah,LMO,LMO,True,60.85579940312864,68.1234696823495,81.40538080040349,84.92071692358239,H27734091346,5000.0,True,100.0,7.267670279220852,3.5153361231788978
LMO_26Ah,LMO_26Ah,LMO,LMO,True,89.99999404417134,84.81417673521776,99.84076697020134,95.15662511227765,H27734492478,5000.0,True,100.0,5.185817308953588,4.6841418579236915
LMO_26Ah,LMO_26Ah,LMO,LMO,True,46.428099431684736,46.991225150553944,98.93807346363708,100.38148884231776,H27735391963,5000.0,True,100.0,0.5631257188692089,1.4434153786806831
LMO_26Ah,LMO_26Ah,LMO,LMO,True,89.99999404417134,84.28227844612712,99.155379385371,92.57648045478757,H27734490172,5000.0,True,100.0,5.717715598044222,6.578898930583435
LMO_26Ah,LMO_26Ah,LMO,LMO,True,9.099602932994166,9.893266724054218,100.23307292118429,94.41001995999126,H27735076555,5000.0,True,100.0,0.7936637910600517,5.823052961193028
LFP_35Ah,LFP_35Ah,LFP,LFP,True,54.56280111595269,49.75045415749215,86.32713851992527,87.13566195314645,18号,5000.0,True,100.0,4.812346958460537,0.8085234332211826
LFP_35Ah,LFP_35Ah,LFP,LFP,True,52.87640052685941,48.109671720531885,81.82657110327499,81.05572635554819,24号,5000.0,True,100.0,4.766728806327528,0.7708447477267981
LFP_35Ah,LFP_35Ah,LFP,LFP,True,25.55260241838855,30.070923799018217,84.09142816381119,91.38885458683703,33号,5000.0,True,100.0,4.5183213806296685,7.29742642302584
LFP_35Ah,LFP_35Ah,LFP,LFP,True,38.830501216096245,42.826940211926726,88.2471408826189,90.4900725539785,35号,5000.0,True,100.0,3.9964389958304807,2.2429316713595995
LFP_35Ah,LFP_35Ah,LFP,LFP,True,14.461799111103197,18.815749366527402,87.12485117105062,90.10232440267175,38号,5000.0,True,100.0,4.3539502554242056,2.9774732316211328
LFP_35Ah,LFP_35Ah,LFP,LFP,True,5.0000046163318155,4.6780392301949085,85.52485415604023,86.03404012713636,42号,5000.0,True,100.0,0.32196538613690695,0.5091859710961302
LFP_35Ah,LFP_35Ah,LFP,LFP,True,38.75429971153034,40.49595022364849,90.39142373257008,90.84178961346456,44号,5000.0,True,100.0,1.7416505121181558,0.4503658808944806
LFP_35Ah,LFP_35Ah,LFP,LFP,True,34.639400806524534,34.012935150257725,88.95542276257589,84.84766572523749,46号,5000.0,True,100.0,0.6264656562668094,4.107757037338402
LFP_35Ah,LFP_35Ah,LFP,LFP,True,39.11150132652551,40.64004170023696,79.61485770356319,86.63235805431178,7号,5000.0,True,100.0,1.5285403737114436,7.017500350748591
LFP_68Ah,LFP_68Ah,LFP,LFP,True,59.840695702347006,65.59905656856195,84.28293786507221,85.58322965998236,02HCB68111211Y88D0001154,5000.0,True,100.0,5.758360866214943,1.3002917949101516
LFP_68Ah,LFP_68Ah,LFP,LFP,True,49.40099995812712,48.92545947307681,83.80235165018405,85.01968274195039,02HCB68111211Y87Y0009119,5000.0,True,100.0,0.47554048505030977,1.21733109176634
LFP_68Ah,LFP_68Ah,LFP,LFP,True,16.03880155885085,21.2564869758849,82.6247011469057,84.76067286622249,02HCB68111211Y87Y0008126,5000.0,True,100.0,5.217685417034051,2.1359717193167853
LFP_68Ah,LFP_68Ah,LFP,LFP,True,27.90890181105184,34.98065717550604,81.53514623308816,83.71834168512775,02HCB68111211Y87Y0015279,5000.0,True,100.0,7.071755364454198,2.183195452039598
LFP_68Ah,LFP_68Ah,LFP,LFP,True,69.99999653173852,73.84307945972103,75.09117543779192,82.70093630698155,02HCB68111211Y86L0002535,5000.0,True,100.0,3.8430829279825076,7.609760869189628
LFP_68Ah,LFP_68Ah,LFP,LFP,True,8.13500139574832,10.318456924793502,78.54779186631498,84.35435213182943,02HCB68111211Y87Y0014641,5000.0,True,100.0,2.1834555290451814,5.806560265514449
LFP_68Ah,LFP_68Ah,LFP,LFP,True,31.863299609461187,36.88742092357232,76.97308504265344,84.45887294641892,02HCB68111211Y86X0004792,5000.0,True,100.0,5.0241213141111345,7.485787903765484
LFP_68Ah,LFP_68Ah,LFP,LFP,True,44.46269869636442,45.148421789731444,85.23190928147962,85.02604426223176,02HCB68111211Y88G0002069,5000.0,True,100.0,0.6857230933670238,0.2058650192478524
LFP_68Ah,LFP_68Ah,LFP,LFP,True,44.38000045847457,46.47826268568403,82.54852638226058,84.89515036780196,02HCB68111211Y88E0004343,5000.0,True,100.0,2.09826222720946,2.3466239855413846
LFP_68Ah,LFP_68Ah,LFP,LFP,True,34.24330144638213,38.47801772258641,68.25176350462574,83.92054313652156,02HCB68111211Y86R0006266,5000.0,True,100.0,4.234716276204281,15.668779631895816
LFP_68Ah,LFP_68Ah,LFP,LFP,True,65.67439927569912,63.15911483287139,85.60896823206804,85.58518887510611,02HCB68111211Y88D0003027,5000.0,True,100.0,2.5152844428277277,0.023779356961924236
LFP_68Ah,LFP_68Ah,LFP,LFP,True,52.43750140220706,57.615297631053984,83.1083807995489,85.15448629189889,02HCB68111211Y88E0004542,5000.0,True,100.0,5.177796228846923,2.0461054923499944
LFP_68Ah,LFP_68Ah,LFP,LFP,True,39.5792994530596,41.66068617400364,81.17617128710508,85.1229643039621,02HCB68111211Y87Y0012947,5000.0,True,100.0,2.081386720944039,3.946793016857029
LFP_68Ah,LFP_68Ah,LFP,LFP,True,44.48969970535751,46.87609340266607,80.56190991484341,84.99633461152575,02HCB68111211Y88E0004475,5000.0,True,100.0,2.386393697308563,4.434424696682342
LFP_68Ah,LFP_68Ah,LFP,LFP,True,62.82330124492969,60.42415466695046,83.82176486810033,85.29815326656109,02HCB68111211Y87Y0003936,5000.0,True,100.0,2.3991465779792307,1.476388398460756
LFP_68Ah,LFP_68Ah,LFP,LFP,True,50.564998357432486,48.85027859358526,86.852201848961,85.0205592662117,02HCB68111211Y88F0000101,5000.0,True,100.0,1.7147197638472278,1.8316425827492964
LFP_68Ah,LFP_68Ah,LFP,LFP,True,64.9999971536303,72.68183345684717,70.91867773985592,82.03448205726372,02HCB68111211Y86P0008027,5000.0,True,100.0,7.681836303216869,11.115804317407793
LFP_68Ah,LFP_68Ah,LFP,LFP,True,43.57689926379472,50.365358090676494,71.51896784661925,84.77705481059425,02HCB68111211Y86M0004689,5000.0,True,100.0,6.788458826881772,13.258086963975003
LFP_68Ah,LFP_68Ah,LFP,LFP,True,41.643902856437975,46.50544442432232,77.89132389039165,84.67388451372483,02HCB68111211Y86H0009376,5000.0,True,100.0,4.861541567884345,6.7825606233331825
LFP_68Ah,LFP_68Ah,LFP,LFP,True,57.006596206647345,66.95065963509496,71.28293997378027,85.00656159747533,02HCB68111211Y86P0006552,5000.0,True,100.0,9.94406342844762,13.723621623695053
LFP_68Ah,LFP_68Ah,LFP,LFP,True,24.41099990407093,31.636370161121867,80.76352851871029,84.29774184047653,02HCB68111211Y87Y0008148,5000.0,True,100.0,7.225370257050937,3.534213321766245
LFP_68Ah,LFP_68Ah,LFP,LFP,True,38.26200102867698,40.63823941944712,83.86073436758568,84.65640268476527,02HCB68111211Y87Y0007299,5000.0,True,100.0,2.3762383907701405,0.7956683171795902
