stage,epoch,train_loss,train_cls_acc,train_soc_rmse,train_soc_mae,train_soc_mape,train_soc_medape,train_soh_rmse,train_soh_mae,train_soh_mape,train_soh_medape,val_loss,val_cls_acc,val_soc_rmse,val_soc_mae,val_soc_mape,val_soc_medape,val_soh_rmse,val_soh_mae,val_soh_mape,val_soh_medape,val_soc_rmse_raw,val_soc_mae_raw,val_soc_mape_raw,val_soc_medape_raw,val_soh_rmse_raw,val_soh_mae_raw,val_soh_mape_raw,val_soh_medape_raw,val_score,best_score_so_far
stage2_soh,0,0.5165677426285015,0.9779642616120419,0.1851212169155849,0.1126259365280985,248.050193081841,8.712600545021527,0.6894652346449452,0.5026149442199019,182.33401526886325,61.87401297794534,0.16205057157020944,0.9666666666666667,0.45105752386584924,0.22783289434132623,72.23637358174693,22.468300114497275,0.5747878187061539,0.43846064692582276,130.9435682563617,46.260940046165565,10.027755546067251,5.065102451294605,11.32996931433672,6.505136115171009,0.06035006959418301,0.0460363454045492,6.101984350736096,4.084088825015174,-0.5747878187061539,-0.5747878187061539
stage2_soh,1,0.10790243821867838,0.9780522871981456,0.18557130366216817,0.11294225269729719,245.65667699574726,8.753552260940918,0.4768249052969738,0.3312358739704143,146.7409224342376,36.73925390900557,0.1355103710118462,0.9666666666666667,0.45742479542766107,0.23829208118293216,80.55381730149195,22.768299340690362,0.5290539450231626,0.3844082264960104,114.12073492648278,35.56952888894408,10.169310534819116,5.297627491469882,12.131670803674286,7.105550484460417,0.05554822381778338,0.04036109059136245,5.251159837442163,3.305964334775958,-0.5290539450231626,-0.5290539450231626
stage2_soh,2,-0.011433619504236412,0.9778762360259382,0.18521565959756284,0.11297705081968763,244.78055627093565,8.709016484365687,0.42503835603870144,0.2924134450788058,137.29977803313656,31.94872677099262,0.14330900203363567,0.9666666666666667,0.4555759065446229,0.2313661412646373,78.73331870144018,23.17019481681215,0.5454923272736653,0.3999891876991765,113.11699457853044,40.646525602802555,10.128206673848021,5.1436523801976755,11.482306652663794,6.8788925504874925,0.05727417812743931,0.04199701964614301,5.472630166368784,3.4595596439669696,-0.5454923272736653,-0.5290539450231626
stage2_soh,3,-0.06697680643663724,0.9781696546462838,0.18685138271220383,0.11311700794348432,246.7517399867762,8.72125355900629,0.40420137129014444,0.2776543066276026,131.68613124032976,30.095707078860386,0.14519557014984244,0.9666666666666667,0.45708045036111367,0.23582533944909478,78.84661080559941,24.015912130869506,0.5485595179010501,0.39923995856341776,114.92409836253073,40.56705720647052,10.161655173877042,5.242787738681366,11.847554597133128,7.070017937519267,0.05759621899503803,0.0419183540429178,5.470741456786263,3.3102777849114156,-0.5485595179010501,-0.5290539450231626
stage2_soh,4,-0.1341200801748432,0.9779936034740765,0.18560675335004714,0.11308221590310699,245.4535114059178,8.753825579207687,0.38549622892848073,0.26186469876448937,125.75406818225896,27.810206654024135,0.12364553756573621,0.9666666666666667,0.46038349391043826,0.23820816471661424,80.9892504604836,23.66387696166622,0.5092225628069686,0.3588036284800254,122.429124806816,32.96623349177683,10.235087300641636,5.295761889487869,11.848163640009512,7.35651720820952,0.053466020162893486,0.037672725908070956,4.80249681549428,3.041852500264851,-0.5092225628069686,-0.5092225628069686
stage2_soh,5,-0.17489672883383592,0.9778322232328863,0.18480499678871798,0.11255162318534932,245.06741105354445,8.679280429029282,0.3721148862077006,0.252312767940945,123.4465960295343,26.801796336037178,0.13771035788105984,0.9666666666666667,0.45602962858583673,0.23190750999412701,76.73233741959687,23.27725429028309,0.5365724461831758,0.38359704716131093,98.1610958425621,38.51743839579722,10.138293666026227,5.1556879033679355,11.805356668689901,7.020556053253249,0.05633763175839025,0.04027592050301111,5.060936785788328,3.2793372698526198,-0.5365724461831758,-0.5092225628069686
stage2_soh,6,-0.20469501180578287,0.978125641853232,0.18484955243883303,0.11252401073606917,245.7451851573177,8.705161529018064,0.36592672302360885,0.2464540692697262,119.65894682303188,25.98515216161927,0.1417340838149482,0.9666666666666667,0.4599641502027475,0.2393849178819972,77.01824302529783,23.05912845120987,0.5498541267647669,0.3862090671179341,132.26385854710173,37.8110772651549,10.225764595735921,5.321923060638249,11.987565797672147,7.366189315184221,0.05773214695398193,0.04055017054978218,5.272358131905349,3.3708934902353853,-0.5498541267647669,-0.5092225628069686
stage2_soh,7,-0.23591736853708598,0.9779055778879727,0.18497491317479764,0.11282710875202309,248.29184903686598,8.726446001140635,0.35616220034015983,0.24009594297623194,116.89758507252492,25.09333790633616,0.11955437321288913,0.9666666666666667,0.4589655524248178,0.23743538888646107,78.60040386720438,23.092588695813593,0.4997267483983697,0.34923308222536364,100.48783559550918,30.815646268916634,10.203564113810463,5.278581803342161,12.284120552606486,6.852924874072184,0.05246900345209683,0.036667862698159304,4.7099606419216435,2.9069285049078286,-0.4997267483983697,-0.4997267483983697
stage2_soh,8,-0.2795376130925588,0.9776121592676271,0.18526379449460662,0.11290419010114494,244.79938316150037,8.717163219320359,0.34733910540025476,0.23234434664858164,111.16160938525597,24.029436651377893,0.1374370960628285,0.9666666666666667,0.4582002198907727,0.2359993631476719,77.28937264007348,23.92224441861287,0.5387120033495603,0.37890744660524467,99.9845915644977,38.16596790511721,10.186549504460684,5.246656573621968,11.636284457405843,7.002717187390068,0.056562275391553354,0.03978353407672151,5.035605939088848,3.0680085957178425,-0.5387120033495603,-0.4997267483983697
stage2_soh,9,-0.3072264258095335,0.9774214371644024,0.18586710349757277,0.11287987920008938,245.37238253427589,8.614013453968997,0.34029099151703474,0.2279419585174613,111.62099086058119,23.493832345384693,0.14019662644348893,0.9666666666666667,0.46126540006340244,0.2366320126963889,77.24811118603566,23.29941229762512,0.5441275490622303,0.3827741480998549,113.63457299164882,39.10781399673989,10.25469353454436,5.260721420532161,11.740437516110234,6.90245224794582,0.057130882710660774,0.040189519897410854,5.216465763726103,3.2281167830779447,-0.5441275490622303,-0.4997267483983697
stage2_soh,10,-0.32509860806242546,0.9779789325430592,0.18614752772774812,0.11300946277953228,245.62485219960809,8.758566249574496,0.33857615818395914,0.2254337202959678,108.82709563179343,23.099214221624877,0.12703196657638924,0.9666666666666667,0.4542370461885206,0.23443383936058074,77.55106744317648,21.869058917104166,0.5151096314976498,0.36169473478095787,121.42884061030416,35.35539176947673,10.09844159145621,5.211852387885399,11.705482241942128,6.858313609737355,0.05408413521966014,0.037976278733630506,4.865269726763939,3.043919067365196,-0.5151096314976498,-0.4997267483983697
stage2_soh,11,-0.3573864660808442,0.9782576802323876,0.1848826633282127,0.11248789582663127,244.42813938117771,8.601541672133242,0.33199873024798,0.22086967108338076,106.36816175456265,22.62746801168216,0.12979052157378665,0.9666666666666667,0.4617890645767684,0.23816294632486854,78.79243428648948,23.279825600490216,0.5219763583850272,0.3691655230270151,115.8391433535581,33.491686735024864,10.266335463678317,5.2947566097738195,11.972179301645808,6.985635466511289,0.054805109868131835,0.03876067703836119,5.0237072931426745,3.0692918789196737,-0.5219763583850272,-0.4997267483983697
stage2_soh,12,-0.3739340505123992,0.9778762360259382,0.1859914602352718,0.1129491650466509,244.08524026568764,8.665453844760787,0.329604546024964,0.21874689360935723,105.56707450507237,22.5209505804933,0.13900428244880603,0.9666666666666667,0.4599754607931251,0.23899619828398322,81.37423501291482,23.744661410623532,0.5406533811549967,0.38177478456614067,122.38963930985906,36.82824728955418,10.226016048886322,5.313281180393261,11.974210747224106,7.438710270748593,0.05676611110597476,0.04008459133621534,5.164011175883104,3.2515245513349984,-0.5406533811549967,-0.4997267483983697
stage2_soh,13,-0.3880730199605635,0.9781696546462838,0.1847331020951146,0.11271349886496754,243.1992742278039,8.747597788079538,0.32660356597418627,0.2159101213186783,104.24765745677408,21.89716866806198,0.149719148757411,0.9666666666666667,0.4596240542161101,0.2342228169571243,77.74584576817098,21.47263114524247,0.5606207316484697,0.4040484652909286,123.52354889160762,41.127308059891405,10.218203698875207,5.207161010478659,11.595483338929414,6.557143404619074,0.05886259080278715,0.04242322506872102,5.479180913207666,3.6757923168644138,-0.5606207316484697,-0.4997267483983697
stage2_soh,14,-0.4035426179757438,0.9780816290601801,0.18546101165258208,0.11288009074427291,244.3933181684495,8.742490827048789,0.32164551080133197,0.21248786617550364,102.08738238782308,21.56483599680866,0.11837967511485604,0.9666666666666667,0.449630013297355,0.23571083808281257,76.25210212181696,23.67649912157609,0.49763636646263243,0.3474505613831913,109.16356319447856,29.995223109842843,9.996019622680802,5.240242183735451,11.894608854268473,6.879119978203874,0.05224952299131716,0.03648070623210834,4.688987207310959,3.0101338304388934,-0.49763636646263243,-0.49763636646263243
stage2_soh,15,-0.4177490761040389,0.9782870220944221,0.18523793181687698,0.1125171454990852,243.49340057106016,8.632136362809298,0.31993894695637254,0.2118913605567985,102.95409713166727,21.39165403056622,0.1471914263624771,0.9666666666666667,0.45836199558560037,0.23542862981557847,78.17424722744161,22.990305770780072,0.5581425892472027,0.39365359769549735,128.5947656341613,36.51766716442217,10.190146045999606,5.233968226718509,11.915912112339232,7.095959791705594,0.058602397281780724,0.04133181192044185,5.377019026588401,3.319856753083303,-0.5581425892472027,-0.49763636646263243
stage2_soh,16,-0.4325651342308244,0.9777001848537308,0.18482883510903794,0.11244087099245342,247.62153864942286,8.656699885005477,0.31846012792290507,0.20964041994518706,100.78388221647651,21.32488884769879,0.14006815824438543,0.9666666666666667,0.45798833958934226,0.23662939152369897,77.75470497876591,22.601122746822117,0.5460993298844216,0.3774271847625427,115.14252084245248,38.989499424337716,10.181839054561607,5.260663147523537,11.810630543369484,7.183108075667236,0.057337910601599,0.03962811341136057,5.065475743212878,3.1177165968287883,-0.5460993298844216,-0.49763636646263243
stage2_soh,17,-0.44854387242201293,0.9779642616120419,0.18549954256206755,0.1124894915089713,243.18977329051137,8.661687026106431,0.31540578406620107,0.2075821491838213,101.77798711684437,20.830446323794327,0.12058066719887303,0.9666666666666667,0.45755036193460435,0.23298738852289377,77.61661536217585,24.459285904401497,0.5066626481621967,0.35053214902679125,121.40657541995499,31.45618362302578,10.172102086161857,5.179695390956462,11.55414759023553,6.930519913330417,0.05319724093351644,0.03680425871999937,4.6898432165461275,2.9159805848437648,-0.5066626481621967,-0.49763636646263243
stage2_soh,18,-0.4610413541774515,0.9781696546462838,0.18568985283872871,0.11284286101747094,245.6590168325114,8.6753732854368,0.31325828491588154,0.20618506772130898,100.32641743513463,20.602598231310715,0.1599853115338905,0.9666666666666667,0.46171421623205944,0.2370841795505554,71.62520743608873,22.631077053017425,0.5798941419658371,0.4189563157219513,148.35919097202756,37.41968576061209,10.264671461053249,5.270773838327467,11.773165910145456,7.021026207963945,0.0608862099821021,0.043988480597338675,5.725763392508379,3.642224731752725,-0.5798941419658371,-0.49763636646263243
stage2_soh,19,-0.48237763050943505,0.9781989965083184,0.18460645436557335,0.1124833650836943,245.6153515940133,8.681115228856605,0.3119045946721385,0.20391820144804962,98.05409926179479,20.19031527231399,0.12960949814787098,0.9666666666666667,0.457917267736872,0.2321864464849818,73.10761256269979,21.405160303049975,0.5274565723780318,0.36330994510584896,120.7871479550473,34.980516599797774,10.180259009611532,5.161889123379071,11.417952271910012,6.682512260775283,0.05538050705837382,0.038145868367133594,4.883488415552481,3.0329798522371734,-0.5274565723780318,-0.49763636646263243
stage2_soh,20,-0.48626519336460067,0.9779349197500073,0.18518811225555726,0.11281322234042668,245.86404417795453,8.643553144793461,0.3091895371159039,0.20300751609773596,98.1618117129006,20.290717238294082,0.12845128719128815,0.9666666666666667,0.4598691283991102,0.23820040202608295,73.97922366019323,24.444787195984873,0.5222907023425083,0.35773413642583524,114.45591353420008,30.986908384880117,10.223652103718818,5.295589312025109,11.955760266374579,7.0897402087818335,0.054838114533667714,0.037560434175712934,4.788477194718177,2.8073624069026084,-0.5222907023425083,-0.49763636646263243
stage2_soh,21,-0.5133580834513829,0.9779202488189901,0.1852658206104109,0.11258772906098764,245.7627381322029,8.646853879509948,0.3061041141325688,0.20007286830143114,97.29631414221436,19.75967732322996,0.1297763542217367,0.9666666666666667,0.45521558946370616,0.23100501513473837,72.6710821509292,20.67008828273636,0.5252763325291653,0.36660337076321536,115.9126373000732,31.391124391638055,10.120196228582552,5.135623948433835,11.518546768692737,6.957838344765676,0.05515159193121039,0.03849166286930787,4.964881280521729,3.3004261099570096,-0.5252763325291653,-0.49763636646263243
stage2_soh,22,-0.514827334086998,0.9778909069569555,0.1854371210890453,0.11279083799736891,244.7611924123129,8.66060490068238,0.30436839647753583,0.19886540238346295,96.47433692505267,19.591382243998147,0.1360906057790214,0.9666666666666667,0.4578847986200992,0.23564891209460648,75.56197027800665,22.077425147055408,0.5353299434873512,0.3837830897931959,125.41105734960614,42.572570638023905,10.179537167388384,5.238865466490261,11.620434379184465,7.0333013844987455,0.05620717470672071,0.04029545412118524,5.154504391641158,3.25141136562563,-0.5353299434873512,-0.49763636646263243
stage2_soh,23,-0.5237209922319944,0.9776415011296616,0.18616198701264922,0.11329323856639027,245.42677266362875,8.816703114461717,0.3043460662812378,0.198889575603966,96.51246701492202,19.693458364882034,0.1263307901574116,0.9666666666666667,0.4603061393053069,0.2327390655948251,73.14572353721886,22.99006503847869,0.5137956356528391,0.36356537407446726,116.26030139023209,36.92359241258647,10.233367579697905,5.174174761131213,11.486106241794676,6.838717791880926,0.05394617171712925,0.038172687230600785,4.911594043732452,3.175232428643883,-0.5137956356528391,-0.49763636646263243
stage2_soh,24,-0.5353804066834507,0.9776268301986444,0.18612869488561518,0.11287703661245478,245.17816486749828,8.702779999761102,0.30133175822718783,0.19703638153795724,94.65354542892807,19.59121865170981,0.11799088555808161,0.9666666666666667,0.46053030416359114,0.23636254420613542,76.22608552550653,22.92291899223564,0.5006383442269257,0.34640572744184267,123.12734129353761,29.066542963127954,10.23835113563469,5.254730689850028,11.595453109280715,6.966518825200444,0.052564716809103865,0.03637100348785622,4.680071488018662,2.9562971194679797,-0.5006383442269257,-0.49763636646263243
stage2_soh,25,-0.5561148918646364,0.9786831372318887,0.18625169209958117,0.11299062130369382,249.63062832162964,8.752622764723842,0.29923503048249633,0.19485481269930538,94.78222617892686,19.123242431711372,0.12218922800293155,0.9666666666666667,0.4614326372225021,0.2362989064470372,71.929449841326,23.47862714282685,0.5050548383514505,0.3519468347012412,123.40147117793848,33.23793258464814,10.258411493476288,5.253315917103823,11.805834319077894,7.043235470712175,0.053028428319861605,0.03695279419018231,4.733958586988156,3.038027925632426,-0.5050548383514505,-0.49763636646263243
stage2_soh,26,-0.5582401283781194,0.978125641853232,0.1855270239281518,0.11271392036310969,240.23150060413363,8.72353385063166,0.2979914389347638,0.19387050838267786,94.13460223157584,19.01811826875629,0.1336470694226377,0.9666666666666667,0.4612084570253529,0.23860945250546817,80.39186385006572,24.401187131889543,0.5338732630961083,0.37882420323862165,140.5816251290844,35.810060721361324,10.25342759653114,5.304683181423674,11.903229036906767,7.55475117699142,0.0560542299849869,0.03977479390720946,5.088232795044248,3.264368728402671,-0.5338732630961083,-0.49763636646263243
stage2_soh,27,-0.5677967379315352,0.9778762360259382,0.1863353658545198,0.11292827456388047,242.21352162616586,8.690330533893057,0.29826503121116843,0.19387868805455344,93.20692241163897,19.032295664461735,0.13375914865264707,0.9666666666666667,0.4576977893861616,0.24000045936006834,85.32980503455067,23.54766848845817,0.5315375824441825,0.36441028202500414,117.01307448945808,35.73227105650862,10.175379642497301,5.335607566813116,11.98826915703151,7.211978477197753,0.05580899429051655,0.03826139866803236,4.872951475090762,2.9772115514611492,-0.5315375824441825,-0.49763636646263243
stage2_soh,28,-0.5850937781301114,0.9784777441976468,0.18566674891807594,0.11273676295352275,247.47353290295732,8.650094045957971,0.2951256969327399,0.1918252553923725,92.83672176135481,18.85982667141102,0.13061585911348755,0.9666666666666667,0.4629139888292877,0.23864606086018622,80.15926679475925,21.70338096540033,0.525999740363074,0.36048826836780007,119.17431447389335,30.554704987162673,10.291344392285527,5.305497045759448,11.807955366426233,6.949934620780046,0.05522754641684935,0.0378496053254135,4.874305003427142,2.9056954245351827,-0.525999740363074,-0.49763636646263243
stage2_soh,29,-0.5966706069778281,0.9779495906810246,0.18621046134826455,0.11311084787651916,246.47929416553603,8.741215948119208,0.29278455144052873,0.1901236768338683,92.01679828832518,18.651210411169558,0.13241620732873094,0.9666666666666667,0.46467741904695953,0.24103081114224945,78.10109258684204,23.786716258645164,0.5277290026512985,0.3705080948806569,121.26641560219423,36.55259893076084,10.33054836563643,5.358513992826397,12.154508738388541,7.009310301360205,0.05540911098040582,0.038901640890004495,5.016716136806072,3.0187343215797564,-0.5277290026512985,-0.49763636646263243
stage2_soh,30,-0.5992841180709637,0.9780962999911974,0.18521160405965975,0.11297187760168062,245.503140393576,8.71275957904372,0.2935154957492911,0.19023330124161594,92.16104531306833,18.604197452518065,0.15317880707044226,0.9666666666666667,0.4647044329099618,0.23846290931836062,78.28067403810054,23.921830955645902,0.5695555770105699,0.40126955812322157,118.68152612623976,39.30866080749274,10.331148928536301,5.3014252837509765,11.956166888213593,7.071119138158155,0.05980070835132844,0.04213145263460019,5.434433116435127,3.2480959837460106,-0.5695555770105699,-0.49763636646263243
stage2_soh,31,-0.6211879957009431,0.9781696546462838,0.18614148954249515,0.11312398558406436,243.7336568597754,8.770643923708274,0.2930958671879212,0.18949908526118983,91.54670399647497,18.57089670716319,0.13600541303555172,0.9666666666666667,0.4627254170441889,0.24084088722718697,81.99545505975453,24.48201889603373,0.5405229246187221,0.3655915087837653,127.28346142825811,34.622702674791796,10.2871521292951,5.354291669748232,12.126433286866504,7.159491557394944,0.056752413771433266,0.038385422028962675,4.7833347214201165,2.9431099818823294,-0.5405229246187221,-0.49763636646263243
stage2_soh,32,-0.6187146901961926,0.9779789325430592,0.18462733611164847,0.11274803261774355,248.12279291315977,8.705067351463473,0.2907857709375445,0.18803559476239157,91.18419037215317,18.423214792969084,0.1347516736855694,0.9666666666666667,0.4617257200757974,0.2346685022407887,81.1351845849989,21.495294926424908,0.5371515552279195,0.36363744609350085,125.62020627034207,33.313463295747006,10.26492721054581,5.217069332230533,11.764841823036955,6.785708786173084,0.05639843553678553,0.03818025446014692,4.906285950103841,2.762133577046044,-0.5371515552279195,-0.49763636646263243
stage2_soh,33,-0.6358214527948309,0.9781843255773012,0.1846753303119601,0.11255732062384084,244.8725285884323,8.648451233653732,0.289020129702602,0.18638142869494861,90.79467664016744,18.247439882123903,0.12964544103426093,0.9666666666666667,0.4586386207226167,0.23440569159666114,81.1933709590875,21.59777209849763,0.5235481330011583,0.35985988711426947,113.37386581442357,36.39194420851724,10.196295880788133,5.2112266164908005,11.513603026274527,6.801203700075472,0.054970138952574514,0.0377836281923775,4.818364465009855,3.0089039990460984,-0.5235481330011583,-0.49763636646263243
stage2_soh,34,-0.6396424740903559,0.9782136674393357,0.1847520597251739,0.11273879979692206,245.25021176899466,8.656137607156118,0.2875646010658053,0.18551254908261913,90.0102900405002,18.008617799346503,0.1453774389390852,0.9666666666666667,0.4602526148556838,0.23590040975706836,78.71168565323445,24.203264077436813,0.5610729217600673,0.3750386924884629,129.96872098481532,33.025618400708645,10.232177642565368,5.244456675917297,11.97061238693439,7.063902384647988,0.05891006867865124,0.039377332740172445,5.015379664508501,2.9510866357408094,-0.5610729217600673,-0.49763636646263243
stage2_soh,35,-0.6445897452648892,0.9782136674393357,0.18516779626960095,0.112828110397025,244.31253026172286,8.715751986186563,0.2878140086139835,0.1859140157138526,90.65235421949977,17.995864550835826,0.12179965517100166,0.9666666666666667,0.46093165496376176,0.2379374585242248,78.00925821086317,23.03542030779937,0.5129564036840818,0.346034345290094,114.8781502336823,32.15018161721733,10.24727382841639,5.289743642638061,11.747796114026162,7.153760349932674,0.05385805623160249,0.03633201007502692,4.65478722581602,2.83477435267206,-0.5129564036840818,-0.49763636646263243
stage2_soh,36,-0.6609030986842386,0.9779055778879727,0.18564878942812377,0.11311865059112158,246.1320497152984,8.789383317552184,0.28476177036596123,0.18344835055914838,88.80975300194747,17.68142970893556,0.12095520031802795,0.9666666666666667,0.46050325982764667,0.24118310898980674,80.76980243709487,24.1524584077453,0.5089250847236945,0.3446768190930871,125.30484080734128,28.726035260760984,10.237749895270863,5.361899826128562,12.042872555324962,7.247666020618581,0.05343478633635076,0.03618947608631138,4.631541494211996,2.689245943781521,-0.5089250847236945,-0.49763636646263243
stage2_soh,37,-0.668398414376315,0.9776855139227135,0.18510587681770946,0.11271077744735014,245.29073873984203,8.66248884135058,0.2858219750162888,0.1835398963683198,89.44999333344273,17.610920508554827,0.12436644925790674,0.9666666666666667,0.45991710685902515,0.23854466188406828,81.71095739087791,23.057559445502235,0.5130146799454544,0.3528009173880313,123.21920770712238,33.26170411591078,10.22471874431796,5.303242778639774,12.236760957641094,7.041527667817676,0.053864174970231014,0.03704246893259943,4.7284665410988875,2.9126546105917335,-0.5130146799454544,-0.49763636646263243
stage2_soh,38,-0.6717504546405221,0.9780522871981456,0.18461084458883112,0.1122694909104221,246.46701595996495,8.685092495982571,0.28379671559798225,0.18275716302144482,87.84967047132582,17.72250912080347,0.12702921012453006,0.9666666666666667,0.459291210197738,0.23508568686414874,72.94425685114714,22.379909138087577,0.5204869189957748,0.35363370181408293,120.8642009042825,33.21876676051024,10.210804025275706,5.226344037116903,11.763521217551155,6.741127049972668,0.054648725602717094,0.0371299074558832,4.696277213888441,2.9253958665459523,-0.5204869189957748,-0.49763636646263243
stage2_soh,39,-0.689451356014733,0.9786684663008715,0.18510005878932878,0.11262252523750936,243.73411965888852,8.715696284417293,0.28194439421571027,0.1808424805892486,88.71417696033474,17.25142359033429,0.1389710539111904,0.9666666666666667,0.46075322754612846,0.23655871663644326,76.76924534592948,24.860479091263947,0.5498570045953906,0.3788497294573223,148.13141337493718,36.025200799164374,10.243307091510179,5.259091927767413,12.024893130520029,7.0585119873939535,0.057732449112922635,0.03977747404242619,5.0769316361627,3.098015343884233,-0.5498570045953906,-0.49763636646263243
stage2_soh,40,-0.6902090421669053,0.9777295267157654,0.18588727200080798,0.11309175594116523,245.12959772894203,8.69008467548341,0.28217245466161234,0.18120669665913247,86.5689011855056,17.488043592189968,0.11646730461541344,0.9666666666666667,0.46081506633586605,0.23306533947915714,76.3768520070174,23.339939866046116,0.496554904194458,0.33557278683737796,131.06284028063186,28.999360554725428,10.244681870189046,5.181428369773202,11.445766955520991,6.820206688610394,0.05213597444170675,0.03523359469436313,4.52884657187354,2.4724292590713315,-0.496554904194458,-0.496554904194458
stage2_soh,41,-0.6958323639098378,0.9781109709222148,0.1860193960603323,0.11303401815986522,242.16097459557997,8.683106529130452,0.2821475643877985,0.18071289553236167,87.40277643901905,17.326239617698832,0.11831426275711433,0.9666666666666667,0.4594293354322708,0.23487577639227988,76.7268651642524,22.37087554663562,0.5030152262305678,0.3445933127921878,126.34342910031708,31.35476122674257,10.21387477792554,5.221677379790315,11.795274582265836,6.688890925799789,0.05281427845545165,0.03618070830991317,4.634240822230751,2.5627050718474473,-0.5030152262305678,-0.496554904194458
stage2_soh,42,-0.7057421085983581,0.9788298465420615,0.18508725301815768,0.11267127774546533,244.74097439238182,8.684450324849214,0.2818927043707732,0.1802487792720477,86.39145891896088,17.30996378539097,0.10761940210473303,0.9666666666666667,0.45910129964145213,0.23722844301339457,74.432964661833,23.67659951794864,0.4810666062534243,0.3191402475185254,118.76731259225497,26.75707746218332,10.206581999185264,5.2739810539552705,11.887352489208595,7.0030063826883024,0.05050977460201483,0.0335082538655783,4.296320017086354,2.352823928993544,-0.4810666062534243,-0.4810666062534243
stage2_soh,43,-0.7092251781269172,0.9786097825768023,0.18461730292045925,0.11238739385076259,246.41825977528845,8.60062769974324,0.2794291327544538,0.1790294016261807,86.34400826439284,17.267220800067555,0.13136337864048342,0.9666666666666667,0.4614974371761831,0.23898767798992934,77.45906933714777,24.640849845072808,0.5298901724161548,0.35829878294950024,122.34347949484126,30.675857586106968,10.259852103732248,5.313091760149872,11.917559632492813,7.0826356568028075,0.055636023836714274,0.03761971945610736,4.796518743710491,2.632778189097974,-0.5298901724161548,-0.4810666062534243
stage2_soh,44,-0.7192563069041271,0.9781403127842493,0.18468120963435367,0.11260550489206975,244.99566773996003,8.742852204359199,0.2788879505885377,0.17806704185143607,85.77428988645595,16.97906933008357,0.14722943159879423,0.9666666666666667,0.45917005716479053,0.23766179398140486,77.89558088610931,23.362093418901573,0.5624965276227452,0.3941002484630136,145.92161369979874,33.263952441587804,10.208110592767033,5.283615163448922,11.97349010551584,7.089409382947856,0.059059540727451246,0.041378708190729176,5.314218833445295,3.4590505217918803,-0.5624965276227452,-0.4810666062534243
stage2_soh,45,-0.7318264191998047,0.9779202488189901,0.18484120245319993,0.11226653684404782,243.35963658537165,8.580353607830498,0.27916362246211374,0.17727614338899692,84.19903340743892,16.920636281851955,0.125467073070068,0.9666666666666667,0.4566944025336607,0.23663990281558797,81.2642157677576,24.30935404770778,0.5200243141814033,0.35173326977985164,130.70944903041556,34.38300210458224,10.153072691515126,5.260896830945183,11.882092072571131,7.068634956883094,0.054600154231102496,0.036930370858564494,4.6765766734551315,2.631550631944181,-0.5200243141814033,-0.4810666062534243
stage2_soh,46,-0.7371150031342605,0.9780082744050937,0.18504471521902324,0.11259679401683814,245.0929748889681,8.61241590357535,0.27630992094347157,0.17642169534363122,86.08219383411536,16.816034158944717,0.13300386494865604,0.9666666666666667,0.461902371179178,0.23520359237331387,81.64342669730131,21.820208256463125,0.5342270123377799,0.3581536332601864,118.90231702934759,32.53995572413582,10.26885445704524,5.228965271795152,11.686063111440761,7.016091029638344,0.056091372023594877,0.03760447940827305,4.775784555790713,2.482801607955283,-0.5342270123377799,-0.4810666062534243
stage2_soh,47,-0.74467287764982,0.9779642616120419,0.18543466355261115,0.11269757036064199,244.24557980528002,8.706185583861654,0.2755565070001333,0.17577150564527408,84.57130625684673,16.774569504653897,0.1273522451519966,0.9666666666666667,0.4640419860839318,0.23784422820580065,78.65512053932706,21.637758649639373,0.5153719040703215,0.3558317964933082,114.79791063613814,31.048844673355507,10.316421638817767,5.287670978303306,11.737687616515895,6.827273710962619,0.054111672629984904,0.03736069725787389,4.801609927419684,2.751519278619245,-0.5153719040703215,-0.4810666062534243
stage2_soh,48,-0.752832299759297,0.9784484023356123,0.1843489652105641,0.11238295044138334,246.1525594690825,8.654863505178737,0.2761934419510808,0.17619748579416267,83.85504925195538,16.81443116362302,0.13566307223895016,0.9666666666666667,0.4591755866171414,0.23512235330600365,79.53901859589516,23.7125424791113,0.5361875933852172,0.36318846716746395,126.55946561745802,29.761045039537315,10.208233521647596,5.227159192825899,11.551768634506352,6.939783332190707,0.05629722398984603,0.03813311374395422,4.870080413965611,2.8950190954201425,-0.5361875933852172,-0.4810666062534243
stage2_soh,49,-0.7582292604350571,0.9777001848537308,0.1858055868016546,0.1127620702817957,243.9811471881925,8.660373344052683,0.27589879752076574,0.17569950465554662,84.62986266150777,16.74893555727995,0.14333999361477645,0.9666666666666667,0.46192947223723924,0.23456190310272515,76.10926303916882,22.792277856809502,0.5552221779653514,0.38089576898982713,160.97002588745008,27.647920179374196,10.269456958435637,5.214699456901193,11.623550123425018,6.547607639835948,0.05829576756840216,0.03999229875540822,5.10857618847074,2.932128207319027,-0.5552221779653514,-0.4810666062534243
stage2_soh,50,-0.7569343274752895,0.9777001848537308,0.18567396324146695,0.11281866033591163,247.96400313215193,8.688661167770547,0.2748231958184761,0.17449103058838575,84.52925098075046,16.45444343085476,0.13564129734740538,0.9666666666666667,0.46211462741827997,0.2368433859089718,82.58038048345693,22.94323198242706,0.5413160677590813,0.36756716624231023,124.14008483083863,32.83519281457943,10.273573264661174,5.265420597006599,11.727013956364079,7.032772961866435,0.056835690142575876,0.03859285694883597,4.891272371086897,2.8847922396220573,-0.5413160677590813,-0.4810666062534243
stage2_soh,51,-0.772868040572981,0.9777001848537308,0.1856522989564953,0.11295226690948537,245.3743256888428,8.75585952676115,0.2714503334822703,0.172793462904679,82.83665680253357,16.47280147403658,0.1239168251846351,0.9666666666666667,0.4661178424074901,0.2439807330906464,85.2666240234167,24.72802572678379,0.5194461531600961,0.34696679435049493,127.85549105725241,26.719021109125084,10.362571361768829,5.424095641758831,12.320641515003443,7.230762006621988,0.054539449990795054,0.0364299129251863,4.692262119918487,2.699557173175899,-0.5194461531600961,-0.4810666062534243
stage2_soh,52,-0.7787607994837498,0.9782430093013703,0.18536490650712306,0.11285024502393656,247.547436276355,8.732856676921857,0.27143754789434293,0.17283836878289183,83.61047191065613,16.332803487995335,0.12378580061828388,0.9666666666666667,0.4609917108845456,0.23598430131872494,76.77412696873664,22.76994289942338,0.514988523336149,0.3472078171467372,136.8884101395508,29.373331309309837,10.24860897096662,5.246321724227456,11.776796213325953,6.881862491585597,0.054071419421347904,0.03645521920700651,4.654363213021972,2.57323775254358,-0.514988523336149,-0.4810666062534243
stage2_soh,53,-0.78696247788474,0.9779202488189901,0.18095728538832292,0.11154254704922474,242.27297990295835,8.736098278863572,0.2732616902637532,0.1734546198086643,83.23200294652398,16.248100615908044,0.1280975371014838,0.9647058823529412,0.4553234225733771,0.22973432965284468,73.87872861793724,22.197976816350273,0.5196240703325874,0.3575766886675767,125.55347276891054,33.34026271991142,10.122593537143741,5.107374506368978,11.298704966203324,6.675316454221444,0.0545581304732138,0.037543902887367725,4.814550064882721,2.640821644521095,-0.5196240703325874,-0.4810666062534243
stage2_soh,54,-0.7993182379337359,0.9777735395088172,0.18079026139219065,0.11110190499389573,242.3406131941653,8.60558235790388,0.2711166610853333,0.1721034641811918,82.02128333535275,16.300158307860247,0.12132448881280189,0.9647058823529412,0.46386405802973907,0.2391629648595756,84.71200708324184,22.58119226163319,0.5053904857566864,0.3459420777638169,117.45162642893436,31.450625053771187,10.312466003587609,5.316988677474703,11.935182533117866,6.825102120749923,0.05306366974914362,0.03632232241037765,4.615046988680141,2.809858350317865,-0.5053904857566864,-0.4810666062534243
stage2_soh,55,-0.8013707591416231,0.9777295267157654,0.18208378296149277,0.111871501708256,244.11080982185658,8.660917349730765,0.27029340590250456,0.17110108567516757,82.58786169960209,16.223482857810996,0.13239530611271952,0.9647058823529412,0.4612317849481675,0.23440826456336414,77.60930731893735,22.63931010600362,0.5277028592186783,0.36437503351081235,128.38347693661453,32.019237813885695,10.253946214878036,5.211283817800524,11.595507109688226,6.681695267880618,0.05540636604057461,0.038257697736635884,4.809441246780116,2.9325984162828402,-0.5277028592186783,-0.4810666062534243
stage2_soh,56,-0.8084797764418393,0.9780816290601801,0.18154932647311714,0.11149698673901302,241.56924421361336,8.723265552573276,0.268457938426625,0.1708954476792425,81.9572922739604,16.075284571221097,0.1269115818773999,0.9647058823529412,0.45573520803647843,0.2315350172365559,76.54252769060939,22.760939762190663,0.5207733482684164,0.3520196835711306,108.77271742191563,32.61142021850672,10.131748209758475,5.147406772651859,11.486150114180473,6.729107018361156,0.054678799355109144,0.03696044298548487,4.766514731458766,2.7017076200953194,-0.5207733482684164,-0.4810666062534243
stage2_soh,57,-0.8081183878910457,0.9773040697162642,0.18225340049825453,0.11160312385957924,243.07805059971756,8.713770801038532,0.2694331118927129,0.17035622651333945,81.30521052869118,16.114090898341665,0.11517107740921133,0.9647058823529412,0.46149127488507297,0.2363238871134087,81.1682008315816,22.788615533944924,0.4894528276345161,0.3448647684801151,134.06177961051097,32.52109864963222,10.259715105798312,5.253871278676344,11.863233945933452,6.910058260133827,0.05139028916323216,0.036209209904980076,4.626106583615461,2.873338776827841,-0.4894528276345161,-0.4810666062534243
stage2_soh,58,-0.8132244667824731,0.9780962999911974,0.18108283001396955,0.11111608686138601,240.2906793918867,8.647387599667113,0.2703647056610085,0.17102736495737061,82.16586059887372,16.08816560524116,0.13304626082672794,0.9647058823529412,0.46270295812871537,0.23794704577429038,77.55352890607465,23.606922406683893,0.5355380268045652,0.3590964136900855,114.97921090472542,27.91337175373117,10.286652830420163,5.289956783080088,11.82944329410397,6.935259706504471,0.05622902249518556,0.03770346700457342,4.879300070091387,2.7384798234684573,-0.5355380268045652,-0.4810666062534243
stage2_soh,59,-0.8279809642312378,0.9778468941639037,0.18146479604923502,0.11122009528538153,243.34348163306194,8.664192423877687,0.266188948500092,0.1690080630398941,81.26197740643352,16.037538660635988,0.1349059702718959,0.9647058823529412,0.46750433794452645,0.23791481778756077,84.59579822897197,21.68212669573717,0.5324641314668496,0.3683767657069599,141.0893311334899,30.947743481117325,10.393395453099691,5.289240301577027,11.9699182292789,6.84176683967794,0.05590627766392947,0.03867786115811967,4.916362304466561,2.8276938924705295,-0.5324641314668496,-0.4810666062534243
stage2_soh,60,-0.8275376635938004,0.9778028813708518,0.18130469802822435,0.11140463288740708,245.77611193021244,8.658790921955198,0.2671868770620846,0.16909449359170112,80.00199909850373,15.957744029932602,0.11247224299346699,0.9647058823529412,0.46253256041690993,0.2352288825177204,77.84964886407776,22.803667546166732,0.48401195549949655,0.3423029973390786,109.01632656930008,31.52929658272087,10.282864607168836,5.229527513576778,11.850678158801717,6.604620727254834,0.05081902268660325,0.03594023575205887,4.578813079695836,2.917830371804538,-0.48401195549949655,-0.4810666062534243
stage2_soh,61,-0.8375307385366234,0.9781989965083184,0.18084817806893552,0.1112333850006047,242.6794634141678,8.675134315391098,0.2662513950091819,0.16783001947067744,81.07282401673069,15.620542049425993,0.1276468835624994,0.9647058823529412,0.4600690911651597,0.23575404133720726,76.67929797151635,23.26644320752167,0.5206603770603282,0.34796057766960825,130.04510056801237,30.62559257256713,10.228097607075183,5.2412026636098386,11.885200555720514,6.9022635805462835,0.054666937899371264,0.036534255589589025,4.663918947285746,2.3656303872508264,-0.5206603770603282,-0.4810666062534243
stage2_soh,62,-0.8447658136932542,0.9786831372318887,0.1811953629670915,0.11110369100071497,243.9460506773595,8.684438956656571,0.26495505780467266,0.16757773895237182,81.4588679622427,15.733775393191042,0.13077224493026735,0.9647058823529412,0.46358962495259837,0.23755190153697542,82.93290296351576,22.890977847824846,0.5235583015124013,0.3652010644402574,141.83840490987512,29.916575779575243,10.306364901919387,5.281172072466525,12.016587230913482,6.802966824457796,0.054971206599349925,0.03834442717392836,4.903620004644664,2.7611688899414273,-0.5235583015124013,-0.4810666062534243
stage2_soh,63,-0.831184008422583,0.9774214371644024,0.18181721405697876,0.11152088583459419,242.20717234996607,8.676362053943944,0.2668698621175759,0.1686484427211129,80.37444217979936,15.884796915842104,0.11237639083581812,0.9647058823529412,0.459699191743055,0.23501343948437886,74.41605013731967,23.432645753493674,0.4822287472445516,0.33219996732750945,110.8063394793908,32.25149887792569,10.219874130500163,5.2247378582487025,11.7260544560208,6.813517962026569,0.05063179404538205,0.03487946420390254,4.498000210365214,2.4936905016358195,-0.4822287472445516,-0.4810666062534243
stage2_soh,64,-0.8506386371370471,0.9783457058184912,0.18148686988747467,0.11113258894072299,240.26141214725436,8.616174504610534,0.2640329601747586,0.16633287557971865,80.64954970602635,15.623967568265279,0.11653252784527984,0.9647058823529412,0.4555541039817289,0.23495401342527247,76.41765013077172,24.313648705635227,0.49241473500272687,0.3419615829984347,106.98224241847385,31.478605719784504,10.127721966777612,5.223416718566389,11.690139186915522,7.0069940979899155,0.05170127577426614,0.035904388821160614,4.587819748758594,2.59967586922843,-0.49241473500272687,-0.4810666062534243
stage2_soh,65,-0.8581706162143462,0.9785070860596814,0.18071794132118651,0.11129737381747816,243.34762750386875,8.673617240215364,0.2647215720931102,0.16663390559422353,79.84934768954848,15.552692680933983,0.1335517207781474,0.9647058823529412,0.4612393104848461,0.23944850211196086,79.75678407401564,24.406746165740266,0.5307485273719733,0.3646529397361127,137.76776640700706,30.697489496983028,10.25411352001801,5.3233366433431675,12.070700559535192,6.957899471707693,0.05572614714767233,0.03828687660837203,4.923209354320032,2.739634467386453,-0.5307485273719733,-0.4810666062534243
stage2_soh,66,-0.865579409747402,0.9781109709222148,0.1821159109408138,0.11151986302749611,242.9350813239191,8.668912489501738,0.26381392239333196,0.16606692044858626,78.86086861242461,15.45055472203855,0.1369005279505954,0.9647058823529412,0.46472733394820986,0.23617206685902442,77.67064171631597,20.49838110546024,0.5378884792083506,0.3713064376721341,115.41984352058476,35.4246971090963,10.331658056532515,5.250496063061139,11.743043983053898,6.6440496175104276,0.05647580915546234,0.03898546320052965,4.934264432077717,2.7423507198816934,-0.5378884792083506,-0.4810666062534243
stage2_soh,67,-0.8647043243623781,0.9774214371644024,0.18245233768926458,0.1116256240364151,243.58396580315437,8.712852689402798,0.2643313496860312,0.16651171815969468,79.310081956176,15.532765164289959,0.12524541408992282,0.9647058823529412,0.4597762756512777,0.23730500406202149,79.26726282752047,22.966084550184778,0.5157963410766124,0.35678894750627815,133.33655802272645,31.092623498813065,10.221587833403436,5.275683132824061,11.857521657573836,7.155072841038976,0.05415623655781079,0.03746119369910835,4.792158499585974,2.813048474893921,-0.5157963410766124,-0.4810666062534243
stage2_soh,68,-0.8762976457082708,0.9777882104398345,0.18231600019234503,0.11159340382807584,244.2686458308227,8.738069025942217,0.2626373715010872,0.16515757813773174,79.90632780567854,15.237674151836842,0.12741083432646358,0.9647058823529412,0.4593873782483542,0.23799897429222863,84.000649635232,22.16545154738088,0.5160516595616603,0.3606537971371675,129.4480843085259,32.39530530421011,10.212942000260929,5.291111240008978,11.840528600223388,6.930466207856112,0.054183043821012696,0.03786698508264925,4.830280236626833,2.931117378075087,-0.5160516595616603,-0.4810666062534243
stage2_soh,69,-0.8762105801607717,0.9777588685777999,0.18084655731163493,0.11099512299913065,242.88695121215494,8.697146947531596,0.2644895146196829,0.1659307248082362,78.74421059693776,15.371995842064448,0.11735566154706711,0.9647058823529412,0.4601206444358624,0.23613065257485882,77.23743704082582,22.429730736375962,0.49149708919808505,0.33635677902904504,118.77642320579926,29.50271128600603,10.229243721636749,5.249575354956842,11.869580458984323,6.964958230904809,0.051604927197677314,0.0353159102581044,4.562406577880617,2.273635402631504,-0.49149708919808505,-0.4810666062534243
stage2_soh,70,-0.8888456368753459,0.9776268301986444,0.1810727534836078,0.11104340072107512,239.449950986511,8.614931835389276,0.26101368709549844,0.16422043269574219,78.92380634815642,15.15548390196321,0.12672695482478422,0.9647058823529412,0.46246927075537214,0.23661222853880448,75.26736941039395,22.748362443692812,0.5192991152065755,0.3545238567297073,131.1474706161629,29.684720833083528,10.281457573207724,5.260281585953544,11.762225354335163,6.921632082025239,0.05452401168392917,0.03722336961593466,4.691130725551037,2.579605237900917,-0.5192991152065755,-0.4810666062534243
stage2_soh,71,-0.8859285928005309,0.9781109709222148,0.18118800761241408,0.11131349003730696,238.36872141297368,8.682122162398848,0.2620070271902258,0.1648027984982611,78.32857924567031,15.257243194558072,0.12146284777451964,0.9647058823529412,0.4615728067687945,0.23630573111860192,85.97513204399257,21.75970541449281,0.5002670106835192,0.3442937324754894,120.30289063739043,29.442695723288857,10.261527694561188,5.253467640851931,11.748238459528213,6.826947157116969,0.052525728499926275,0.03614925375855804,4.648391890481056,2.6581248879403154,-0.5002670106835192,-0.4810666062534243
stage2_soh,72,-0.8985361206636809,0.9773187406472815,0.18167892467384106,0.11150919197855262,242.54529044178668,8.703006976379196,0.2601102998903875,0.16327195454927385,78.8846187569065,15.003183702182632,0.1293992907685392,0.9647058823529412,0.461190108284999,0.23671552008565735,79.94311613525618,22.64482593249433,0.526552967886682,0.35634482838213444,122.54201568736423,32.56802158272358,10.253019673654098,5.262577928054078,11.958895409462588,6.946827435689353,0.05528563275491116,0.037414563239697225,4.74392481090225,2.569563142653123,-0.526552967886682,-0.4810666062534243
stage2_soh,73,-0.8988830122634008,0.978022945336111,0.18089219216492208,0.11106281607890675,243.4339972593758,8.59661484948408,0.2615860292856468,0.16397941852834497,78.76944402038171,15.170485083148655,0.13651103429934558,0.9647058823529412,0.46033963420364704,0.23557910085564443,77.27313059947065,21.826813499522974,0.5369204476141496,0.36952613858396516,132.55220827187222,32.56632321912431,10.23411222674362,5.237313447065598,12.01175702140145,6.668443762439924,0.05637417030338836,0.03879854000840059,4.945946477117086,2.8092625741706687,-0.5369204476141496,-0.4810666062534243
stage2_soh,74,-0.8997407070677003,0.9780962999911974,0.18168996292725975,0.11102232298422879,242.6515503908587,8.592435806079433,0.26083055743255745,0.16339172351584969,77.23027559792564,15.040043502012214,0.14956497438982422,0.9647058823529412,0.4649014732132199,0.2387346547699588,83.7487597290689,23.039569983532594,0.562782343461638,0.385830939046162,139.5461287261265,33.152186512254225,10.335529460706258,5.307466635053637,11.883548520814252,7.112052710338684,0.05908955007212931,0.04051046884646787,5.145488018733914,2.8546655369448724,-0.562782343461638,-0.4810666062534243
stage2_soh,75,-0.906755588453129,0.9776415011296616,0.18198588138160124,0.11170959700522992,243.84280175971662,8.720193205282389,0.2601188559479655,0.16292889691388837,78.61816193842088,15.086739686426071,0.11522144591983627,0.9647058823529412,0.46417864924765706,0.2352666718191376,75.8952544580933,21.880614974817767,0.4904826594122941,0.3391794817175205,120.27841940498809,32.70637648836322,10.31945988721288,5.230367632312897,11.723130636291353,6.923671205420848,0.05149841674951105,0.03561228101988678,4.505087268176458,2.623601314490798,-0.4904826594122941,-0.4810666062534243
stage2_soh,76,-0.9192481306404341,0.9786537953698542,0.18157696059313938,0.1113327865341864,240.85666499600774,8.682188914005344,0.2588665772734429,0.16200320587717915,78.1693566652277,14.886656922674927,0.1323212701608153,0.9647058823529412,0.46170375668063984,0.2414422084193896,80.04620335385621,24.671823659397855,0.5295294835911943,0.36346054448581794,126.74686350052566,31.826475239545804,10.264438927907902,5.367660035424515,12.016730556182747,7.293812046467764,0.05559815317387176,0.03816168060734848,4.841095348250172,2.591396917895105,-0.5295294835911943,-0.4810666062534243
stage2_soh,77,-0.9196684024713188,0.9780376162671283,0.181971019819877,0.11160802429298793,241.25041699535186,8.762361879395865,0.2592166545219475,0.16181842206167016,77.53550227073205,14.843764729840721,0.13990652464768466,0.9647058823529412,0.4601797218147893,0.23726435758209988,77.58170500639554,23.2215834913543,0.5431781755128772,0.3762192197180554,127.08164717548212,32.86378078496211,10.230557109581381,5.274779494279317,11.590943595348227,6.918939200584176,0.057031202867230374,0.03950128265376683,5.004110202296555,2.794099478174116,-0.5431781755128772,-0.4810666062534243
stage2_soh,78,-0.9282883976914822,0.9781549837152665,0.1803865584029371,0.11103944851307218,240.3133570661168,8.733273836343024,0.25810033512195296,0.16137041563211493,76.70275620584572,14.773094146513436,0.13557481569986718,0.9647058823529412,0.4572189490243238,0.23469265044173773,77.1405864178496,22.74446055701543,0.5317402209530889,0.3699876370876297,125.41435505150007,33.37220395349405,10.164734228464638,5.217606186718446,11.879692460162035,6.734981935345583,0.0558302703992248,0.038846995222494136,4.954715089566748,3.0190992515020914,-0.5317402209530889,-0.4810666062534243
stage2_soh,79,-0.9371653716576281,0.9780669581291629,0.1823926870301463,0.11162831076212996,245.4923305165238,8.634692389108213,0.2552206623574704,0.15974986103581895,76.65441117212676,14.662946421555263,0.12235848554501347,0.9647058823529412,0.4623491371868257,0.23258572034172567,77.22620277403685,22.496521886370548,0.5039021333422529,0.35215515433719347,110.35715400633237,30.665653518208224,10.278786805080555,5.170765642269717,11.416847327743966,6.66622906476533,0.05290739961107089,0.03697466679102458,4.750663817113643,2.6920087521190816,-0.5039021333422529,-0.4810666062534243
stage2_soh,80,-0.9376177447477608,0.977656172060679,0.18144699786865826,0.11130880859271543,239.54810829800854,8.665406639034853,0.257211739750758,0.16053126479543667,76.34758598318119,14.62393471970043,0.12066450942965115,0.9647058823529412,0.45761069364180346,0.23502634316682816,77.19052485917233,21.471613823037355,0.5018354691195137,0.34527057148516177,117.29616274218351,28.790533568232362,10.173443359900702,5.22502472847345,11.672431786843342,6.662508387633563,0.052690409400751426,0.036251817348629846,4.63808526660687,2.4969516364157665,-0.5018354691195137,-0.4810666062534243
stage2_soh,81,-0.9469580779084437,0.9776121592676271,0.18121433299310072,0.11137019591762123,243.8516130234949,8.670564706076638,0.2563182418326388,0.15963481135032404,75.55020438928955,14.544782752413656,0.13350696774090037,0.9647058823529412,0.46170288967403067,0.2349601783680127,78.14616773330091,20.94656842313429,0.5264220802070355,0.37033783085096406,136.30024874897478,31.24060361157745,10.264419652915526,5.223553775450453,11.666494330751945,6.855394741139409,0.05527189015230439,0.03888376395227733,4.991262061581224,2.8332008929987915,-0.5264220802070355,-0.4810666062534243
stage2_soh,82,-0.9416612628910213,0.9773040697162642,0.18160424559814956,0.11128139470738387,240.0742751782416,8.636332082515416,0.2576297056592598,0.1598644518934396,76.22880346226914,14.464083430792485,0.11847453938395369,0.9647058823529412,0.4616774735307932,0.2377328886997466,81.8162379827336,23.882200546849628,0.49442914216324313,0.34155393755976476,114.68003523573427,29.78638944025921,10.26385460997128,5.285195716745178,11.70054270772779,7.227700748356283,0.05191277923410256,0.03586158793047915,4.576270483138205,2.657845290212754,-0.49442914216324313,-0.4810666062534243
stage2_soh,83,-0.9499263520713829,0.9777148557847481,0.1809950950846769,0.11104485352484902,239.94322601260637,8.653838285055377,0.25548054254359354,0.15921095189938783,75.92577227673381,14.534925128334422,0.12879998949812907,0.9647058823529412,0.46160056714283465,0.23657951554940904,77.89444932603871,23.78684505523541,0.517932222257737,0.35822838911896243,127.82897541917677,31.704776832997002,10.26214485363739,5.25955432203823,11.744452174167405,6.907366962873879,0.054380494229478084,0.03761232842861219,4.827656563108868,2.7824547566662265,-0.517932222257737,-0.4810666062534243
stage2_soh,84,-0.9621743047563743,0.9778909069569555,0.1815417094766126,0.11141544319693851,240.80740576850602,8.671601265762781,0.25459815674454267,0.158569755441207,75.49514446190494,14.496229427553434,0.12902373005362117,0.9647058823529412,0.4623784943304358,0.23887939114014015,78.09724215810063,23.97210776090974,0.5197106263378265,0.35709743922685877,121.97279169188921,29.137688665264683,10.279439462987979,5.310684364194622,12.284617572803027,6.977724279982778,0.054567218454500056,0.03749358390676475,4.776663352023667,2.7467203757924783,-0.5197106263378265,-0.4810666062534243
stage2_soh,85,-0.9603234646707273,0.9776121592676271,0.18257103085496795,0.11188007106000662,244.7920108279424,8.73767783326878,0.25516546757204933,0.15818757381691245,75.67518958744611,14.341106644859103,0.11905707730089916,0.9647058823529412,0.4517558139084971,0.2308004839199723,77.54919591702128,21.992758814553213,0.49316271953614177,0.3499984682081085,138.0733394920047,30.522854259796162,10.043279689834796,5.131076880898776,11.702221566601276,6.899014002929146,0.05177981069998635,0.03674822469579009,4.738590795237322,2.693470289029023,-0.49316271953614177,-0.4810666062534243
stage2_soh,86,-0.966258660493569,0.977656172060679,0.18087179428474076,0.11115378223886908,242.19273487360326,8.674396597159774,0.25556814171465286,0.15907668521088517,76.19260765802449,14.586150474790209,0.11840914148910373,0.9647058823529412,0.46448200262696804,0.23242747545899714,77.70951979441101,21.06650214188584,0.4971193089014292,0.34510726141652054,120.70051895252894,32.01987303925229,10.326203935080065,5.167247596529525,11.516434543678114,6.635643888984963,0.05219523433246379,0.036234670544736,4.6533997503198465,2.7021861549153625,-0.4971193089014292,-0.4810666062534243
stage2_soh,87,-0.9678787702927304,0.9777441976467827,0.18127378864359497,0.111354100634361,244.0364340163461,8.583086284789438,0.25349088144647935,0.15784942527832815,74.92325407028778,14.45312310030667,0.12576231953560138,0.9647058823529412,0.4624811253731317,0.2364612501799403,79.40375412139394,23.676846868442396,0.5110388630196362,0.3532551757991314,126.46500163467948,30.784843469614593,10.281721120987543,5.256925087069631,11.720116465384791,6.988011088748677,0.05365672330702963,0.037090163970370675,4.7108511360628595,2.6672438259181677,-0.5110388630196362,-0.4810666062534243
stage2_soh,88,-0.9720356825431228,0.9772893987852469,0.18237165569034497,0.11186187067366839,243.23671988772824,8.704852132644834,0.25316373641616235,0.15749427169533758,75.0525943270707,14.473298231712667,0.12516007522741954,0.9647058823529412,0.4628754779968901,0.2391847039919858,82.84145993743365,22.457659128456562,0.5147046056023737,0.3454156278723887,121.13896000719025,32.44696401350985,10.290488232721113,5.317471974380438,11.95332207056914,6.892792946998879,0.054041609368951665,0.03626704760017542,4.583815414699754,2.6497906674407816,-0.5147046056023737,-0.4810666062534243
stage2_soh,89,-0.97390711639469,0.9773627534403333,0.1817428123907961,0.11170379636734122,245.80381214342088,8.738294593285431,0.25442803616681664,0.1577122583446104,74.69589694070244,14.321143783262048,0.12544409366799336,0.9647058823529412,0.46146065061652647,0.2353686045234402,80.97176727617668,21.754862872755513,0.513798505763448,0.34990149386884534,142.1652402436843,28.861800278342553,10.259034277605648,5.23263376509378,11.692755397625367,6.605826010390881,0.053946473065504014,0.036738042837488785,4.681985553799174,2.8364173990748855,-0.513798505763448,-0.4810666062534243
stage2_soh,90,-0.9820874095267385,0.9782136674393357,0.18189406484822124,0.11163755403868082,240.34917094420877,8.655406266692566,0.25225463170712537,0.15691850738579977,74.67211769920735,14.285195089151085,0.12434639771487199,0.9647058823529412,0.46717630587987535,0.2405646793836472,80.10099521220575,22.89386399517391,0.5119062345193027,0.35156561995253843,127.86285971990242,31.113765189447022,10.38610275719829,5.348151112084579,11.93885500260317,6.808522738991576,0.053747793313500394,0.03691276840002844,4.660763803249888,2.7405934501589577,-0.5119062345193027,-0.4810666062534243
stage2_soh,91,-0.9858699113927198,0.9775388046125407,0.18137264665477448,0.11152169944134016,246.203105415369,8.696569445662812,0.25107799816895754,0.15587512132244996,74.39974190436887,14.233175822035108,0.11599918371614287,0.9647058823529412,0.46178794674365603,0.23477666535433017,77.91977509571396,22.69527023337741,0.4872835246687657,0.33678053602868435,130.31281706110778,26.92654977793678,10.266310612397495,5.2194739773241325,11.907259127507599,6.783161973166302,0.05116252235834649,0.03536040278836856,4.579906054003803,2.5822199475292824,-0.4872835246687657,-0.4810666062534243
stage2_soh,92,-0.9900581093045882,0.9781109709222148,0.18174394807917954,0.11144472326972635,240.8827225176865,8.67746972022061,0.25229162891076723,0.15625815063245427,74.25060468197239,14.170279293549948,0.1437900212465548,0.9647058823529412,0.4595223590669772,0.23185469853673496,74.3552341921152,21.461840371143285,0.5551998495034739,0.37830655868073887,132.34851168652298,30.913131469559918,10.215942847339054,5.154513817233157,11.574195212233295,6.481741055772028,0.058293423182901316,0.03972044361641242,5.052742520173268,2.8046626418654514,-0.5551998495034739,-0.4810666062534243
stage2_soh,93,-0.9950602531454092,0.9777001848537308,0.18112849520650032,0.11100385295397307,241.39988338855767,8.659697982359253,0.25159540646175094,0.15650739997917829,74.25961182774115,14.225669494233673,0.1355431831934873,0.9647058823529412,0.4621535367397861,0.23441051261170823,78.53218898519552,21.172072449536447,0.5345547513656146,0.37110632643761005,132.69195720078523,31.82365126579677,10.274438283298226,5.211333795637179,11.817450561294809,6.7236410777695985,0.05612578310972938,0.0389644524439738,4.978623325749642,2.6976489852573327,-0.5345547513656146,-0.4810666062534243
stage2_soh,94,-1.0060976611130645,0.977861565094921,0.18120599319042638,0.1115106729949979,240.8364578549519,8.681893166494142,0.25048156666623744,0.15529455068434003,74.66991208231222,14.049109378628069,0.1186075522034776,0.9647058823529412,0.46270936223937514,0.236507062880578,77.72652979267754,21.604728426208087,0.498333124189897,0.34476611752647396,115.66148696007106,28.35018286245673,10.286795204403054,5.257943579254315,11.809689006663826,6.7407936223785105,0.05232267933868959,0.03619885200990294,4.624733415180999,2.6997276705950566,-0.498333124189897,-0.4810666062534243
stage2_soh,95,-0.9998563187110662,0.978228338370353,0.18185649162140283,0.111577308413029,241.76496328287425,8.66731203086184,0.2497473237451894,0.15528746679436403,73.98870633696207,14.094360485738832,0.15321872389199687,0.9647058823529412,0.4660797455695284,0.2411056221937578,80.41732443073991,23.251807207528536,0.5728725454198261,0.38517217577672475,135.29316277924167,28.33819373286422,10.361724405986152,5.360177166361871,11.985312320733312,7.044381448695505,0.06014897473385361,0.04044130174190722,5.151752612105345,2.6846190582579395,-0.5728725454198261,-0.4810666062534243
stage2_soh,96,-1.0075367814844431,0.9774507790264371,0.1818398008687525,0.11139318443025938,239.69089101387152,8.689291415832862,0.24980349950454153,0.15452015164481583,73.35469147030477,13.848029886092213,0.132474224357044,0.9647058823529412,0.46146325190834375,0.23456392968256098,78.39363314071598,20.51813111339013,0.5275261803709514,0.371027456213008,135.00263636887792,31.49186664657414,10.25909210862956,5.214744511126238,11.769649962371547,6.4730383601815875,0.055387815576544,0.0389561714342016,4.9558445573168175,3.182476678011957,-0.5275261803709514,-0.4810666062534243
stage2_soh,97,-1.014120069958613,0.978125641853232,0.1820145326572649,0.11133115526747304,240.05830306192104,8.589295700746874,0.25145391132474404,0.15485824242342294,73.02648979231886,14.065795589535206,0.12821666639225154,0.9647058823529412,0.45609231644300624,0.23189178583960907,78.66066834614718,19.850671817143418,0.5182879156896825,0.35459699672738126,127.10649233329634,31.406679461082383,10.139687320879856,5.155338329379406,11.818139063841635,6.490381207773736,0.05441784039909668,0.03723104897831168,4.769412975419327,2.780224845870564,-0.5182879156896825,-0.4810666062534243
stage2_soh,98,-1.0233888939171238,0.977553475543558,0.18059870583779664,0.1109689505238095,240.6721448932063,8.647409282871164,0.24920242302621243,0.15400089056319127,73.17619119569524,13.853008520558646,0.13701502628186168,0.9647058823529412,0.4655397359220829,0.23930994022053245,81.9966632876447,24.76991837526143,0.540483949443048,0.36579991391512984,128.21816569849202,29.843021800571336,10.34971909745989,5.320256183087599,11.808624969395886,7.090749830562509,0.056748321557771424,0.03840730360642886,4.884539309648609,2.6726935443375575,-0.540483949443048,-0.4810666062534243
stage2_soh,99,-1.0201880724013634,0.9774801208884716,0.1815556684088341,0.11120451778776862,238.70295797722483,8.627531050029681,0.24737541943808836,0.15340357861585832,73.53164545805211,13.893576798609612,0.13342175745204382,0.9647058823529412,0.45608261888359686,0.22909965456700793,75.36369123095541,21.10940096520319,0.5276050483698038,0.3648256827328427,130.0037306261215,30.011506376329805,10.139471728078485,5.093264628415044,11.339875053026049,6.39184552853877,0.05539609635262274,0.03830501382620319,4.91485713370809,2.7026503898978254,-0.5276050483698038,-0.4810666062534243
stage2_soh,100,-1.0229494212494397,0.9780816290601801,0.18067106143482195,0.11120114026368934,242.73238479233586,8.666636488034225,0.24712203757504175,0.15328946288202644,73.46790430069134,13.800415755043101,0.12226080967515122,0.9647058823529412,0.4588854823614819,0.2363624814678641,75.98067663375997,24.082454628372837,0.5057522439761883,0.3451936233167847,115.16650914012534,32.29243765890861,10.201784023735014,5.254729295074386,11.821492757200145,7.105257478347809,0.05310165269348012,0.03624373814589525,4.636895502919133,2.687598086919698,-0.5057522439761883,-0.4810666062534243
stage2_soh,101,-1.0287817154183627,0.9776708429916963,0.18209613978833356,0.11148832182816852,241.49848742218234,8.649680193811214,0.24768469860223835,0.15305112482954233,71.96915085813077,13.701641745164402,0.12637418159375005,0.9647058823529412,0.46176146091129255,0.23806803792021147,80.65865640947135,24.599399320182773,0.5092607090534924,0.36371147756409994,141.76662315990836,33.50679199501193,10.265721788492955,5.2926466388037925,11.75158064234271,6.967972814490906,0.05347002534281823,0.03818802742306891,4.893929935824103,2.8024415339350823,-0.5092607090534924,-0.4810666062534243
stage2_soh,102,-1.0288094054616914,0.9773920953023679,0.18187554837161246,0.11117056435861537,242.08288546861525,8.610266089626517,0.2465785056130263,0.1526846804569927,72.4082494818251,13.859699221464215,0.1279778423700847,0.9647058823529412,0.4570651447816591,0.23027962932874466,75.35791084758029,20.894120852395982,0.5195914692448007,0.34702003772790524,122.24722038398185,29.776136942761223,10.161314905505181,5.119497420986185,11.466887685052265,6.640865852063961,0.05455470750937785,0.036435503234214385,4.624723936165742,2.311279692737869,-0.5195914692448007,-0.4810666062534243
stage2_soh,103,-1.033605569517286,0.9783897186115431,0.18199601228266452,0.11143026383359857,246.5902179401044,8.667727163456323,0.2486588526106611,0.1537881513494395,72.03881573544369,13.863186028208801,0.10555025207645753,0.9647058823529412,0.45850683013768784,0.23480656044375078,78.12539176078015,22.43984952160034,0.46266733461907217,0.32550327662634204,122.7396368659508,27.111931820199846,10.193365957886916,5.220138594657568,11.646705596062517,6.7291275068528815,0.048577935952206754,0.03417634257064334,4.414880309520579,2.476752880573703,-0.46266733461907217,-0.46266733461907217
stage2_soh,104,-1.041209364732433,0.9780669581291629,0.18159937602544568,0.11125935003084533,239.88690350472103,8.640111348837639,0.24794573579169224,0.15248089794916644,71.81278998345203,13.722282084366809,0.12166103145071104,0.9647058823529412,0.46855407464401044,0.2458564373564121,83.47369471626696,23.381487041382066,0.503347049710809,0.347962835179094,121.81269698724235,28.066712907529812,10.416732837919133,5.465795653084677,12.190336355996266,7.081178904625328,0.052849118390248154,0.03653449261767163,4.645852597623678,2.560408405522981,-0.503347049710809,-0.46266733461907217
stage2_soh,105,-1.0508068550507832,0.9774214371644024,0.18134135166238916,0.11137999974273223,245.33604750656522,8.718555627163523,0.24693706003145585,0.1522656670486289,71.39922038922069,13.720664197771292,0.13140477159736202,0.9647058823529412,0.4587987802292756,0.2336143923357275,81.20838285186555,22.113395245566075,0.5284306730876298,0.35781106172567784,126.21081038960646,28.44850620108327,10.199856491788234,5.193634723810641,11.569985371891097,7.064254209665431,0.05548278313956899,0.03756851097735691,4.803401954054527,2.374987066060986,-0.5284306730876298,-0.46266733461907217
stage2_soh,106,-1.0460516792490835,0.9771280185440568,0.1814199675051936,0.11150057582006474,241.35887191968664,8.689417323630174,0.24526969844893484,0.15140060432144622,70.61101622220832,13.517763755873904,0.12184819399433977,0.9647058823529412,0.46217848132605444,0.23501510605508205,78.14264025641835,22.418546404400235,0.5010279769435609,0.3486896745751009,124.72609554723742,26.801775100131486,10.274992842750319,5.224774908874681,11.618141371123922,6.941788639985138,0.05260562644706043,0.03661080740150186,4.703327578704258,2.6583737645117,-0.5010279769435609,-0.46266733461907217
stage2_soh,107,-1.054270257538765,0.9779642616120419,0.18166150673584233,0.11128730502468656,241.69980299811718,8.599234493690064,0.24528195421267412,0.1513341261328673,71.36113500162709,13.61398295683915,0.11952973677247178,0.9647058823529412,0.4622187626636122,0.23963271308799877,85.71944787606996,23.239302995760063,0.49639842140122054,0.35319363867644876,133.87587354111292,30.35186307081968,10.275888363575769,5.3274319583282255,11.981991235193036,7.267317041826141,0.052119544470237596,0.037083702856346226,4.756491608912127,2.67993170019343,-0.49639842140122054,-0.46266733461907217
stage2_soh,108,-1.0493878948657376,0.9785070860596814,0.18078241397347278,0.1107023388408953,240.8876956681179,8.62778972419979,0.24498267488446956,0.15144778556673952,72.34377631637497,13.575129038695891,0.12965385963519413,0.9647058823529412,0.45309406563256044,0.23185225848619845,76.81679881128407,23.091377340918733,0.5248316147884431,0.3553406533182544,126.73812104043559,30.15676297538834,10.073031241328703,5.154459570869876,11.899758516879155,6.905980364441031,0.05510489861981984,0.03730912949002884,4.737889992333512,2.5268655202391352,-0.5248316147884431,-0.46266733461907217
stage2_soh,109,-1.0634489033354486,0.9773187406472815,0.18189944385189297,0.11142260647842023,242.5237947266751,8.663852115324076,0.24530965341121333,0.15107805073697983,71.85416092532887,13.507357348435107,0.13707765045703627,0.9647058823529412,0.4571756859876683,0.23280621846845628,76.11203686271007,21.515966627922488,0.539265278141843,0.3652033332406598,124.19951341303057,27.664805607156406,10.163772419531613,5.175667680693264,12.0158518058374,6.775531322934772,0.056620366692607955,0.038344665387505125,4.9037546777579255,2.3981780851977317,-0.539265278141843,-0.46266733461907217
stage2_soh,110,-1.0590749407999638,0.977656172060679,0.18141078291068732,0.11123372345035992,243.51151196447975,8.634511388015024,0.24326070523373966,0.15015810698502174,70.74292787531209,13.412736282522502,0.13048231105009714,0.9647058823529412,0.4576775207649429,0.23421485139349218,79.03915717734044,22.098549750244533,0.5220722736469904,0.36299422527754716,127.36508208524609,32.234741826757976,10.174929037489994,5.206983922810982,11.559796783628313,7.113882999834625,0.05481518052820194,0.03811271924150814,4.855560065748687,2.580418620251944,-0.5220722736469904,-0.46266733461907217
stage2_soh,111,-1.061403555601913,0.9780522871981456,0.18122250388871106,0.11116907225604022,244.44425991515604,8.63635384531229,0.24346866162508224,0.15021024435916921,69.94631228757186,13.581954172750464,0.1298166439813726,0.9647058823529412,0.46065207193694485,0.23610378731334325,74.35696273310093,22.85356407181475,0.5215670624479167,0.3664965674646345,128.2226142389789,30.476377483421814,10.241058234840384,5.24897809571405,11.655474724870237,6.982795095161073,0.0547621356827275,0.038480449015617035,4.953147868331413,2.8130523807648182,-0.5215670624479167,-0.46266733461907217
stage2_soh,112,-1.074171739380662,0.9779936034740765,0.18083658655113682,0.11102096896286053,240.71158439932452,8.679099186722024,0.24328229173450722,0.15002338665836135,71.61311912006899,13.407462255093069,0.12953504423300424,0.9647058823529412,0.4549109425413844,0.23409802279818584,78.56499272075051,22.738326875651698,0.520607204850891,0.3602180969189195,135.98351383051607,30.252928487469667,10.113423423112595,5.204386629710799,11.510160987801639,7.035674203739642,0.05466135506265207,0.03782123856952261,4.877369237376622,2.580805875441191,-0.520607204850891,-0.46266733461907217
stage2_soh,113,-1.0626574908933961,0.9778762360259382,0.1814350266769275,0.11138789700673629,241.98711637339545,8.617374176969838,0.2431051897034946,0.14998961513344813,70.82109387907343,13.388552820616546,0.1306784646768196,0.9647058823529412,0.4568936095707684,0.23058123979717493,76.61251889479949,21.298678379893794,0.5214970438953135,0.3648276805768118,142.64129304532395,28.85034834946133,10.157501393765896,5.12620272105885,11.448223000691161,6.77049053166488,0.05475478405768437,0.03830522359060432,4.91890312372325,2.7716350246157075,-0.5214970438953135,-0.46266733461907217
stage2_soh,114,-1.0780168520775009,0.9783163639564567,0.18091008592857655,0.11150125327502529,246.6011163265823,8.649768175180244,0.24225517964864698,0.14965630110321956,70.930707742143,13.354743561402104,0.12010099608816352,0.9647058823529412,0.46297166480500507,0.2366748629320486,80.1085990700163,21.91096320378606,0.49914337588095753,0.35023940839421225,125.60093936009025,33.13413038280329,10.292626624716588,5.261674052215597,11.85952195775348,6.999051981206694,0.052407752028737854,0.036773522303926824,4.710670114845182,2.6411102828729693,-0.49914337588095753,-0.46266733461907217
stage2_soh,115,-1.0828727043688338,0.9777882104398345,0.18150978006062657,0.11104942556477984,242.6932173532942,8.611342268026853,0.24279084443608703,0.14954156755146436,69.81364631118176,13.34645874032119,0.1184878637101136,0.9647058823529412,0.4627138262208616,0.2377082490124831,79.33802654094858,24.557902078626125,0.49713423186980266,0.3467499932475096,126.06547693188384,31.209744807077712,10.286894446102261,5.284647935702769,11.843973526984483,7.083699789627953,0.05219680117530664,0.03640714980942872,4.627222684066515,2.604702233514585,-0.49713423186980266,-0.46266733461907217
stage2_soh,116,-1.0802671059361402,0.978125641853232,0.18173356226109078,0.11164197696261838,243.7353486664106,8.7471771513075,0.24232730147698417,0.14926259029043137,69.59591189569372,13.343824330599782,0.11404010200617361,0.9647058823529412,0.45772360523555866,0.23444610948802208,74.47905395445481,22.755559407757783,0.4850743134632991,0.335960323370847,121.6269120307744,27.18828781638498,10.175953571571243,5.212125173133381,11.666475535411259,6.704727606920224,0.05093056537237856,0.035274284242756485,4.536670733489546,2.471475661016434,-0.4850743134632991,-0.46266733461907217
stage2_soh,117,-1.090323575865666,0.9775241336815235,0.18113269770418294,0.1112471284890685,241.58342323552034,8.628339102808646,0.24192401530894986,0.1488110992245694,70.29590353270109,13.17012129585263,0.1268703591005475,0.9647058823529412,0.4595546342695277,0.2374301897800144,73.44041634310074,23.88238460986562,0.5120762748867518,0.3629468773619509,115.15775532601573,32.84536510270749,10.216660378527985,5.278466218597984,11.753443899501429,6.76395131201275,0.05376564676772368,0.03810774792877607,4.890689880342456,2.9043844043662053,-0.5120762748867518,-0.46266733461907217
stage2_soh,118,-1.0967103031185925,0.9779202488189901,0.18128551016646033,0.11120037019884926,242.63045628314117,8.646392398579895,0.23982336313161057,0.14729060856786802,69.40489534092991,13.076126872089649,0.11013624015099863,0.9647058823529412,0.4602278325871442,0.23782604258158244,77.29924663305218,24.184300484269684,0.47422668865149925,0.33452021743298743,120.07451878736082,31.130097762800133,10.231626691705126,5.287266681768022,11.723788783335705,7.22365085603292,0.0497916148048503,0.03512307976217362,4.495054062408385,2.5509042578408887,-0.47422668865149925,-0.46266733461907217
stage2_soh,119,-1.092455276538815,0.977861565094921,0.18175667841799426,0.11135597962948045,241.38592363655746,8.663069713417087,0.2414489754945692,0.14878240618304264,70.37708925128939,13.240565904030177,0.13174616633092656,0.9647058823529412,0.4622463694033996,0.2375177956021884,80.21461678621539,21.901577233976937,0.5278224213519731,0.3672903915100238,142.8546965687384,32.6366557254992,10.276502107108165,5.2804138410689365,11.915187710573461,6.711805541262877,0.0554189195130567,0.038563796878646944,4.90303133355895,2.7930591907274933,-0.5278224213519731,-0.46266733461907217
stage2_soh,120,-1.0973828177469436,0.9778175523018691,0.18074887935725517,0.1112524519507049,242.6679662144863,8.699402231416926,0.24142725596845355,0.14813808889648514,69.39988760024922,13.136923164625884,0.12366424480489656,0.9647058823529412,0.45774626867695445,0.2374735776809793,82.62182414376981,24.974129644130016,0.5108518055881422,0.34521188004417164,115.17663974762236,29.01478722618111,10.176457417396055,5.279430803471337,12.05929239677827,7.1248835772738275,0.0536370831395776,0.03624565501805661,4.644640903448159,2.526746957079151,-0.5108518055881422,-0.46266733461907217
stage2_soh,121,-1.1062446992787176,0.9778909069569555,0.18018878345017797,0.11075674564240044,238.99196898252896,8.678132862929147,0.23919581410101365,0.14710277577919037,69.87981805713248,13.018253121946332,0.13048212677240373,0.9647058823529412,0.46368587740482464,0.24047975109013564,80.10370563245822,24.471908631902355,0.519282587109819,0.36633035516841156,135.60670000718395,31.188408656094413,10.30850475329214,5.346263015508826,11.948425038280359,6.848931525678776,0.05452227631001022,0.03846299749121444,4.939158280541102,2.8105946055474154,-0.519282587109819,-0.46266733461907217
stage2_soh,122,-1.10104274900512,0.9774801208884716,0.18129887160593056,0.11133676001521838,243.43361033427104,8.692010634630602,0.24175002285980504,0.1482308704834725,69.67334724081881,13.101418627370936,0.1288525907432332,0.9647058823529412,0.46143362595033177,0.237366446093017,81.28119166414209,23.70557515304568,0.5188280519460706,0.36238284133849485,128.3285800918893,30.556650361431103,10.258433474532923,5.2770490908992,11.72882153610628,7.063438728112191,0.05447455221448752,0.038048526748087466,4.876174047744899,2.688927483977937,-0.5188280519460706,-0.46266733461907217
stage2_soh,123,-1.1023562339398683,0.9779936034740765,0.18160863022158455,0.11132253735813712,243.76389513421515,8.605215908775714,0.24026120607824392,0.1477341820757422,69.75444408411998,13.109479497275084,0.12179037341300179,0.9647058823529412,0.4601759674971102,0.2337346823009498,76.75126041744754,22.344231209274213,0.5061080738819386,0.357154224597502,126.46237434923071,35.86982629113473,10.230473644883565,5.196308968894851,11.754222696544316,6.927605811864184,0.053139013192218684,0.037499546108743856,4.763499270981127,2.757185222872697,-0.5061080738819386,-0.46266733461907217
stage2_soh,124,-1.1116267669222233,0.9777441976467827,0.1808573270785749,0.11104410187541605,243.22833250505843,8.574822746953291,0.2409405852131726,0.14715242002383355,69.74349761524688,12.983630608472875,0.1384226778704746,0.9647058823529412,0.46703614491666123,0.24104031132643713,83.7355841879859,22.337769508533107,0.5457021473537043,0.3696980350815198,117.14556421867508,34.00179206765045,10.382986746929431,5.35872519764981,12.167981447640804,7.0594764012858455,0.057296208267989465,0.03881658834772304,4.912471112294017,2.6099661253535,-0.5457021473537043,-0.46266733461907217
stage2_soh,125,-1.1141687851217843,0.9776415011296616,0.1814048287741913,0.11125609737761952,240.0637638536743,8.64299887703941,0.2397316739692186,0.14698106590411666,68.95605063088671,12.965487692286658,0.12550273490887062,0.9647058823529412,0.46309993396709687,0.24177052950961334,83.03492800521161,24.7466807406569,0.5120775208082401,0.358744596489066,138.6953828774281,31.814520127456813,10.295478260557916,5.374959156842921,12.003626941491907,6.913835269838117,0.05376577758373279,0.03766652782132185,4.846670002309551,2.926679163896424,-0.5120775208082401,-0.46266733461907217
stage2_soh,126,-1.110089327394219,0.9775974883366099,0.18139721175268117,0.11172768582849474,242.5670876695184,8.699495714700898,0.2398479275857095,0.14707284596874448,69.01709746938535,12.984139013586717,0.13324955180287362,0.9647058823529412,0.4579993914544964,0.23447433383952754,80.61915830673664,23.59401517180155,0.5254547330073047,0.3742813363013899,144.37656385400084,31.831547079915495,10.182084755821935,5.2127526471968135,11.53941150883191,6.893342753706652,0.05517032315849282,0.039297813834047526,5.044697544029598,2.9464308415626,-0.5254547330073047,-0.46266733461907217
stage2_soh,127,-1.120675707663705,0.978595111645785,0.18192810139600202,0.11146411332885973,241.47628418225787,8.648876607362407,0.23698940102256522,0.14527186195336558,68.33596246605873,12.906477524831864,0.12873476360942804,0.9647058823529412,0.45779952868957563,0.23568429016124676,75.54400044455014,22.716570018680283,0.5207312152086919,0.35580409595779344,127.36534900478165,27.66785031747544,10.177641475656227,5.239651979485146,11.75511895846794,6.842820742970026,0.05467437557818863,0.03735778882942133,4.789555605368805,2.6457940158876725,-0.5207312152086919,-0.46266733461907217
stage2_soh,128,-1.1308021000431918,0.9775094627505061,0.1816759572999146,0.11154984233587453,243.01785461647,8.730091373251046,0.23761763931892682,0.14545088834096073,68.28343762064186,12.80697597042381,0.11829252862462811,0.9647058823529412,0.459348022278913,0.23424420228556675,73.91002803190192,23.553761786237533,0.4979292809051212,0.3467660944214931,130.27021645623782,31.019739180006578,10.212067051900789,5.207636441736418,11.722190540284876,6.756397991262367,0.052280277656628495,0.0364088403584258,4.649506398275138,2.615860382187817,-0.4979292809051212,-0.46266733461907217
stage2_soh,129,-1.1248036653746958,0.9781549837152665,0.18167503860230047,0.11132406946650407,242.1572256982766,8.640337244468682,0.23749309067242197,0.14520187500671866,67.9694566360495,12.789483774918526,0.11883712876953331,0.9647058823529412,0.4628063210207207,0.23540720540080584,73.35326189785279,22.247021798965466,0.5024791416032592,0.342418132963426,123.66190461941412,29.41007720478902,10.288950758641558,5.233491926506917,12.093364335516108,6.653811554045971,0.052757992042424914,0.03595232446151999,4.558717351675878,2.5444786637481718,-0.5024791416032592,-0.46266733461907217
stage2_soh,130,-1.1252322111053927,0.9781403127842493,0.18196970776975135,0.11163919542371689,243.04068920688235,8.723770266799374,0.2393607154599714,0.14597497448280314,68.92766457108428,12.836306928135889,0.11174703978148161,0.9647058823529412,0.4644275002185318,0.24125112310855412,84.70645271348025,23.099289485783498,0.4825503507265206,0.32847832792675963,113.95831858454069,27.179882258338317,10.32499225630396,5.36341189259546,12.03958603435262,6.99297973543421,0.05066556092750258,0.03448870923392896,4.410295258496135,2.299235464769841,-0.4825503507265206,-0.46266733461907217
stage2_soh,131,-1.1312916527569272,0.9784337314045949,0.18144108244179324,0.11108822411136557,239.95203022573068,8.590142274596872,0.23626444914364975,0.14498759529789237,68.30949277671854,12.897254181653564,0.11465821418107724,0.9647058823529412,0.4618526281440019,0.23713779976299287,77.46735002975217,24.8758397280828,0.4878352799891896,0.33950685497702043,120.62271415779975,29.808879441465507,10.267748587016536,5.271965904425918,11.732686774236555,6.97676921844112,0.05122045412186489,0.03564665370203333,4.557931264322903,2.5951425144098703,-0.4878352799891896,-0.46266733461907217
stage2_soh,132,-1.1448692767183068,0.9778322232328863,0.18172896988982237,0.11153647519613452,243.83962596489542,8.775239482900481,0.23805315506456143,0.14481036304901415,68.70742330829201,12.659546554050353,0.1353057860451586,0.9647058823529412,0.4616464163449236,0.23608703307953535,76.93697990867409,21.737367190898052,0.5372305163170334,0.367795747542279,127.79992677105379,31.078509182566876,10.263164157309767,5.248605621357459,11.862621858316839,7.021434247239671,0.056406726086912336,0.03861685693093737,4.900212378196092,2.7718446343241734,-0.5372305163170334,-0.46266733461907217
stage2_soh,133,-1.147746372581777,0.9780376162671283,0.18182438505456788,0.11126628147230157,241.57453085731422,8.579271624312156,0.23547469262706353,0.14381443445588132,67.96581042757602,12.479750309988333,0.12011183858209966,0.9647058823529412,0.4623161880934798,0.23510783987996334,80.28960202628357,21.635807633482354,0.5005494106654188,0.3444262155185581,133.44064110160593,27.20298945926125,10.278054292183521,5.226836535335961,11.84640911420645,6.905345214979026,0.052555379195376645,0.03616316386696509,4.636915109587635,2.5895531146903235,-0.5005494106654188,-0.46266733461907217
stage2_soh,134,-1.137903482347114,0.9783897186115431,0.1807504811752605,0.1111361922354225,241.36979883532067,8.649670090561152,0.23589232141788585,0.14478243796457854,68.0520243048761,12.766314708889482,0.1261119431286466,0.9647058823529412,0.46013872831355584,0.23391584913501992,75.980255183618,23.51631559000079,0.5158192246906513,0.3549517209477284,132.58612679327499,30.261902008799908,10.229645756178332,5.20033660756395,11.67058689068169,6.907747231521411,0.05415863923172778,0.03726829338518322,4.773097902623301,2.5768475997597906,-0.5158192246906513,-0.46266733461907217
stage2_soh,135,-1.1445847967134732,0.9778909069569555,0.18104673196709045,0.11149091085143387,242.69871198390584,8.76643851922884,0.23672849918706496,0.14449689867397175,67.47334470718891,12.735258611138013,0.12333494746217541,0.9647058823529412,0.4659421464452333,0.24229358025260417,80.30367353435986,24.436469309406057,0.5079672250355045,0.353496282229967,121.62279534314008,31.365410398194733,10.358665349637953,5.386587440845253,12.14177876235649,7.129962039348866,0.05333421548748718,0.0371154790334374,4.788806647801026,2.584816853587315,-0.5079672250355045,-0.46266733461907217
stage2_soh,136,-1.1417194135256006,0.9775681464745752,0.1814992708878801,0.11149853800004196,240.73408614093668,8.666131037848164,0.23461070252237776,0.14415745177760514,67.33059827255376,12.80678594308607,0.1385297044527297,0.9647058823529412,0.4633605230856347,0.23886577224943276,79.62486098052027,23.097046330206684,0.5388056387966614,0.37672363771308287,132.8843746991929,34.05092799770999,10.301271588105731,5.3103815937061665,11.953723041581181,6.7920085961846635,0.056572106681579234,0.0395542442164753,5.09147992167912,2.9909766417125394,-0.5388056387966614,-0.46266733461907217
stage2_soh,137,-1.1559374573130636,0.9779789325430592,0.18072136608962316,0.11126427547735711,241.08103127664515,8.70167573904828,0.23738625312694955,0.1447480402683748,68.018171782631,12.677713261928783,0.12468193713940826,0.9647058823529412,0.4581925564119756,0.23925384852816076,78.5602058374821,23.92569471431197,0.5112466647600046,0.3561584487740023,111.35507884054228,31.210329683903794,10.186379132639033,5.319009171898321,11.869701291106347,7.074890160899148,0.053678541531224526,0.03739499424057155,4.7711646793741815,2.6984645607514324,-0.5112466647600046,-0.46266733461907217
stage2_soh,138,-1.15662712116364,0.9777441976467827,0.18055504854724874,0.1112136907563002,239.11727841068776,8.669658280228138,0.23435257073723567,0.1434860484641364,67.94488659653656,12.6339124892338,0.1421750270560676,0.9647058823529412,0.4647619331212891,0.23767788199452208,79.20042111471369,23.25304585499312,0.549429510866809,0.37597774631690745,137.37665520858064,30.877918901180774,10.332427253433968,5.283972826616534,11.670893935577087,7.18950862266481,0.057687564243356255,0.03947592906051007,5.044565061570106,2.8343959332155353,-0.549429510866809,-0.46266733461907217
stage2_soh,139,-1.1564901933077933,0.9780522871981456,0.1819497367778606,0.11123200696414681,238.29097961920965,8.627897583058868,0.23374132706751094,0.14258084906913768,67.71761397650683,12.496516503478567,0.12409849827196084,0.9647058823529412,0.4551154306089023,0.2356132171902002,79.55089398565495,22.657726449471006,0.5130230654580484,0.3458652499259687,126.67286027521303,29.776731639872487,10.117969531412891,5.2380719096672665,11.721954888477994,7.366139443951522,0.05386505541037287,0.03631425584179354,4.659966754560905,2.397204315903571,-0.5130230654580484,-0.46266733461907217
stage2_soh,140,-1.1612057526106496,0.9773920953023679,0.1806511889017857,0.11100566349493625,241.02998732780276,8.684654096238456,0.23559518744210398,0.14325615854958437,68.4466504947242,12.44188647332278,0.1220590226206125,0.9647058823529412,0.46110913329081094,0.23593461551867864,82.9877222082245,22.548098096230127,0.5075316576950428,0.3548586095226746,131.70791249067108,30.631065267691167,10.25121946546756,5.245217126630447,11.859131922259301,6.994565605752124,0.053288482925915176,0.03725851711505511,4.774705870024181,2.632328318727825,-0.5075316576950428,-0.46266733461907217
stage2_soh,141,-1.1622843495109532,0.9774947918194888,0.1820220989018754,0.11165991916917979,238.11747350041736,8.726077476644729,0.23420640629090136,0.14280349859441488,66.1771678337555,12.516698045835762,0.13009087563145394,0.9647058823529412,0.4617925508084804,0.23620474932203983,77.13545286366404,23.55738715764203,0.5258485001843328,0.35886748600385937,138.34672541599457,27.77625115979565,10.266412968381232,5.251222648324484,11.646301232345362,7.317668271131682,0.055211666895719276,0.037679430653512806,4.812220569406163,2.798077782483156,-0.5258485001843328,-0.46266733461907217
stage2_soh,142,-1.1645737710768185,0.9777735395088172,0.18108994431854944,0.11117661231681947,241.05242810019558,8.643660402370962,0.23446812910347659,0.14306754984048972,67.4040959334435,12.554921737326543,0.1292378823838982,0.9647058823529412,0.46429365653321225,0.24103861751728783,82.64822589980992,24.13187745143971,0.5248363508810806,0.3569157851129478,119.8564556218604,30.51275658025171,10.322016689581856,5.3586875414680755,11.840489133068848,6.9507920611198575,0.05510539588770023,0.03747451106273463,4.769083865958658,2.6048515105511387,-0.5248363508810806,-0.46266733461907217
stage2_soh,143,-1.1731345465735845,0.9778762360259382,0.18140103246221578,0.11150919860767096,242.62579770051673,8.651579914699315,0.23320573954496068,0.1424344165274242,67.0758818225765,12.61130572559907,0.12528819580580675,0.9647058823529412,0.4632793057189296,0.23636924424300007,82.00403361395833,21.82467248982546,0.5125631960456287,0.3559108566328445,125.66796150071886,30.794031653567743,10.29946599157686,5.254879642762404,11.944012903188522,6.822507198738863,0.05381677124334539,0.03736899820783815,4.794061038490065,2.64288387959169,-0.5125631960456287,-0.46266733461907217
stage2_soh,144,-1.1695176881753393,0.9777882104398345,0.181099588470825,0.11118753688272717,240.46343982878417,8.652040481373788,0.23226022413422173,0.14172659889546255,65.78679982673061,12.34255276329376,0.13311813158147476,0.9647058823529412,0.45228474359257953,0.23580287301949426,85.33817684217667,23.529227060394398,0.5341608804961667,0.36625573650258136,123.00503571586378,33.4049149739871,10.055038672431024,5.242288272754944,11.807041904189424,7.0787762242639465,0.05608442848527716,0.03845516287550179,4.884280329426105,2.8439528564724976,-0.5341608804961667,-0.46266733461907217
stage2_soh,145,-1.1752620101349303,0.978903201197148,0.1818920229938681,0.11106085736469548,239.34019279143274,8.553407108607665,0.23314240165563896,0.1420419228399751,67.13912790396286,12.405906261653467,0.12125251085734835,0.9647058823529412,0.46323585156400154,0.23889283489655047,81.41845645898539,21.963801916474864,0.503067946320237,0.3504387395785135,131.53661038266307,31.571678366023946,10.298499933768213,5.310983241157693,12.125559960941459,7.024849117323136,0.05281981382168074,0.03679445115880749,4.70112110755346,2.6694860909513665,-0.503067946320237,-0.46266733461907217
stage2_soh,146,-1.1707099543302393,0.977656172060679,0.18120639722677392,0.11133456436224945,242.53364389786057,8.722574813674871,0.23312929293417958,0.14209512056460688,66.74717761269207,12.482966239667142,0.12921869202571756,0.9647058823529412,0.4600410657370865,0.23752586912436813,80.07575985558607,23.42085429068815,0.5212006192335765,0.362436255783427,130.45399768212334,30.100417812194678,10.227474555408993,5.280593328833867,11.80587282578746,6.712610602925238,0.05472366083554385,0.038054135018416244,4.874610601832387,2.7125261182246763,-0.5212006192335765,-0.46266733461907217
stage2_soh,147,-1.172846958914335,0.9783603767495085,0.18034336627284034,0.11109690306823562,243.53646680730614,8.68405710721758,0.23424436681996277,0.14229388470676807,67.19322664720177,12.410051568448353,0.12363612371332505,0.9647058823529412,0.45918721972234394,0.2355204394826775,76.70972059382693,21.414912718649106,0.5097194355837475,0.35306014971917166,123.73710872473997,30.97524135095007,10.208492144836526,5.236009307622213,11.593802135786051,6.8220408303815985,0.05351818951249028,0.03706968713158737,4.746769977937562,2.695625974231781,-0.5097194355837475,-0.46266733461907217
stage2_soh,148,-1.1891670455458592,0.9783750476805259,0.180540321595671,0.11109747261766664,240.52569151457186,8.646170886851905,0.23203473294367577,0.14088848256300393,66.11975746647686,12.279923287233986,0.12457890235910228,0.9647058823529412,0.4617481156180035,0.23735475188084676,80.0228518946635,22.272740747781945,0.5165893957911805,0.3496129721585734,119.71445733436366,30.107363674496334,10.26542510052809,5.276789109201208,11.920387040393429,7.006904304255136,0.05423950364465321,0.03670774938879751,4.666118068362472,2.5458517634533213,-0.5165893957911805,-0.46266733461907217
stage2_soh,149,-1.1836628296548697,0.9778175523018691,0.18145244439322344,0.1112608098409388,241.49281735766132,8.65820792305302,0.23282693094452062,0.14158455109396662,66.55459968763019,12.289891642157269,0.12148616465867734,0.9647058823529412,0.4573533746029078,0.23995254304552194,82.0177918403495,24.387304462887293,0.5051713155579354,0.3468384777944462,115.68796423779091,30.048708472998104,10.167722731637415,5.334542307808406,11.779104268594628,6.934935308368735,0.05304065788925875,0.036416440278697275,4.6860453599122724,2.6629427912162313,-0.5051713155579354,-0.46266733461907217
stage2_soh,150,-1.184732851401898,0.9782136674393357,0.18102856425688774,0.11102432626471609,241.26558828974822,8.653668875127828,0.23206772975309875,0.14160500033787002,65.92004357676352,12.29504165574766,0.13489726089379367,0.9647058823529412,0.4547278444919665,0.23318938087379815,78.03660307416122,22.38586725663339,0.5295377169812177,0.37131471514847936,142.77004105414255,32.97649704671136,10.10935285032891,5.184186015344421,11.589430065612119,6.971480529491239,0.05559901764184538,0.03898633229736372,5.026866790638093,2.7421398646753836,-0.5295377169812177,-0.46266733461907217
stage2_soh,151,-1.1833905865023218,0.9779055778879727,0.18165159508332562,0.11092714389639462,241.67812902889457,8.561325485130968,0.2332969195119281,0.1416082344601581,65.93068124648204,12.402271304860605,0.1351727303628828,0.9647058823529412,0.4672006640062363,0.24382646989953868,81.30831898696984,25.038228270385844,0.537512394651483,0.3620646521065603,121.30507474649725,30.832069961553188,10.386644278675671,5.420666115615632,12.477186138523603,7.038911482936805,0.05643632201178669,0.03801511834647139,4.8194688213753345,2.591689180957263,-0.537512394651483,-0.46266733461907217
stage2_soh,152,-1.1907759928471753,0.9777295267157654,0.18098070958693485,0.11128118040465831,242.3556870192501,8.694709066465048,0.23167433785625752,0.14065104073004744,65.62328381605943,12.226664648659803,0.13249555057754703,0.9647058823529412,0.45853214974286693,0.23206904880045093,75.3710706504827,23.607713940818986,0.5345473778183973,0.36287456315156874,117.60922305149874,32.37264468717523,10.193928854630295,5.159279178483217,11.444374527511998,6.799769596898936,0.05612500892128412,0.0381001552702555,4.8259192876476575,2.661177322835339,-0.5345473778183973,-0.46266733461907217
stage2_soh,153,-1.199422801080638,0.9785364279217159,0.18134211140249684,0.1110147780092275,238.64819038274726,8.584151735765275,0.23155899068994962,0.14024345818279943,65.2051978750155,12.212793314094128,0.13344174091722452,0.9647058823529412,0.46258666303181495,0.235763927954523,83.78762317104166,22.55607217973299,0.5359801452305124,0.36506632707793923,132.49541768593096,32.17368179926692,10.284067397872827,5.241422459481485,11.654850910072533,7.009791640371091,0.05627544289051481,0.038330280372398814,4.8979760174274025,2.924331336143968,-0.5359801452305124,-0.46266733461907217
stage2_soh,154,-1.2007307677980998,0.9784484023356123,0.18195946374975552,0.11152198283572745,240.75456433658468,8.71816615183944,0.2312687977913249,0.14076049262115395,65.68752776101255,12.191215723025948,0.12946458117050283,0.9647058823529412,0.46133460041792235,0.23394735350693557,77.75615027447657,22.332280141669248,0.5230767561213043,0.36006521504445405,128.7776224868287,30.644140645551737,10.256231972996467,5.201037001911649,11.527892522269473,6.839209218374275,0.054920646554547876,0.03780518667791424,4.8016290936059125,2.6925103095932506,-0.5230767561213043,-0.46266733461907217
stage2_soh,155,-1.2043968003553311,0.9776708429916963,0.18150543334497848,0.11115456748061081,240.51032631781544,8.657327968614815,0.23180188126763868,0.1404715784564783,65.7192632397826,12.132446031886804,0.11992531804477467,0.9647058823529412,0.4595258929182209,0.23738973373638503,76.41427338060332,23.503794914289514,0.5008522026685857,0.352529646848858,134.80690038660123,31.080617487601046,10.216021410702998,5.277566813767311,11.671575301774025,6.858359604527517,0.052587170958996156,0.037013986777297656,4.741043532660331,2.8926039865417157,-0.5008522026685857,-0.46266733461907217
stage2_soh,156,-1.1999961690462544,0.9780082744050937,0.18127062325301854,0.11117995039554081,240.59982168804248,8.674624229258441,0.23241838365211093,0.14070463257880078,65.60452834076872,12.220981516667907,0.11583911878805535,0.9647058823529412,0.46308929629260953,0.239410247166148,78.11036930458964,23.931764394385937,0.49563790231581256,0.3408695340010465,115.47407342338498,28.91411959217806,10.295241767441862,5.32248617256119,12.040073315600019,6.8041455224845,0.05203969347437726,0.035789728713817026,4.568413155485212,2.439487084705234,-0.49563790231581256,-0.46266733461907217
stage2_soh,157,-1.207268846310982,0.9778028813708518,0.1812256893701491,0.11126752271013987,241.2903214338076,8.644854540984689,0.23076486895116607,0.14032732922458757,65.17342691520149,12.175436266048713,0.12777330659183803,0.9647058823529412,0.45901284671799003,0.23533676889012842,74.99091705455628,22.94687643620549,0.5213663733207019,0.35923255204643106,118.13602206564518,34.34883123645993,10.20461554425018,5.231926006256796,11.730382836175613,7.0702970527203925,0.054741064250104804,0.03771776090401336,4.842527004474865,2.7853129875336142,-0.5213663733207019,-0.46266733461907217
stage2_soh,158,-1.2125725232167255,0.9777148557847481,0.18074362491600432,0.11131124695586625,243.8040660360389,8.65785703946051,0.23072391840594408,0.14001339553812292,65.6043339061175,12.10446401781458,0.13660970748055215,0.9647058823529412,0.45947996230855703,0.23274534437805414,77.42917441115935,21.810179051390694,0.5359205689586938,0.37148673238561436,134.08423551754115,30.79195661142714,10.21500029720545,5.174314348877822,11.673023090401768,6.768143143809452,0.05626918765678612,0.03900439331378516,5.007941368883652,2.718743234827211,-0.5359205689586938,-0.46266733461907217
stage2_soh,159,-1.2074799198229993,0.9778762360259382,0.18108111864652915,0.11139391649679818,242.36492396325878,8.72286898515912,0.23000387651030946,0.13974947908217628,65.50616217488015,12.101392704642453,0.12520846166447097,0.9647058823529412,0.4616665704373995,0.23834759547722106,79.04530052488343,23.97831440364705,0.5131996876922419,0.35623588837573633,121.4072714304137,32.70559322000604,10.2636122161535,5.2988616661438135,12.15560231921804,7.004280931842959,0.05388359993024361,0.037403125041541745,4.774804642020422,2.6567215701812104,-0.5131996876922419,-0.46266733461907217
stage2_soh,160,-1.2110332572674591,0.977861565094921,0.18181434801267143,0.1114445868505727,242.71948735259483,8.676826049880464,0.22975696500852666,0.1398218485396269,66.62016543028709,12.146771464499214,0.11790703263352899,0.9647058823529412,0.4625522169535559,0.23876668160379516,80.67319933674686,23.469209078307056,0.4970519391600223,0.3383160258771158,114.50141023199525,30.934303923879614,10.283301604522698,5.308178644594844,11.848009759186558,6.842245466944005,0.05218816082037789,0.035521622139576436,4.551551117717337,2.38612986153717,-0.4970519391600223,-0.46266733461907217
stage2_soh,161,-1.212654364948167,0.9779936034740765,0.1812008986137141,0.11138267104674228,238.21761593306627,8.791493848074204,0.23056681943493118,0.1396986260539337,65.26845136875887,12.010857177249466,0.12645280361175537,0.9647058823529412,0.462099263202734,0.23804267862190803,79.66381267501447,24.194156791951833,0.5160366346680993,0.36165434862760937,137.15653975116882,31.53336304968714,10.27323169271192,5.292082859616547,11.875327410201978,6.837744527976311,0.05418146627649534,0.03797203837382137,4.862615134801046,2.71499895831166,-0.5160366346680993,-0.46266733461907217
stage2_soh,162,-1.2202790778818162,0.9783457058184912,0.1824685216027249,0.11143328882617079,244.1885173861084,8.691654865957773,0.23070652678834536,0.13945711816308326,65.76211918214045,12.055624579068791,0.12400177728896047,0.9647058823529412,0.45947453594921206,0.2344575118310019,78.79918375544645,22.348696301810655,0.5085495720400053,0.35181597285703115,128.23919855054461,30.331455682475667,10.214879660253091,5.212378666096039,12.048420454017783,7.011389247011223,0.05339535923672094,0.03693905430017721,4.73628012578124,2.5015244670687142,-0.5085495720400053,-0.46266733461907217
stage2_soh,163,-1.2302721612369023,0.977348082509316,0.18184659258229005,0.11176137994970042,242.47980775916835,8.729009306861046,0.22833784826480186,0.13820723080107594,65.99226035371105,11.868481063634981,0.1187118751745598,0.9647058823529412,0.4578223847694849,0.23710731776321636,80.28828031004353,22.42139248908879,0.4964865455212242,0.3408694064153322,114.22173762184207,30.59971791391926,10.178149604154132,5.271288239103556,11.826066538524078,7.094026927632916,0.05212879709634075,0.03578971531790555,4.632516745332931,2.555605719050465,-0.4964865455212242,-0.46266733461907217
stage2_soh,164,-1.2185539059479336,0.9774067662333852,0.18045416036816161,0.11106140486024615,242.83798762472932,8.67177446462943,0.22826219583407864,0.1386009160248432,64.36219957766788,12.008671495973648,0.13381785025783613,0.9647058823529412,0.45578225422393026,0.23157518132425406,75.48729920167203,20.89502659744364,0.537542963299079,0.3599438447523497,115.74129841562906,32.39079113611214,10.13279412439725,5.148299686818805,11.588353343368695,6.7868478845770905,0.056439531578777805,0.03779244335709779,4.815942413209892,2.5167894281648504,-0.537542963299079,-0.46266733461907217
stage2_soh,165,-1.2170855493102848,0.9780376162671283,0.18044656795421654,0.1110224302020741,242.8188696805514,8.635025504485341,0.22933660711119266,0.13926312289324266,66.33044708089483,12.055318228138102,0.13040907289467607,0.9647058823529412,0.4613801340944173,0.23770924574677266,79.83342063007434,22.285413053579035,0.5252760733268697,0.3596897120459699,119.02733069576259,33.31226676305262,10.257244262012494,5.284670094756262,11.983238433377647,7.157527610452931,0.055151564716165,0.03776576059518627,4.829711272277359,2.67719721291326,-0.5252760733268697,-0.46266733461907217
stage2_soh,166,-1.235666220252011,0.9777295267157654,0.18062850208140047,0.11117028227619162,240.965858532356,8.644738611739307,0.2275329796644683,0.13796481136279548,63.923653615615414,11.90694286001677,0.12113616245926595,0.9647058823529412,0.4571855055321437,0.23456225042760956,73.2651130753877,21.98010468205776,0.5029350928712585,0.3464518817214697,113.27713270975039,29.22150729319562,10.163990724262966,5.214707178508419,11.633877965358957,6.723012028169596,0.052805864822361784,0.03637584947431752,4.691442307373645,2.532310515735281,-0.5029350928712585,-0.46266733461907217
stage2_soh,167,-1.2241036069109485,0.9776268301986444,0.18153140544676563,0.11124444907109053,239.75580298975603,8.682735616278936,0.2284230988276841,0.1383563382171369,64.80131047228612,11.981605700842735,0.13057147997851465,0.9647058823529412,0.46087478980817204,0.23695417274081823,77.64049224275303,22.162792477153165,0.5264420690715347,0.3585169599701961,130.73510544741802,30.047745879780642,10.246009621859196,5.267883571702059,11.820973732108664,6.793515882146145,0.05527398889087256,0.037642627036877756,4.830382613773847,2.4748033067381394,-0.5264420690715347,-0.46266733461907217
stage2_soh,168,-1.2291052368044633,0.978022945336111,0.1824053044837811,0.11192328658520513,244.71108464229408,8.721595474001582,0.22741306431032102,0.13783801528020723,64.94011748512861,11.873305289921497,0.1284005584085689,0.9647058823529412,0.4553602597634475,0.23501884245916324,75.86228252047484,22.494085695546563,0.5212470940972139,0.3531583216260461,129.53349121572958,29.476715850324197,10.123412488868267,5.224857975323561,11.940815396628619,6.919075406718029,0.05472854048184742,0.03707999472896374,4.766992664937299,2.3203601194389614,-0.5212470940972139,-0.46266733461907217
stage2_soh,169,-1.2360711747647688,0.9783016930254393,0.18136114305102796,0.1109763906629553,240.33746846339338,8.648622367889526,0.2279138512876972,0.13788244666691052,64.13252669543755,11.824904221488339,0.1343081504690881,0.9647058823529412,0.4646871143258807,0.2408991157497261,82.71416232941415,23.98772378697842,0.5342358387552713,0.37199376438214793,134.5365522865038,33.34599076201934,10.330763907738776,5.355586186209961,12.3361491850551,7.007812929172378,0.05609229875671714,0.03905762933459395,4.9915842780003645,3.0021746911302403,-0.5342358387552713,-0.46266733461907217
stage2_soh,170,-1.225006065182988,0.9775681464745752,0.18076405442009671,0.11131657290594037,241.28925394731525,8.684371661486914,0.23009892930967882,0.13930320959846235,64.71110983233713,12.03400827898859,0.12524244154200834,0.9647058823529412,0.4603847227387585,0.2361281726856296,78.80947469078548,23.150770165316498,0.517981667452021,0.34768990576267245,115.3769893021607,31.080447541392065,10.235114619529698,5.249520222913462,11.710851786931656,6.9603135935601355,0.05438568574679809,0.03650583628791081,4.655223123366496,2.48981301105578,-0.517981667452021,-0.46266733461907217
stage2_soh,171,-1.23824855289368,0.9776121592676271,0.1810587202403881,0.11137661011934666,240.1440993890517,8.61232107510734,0.22580514835909868,0.1368055001841071,64.8257308431035,11.745033485709905,0.1324028423896023,0.9647058823529412,0.45754804146680994,0.23278961728746986,79.48175578612467,22.846698444460678,0.5364595407021215,0.3582411976604193,107.0076093403578,31.90452827702347,10.17205049832092,5.175298608954296,11.779734790097947,6.92333543742403,0.056325777203687755,0.03761367326638217,4.718911173293464,2.631774289366717,-0.5364595407021215,-0.46266733461907217
stage2_soh,172,-1.2355728820436336,0.977656172060679,0.18186580317453496,0.11138891844118154,241.3410136035543,8.684313353033026,0.22722148376437679,0.13780756864571803,64.13411536435785,11.852428590249229,0.13003144015868504,0.9647058823529412,0.46196487497252636,0.23887969544705223,79.01572698971499,23.18198677834306,0.522353368026082,0.3627204522600069,132.21834380341,32.099112597434164,10.270244019855383,5.310691129441101,11.995636801077138,7.190972720192473,0.05484469414137992,0.0380839743375212,4.886044565117414,2.7549923278025648,-0.522353368026082,-0.46266733461907217
stage2_soh,173,-1.2403005296812313,0.9784484023356123,0.18191030579900122,0.11134044880234684,243.22871285192463,8.695801917818645,0.22799119529909515,0.13745156006421852,63.23804507209296,11.773317867990393,0.12603807332468966,0.9647058823529412,0.4636995616278717,0.2399053974013191,81.8358965982008,22.991293513003793,0.5145679996205389,0.35554978853712477,118.35041095061909,32.36946673274893,10.308808976226672,5.333494182081392,11.874792427198521,6.807730988395318,0.0540272663709924,0.0373310877233154,4.795231139223566,2.6861590154928554,-0.5145679996205389,-0.46266733461907217
stage2_soh,174,-1.2438987066745688,0.9777001848537308,0.18279431806239513,0.11155746286481592,243.2635128865231,8.626106568046463,0.22699170968721197,0.13727815973775936,65.31288830369027,11.835338525615152,0.12142346629909441,0.9647058823529412,0.4549969845755386,0.23340271090832995,75.50190737943532,22.467053480983836,0.5065380055727892,0.3418594157104107,115.4257120183699,29.862824848886326,10.11533627998679,5.188928695210581,11.776121649216059,6.783769008128592,0.053184154036577544,0.035893661727193354,4.60581037120235,2.30418342859616,-0.5065380055727892,-0.46266733461907217
stage2_soh,175,-1.2500476879306965,0.9779349197500073,0.18124738244225258,0.11119274113669655,242.32276596217127,8.6831267656251,0.22712504986264903,0.13709617446054886,64.64799237376847,11.763076504247746,0.13695684198070976,0.9647058823529412,0.4623311038891544,0.23957632750491886,80.86106264998769,22.834123915696942,0.536276829298126,0.37727392814030836,145.12395179586684,33.02466863578287,10.278385895016608,5.3261784134619266,12.160124474352349,6.683122063554848,0.05630659334907581,0.039612022172965104,5.103383480395667,2.7981676033586615,-0.536276829298126,-0.46266733461907217
stage2_soh,176,-1.2577562048829696,0.978125641853232,0.1818210602562003,0.11133800561266889,242.6521153004021,8.667853632926935,0.22526340415343607,0.13632806995910227,64.05683662774251,11.656297857894971,0.14321369441116558,0.9647058823529412,0.45859220733719713,0.2331199939380966,80.62350214920237,22.491595779562427,0.5497217486483195,0.3878168755886601,157.90166564406422,33.67617873877489,10.195264034386229,5.182643428883734,11.613519967476156,6.732220386475481,0.05771824786238614,0.04071898302274107,5.197653885408622,3.0361686407993576,-0.5497217486483195,-0.46266733461907217
stage2_soh,177,-1.2595511070142444,0.9776708429916963,0.18098572913248717,0.1112512309233364,243.09732909999752,8.675484500839502,0.2253641558574847,0.1358803966000953,63.05710074607152,11.580275003091522,0.13337210586258008,0.9647058823529412,0.4540193890710673,0.22819427558239183,71.01696967507957,21.446445396577193,0.5316832370097325,0.36283684227359936,113.75164972422584,32.01334736605012,10.093602713372595,5.073136554602055,11.12184123178659,6.644450906005714,0.05582428734802678,0.03809619475206684,4.9147183467205995,2.5182341527313983,-0.5316832370097325,-0.46266733461907217
stage2_soh,178,-1.2406992545265962,0.9771720313371086,0.18219589761084085,0.11128366964261988,241.7876831865656,8.598875847319494,0.22690103846133747,0.13702947411020422,63.51664252089355,11.735301235551013,0.11009407835263832,0.9647058823529412,0.4569864892459307,0.23559286109372682,80.02550709711107,22.07856687996632,0.477154059700018,0.33166365852835133,114.17840288213144,29.28478763627599,10.1595662627204,5.237619359940221,11.807839634267772,6.787257989341502,0.05009897526162508,0.03482315425386564,4.494551956694835,2.382639322980874,-0.477154059700018,-0.46266733461907217
stage2_soh,179,-1.257383467040114,0.9775974883366099,0.1812130037845943,0.11130128708582152,240.80687187559934,8.741197606804665,0.2252663807823446,0.13604526388197966,62.99253222734911,11.700959508738457,0.1372211364554424,0.9647058823529412,0.4590963753998699,0.23368084269995784,74.01473731584925,22.97535235971469,0.540481304338374,0.3736954653142568,138.81838329107234,32.90904250337267,10.206472525142102,5.1951120254256065,11.847902785771097,6.808646476083958,0.05674804383398194,0.03923630008289274,5.017498700153402,2.8955104849797624,-0.540481304338374,-0.46266733461907217
stage2_soh,180,-1.2585371242946681,0.9777441976467827,0.1822486626757851,0.11164571370096034,241.56728227385392,8.686919042899087,0.22693647800861796,0.13629450131528412,63.37223197828525,11.57567034509275,0.1266401983067101,0.9647058823529412,0.4641460794336485,0.23615469238994752,79.06996525092198,23.211622523074933,0.5201760389188427,0.35575662010221504,124.63845668564375,32.48628037198556,10.318735806323465,5.250109799847631,11.950949122153839,7.004938422405352,0.054616084628660744,0.037352804083581284,4.775686778623859,2.5547781749679284,-0.5201760389188427,-0.46266733461907217
stage2_soh,181,-1.262034372633351,0.9779936034740765,0.1808361467639093,0.11077835716948166,241.87493577996997,8.567720168614324,0.2253748895531004,0.1356039172332738,63.8708133260983,11.531810810574353,0.1359253705424421,0.9647058823529412,0.45725362004737796,0.23393825155445466,76.42886193442814,23.072265262454156,0.5405438922939182,0.3660923870517781,137.37550785160443,31.691771033063347,10.16550502270999,5.2008346504384075,11.59930767342199,6.940375686352435,0.05675461528060959,0.03843801193666259,4.887090495580181,2.5694281314495053,-0.5405438922939182,-0.46266733461907217
stage2_soh,182,-1.2618143783307252,0.9778028813708518,0.18285052693139536,0.1117868126670033,241.59151677564685,8.715268271943598,0.22496328651430814,0.13570308281795432,62.90537474240668,11.678291994538817,0.13632856636655097,0.9647058823529412,0.45690596314281134,0.23218231893272376,77.2567907338979,21.79880813647542,0.5387359157446773,0.3685921314592455,123.92758285129943,31.737808356033483,10.157776034125524,5.161797361058619,11.622628290454152,6.610593595515943,0.05656478608273802,0.038700473568674745,4.9462971436393905,2.640243641689846,-0.5387359157446773,-0.46266733461907217
stage2_soh,183,-1.2717602904534586,0.9772893987852469,0.18177730259494304,0.11145670849884211,242.66560037126493,8.659684429952879,0.22541894939926171,0.1358754607811085,62.942655440254015,11.636325306081003,0.12631897908799788,0.9647058823529412,0.45820217130668095,0.23891079600206486,76.83946558125541,22.800596159684886,0.5134751634434448,0.3607546709934432,117.37942440210949,31.973155578960842,10.186592887667175,5.311382546270469,12.001188717168581,6.936529200295581,0.05391252361341078,0.03787757637224924,4.889265515387204,2.6393375319419468,-0.5134751634434448,-0.46266733461907217
stage2_soh,184,-1.2611631451489476,0.9779202488189901,0.18194980658042673,0.11153545486295342,241.66159342517037,8.728589901416186,0.22551765990597664,0.13568101494548954,63.068216306273456,11.570034577556719,0.12968749634775462,0.9647058823529412,0.45761539555866354,0.23433956831291902,81.44979332795549,23.95287511094331,0.5301595591605491,0.35940025563844863,119.65519683398117,32.31201008682238,10.1735478912972,5.209756586416618,11.698881051615494,7.0076716411737845,0.0556643082022538,0.037735369007595373,4.804803943841495,2.5472912080159347,-0.5301595591605491,-0.46266733461907217
stage2_soh,185,-1.2678960770117607,0.9778909069569555,0.18238070436175183,0.11132821944153957,243.93189016389064,8.647815200859544,0.22390148751333738,0.1352673078139703,63.64173753773077,11.578230462479084,0.14235773638767354,0.9647058823529412,0.45612309581563304,0.22975806390647502,74.9746401673809,20.723750340865593,0.5551937231957751,0.38037376745658763,130.6306461324844,32.545349726077504,10.140371597293024,5.107902158122647,11.34116945588524,6.720768503927663,0.05829277994885226,0.0399374910022965,5.075643489714634,3.123390708770244,-0.5551937231957751,-0.46266733461907217
stage2_soh,186,-1.274865251150473,0.9786097825768023,0.1802975621411734,0.11096568994818647,240.89969064997757,8.678633939463438,0.2231476286931789,0.1348639488752362,62.15398242014979,11.500537990546643,0.12692485854906194,0.9647058823529412,0.46618989487510076,0.23930994386547336,85.63085178964286,21.988855671755438,0.5205832674185904,0.35485422617810614,116.5897953614007,30.90370665067298,10.364173207417025,5.320256264120669,11.888455634114345,6.968877074047987,0.05465884174267863,0.03725805688409483,4.795301335285041,2.5674660318791265,-0.5205832674185904,-0.46266733461907217
stage2_soh,187,-1.2814561922307242,0.9777001848537308,0.18184163527607283,0.11138873018204015,241.87946636120432,8.658660374875897,0.22442123580356044,0.13536305679613994,62.82640275921311,11.575433247030576,0.12090620690701055,0.9647058823529412,0.4576593440048795,0.23397314856011495,78.72883812228518,22.879475931473067,0.5069020049373607,0.35574562106025864,134.59263042210688,32.15739291174229,10.174524938019546,5.201610468651243,11.824244894771784,6.756034287828472,0.053222372290808444,0.03735164923491203,4.770634437958615,2.590739163630059,-0.5069020049373607,-0.46266733461907217
stage2_soh,188,-1.282546945047198,0.977656172060679,0.18184066317712652,0.11168647020830964,242.79009087918462,8.691209351349084,0.22495534485495522,0.13512265126967435,62.57795984719949,11.453037378003323,0.12896420023604935,0.9647058823529412,0.459193721730225,0.23346931302153012,78.34948894091414,22.859538876039228,0.526587644011137,0.3557614826907714,116.97373846666291,32.72358496691938,10.208636695236729,5.190409370456387,11.633758273967006,6.781906872412777,0.055289273588025586,0.03735331463294966,4.766285514934967,2.6359708179121975,-0.526587644011137,-0.46266733461907217
stage2_soh,189,-1.2678618497200154,0.9780962999911974,0.1814191306568118,0.11134269213894071,239.83775353949216,8.662069715671798,0.22564480676413137,0.1355520591476985,63.77706646113906,11.571174186841446,0.12640558828910192,0.9647058823529412,0.46294844922526546,0.23846836413859446,80.66186077993456,23.81318536746659,0.5150924035874191,0.36163494319417605,130.468938563511,31.959821516755415,10.292110503942247,5.301546553436013,11.74774869106596,7.070387113090929,0.05408232636855451,0.037970000892823874,4.881656931537317,2.827446833089451,-0.5150924035874191,-0.46266733461907217
stage2_soh,190,-1.2818687791881145,0.9777148557847481,0.18172582972707754,0.11117216435340167,240.676160229221,8.621357928860974,0.22431025349329084,0.1349056806573514,62.586204284315556,11.485435145699112,0.11803685832841723,0.9647058823529412,0.45707309033570537,0.2361894826934326,79.30653747593017,24.457217062756065,0.5020331674523637,0.33927557375282047,110.74258479246379,29.822283724846766,10.161491548326635,5.25088324589445,11.728782550837805,6.833899460639742,0.05271116681376169,0.03562237024034183,4.589884130159703,2.4584974835079985,-0.5020331674523637,-0.46266733461907217
stage2_soh,191,-1.2761333592043442,0.977861565094921,0.18113491212824379,0.11141127550187943,243.2192029883564,8.743888265781017,0.22406134352715212,0.13454587767313703,61.9896192332694,11.437531246381404,0.11928308778533749,0.9647058823529412,0.45936034174032536,0.23308310584329506,76.68860193007228,23.764201399510824,0.5010670319014571,0.3467198147474989,120.16933883125414,31.03417709890573,10.212340933924624,5.181823345462757,11.602711467430108,6.908644607120652,0.05260972703748759,0.03640398120613439,4.69818909451428,2.532776173379549,-0.5010670319014571,-0.46266733461907217
stage2_soh,192,-1.2829212441291473,0.9777148557847481,0.1809615055374047,0.11122698798669071,245.1550024030746,8.629893373826185,0.2231270210757402,0.13459152999739266,62.5858110836131,11.47515424177664,0.12757988265332054,0.9647058823529412,0.4689485749481815,0.24335088554002782,85.66772137657989,24.18328260739329,0.5266683537566181,0.3553316776786803,124.62096449534042,32.20325800192223,10.425503232832781,5.410093087905477,12.129368710946403,6.67422112293847,0.05529774773900478,0.03730818708927622,4.739678152410289,2.67984662987688,-0.5266683537566181,-0.46266733461907217
stage2_soh,193,-1.284906547774221,0.9775681464745752,0.18077001060568595,0.11106008931099405,241.22990533687945,8.686415045701597,0.22178209076988822,0.13364446611006714,61.975374259046966,11.492482734822076,0.12765651745539086,0.9647058823529412,0.46704000900119974,0.23951869952474156,82.04381136252746,23.30512069395832,0.5200277849455358,0.36071857770210974,126.73553940412856,31.86527336864146,10.38307265192627,5.324897248051185,12.0023771343654,6.933996278752436,0.05460051864532653,0.03787378674314965,4.885085226318877,2.6208129266806104,-0.5200277849455358,-0.46266733461907217
stage2_soh,194,-1.2763984871230345,0.9781989965083184,0.18234711032834836,0.11149956918680924,239.30328880182248,8.672546617199458,0.224181112237481,0.13464432675210397,61.48100131939094,11.510851335516964,0.11523205246411118,0.9647058823529412,0.4569999230389966,0.23734308335857063,80.06804431955578,23.363797884062677,0.4917691346327101,0.34096019712514153,118.68446403532766,30.89438988582677,10.15986491818183,5.276529698632096,11.827906665041727,7.054784084372331,0.0516334907134271,0.03579924792363792,4.600129739154863,2.5283407786660947,-0.4917691346327101,-0.46266733461907217
stage2_soh,195,-1.2949640305402332,0.9774067662333852,0.18215246602017746,0.11137978140836316,243.7195429737816,8.680971323742812,0.221771717136504,0.13326174765936968,61.987684659032055,11.23770194141583,0.12531103807337143,0.9647058823529412,0.46049431094759785,0.2384923971915508,77.27738844944255,23.16638981699432,0.5181307444990108,0.35344244402048053,115.10717047113499,33.72287039327691,10.237550946851218,5.3020808479934045,11.939512324170932,6.824767782815186,0.05440133814907234,0.03710982626978516,4.750953426618155,2.639951950621904,-0.5181307444990108,-0.46266733461907217
stage2_soh,196,-1.295739279946637,0.9772307150611778,0.1824638530512843,0.11173121018079664,245.16075212814113,8.709012830898416,0.22250819761033402,0.1338468421035889,62.26457809428064,11.297684983220357,0.13473471479088653,0.9647058823529412,0.4576404421739187,0.23896850371258516,75.69666524199278,23.851613642767717,0.5381793485166123,0.363580436168202,118.73496672727586,29.874742115733703,10.174104719022592,5.312665484218741,11.92637069402913,6.948309912314368,0.056506349091113565,0.03817426868096481,4.9032152244799985,2.6881250261446117,-0.5381793485166123,-0.46266733461907217
stage2_soh,197,-1.2955153617517219,0.9779055778879727,0.1817674701298336,0.11151354822607489,243.70970160600504,8.695331795148672,0.22221931398345923,0.13345911394855572,61.735552743313846,11.32196138428736,0.13133522698692246,0.9647058823529412,0.45793489075958144,0.23301439046786696,80.06583605482365,21.917460207721096,0.5294354895446776,0.3673968156562278,131.9915742686174,32.021241482640214,10.180650798583809,5.180295688898814,11.605921465014255,6.66779990610661,0.05558828423256139,0.038574970923087155,4.924560598415353,2.836462034247999,-0.5294354895446776,-0.46266733461907217
stage2_soh,198,-1.3136618586480031,0.9781109709222148,0.18155951655761515,0.11130907254672091,243.3909721429966,8.650053884684295,0.22069123608895486,0.1322929484557223,61.950834203829686,11.103984572998602,0.1487386030017161,0.9647058823529412,0.4538025920528455,0.22987604747142862,77.97451810101754,22.37890736219922,0.5678184366905874,0.38849247852705565,126.70026552021507,35.32732231896624,10.088782956718918,5.110525128110306,11.534057226423283,6.6667372875683695,0.05961831663077705,0.04078991821486464,5.144217493261193,2.7512229329490285,-0.5678184366905874,-0.46266733461907217
stage2_soh,199,-1.2960079401256661,0.9777001848537308,0.18085870860444486,0.11111354464980405,240.61265472537076,8.592990779578708,0.22352635854737352,0.133789979592278,61.51009287860417,11.274098158786106,0.1423860427795672,0.9647058823529412,0.4596585583300746,0.23354107380899436,74.7194112769741,20.953372043097193,0.5483723842755912,0.3777594688439778,135.28858777102513,35.37280874108612,10.218970782455155,5.192004731572011,11.651549006073962,6.757859465298363,0.057576570827571165,0.03966300170715778,5.050504509576908,2.61620896869245,-0.5483723842755912,-0.46266733461907217
