ID,True_Material,Pred_Material,True_SOC,Pred_SOC,True_SOH,Pred_SOH
PIP15829A00209415,LMO_10Ah,LMO_10Ah,38.8252,44.035343,0.67015,0.77894205
PIP15D26A03261343,LMO_10Ah,LMO_10Ah,61.3405,76.53324,0.71626,0.72117996
PIP15D19A03280145,LMO_10Ah,LMO_26Ah,41.6439,45.259808,0.74285,0.87338185
PIP15D01A03241499,LMO_10Ah,LMO_26Ah,47.5273,49.109074,0.79292,0.8830974
PIP15N21A50200177,LMO_10Ah,LMO_10Ah,8.6173,4.868611,0.87622,0.8096302
PIP15D25A03219538,LMO_10Ah,LMO_10Ah,26.4669,28.880722,0.8858900000000001,0.8647765
PIP15N26A01201901,LMO_10Ah,LMO_26Ah,30.3575,35.863884,0.87909,0.8830974
PIP15828A00213703,LMO_10Ah,LMO_10Ah,38.6217,47.902332,0.59307,0.69558984
PIP15D01A03221296,LMO_10Ah,LMO_10Ah,58.0204,56.93016,0.87905,0.78953373
PIP15N15A03208398,LMO_10Ah,LMO_10Ah,63.7579,65.867836,0.88277,0.8830974
PIP15N15A03208683,LMO_10Ah,LMO_10Ah,53.3811,55.854824,0.8700699999999999,0.8830974
PIP15D25A03243702,LMO_10Ah,LMO_10Ah,8.8585,5.9687314,0.8977299999999999,0.8858056
PIP15D26A03252860,LMO_10Ah,LMO_10Ah,50.482,50.14615,0.9214399999999999,0.8830974
PIP15D23A03282874,LMO_10Ah,LMO_10Ah,68.8352,69.729416,0.89416,0.8830974
PJP17601527003A007037,NMC_15Ah,NMC_15Ah,33.5103,40.77942,0.7527466666666667,0.9861834
PJP17930O01003A017268,NMC_15Ah,NMC_15Ah,52.0063,55.72508,0.75258,0.78895956
PJP17601527001A008674,NMC_15Ah,NMC_15Ah,35.3566,48.48342,0.7564933333333334,0.79272604
PJP17601529001A010983,NMC_15Ah,LMO_24Ah,19.9515,20.418297,0.7735933333333332,0.82099843
PJP17930O01001A011629,NMC_15Ah,NMC_15Ah,39.1115,41.794346,0.75428,0.79129106
PJP17601527001A008592,NMC_15Ah,NMC_15Ah,22.5881,21.92685,0.7639066666666667,0.7847727
PJP17601527002A007215,NMC_15Ah,NMC_15Ah,41.6439,42.835854,0.7767866666666666,0.79065496
PJP17601527003A007274,NMC_15Ah,NMC_15Ah,58.6931,61.087677,0.76566,0.79016924
PJP17601529001A003327,NMC_15Ah,NMC_15Ah,41.452,43.866966,0.7542866666666667,0.7897029
PJP17601529001A001010,NMC_15Ah,NMC_15Ah,41.3203,43.129776,0.7656533333333333,0.79029727
PJP17930O01001A006207,NMC_15Ah,NMC_15Ah,37.1093,40.324394,0.7581,0.7923083
PJP17601527001A008438,NMC_15Ah,NMC_15Ah,65.0,69.15247,0.7541066666666667,0.7948743
PJP17601527003A009662,NMC_15Ah,NMC_15Ah,34.8354,37.283516,0.7714599999999999,0.792434
PJP17930O01003A016647,NMC_15Ah,NMC_15Ah,41.6497,43.631226,0.75896,0.7897393
PJP17530529002A000337,NMC_15Ah,NMC_15Ah,57.0066,59.365833,0.7549399999999999,0.790089
PJP17601527003A009747,NMC_15Ah,NMC_15Ah,55.9235,57.736755,0.7671666666666667,0.7894243
PJP17601527001A012082,NMC_15Ah,NMC_15Ah,26.9765,27.247206,0.7630533333333334,0.77945113
PJP17930O01003A017730,NMC_15Ah,LMO_24Ah,8.3761,7.707301,0.7969666666666666,0.7797863
PJP17930O01003A018005,NMC_15Ah,NMC_15Ah,52.0704,52.275955,0.79294,0.7888424
02LCC02100101A87Y0026421,NMC_21Ah,NMC_21Ah,26.9765,29.580051,1.000052380952381,0.9874339
02LCC02100101A87Y0010168,NMC_21Ah,NMC_21Ah,34.3612,35.549774,1.0051,0.9870149
02LCC02100101A8BC0103482,NMC_21Ah,LMO_25Ah,8.135,9.841947,0.7755,0.8423008
02LCC02100101A87Y0074479,NMC_21Ah,NMC_21Ah,43.8556,43.31617,0.9881190476190476,0.9863414
02LCC02100101A87Y0020833,NMC_21Ah,NMC_21Ah,41.3203,35.209633,0.9979714285714285,0.95960593
02LCC02100101A87Y0027455,NMC_21Ah,NMC_15Ah,70.0,68.87961,1.011161904761905,0.98444116
02LCC02100101A87Y0173907,NMC_21Ah,NMC_21Ah,55.9235,50.083973,1.006,0.9846852
02LCC02100101A87Y0177229,NMC_21Ah,NMC_21Ah,49.0491,49.33351,0.9903,0.98577404
02LCC02100101A87Y0175162,NMC_21Ah,NMC_21Ah,34.8354,35.513725,1.001404761904762,0.9870253
02LCC02100101A87Y0172641,NMC_21Ah,NMC_21Ah,21.8027,27.10912,1.004309523809524,0.9878009
A170530525010800027,LMO_24Ah,LMO_24Ah,75.0,6.6809287,0.7957208333333333,0.7681706
A170528511010800104,LMO_24Ah,NMC_21Ah,41.9541,44.067036,0.7689125,0.7831446
A170526507010800030,LMO_24Ah,NMC_15Ah,46.7917,47.120842,0.7420833333333333,0.7779361
A170622616030800696,LMO_24Ah,LMO_26Ah,9.0996,8.292079,1.095941666666667,0.903244
A170527511010800595,LMO_24Ah,LMO_25Ah,20.5001,20.02456,0.7606625,0.77786434
A170531525010801074,LMO_24Ah,NMC_15Ah,44.7967,46.217392,0.802275,0.8036376
A170529511010800411,LMO_24Ah,LMO_10Ah,7.6527,16.696545,0.6376916666666667,0.7940219
A170528511010802245,LMO_24Ah,LMO_24Ah,36.6803,39.135002,0.74125,0.7759981
A170525507010800198,LMO_24Ah,NMC_15Ah,44.4627,44.55583,0.825625,0.809085
A170606528030800466,LMO_24Ah,LMO_24Ah,40.1289,46.158184,1.0524,1.0653019
A170529511010800365,LMO_24Ah,LMO_25Ah,31.8633,34.102753,0.7595833333333334,0.8228471
515092904916,LMO_25Ah,LMO_25Ah,27.7305,30.849625,0.629024,0.82032895
515092905212,LMO_25Ah,NMC_21Ah,50.482,45.57334,0.918516,0.8830974
515093002457,LMO_25Ah,LMO_25Ah,7.8938,9.48432,0.715284,0.72631204
516020603556,LMO_25Ah,LMO_25Ah,35.3767,40.220375,0.6442319999999999,0.70448935
515092904019,LMO_25Ah,LMO_25Ah,41.6439,46.049713,0.7791079999999999,0.8095797
515093000451,LMO_25Ah,LMO_25Ah,8.8585,9.935511,0.934832,0.8830974
515092901182,LMO_25Ah,LMO_25Ah,7.1704,13.597086,0.601472,0.75931793
515092904740,LMO_25Ah,LMO_25Ah,25.6641,28.483683,0.617416,0.6247698
515100100624,LMO_25Ah,LMO_25Ah,8.3761,13.159737,0.8321599999999999,0.8830974
515093001782,LMO_25Ah,NMC_21Ah,50.1002,50.20855,0.925024,0.8830974
515093002576,LMO_25Ah,NMC_21Ah,50.1557,60.34553,0.804024,0.8830974
515093000724,LMO_25Ah,LMO_25Ah,38.8252,41.773987,0.7228279999999999,0.7820716
515093002348,LMO_25Ah,LMO_25Ah,21.1016,19.213362,0.782636,0.71642244
515092501338,LMO_25Ah,LMO_25Ah,32.339,34.777473,0.590388,0.576482
515092901199,LMO_25Ah,LMO_25Ah,27.5501,44.162033,0.422888,0.57495946
515093000605,LMO_25Ah,LMO_25Ah,35.9961,43.618614,0.8718319999999999,0.8830974
515100102065,LMO_25Ah,LMO_25Ah,8.6173,12.063797,0.886136,0.8435497
515093002646,LMO_25Ah,NMC_21Ah,70.0083,74.452805,0.88878,0.8830974
515100101320,LMO_25Ah,LMO_25Ah,75.0,68.16932,0.795436,0.87269396
515092904410,LMO_25Ah,NMC_21Ah,44.4627,54.101982,0.84136,0.8830974
515093001367,LMO_25Ah,NMC_21Ah,44.7967,59.14211,0.7882760000000001,0.8830974
515093004000,LMO_25Ah,LMO_25Ah,41.9541,48.418663,0.746968,0.82547474
515100100526,LMO_25Ah,LMO_25Ah,22.2517,28.66672,0.872804,0.8830974
515092904584,LMO_25Ah,NMC_21Ah,50.0064,63.257008,0.7854439999999999,0.8830974
515092905201,LMO_25Ah,NMC_21Ah,53.6027,47.796265,0.944636,0.8830974
H27734091053,LMO_26Ah,LMO_26Ah,8.3761,12.838209,0.8388307692307693,0.91644055
H27735178005,LMO_26Ah,LMO_26Ah,53.3811,65.42757,0.8490000000000001,0.97233236
H27733490499,LMO_26Ah,LMO_26Ah,70.0083,77.2666,0.8877884615384615,0.9701748
H27734592855,LMO_26Ah,LMO_26Ah,22.2517,27.030178,0.8586153846153847,0.919464
H27734492478,LMO_26Ah,LMO_26Ah,90.0,86.837036,0.9984076923076923,0.99892217
H27733590292,LMO_26Ah,LMO_26Ah,38.0625,38.101166,0.9464884615384614,0.9337366
H27734676393,LMO_26Ah,LMO_26Ah,62.6027,63.797607,0.9604461538461538,0.97236997
H27735077206,LMO_26Ah,LMO_26Ah,71.0838,75.636444,0.9195923076923077,0.9705324
H27735176665,LMO_26Ah,LMO_26Ah,53.3246,51.580795,0.998203846153846,0.9706856
H27734291854,LMO_26Ah,LMO_26Ah,24.5519,26.638535,0.9923153846153846,0.9721488
H27734591085,LMO_26Ah,LMO_26Ah,42.3415,44.056084,0.9497769230769231,0.9698765
H27734491651,LMO_26Ah,LMO_26Ah,85.0,86.2272,0.9381923076923078,0.95727
H27735076930,LMO_26Ah,LMO_26Ah,75.214,76.55952,0.9650538461538462,0.97052765
H27734691342,LMO_26Ah,LMO_26Ah,85.0,87.2165,0.9401923076923077,1.0055695
H27735177571,LMO_26Ah,LMO_26Ah,75.0,84.7998,0.8238038461538462,0.9281432
17号,LFP_35Ah,LFP_35Ah,40.8667,27.713003,0.8172685714285713,0.8622668
1号,LFP_35Ah,LFP_35Ah,41.452,27.409985,0.7431371428571428,0.8622056
34号,LFP_35Ah,LFP_35Ah,38.5265,27.506996,0.8159685714285715,0.8614824
36号,LFP_35Ah,LFP_35Ah,32.1026,26.354939,0.88972,0.86197317
37号,LFP_35Ah,LFP_35Ah,33.7731,26.755737,0.88372,0.8617401
53号,LFP_35Ah,LFP_35Ah,53.3916,31.244942,0.9176657142857142,0.862
8号,LFP_35Ah,LFP_35Ah,29.7969,25.090248,0.7810742857142857,0.86354727
9号,LFP_35Ah,LFP_35Ah,19.3077,17.930483,0.7772285714285714,0.8663365
02HCB68111211Y87Y0002979,LFP_68Ah,LFP_68Ah,21.1016,18.556805,0.8426367647058823,0.78628814
02HCB68111211Y88D0000337,LFP_68Ah,LFP_68Ah,44.7967,23.951263,0.8511661764705882,0.7871429
02HCB68111211Y88D0003997,LFP_68Ah,LFP_68Ah,18.1154,21.175863,0.6526647058823529,0.7862355
02HCB68111211Y87Y0011345,LFP_68Ah,LMO_24Ah,5.0,6.1996937,0.8249632352941176,0.78261876
02HCB68111211Y87Y0015653,LFP_68Ah,LFP_68Ah,48.7083,26.617264,0.7779485294117647,0.78715944
02HCB68111211Y86L0000199,LFP_68Ah,LFP_68Ah,32.5404,25.0736,0.7060573529411764,0.78707993
02HCB68111211Y86X0004792,LFP_68Ah,LFP_68Ah,31.8633,24.75592,0.7697308823529412,0.78708214
02HCB68111211Y87Y0015365,LFP_68Ah,LFP_68Ah,60.1373,53.862312,0.8225014705882353,0.80981755
02HCB68111211Y86S0005042,LFP_68Ah,LFP_68Ah,41.9839,27.147167,0.6715102941176471,0.78718483
02HCB68111211Y88D0003294,LFP_68Ah,LFP_68Ah,46.8445,27.369871,0.8352544117647058,0.7822144
02HCB68111211Y88E0004340,LFP_68Ah,LFP_68Ah,44.1142,26.43872,0.8342852941176471,0.787176
02HCB68111211Y87Y0013553,LFP_68Ah,LFP_68Ah,37.6917,22.4045,0.8047691176470588,0.80162156
02HCB68111211Y87Y0013903,LFP_68Ah,LFP_68Ah,39.9041,23.545845,0.8119000000000001,0.7851632
02HCB68111211Y87Y0009622,LFP_68Ah,LFP_68Ah,37.1305,23.433031,0.8424544117647059,0.7871033
02HCB68111211Y87Y0012947,LFP_68Ah,LFP_68Ah,39.5793,26.300804,0.8117617647058823,0.7871574
02HCB68111211Y87Y0003936,LFP_68Ah,LFP_68Ah,62.8233,56.557076,0.8382176470588236,0.79056895
02HCB68111211Y88D0005602,LFP_68Ah,LFP_68Ah,39.1172,21.870556,0.8460514705882353,0.7870952
02HCB68111211Y88E0004523,LFP_68Ah,LFP_68Ah,50.1764,27.013405,0.8356073529411765,0.7872311
02HCB68111211Y86V0003442,LFP_68Ah,LFP_68Ah,43.058,23.41493,0.6879132352941176,0.8041061
02HCB68111211Y86X0009373,LFP_68Ah,LFP_68Ah,18.8014,18.772217,0.7169970588235294,0.7860975
02HCB68111211Y88E0004411,LFP_68Ah,LFP_68Ah,59.1842,49.93821,0.8248588235294118,0.7876858
02HCB68111211Y87Y0004508,LFP_68Ah,LFP_68Ah,75.0,57.50534,0.8487455882352941,0.81955385
02HCB68111211Y86M0004883,LFP_68Ah,LFP_68Ah,39.1115,24.888727,0.7269970588235294,0.78712475
02HCB68111211Y86L0005694,LFP_68Ah,LFP_68Ah,52.0063,35.121746,0.6864426470588235,0.787381
02HCB68111211Y88E0004333,LFP_68Ah,LFP_68Ah,29.431,22.61663,0.8231911764705881,0.78697646
02HCB68111211Y87Y0007299,LFP_68Ah,LFP_68Ah,38.262,21.570402,0.8386073529411765,0.7871005
PIP15829A00209415,LMO_10Ah,LMO_10Ah,38.8252,43.620323,0.67015,0.7346233
PIP15D26A03261343,LMO_10Ah,LMO_10Ah,61.3405,75.913635,0.71626,0.8025756
PIP15D19A03280145,LMO_10Ah,LMO_26Ah,41.6439,42.988068,0.74285,0.91853786
PIP15D01A03241499,LMO_10Ah,LMO_26Ah,47.5273,48.836807,0.79292,0.8830974
PIP15N21A50200177,LMO_10Ah,LMO_10Ah,8.6173,4.872982,0.87622,0.8253721
PIP15D25A03219538,LMO_10Ah,LMO_10Ah,26.4669,44.855316,0.8858900000000001,0.8585408
PIP15N26A01201901,LMO_10Ah,LMO_10Ah,30.3575,35.975983,0.87909,0.8830974
PIP15828A00213703,LMO_10Ah,LMO_10Ah,38.6217,47.424232,0.59307,0.6918237
PIP15D01A03221296,LMO_10Ah,LMO_10Ah,58.0204,59.20102,0.87905,0.8830974
PIP15N15A03208398,LMO_10Ah,LMO_10Ah,63.7579,65.7734,0.88277,0.8830974
PIP15N15A03208683,LMO_10Ah,LMO_10Ah,53.3811,55.60868,0.8700699999999999,0.8830974
PIP15D25A03243702,LMO_10Ah,LMO_10Ah,8.8585,5.98815,0.8977299999999999,0.8860438
PIP15D26A03252860,LMO_10Ah,LMO_10Ah,50.482,50.25049,0.9214399999999999,0.8830974
PIP15D23A03282874,LMO_10Ah,LMO_10Ah,68.8352,69.5773,0.89416,0.8830974
PJP17601527003A007037,NMC_15Ah,NMC_15Ah,33.5103,36.454025,0.7527466666666667,0.79211533
PJP17930O01003A017268,NMC_15Ah,NMC_15Ah,52.0063,55.665535,0.75258,0.788956
PJP17601527001A008674,NMC_15Ah,NMC_15Ah,35.3566,48.11811,0.7564933333333334,0.79274386
PJP17601529001A010983,NMC_15Ah,NMC_15Ah,19.9515,19.78445,0.7735933333333332,0.7841054
PJP17930O01001A011629,NMC_15Ah,NMC_15Ah,39.1115,41.750282,0.75428,0.79129493
PJP17601527001A008592,NMC_15Ah,NMC_15Ah,22.5881,22.400536,0.7639066666666667,0.7847652
PJP17601527002A007215,NMC_15Ah,NMC_15Ah,41.6439,42.794823,0.7767866666666666,0.7906546
PJP17601527003A007274,NMC_15Ah,NMC_15Ah,58.6931,80.35894,0.76566,0.96094465
PJP17601529001A003327,NMC_15Ah,NMC_15Ah,41.452,43.835384,0.7542866666666667,0.7897059
PJP17601529001A001010,NMC_15Ah,NMC_15Ah,41.3203,43.09554,0.7656533333333333,0.7903028
PJP17930O01001A006207,NMC_15Ah,NMC_15Ah,37.1093,40.204933,0.7581,0.7923149
PJP17601527001A008438,NMC_15Ah,NMC_15Ah,65.0,69.104866,0.7541066666666667,0.79486847
PJP17601527003A009662,NMC_15Ah,NMC_15Ah,34.8354,37.199154,0.7714599999999999,0.7924417
PJP17930O01003A016647,NMC_15Ah,NMC_15Ah,41.6497,43.612984,0.75896,0.7897422
PJP17530529002A000337,NMC_15Ah,NMC_15Ah,57.0066,59.304787,0.7549399999999999,0.79009235
PJP17601527003A009747,NMC_15Ah,NMC_15Ah,55.9235,57.629322,0.7671666666666667,0.79156816
PJP17601527001A012082,NMC_15Ah,NMC_15Ah,26.9765,27.241203,0.7630533333333334,0.77948344
PJP17930O01003A017730,NMC_15Ah,LMO_24Ah,8.3761,7.7166824,0.7969666666666666,0.7797723
PJP17930O01003A018005,NMC_15Ah,NMC_15Ah,52.0704,53.91414,0.79294,0.8830974
02LCC02100101A87Y0026421,NMC_21Ah,NMC_21Ah,26.9765,29.191212,1.000052380952381,0.9874339
02LCC02100101A87Y0010168,NMC_21Ah,NMC_21Ah,34.3612,35.4627,1.0051,0.9870107
02LCC02100101A8BC0103482,NMC_21Ah,LMO_25Ah,8.135,9.781886,0.7755,0.86467016
02LCC02100101A87Y0074479,NMC_21Ah,NMC_21Ah,43.8556,43.35309,0.9881190476190476,0.9863414
02LCC02100101A87Y0020833,NMC_21Ah,NMC_21Ah,41.3203,40.93004,0.9979714285714285,0.98655725
02LCC02100101A87Y0027455,NMC_21Ah,NMC_15Ah,70.0,68.846115,1.011161904761905,0.9844301
02LCC02100101A87Y0173907,NMC_21Ah,NMC_21Ah,55.9235,50.46199,1.006,0.9847025
02LCC02100101A87Y0177229,NMC_21Ah,NMC_21Ah,49.0491,49.365265,0.9903,0.9857915
02LCC02100101A87Y0175162,NMC_21Ah,NMC_21Ah,34.8354,35.552658,1.001404761904762,0.9870398
02LCC02100101A87Y0172641,NMC_21Ah,NMC_21Ah,21.8027,26.999632,1.004309523809524,0.9878044
A170530525010800027,LMO_24Ah,LMO_24Ah,75.0,6.6842656,0.7957208333333333,0.7559318
A170528511010800104,LMO_24Ah,NMC_15Ah,41.9541,43.98268,0.7689125,0.78800535
A170526507010800030,LMO_24Ah,NMC_15Ah,46.7917,47.15484,0.7420833333333333,0.7853893
A170622616030800696,LMO_24Ah,NMC_21Ah,9.0996,8.244624,1.095941666666667,0.85640574
A170527511010800595,LMO_24Ah,LMO_24Ah,20.5001,20.161158,0.7606625,0.77954155
A170531525010801074,LMO_24Ah,NMC_15Ah,44.7967,46.168106,0.802275,0.80595976
A170529511010800411,LMO_24Ah,LMO_10Ah,7.6527,16.698435,0.6376916666666667,0.7787394
A170528511010802245,LMO_24Ah,NMC_21Ah,36.6803,39.04561,0.74125,0.77824867
A170525507010800198,LMO_24Ah,NMC_15Ah,44.4627,44.487804,0.825625,0.8048966
A170606528030800466,LMO_24Ah,LMO_24Ah,40.1289,46.335026,1.0524,1.0653019
A170529511010800365,LMO_24Ah,NMC_21Ah,31.8633,43.426086,0.7595833333333334,0.93531597
515092904916,LMO_25Ah,LMO_25Ah,27.7305,30.704353,0.629024,0.6029713
515092905212,LMO_25Ah,NMC_15Ah,50.482,45.82312,0.918516,0.8830974
515093002457,LMO_25Ah,LMO_25Ah,7.8938,9.215129,0.715284,0.68597424
516020603556,LMO_25Ah,LMO_25Ah,35.3767,35.985504,0.6442319999999999,0.6975324
515092904019,LMO_25Ah,LMO_25Ah,41.6439,45.850105,0.7791079999999999,0.778931
515093000451,LMO_25Ah,LMO_25Ah,8.8585,9.717054,0.934832,0.8830974
515092901182,LMO_25Ah,LMO_25Ah,7.1704,13.36679,0.601472,0.7253866
515092904740,LMO_25Ah,LMO_25Ah,25.6641,28.372267,0.617416,0.6898745
515100100624,LMO_25Ah,LMO_25Ah,8.3761,9.097691,0.8321599999999999,0.7831079
515093001782,LMO_25Ah,NMC_21Ah,50.1002,50.50901,0.925024,0.8830974
515093002576,LMO_25Ah,NMC_21Ah,50.1557,60.091858,0.804024,0.8830974
515093000724,LMO_25Ah,LMO_25Ah,38.8252,41.56927,0.7228279999999999,0.7832833
515093002348,LMO_25Ah,LMO_25Ah,21.1016,18.98207,0.782636,0.7526614
515092501338,LMO_25Ah,LMO_25Ah,32.339,34.630905,0.590388,0.57527345
515092901199,LMO_25Ah,LMO_25Ah,27.5501,43.96557,0.422888,0.5944506
515093000605,LMO_25Ah,LMO_25Ah,35.9961,43.24192,0.8718319999999999,0.8830974
515100102065,LMO_25Ah,LMO_25Ah,8.6173,9.002095,0.886136,0.8383875
515093002646,LMO_25Ah,NMC_15Ah,70.0083,74.343414,0.88878,0.8830974
515100101320,LMO_25Ah,LMO_25Ah,75.0,72.29338,0.795436,0.8734532
515092904410,LMO_25Ah,NMC_21Ah,44.4627,52.603447,0.84136,0.8830974
515093001367,LMO_25Ah,NMC_21Ah,44.7967,59.09938,0.7882760000000001,0.8830974
515093004000,LMO_25Ah,LMO_25Ah,41.9541,48.11947,0.746968,0.7784046
515100100526,LMO_25Ah,LMO_25Ah,22.2517,28.233097,0.872804,0.8830974
515092904584,LMO_25Ah,NMC_21Ah,50.0064,62.965225,0.7854439999999999,0.87741816
515092905201,LMO_25Ah,NMC_21Ah,53.6027,48.165,0.944636,0.8830974
H27734091053,LMO_26Ah,LMO_25Ah,8.3761,16.960497,0.8388307692307693,0.78105354
H27735178005,LMO_26Ah,LMO_26Ah,53.3811,65.32724,0.8490000000000001,0.9723479
H27733490499,LMO_26Ah,LMO_26Ah,70.0083,77.1626,0.8877884615384615,0.9701954
H27734592855,LMO_26Ah,LMO_26Ah,22.2517,26.638428,0.8586153846153847,0.92917097
H27734492478,LMO_26Ah,LMO_24Ah,90.0,86.74122,0.9984076923076923,0.96018744
H27733590292,LMO_26Ah,LMO_26Ah,38.0625,49.197403,0.9464884615384614,0.8830974
H27734676393,LMO_26Ah,LMO_26Ah,62.6027,59.78953,0.9604461538461538,0.8830974
H27735077206,LMO_26Ah,LMO_26Ah,71.0838,75.33334,0.9195923076923077,0.97056556
H27735176665,LMO_26Ah,LMO_26Ah,53.3246,59.08168,0.998203846153846,0.98275626
H27734291854,LMO_26Ah,LMO_26Ah,24.5519,26.363342,0.9923153846153846,0.97191674
H27734591085,LMO_26Ah,LMO_26Ah,42.3415,40.181885,0.9497769230769231,0.7802479
H27734491651,LMO_26Ah,LMO_26Ah,85.0,86.13101,0.9381923076923078,0.96300554
H27735076930,LMO_26Ah,LMO_26Ah,75.214,76.42529,0.9650538461538462,0.9705522
H27734691342,LMO_26Ah,LMO_26Ah,85.0,87.02988,0.9401923076923077,0.9561331
H27735177571,LMO_26Ah,LMO_26Ah,75.0,84.68642,0.8238038461538462,0.96334887
17号,LFP_35Ah,LFP_35Ah,40.8667,27.56945,0.8172685714285713,0.86228114
1号,LFP_35Ah,LFP_35Ah,41.452,27.322618,0.7431371428571428,0.8621981
34号,LFP_35Ah,LFP_35Ah,38.5265,27.479164,0.8159685714285715,0.8614276
36号,LFP_35Ah,LFP_35Ah,32.1026,26.466743,0.88972,0.86198604
37号,LFP_35Ah,LFP_35Ah,33.7731,26.571705,0.88372,0.861732
53号,LFP_35Ah,LFP_35Ah,53.3916,31.19815,0.9176657142857142,0.86192346
8号,LFP_35Ah,LFP_35Ah,29.7969,25.012203,0.7810742857142857,0.86358213
9号,LFP_35Ah,LFP_35Ah,19.3077,17.91269,0.7772285714285714,0.86640733
02HCB68111211Y87Y0002979,LFP_68Ah,LFP_68Ah,21.1016,18.639921,0.8426367647058823,0.78628206
02HCB68111211Y88D0000337,LFP_68Ah,LFP_68Ah,44.7967,24.21739,0.8511661764705882,0.77426326
02HCB68111211Y88D0003997,LFP_68Ah,LFP_68Ah,18.1154,20.031425,0.6526647058823529,0.81115365
02HCB68111211Y87Y0011345,LFP_68Ah,LMO_24Ah,5.0,6.4304805,0.8249632352941176,0.7825984
02HCB68111211Y87Y0015653,LFP_68Ah,LFP_68Ah,48.7083,26.558596,0.7779485294117647,0.7871455
02HCB68111211Y86L0000199,LFP_68Ah,LFP_68Ah,32.5404,25.215515,0.7060573529411764,0.78704125
02HCB68111211Y86X0004792,LFP_68Ah,LFP_68Ah,31.8633,16.42063,0.7697308823529412,0.7842412
02HCB68111211Y87Y0015365,LFP_68Ah,LFP_68Ah,60.1373,52.934673,0.8225014705882353,0.7880621
02HCB68111211Y86S0005042,LFP_68Ah,LFP_68Ah,41.9839,26.982931,0.6715102941176471,0.7871733
02HCB68111211Y88D0003294,LFP_68Ah,LFP_68Ah,46.8445,27.628736,0.8352544117647058,0.7833052
02HCB68111211Y88E0004340,LFP_68Ah,LFP_68Ah,44.1142,26.326397,0.8342852941176471,0.78714263
02HCB68111211Y87Y0013553,LFP_68Ah,LFP_68Ah,37.6917,25.930977,0.8047691176470588,0.78708005
02HCB68111211Y87Y0013903,LFP_68Ah,LFP_68Ah,39.9041,23.516058,0.8119000000000001,0.78700507
02HCB68111211Y87Y0009622,LFP_68Ah,LFP_68Ah,37.1305,23.789888,0.8424544117647059,0.7871051
02HCB68111211Y87Y0012947,LFP_68Ah,LFP_68Ah,39.5793,26.230837,0.8117617647058823,0.78542066
02HCB68111211Y87Y0003936,LFP_68Ah,LFP_68Ah,62.8233,56.345604,0.8382176470588236,0.8146235
02HCB68111211Y88D0005602,LFP_68Ah,LFP_68Ah,39.1172,21.877485,0.8460514705882353,0.78705883
02HCB68111211Y88E0004523,LFP_68Ah,LFP_68Ah,50.1764,27.133308,0.8356073529411765,0.77228343
02HCB68111211Y86V0003442,LFP_68Ah,LFP_68Ah,43.058,26.780005,0.6879132352941176,0.78723526
02HCB68111211Y86X0009373,LFP_68Ah,LFP_68Ah,18.8014,18.817514,0.7169970588235294,0.78609705
02HCB68111211Y88E0004411,LFP_68Ah,LFP_68Ah,59.1842,50.501587,0.8248588235294118,0.7878771
02HCB68111211Y87Y0004508,LFP_68Ah,LFP_68Ah,75.0,57.498817,0.8487455882352941,0.8145249
02HCB68111211Y86M0004883,LFP_68Ah,LFP_68Ah,39.1115,24.41896,0.7269970588235294,0.787076
02HCB68111211Y86L0005694,LFP_68Ah,LFP_68Ah,52.0063,34.50885,0.6864426470588235,0.78643906
02HCB68111211Y88E0004333,LFP_68Ah,LFP_68Ah,29.431,22.716118,0.8231911764705881,0.7869617
02HCB68111211Y87Y0007299,LFP_68Ah,LFP_68Ah,38.262,21.523924,0.8386073529411765,0.7870816
PIP15829A00209415,LMO_10Ah,LMO_10Ah,38.8252,43.401817,0.67015,0.7163788
PIP15D26A03261343,LMO_10Ah,LMO_10Ah,61.3405,75.50497,0.71626,0.76755273
PIP15D19A03280145,LMO_10Ah,LMO_26Ah,41.6439,44.76758,0.74285,0.8830974
PIP15D01A03241499,LMO_10Ah,LMO_26Ah,47.5273,48.34547,0.79292,0.8830974
PIP15N21A50200177,LMO_10Ah,LMO_10Ah,8.6173,4.8820906,0.87622,0.80421364
PIP15D25A03219538,LMO_10Ah,LMO_10Ah,26.4669,27.748938,0.8858900000000001,0.8805839
PIP15N26A01201901,LMO_10Ah,LMO_26Ah,30.3575,35.38633,0.87909,0.8830974
PIP15828A00213703,LMO_10Ah,LMO_10Ah,38.6217,47.118393,0.59307,0.68197185
PIP15D01A03221296,LMO_10Ah,LMO_10Ah,58.0204,59.27903,0.87905,0.8830974
PIP15N15A03208398,LMO_10Ah,LMO_10Ah,63.7579,65.704765,0.88277,0.8830974
PIP15N15A03208683,LMO_10Ah,LMO_10Ah,53.3811,55.571815,0.8700699999999999,0.8830974
PIP15D25A03243702,LMO_10Ah,LMO_10Ah,8.8585,6.0728846,0.8977299999999999,0.8862374
PIP15D26A03252860,LMO_10Ah,LMO_10Ah,50.482,50.30961,0.9214399999999999,0.8830974
PIP15D23A03282874,LMO_10Ah,LMO_10Ah,68.8352,69.74887,0.89416,0.8830974
PJP17601527003A007037,NMC_15Ah,NMC_15Ah,33.5103,36.44075,0.7527466666666667,0.79211473
PJP17930O01003A017268,NMC_15Ah,NMC_15Ah,52.0063,55.66815,0.75258,0.78895915
PJP17601527001A008674,NMC_15Ah,NMC_15Ah,35.3566,48.13788,0.7564933333333334,0.7927413
PJP17601529001A010983,NMC_15Ah,NMC_15Ah,19.9515,19.777733,0.7735933333333332,0.78803056
PJP17930O01001A011629,NMC_15Ah,NMC_15Ah,39.1115,41.77539,0.75428,0.7912987
PJP17601527001A008592,NMC_15Ah,NMC_15Ah,22.5881,21.804996,0.7639066666666667,0.7858486
PJP17601527002A007215,NMC_15Ah,NMC_15Ah,41.6439,42.80455,0.7767866666666666,0.79064906
PJP17601527003A007274,NMC_15Ah,NMC_15Ah,58.6931,61.036434,0.76566,0.79017437
PJP17601529001A003327,NMC_15Ah,NMC_15Ah,41.452,43.845222,0.7542866666666667,0.7897075
PJP17601529001A001010,NMC_15Ah,NMC_15Ah,41.3203,42.92681,0.7656533333333333,0.81560946
PJP17930O01001A006207,NMC_15Ah,NMC_15Ah,37.1093,40.264072,0.7581,0.7923118
PJP17601527001A008438,NMC_15Ah,NMC_15Ah,65.0,69.103096,0.7541066666666667,0.7948209
PJP17601527003A009662,NMC_15Ah,NMC_15Ah,34.8354,37.213272,0.7714599999999999,0.7924312
PJP17930O01003A016647,NMC_15Ah,NMC_15Ah,41.6497,43.598835,0.75896,0.7897558
PJP17530529002A000337,NMC_15Ah,NMC_15Ah,57.0066,59.34173,0.7549399999999999,0.7903207
PJP17601527003A009747,NMC_15Ah,NMC_15Ah,55.9235,57.64542,0.7671666666666667,0.7894319
PJP17601527001A012082,NMC_15Ah,NMC_15Ah,26.9765,27.153055,0.7630533333333334,0.7796338
PJP17930O01003A017730,NMC_15Ah,LMO_24Ah,8.3761,7.7270675,0.7969666666666666,0.77975523
PJP17930O01003A018005,NMC_15Ah,NMC_15Ah,52.0704,52.16413,0.79294,0.7888446
02LCC02100101A87Y0026421,NMC_21Ah,NMC_21Ah,26.9765,28.89421,1.000052380952381,0.9874339
02LCC02100101A87Y0010168,NMC_21Ah,NMC_21Ah,34.3612,35.50878,1.0051,0.9870107
02LCC02100101A8BC0103482,NMC_21Ah,LMO_25Ah,8.135,9.740797,0.7755,0.9045496
02LCC02100101A87Y0074479,NMC_21Ah,NMC_21Ah,43.8556,43.576008,0.9881190476190476,0.98634654
02LCC02100101A87Y0020833,NMC_21Ah,NMC_21Ah,41.3203,41.130363,0.9979714285714285,0.98655725
02LCC02100101A87Y0027455,NMC_21Ah,NMC_15Ah,70.0,68.88457,1.011161904761905,0.9844456
02LCC02100101A87Y0173907,NMC_21Ah,NMC_21Ah,55.9235,51.12783,1.006,0.9846921
02LCC02100101A87Y0177229,NMC_21Ah,NMC_21Ah,49.0491,49.231255,0.9903,0.9857799
02LCC02100101A87Y0175162,NMC_21Ah,NMC_21Ah,34.8354,35.48856,1.001404761904762,0.98702943
02LCC02100101A87Y0172641,NMC_21Ah,NMC_21Ah,21.8027,26.74936,1.004309523809524,0.9878044
A170530525010800027,LMO_24Ah,LMO_24Ah,75.0,6.7066827,0.7957208333333333,0.7472476
A170528511010800104,LMO_24Ah,NMC_21Ah,41.9541,44.2711,0.7689125,0.78763425
A170526507010800030,LMO_24Ah,NMC_15Ah,46.7917,47.305553,0.7420833333333333,0.7850124
A170622616030800696,LMO_24Ah,NMC_21Ah,9.0996,8.254753,1.095941666666667,0.8440399
A170527511010800595,LMO_24Ah,LMO_24Ah,20.5001,20.188313,0.7606625,0.7834114
A170531525010801074,LMO_24Ah,NMC_15Ah,44.7967,46.166893,0.802275,0.92729354
A170529511010800411,LMO_24Ah,LMO_10Ah,7.6527,16.802448,0.6376916666666667,0.77509713
A170528511010802245,LMO_24Ah,NMC_21Ah,36.6803,39.092247,0.74125,0.76587313
A170525507010800198,LMO_24Ah,NMC_15Ah,44.4627,44.504814,0.825625,0.80905354
A170606528030800466,LMO_24Ah,LMO_24Ah,40.1289,45.455353,1.0524,1.0254344
A170529511010800365,LMO_24Ah,LMO_25Ah,31.8633,34.37431,0.7595833333333334,0.7903204
515092904916,LMO_25Ah,LMO_25Ah,27.7305,30.643068,0.629024,0.6719818
515092905212,LMO_25Ah,NMC_21Ah,50.482,46.10414,0.918516,0.8830974
515093002457,LMO_25Ah,LMO_25Ah,7.8938,9.192646,0.715284,0.6979532
516020603556,LMO_25Ah,LMO_25Ah,35.3767,37.12439,0.6442319999999999,0.71252656
515092904019,LMO_25Ah,LMO_25Ah,41.6439,42.69724,0.7791079999999999,0.7906519
515093000451,LMO_25Ah,LMO_25Ah,8.8585,9.390951,0.934832,0.8830974
515092901182,LMO_25Ah,LMO_25Ah,7.1704,13.397452,0.601472,0.72384477
515092904740,LMO_25Ah,LMO_25Ah,25.6641,28.285097,0.617416,0.64658487
515100100624,LMO_25Ah,LMO_25Ah,8.3761,9.080647,0.8321599999999999,0.76794827
515093001782,LMO_25Ah,NMC_21Ah,50.1002,50.634254,0.925024,0.8830974
515093002576,LMO_25Ah,NMC_21Ah,50.1557,60.242622,0.804024,0.8830974
515093000724,LMO_25Ah,LMO_25Ah,38.8252,41.845093,0.7228279999999999,0.7601348
515093002348,LMO_25Ah,LMO_25Ah,21.1016,18.74987,0.782636,0.71713054
515092501338,LMO_25Ah,LMO_25Ah,32.339,34.536255,0.590388,0.58502674
515092901199,LMO_25Ah,LMO_25Ah,27.5501,43.838013,0.422888,0.57496065
515093000605,LMO_25Ah,LMO_25Ah,35.9961,42.86025,0.8718319999999999,0.8830974
515100102065,LMO_25Ah,LMO_25Ah,8.6173,8.986935,0.886136,0.8481965
515093002646,LMO_25Ah,LMO_24Ah,70.0083,74.26932,0.88878,0.8830974
515100101320,LMO_25Ah,LMO_25Ah,75.0,72.542046,0.795436,0.8632396
515092904410,LMO_25Ah,NMC_21Ah,44.4627,52.549366,0.84136,0.8830974
515093001367,LMO_25Ah,NMC_21Ah,44.7967,58.938976,0.7882760000000001,0.8830974
515093004000,LMO_25Ah,LMO_25Ah,41.9541,41.176537,0.746968,0.8263619
515100100526,LMO_25Ah,LMO_25Ah,22.2517,27.819464,0.872804,0.8830974
515092904584,LMO_25Ah,NMC_21Ah,50.0064,62.963436,0.7854439999999999,0.8830974
515092905201,LMO_25Ah,NMC_21Ah,53.6027,48.570755,0.944636,0.8830974
H27734091053,LMO_26Ah,LMO_25Ah,8.3761,10.470846,0.8388307692307693,0.97182083
H27735178005,LMO_26Ah,LMO_26Ah,53.3811,64.713066,0.8490000000000001,0.97235405
H27733490499,LMO_26Ah,LMO_26Ah,70.0083,76.64458,0.8877884615384615,0.97019684
H27734592855,LMO_26Ah,LMO_26Ah,22.2517,26.324297,0.8586153846153847,0.92971754
H27734492478,LMO_26Ah,LMO_26Ah,90.0,83.21998,0.9984076923076923,0.8987529
H27733590292,LMO_26Ah,LMO_26Ah,38.0625,39.495808,0.9464884615384614,0.8987529
H27734676393,LMO_26Ah,LMO_26Ah,62.6027,64.728935,0.9604461538461538,1.0202725
H27735077206,LMO_26Ah,LMO_26Ah,71.0838,74.92976,0.9195923076923077,0.9705569
H27735176665,LMO_26Ah,LMO_26Ah,53.3246,50.913933,0.998203846153846,0.9707918
H27734291854,LMO_26Ah,LMO_26Ah,24.5519,30.587864,0.9923153846153846,0.9870107
H27734591085,LMO_26Ah,LMO_26Ah,42.3415,43.17399,0.9497769230769231,0.97003233
H27734491651,LMO_26Ah,LMO_26Ah,85.0,85.78523,0.9381923076923078,0.9580655
H27735076930,LMO_26Ah,LMO_26Ah,75.214,76.066765,0.9650538461538462,0.9705535
H27734691342,LMO_26Ah,LMO_26Ah,85.0,86.859085,0.9401923076923077,0.97930205
H27735177571,LMO_26Ah,LMO_26Ah,75.0,84.358826,0.8238038461538462,0.9568392
17号,LFP_35Ah,LFP_35Ah,40.8667,27.044533,0.8172685714285713,0.8622192
1号,LFP_35Ah,LFP_35Ah,41.452,27.565971,0.7431371428571428,0.86207724
34号,LFP_35Ah,LFP_35Ah,38.5265,27.511894,0.8159685714285715,0.8613957
36号,LFP_35Ah,LFP_35Ah,32.1026,26.490936,0.88972,0.861974
37号,LFP_35Ah,LFP_35Ah,33.7731,26.807241,0.88372,0.86168104
53号,LFP_35Ah,LFP_35Ah,53.3916,30.741976,0.9176657142857142,0.8619493
8号,LFP_35Ah,LFP_35Ah,29.7969,24.99749,0.7810742857142857,0.8634081
9号,LFP_35Ah,LFP_35Ah,19.3077,18.005093,0.7772285714285714,0.866334
02HCB68111211Y87Y0002979,LFP_68Ah,LFP_68Ah,21.1016,13.922827,0.8426367647058823,0.8028553
02HCB68111211Y88D0000337,LFP_68Ah,LFP_68Ah,44.7967,24.126465,0.8511661764705882,0.7870909
02HCB68111211Y88D0003997,LFP_68Ah,LFP_68Ah,18.1154,21.180721,0.6526647058823529,0.7861715
02HCB68111211Y87Y0011345,LFP_68Ah,LMO_24Ah,5.0,6.3752093,0.8249632352941176,0.7824954
02HCB68111211Y87Y0015653,LFP_68Ah,LFP_68Ah,48.7083,26.71312,0.7779485294117647,0.7871201
02HCB68111211Y86L0000199,LFP_68Ah,LFP_68Ah,32.5404,25.572224,0.7060573529411764,0.7870532
02HCB68111211Y86X0004792,LFP_68Ah,LFP_68Ah,31.8633,24.358892,0.7697308823529412,0.78702176
02HCB68111211Y87Y0015365,LFP_68Ah,LFP_68Ah,60.1373,51.974747,0.8225014705882353,0.7800047
02HCB68111211Y86S0005042,LFP_68Ah,LFP_68Ah,41.9839,27.349312,0.6715102941176471,0.7871408
02HCB68111211Y88D0003294,LFP_68Ah,LFP_68Ah,46.8445,27.502466,0.8352544117647058,0.7871388
02HCB68111211Y88E0004340,LFP_68Ah,LFP_68Ah,44.1142,26.491192,0.8342852941176471,0.78712285
02HCB68111211Y87Y0013553,LFP_68Ah,LFP_68Ah,37.6917,26.15618,0.8047691176470588,0.7871024
02HCB68111211Y87Y0013903,LFP_68Ah,LFP_68Ah,39.9041,19.730925,0.8119000000000001,0.81264126
02HCB68111211Y87Y0009622,LFP_68Ah,LFP_68Ah,37.1305,23.845627,0.8424544117647059,0.7870678
02HCB68111211Y87Y0012947,LFP_68Ah,LFP_68Ah,39.5793,26.409159,0.8117617647058823,0.78533673
02HCB68111211Y87Y0003936,LFP_68Ah,LFP_68Ah,62.8233,56.20601,0.8382176470588236,0.7837337
02HCB68111211Y88D0005602,LFP_68Ah,LFP_68Ah,39.1172,22.300102,0.8460514705882353,0.78706807
02HCB68111211Y88E0004523,LFP_68Ah,LFP_68Ah,50.1764,26.949375,0.8356073529411765,0.7871844
02HCB68111211Y86V0003442,LFP_68Ah,LFP_68Ah,43.058,27.179138,0.6879132352941176,0.78711736
02HCB68111211Y86X0009373,LFP_68Ah,LFP_68Ah,18.8014,18.732857,0.7169970588235294,0.7860661
02HCB68111211Y88E0004411,LFP_68Ah,LFP_68Ah,59.1842,51.19732,0.8248588235294118,0.7841768
02HCB68111211Y87Y0004508,LFP_68Ah,LFP_68Ah,75.0,57.50779,0.8487455882352941,0.8163653
02HCB68111211Y86M0004883,LFP_68Ah,LFP_68Ah,39.1115,24.618275,0.7269970588235294,0.7870728
02HCB68111211Y86L0005694,LFP_68Ah,LFP_68Ah,52.0063,35.6009,0.6864426470588235,0.7873508
02HCB68111211Y88E0004333,LFP_68Ah,LFP_68Ah,29.431,19.250717,0.8231911764705881,0.81257325
02HCB68111211Y87Y0007299,LFP_68Ah,LFP_68Ah,38.262,22.030552,0.8386073529411765,0.7855197
PIP15829A00209415,LMO_10Ah,LMO_10Ah,38.8252,43.14489,0.67015,0.6943958
PIP15D26A03261343,LMO_10Ah,LMO_10Ah,61.3405,75.362045,0.71626,0.7808172
PIP15D19A03280145,LMO_10Ah,LMO_26Ah,41.6439,44.56318,0.74285,0.8830974
PIP15D01A03241499,LMO_10Ah,LMO_26Ah,47.5273,48.210472,0.79292,0.8830974
PIP15N21A50200177,LMO_10Ah,LMO_10Ah,8.6173,4.8650055,0.87622,0.7778033
PIP15D25A03219538,LMO_10Ah,LMO_10Ah,26.4669,27.460308,0.8858900000000001,0.87710947
PIP15N26A01201901,LMO_10Ah,LMO_26Ah,30.3575,35.292526,0.87909,0.8707355
PIP15828A00213703,LMO_10Ah,LMO_10Ah,38.6217,46.73764,0.59307,0.67320913
PIP15D01A03221296,LMO_10Ah,LMO_10Ah,58.0204,59.625282,0.87905,0.8830974
PIP15N15A03208398,LMO_10Ah,LMO_10Ah,63.7579,65.64226,0.88277,0.8830974
PIP15N15A03208683,LMO_10Ah,LMO_10Ah,53.3811,55.452587,0.8700699999999999,0.8830974
PIP15D25A03243702,LMO_10Ah,LMO_10Ah,8.8585,6.1647873,0.8977299999999999,0.8881376
PIP15D26A03252860,LMO_10Ah,LMO_10Ah,50.482,49.927025,0.9214399999999999,0.8830974
PIP15D23A03282874,LMO_10Ah,LMO_10Ah,68.8352,69.74841,0.89416,0.8830974
PJP17601527003A007037,NMC_15Ah,NMC_15Ah,33.5103,36.409428,0.7527466666666667,0.79210377
PJP17930O01003A017268,NMC_15Ah,NMC_15Ah,52.0063,55.634014,0.75258,0.78896105
PJP17601527001A008674,NMC_15Ah,NMC_15Ah,35.3566,47.948837,0.7564933333333334,0.7927594
PJP17601529001A010983,NMC_15Ah,NMC_15Ah,19.9515,19.760666,0.7735933333333332,0.78546464
PJP17930O01001A011629,NMC_15Ah,NMC_15Ah,39.1115,44.04591,0.75428,0.8830974
PJP17601527001A008592,NMC_15Ah,NMC_15Ah,22.5881,22.254124,0.7639066666666667,0.78474355
PJP17601527002A007215,NMC_15Ah,NMC_15Ah,41.6439,42.755573,0.7767866666666666,0.79065734
PJP17601527003A007274,NMC_15Ah,NMC_15Ah,58.6931,60.9636,0.76566,0.79016757
PJP17601529001A003327,NMC_15Ah,NMC_15Ah,41.452,43.80403,0.7542866666666667,0.7897134
PJP17601529001A001010,NMC_15Ah,NMC_15Ah,41.3203,43.09525,0.7656533333333333,0.7903029
PJP17930O01001A006207,NMC_15Ah,NMC_15Ah,37.1093,40.1922,0.7581,0.7923307
PJP17601527001A008438,NMC_15Ah,NMC_15Ah,65.0,69.070816,0.7541066666666667,0.79483485
PJP17601527003A009662,NMC_15Ah,NMC_15Ah,34.8354,37.193207,0.7714599999999999,0.7924656
PJP17930O01003A016647,NMC_15Ah,NMC_15Ah,41.6497,43.58205,0.75896,0.78976476
PJP17530529002A000337,NMC_15Ah,NMC_15Ah,57.0066,59.279846,0.7549399999999999,0.79008275
PJP17601527003A009747,NMC_15Ah,NMC_15Ah,55.9235,57.59497,0.7671666666666667,0.78942573
PJP17601527001A012082,NMC_15Ah,NMC_15Ah,26.9765,27.19646,0.7630533333333334,0.77966046
PJP17930O01003A017730,NMC_15Ah,LMO_24Ah,8.3761,7.7525096,0.7969666666666666,0.7797836
PJP17930O01003A018005,NMC_15Ah,NMC_15Ah,52.0704,52.13071,0.79294,0.78884566
02LCC02100101A87Y0026421,NMC_21Ah,NMC_21Ah,26.9765,28.799692,1.000052380952381,0.98743904
02LCC02100101A87Y0010168,NMC_21Ah,NMC_21Ah,34.3612,35.350063,1.0051,0.98701906
02LCC02100101A8BC0103482,NMC_21Ah,LMO_25Ah,8.135,9.682503,0.7755,0.8375262
02LCC02100101A87Y0074479,NMC_21Ah,NMC_21Ah,43.8556,43.48675,0.9881190476190476,0.98634917
02LCC02100101A87Y0020833,NMC_21Ah,NMC_21Ah,41.3203,41.096565,0.9979714285714285,0.9865645
02LCC02100101A87Y0027455,NMC_21Ah,NMC_15Ah,70.0,68.819626,1.011161904761905,0.98443455
02LCC02100101A87Y0173907,NMC_21Ah,NMC_21Ah,55.9235,42.968567,1.006,0.9870114
02LCC02100101A87Y0177229,NMC_21Ah,NMC_21Ah,49.0491,49.16993,0.9903,0.9857857
02LCC02100101A87Y0175162,NMC_21Ah,NMC_21Ah,34.8354,35.346355,1.001404761904762,0.9870336
02LCC02100101A87Y0172641,NMC_21Ah,NMC_21Ah,21.8027,26.560383,1.004309523809524,0.9878068
A170530525010800027,LMO_24Ah,LMO_24Ah,75.0,6.7072244,0.7957208333333333,0.73946065
A170528511010800104,LMO_24Ah,NMC_21Ah,41.9541,44.1847,0.7689125,0.78769046
A170526507010800030,LMO_24Ah,NMC_15Ah,46.7917,47.3452,0.7420833333333333,0.7510057
A170622616030800696,LMO_24Ah,NMC_21Ah,9.0996,8.141657,1.095941666666667,0.92699647
A170527511010800595,LMO_24Ah,LMO_24Ah,20.5001,18.873158,0.7606625,0.79055774
A170531525010801074,LMO_24Ah,LMO_24Ah,44.7967,46.12613,0.802275,0.8025838
A170529511010800411,LMO_24Ah,LMO_10Ah,7.6527,17.007088,0.6376916666666667,0.73723084
A170528511010802245,LMO_24Ah,NMC_21Ah,36.6803,39.68077,0.74125,0.7907131
A170525507010800198,LMO_24Ah,NMC_15Ah,44.4627,44.465332,0.825625,0.8629539
A170606528030800466,LMO_24Ah,LMO_24Ah,40.1289,37.776833,1.0524,1.069582
A170529511010800365,LMO_24Ah,NMC_21Ah,31.8633,34.297897,0.7595833333333334,0.7780994
515092904916,LMO_25Ah,LMO_25Ah,27.7305,30.519884,0.629024,0.6957356
515092905212,LMO_25Ah,NMC_21Ah,50.482,47.071518,0.918516,0.8830974
515093002457,LMO_25Ah,LMO_25Ah,7.8938,9.207994,0.715284,0.7335192
516020603556,LMO_25Ah,LMO_25Ah,35.3767,36.715137,0.6442319999999999,0.67754143
515092904019,LMO_25Ah,LMO_25Ah,41.6439,45.770855,0.7791079999999999,0.82535243
515093000451,LMO_25Ah,LMO_25Ah,8.8585,9.309668,0.934832,0.8830974
515092901182,LMO_25Ah,LMO_25Ah,7.1704,13.290388,0.601472,0.738383
515092904740,LMO_25Ah,LMO_25Ah,25.6641,28.19234,0.617416,0.70566297
515100100624,LMO_25Ah,LMO_25Ah,8.3761,9.104519,0.8321599999999999,0.7665621
515093001782,LMO_25Ah,NMC_21Ah,50.1002,50.904087,0.925024,0.8830974
515093002576,LMO_25Ah,NMC_21Ah,50.1557,60.01551,0.804024,0.8830974
515093000724,LMO_25Ah,LMO_25Ah,38.8252,41.773293,0.7228279999999999,0.75080824
515093002348,LMO_25Ah,LMO_25Ah,21.1016,19.105675,0.782636,0.70643264
515092501338,LMO_25Ah,LMO_25Ah,32.339,34.377007,0.590388,0.5752723
515092901199,LMO_25Ah,LMO_25Ah,27.5501,43.661263,0.422888,0.57495946
515093000605,LMO_25Ah,LMO_25Ah,35.9961,42.749573,0.8718319999999999,0.8830974
515100102065,LMO_25Ah,LMO_25Ah,8.6173,8.987319,0.886136,0.84912384
515093002646,LMO_25Ah,LMO_24Ah,70.0083,74.15034,0.88878,0.8830974
515100101320,LMO_25Ah,LMO_25Ah,75.0,72.31434,0.795436,0.8643658
515092904410,LMO_25Ah,NMC_21Ah,44.4627,52.411438,0.84136,0.8830974
515093001367,LMO_25Ah,NMC_21Ah,44.7967,58.8638,0.7882760000000001,0.8830974
515093004000,LMO_25Ah,LMO_25Ah,41.9541,48.552895,0.746968,0.76458704
515100100526,LMO_25Ah,LMO_25Ah,22.2517,27.60456,0.872804,0.8830974
515092904584,LMO_25Ah,NMC_21Ah,50.0064,62.75354,0.7854439999999999,0.86489713
515092905201,LMO_25Ah,NMC_21Ah,53.6027,48.795666,0.944636,0.8830974
H27734091053,LMO_26Ah,LMO_25Ah,8.3761,10.312086,0.8388307692307693,0.96744454
H27735178005,LMO_26Ah,LMO_26Ah,53.3811,64.562294,0.8490000000000001,0.9723674
H27733490499,LMO_26Ah,LMO_26Ah,70.0083,76.515656,0.8877884615384615,0.9642167
H27734592855,LMO_26Ah,LMO_26Ah,22.2517,26.005116,0.8586153846153847,0.9157202
H27734492478,LMO_26Ah,LMO_26Ah,90.0,86.422195,0.9984076923076923,0.9560705
H27733590292,LMO_26Ah,LMO_26Ah,38.0625,37.22014,0.9464884615384614,0.79005754
H27734676393,LMO_26Ah,LMO_26Ah,62.6027,65.21426,0.9604461538461538,0.98538935
H27735077206,LMO_26Ah,LMO_26Ah,71.0838,74.64762,0.9195923076923077,0.9705801
H27735176665,LMO_26Ah,LMO_26Ah,53.3246,50.687088,0.998203846153846,0.9708611
H27734291854,LMO_26Ah,LMO_26Ah,24.5519,25.708578,0.9923153846153846,0.9714813
H27734591085,LMO_26Ah,LMO_26Ah,42.3415,43.048843,0.9497769230769231,0.9701074
H27734491651,LMO_26Ah,LMO_26Ah,85.0,85.56204,0.9381923076923078,0.9573974
H27735076930,LMO_26Ah,LMO_26Ah,75.214,75.900696,0.9650538461538462,0.9705671
H27734691342,LMO_26Ah,LMO_26Ah,85.0,86.54404,0.9401923076923077,0.9543438
H27735177571,LMO_26Ah,LMO_26Ah,75.0,84.2724,0.8238038461538462,0.89503634
17号,LFP_35Ah,LFP_35Ah,40.8667,27.85719,0.8172685714285713,0.8622055
1号,LFP_35Ah,LFP_35Ah,41.452,27.596382,0.7431371428571428,0.8621445
34号,LFP_35Ah,LFP_35Ah,38.5265,27.519379,0.8159685714285715,0.8613721
36号,LFP_35Ah,LFP_35Ah,32.1026,26.423586,0.88972,0.8619493
37号,LFP_35Ah,LFP_35Ah,33.7731,26.690725,0.88372,0.8617037
53号,LFP_35Ah,LFP_35Ah,53.3916,30.842672,0.9176657142857142,0.86189985
8号,LFP_35Ah,LFP_35Ah,29.7969,24.82656,0.7810742857142857,0.8598168
9号,LFP_35Ah,LFP_35Ah,19.3077,17.978313,0.7772285714285714,0.8664342
02HCB68111211Y87Y0002979,LFP_68Ah,LFP_68Ah,21.1016,12.088881,0.8426367647058823,0.78625244
02HCB68111211Y88D0000337,LFP_68Ah,LFP_68Ah,44.7967,24.418709,0.8511661764705882,0.7815764
02HCB68111211Y88D0003997,LFP_68Ah,LFP_68Ah,18.1154,21.192196,0.6526647058823529,0.78618807
02HCB68111211Y87Y0011345,LFP_68Ah,LMO_24Ah,5.0,6.411322,0.8249632352941176,0.78245664
02HCB68111211Y87Y0015653,LFP_68Ah,LFP_68Ah,48.7083,26.690466,0.7779485294117647,0.7871089
02HCB68111211Y86L0000199,LFP_68Ah,LFP_68Ah,32.5404,25.458748,0.7060573529411764,0.7869972
02HCB68111211Y86X0004792,LFP_68Ah,LFP_68Ah,31.8633,24.689571,0.7697308823529412,0.7870352
02HCB68111211Y87Y0015365,LFP_68Ah,LFP_68Ah,60.1373,52.726852,0.8225014705882353,0.8006213
02HCB68111211Y86S0005042,LFP_68Ah,LFP_68Ah,41.9839,26.90961,0.6715102941176471,0.78712463
02HCB68111211Y88D0003294,LFP_68Ah,LFP_68Ah,46.8445,27.504448,0.8352544117647058,0.7871225
02HCB68111211Y88E0004340,LFP_68Ah,LFP_68Ah,44.1142,26.643625,0.8342852941176471,0.7871128
02HCB68111211Y87Y0013553,LFP_68Ah,LFP_68Ah,37.6917,26.146187,0.8047691176470588,0.7870618
02HCB68111211Y87Y0013903,LFP_68Ah,LFP_68Ah,39.9041,23.977507,0.8119000000000001,0.7870516
02HCB68111211Y87Y0009622,LFP_68Ah,LFP_68Ah,37.1305,23.916126,0.8424544117647059,0.7870713
02HCB68111211Y87Y0012947,LFP_68Ah,LFP_68Ah,39.5793,26.395054,0.8117617647058823,0.787117
02HCB68111211Y87Y0003936,LFP_68Ah,LFP_68Ah,62.8233,56.36775,0.8382176470588236,0.7948322
02HCB68111211Y88D0005602,LFP_68Ah,LFP_68Ah,39.1172,22.369686,0.8460514705882353,0.7870529
02HCB68111211Y88E0004523,LFP_68Ah,LFP_68Ah,50.1764,27.292057,0.8356073529411765,0.7778826
02HCB68111211Y86V0003442,LFP_68Ah,LFP_68Ah,43.058,27.154373,0.6879132352941176,0.7871268
02HCB68111211Y86X0009373,LFP_68Ah,LFP_68Ah,18.8014,18.789635,0.7169970588235294,0.7860366
02HCB68111211Y88E0004411,LFP_68Ah,LFP_68Ah,59.1842,51.343216,0.8248588235294118,0.7776551
02HCB68111211Y87Y0004508,LFP_68Ah,LFP_68Ah,75.0,57.417984,0.8487455882352941,0.8135356
02HCB68111211Y86M0004883,LFP_68Ah,LFP_68Ah,39.1115,24.796852,0.7269970588235294,0.7864083
02HCB68111211Y86L0005694,LFP_68Ah,LFP_68Ah,52.0063,35.490993,0.6864426470588235,0.7801635
02HCB68111211Y88E0004333,LFP_68Ah,LFP_68Ah,29.431,22.715525,0.8231911764705881,0.7869413
02HCB68111211Y87Y0007299,LFP_68Ah,LFP_68Ah,38.262,22.023493,0.8386073529411765,0.7870634
PIP15829A00209415,LMO_10Ah,LMO_10Ah,38.8252,42.808807,0.67015,0.68156797
PIP15D26A03261343,LMO_10Ah,LMO_10Ah,61.3405,74.82501,0.71626,0.8209066
PIP15D19A03280145,LMO_10Ah,LMO_26Ah,41.6439,44.121475,0.74285,0.84827924
PIP15D01A03241499,LMO_10Ah,LMO_26Ah,47.5273,47.71313,0.79292,0.87543714
PIP15N21A50200177,LMO_10Ah,LMO_10Ah,8.6173,4.8526564,0.87622,0.73038805
PIP15D25A03219538,LMO_10Ah,LMO_10Ah,26.4669,26.423494,0.8858900000000001,0.8830974
PIP15N26A01201901,LMO_10Ah,LMO_26Ah,30.3575,34.920395,0.87909,0.8606911
PIP15828A00213703,LMO_10Ah,LMO_10Ah,38.6217,46.169426,0.59307,0.6496434
PIP15D01A03221296,LMO_10Ah,LMO_10Ah,58.0204,59.815353,0.87905,0.8830974
PIP15N15A03208398,LMO_10Ah,LMO_10Ah,63.7579,65.50331,0.88277,0.8830974
PIP15N15A03208683,LMO_10Ah,LMO_10Ah,53.3811,55.183586,0.8700699999999999,0.8830974
PIP15D25A03243702,LMO_10Ah,LMO_10Ah,8.8585,6.2722893,0.8977299999999999,0.89075917
PIP15D26A03252860,LMO_10Ah,LMO_10Ah,50.482,49.771656,0.9214399999999999,0.8830974
PIP15D23A03282874,LMO_10Ah,LMO_10Ah,68.8352,69.808304,0.89416,0.8830974
PJP17601527003A007037,NMC_15Ah,NMC_15Ah,33.5103,38.068306,0.7527466666666667,0.8830974
PJP17930O01003A017268,NMC_15Ah,NMC_15Ah,52.0063,55.545265,0.75258,0.7889645
PJP17601527001A008674,NMC_15Ah,NMC_15Ah,35.3566,48.199966,0.7564933333333334,0.7927804
PJP17601529001A010983,NMC_15Ah,NMC_15Ah,19.9515,19.680172,0.7735933333333332,0.7854245
PJP17930O01001A011629,NMC_15Ah,NMC_15Ah,39.1115,41.676147,0.75428,0.7913027
PJP17601527001A008592,NMC_15Ah,NMC_15Ah,22.5881,23.093681,0.7639066666666667,0.784756
PJP17601527002A007215,NMC_15Ah,NMC_15Ah,41.6439,42.71895,0.7767866666666666,0.7906546
PJP17601527003A007274,NMC_15Ah,NMC_15Ah,58.6931,60.86036,0.76566,0.79016095
PJP17601529001A003327,NMC_15Ah,NMC_15Ah,41.452,43.754555,0.7542866666666667,0.7897193
PJP17601529001A001010,NMC_15Ah,NMC_15Ah,41.3203,43.04609,0.7656533333333333,0.7903063
PJP17930O01001A006207,NMC_15Ah,NMC_15Ah,37.1093,40.187782,0.7581,0.792339
PJP17601527001A008438,NMC_15Ah,NMC_15Ah,65.0,69.00204,0.7541066666666667,0.7948047
PJP17601527003A009662,NMC_15Ah,NMC_15Ah,34.8354,36.628407,0.7714599999999999,0.9400523
PJP17930O01003A016647,NMC_15Ah,NMC_15Ah,41.6497,43.53014,0.75896,0.78976256
PJP17530529002A000337,NMC_15Ah,NMC_15Ah,57.0066,69.16298,0.7549399999999999,0.8830974
PJP17601527003A009747,NMC_15Ah,NMC_15Ah,55.9235,57.422977,0.7671666666666667,0.7894345
PJP17601527001A012082,NMC_15Ah,NMC_15Ah,26.9765,29.076887,0.7630533333333334,0.96883416
PJP17930O01003A017730,NMC_15Ah,LMO_24Ah,8.3761,7.8018913,0.7969666666666666,0.7797494
PJP17930O01003A018005,NMC_15Ah,NMC_15Ah,52.0704,52.058052,0.79294,0.78884894
02LCC02100101A87Y0026421,NMC_21Ah,NMC_21Ah,26.9765,28.494225,1.000052380952381,0.98743904
02LCC02100101A87Y0010168,NMC_21Ah,NMC_21Ah,34.3612,35.10151,1.0051,0.9870211
02LCC02100101A8BC0103482,NMC_21Ah,LMO_25Ah,8.135,9.634667,0.7755,0.8803082
02LCC02100101A87Y0074479,NMC_21Ah,NMC_21Ah,43.8556,34.604908,0.9881190476190476,0.79303366
02LCC02100101A87Y0020833,NMC_21Ah,NMC_21Ah,41.3203,40.969936,0.9979714285714285,0.9865645
02LCC02100101A87Y0027455,NMC_21Ah,NMC_15Ah,70.0,68.67407,1.011161904761905,0.98443675
02LCC02100101A87Y0173907,NMC_21Ah,NMC_21Ah,55.9235,53.06324,1.006,0.9847025
02LCC02100101A87Y0177229,NMC_21Ah,NMC_21Ah,49.0491,48.983135,0.9903,0.9857915
02LCC02100101A87Y0175162,NMC_21Ah,NMC_21Ah,34.8354,35.11129,1.001404761904762,0.98703563
02LCC02100101A87Y0172641,NMC_21Ah,NMC_21Ah,21.8027,25.667751,1.004309523809524,0.9878068
A170530525010800027,LMO_24Ah,LMO_24Ah,75.0,6.780281,0.7957208333333333,0.71744233
A170528511010800104,LMO_24Ah,NMC_15Ah,41.9541,44.219643,0.7689125,0.7873515
A170526507010800030,LMO_24Ah,NMC_15Ah,46.7917,48.42425,0.7420833333333333,0.7929431
A170622616030800696,LMO_24Ah,NMC_21Ah,9.0996,8.038475,1.095941666666667,0.92886305
A170527511010800595,LMO_24Ah,NMC_21Ah,20.5001,8.738436,0.7606625,0.9719282
A170531525010801074,LMO_24Ah,NMC_15Ah,44.7967,45.997917,0.802275,0.8083427
A170529511010800411,LMO_24Ah,LMO_24Ah,7.6527,17.151955,0.6376916666666667,0.7195837
A170528511010802245,LMO_24Ah,NMC_21Ah,36.6803,40.01155,0.74125,0.74734026
A170525507010800198,LMO_24Ah,NMC_15Ah,44.4627,44.34052,0.825625,0.8098694
A170606528030800466,LMO_24Ah,LMO_24Ah,40.1289,45.3207,1.0524,1.0653019
A170529511010800365,LMO_24Ah,NMC_21Ah,31.8633,34.521664,0.7595833333333334,0.79793733
515092904916,LMO_25Ah,LMO_25Ah,27.7305,30.194168,0.629024,0.60867673
515092905212,LMO_25Ah,NMC_15Ah,50.482,46.834156,0.918516,0.8830974
515093002457,LMO_25Ah,LMO_25Ah,7.8938,9.107425,0.715284,0.7311206
516020603556,LMO_25Ah,LMO_25Ah,35.3767,37.453667,0.6442319999999999,0.69205093
515092904019,LMO_25Ah,LMO_25Ah,41.6439,45.53335,0.7791079999999999,0.82832885
515093000451,LMO_25Ah,LMO_25Ah,8.8585,9.140659,0.934832,0.8830974
515092901182,LMO_25Ah,LMO_25Ah,7.1704,12.919592,0.601472,0.7196373
515092904740,LMO_25Ah,LMO_25Ah,25.6641,27.924496,0.617416,0.6102952
515100100624,LMO_25Ah,LMO_25Ah,8.3761,9.079676,0.8321599999999999,0.7703622
515093001782,LMO_25Ah,NMC_21Ah,50.1002,51.729893,0.925024,0.8830974
515093002576,LMO_25Ah,NMC_21Ah,50.1557,59.80177,0.804024,0.8830974
515093000724,LMO_25Ah,LMO_25Ah,38.8252,41.296165,0.7228279999999999,0.7402772
515093002348,LMO_25Ah,LMO_25Ah,21.1016,18.88127,0.782636,0.7198068
515092501338,LMO_25Ah,LMO_25Ah,32.339,33.955162,0.590388,0.5844588
515092901199,LMO_25Ah,LMO_25Ah,27.5501,43.11335,0.422888,0.5749537
515093000605,LMO_25Ah,LMO_25Ah,35.9961,42.659195,0.8718319999999999,0.8830974
515100102065,LMO_25Ah,LMO_25Ah,8.6173,8.976208,0.886136,0.83150434
515093002646,LMO_25Ah,NMC_21Ah,70.0083,73.81636,0.88878,0.8830974
515100101320,LMO_25Ah,LMO_25Ah,75.0,71.82732,0.795436,0.869135
515092904410,LMO_25Ah,NMC_21Ah,44.4627,52.285202,0.84136,0.8830974
515093001367,LMO_25Ah,NMC_21Ah,44.7967,58.68439,0.7882760000000001,0.8830974
515093004000,LMO_25Ah,LMO_25Ah,41.9541,48.260124,0.746968,0.71395516
515100100526,LMO_25Ah,LMO_25Ah,22.2517,27.188381,0.872804,0.8830974
515092904584,LMO_25Ah,NMC_21Ah,50.0064,62.4325,0.7854439999999999,0.8528767
515092905201,LMO_25Ah,NMC_21Ah,53.6027,49.678654,0.944636,0.8830974
H27734091053,LMO_26Ah,LMO_25Ah,8.3761,10.167409,0.8388307692307693,0.97166514
H27735178005,LMO_26Ah,LMO_26Ah,53.3811,64.220406,0.8490000000000001,0.9723817
H27733490499,LMO_26Ah,LMO_26Ah,70.0083,76.14337,0.8877884615384615,0.9702444
H27734592855,LMO_26Ah,LMO_26Ah,22.2517,34.964325,0.8586153846153847,0.8469426
H27734492478,LMO_26Ah,LMO_24Ah,90.0,86.33414,0.9984076923076923,0.97753865
H27733590292,LMO_26Ah,LMO_26Ah,38.0625,36.39697,0.9464884615384614,0.96591854
H27734676393,LMO_26Ah,LMO_26Ah,62.6027,65.45064,0.9604461538461538,0.97242534
H27735077206,LMO_26Ah,LMO_26Ah,71.0838,73.83158,0.9195923076923077,0.9705937
H27735176665,LMO_26Ah,LMO_26Ah,53.3246,50.49988,0.998203846153846,0.971097
H27734291854,LMO_26Ah,LMO_26Ah,24.5519,25.267925,0.9923153846153846,0.97062314
H27734591085,LMO_26Ah,LMO_26Ah,42.3415,42.75808,0.9497769230769231,0.9704509
H27734491651,LMO_26Ah,LMO_26Ah,85.0,85.18572,0.9381923076923078,0.9540311
H27735076930,LMO_26Ah,LMO_26Ah,75.214,75.50561,0.9650538461538462,0.9705776
H27734691342,LMO_26Ah,LMO_26Ah,85.0,86.09813,0.9401923076923077,0.95111763
H27735177571,LMO_26Ah,LMO_26Ah,75.0,83.99223,0.8238038461538462,0.9426964
17号,LFP_35Ah,LFP_35Ah,40.8667,28.014437,0.8172685714285713,0.86207443
1号,LFP_35Ah,LFP_35Ah,41.452,27.756893,0.7431371428571428,0.8619965
34号,LFP_35Ah,LFP_35Ah,38.5265,27.88416,0.8159685714285715,0.8612618
36号,LFP_35Ah,LFP_35Ah,32.1026,26.744644,0.88972,0.8618721
37号,LFP_35Ah,LFP_35Ah,33.7731,27.059263,0.88372,0.86157197
53号,LFP_35Ah,LFP_35Ah,53.3916,32.464157,0.9176657142857142,0.861758
8号,LFP_35Ah,LFP_35Ah,29.7969,24.551796,0.7810742857142857,0.86337686
9号,LFP_35Ah,LFP_35Ah,19.3077,18.052063,0.7772285714285714,0.8666264
02HCB68111211Y87Y0002979,LFP_68Ah,LFP_68Ah,21.1016,18.963419,0.8426367647058823,0.78619635
02HCB68111211Y88D0000337,LFP_68Ah,LFP_68Ah,44.7967,25.801598,0.8511661764705882,0.7870408
02HCB68111211Y88D0003997,LFP_68Ah,LFP_68Ah,18.1154,21.221483,0.6526647058823529,0.7861148
02HCB68111211Y87Y0011345,LFP_68Ah,LMO_24Ah,5.0,8.13173,0.8249632352941176,0.7375374
02HCB68111211Y87Y0015653,LFP_68Ah,LFP_68Ah,48.7083,27.398678,0.7779485294117647,0.787055
02HCB68111211Y86L0000199,LFP_68Ah,LFP_68Ah,32.5404,26.174393,0.7060573529411764,0.78698313
02HCB68111211Y86X0004792,LFP_68Ah,LFP_68Ah,31.8633,25.424751,0.7697308823529412,0.7869911
02HCB68111211Y87Y0015365,LFP_68Ah,LFP_68Ah,60.1373,54.496468,0.8225014705882353,0.7747287
02HCB68111211Y86S0005042,LFP_68Ah,LFP_68Ah,41.9839,27.510464,0.6715102941176471,0.7870796
02HCB68111211Y88D0003294,LFP_68Ah,LFP_68Ah,46.8445,28.703074,0.8352544117647058,0.7870716
02HCB68111211Y88E0004340,LFP_68Ah,LFP_68Ah,44.1142,27.7173,0.8342852941176471,0.78705657
02HCB68111211Y87Y0013553,LFP_68Ah,LFP_68Ah,37.6917,26.513094,0.8047691176470588,0.78701925
02HCB68111211Y87Y0013903,LFP_68Ah,LFP_68Ah,39.9041,25.113113,0.8119000000000001,0.7869971
02HCB68111211Y87Y0009622,LFP_68Ah,LFP_68Ah,37.1305,24.821228,0.8424544117647059,0.7870177
02HCB68111211Y87Y0012947,LFP_68Ah,LFP_68Ah,39.5793,26.881584,0.8117617647058823,0.78705966
02HCB68111211Y87Y0003936,LFP_68Ah,LFP_68Ah,62.8233,56.754444,0.8382176470588236,0.76814115
02HCB68111211Y88D0005602,LFP_68Ah,LFP_68Ah,39.1172,23.225262,0.8460514705882353,0.7870029
02HCB68111211Y88E0004523,LFP_68Ah,LFP_68Ah,50.1764,28.529175,0.8356073529411765,0.7749845
02HCB68111211Y86V0003442,LFP_68Ah,LFP_68Ah,43.058,27.510569,0.6879132352941176,0.78479433
02HCB68111211Y86X0009373,LFP_68Ah,LFP_68Ah,18.8014,18.917566,0.7169970588235294,0.78599405
02HCB68111211Y88E0004411,LFP_68Ah,LFP_68Ah,59.1842,53.60503,0.8248588235294118,0.7940965
02HCB68111211Y87Y0004508,LFP_68Ah,LFP_68Ah,75.0,57.700455,0.8487455882352941,0.8112314
02HCB68111211Y86M0004883,LFP_68Ah,LFP_68Ah,39.1115,26.217815,0.7269970588235294,0.78700954
02HCB68111211Y86L0005694,LFP_68Ah,LFP_68Ah,52.0063,37.308746,0.6864426470588235,0.78544927
02HCB68111211Y88E0004333,LFP_68Ah,LFP_68Ah,29.431,23.051056,0.8231911764705881,0.78687775
02HCB68111211Y87Y0007299,LFP_68Ah,LFP_68Ah,38.262,22.748924,0.8386073529411765,0.78700256
PIP15829A00209415,LMO_10Ah,LMO_10Ah,38.8252,42.626144,0.67015,0.68661237
PIP15D26A03261343,LMO_10Ah,LMO_10Ah,61.3405,74.653564,0.71626,0.7980994
PIP15D19A03280145,LMO_10Ah,LMO_26Ah,41.6439,43.890213,0.74285,0.8544221
PIP15D01A03241499,LMO_10Ah,LMO_26Ah,47.5273,47.43274,0.79292,0.8343693
PIP15N21A50200177,LMO_10Ah,LMO_10Ah,8.6173,4.845587,0.87622,0.71344477
PIP15D25A03219538,LMO_10Ah,LMO_10Ah,26.4669,26.113804,0.8858900000000001,0.87783176
PIP15N26A01201901,LMO_10Ah,LMO_26Ah,30.3575,34.798027,0.87909,0.87566555
PIP15828A00213703,LMO_10Ah,LMO_10Ah,38.6217,46.002205,0.59307,0.65735614
PIP15D01A03221296,LMO_10Ah,LMO_10Ah,58.0204,59.85495,0.87905,0.8830974
PIP15N15A03208398,LMO_10Ah,LMO_10Ah,63.7579,64.95396,0.88277,0.7913592
PIP15N15A03208683,LMO_10Ah,LMO_10Ah,53.3811,55.01434,0.8700699999999999,0.8830974
PIP15D25A03243702,LMO_10Ah,LMO_10Ah,8.8585,6.292442,0.8977299999999999,0.89188266
PIP15D26A03252860,LMO_10Ah,LMO_10Ah,50.482,33.04999,0.9214399999999999,0.87169486
PIP15D23A03282874,LMO_10Ah,LMO_10Ah,68.8352,69.82033,0.89416,0.8830974
PJP17601527003A007037,NMC_15Ah,NMC_15Ah,33.5103,36.251194,0.7527466666666667,0.79224813
PJP17930O01003A017268,NMC_15Ah,NMC_15Ah,52.0063,55.44309,0.75258,0.7889714
PJP17601527001A008674,NMC_15Ah,NMC_15Ah,35.3566,48.28569,0.7564933333333334,0.7928277
PJP17601529001A010983,NMC_15Ah,NMC_15Ah,19.9515,19.647732,0.7735933333333332,0.7858532
PJP17930O01001A011629,NMC_15Ah,NMC_15Ah,39.1115,41.63202,0.75428,0.7913129
PJP17601527001A008592,NMC_15Ah,NMC_15Ah,22.5881,23.026804,0.7639066666666667,0.7848906
PJP17601527002A007215,NMC_15Ah,NMC_15Ah,41.6439,42.626717,0.7767866666666666,0.7906663
PJP17601527003A007274,NMC_15Ah,NMC_15Ah,58.6931,60.711098,0.76566,0.7901546
PJP17601529001A003327,NMC_15Ah,NMC_15Ah,41.452,43.67723,0.7542866666666667,0.7897259
PJP17601529001A001010,NMC_15Ah,NMC_15Ah,41.3203,42.975327,0.7656533333333333,0.79031676
PJP17930O01001A006207,NMC_15Ah,NMC_15Ah,37.1093,40.14868,0.7581,0.79236144
PJP17601527001A008438,NMC_15Ah,NMC_15Ah,65.0,68.89611,0.7541066666666667,0.7957163
PJP17601527003A009662,NMC_15Ah,NMC_15Ah,34.8354,37.08279,0.7714599999999999,0.79255205
PJP17930O01003A016647,NMC_15Ah,NMC_15Ah,41.6497,43.469822,0.75896,0.7897756
PJP17530529002A000337,NMC_15Ah,NMC_15Ah,57.0066,59.096256,0.7549399999999999,0.7900787
PJP17601527003A009747,NMC_15Ah,NMC_15Ah,55.9235,57.23227,0.7671666666666667,0.78943944
PJP17601527001A012082,NMC_15Ah,NMC_15Ah,26.9765,27.077099,0.7630533333333334,0.77998936
PJP17930O01003A017730,NMC_15Ah,LMO_24Ah,8.3761,7.842324,0.7969666666666666,0.77974164
PJP17930O01003A018005,NMC_15Ah,NMC_15Ah,52.0704,51.945152,0.79294,0.78885496
02LCC02100101A87Y0026421,NMC_21Ah,NMC_21Ah,26.9765,28.506176,1.000052380952381,0.9874373
02LCC02100101A87Y0010168,NMC_21Ah,NMC_21Ah,34.3612,34.934296,1.0051,0.9870211
02LCC02100101A8BC0103482,NMC_21Ah,LMO_25Ah,8.135,9.653856,0.7755,0.83305025
02LCC02100101A87Y0074479,NMC_21Ah,NMC_21Ah,43.8556,43.44406,0.9881190476190476,0.98634917
02LCC02100101A87Y0020833,NMC_21Ah,NMC_21Ah,41.3203,40.776512,0.9979714285714285,0.9865645
02LCC02100101A87Y0027455,NMC_21Ah,NMC_21Ah,70.0,68.595955,1.011161904761905,0.98443675
02LCC02100101A87Y0173907,NMC_21Ah,NMC_21Ah,55.9235,44.635574,1.006,1.0124162
02LCC02100101A87Y0177229,NMC_21Ah,NMC_21Ah,49.0491,48.855774,0.9903,0.9857945
02LCC02100101A87Y0175162,NMC_21Ah,NMC_21Ah,34.8354,34.950043,1.001404761904762,0.98703563
02LCC02100101A87Y0172641,NMC_21Ah,NMC_21Ah,21.8027,25.25044,1.004309523809524,0.9878044
A170530525010800027,LMO_24Ah,LMO_24Ah,75.0,6.8219175,0.7957208333333333,0.70623285
A170528511010800104,LMO_24Ah,NMC_21Ah,41.9541,44.197853,0.7689125,0.7787883
A170526507010800030,LMO_24Ah,NMC_15Ah,46.7917,48.78412,0.7420833333333333,0.79985523
A170622616030800696,LMO_24Ah,NMC_21Ah,9.0996,7.971594,1.095941666666667,1.0624846
A170527511010800595,LMO_24Ah,NMC_21Ah,20.5001,18.122828,0.7606625,0.7735609
A170531525010801074,LMO_24Ah,NMC_15Ah,44.7967,45.893745,0.802275,0.80543214
A170529511010800411,LMO_24Ah,LMO_24Ah,7.6527,17.168255,0.6376916666666667,0.6761377
A170528511010802245,LMO_24Ah,NMC_21Ah,36.6803,40.15097,0.74125,0.78205097
A170525507010800198,LMO_24Ah,NMC_15Ah,44.4627,44.255352,0.825625,0.95172
A170606528030800466,LMO_24Ah,LMO_24Ah,40.1289,45.413128,1.0524,1.030344
A170529511010800365,LMO_24Ah,NMC_21Ah,31.8633,34.58507,0.7595833333333334,0.7763561
515092904916,LMO_25Ah,LMO_25Ah,27.7305,30.194704,0.629024,0.6701008
515092905212,LMO_25Ah,NMC_21Ah,50.482,47.179382,0.918516,0.8899003
515093002457,LMO_25Ah,LMO_25Ah,7.8938,9.006823,0.715284,0.6943186
516020603556,LMO_25Ah,LMO_25Ah,35.3767,38.720947,0.6442319999999999,0.7001482
515092904019,LMO_25Ah,LMO_25Ah,41.6439,45.049023,0.7791079999999999,0.83664036
515093000451,LMO_25Ah,LMO_25Ah,8.8585,9.1584215,0.934832,0.8830974
515092901182,LMO_25Ah,LMO_25Ah,7.1704,12.714313,0.601472,0.7203821
515092904740,LMO_25Ah,LMO_25Ah,25.6641,27.651085,0.617416,0.6528443
515100100624,LMO_25Ah,LMO_25Ah,8.3761,9.081065,0.8321599999999999,0.764076
515093001782,LMO_25Ah,NMC_21Ah,50.1002,52.396263,0.925024,0.8830974
515093002576,LMO_25Ah,NMC_21Ah,50.1557,59.565155,0.804024,0.8830974
515093000724,LMO_25Ah,LMO_25Ah,38.8252,40.640015,0.7228279999999999,0.7442429
515093002348,LMO_25Ah,LMO_25Ah,21.1016,18.79978,0.782636,0.71075183
515092501338,LMO_25Ah,LMO_25Ah,32.339,33.50373,0.590388,0.5766976
515092901199,LMO_25Ah,LMO_25Ah,27.5501,42.511353,0.422888,0.5988766
515093000605,LMO_25Ah,LMO_24Ah,35.9961,42.756393,0.8718319999999999,0.8830974
515100102065,LMO_25Ah,LMO_25Ah,8.6173,9.03261,0.886136,0.82936084
515093002646,LMO_25Ah,NMC_21Ah,70.0083,73.569,0.88878,0.8830974
515100101320,LMO_25Ah,LMO_25Ah,75.0,71.51642,0.795436,0.8181952
515092904410,LMO_25Ah,NMC_21Ah,44.4627,55.841175,0.84136,0.9715533
515093001367,LMO_25Ah,NMC_21Ah,44.7967,58.580982,0.7882760000000001,0.8692497
515093004000,LMO_25Ah,LMO_25Ah,41.9541,47.766327,0.746968,0.7444027
515100100526,LMO_25Ah,LMO_25Ah,22.2517,27.145874,0.872804,0.8830974
515092904584,LMO_25Ah,NMC_21Ah,50.0064,50.970085,0.7854439999999999,0.79373974
515092905201,LMO_25Ah,NMC_21Ah,53.6027,50.237186,0.944636,0.8830974
H27734091053,LMO_26Ah,LMO_25Ah,8.3761,10.097001,0.8388307692307693,0.95553803
H27735178005,LMO_26Ah,LMO_26Ah,53.3811,64.173386,0.8490000000000001,0.9723946
H27733490499,LMO_26Ah,LMO_26Ah,70.0083,75.93543,0.8877884615384615,0.9689696
H27734592855,LMO_26Ah,LMO_26Ah,22.2517,25.219742,0.8586153846153847,0.91857046
H27734492478,LMO_26Ah,LMO_24Ah,90.0,86.29831,0.9984076923076923,0.961084
H27733590292,LMO_26Ah,LMO_26Ah,38.0625,36.17102,0.9464884615384614,0.9330596
H27734676393,LMO_26Ah,LMO_26Ah,62.6027,65.61511,0.9604461538461538,0.9724412
H27735077206,LMO_26Ah,LMO_26Ah,71.0838,73.5101,0.9195923076923077,0.97061646
H27735176665,LMO_26Ah,LMO_26Ah,53.3246,50.77752,0.998203846153846,0.97122073
H27734291854,LMO_26Ah,LMO_26Ah,24.5519,25.172379,0.9923153846153846,0.9702654
H27734591085,LMO_26Ah,LMO_26Ah,42.3415,42.839706,0.9497769230769231,0.95310473
H27734491651,LMO_26Ah,LMO_26Ah,85.0,84.9811,0.9381923076923078,0.9544754
H27735076930,LMO_26Ah,LMO_26Ah,75.214,75.35651,0.9650538461538462,0.9705986
H27734691342,LMO_26Ah,LMO_26Ah,85.0,85.93882,0.9401923076923077,0.94983876
H27735177571,LMO_26Ah,LMO_26Ah,75.0,78.26289,0.8238038461538462,0.8496114
17号,LFP_35Ah,LFP_35Ah,40.8667,25.572262,0.8172685714285713,0.8620171
1号,LFP_35Ah,LFP_35Ah,41.452,27.795048,0.7431371428571428,0.8618917
34号,LFP_35Ah,LFP_35Ah,38.5265,28.064823,0.8159685714285715,0.8611893
36号,LFP_35Ah,LFP_35Ah,32.1026,26.88926,0.88972,0.8618213
37号,LFP_35Ah,LFP_35Ah,33.7731,27.167496,0.88372,0.8614917
53号,LFP_35Ah,LFP_35Ah,53.3916,35.86844,0.9176657142857142,0.8616643
8号,LFP_35Ah,LFP_35Ah,29.7969,24.681084,0.7810742857142857,0.8633224
9号,LFP_35Ah,LFP_35Ah,19.3077,18.07071,0.7772285714285714,0.86673427
02HCB68111211Y87Y0002979,LFP_68Ah,LFP_68Ah,21.1016,19.030006,0.8426367647058823,0.7861431
02HCB68111211Y88D0000337,LFP_68Ah,LFP_68Ah,44.7967,26.515945,0.8511661764705882,0.78698874
02HCB68111211Y88D0003997,LFP_68Ah,LFP_68Ah,18.1154,21.099522,0.6526647058823529,0.7860525
02HCB68111211Y87Y0011345,LFP_68Ah,LMO_24Ah,5.0,7.398569,0.8249632352941176,0.7822714
02HCB68111211Y87Y0015653,LFP_68Ah,LFP_68Ah,48.7083,27.578632,0.7779485294117647,0.76921403
02HCB68111211Y86L0000199,LFP_68Ah,LFP_68Ah,32.5404,26.269543,0.7060573529411764,0.786929
02HCB68111211Y86X0004792,LFP_68Ah,LFP_68Ah,31.8633,25.871565,0.7697308823529412,0.7869485
02HCB68111211Y87Y0015365,LFP_68Ah,LFP_68Ah,60.1373,55.497673,0.8225014705882353,0.7737999
02HCB68111211Y86S0005042,LFP_68Ah,LFP_68Ah,41.9839,28.478125,0.6715102941176471,0.785246
02HCB68111211Y88D0003294,LFP_68Ah,LFP_68Ah,46.8445,28.53909,0.8352544117647058,0.7870205
02HCB68111211Y88E0004340,LFP_68Ah,LFP_68Ah,44.1142,29.02998,0.8342852941176471,0.7855014
02HCB68111211Y87Y0013553,LFP_68Ah,LFP_68Ah,37.6917,26.804977,0.8047691176470588,0.78697217
02HCB68111211Y87Y0013903,LFP_68Ah,LFP_68Ah,39.9041,26.11562,0.8119000000000001,0.7781337
02HCB68111211Y87Y0009622,LFP_68Ah,LFP_68Ah,37.1305,25.456629,0.8424544117647059,0.7869708
02HCB68111211Y87Y0012947,LFP_68Ah,LFP_68Ah,39.5793,27.173552,0.8117617647058823,0.78701735
02HCB68111211Y87Y0003936,LFP_68Ah,LFP_68Ah,62.8233,41.26313,0.8382176470588236,0.7986502
02HCB68111211Y88D0005602,LFP_68Ah,LFP_68Ah,39.1172,23.829456,0.8460514705882353,0.786958
02HCB68111211Y88E0004523,LFP_68Ah,LFP_68Ah,50.1764,15.214862,0.8356073529411765,0.7842357
02HCB68111211Y86V0003442,LFP_68Ah,LFP_68Ah,43.058,27.739048,0.6879132352941176,0.7870143
02HCB68111211Y86X0009373,LFP_68Ah,LFP_68Ah,18.8014,18.929401,0.7169970588235294,0.7859386
02HCB68111211Y88E0004411,LFP_68Ah,LFP_68Ah,59.1842,53.81343,0.8248588235294118,0.78340465
02HCB68111211Y87Y0004508,LFP_68Ah,LFP_68Ah,75.0,57.84542,0.8487455882352941,0.810375
02HCB68111211Y86M0004883,LFP_68Ah,LFP_68Ah,39.1115,26.610596,0.7269970588235294,0.78616095
02HCB68111211Y86L0005694,LFP_68Ah,LFP_68Ah,52.0063,37.86949,0.6864426470588235,0.78709567
02HCB68111211Y88E0004333,LFP_68Ah,LFP_68Ah,29.431,23.29293,0.8231911764705881,0.7868269
02HCB68111211Y87Y0007299,LFP_68Ah,LFP_68Ah,38.262,23.171446,0.8386073529411765,0.7869668
PIP15829A00209415,LMO_10Ah,LMO_10Ah,38.8252,42.44007,0.67015,0.667906
PIP15D26A03261343,LMO_10Ah,LMO_10Ah,61.3405,74.52956,0.71626,0.7490291
PIP15D19A03280145,LMO_10Ah,LMO_26Ah,41.6439,43.6844,0.74285,0.8534893
PIP15D01A03241499,LMO_10Ah,LMO_26Ah,47.5273,47.135273,0.79292,0.87803185
PIP15N21A50200177,LMO_10Ah,LMO_10Ah,8.6173,4.8353195,0.87622,0.70855707
PIP15D25A03219538,LMO_10Ah,LMO_10Ah,26.4669,25.798155,0.8858900000000001,0.87407327
PIP15N26A01201901,LMO_10Ah,LMO_26Ah,30.3575,34.837082,0.87909,0.8740328
PIP15828A00213703,LMO_10Ah,LMO_10Ah,38.6217,45.84498,0.59307,0.6524087
PIP15D01A03221296,LMO_10Ah,LMO_10Ah,58.0204,59.880993,0.87905,0.8830974
PIP15N15A03208398,LMO_10Ah,LMO_10Ah,63.7579,55.877098,0.88277,0.64940715
PIP15N15A03208683,LMO_10Ah,LMO_10Ah,53.3811,54.87278,0.8700699999999999,0.8830974
PIP15D25A03243702,LMO_10Ah,LMO_10Ah,8.8585,6.288416,0.8977299999999999,0.89296716
PIP15D26A03252860,LMO_10Ah,LMO_10Ah,50.482,49.7803,0.9214399999999999,0.8830974
PIP15D23A03282874,LMO_10Ah,LMO_10Ah,68.8352,69.80704,0.89416,0.8830974
PJP17601527003A007037,NMC_15Ah,NMC_15Ah,33.5103,36.15218,0.7527466666666667,0.7922897
PJP17930O01003A017268,NMC_15Ah,NMC_15Ah,52.0063,55.31143,0.75258,0.7889775
PJP17601527001A008674,NMC_15Ah,NMC_15Ah,35.3566,48.684128,0.7564933333333334,0.7928234
PJP17601529001A010983,NMC_15Ah,NMC_15Ah,19.9515,19.623554,0.7735933333333332,0.7840718
PJP17930O01001A011629,NMC_15Ah,NMC_15Ah,39.1115,41.521057,0.75428,0.79132056
PJP17601527001A008592,NMC_15Ah,NMC_15Ah,22.5881,22.965569,0.7639066666666667,0.7847677
PJP17601527002A007215,NMC_15Ah,NMC_15Ah,41.6439,42.491077,0.7767866666666666,0.7906808
PJP17601527003A007274,NMC_15Ah,NMC_15Ah,58.6931,60.53319,0.76566,0.79015315
PJP17601529001A003327,NMC_15Ah,NMC_15Ah,41.452,43.590874,0.7542866666666667,0.7897449
PJP17601529001A001010,NMC_15Ah,NMC_15Ah,41.3203,42.855732,0.7656533333333333,0.7903268
PJP17930O01001A006207,NMC_15Ah,NMC_15Ah,37.1093,39.913395,0.7581,0.792379
PJP17601527001A008438,NMC_15Ah,NMC_15Ah,65.0,68.71153,0.7541066666666667,0.7949509
PJP17601527003A009662,NMC_15Ah,NMC_15Ah,34.8354,36.94627,0.7714599999999999,0.7925868
PJP17930O01003A016647,NMC_15Ah,NMC_15Ah,41.6497,43.405945,0.75896,0.78978753
PJP17530529002A000337,NMC_15Ah,NMC_15Ah,57.0066,69.23883,0.7549399999999999,0.8830974
PJP17601527003A009747,NMC_15Ah,NMC_15Ah,55.9235,57.01431,0.7671666666666667,0.7894467
PJP17601527001A012082,NMC_15Ah,NMC_15Ah,26.9765,27.003605,0.7630533333333334,0.78013116
PJP17930O01003A017730,NMC_15Ah,LMO_24Ah,8.3761,7.8774943,0.7969666666666666,0.7797434
PJP17930O01003A018005,NMC_15Ah,NMC_15Ah,52.0704,51.823914,0.79294,0.7888602
02LCC02100101A87Y0026421,NMC_21Ah,NMC_21Ah,26.9765,28.660488,1.000052380952381,0.9874373
02LCC02100101A87Y0010168,NMC_21Ah,NMC_21Ah,34.3612,34.787712,1.0051,0.9870211
02LCC02100101A8BC0103482,NMC_21Ah,LMO_25Ah,8.135,9.68184,0.7755,0.8362633
02LCC02100101A87Y0074479,NMC_21Ah,NMC_21Ah,43.8556,43.305595,0.9881190476190476,0.98634917
02LCC02100101A87Y0020833,NMC_21Ah,NMC_21Ah,41.3203,40.70216,0.9979714285714285,0.9865645
02LCC02100101A87Y0027455,NMC_21Ah,NMC_21Ah,70.0,68.53754,1.011161904761905,0.98443675
02LCC02100101A87Y0173907,NMC_21Ah,NMC_21Ah,55.9235,54.72912,1.006,0.9847025
02LCC02100101A87Y0177229,NMC_21Ah,NMC_21Ah,49.0491,48.73752,0.9903,0.9857945
02LCC02100101A87Y0175162,NMC_21Ah,NMC_21Ah,34.8354,34.79441,1.001404761904762,0.98703563
02LCC02100101A87Y0172641,NMC_21Ah,NMC_21Ah,21.8027,25.341171,1.004309523809524,0.9878044
A170530525010800027,LMO_24Ah,LMO_24Ah,75.0,6.86292,0.7957208333333333,0.69593227
A170528511010800104,LMO_24Ah,NMC_21Ah,41.9541,44.135483,0.7689125,0.7763952
A170526507010800030,LMO_24Ah,NMC_15Ah,46.7917,48.80268,0.7420833333333333,0.77960646
A170622616030800696,LMO_24Ah,NMC_21Ah,9.0996,8.76221,1.095941666666667,1.0025113
A170527511010800595,LMO_24Ah,LMO_24Ah,20.5001,8.678335,0.7606625,0.8830974
A170531525010801074,LMO_24Ah,LMO_24Ah,44.7967,45.80756,0.802275,0.81279945
A170529511010800411,LMO_24Ah,LMO_24Ah,7.6527,17.159603,0.6376916666666667,0.6585144
A170528511010802245,LMO_24Ah,NMC_21Ah,36.6803,40.24881,0.74125,0.78920996
A170525507010800198,LMO_24Ah,NMC_15Ah,44.4627,44.16055,0.825625,0.8046573
A170606528030800466,LMO_24Ah,LMO_24Ah,40.1289,45.51861,1.0524,1.0130067
A170529511010800365,LMO_24Ah,NMC_21Ah,31.8633,34.639587,0.7595833333333334,0.7991415
515092904916,LMO_25Ah,LMO_25Ah,27.7305,29.960312,0.629024,0.62940216
515092905212,LMO_25Ah,NMC_21Ah,50.482,47.65567,0.918516,0.8830974
515093002457,LMO_25Ah,LMO_25Ah,7.8938,8.935193,0.715284,0.6756653
516020603556,LMO_25Ah,LMO_25Ah,35.3767,39.27353,0.6442319999999999,0.6199283
515092904019,LMO_25Ah,LMO_25Ah,41.6439,44.417786,0.7791079999999999,0.8153242
515093000451,LMO_25Ah,LMO_25Ah,8.8585,9.219219,0.934832,0.8830974
515092901182,LMO_25Ah,LMO_25Ah,7.1704,12.614864,0.601472,0.71726793
515092904740,LMO_25Ah,LMO_25Ah,25.6641,27.348778,0.617416,0.62921137
515100100624,LMO_25Ah,LMO_25Ah,8.3761,9.106531,0.8321599999999999,0.7759076
515093001782,LMO_25Ah,NMC_21Ah,50.1002,53.013012,0.925024,0.8830974
515093002576,LMO_25Ah,NMC_21Ah,50.1557,59.197723,0.804024,0.8540587
515093000724,LMO_25Ah,LMO_25Ah,38.8252,39.897186,0.7228279999999999,0.7964132
515093002348,LMO_25Ah,LMO_25Ah,21.1016,18.424286,0.782636,0.7438018
515092501338,LMO_25Ah,LMO_25Ah,32.339,33.000343,0.590388,0.58791584
515092901199,LMO_25Ah,LMO_25Ah,27.5501,41.8633,0.422888,0.57496256
515093000605,LMO_25Ah,LMO_24Ah,35.9961,42.736336,0.8718319999999999,0.8830974
515100102065,LMO_25Ah,LMO_25Ah,8.6173,9.047506,0.886136,0.8412949
515093002646,LMO_25Ah,NMC_21Ah,70.0083,73.34473,0.88878,0.8830974
515100101320,LMO_25Ah,LMO_25Ah,75.0,70.997375,0.795436,0.85712636
515092904410,LMO_25Ah,NMC_21Ah,44.4627,52.08085,0.84136,0.8830974
515093001367,LMO_25Ah,NMC_21Ah,44.7967,58.428997,0.7882760000000001,0.8641844
515093004000,LMO_25Ah,LMO_25Ah,41.9541,47.024155,0.746968,0.7794283
515100100526,LMO_25Ah,LMO_25Ah,22.2517,27.05238,0.872804,0.8830974
515092904584,LMO_25Ah,NMC_21Ah,50.0064,61.15144,0.7854439999999999,0.86783755
515092905201,LMO_25Ah,NMC_21Ah,53.6027,50.975983,0.944636,0.8830974
H27734091053,LMO_26Ah,LMO_25Ah,8.3761,10.137495,0.8388307692307693,0.9691718
H27735178005,LMO_26Ah,LMO_26Ah,53.3811,64.11081,0.8490000000000001,0.97241014
H27733490499,LMO_26Ah,LMO_26Ah,70.0083,74.78046,0.8877884615384615,0.8983798
H27734592855,LMO_26Ah,LMO_26Ah,22.2517,24.948946,0.8586153846153847,0.89372945
H27734492478,LMO_26Ah,LMO_24Ah,90.0,86.15791,0.9984076923076923,0.9592428
H27733590292,LMO_26Ah,LMO_26Ah,38.0625,35.805748,0.9464884615384614,0.9088909
H27734676393,LMO_26Ah,LMO_26Ah,62.6027,65.79544,0.9604461538461538,0.97245693
H27735077206,LMO_26Ah,LMO_26Ah,71.0838,73.26858,0.9195923076923077,0.9706423
H27735176665,LMO_26Ah,LMO_26Ah,53.3246,50.9571,0.998203846153846,0.9713186
H27734291854,LMO_26Ah,LMO_26Ah,24.5519,25.127342,0.9923153846153846,0.9700117
H27734591085,LMO_26Ah,LMO_26Ah,42.3415,42.799202,0.9497769230769231,0.9707407
H27734491651,LMO_26Ah,LMO_26Ah,85.0,84.75326,0.9381923076923078,0.9546367
H27735076930,LMO_26Ah,LMO_26Ah,75.214,75.09449,0.9650538461538462,0.96229815
H27734691342,LMO_26Ah,LMO_26Ah,85.0,85.72409,0.9401923076923077,0.95223355
H27735177571,LMO_26Ah,LMO_26Ah,75.0,82.37245,0.8238038461538462,0.9382946
17号,LFP_35Ah,LFP_35Ah,40.8667,27.956347,0.8172685714285713,0.86196816
1号,LFP_35Ah,LFP_35Ah,41.452,27.750826,0.7431371428571428,0.8618279
34号,LFP_35Ah,LFP_35Ah,38.5265,28.291958,0.8159685714285715,0.8611231
36号,LFP_35Ah,LFP_35Ah,32.1026,26.855253,0.88972,0.8617731
37号,LFP_35Ah,LFP_35Ah,33.7731,27.307856,0.88372,0.8614409
53号,LFP_35Ah,LFP_35Ah,53.3916,33.592194,0.9176657142857142,0.8616172
8号,LFP_35Ah,LFP_35Ah,29.7969,24.944998,0.7810742857142857,0.8632849
9号,LFP_35Ah,LFP_35Ah,19.3077,18.094816,0.7772285714285714,0.86684084
02HCB68111211Y87Y0002979,LFP_68Ah,LFP_68Ah,21.1016,19.093819,0.8426367647058823,0.78608966
02HCB68111211Y88D0000337,LFP_68Ah,LFP_68Ah,44.7967,26.868294,0.8511661764705882,0.7813508
02HCB68111211Y88D0003997,LFP_68Ah,LFP_68Ah,18.1154,21.031977,0.6526647058823529,0.7859714
02HCB68111211Y87Y0011345,LFP_68Ah,LMO_24Ah,5.0,5.2010403,0.8249632352941176,0.7821857
02HCB68111211Y87Y0015653,LFP_68Ah,LFP_68Ah,48.7083,27.917511,0.7779485294117647,0.7857362
02HCB68111211Y86L0000199,LFP_68Ah,LFP_68Ah,32.5404,26.431242,0.7060573529411764,0.7868823
02HCB68111211Y86X0004792,LFP_68Ah,LFP_68Ah,31.8633,25.971857,0.7697308823529412,0.78689873
02HCB68111211Y87Y0015365,LFP_68Ah,LFP_68Ah,60.1373,55.760506,0.8225014705882353,0.7788348
02HCB68111211Y86S0005042,LFP_68Ah,LFP_68Ah,41.9839,28.629837,0.6715102941176471,0.7869638
02HCB68111211Y88D0003294,LFP_68Ah,LFP_68Ah,46.8445,28.57946,0.8352544117647058,0.78695095
02HCB68111211Y88E0004340,LFP_68Ah,LFP_68Ah,44.1142,28.867308,0.8342852941176471,0.78693783
02HCB68111211Y87Y0013553,LFP_68Ah,LFP_68Ah,37.6917,26.909536,0.8047691176470588,0.7861732
02HCB68111211Y87Y0013903,LFP_68Ah,LFP_68Ah,39.9041,26.32759,0.8119000000000001,0.7868893
02HCB68111211Y87Y0009622,LFP_68Ah,LFP_68Ah,37.1305,25.937893,0.8424544117647059,0.78692555
02HCB68111211Y87Y0012947,LFP_68Ah,LFP_68Ah,39.5793,27.29977,0.8117617647058823,0.78695923
02HCB68111211Y87Y0003936,LFP_68Ah,LFP_68Ah,62.8233,57.248764,0.8382176470588236,0.7720378
02HCB68111211Y88D0005602,LFP_68Ah,LFP_68Ah,39.1172,24.477753,0.8460514705882353,0.7869082
02HCB68111211Y88E0004523,LFP_68Ah,LFP_68Ah,50.1764,15.393711,0.8356073529411765,0.7526911
02HCB68111211Y86V0003442,LFP_68Ah,LFP_68Ah,43.058,28.223879,0.6879132352941176,0.7869742
02HCB68111211Y86X0009373,LFP_68Ah,LFP_68Ah,18.8014,18.91827,0.7169970588235294,0.78589284
02HCB68111211Y88E0004411,LFP_68Ah,LFP_68Ah,59.1842,54.033203,0.8248588235294118,0.7662364
02HCB68111211Y87Y0004508,LFP_68Ah,LFP_68Ah,75.0,58.21922,0.8487455882352941,0.80305237
02HCB68111211Y86M0004883,LFP_68Ah,LFP_68Ah,39.1115,26.880947,0.7269970588235294,0.7784234
02HCB68111211Y86L0005694,LFP_68Ah,LFP_68Ah,52.0063,38.21428,0.6864426470588235,0.7789272
02HCB68111211Y88E0004333,LFP_68Ah,LFP_68Ah,29.431,23.482105,0.8231911764705881,0.78677255
02HCB68111211Y87Y0007299,LFP_68Ah,LFP_68Ah,38.262,23.490982,0.8386073529411765,0.78692436
PIP15829A00209415,LMO_10Ah,LMO_10Ah,38.8252,42.185116,0.67015,0.67488706
PIP15D26A03261343,LMO_10Ah,LMO_10Ah,61.3405,74.51478,0.71626,0.73656654
PIP15D19A03280145,LMO_10Ah,LMO_26Ah,41.6439,44.086357,0.74285,0.86409974
PIP15D01A03241499,LMO_10Ah,LMO_26Ah,47.5273,46.81109,0.79292,0.87420285
PIP15N21A50200177,LMO_10Ah,LMO_10Ah,8.6173,4.826774,0.87622,0.70392096
PIP15D25A03219538,LMO_10Ah,LMO_10Ah,26.4669,40.868904,0.8858900000000001,0.80979174
PIP15N26A01201901,LMO_10Ah,LMO_26Ah,30.3575,34.88606,0.87909,0.87435806
PIP15828A00213703,LMO_10Ah,LMO_10Ah,38.6217,45.641068,0.59307,0.6660218
PIP15D01A03221296,LMO_10Ah,LMO_10Ah,58.0204,59.83966,0.87905,0.8830974
PIP15N15A03208398,LMO_10Ah,LMO_10Ah,63.7579,65.283264,0.88277,0.8830974
PIP15N15A03208683,LMO_10Ah,LMO_10Ah,53.3811,54.655952,0.8700699999999999,0.8830974
PIP15D25A03243702,LMO_10Ah,LMO_10Ah,8.8585,6.276086,0.8977299999999999,0.8945232
PIP15D26A03252860,LMO_10Ah,LMO_10Ah,50.482,49.86345,0.9214399999999999,0.8830974
PIP15D23A03282874,LMO_10Ah,LMO_10Ah,68.8352,69.72646,0.89416,0.8830974
PJP17601527003A007037,NMC_15Ah,NMC_15Ah,33.5103,35.956417,0.7527466666666667,0.7923718
PJP17930O01003A017268,NMC_15Ah,NMC_15Ah,52.0063,55.14463,0.75258,0.7889836
PJP17601527001A008674,NMC_15Ah,NMC_15Ah,35.3566,48.428574,0.7564933333333334,0.79285103
PJP17601529001A010983,NMC_15Ah,NMC_15Ah,19.9515,19.587849,0.7735933333333332,0.7845801
PJP17930O01001A011629,NMC_15Ah,NMC_15Ah,39.1115,42.303062,0.75428,0.96760035
PJP17601527001A008592,NMC_15Ah,NMC_15Ah,22.5881,22.992043,0.7639066666666667,0.8292402
PJP17601527002A007215,NMC_15Ah,NMC_15Ah,41.6439,42.289574,0.7767866666666666,0.79069555
PJP17601527003A007274,NMC_15Ah,NMC_15Ah,58.6931,60.328133,0.76566,0.7901584
PJP17601529001A003327,NMC_15Ah,NMC_15Ah,41.452,44.27188,0.7542866666666667,0.8830974
PJP17601529001A001010,NMC_15Ah,NMC_15Ah,41.3203,42.73728,0.7656533333333333,0.7903416
PJP17930O01001A006207,NMC_15Ah,NMC_15Ah,37.1093,40.5692,0.7581,0.8830974
PJP17601527001A008438,NMC_15Ah,NMC_15Ah,65.0,72.763565,0.7541066666666667,0.8809362
PJP17601527003A009662,NMC_15Ah,NMC_15Ah,34.8354,36.715347,0.7714599999999999,0.79267097
PJP17930O01003A016647,NMC_15Ah,NMC_15Ah,41.6497,43.33629,0.75896,0.78980047
PJP17530529002A000337,NMC_15Ah,NMC_15Ah,57.0066,58.718548,0.7549399999999999,0.7900715
PJP17601527003A009747,NMC_15Ah,NMC_15Ah,55.9235,56.763374,0.7671666666666667,0.78945845
PJP17601527001A012082,NMC_15Ah,NMC_15Ah,26.9765,26.926952,0.7630533333333334,0.7803203
PJP17930O01003A017730,NMC_15Ah,LMO_24Ah,8.3761,7.923151,0.7969666666666666,0.77973765
PJP17930O01003A018005,NMC_15Ah,NMC_15Ah,52.0704,51.626625,0.79294,0.7888626
02LCC02100101A87Y0026421,NMC_21Ah,NMC_21Ah,26.9765,28.86531,1.000052380952381,0.9874373
02LCC02100101A87Y0010168,NMC_21Ah,NMC_21Ah,34.3612,34.65927,1.0051,0.9870211
02LCC02100101A8BC0103482,NMC_21Ah,LMO_25Ah,8.135,9.706513,0.7755,0.8400338
02LCC02100101A87Y0074479,NMC_21Ah,NMC_21Ah,43.8556,43.171295,0.9881190476190476,0.98634917
02LCC02100101A87Y0020833,NMC_21Ah,NMC_21Ah,41.3203,40.568703,0.9979714285714285,0.9865645
02LCC02100101A87Y0027455,NMC_21Ah,NMC_21Ah,70.0,68.45297,1.011161904761905,0.98444116
02LCC02100101A87Y0173907,NMC_21Ah,NMC_21Ah,55.9235,55.19053,1.006,0.98469555
02LCC02100101A87Y0177229,NMC_21Ah,NMC_21Ah,49.0491,48.60239,0.9903,0.9857945
02LCC02100101A87Y0175162,NMC_21Ah,NMC_21Ah,34.8354,34.59906,1.001404761904762,0.98703563
02LCC02100101A87Y0172641,NMC_21Ah,NMC_21Ah,21.8027,25.09684,1.004309523809524,0.98780334
A170530525010800027,LMO_24Ah,LMO_24Ah,75.0,6.912937,0.7957208333333333,0.6897255
A170528511010800104,LMO_24Ah,NMC_21Ah,41.9541,44.044086,0.7689125,0.78447044
A170526507010800030,LMO_24Ah,NMC_15Ah,46.7917,48.755264,0.7420833333333333,0.78928405
A170622616030800696,LMO_24Ah,NMC_21Ah,9.0996,7.7982044,1.095941666666667,0.9988011
A170527511010800595,LMO_24Ah,LMO_24Ah,20.5001,26.01136,0.7606625,0.8830974
A170531525010801074,LMO_24Ah,LMO_24Ah,44.7967,45.69448,0.802275,0.8169427
A170529511010800411,LMO_24Ah,LMO_24Ah,7.6527,17.172018,0.6376916666666667,0.65430284
A170528511010802245,LMO_24Ah,NMC_21Ah,36.6803,40.204254,0.74125,0.79057527
A170525507010800198,LMO_24Ah,NMC_15Ah,44.4627,44.05823,0.825625,0.80693907
A170606528030800466,LMO_24Ah,LMO_24Ah,40.1289,45.64228,1.0524,1.0421793
A170529511010800365,LMO_24Ah,NMC_21Ah,31.8633,34.613434,0.7595833333333334,0.80196655
515092904916,LMO_25Ah,LMO_25Ah,27.7305,29.962097,0.629024,0.634741
515092905212,LMO_25Ah,NMC_21Ah,50.482,48.052185,0.918516,0.8830974
515093002457,LMO_25Ah,LMO_25Ah,7.8938,8.881495,0.715284,0.7122667
516020603556,LMO_25Ah,LMO_25Ah,35.3767,39.266674,0.6442319999999999,0.68911046
515092904019,LMO_25Ah,LMO_25Ah,41.6439,43.586613,0.7791079999999999,0.76818097
515093000451,LMO_25Ah,LMO_25Ah,8.8585,9.322588,0.934832,0.8830974
515092901182,LMO_25Ah,LMO_25Ah,7.1704,12.559418,0.601472,0.72222644
515092904740,LMO_25Ah,LMO_25Ah,25.6641,26.961678,0.617416,0.64033043
515100100624,LMO_25Ah,LMO_25Ah,8.3761,9.166427,0.8321599999999999,0.7577543
515093001782,LMO_25Ah,NMC_21Ah,50.1002,53.875343,0.925024,0.8830974
515093002576,LMO_25Ah,NMC_21Ah,50.1557,58.72798,0.804024,0.88166547
515093000724,LMO_25Ah,LMO_25Ah,38.8252,38.594444,0.7228279999999999,0.71368414
515093002348,LMO_25Ah,LMO_25Ah,21.1016,18.153326,0.782636,0.7066177
515092501338,LMO_25Ah,LMO_25Ah,32.339,32.44989,0.590388,0.5752626
515092901199,LMO_25Ah,LMO_25Ah,27.5501,41.051056,0.422888,0.574968
515093000605,LMO_25Ah,LMO_25Ah,35.9961,42.901848,0.8718319999999999,0.8830974
515100102065,LMO_25Ah,LMO_25Ah,8.6173,9.152825,0.886136,0.8439048
515093002646,LMO_25Ah,LMO_24Ah,70.0083,73.0724,0.88878,0.8830974
515100101320,LMO_25Ah,LMO_25Ah,75.0,75.19214,0.795436,0.8868761
515092904410,LMO_25Ah,NMC_21Ah,44.4627,51.990936,0.84136,0.8830974
515093001367,LMO_25Ah,NMC_21Ah,44.7967,58.24794,0.7882760000000001,0.8582963
515093004000,LMO_25Ah,LMO_25Ah,41.9541,46.220413,0.746968,0.80605674
515100100526,LMO_25Ah,LMO_25Ah,22.2517,26.90416,0.872804,0.8830974
515092904584,LMO_25Ah,NMC_21Ah,50.0064,62.81352,0.7854439999999999,0.7894349
515092905201,LMO_25Ah,NMC_21Ah,53.6027,51.898403,0.944636,0.8830974
H27734091053,LMO_26Ah,LMO_26Ah,8.3761,10.215736,0.8388307692307693,0.96069026
H27735178005,LMO_26Ah,LMO_26Ah,53.3811,63.98905,0.8490000000000001,0.96781665
H27733490499,LMO_26Ah,LMO_26Ah,70.0083,73.39232,0.8877884615384615,0.9331475
H27734592855,LMO_26Ah,LMO_26Ah,22.2517,24.651417,0.8586153846153847,0.90566087
H27734492478,LMO_26Ah,LMO_24Ah,90.0,71.33365,0.9984076923076923,0.7985712
H27733590292,LMO_26Ah,LMO_26Ah,38.0625,35.304367,0.9464884615384614,0.8927133
H27734676393,LMO_26Ah,LMO_26Ah,62.6027,65.882706,0.9604461538461538,0.9724752
H27735077206,LMO_26Ah,LMO_26Ah,71.0838,72.95102,0.9195923076923077,0.95583403
H27735176665,LMO_26Ah,LMO_26Ah,53.3246,50.97124,0.998203846153846,0.97144115
H27734291854,LMO_26Ah,LMO_26Ah,24.5519,25.129292,0.9923153846153846,0.969617
H27734591085,LMO_26Ah,LMO_26Ah,42.3415,42.601295,0.9497769230769231,0.9627907
H27734491651,LMO_26Ah,LMO_26Ah,85.0,84.38896,0.9381923076923078,0.9206382
H27735076930,LMO_26Ah,LMO_26Ah,75.214,74.654175,0.9650538461538462,0.97065544
H27734691342,LMO_26Ah,LMO_26Ah,85.0,81.63228,0.9401923076923077,0.9582416
H27735177571,LMO_26Ah,LMO_26Ah,75.0,81.04723,0.8238038461538462,0.9342263
17号,LFP_35Ah,LFP_35Ah,40.8667,28.256264,0.8172685714285713,0.8618743
1号,LFP_35Ah,LFP_35Ah,41.452,28.029678,0.7431371428571428,0.8617431
34号,LFP_35Ah,LFP_35Ah,38.5265,28.383087,0.8159685714285715,0.8610246
36号,LFP_35Ah,LFP_35Ah,32.1026,26.714546,0.88972,0.8617104
37号,LFP_35Ah,LFP_35Ah,33.7731,27.25991,0.88372,0.861361
53号,LFP_35Ah,LFP_35Ah,53.3916,34.317226,0.9176657142857142,0.8615304
8号,LFP_35Ah,LFP_35Ah,29.7969,25.373053,0.7810742857142857,0.863214
9号,LFP_35Ah,LFP_35Ah,19.3077,18.09915,0.7772285714285714,0.86698353
02HCB68111211Y87Y0002979,LFP_68Ah,LFP_68Ah,21.1016,19.09829,0.8426367647058823,0.7860273
02HCB68111211Y88D0000337,LFP_68Ah,LFP_68Ah,44.7967,27.362291,0.8511661764705882,0.7778272
02HCB68111211Y88D0003997,LFP_68Ah,LFP_68Ah,18.1154,20.964142,0.6526647058823529,0.78586125
02HCB68111211Y87Y0011345,LFP_68Ah,LMO_24Ah,5.0,4.9326897,0.8249632352941176,0.7820679
02HCB68111211Y87Y0015653,LFP_68Ah,LFP_68Ah,48.7083,29.547613,0.7779485294117647,0.7868893
02HCB68111211Y86L0000199,LFP_68Ah,LFP_68Ah,32.5404,26.650387,0.7060573529411764,0.78682613
02HCB68111211Y86X0004792,LFP_68Ah,LFP_68Ah,31.8633,26.0836,0.7697308823529412,0.78684664
02HCB68111211Y87Y0015365,LFP_68Ah,LFP_68Ah,60.1373,55.85724,0.8225014705882353,0.77486444
02HCB68111211Y86S0005042,LFP_68Ah,LFP_68Ah,41.9839,26.2891,0.6715102941176471,0.77957284
02HCB68111211Y88D0003294,LFP_68Ah,LFP_68Ah,46.8445,29.320728,0.8352544117647058,0.7868954
02HCB68111211Y88E0004340,LFP_68Ah,LFP_68Ah,44.1142,29.288626,0.8342852941176471,0.7818428
02HCB68111211Y87Y0013553,LFP_68Ah,LFP_68Ah,37.6917,27.074272,0.8047691176470588,0.78686225
02HCB68111211Y87Y0013903,LFP_68Ah,LFP_68Ah,39.9041,26.843153,0.8119000000000001,0.7868281
02HCB68111211Y87Y0009622,LFP_68Ah,LFP_68Ah,37.1305,26.345047,0.8424544117647059,0.78687096
02HCB68111211Y87Y0012947,LFP_68Ah,LFP_68Ah,39.5793,27.505396,0.8117617647058823,0.7847518
02HCB68111211Y87Y0003936,LFP_68Ah,LFP_68Ah,62.8233,57.558247,0.8382176470588236,0.76811934
02HCB68111211Y88D0005602,LFP_68Ah,LFP_68Ah,39.1172,25.33748,0.8460514705882353,0.78684664
02HCB68111211Y88E0004523,LFP_68Ah,LFP_68Ah,50.1764,30.05661,0.8356073529411765,0.78059095
02HCB68111211Y86V0003442,LFP_68Ah,LFP_68Ah,43.058,29.336922,0.6879132352941176,0.786909
02HCB68111211Y86X0009373,LFP_68Ah,LFP_68Ah,18.8014,18.92883,0.7169970588235294,0.7858162
02HCB68111211Y88E0004411,LFP_68Ah,LFP_68Ah,59.1842,54.170967,0.8248588235294118,0.76596856
02HCB68111211Y87Y0004508,LFP_68Ah,LFP_68Ah,75.0,59.27175,0.8487455882352941,0.7732265
02HCB68111211Y86M0004883,LFP_68Ah,LFP_68Ah,39.1115,27.284271,0.7269970588235294,0.78685987
02HCB68111211Y86L0005694,LFP_68Ah,LFP_68Ah,52.0063,39.419327,0.6864426470588235,0.7524899
02HCB68111211Y88E0004333,LFP_68Ah,LFP_68Ah,29.431,23.78634,0.8231911764705881,0.78671575
02HCB68111211Y87Y0007299,LFP_68Ah,LFP_68Ah,38.262,24.089989,0.8386073529411765,0.7868662
PIP15829A00209415,LMO_10Ah,LMO_10Ah,38.8252,41.446285,0.67015,0.68373823
PIP15D26A03261343,LMO_10Ah,LMO_10Ah,61.3405,76.35806,0.71626,0.7870343
PIP15D19A03280145,LMO_10Ah,LMO_26Ah,41.6439,43.15444,0.74285,0.8532846
PIP15D01A03241499,LMO_10Ah,LMO_26Ah,47.5273,46.449318,0.79292,0.8830974
PIP15N21A50200177,LMO_10Ah,LMO_10Ah,8.6173,4.7899117,0.87622,0.7016376
PIP15D25A03219538,LMO_10Ah,LMO_10Ah,26.4669,26.935556,0.8858900000000001,0.8635336
PIP15N26A01201901,LMO_10Ah,LMO_26Ah,30.3575,35.339314,0.87909,0.8830974
PIP15828A00213703,LMO_10Ah,LMO_10Ah,38.6217,45.128952,0.59307,0.66287637
PIP15D01A03221296,LMO_10Ah,LMO_10Ah,58.0204,59.60851,0.87905,0.8830974
PIP15N15A03208398,LMO_10Ah,LMO_10Ah,63.7579,63.30692,0.88277,0.7984862
PIP15N15A03208683,LMO_10Ah,LMO_10Ah,53.3811,53.845005,0.8700699999999999,0.8830974
PIP15D25A03243702,LMO_10Ah,LMO_10Ah,8.8585,6.2056313,0.8977299999999999,0.9007163
PIP15D26A03252860,LMO_10Ah,LMO_10Ah,50.482,49.900856,0.9214399999999999,0.8830974
PIP15D23A03282874,LMO_10Ah,LMO_10Ah,68.8352,58.528725,0.89416,0.8830974
PJP17601527003A007037,NMC_15Ah,NMC_15Ah,33.5103,35.43031,0.7527466666666667,0.7927916
PJP17930O01003A017268,NMC_15Ah,NMC_15Ah,52.0063,54.719658,0.75258,0.7890295
PJP17601527001A008674,NMC_15Ah,NMC_15Ah,35.3566,47.961163,0.7564933333333334,0.7930975
PJP17601529001A010983,NMC_15Ah,NMC_15Ah,19.9515,19.438568,0.7735933333333332,0.7843419
PJP17930O01001A011629,NMC_15Ah,NMC_15Ah,39.1115,40.825897,0.75428,0.79132897
PJP17601527001A008592,NMC_15Ah,NMC_15Ah,22.5881,22.772219,0.7639066666666667,0.78491074
PJP17601527002A007215,NMC_15Ah,NMC_15Ah,41.6439,41.834953,0.7767866666666666,0.7907006
PJP17601527003A007274,NMC_15Ah,NMC_15Ah,58.6931,64.042786,0.76566,0.8830974
PJP17601529001A003327,NMC_15Ah,NMC_15Ah,41.452,43.218945,0.7542866666666667,0.789769
PJP17601529001A001010,NMC_15Ah,NMC_15Ah,41.3203,43.437466,0.7656533333333333,0.89143705
PJP17930O01001A006207,NMC_15Ah,NMC_15Ah,37.1093,38.987236,0.7581,0.7924035
PJP17601527001A008438,NMC_15Ah,NMC_15Ah,65.0,68.07796,0.7541066666666667,0.7962314
PJP17601527003A009662,NMC_15Ah,NMC_15Ah,34.8354,36.235485,0.7714599999999999,0.79298055
PJP17930O01003A016647,NMC_15Ah,NMC_15Ah,41.6497,43.087425,0.75896,0.78980684
PJP17530529002A000337,NMC_15Ah,NMC_15Ah,57.0066,57.991974,0.7549399999999999,0.790099
PJP17601527003A009747,NMC_15Ah,NMC_15Ah,55.9235,56.183655,0.7671666666666667,0.7894932
PJP17601527001A012082,NMC_15Ah,NMC_15Ah,26.9765,26.74993,0.7630533333333334,0.7809081
PJP17930O01003A017730,NMC_15Ah,NMC_15Ah,8.3761,8.158035,0.7969666666666666,0.7797253
PJP17930O01003A018005,NMC_15Ah,NMC_15Ah,52.0704,51.17035,0.79294,0.78889894
02LCC02100101A87Y0026421,NMC_21Ah,NMC_21Ah,26.9765,28.63592,1.000052380952381,0.9874254
02LCC02100101A87Y0010168,NMC_21Ah,NMC_21Ah,34.3612,34.146854,1.0051,0.9870107
02LCC02100101A8BC0103482,NMC_21Ah,LMO_25Ah,8.135,9.8756695,0.7755,0.83466554
02LCC02100101A87Y0074479,NMC_21Ah,NMC_21Ah,43.8556,42.788372,0.9881190476190476,0.98633623
02LCC02100101A87Y0020833,NMC_21Ah,NMC_21Ah,41.3203,40.110138,0.9979714285714285,0.98655236
02LCC02100101A87Y0027455,NMC_21Ah,NMC_21Ah,70.0,68.22392,1.011161904761905,0.98445666
02LCC02100101A87Y0173907,NMC_21Ah,NMC_21Ah,55.9235,54.996765,1.006,0.98467124
02LCC02100101A87Y0177229,NMC_21Ah,NMC_21Ah,49.0491,48.226097,0.9903,0.9857799
02LCC02100101A87Y0175162,NMC_21Ah,NMC_21Ah,34.8354,34.0616,1.001404761904762,0.98702943
02LCC02100101A87Y0172641,NMC_21Ah,NMC_21Ah,21.8027,24.922365,1.004309523809524,0.9877901
A170530525010800027,LMO_24Ah,LMO_24Ah,75.0,7.1602917,0.7957208333333333,0.68740946
A170528511010800104,LMO_24Ah,NMC_21Ah,41.9541,43.142746,0.7689125,0.77443093
A170526507010800030,LMO_24Ah,NMC_15Ah,46.7917,47.886826,0.7420833333333333,0.7534007
A170622616030800696,LMO_24Ah,NMC_21Ah,9.0996,7.620061,1.095941666666667,0.9471426
A170527511010800595,LMO_24Ah,NMC_21Ah,20.5001,20.254768,0.7606625,0.7971097
A170531525010801074,LMO_24Ah,LMO_24Ah,44.7967,45.612827,0.802275,0.8830974
A170529511010800411,LMO_24Ah,LMO_24Ah,7.6527,18.949753,0.6376916666666667,0.69357353
A170528511010802245,LMO_24Ah,NMC_21Ah,36.6803,39.54135,0.74125,0.7434239
A170525507010800198,LMO_24Ah,LMO_24Ah,44.4627,43.57377,0.825625,0.81942
A170606528030800466,LMO_24Ah,LMO_24Ah,40.1289,44.97813,1.0524,1.0653019
A170529511010800365,LMO_24Ah,NMC_21Ah,31.8633,33.940937,0.7595833333333334,0.78056455
515092904916,LMO_25Ah,LMO_25Ah,27.7305,30.210003,0.629024,0.60626364
515092905212,LMO_25Ah,NMC_21Ah,50.482,48.698204,0.918516,0.8830974
515093002457,LMO_25Ah,LMO_25Ah,7.8938,8.699678,0.715284,0.7098849
516020603556,LMO_25Ah,LMO_25Ah,35.3767,41.309242,0.6442319999999999,0.60911316
515092904019,LMO_25Ah,LMO_25Ah,41.6439,41.435394,0.7791079999999999,0.81392086
515093000451,LMO_25Ah,LMO_25Ah,8.8585,10.15847,0.934832,0.8830974
515092901182,LMO_25Ah,LMO_25Ah,7.1704,18.67058,0.601472,0.8098233
515092904740,LMO_25Ah,LMO_25Ah,25.6641,25.914848,0.617416,0.62144905
515100100624,LMO_25Ah,LMO_25Ah,8.3761,9.587327,0.8321599999999999,0.7947509
515093001782,LMO_25Ah,LMO_25Ah,50.1002,56.446617,0.925024,0.9706565
515093002576,LMO_25Ah,NMC_21Ah,50.1557,57.74277,0.804024,0.8830974
515093000724,LMO_25Ah,LMO_25Ah,38.8252,42.299137,0.7228279999999999,0.7885927
515093002348,LMO_25Ah,LMO_25Ah,21.1016,16.788582,0.782636,0.8880297
515092501338,LMO_25Ah,LMO_25Ah,32.339,30.997826,0.590388,0.5752347
515092901199,LMO_25Ah,LMO_25Ah,27.5501,39.003845,0.422888,0.5749475
515093000605,LMO_25Ah,LMO_25Ah,35.9961,40.8813,0.8718319999999999,0.8830974
515100102065,LMO_25Ah,LMO_25Ah,8.6173,9.983025,0.886136,0.8450959
515093002646,LMO_25Ah,LMO_24Ah,70.0083,72.0257,0.88878,0.8830974
515100101320,LMO_25Ah,LMO_25Ah,75.0,68.98119,0.795436,0.7816213
515092904410,LMO_25Ah,NMC_21Ah,44.4627,51.48049,0.84136,0.88303566
515093001367,LMO_25Ah,NMC_21Ah,44.7967,57.492516,0.7882760000000001,0.8830974
515093004000,LMO_25Ah,LMO_25Ah,41.9541,44.529816,0.746968,0.81009984
515100100526,LMO_25Ah,LMO_25Ah,22.2517,30.08802,0.872804,0.9873034
515092904584,LMO_25Ah,NMC_21Ah,50.0064,58.47841,0.7854439999999999,0.87939525
515092905201,LMO_25Ah,NMC_21Ah,53.6027,53.12966,0.944636,0.8830974
H27734091053,LMO_26Ah,LMO_26Ah,8.3761,10.806131,0.8388307692307693,0.9577993
H27735178005,LMO_26Ah,LMO_26Ah,53.3811,63.4571,0.8490000000000001,0.9724498
H27733490499,LMO_26Ah,LMO_26Ah,70.0083,71.5162,0.8877884615384615,0.9646169
H27734592855,LMO_26Ah,LMO_26Ah,22.2517,24.006226,0.8586153846153847,0.8727304
H27734492478,LMO_26Ah,LMO_26Ah,90.0,85.48967,0.9984076923076923,0.9678649
H27733590292,LMO_26Ah,LMO_26Ah,38.0625,35.175125,0.9464884615384614,0.96294665
H27734676393,LMO_26Ah,LMO_26Ah,62.6027,65.51372,0.9604461538461538,0.97252065
H27735077206,LMO_26Ah,LMO_26Ah,71.0838,72.06718,0.9195923076923077,0.95469564
H27735176665,LMO_26Ah,LMO_26Ah,53.3246,50.73854,0.998203846153846,0.9718784
H27734291854,LMO_26Ah,LMO_26Ah,24.5519,24.737268,0.9923153846153846,0.9676517
H27734591085,LMO_26Ah,LMO_26Ah,42.3415,41.959045,0.9497769230769231,0.96765554
H27734491651,LMO_26Ah,LMO_26Ah,85.0,83.17327,0.9381923076923078,0.95317453
H27735076930,LMO_26Ah,LMO_26Ah,75.214,73.724106,0.9650538461538462,0.97072685
H27734691342,LMO_26Ah,LMO_26Ah,85.0,84.339165,0.9401923076923077,0.9625735
H27735177571,LMO_26Ah,LMO_26Ah,75.0,80.02351,0.8238038461538462,0.93170315
17号,LFP_35Ah,LFP_35Ah,40.8667,31.189037,0.8172685714285713,0.86126935
1号,LFP_35Ah,LFP_35Ah,41.452,26.215601,0.7431371428571428,0.786562
34号,LFP_35Ah,LFP_35Ah,38.5265,29.588013,0.8159685714285715,0.8604356
36号,LFP_35Ah,LFP_35Ah,32.1026,27.579025,0.88972,0.8612275
37号,LFP_35Ah,LFP_35Ah,33.7731,28.144604,0.88372,0.860793
53号,LFP_35Ah,LFP_35Ah,53.3916,38.71435,0.9176657142857142,0.8608281
8号,LFP_35Ah,LFP_35Ah,29.7969,26.952675,0.7810742857142857,0.8626909
9号,LFP_35Ah,LFP_35Ah,19.3077,18.310715,0.7772285714285714,0.86720026
02HCB68111211Y87Y0002979,LFP_68Ah,LFP_68Ah,21.1016,19.270117,0.8426367647058823,0.78576404
02HCB68111211Y88D0000337,LFP_68Ah,LFP_68Ah,44.7967,31.785023,0.8511661764705882,0.7827083
02HCB68111211Y88D0003997,LFP_68Ah,LFP_68Ah,18.1154,21.467346,0.6526647058823529,0.78556657
02HCB68111211Y87Y0011345,LFP_68Ah,LFP_68Ah,5.0,5.610722,0.8249632352941176,0.781621
02HCB68111211Y87Y0015653,LFP_68Ah,LFP_68Ah,48.7083,34.256508,0.7779485294117647,0.78661454
02HCB68111211Y86L0000199,LFP_68Ah,LFP_68Ah,32.5404,24.803932,0.7060573529411764,0.8409636
02HCB68111211Y86X0004792,LFP_68Ah,LFP_68Ah,31.8633,26.68048,0.7697308823529412,0.78660566
02HCB68111211Y87Y0015365,LFP_68Ah,LFP_68Ah,60.1373,26.742022,0.8225014705882353,0.75377095
02HCB68111211Y86S0005042,LFP_68Ah,LFP_68Ah,41.9839,28.617874,0.6715102941176471,0.7856559
02HCB68111211Y88D0003294,LFP_68Ah,LFP_68Ah,46.8445,29.739563,0.8352544117647058,0.74264663
02HCB68111211Y88E0004340,LFP_68Ah,LFP_68Ah,44.1142,35.4273,0.8342852941176471,0.78660536
02HCB68111211Y87Y0013553,LFP_68Ah,LFP_68Ah,37.6917,29.421635,0.8047691176470588,0.78660905
02HCB68111211Y87Y0013903,LFP_68Ah,LFP_68Ah,39.9041,29.69573,0.8119000000000001,0.78657424
02HCB68111211Y87Y0009622,LFP_68Ah,LFP_68Ah,37.1305,27.7352,0.8424544117647059,0.78568447
02HCB68111211Y87Y0012947,LFP_68Ah,LFP_68Ah,39.5793,30.064964,0.8117617647058823,0.7712637
02HCB68111211Y87Y0003936,LFP_68Ah,LFP_68Ah,62.8233,59.10736,0.8382176470588236,0.7702733
02HCB68111211Y88D0005602,LFP_68Ah,LFP_68Ah,39.1172,27.805542,0.8460514705882353,0.7866143
02HCB68111211Y88E0004523,LFP_68Ah,LFP_68Ah,50.1764,37.82552,0.8356073529411765,0.7772745
02HCB68111211Y86V0003442,LFP_68Ah,LFP_68Ah,43.058,33.049145,0.6879132352941176,0.78664494
02HCB68111211Y86X0009373,LFP_68Ah,LFP_68Ah,18.8014,19.030304,0.7169970588235294,0.78557587
02HCB68111211Y88E0004411,LFP_68Ah,LFP_68Ah,59.1842,56.71699,0.8248588235294118,0.7636441
02HCB68111211Y87Y0004508,LFP_68Ah,LFP_68Ah,75.0,64.001144,0.8487455882352941,0.7749213
02HCB68111211Y86M0004883,LFP_68Ah,LFP_68Ah,39.1115,30.860758,0.7269970588235294,0.7866105
02HCB68111211Y86L0005694,LFP_68Ah,LFP_68Ah,52.0063,48.30275,0.6864426470588235,0.78676987
02HCB68111211Y88E0004333,LFP_68Ah,LFP_68Ah,29.431,24.808067,0.8231911764705881,0.78647023
02HCB68111211Y87Y0007299,LFP_68Ah,LFP_68Ah,38.262,26.184294,0.8386073529411765,0.7808536
PIP15829A00209415,LMO_10Ah,LMO_10Ah,38.8252,40.562424,0.67015,0.67536503
PIP15D26A03261343,LMO_10Ah,LMO_26Ah,61.3405,77.93536,0.71626,0.78216004
PIP15D19A03280145,LMO_10Ah,LMO_26Ah,41.6439,42.625412,0.74285,0.81955254
PIP15D01A03241499,LMO_10Ah,LMO_26Ah,47.5273,45.827984,0.79292,0.8687107
PIP15N21A50200177,LMO_10Ah,LMO_10Ah,8.6173,4.7715607,0.87622,0.7166027
PIP15D25A03219538,LMO_10Ah,LMO_10Ah,26.4669,47.382362,0.8858900000000001,0.77601975
PIP15N26A01201901,LMO_10Ah,LMO_26Ah,30.3575,33.536575,0.87909,0.86951435
PIP15828A00213703,LMO_10Ah,LMO_10Ah,38.6217,44.563263,0.59307,0.6223786
PIP15D01A03221296,LMO_10Ah,LMO_10Ah,58.0204,59.491745,0.87905,0.8830974
PIP15N15A03208398,LMO_10Ah,LMO_10Ah,63.7579,64.67679,0.88277,0.8830974
PIP15N15A03208683,LMO_10Ah,LMO_10Ah,53.3811,53.06411,0.8700699999999999,0.8830974
PIP15D25A03243702,LMO_10Ah,LMO_10Ah,8.8585,6.21639,0.8977299999999999,0.90411246
PIP15D26A03252860,LMO_10Ah,LMO_10Ah,50.482,49.63584,0.9214399999999999,0.8830974
PIP15D23A03282874,LMO_10Ah,LMO_10Ah,68.8352,69.966934,0.89416,0.8830974
PJP17601527003A007037,NMC_15Ah,NMC_15Ah,33.5103,34.87249,0.7527466666666667,0.7931782
PJP17930O01003A017268,NMC_15Ah,NMC_15Ah,52.0063,54.04848,0.75258,0.7890758
PJP17601527001A008674,NMC_15Ah,NMC_15Ah,35.3566,42.74243,0.7564933333333334,0.7932951
PJP17601529001A010983,NMC_15Ah,NMC_15Ah,19.9515,19.145046,0.7735933333333332,0.78465426
PJP17930O01001A011629,NMC_15Ah,NMC_15Ah,39.1115,40.44352,0.75428,0.79133856
PJP17601527001A008592,NMC_15Ah,NMC_15Ah,22.5881,22.614931,0.7639066666666667,0.7850462
PJP17601527002A007215,NMC_15Ah,NMC_15Ah,41.6439,41.509636,0.7767866666666666,0.79072094
PJP17601527003A007274,NMC_15Ah,NMC_15Ah,58.6931,58.98226,0.76566,0.7902411
PJP17601529001A003327,NMC_15Ah,NMC_15Ah,41.452,42.820663,0.7542866666666667,0.78978664
PJP17601529001A001010,NMC_15Ah,NMC_15Ah,41.3203,42.099808,0.7656533333333333,0.79036015
PJP17930O01001A006207,NMC_15Ah,NMC_15Ah,37.1093,38.382065,0.7581,0.7924033
PJP17601527001A008438,NMC_15Ah,NMC_15Ah,65.0,67.81377,0.7541066666666667,0.79478294
PJP17601527003A009662,NMC_15Ah,NMC_15Ah,34.8354,37.780632,0.7714599999999999,0.92849416
PJP17930O01003A016647,NMC_15Ah,NMC_15Ah,41.6497,42.89362,0.75896,0.78982615
PJP17530529002A000337,NMC_15Ah,NMC_15Ah,57.0066,57.30188,0.7549399999999999,0.79013354
PJP17601527003A009747,NMC_15Ah,NMC_15Ah,55.9235,55.563087,0.7671666666666667,0.7895253
PJP17601527001A012082,NMC_15Ah,NMC_15Ah,26.9765,26.286163,0.7630533333333334,0.78139067
PJP17930O01003A017730,NMC_15Ah,LFP_35Ah,8.3761,8.418654,0.7969666666666666,0.77978384
PJP17930O01003A018005,NMC_15Ah,NMC_15Ah,52.0704,50.408188,0.79294,0.78892815
02LCC02100101A87Y0026421,NMC_21Ah,NMC_21Ah,26.9765,28.650995,1.000052380952381,0.9874254
02LCC02100101A87Y0010168,NMC_21Ah,NMC_21Ah,34.3612,33.77603,1.0051,0.9870149
02LCC02100101A8BC0103482,NMC_21Ah,LMO_25Ah,8.135,10.107267,0.7755,0.8488387
02LCC02100101A87Y0074479,NMC_21Ah,NMC_21Ah,43.8556,42.363205,0.9881190476190476,0.9863414
02LCC02100101A87Y0020833,NMC_21Ah,NMC_21Ah,41.3203,39.705074,0.9979714285714285,0.98655236
02LCC02100101A87Y0027455,NMC_21Ah,NMC_21Ah,70.0,68.21625,1.011161904761905,0.98447216
02LCC02100101A87Y0173907,NMC_21Ah,NMC_21Ah,55.9235,54.8161,1.006,0.98465383
02LCC02100101A87Y0177229,NMC_21Ah,LMO_25Ah,49.0491,47.91052,0.9903,0.9857799
02LCC02100101A87Y0175162,NMC_21Ah,NMC_21Ah,34.8354,33.69172,1.001404761904762,0.98702943
02LCC02100101A87Y0172641,NMC_21Ah,NMC_21Ah,21.8027,25.264664,1.004309523809524,0.98778397
A170530525010800027,LMO_24Ah,LMO_24Ah,75.0,7.398592,0.7957208333333333,0.71110827
A170528511010800104,LMO_24Ah,NMC_21Ah,41.9541,41.978607,0.7689125,0.780341
A170526507010800030,LMO_24Ah,NMC_21Ah,46.7917,45.492683,0.7420833333333333,0.80223584
A170622616030800696,LMO_24Ah,NMC_21Ah,9.0996,7.415413,1.095941666666667,0.8950752
A170527511010800595,LMO_24Ah,NMC_21Ah,20.5001,20.123209,0.7606625,0.79340196
A170531525010801074,LMO_24Ah,LMO_24Ah,44.7967,44.77933,0.802275,0.8573077
A170529511010800411,LMO_24Ah,LMO_24Ah,7.6527,20.728668,0.6376916666666667,0.6681336
A170528511010802245,LMO_24Ah,NMC_21Ah,36.6803,38.43187,0.74125,0.7943238
A170525507010800198,LMO_24Ah,LMO_24Ah,44.4627,43.085854,0.825625,0.8422675
A170606528030800466,LMO_24Ah,LMO_24Ah,40.1289,44.44001,1.0524,1.0500035
A170529511010800365,LMO_24Ah,NMC_21Ah,31.8633,32.701035,0.7595833333333334,0.8072244
515092904916,LMO_25Ah,LMO_25Ah,27.7305,29.174183,0.629024,0.6154896
515092905212,LMO_25Ah,NMC_21Ah,50.482,49.64919,0.918516,0.8830974
515093002457,LMO_25Ah,LMO_25Ah,7.8938,17.575247,0.715284,0.73211265
516020603556,LMO_25Ah,LMO_25Ah,35.3767,40.230354,0.6442319999999999,0.6406801
515092904019,LMO_25Ah,LMO_25Ah,41.6439,39.394955,0.7791079999999999,0.7960592
515093000451,LMO_25Ah,LMO_25Ah,8.8585,10.857212,0.934832,0.8830974
515092901182,LMO_25Ah,LMO_25Ah,7.1704,11.459627,0.601472,0.7325884
515092904740,LMO_25Ah,LMO_25Ah,25.6641,24.904858,0.617416,0.6695299
515100100624,LMO_25Ah,LMO_25Ah,8.3761,9.594524,0.8321599999999999,0.76776886
515093001782,LMO_25Ah,LMO_25Ah,50.1002,51.63068,0.925024,0.8830974
515093002576,LMO_25Ah,LMO_25Ah,50.1557,57.02862,0.804024,0.84424865
515093000724,LMO_25Ah,LMO_25Ah,38.8252,33.43038,0.7228279999999999,0.72808784
515093002348,LMO_25Ah,LMO_25Ah,21.1016,16.11713,0.782636,0.6573362
515092501338,LMO_25Ah,LMO_25Ah,32.339,29.610863,0.590388,0.5752176
515092901199,LMO_25Ah,LMO_25Ah,27.5501,38.601635,0.422888,0.57676643
515093000605,LMO_25Ah,LMO_25Ah,35.9961,39.00019,0.8718319999999999,0.8830974
515100102065,LMO_25Ah,LMO_25Ah,8.6173,10.09298,0.886136,0.84006095
515093002646,LMO_25Ah,LMO_25Ah,70.0083,71.50863,0.88878,0.8830974
515100101320,LMO_25Ah,LMO_25Ah,75.0,67.33495,0.795436,0.8546269
515092904410,LMO_25Ah,NMC_21Ah,44.4627,50.118618,0.84136,0.8830974
515093001367,LMO_25Ah,LMO_25Ah,44.7967,56.261024,0.7882760000000001,0.7919297
515093004000,LMO_25Ah,LMO_25Ah,41.9541,43.005684,0.746968,0.7644251
515100100526,LMO_25Ah,LMO_25Ah,22.2517,25.402826,0.872804,0.8830974
515092904584,LMO_25Ah,LMO_25Ah,50.0064,56.756508,0.7854439999999999,0.83299655
515092905201,LMO_25Ah,LMO_24Ah,53.6027,53.90251,0.944636,0.8830974
H27734091053,LMO_26Ah,LMO_26Ah,8.3761,29.956175,0.8388307692307693,0.8795829
H27735178005,LMO_26Ah,LMO_26Ah,53.3811,62.80353,0.8490000000000001,0.972481
H27733490499,LMO_26Ah,LMO_26Ah,70.0083,69.66019,0.8877884615384615,0.9321245
H27734592855,LMO_26Ah,LMO_26Ah,22.2517,23.393194,0.8586153846153847,0.87115
H27734492478,LMO_26Ah,LMO_26Ah,90.0,84.485695,0.9984076923076923,0.9681704
H27733590292,LMO_26Ah,LMO_26Ah,38.0625,34.154182,0.9464884615384614,0.9426269
H27734676393,LMO_26Ah,LMO_26Ah,62.6027,64.97809,0.9604461538461538,0.9725612
H27735077206,LMO_26Ah,LMO_26Ah,71.0838,70.28581,0.9195923076923077,0.9451596
H27735176665,LMO_26Ah,LMO_26Ah,53.3246,49.530365,0.998203846153846,0.9722003
H27734291854,LMO_26Ah,LMO_26Ah,24.5519,23.81259,0.9923153846153846,0.9659245
H27734591085,LMO_26Ah,LMO_26Ah,42.3415,40.648666,0.9497769230769231,0.9600948
H27734491651,LMO_26Ah,LMO_26Ah,85.0,81.87807,0.9381923076923078,0.96865594
H27735076930,LMO_26Ah,LMO_26Ah,75.214,73.084885,0.9650538461538462,0.97082686
H27734691342,LMO_26Ah,LMO_26Ah,85.0,82.900314,0.9401923076923077,0.9683682
H27735177571,LMO_26Ah,LMO_26Ah,75.0,77.742905,0.8238038461538462,0.9523443
17号,LFP_35Ah,LFP_35Ah,40.8667,33.028732,0.8172685714285713,0.86081165
1号,LFP_35Ah,LFP_35Ah,41.452,32.91723,0.7431371428571428,0.860505
34号,LFP_35Ah,LFP_35Ah,38.5265,30.761608,0.8159685714285715,0.860006
36号,LFP_35Ah,LFP_35Ah,32.1026,28.05431,0.88972,0.86091566
37号,LFP_35Ah,LFP_35Ah,33.7731,28.40044,0.88372,0.8604325
53号,LFP_35Ah,LFP_35Ah,53.3916,41.31624,0.9176657142857142,0.8603061
8号,LFP_35Ah,LFP_35Ah,29.7969,27.152403,0.7810742857142857,0.86260664
9号,LFP_35Ah,LFP_35Ah,19.3077,19.221453,0.7772285714285714,0.867452
02HCB68111211Y87Y0002979,LFP_68Ah,LFP_68Ah,21.1016,19.44879,0.8426367647058823,0.785539
02HCB68111211Y88D0000337,LFP_68Ah,LFP_68Ah,44.7967,34.360077,0.8511661764705882,0.78637195
02HCB68111211Y88D0003997,LFP_68Ah,LFP_68Ah,18.1154,21.992886,0.6526647058823529,0.78528494
02HCB68111211Y87Y0011345,LFP_68Ah,LFP_68Ah,5.0,5.5674286,0.8249632352941176,0.78126216
02HCB68111211Y87Y0015653,LFP_68Ah,LFP_68Ah,48.7083,36.87203,0.7779485294117647,0.78635454
02HCB68111211Y86L0000199,LFP_68Ah,LFP_68Ah,32.5404,29.097153,0.7060573529411764,0.7863549
02HCB68111211Y86X0004792,LFP_68Ah,LFP_68Ah,31.8633,26.408012,0.7697308823529412,0.786407
02HCB68111211Y87Y0015365,LFP_68Ah,LFP_68Ah,60.1373,55.299225,0.8225014705882353,0.7516271
02HCB68111211Y86S0005042,LFP_68Ah,LFP_68Ah,41.9839,35.673172,0.6715102941176471,0.7838346
02HCB68111211Y88D0003294,LFP_68Ah,LFP_68Ah,46.8445,37.014732,0.8352544117647058,0.7823354
02HCB68111211Y88E0004340,LFP_68Ah,LFP_68Ah,44.1142,37.406536,0.8342852941176471,0.78635263
02HCB68111211Y87Y0013553,LFP_68Ah,LFP_68Ah,37.6917,30.047043,0.8047691176470588,0.7863756
02HCB68111211Y87Y0013903,LFP_68Ah,LFP_68Ah,39.9041,31.014488,0.8119000000000001,0.7863528
02HCB68111211Y87Y0009622,LFP_68Ah,LFP_68Ah,37.1305,19.892221,0.8424544117647059,0.78827894
02HCB68111211Y87Y0012947,LFP_68Ah,LFP_68Ah,39.5793,27.274899,0.8117617647058823,0.8017653
02HCB68111211Y87Y0003936,LFP_68Ah,LFP_68Ah,62.8233,60.668037,0.8382176470588236,0.7678599
02HCB68111211Y88D0005602,LFP_68Ah,LFP_68Ah,39.1172,29.976723,0.8460514705882353,0.78565884
02HCB68111211Y88E0004523,LFP_68Ah,LFP_68Ah,50.1764,36.30321,0.8356073529411765,0.7445145
02HCB68111211Y86V0003442,LFP_68Ah,LFP_68Ah,43.058,34.95172,0.6879132352941176,0.78638923
02HCB68111211Y86X0009373,LFP_68Ah,LFP_68Ah,18.8014,19.102242,0.7169970588235294,0.78536206
02HCB68111211Y88E0004411,LFP_68Ah,LFP_68Ah,59.1842,55.68571,0.8248588235294118,0.7771162
02HCB68111211Y87Y0004508,LFP_68Ah,LFP_68Ah,75.0,66.87774,0.8487455882352941,0.7692653
02HCB68111211Y86M0004883,LFP_68Ah,LFP_68Ah,39.1115,32.213768,0.7269970588235294,0.78143
02HCB68111211Y86L0005694,LFP_68Ah,LFP_68Ah,52.0063,50.647446,0.6864426470588235,0.75645715
02HCB68111211Y88E0004333,LFP_68Ah,LFP_68Ah,29.431,24.952488,0.8231911764705881,0.786258
02HCB68111211Y87Y0007299,LFP_68Ah,LFP_68Ah,38.262,26.574501,0.8386073529411765,0.78642297
